Price,Close,High,Low,Open,Volume
Ticker,ADVM,ADVM,ADVM,ADVM,ADVM
Date,,,,,
2020-01-28,106.69999694824219,113.9000015258789,105.5,113.69999694824219,69450
2020-01-29,108.0999984741211,110.0,106.5,107.4000015258789,46870
2020-01-30,103.9000015258789,108.5999984741211,102.30000305175781,107.5,77780
2020-01-31,98.69999694824219,104.0999984741211,97.75,103.30000305175781,75830
2020-02-03,101.80000305175781,102.30000305175781,98.1500015258789,98.5,64600
2020-02-04,107.19999694824219,107.9000015258789,102.30000305175781,104.19999694824219,102290
2020-02-05,108.0,111.80000305175781,105.69999694824219,108.19999694824219,62380
2020-02-06,109.44999694824219,113.9000015258789,107.5999984741211,109.5,95950
2020-02-07,102.4000015258789,111.9000015258789,99.69999694824219,109.5,70410
2020-02-10,120.5,142.89999389648438,108.80000305175781,120.0,922190
2020-02-11,143.5500030517578,147.5,111.80000305175781,112.0,649190
2020-02-12,150.5,155.39999389648438,142.5,149.1999969482422,477670
2020-02-13,152.6999969482422,155.60000610351562,146.5,148.5,143180
2020-02-14,157.89999389648438,158.5,151.39999389648438,152.0,131310
2020-02-18,163.14999389648438,167.89999389648438,156.1999969482422,159.8000030517578,222930
2020-02-19,161.89999389648438,168.10000610351562,159.89999389648438,165.39999389648438,128910
2020-02-20,157.5,164.5,157.1999969482422,161.5,83700
2020-02-21,148.4499969482422,157.0,146.8000030517578,157.0,131290
2020-02-24,137.5500030517578,145.0,133.89999389648438,143.1999969482422,170210
2020-02-25,131.5,142.10000610351562,129.6999969482422,137.5,133420
2020-02-26,129.10000610351562,134.8000030517578,126.0999984741211,132.0,154660
2020-02-27,124.5999984741211,131.10000610351562,119.0999984741211,125.30000305175781,155870
2020-02-28,123.0999984741211,127.0,115.9000015258789,118.9000015258789,181210
2020-03-02,131.39999389648438,132.89999389648438,120.5,125.0,164060
2020-03-03,127.80000305175781,135.5,124.5999984741211,130.8000030517578,139220
2020-03-04,130.6999969482422,134.10000610351562,127.69999694824219,129.5,81660
2020-03-05,133.0,136.39999389648438,124.0,126.0999984741211,88480
2020-03-06,118.69999694824219,132.89999389648438,106.19999694824219,128.1999969482422,228290
2020-03-09,100.0999984741211,116.19999694824219,97.80000305175781,110.0,184040
2020-03-10,102.0999984741211,105.80000305175781,95.0999984741211,104.0999984741211,171360
2020-03-11,92.5999984741211,103.0,87.9000015258789,98.80000305175781,152480
2020-03-12,79.80000305175781,87.0999984741211,73.5999984741211,83.5999984741211,197520
2020-03-13,103.30000305175781,110.5,78.19999694824219,80.19999694824219,276810
2020-03-16,89.69999694824219,98.0,85.5,89.30000305175781,193960
2020-03-17,87.69999694824219,100.30000305175781,81.3499984741211,91.4000015258789,274190
2020-03-18,82.5999984741211,88.69999694824219,74.30000305175781,80.0999984741211,149020
2020-03-19,93.5999984741211,95.9000015258789,81.80000305175781,82.19999694824219,244610
2020-03-20,105.0,109.5,95.19999694824219,95.4000015258789,350800
2020-03-23,103.80000305175781,112.5999984741211,93.80000305175781,106.5999984741211,140810
2020-03-24,112.19999694824219,112.80000305175781,96.9000015258789,110.19999694824219,108560
2020-03-25,110.69999694824219,118.05000305175781,104.30000305175781,112.80000305175781,105270
2020-03-26,120.9000015258789,122.0999984741211,108.5999984741211,110.5,111060
2020-03-27,114.30000305175781,120.80000305175781,113.0999984741211,117.0,67840
2020-03-30,109.9000015258789,119.0999984741211,106.80000305175781,116.0,63400
2020-03-31,97.69999694824219,112.3499984741211,95.05999755859375,109.5,144720
2020-04-01,87.4000015258789,102.0999984741211,86.69999694824219,93.0,133670
2020-04-02,85.30000305175781,88.69999694824219,82.69999694824219,86.69999694824219,114910
2020-04-03,89.5,90.5999984741211,83.0999984741211,84.0999984741211,106710
2020-04-06,99.69999694824219,100.30000305175781,93.80000305175781,94.9000015258789,71210
2020-04-07,98.5999984741211,105.9000015258789,92.19999694824219,103.9000015258789,90200
2020-04-08,107.30000305175781,108.30000305175781,93.80000305175781,100.0,103770
2020-04-09,111.5999984741211,113.80000305175781,101.30000305175781,109.69999694824219,161340
2020-04-13,110.19999694824219,113.3499984741211,107.19999694824219,111.4000015258789,93830
2020-04-14,117.5999984741211,118.5,111.5999984741211,113.9000015258789,114310
2020-04-15,111.5999984741211,115.30000305175781,108.19999694824219,115.30000305175781,81690
2020-04-16,116.19999694824219,116.30000305175781,109.30000305175781,112.0999984741211,69640
2020-04-17,129.10000610351562,129.5,118.0,119.0999984741211,159470
2020-04-20,140.60000610351562,144.1999969482422,122.5999984741211,127.0,170080
2020-04-21,124.30000305175781,140.1999969482422,123.0999984741211,136.5,136490
2020-04-22,125.5999984741211,131.0,121.5,128.10000610351562,92810
2020-04-23,125.0,129.1999969482422,122.80000305175781,125.0,82420
2020-04-24,129.60000610351562,129.6999969482422,122.6500015258789,125.0,82510
2020-04-27,125.0,135.0,121.31999969482422,131.5,117890
2020-04-28,121.5999984741211,134.89999389648438,120.80000305175781,133.89999389648438,73570
2020-04-29,130.60000610351562,132.5,121.5,125.4000015258789,104210
2020-04-30,118.5,128.5800018310547,118.0,128.3000030517578,64730
2020-05-01,120.0,120.30000305175781,111.5,115.4000015258789,86740
2020-05-04,137.3000030517578,137.5,117.19999694824219,120.4000015258789,158080
2020-05-05,189.9499969482422,192.3000030517578,161.5,163.60000610351562,649900
2020-05-06,204.5,237.89999389648438,187.9499969482422,190.60000610351562,726470
2020-05-07,197.0,211.10000610351562,193.60000610351562,205.39999389648438,177160
2020-05-08,195.89999389648438,204.1999969482422,193.6999969482422,200.5,104060
2020-05-11,198.0,202.10000610351562,191.3000030517578,193.8000030517578,107700
2020-05-12,188.10000610351562,200.6999969482422,187.8000030517578,197.5,124380
2020-05-13,174.0,198.50999450683594,170.5,197.39999389648438,131100
2020-05-14,171.89999389648438,176.3000030517578,166.10000610351562,170.10000610351562,110800
2020-05-15,181.0,183.3000030517578,167.3000030517578,174.1999969482422,92600
2020-05-18,179.89999389648438,193.5,175.89999389648438,192.08999633789062,112990
2020-05-19,189.1999969482422,198.0,179.1999969482422,179.8000030517578,91050
2020-05-20,199.1999969482422,200.5,187.1999969482422,193.6999969482422,107890
2020-05-21,203.8000030517578,208.3000030517578,190.39999389648438,199.8000030517578,88970
2020-05-22,205.60000610351562,206.1999969482422,193.5,201.5,57430
2020-05-26,204.39999389648438,221.89999389648438,203.0,208.0,103500
2020-05-27,210.1999969482422,211.39999389648438,188.1999969482422,205.3000030517578,80240
2020-05-28,203.1999969482422,219.3000030517578,202.1999969482422,210.0,88600
2020-05-29,206.3000030517578,208.3000030517578,165.5,194.60000610351562,197350
2020-06-01,212.64999389648438,214.89999389648438,202.61000061035156,204.5,86990
2020-06-02,211.1999969482422,213.0,193.5,210.89999389648438,88360
2020-06-03,208.60000610351562,215.8000030517578,208.3000030517578,213.6999969482422,59800
2020-06-04,202.6999969482422,213.6999969482422,201.3000030517578,206.8000030517578,63940
2020-06-05,226.64999389648438,226.89999389648438,201.60000610351562,206.6999969482422,121100
2020-06-08,228.8000030517578,232.8000030517578,224.0,228.89999389648438,92330
2020-06-09,234.3000030517578,236.0,226.5,226.5,85990
2020-06-10,238.6999969482422,243.8000030517578,230.60000610351562,236.10000610351562,99470
2020-06-11,213.1999969482422,231.6999969482422,210.83999633789062,229.6999969482422,138320
2020-06-12,213.10000610351562,227.5,205.0,216.5,107650
2020-06-15,237.0,238.0,205.0,212.3000030517578,105360
2020-06-16,243.3000030517578,250.0,232.0,246.8000030517578,127630
2020-06-17,243.60000610351562,250.5,239.10000610351562,244.89999389648438,111590
2020-06-18,243.10000610351562,251.39999389648438,237.3000030517578,241.6999969482422,96880
2020-06-19,246.3000030517578,248.10000610351562,239.10000610351562,244.60000610351562,211180
2020-06-22,256.29998779296875,260.79998779296875,239.0,247.5,161140
2020-06-23,256.3999938964844,269.79998779296875,255.89999389648438,261.8999938964844,128550
2020-06-24,239.10000610351562,256.70001220703125,236.0,253.10000610351562,63730
2020-06-25,233.1999969482422,246.89999389648438,230.39999389648438,240.5,118670
2020-06-26,189.5,242.5,186.60000610351562,236.0,557060
2020-06-29,206.89999389648438,211.39999389648438,193.72999572753906,195.5,201280
2020-06-30,208.8000030517578,209.6999969482422,188.1999969482422,206.3000030517578,168360
2020-07-01,210.8000030517578,217.10000610351562,206.10000610351562,210.39999389648438,89410
2020-07-02,208.1999969482422,214.6999969482422,204.6999969482422,214.39999389648438,48470
2020-07-06,204.60000610351562,212.8000030517578,204.10000610351562,212.1999969482422,80010
2020-07-07,204.8000030517578,213.60000610351562,202.0,204.5,60050
2020-07-08,216.39999389648438,219.1999969482422,206.8000030517578,211.60000610351562,84080
2020-07-09,211.3000030517578,217.6999969482422,206.6999969482422,216.1999969482422,44460
2020-07-10,198.8000030517578,211.89999389648438,197.39999389648438,210.6999969482422,104230
2020-07-13,182.8000030517578,208.5,182.0,200.0,180950
2020-07-14,184.1999969482422,185.6999969482422,176.10000610351562,179.10000610351562,153590
2020-07-15,180.8000030517578,192.39999389648438,179.3000030517578,190.5,89010
2020-07-16,175.3000030517578,179.89999389648438,173.0,179.10000610351562,144900
2020-07-17,182.89999389648438,186.39999389648438,174.3000030517578,175.3000030517578,102220
2020-07-20,173.8000030517578,184.75999450683594,172.3000030517578,181.0,85700
2020-07-21,167.8000030517578,177.5,165.89999389648438,172.39999389648438,106920
2020-07-22,173.8000030517578,177.0,168.6999969482422,168.6999969482422,83680
2020-07-23,172.6999969482422,178.8000030517578,170.8000030517578,171.89999389648438,80660
2020-07-24,172.10000610351562,174.89999389648438,166.0,172.0,73750
2020-07-27,176.39999389648438,176.6999969482422,167.5,173.6999969482422,122420
2020-07-28,166.5,176.10000610351562,165.89999389648438,176.10000610351562,73020
2020-07-29,168.5,171.0,165.3000030517578,166.89999389648438,65030
2020-07-30,176.60000610351562,178.3000030517578,165.3000030517578,165.8000030517578,68540
2020-07-31,167.6999969482422,177.39999389648438,165.5,177.39999389648438,110720
2020-08-03,178.8000030517578,180.64999389648438,167.10000610351562,168.0,115250
2020-08-04,176.39999389648438,180.3000030517578,173.8000030517578,179.0,56040
2020-08-05,182.0,183.6999969482422,176.10000610351562,179.10000610351562,46390
2020-08-06,177.89999389648438,185.89999389648438,176.6999969482422,181.8000030517578,32910
2020-08-07,184.60000610351562,192.5,177.6999969482422,177.6999969482422,60120
2020-08-10,187.0,188.5,180.10000610351562,184.8000030517578,74880
2020-08-11,155.89999389648438,187.1999969482422,155.60000610351562,187.1999969482422,222620
2020-08-12,149.0,159.7100067138672,133.60000610351562,149.3000030517578,217340
2020-08-13,125.0999984741211,131.3000030517578,117.5,128.5,1090690
2020-08-14,132.89999389648438,135.10000610351562,126.0999984741211,126.4000015258789,311800
2020-08-17,137.0,137.10000610351562,132.1999969482422,132.60000610351562,138020
2020-08-18,135.3000030517578,137.89999389648438,130.10000610351562,137.89999389648438,104200
2020-08-19,130.10000610351562,136.89999389648438,128.10000610351562,135.0,164880
2020-08-20,131.5,137.7899932861328,130.0500030517578,134.39999389648438,182520
2020-08-21,129.6999969482422,133.60000610351562,127.5999984741211,131.6999969482422,113270
2020-08-24,125.0,130.1999969482422,124.5,129.39999389648438,168410
2020-08-25,129.10000610351562,129.5,122.55000305175781,124.19999694824219,104600
2020-08-26,123.0999984741211,128.39999389648438,121.4000015258789,127.12999725341797,81940
2020-08-27,119.5999984741211,123.4000015258789,118.19999694824219,121.9000015258789,107930
2020-08-28,119.9000015258789,120.5999984741211,115.0,119.69999694824219,77450
2020-08-31,122.0,122.80000305175781,116.5999984741211,119.30000305175781,153790
2020-09-01,119.5,122.4000015258789,118.5999984741211,121.80000305175781,65530
2020-09-02,123.0999984741211,123.19000244140625,118.9800033569336,119.0,51170
2020-09-03,119.5,122.9000015258789,116.30000305175781,120.9000015258789,97090
2020-09-04,116.0999984741211,120.5,110.0,118.5,76930
2020-09-08,117.0,119.5,112.0,114.0,75990
2020-09-09,119.19999694824219,121.44999694824219,117.87999725341797,119.30000305175781,191670
2020-09-10,115.80000305175781,122.30000305175781,115.25,119.4000015258789,95530
2020-09-11,118.9000015258789,122.9000015258789,116.4000015258789,117.4000015258789,148950
2020-09-14,127.0,129.0,120.9000015258789,120.9000015258789,108270
2020-09-15,128.3000030517578,131.3000030517578,127.0999984741211,128.6999969482422,71160
2020-09-16,128.5,133.10000610351562,127.4000015258789,129.5,66770
2020-09-17,128.3000030517578,129.60000610351562,123.80000305175781,125.5,34290
2020-09-18,123.80000305175781,130.8000030517578,120.69999694824219,130.10000610351562,673590
2020-09-21,115.4000015258789,120.30000305175781,114.25,120.0999984741211,152210
2020-09-22,118.69999694824219,119.69999694824219,114.44999694824219,115.9000015258789,155370
2020-09-23,112.69999694824219,118.19999694824219,112.4000015258789,116.9000015258789,90630
2020-09-24,105.0,112.4000015258789,102.9000015258789,111.5999984741211,154390
2020-09-25,108.0999984741211,109.0999984741211,104.30000305175781,104.30000305175781,166350
2020-09-28,103.4000015258789,109.80000305175781,101.9000015258789,109.80000305175781,76090
2020-09-29,104.5,106.19999694824219,101.5999984741211,102.80000305175781,70680
2020-09-30,103.0,105.19999694824219,101.0,104.4000015258789,132230
2020-10-01,105.19999694824219,108.9000015258789,102.1500015258789,106.19999694824219,124890
2020-10-02,98.4000015258789,104.19999694824219,98.30000305175781,102.5,83240
2020-10-05,107.30000305175781,109.30000305175781,99.19999694824219,99.19999694824219,103570
2020-10-06,103.5,108.5999984741211,102.9000015258789,107.30000305175781,53110
2020-10-07,109.9000015258789,111.69999694824219,103.80000305175781,103.80000305175781,71400
2020-10-08,110.5999984741211,112.5,107.80000305175781,112.5,57830
2020-10-09,111.4000015258789,113.69999694824219,110.0,112.19999694824219,55220
2020-10-12,112.5,113.19999694824219,109.0,112.80000305175781,43070
2020-10-13,117.0999984741211,118.19999694824219,112.4000015258789,112.4000015258789,106770
2020-10-14,118.5999984741211,121.0,114.4000015258789,117.30000305175781,139910
2020-10-15,120.5999984741211,121.0999984741211,114.5,116.30000305175781,123710
2020-10-16,123.30000305175781,125.80000305175781,120.0,120.5,77080
2020-10-19,115.5999984741211,125.19999694824219,114.80000305175781,125.19999694824219,80960
2020-10-20,116.69999694824219,119.41000366210938,115.30000305175781,116.5999984741211,54440
2020-10-21,116.80000305175781,118.30000305175781,112.80000305175781,117.0,69000
2020-10-22,122.9000015258789,124.69999694824219,117.6500015258789,117.9000015258789,72360
2020-10-23,123.5999984741211,125.80000305175781,122.1500015258789,124.30000305175781,63740
2020-10-26,118.80000305175781,124.12000274658203,117.0999984741211,123.19999694824219,75370
2020-10-27,121.80000305175781,122.4000015258789,116.80000305175781,118.80000305175781,51120
2020-10-28,115.0999984741211,119.0999984741211,114.0,118.0999984741211,71770
2020-10-29,112.19999694824219,116.97000122070312,110.4000015258789,115.30000305175781,56820
2020-10-30,109.0999984741211,111.9000015258789,106.5999984741211,111.0999984741211,68420
2020-11-02,113.4000015258789,113.9000015258789,108.19999694824219,111.19999694824219,82510
2020-11-03,121.19999694824219,122.80000305175781,115.0999984741211,115.4000015258789,102890
2020-11-04,130.39999389648438,135.39999389648438,122.69999694824219,126.9000015258789,100010
2020-11-05,121.80000305175781,132.5,118.0999984741211,132.5,165250
2020-11-06,120.19999694824219,127.19999694824219,119.19999694824219,121.0,71960
2020-11-09,130.39999389648438,134.8000030517578,124.4000015258789,127.30000305175781,92770
2020-11-10,132.0,133.0,126.69999694824219,132.39999389648438,122540
2020-11-11,133.64999389648438,135.6999969482422,129.1999969482422,133.89999389648438,71430
2020-11-12,133.6999969482422,136.89999389648438,130.6999969482422,134.89999389648438,140520
2020-11-13,126.0999984741211,136.8000030517578,124.19999694824219,136.1999969482422,119470
2020-11-16,119.5999984741211,130.83999633789062,116.5,130.1999969482422,207650
2020-11-17,121.5,122.5,115.81999969482422,119.5999984741211,71690
2020-11-18,122.4000015258789,127.30000305175781,120.80000305175781,122.80000305175781,50490
2020-11-19,126.80000305175781,126.9000015258789,121.44999694824219,122.30000305175781,35870
2020-11-20,130.0,131.0,123.19999694824219,124.9000015258789,72300
2020-11-23,139.6999969482422,140.39999389648438,130.0,130.60000610351562,121780
2020-11-24,142.10000610351562,145.75,139.60000610351562,142.39999389648438,81190
2020-11-25,138.10000610351562,144.1999969482422,137.6999969482422,141.5,49980
2020-11-27,141.0,142.39999389648438,138.5,138.5,36350
2020-11-30,135.89999389648438,143.60000610351562,131.60000610351562,141.60000610351562,62820
2020-12-01,136.89999389648438,140.8000030517578,134.35000610351562,139.1999969482422,57900
2020-12-02,140.1999969482422,141.89999389648438,135.10000610351562,136.89999389648438,57510
2020-12-03,142.60000610351562,147.0,140.60000610351562,141.6999969482422,75380
2020-12-04,137.10000610351562,144.35000610351562,137.0,142.60000610351562,60800
2020-12-07,134.0,139.89999389648438,133.10000610351562,137.5,87690
2020-12-08,135.0,138.3000030517578,133.10000610351562,133.39999389648438,127970
2020-12-09,128.1999969482422,138.5,124.13999938964844,136.5,252700
2020-12-10,127.44999694824219,131.5,125.30000305175781,128.60000610351562,152410
2020-12-11,129.5,132.60000610351562,125.5,126.80000305175781,50270
2020-12-14,140.10000610351562,145.39999389648438,131.8000030517578,131.8000030517578,121290
2020-12-15,134.1999969482422,135.89999389648438,125.0,133.5,145040
2020-12-16,123.30000305175781,135.27999877929688,123.1500015258789,135.0,111690
2020-12-17,127.0999984741211,127.4000015258789,119.4000015258789,123.80000305175781,112150
2020-12-18,123.4000015258789,127.5,115.80000305175781,126.19999694824219,459420
2020-12-21,127.69999694824219,128.3000030517578,117.5,121.5,146600
2020-12-22,129.10000610351562,133.39999389648438,126.5999984741211,129.1999969482422,108400
2020-12-23,124.9000015258789,129.39999389648438,121.5999984741211,129.39999389648438,120260
2020-12-24,122.80000305175781,128.89999389648438,122.30000305175781,125.19999694824219,30700
2020-12-28,118.5,126.19999694824219,118.0,124.0,60200
2020-12-29,118.55000305175781,120.0,114.19999694824219,119.0,78330
2020-12-30,118.0,123.30000305175781,117.19999694824219,119.0,44070
2020-12-31,108.4000015258789,117.5999984741211,108.0,117.5999984741211,74510
2021-01-04,119.80000305175781,121.5,105.5,108.30000305175781,202090
2021-01-05,115.80000305175781,121.9000015258789,114.4000015258789,119.80000305175781,103130
2021-01-06,114.4000015258789,116.5999984741211,105.5999984741211,115.80000305175781,143510
2021-01-07,119.5999984741211,121.80000305175781,112.5,113.69999694824219,90030
2021-01-08,119.0,124.9000015258789,115.9000015258789,121.5999984741211,82450
2021-01-11,121.9000015258789,122.30000305175781,116.69999694824219,118.0,44650
2021-01-12,117.69999694824219,124.9000015258789,117.30000305175781,122.0,80480
2021-01-13,113.80000305175781,120.0,113.4000015258789,118.19999694824219,66340
2021-01-14,119.55000305175781,121.0999984741211,114.30000305175781,114.30000305175781,97110
2021-01-15,113.69999694824219,120.4000015258789,113.4000015258789,120.4000015258789,65790
2021-01-19,121.69999694824219,122.30000305175781,113.0999984741211,114.9000015258789,112880
2021-01-20,139.1999969482422,147.89999389648438,131.8000030517578,132.60000610351562,246690
2021-01-21,134.1999969482422,140.0,130.1999969482422,137.60000610351562,150500
2021-01-22,133.89999389648438,135.0,130.4499969482422,134.60000610351562,64730
2021-01-25,137.6999969482422,139.0,131.7899932861328,133.10000610351562,78220
2021-01-26,128.89999389648438,139.6999969482422,128.6999969482422,139.1999969482422,67020
2021-01-27,121.5999984741211,131.5,120.69999694824219,128.8000030517578,92050
2021-01-28,122.69999694824219,129.6999969482422,122.19999694824219,124.69999694824219,95350
2021-01-29,123.30000305175781,128.39999389648438,121.0,122.30000305175781,59910
2021-02-01,123.5,123.9000015258789,118.4000015258789,123.69999694824219,79950
2021-02-02,132.5,132.60000610351562,123.0999984741211,126.5,53830
2021-02-03,131.8000030517578,135.6999969482422,130.8000030517578,130.8000030517578,42230
2021-02-04,136.1999969482422,136.3000030517578,130.39999389648438,131.8000030517578,47960
2021-02-05,140.10000610351562,140.3000030517578,136.0,138.25,68970
2021-02-08,143.60000610351562,145.5,140.8000030517578,142.3000030517578,72960
2021-02-09,142.39999389648438,145.6999969482422,141.3000030517578,144.5,49400
2021-02-10,137.6999969482422,146.0,136.5,141.0,52370
2021-02-11,138.8000030517578,141.0,135.10000610351562,140.1999969482422,45720
2021-02-12,134.3000030517578,142.8000030517578,131.39999389648438,137.0,75690
2021-02-16,134.39999389648438,137.3000030517578,131.39999389648438,134.5,56440
2021-02-17,133.10000610351562,137.39999389648438,129.6999969482422,132.6999969482422,65130
2021-02-18,128.39999389648438,132.39999389648438,125.0999984741211,132.39999389648438,50060
2021-02-19,128.5,134.82000732421875,127.9000015258789,128.3000030517578,39790
2021-02-22,125.0,128.5,124.19999694824219,127.5,52470
2021-02-23,133.3000030517578,133.89999389648438,119.5999984741211,120.0999984741211,145330
2021-02-24,132.89999389648438,138.8000030517578,131.0,134.60000610351562,63040
2021-02-25,125.19999694824219,133.67999267578125,124.69999694824219,131.1999969482422,66020
2021-02-26,128.3000030517578,129.89999389648438,120.0,126.0999984741211,125270
2021-03-01,133.1999969482422,134.60000610351562,128.5,130.0,86360
2021-03-02,121.5,131.60000610351562,121.5,130.1999969482422,67140
2021-03-03,113.0,124.31999969482422,112.9000015258789,121.69999694824219,85030
2021-03-04,109.5999984741211,118.5999984741211,105.9000015258789,113.0,135110
2021-03-05,111.19999694824219,113.3499984741211,104.44999694824219,110.19999694824219,120350
2021-03-08,105.5,113.30000305175781,103.80000305175781,112.5,81630
2021-03-09,113.30000305175781,115.19999694824219,107.80000305175781,107.80000305175781,45000
2021-03-10,110.0,115.9000015258789,108.30000305175781,115.19999694824219,64470
2021-03-11,111.69999694824219,114.5999984741211,110.30000305175781,112.19999694824219,64270
2021-03-12,106.69999694824219,112.4000015258789,106.5,111.0999984741211,55530
2021-03-15,106.5,108.26000213623047,105.4000015258789,107.5,52270
2021-03-16,105.5999984741211,108.9000015258789,103.5999984741211,106.44999694824219,48870
2021-03-17,107.5999984741211,108.0,102.69999694824219,104.70999908447266,75750
2021-03-18,102.9000015258789,111.9800033569336,102.69999694824219,108.7699966430664,90910
2021-03-19,109.30000305175781,111.4000015258789,102.0999984741211,104.19999694824219,255190
2021-03-22,108.30000305175781,111.80000305175781,106.9000015258789,110.0,42350
2021-03-23,98.55000305175781,107.80000305175781,98.0,107.80000305175781,90710
2021-03-24,92.55000305175781,100.44999694824219,92.30000305175781,99.0,106200
2021-03-25,102.0999984741211,103.5999984741211,96.0,97.19999694824219,131740
2021-03-26,99.4000015258789,102.30000305175781,96.0999984741211,101.4000015258789,69510
2021-03-29,94.30000305175781,101.62000274658203,94.0999984741211,99.19999694824219,68450
2021-03-30,94.5,98.0999984741211,91.0,93.0,43210
2021-03-31,98.5999984741211,102.30000305175781,95.30000305175781,95.30000305175781,70750
2021-04-01,100.80000305175781,103.94999694824219,98.80000305175781,99.19999694824219,74410
2021-04-05,105.5999984741211,108.5,102.3499984741211,104.69999694824219,75310
2021-04-06,98.9000015258789,106.4000015258789,98.4000015258789,105.5,75270
2021-04-07,96.0999984741211,100.69999694824219,95.80000305175781,96.1500015258789,74790
2021-04-08,97.0999984741211,100.0999984741211,95.9000015258789,96.69999694824219,78360
2021-04-09,90.80000305175781,96.0,89.80000305175781,96.0,123910
2021-04-12,90.69999694824219,93.08000183105469,89.0,90.5,68730
2021-04-13,90.19999694824219,91.30000305175781,87.5,90.4000015258789,89120
2021-04-14,91.69999694824219,95.19999694824219,90.0,91.19999694824219,69420
2021-04-15,94.0,95.5,92.0,93.0,48420
2021-04-16,88.5999984741211,93.80000305175781,85.80000305175781,93.80000305175781,107530
2021-04-19,89.5999984741211,91.0999984741211,86.94999694824219,88.30000305175781,66580
2021-04-20,89.19999694824219,91.30000305175781,87.0,88.30000305175781,50480
2021-04-21,92.19999694824219,92.69999694824219,87.05000305175781,89.5999984741211,68900
2021-04-22,95.5999984741211,97.69999694824219,89.80000305175781,92.69999694824219,94450
2021-04-23,95.0,97.0,94.4000015258789,95.5999984741211,93890
2021-04-26,99.5999984741211,100.80000305175781,93.5999984741211,95.0,128300
2021-04-27,98.5999984741211,103.0,96.9000015258789,100.0,57130
2021-04-28,101.5999984741211,103.30000305175781,98.19999694824219,99.0999984741211,289580
2021-04-29,38.29999923706055,44.599998474121094,37.79999923706055,43.400001525878906,3939090
2021-04-30,39.0,42.20000076293945,38.599998474121094,39.5,1834780
2021-05-03,37.20000076293945,40.599998474121094,36.79999923706055,40.0,968640
2021-05-04,36.099998474121094,37.099998474121094,35.099998474121094,37.0,420740
2021-05-05,36.599998474121094,37.5,34.599998474121094,36.099998474121094,379430
2021-05-06,36.900001525878906,37.0,35.5,36.400001525878906,340280
2021-05-07,37.79999923706055,38.70000076293945,36.0,36.400001525878906,334750
2021-05-10,37.400001525878906,38.5,36.70000076293945,38.0,238840
2021-05-11,36.20000076293945,37.400001525878906,34.70000076293945,36.5,388390
2021-05-12,37.0,40.099998474121094,35.79999923706055,36.29999923706055,595570
2021-05-13,36.20000076293945,37.70000076293945,35.5,36.709999084472656,247520
2021-05-14,36.0,37.29999923706055,35.79999923706055,36.400001525878906,236000
2021-05-17,35.79999923706055,36.79999923706055,35.20000076293945,36.20000076293945,193270
2021-05-18,35.70000076293945,36.599998474121094,35.29999923706055,36.20000076293945,204100
2021-05-19,34.79999923706055,35.5,34.20000076293945,35.29999923706055,203710
2021-05-20,35.20000076293945,35.869998931884766,34.5,34.599998474121094,211310
2021-05-21,34.70000076293945,35.79999923706055,34.5,35.400001525878906,117330
2021-05-24,34.20000076293945,34.84000015258789,33.400001525878906,34.77000045776367,316900
2021-05-25,34.0,34.79999923706055,34.0,34.5,183730
2021-05-26,35.79999923706055,35.900001525878906,34.099998474121094,34.20000076293945,165880
2021-05-27,35.20000076293945,36.70000076293945,35.20000076293945,35.5,181510
2021-05-28,34.599998474121094,36.04999923706055,34.5,35.70000076293945,138090
2021-06-01,35.099998474121094,35.79999923706055,34.150001525878906,35.099998474121094,177330
2021-06-02,34.29999923706055,35.5,33.5,35.33000183105469,397370
2021-06-03,33.79999923706055,34.650001525878906,33.70000076293945,33.70000076293945,169280
2021-06-04,33.599998474121094,34.150001525878906,33.5,34.0,216290
2021-06-07,35.20000076293945,35.5,33.599998474121094,33.79999923706055,350270
2021-06-08,35.29999923706055,35.75,34.5,35.5,183780
2021-06-09,36.099998474121094,36.400001525878906,35.25,35.5,207890
2021-06-10,36.599998474121094,36.900001525878906,35.72999954223633,35.79999923706055,206990
2021-06-11,37.20000076293945,37.95000076293945,35.79999923706055,37.099998474121094,207400
2021-06-14,36.79999923706055,37.70000076293945,36.0,37.29999923706055,217210
2021-06-15,36.599998474121094,37.0,36.0,36.68000030517578,126200
2021-06-16,36.5,37.400001525878906,35.54999923706055,36.29999923706055,155770
2021-06-17,37.29999923706055,37.5,36.29999923706055,36.599998474121094,151080
2021-06-18,36.70000076293945,37.400001525878906,35.099998474121094,37.09000015258789,851300
2021-06-21,36.5,37.27000045776367,35.900001525878906,36.70000076293945,167850
2021-06-22,36.20000076293945,36.5,34.900001525878906,36.34000015258789,172160
2021-06-23,36.599998474121094,36.79999923706055,35.650001525878906,36.20000076293945,117510
2021-06-24,37.400001525878906,37.70000076293945,36.349998474121094,36.400001525878906,188760
2021-06-25,38.20000076293945,38.599998474121094,35.70000076293945,37.20000076293945,613280
2021-06-28,36.70000076293945,37.90999984741211,36.150001525878906,37.79999923706055,254400
2021-06-29,35.20000076293945,37.0,35.20000076293945,36.560001373291016,204790
2021-06-30,35.0,35.70000076293945,34.20000076293945,35.599998474121094,174110
2021-07-01,36.0,36.0,34.400001525878906,35.400001525878906,169620
2021-07-02,35.5,36.20000076293945,34.70000076293945,35.900001525878906,127070
2021-07-06,34.0,35.5,34.0,35.06999969482422,169720
2021-07-07,34.0,34.5,33.099998474121094,34.04999923706055,232890
2021-07-08,34.400001525878906,34.900001525878906,33.29999923706055,33.689998626708984,200090
2021-07-09,35.400001525878906,35.599998474121094,34.0,34.400001525878906,118180
2021-07-12,34.29999923706055,36.599998474121094,34.20000076293945,35.5,99980
2021-07-13,33.79999923706055,34.47999954223633,33.70000076293945,34.20000076293945,104180
2021-07-14,31.600000381469727,33.5,31.5,33.5,216810
2021-07-15,31.0,31.700000762939453,30.200000762939453,31.5,172960
2021-07-16,30.899999618530273,32.0,30.700000762939453,31.200000762939453,136810
2021-07-19,29.600000381469727,31.0,29.350000381469727,30.700000762939453,455330
2021-07-20,31.100000381469727,31.200000762939453,29.600000381469727,29.899999618530273,210540
2021-07-21,31.5,31.5,30.399999618530273,30.899999618530273,122510
2021-07-22,30.600000381469727,31.600000381469727,30.350000381469727,31.299999237060547,155550
2021-07-23,23.600000381469727,25.5,22.549999237060547,24.899999618530273,983950
2021-07-26,24.299999237060547,25.049999237060547,22.600000381469727,23.299999237060547,463680
2021-07-27,23.200000762939453,24.399999618530273,22.899999618530273,24.170000076293945,208070
2021-07-28,23.700000762939453,23.899999618530273,23.100000381469727,23.299999237060547,260790
2021-07-29,23.799999237060547,25.25,23.299999237060547,23.700000762939453,241890
2021-07-30,22.700000762939453,24.5,22.649999618530273,23.799999237060547,222610
2021-08-02,23.799999237060547,24.0,22.299999237060547,22.799999237060547,278580
2021-08-03,23.600000381469727,24.049999237060547,23.200000762939453,24.0,151930
2021-08-04,23.200000762939453,24.200000762939453,22.899999618530273,23.43000030517578,172970
2021-08-05,24.100000381469727,24.200000762939453,23.0,23.100000381469727,189700
2021-08-06,24.799999237060547,25.899999618530273,23.200000762939453,23.600000381469727,250000
2021-08-09,25.399999618530273,25.799999237060547,24.5,24.799999237060547,176920
2021-08-10,24.899999618530273,25.700000762939453,24.100000381469727,25.700000762939453,115770
2021-08-11,24.600000381469727,25.100000381469727,24.399999618530273,24.799999237060547,97530
2021-08-12,24.5,24.799999237060547,23.899999618530273,24.799999237060547,101310
2021-08-13,23.399999618530273,24.399999618530273,23.200000762939453,24.399999618530273,135780
2021-08-16,22.200000762939453,23.399999618530273,22.200000762939453,23.399999618530273,130710
2021-08-17,23.100000381469727,23.200000762939453,21.709999084472656,22.100000381469727,114960
2021-08-18,22.100000381469727,23.100000381469727,21.899999618530273,22.700000762939453,119610
2021-08-19,20.799999237060547,22.100000381469727,20.799999237060547,22.100000381469727,133760
2021-08-20,21.700000762939453,21.899999618530273,20.649999618530273,21.110000610351562,106930
2021-08-23,23.5,23.649999618530273,21.600000381469727,21.799999237060547,146870
2021-08-24,23.5,23.850000381469727,22.75,23.600000381469727,57760
2021-08-25,24.0,24.200000762939453,22.950000762939453,23.200000762939453,85350
2021-08-26,23.0,24.299999237060547,23.0,24.200000762939453,81950
2021-08-27,24.0,24.399999618530273,22.829999923706055,23.0,110290
2021-08-30,23.899999618530273,25.299999237060547,23.600000381469727,24.299999237060547,110480
2021-08-31,24.299999237060547,24.600000381469727,24.0,24.100000381469727,72820
2021-09-01,25.0,25.0,24.200000762939453,24.799999237060547,86250
2021-09-02,25.299999237060547,25.649999618530273,24.5,25.0,85140
2021-09-03,23.399999618530273,25.100000381469727,23.299999237060547,25.0,135630
2021-09-07,23.200000762939453,23.600000381469727,22.700000762939453,23.399999618530273,130870
2021-09-08,23.0,23.600000381469727,22.799999237060547,23.399999618530273,83520
2021-09-09,23.399999618530273,23.899999618530273,22.700000762939453,22.979999542236328,102130
2021-09-10,22.399999618530273,23.399999618530273,22.399999618530273,23.200000762939453,132370
2021-09-13,22.700000762939453,23.700000762939453,21.25,22.399999618530273,308290
2021-09-14,21.700000762939453,22.90999984741211,21.600000381469727,22.799999237060547,153800
2021-09-15,21.700000762939453,22.149999618530273,21.299999237060547,21.899999618530273,170330
2021-09-16,22.299999237060547,22.5,21.0,21.799999237060547,227370
2021-09-17,23.100000381469727,24.200000762939453,21.799999237060547,22.100000381469727,1194490
2021-09-20,22.399999618530273,23.5,21.600000381469727,22.600000381469727,130280
2021-09-21,22.5,23.25,22.200000762939453,22.399999618530273,58750
2021-09-22,22.5,22.899999618530273,22.200000762939453,22.899999618530273,54190
2021-09-23,22.799999237060547,23.0,22.200000762939453,22.600000381469727,72770
2021-09-24,22.299999237060547,23.049999237060547,22.200000762939453,22.600000381469727,88910
2021-09-27,23.700000762939453,24.600000381469727,22.299999237060547,22.600000381469727,221170
2021-09-28,22.799999237060547,23.799999237060547,22.799999237060547,23.600000381469727,125620
2021-09-29,22.0,23.5,21.899999618530273,23.0,165180
2021-09-30,21.700000762939453,22.299999237060547,21.299999237060547,22.200000762939453,170770
2021-10-01,21.799999237060547,22.100000381469727,21.100000381469727,21.700000762939453,719300
2021-10-04,24.0,25.200000762939453,23.399999618530273,24.799999237060547,2408370
2021-10-05,21.600000381469727,24.229999542236328,21.5,24.229999542236328,765090
2021-10-06,20.5,21.600000381469727,20.0,21.399999618530273,442460
2021-10-07,20.600000381469727,21.200000762939453,20.100000381469727,20.600000381469727,232600
2021-10-08,20.600000381469727,21.149999618530273,20.399999618530273,20.700000762939453,134500
2021-10-11,20.5,21.299999237060547,20.5,20.860000610351562,99480
2021-10-12,21.399999618530273,21.700000762939453,20.399999618530273,20.5,445700
2021-10-13,21.5,22.0,21.0,21.700000762939453,167990
2021-10-14,21.399999618530273,22.0,21.200000762939453,21.700000762939453,132200
2021-10-15,20.600000381469727,21.700000762939453,20.600000381469727,21.700000762939453,135550
2021-10-18,20.200000762939453,20.600000381469727,19.899999618530273,20.5,162570
2021-10-19,20.399999618530273,20.600000381469727,20.100000381469727,20.200000762939453,69440
2021-10-20,20.100000381469727,20.600000381469727,20.100000381469727,20.399999618530273,75540
2021-10-21,20.0,20.549999237060547,19.899999618530273,20.100000381469727,108760
2021-10-22,19.5,20.0,19.200000762939453,20.0,133480
2021-10-25,19.5,19.799999237060547,19.299999237060547,19.600000381469727,96690
2021-10-26,19.399999618530273,19.700000762939453,19.049999237060547,19.600000381469727,79170
2021-10-27,19.0,19.450000762939453,18.899999618530273,19.299999237060547,97700
2021-10-28,21.0,21.299999237060547,19.0,19.0,317240
2021-10-29,22.700000762939453,22.799999237060547,20.940000534057617,21.200000762939453,472180
2021-11-01,22.5,23.100000381469727,21.899999618530273,22.5,216540
2021-11-02,23.100000381469727,23.200000762939453,21.899999618530273,22.600000381469727,97520
2021-11-03,23.299999237060547,23.700000762939453,22.700000762939453,22.899999618530273,127090
2021-11-04,22.799999237060547,23.600000381469727,22.399999618530273,23.600000381469727,82740
2021-11-05,22.0,23.200000762939453,21.799999237060547,22.399999618530273,80140
2021-11-08,22.700000762939453,22.899999618530273,21.799999237060547,21.899999618530273,63650
2021-11-09,23.0,23.200000762939453,22.0,22.600000381469727,90060
2021-11-10,22.700000762939453,23.5,22.200000762939453,22.899999618530273,93890
2021-11-11,22.299999237060547,22.850000381469727,22.100000381469727,22.799999237060547,49380
2021-11-12,22.0,22.600000381469727,21.5,22.299999237060547,77380
2021-11-15,21.700000762939453,22.100000381469727,21.5,22.0,72580
2021-11-16,21.5,21.600000381469727,21.0,21.600000381469727,68290
2021-11-17,21.299999237060547,21.600000381469727,21.0,21.049999237060547,42530
2021-11-18,20.399999618530273,21.149999618530273,20.200000762939453,20.899999618530273,65360
2021-11-19,19.899999618530273,21.0,19.799999237060547,20.399999618530273,121510
2021-11-22,19.600000381469727,20.299999237060547,19.5,20.0,95090
2021-11-23,20.200000762939453,20.200000762939453,19.0,19.600000381469727,100390
2021-11-24,20.299999237060547,20.5,19.700000762939453,20.200000762939453,51480
2021-11-26,19.399999618530273,19.899999618530273,18.899999618530273,19.899999618530273,72800
2021-11-29,18.700000762939453,19.799999237060547,18.549999237060547,19.700000762939453,80030
2021-11-30,17.399999618530273,18.899999618530273,16.899999618530273,18.5,558310
2021-12-01,17.5,18.200000762939453,17.399999618530273,17.799999237060547,205640
2021-12-02,18.399999618530273,18.5,17.100000381469727,17.299999237060547,163710
2021-12-03,17.600000381469727,18.299999237060547,17.25,18.299999237060547,103850
2021-12-06,17.700000762939453,18.100000381469727,16.899999618530273,17.600000381469727,167120
2021-12-07,17.600000381469727,18.399999618530273,17.600000381469727,17.799999237060547,130980
2021-12-08,18.700000762939453,19.200000762939453,17.399999618530273,17.399999618530273,124410
2021-12-09,18.399999618530273,19.0,18.299999237060547,18.5,76950
2021-12-10,18.0,18.600000381469727,17.799999237060547,18.399999618530273,72250
2021-12-13,18.600000381469727,19.200000762939453,17.799999237060547,18.600000381469727,148210
2021-12-14,17.700000762939453,18.799999237060547,17.600000381469727,18.5,119080
2021-12-15,18.5,18.700000762939453,17.450000762939453,18.100000381469727,121690
2021-12-16,18.0,19.100000381469727,17.799999237060547,18.600000381469727,132340
2021-12-17,17.700000762939453,18.700000762939453,17.399999618530273,18.100000381469727,264880
2021-12-20,18.600000381469727,18.799999237060547,17.399999618530273,18.0,120100
2021-12-21,18.700000762939453,19.100000381469727,18.299999237060547,19.100000381469727,75260
2021-12-22,18.5,19.0,18.100000381469727,19.0,44080
2021-12-23,18.700000762939453,19.100000381469727,18.299999237060547,18.700000762939453,89320
2021-12-27,18.100000381469727,19.0,18.0,18.899999618530273,65820
2021-12-28,17.799999237060547,18.600000381469727,17.700000762939453,18.0,103990
2021-12-29,17.799999237060547,18.1299991607666,17.5,17.700000762939453,263120
2021-12-30,17.899999618530273,18.75,17.600000381469727,17.600000381469727,135510
2021-12-31,17.600000381469727,18.200000762939453,17.5,17.899999618530273,149640
2022-01-03,19.5,20.399999618530273,17.5,17.600000381469727,689410
2022-01-04,18.100000381469727,19.399999618530273,17.399999618530273,19.200000762939453,234630
2022-01-05,17.299999237060547,18.399999618530273,17.200000762939453,18.0,137730
2022-01-06,17.299999237060547,17.5,16.600000381469727,17.299999237060547,189120
2022-01-07,16.799999237060547,17.600000381469727,16.600000381469727,17.200000762939453,106630
2022-01-10,16.399999618530273,16.799999237060547,16.0,16.799999237060547,106930
2022-01-11,16.299999237060547,16.799999237060547,16.100000381469727,16.600000381469727,102220
2022-01-12,16.0,16.549999237060547,15.899999618530273,16.5,120350
2022-01-13,16.0,16.299999237060547,15.800000190734863,16.200000762939453,90900
2022-01-14,16.5,16.600000381469727,15.5,16.100000381469727,130990
2022-01-18,15.399999618530273,16.399999618530273,15.399999618530273,16.25,118260
2022-01-19,15.899999618530273,16.299999237060547,15.399999618530273,15.399999618530273,108130
2022-01-20,15.399999618530273,16.200000762939453,15.399999618530273,16.100000381469727,62490
2022-01-21,15.5,15.800000190734863,15.199999809265137,15.600000381469727,103620
2022-01-24,15.899999618530273,15.949999809265137,14.649999618530273,15.300000190734863,110080
2022-01-25,16.0,16.200000762939453,15.199999809265137,15.699999809265137,56780
2022-01-26,15.199999809265137,16.200000762939453,15.199999809265137,16.0,54280
2022-01-27,15.0,15.399999618530273,14.75,15.300000190734863,86860
2022-01-28,15.5,15.5,14.5,14.899999618530273,102300
2022-01-31,16.5,16.600000381469727,15.350000381469727,15.399999618530273,128680
2022-02-01,16.5,16.799999237060547,16.100000381469727,16.5,61320
2022-02-02,15.600000381469727,16.5,15.550000190734863,16.5,55310
2022-02-03,15.0,15.699999809265137,14.949999809265137,15.5,65260
2022-02-04,15.199999809265137,15.5,15.0,15.100000381469727,157310
2022-02-07,15.800000190734863,15.899999618530273,15.199999809265137,15.199999809265137,104090
2022-02-08,15.800000190734863,15.800000190734863,15.449999809265137,15.600000381469727,69480
2022-02-09,15.600000381469727,16.100000381469727,15.5,15.800000190734863,191550
2022-02-10,14.899999618530273,15.600000381469727,14.800000190734863,15.5,123890
2022-02-11,14.199999809265137,15.0,14.199999809265137,14.800000190734863,96520
2022-02-14,13.899999618530273,14.390000343322754,13.699999809265137,14.199999809265137,47120
2022-02-15,14.199999809265137,14.399999618530273,14.0,14.0,36100
2022-02-16,14.199999809265137,14.399999618530273,14.0,14.300000190734863,36700
2022-02-17,13.699999809265137,14.25,13.600000381469727,14.100000381469727,45590
2022-02-18,13.699999809265137,14.100000381469727,13.5,13.600000381469727,81320
2022-02-22,13.399999618530273,13.800000190734863,13.300000190734863,13.399999618530273,57750
2022-02-23,13.0,13.699999809265137,12.899999618530273,13.600000381469727,84740
2022-02-24,13.399999618530273,13.649999618530273,12.699999809265137,12.800000190734863,123760
2022-02-25,13.899999618530273,14.100000381469727,13.100000381469727,13.300000190734863,49580
2022-02-28,13.399999618530273,14.100000381469727,13.350000381469727,13.699999809265137,38820
2022-03-01,13.149999618530273,13.75,13.100000381469727,13.399999618530273,42950
2022-03-02,13.100000381469727,13.25,12.899999618530273,13.100000381469727,48060
2022-03-03,12.5,13.25,12.399999618530273,13.199999809265137,72260
2022-03-04,12.300000190734863,12.699999809265137,12.300000190734863,12.399999618530273,34120
2022-03-07,12.699999809265137,13.0,12.300000190734863,12.300000190734863,57520
2022-03-08,12.899999618530273,13.5,12.5,12.699999809265137,64480
2022-03-09,13.5,13.699999809265137,13.100000381469727,13.199999809265137,143780
2022-03-10,13.300000190734863,13.5,13.100000381469727,13.300000190734863,38750
2022-03-11,12.899999618530273,13.5,12.800000190734863,13.300000190734863,73640
2022-03-14,12.300000190734863,12.899999618530273,12.199999809265137,12.800000190734863,58820
2022-03-15,12.300000190734863,12.5,12.100000381469727,12.5,67500
2022-03-16,12.699999809265137,12.949999809265137,12.300000190734863,12.600000381469727,41330
2022-03-17,13.5,13.800000190734863,12.800000190734863,12.800000190734863,59270
2022-03-18,14.399999618530273,14.399999618530273,13.5,13.600000381469727,103720
2022-03-21,13.600000381469727,14.5,13.5,14.399999618530273,119850
2022-03-22,13.699999809265137,14.100000381469727,13.5,13.600000381469727,34700
2022-03-23,13.5,14.0,13.300000190734863,13.5,138280
2022-03-24,14.0,14.600000381469727,13.300000190734863,13.399999618530273,1193940
2022-03-25,14.699999809265137,15.100000381469727,14.0,14.300000190734863,85660
2022-03-28,13.800000190734863,14.800000190734863,13.600000381469727,14.800000190734863,71140
2022-03-29,13.899999618530273,14.399999618530273,13.600000381469727,13.600000381469727,165400
2022-03-30,13.399999618530273,14.399999618530273,13.399999618530273,13.899999618530273,61180
2022-03-31,13.100000381469727,13.600000381469727,13.0,13.300000190734863,55040
2022-04-01,13.0,13.399999618530273,12.800000190734863,13.0,79800
2022-04-04,13.399999618530273,13.600000381469727,13.100000381469727,13.300000190734863,53810
2022-04-05,13.0,13.600000381469727,13.0,13.300000190734863,42320
2022-04-06,12.800000190734863,13.100000381469727,12.600000381469727,12.800000190734863,42400
2022-04-07,12.600000381469727,13.199999809265137,12.5,12.899999618530273,56790
2022-04-08,12.199999809265137,12.800000190734863,12.199999809265137,12.5,36790
2022-04-11,11.699999809265137,12.199999809265137,11.699999809265137,12.199999809265137,71530
2022-04-12,11.600000381469727,12.199999809265137,11.550000190734863,11.800000190734863,130420
2022-04-13,11.800000190734863,12.0,11.600000381469727,11.699999809265137,757860
2022-04-14,12.0,12.300000190734863,11.899999618530273,12.199999809265137,81110
2022-04-18,11.199999809265137,12.199999809265137,11.199999809265137,12.0,87520
2022-04-19,11.199999809265137,11.600000381469727,11.0,11.199999809265137,60330
2022-04-20,11.399999618530273,11.5,10.949999809265137,11.300000190734863,63820
2022-04-21,11.300000190734863,12.399999618530273,11.300000190734863,11.699999809265137,112300
2022-04-22,11.399999618530273,11.5,11.0,11.300000190734863,50490
2022-04-25,11.899999618530273,12.0,11.399999618530273,11.600000381469727,55500
2022-04-26,11.100000381469727,11.930000305175781,11.100000381469727,11.800000190734863,47750
2022-04-27,10.800000190734863,11.5,10.699999809265137,11.300000190734863,87600
2022-04-28,11.0,11.149999618530273,10.300000190734863,10.800000190734863,108410
2022-04-29,10.699999809265137,11.300000190734863,10.600000381469727,10.800000190734863,56490
2022-05-02,11.100000381469727,11.550000190734863,10.699999809265137,11.100000381469727,106430
2022-05-03,11.399999618530273,11.800000190734863,11.0,11.0,64630
2022-05-04,11.5,11.699999809265137,10.699999809265137,11.300000190734863,53570
2022-05-05,10.600000381469727,11.5,10.5,11.5,47690
2022-05-06,10.199999809265137,10.699999809265137,10.100000381469727,10.5,61890
2022-05-09,10.100000381469727,10.5,10.0,10.199999809265137,65660
2022-05-10,10.699999809265137,10.899999618530273,10.100000381469727,10.199999809265137,113230
2022-05-11,9.729999542236328,10.600000381469727,9.619999885559082,10.600000381469727,128360
2022-05-12,9.09000015258789,10.100000381469727,9.0,9.5,162100
2022-05-13,8.359999656677246,9.600000381469727,8.119999885559082,9.390000343322754,285720
2022-05-16,8.100000381469727,8.699999809265137,7.949999809265137,8.5,115690
2022-05-17,8.279999732971191,8.520000457763672,8.100000381469727,8.300000190734863,93530
2022-05-18,8.329999923706055,9.0,8.300000190734863,8.449999809265137,128700
2022-05-19,8.539999961853027,8.600000381469727,8.329999923706055,8.550000190734863,79990
2022-05-20,8.550000190734863,8.899999618530273,8.130000114440918,8.800000190734863,74930
2022-05-23,8.260000228881836,8.899999618530273,8.15999984741211,8.550000190734863,60320
2022-05-24,8.420000076293945,8.539999961853027,8.180000305175781,8.199999809265137,54550
2022-05-25,8.569999694824219,8.720000267028809,8.390000343322754,8.390000343322754,69320
2022-05-26,8.739999771118164,8.989999771118164,8.5,8.680000305175781,56180
2022-05-27,8.880000114440918,9.0,8.699999809265137,8.720000267028809,53590
2022-05-31,8.970000267028809,9.399999618530273,8.800000190734863,9.050000190734863,74470
2022-06-01,8.8100004196167,9.199999809265137,8.699999809265137,9.050000190734863,74100
2022-06-02,9.220000267028809,9.289999961853027,8.720000267028809,8.8100004196167,87770
2022-06-03,9.880000114440918,10.0,8.899999618530273,9.100000381469727,142390
2022-06-06,10.300000190734863,10.399999618530273,9.699999809265137,9.899999618530273,130150
2022-06-07,10.800000190734863,11.100000381469727,9.880000114440918,10.100000381469727,207720
2022-06-08,10.899999618530273,11.100000381469727,10.100000381469727,10.800000190734863,196690
2022-06-09,10.699999809265137,11.100000381469727,10.300000190734863,10.800000190734863,103230
2022-06-10,9.899999618530273,10.600000381469727,9.800000190734863,10.600000381469727,93980
2022-06-13,9.520000457763672,9.800000190734863,9.119999885559082,9.489999771118164,67210
2022-06-14,9.260000228881836,9.579999923706055,9.199999809265137,9.449999809265137,32730
2022-06-15,9.710000038146973,10.100000381469727,9.109999656677246,9.140000343322754,84820
2022-06-16,9.699999809265137,9.699999809265137,9.0,9.199999809265137,89740
2022-06-17,10.0,10.0,9.220000267028809,9.449999809265137,107900
2022-06-21,10.300000190734863,10.5,9.800000190734863,10.300000190734863,126000
2022-06-22,10.600000381469727,10.600000381469727,10.0,10.100000381469727,115230
2022-06-23,10.800000190734863,10.800000190734863,10.199999809265137,10.300000190734863,137630
2022-06-24,10.600000381469727,11.100000381469727,10.149999618530273,10.699999809265137,1125410
2022-06-27,10.600000381469727,10.699999809265137,10.100000381469727,10.5,55610
2022-06-28,11.699999809265137,12.300000190734863,10.600000381469727,10.600000381469727,139960
2022-06-29,11.800000190734863,12.0,11.399999618530273,11.5,83050
2022-06-30,12.0,12.199999809265137,11.300000190734863,11.600000381469727,82900
2022-07-01,11.800000190734863,11.899999618530273,11.300000190734863,11.899999618530273,57460
2022-07-05,11.600000381469727,12.0,11.399999618530273,11.699999809265137,78220
2022-07-06,12.300000190734863,12.300000190734863,11.699999809265137,11.699999809265137,91720
2022-07-07,14.0,14.399999618530273,13.0,13.0,614190
2022-07-08,15.300000190734863,15.600000381469727,13.449999809265137,14.0,397570
2022-07-11,16.100000381469727,16.299999237060547,14.5,15.300000190734863,278880
2022-07-12,17.399999618530273,17.899999618530273,15.0,15.800000190734863,194530
2022-07-13,17.5,17.700000762939453,16.700000762939453,17.200000762939453,833000
2022-07-14,17.5,18.200000762939453,16.700000762939453,17.299999237060547,102760
2022-07-15,16.5,17.799999237060547,14.699999809265137,17.700000762939453,202690
2022-07-18,16.799999237060547,17.5,16.600000381469727,17.100000381469727,59470
2022-07-19,17.100000381469727,17.549999237060547,16.649999618530273,16.799999237060547,310530
2022-07-20,17.399999618530273,17.700000762939453,16.799999237060547,16.899999618530273,105930
2022-07-21,17.200000762939453,17.700000762939453,17.030000686645508,17.200000762939453,18350
2022-07-22,15.800000190734863,17.200000762939453,15.680000305175781,17.100000381469727,29820
2022-07-25,15.5,16.0,15.199999809265137,15.800000190734863,59610
2022-07-26,15.5,16.0,15.100000381469727,15.100000381469727,20040
2022-07-27,16.100000381469727,16.450000762939453,15.399999618530273,15.699999809265137,21110
2022-07-28,15.5,16.100000381469727,15.300000190734863,16.100000381469727,21950
2022-07-29,14.600000381469727,15.300000190734863,14.600000381469727,15.300000190734863,26510
2022-08-01,13.800000190734863,15.0,13.600000381469727,14.600000381469727,57180
2022-08-02,13.100000381469727,14.0,13.0,13.600000381469727,28010
2022-08-03,13.899999618530273,14.149999618530273,12.699999809265137,13.199999809265137,90210
2022-08-04,15.100000381469727,15.600000381469727,13.399999618530273,13.899999618530273,46070
2022-08-05,16.100000381469727,16.100000381469727,14.699999809265137,14.699999809265137,32640
2022-08-08,15.199999809265137,16.399999618530273,14.800000190734863,16.399999618530273,33220
2022-08-09,14.899999618530273,15.5,14.800000190734863,15.199999809265137,46160
2022-08-10,15.399999618530273,15.399999618530273,14.800000190734863,15.199999809265137,10960
2022-08-11,15.100000381469727,15.899999618530273,14.850000381469727,15.300000190734863,39240
2022-08-12,14.699999809265137,15.800000190734863,14.5,15.800000190734863,124680
2022-08-15,14.100000381469727,15.0,13.899999618530273,14.850000381469727,26650
2022-08-16,14.0,14.300000190734863,12.800000190734863,13.899999618530273,105860
2022-08-17,13.5,14.399999618530273,13.5,14.100000381469727,26080
2022-08-18,13.5,14.100000381469727,13.0,13.5,23000
2022-08-19,12.699999809265137,13.399999618530273,12.699999809265137,13.399999618530273,216630
2022-08-22,12.399999618530273,12.899999618530273,12.300000190734863,12.399999618530273,35470
2022-08-23,12.5,12.680000305175781,12.0,12.300000190734863,18560
2022-08-24,12.5,12.800000190734863,12.199999809265137,12.300000190734863,13590
2022-08-25,11.899999618530273,13.0,11.699999809265137,12.5,40200
2022-08-26,11.699999809265137,12.100000381469727,11.050000190734863,11.800000190734863,125620
2022-08-29,11.199999809265137,11.699999809265137,11.199999809265137,11.699999809265137,20120
2022-08-30,12.100000381469727,12.149999618530273,10.600000381469727,11.199999809265137,76760
2022-08-31,11.600000381469727,12.289999961853027,11.0,12.100000381469727,38920
2022-09-01,11.199999809265137,11.600000381469727,10.5,11.5,18690
2022-09-02,11.100000381469727,11.5,11.100000381469727,11.300000190734863,14200
2022-09-06,10.600000381469727,11.300000190734863,10.600000381469727,11.100000381469727,18850
2022-09-07,11.0,11.100000381469727,10.5,10.699999809265137,21760
2022-09-08,11.300000190734863,11.600000381469727,10.800000190734863,10.800000190734863,12820
2022-09-09,11.399999618530273,12.100000381469727,11.300000190734863,11.399999618530273,55640
2022-09-12,10.5,12.199999809265137,10.399999618530273,11.5,186370
2022-09-13,10.600000381469727,11.100000381469727,10.5,10.5,48830
2022-09-14,10.899999618530273,11.399999618530273,10.600000381469727,10.600000381469727,43910
2022-09-15,11.0,11.399999618530273,10.850000381469727,10.899999618530273,25880
2022-09-16,11.100000381469727,11.550000190734863,10.699999809265137,10.899999618530273,47540
2022-09-19,10.550000190734863,11.0,10.5,10.800000190734863,78570
2022-09-20,10.199999809265137,10.699999809265137,10.199999809265137,10.600000381469727,47790
2022-09-21,10.5,10.699999809265137,10.199999809265137,10.300000190734863,67160
2022-09-22,10.100000381469727,10.399999618530273,10.0,10.399999618530273,22180
2022-09-23,9.649999618530273,10.09000015258789,9.5,10.0,49510
2022-09-26,9.199999809265137,9.979999542236328,9.100000381469727,9.5,38340
2022-09-27,8.8100004196167,9.59000015258789,8.800000190734863,9.300000190734863,19030
2022-09-28,9.680000305175781,10.199999809265137,8.800000190734863,8.800000190734863,218220
2022-09-29,9.489999771118164,9.800000190734863,9.210000038146973,9.699999809265137,23280
2022-09-30,9.5,10.300000190734863,9.460000038146973,10.300000190734863,31140
2022-10-03,10.0,10.600000381469727,9.65999984741211,10.0,55650
2022-10-04,10.300000190734863,10.600000381469727,10.0,10.0,19900
2022-10-05,10.100000381469727,10.699999809265137,10.100000381469727,10.300000190734863,17820
2022-10-06,10.199999809265137,10.399999618530273,9.899999618530273,10.100000381469727,22040
2022-10-07,9.75,10.199999809265137,9.699999809265137,10.0,18320
2022-10-10,9.300000190734863,9.930000305175781,9.300000190734863,9.800000190734863,15800
2022-10-11,9.130000114440918,9.630000114440918,9.100000381469727,9.199999809265137,16730
2022-10-12,9.3100004196167,9.369999885559082,9.0,9.199999809265137,14300
2022-10-13,9.100000381469727,9.220000267028809,9.0,9.0,24630
2022-10-14,9.300000190734863,9.300000190734863,9.010000228881836,9.010000228881836,7920
2022-10-17,9.40999984741211,9.699999809265137,9.029999732971191,9.199999809265137,15650
2022-10-18,9.229999542236328,9.649999618530273,9.100000381469727,9.399999618530273,18350
2022-10-19,8.550000190734863,9.3100004196167,8.520000457763672,9.0,54510
2022-10-20,8.5600004196167,8.800000190734863,8.5,8.550000190734863,18970
2022-10-21,8.800000190734863,9.0,8.520000457763672,8.529999732971191,15530
2022-10-24,8.970000267028809,9.699999809265137,8.529999732971191,9.199999809265137,41800
2022-10-25,9.199999809265137,9.5,8.800000190734863,9.0,23730
2022-10-26,9.109999656677246,9.5,9.0,9.180000305175781,12310
2022-10-27,9.199999809265137,9.369999885559082,9.0,9.0,7340
2022-10-28,9.050000190734863,9.479999542236328,8.899999618530273,9.300000190734863,19040
2022-10-31,8.649999618530273,9.050000190734863,8.649999618530273,8.899999618530273,28550
2022-11-01,8.760000228881836,9.210000038146973,8.649999618530273,8.699999809265137,22740
2022-11-02,8.420000076293945,9.550000190734863,8.420000076293945,8.800000190734863,29290
2022-11-03,8.180000305175781,8.59000015258789,8.119999885559082,8.399999618530273,23170
2022-11-04,8.0,9.5,7.300000190734863,8.289999961853027,157020
2022-11-07,7.75,8.199999809265137,7.699999809265137,8.0,30950
2022-11-08,7.300000190734863,8.15999984741211,7.210000038146973,7.699999809265137,82910
2022-11-09,6.800000190734863,7.699999809265137,6.800000190734863,7.300000190734863,58150
2022-11-10,7.320000171661377,8.0600004196167,7.0,7.0,29240
2022-11-11,7.650000095367432,7.980000019073486,7.050000190734863,7.5,20370
2022-11-14,7.349999904632568,8.0,7.190000057220459,7.889999866485596,31790
2022-11-15,7.010000228881836,7.550000190734863,7.0,7.389999866485596,47790
2022-11-16,6.409999847412109,7.389999866485596,6.300000190734863,7.0,60240
2022-11-17,7.130000114440918,7.170000076293945,6.380000114440918,6.409999847412109,206770
2022-11-18,7.260000228881836,7.449999809265137,7.130000114440918,7.199999809265137,21400
2022-11-21,6.909999847412109,7.5,6.909999847412109,7.5,14390
2022-11-22,6.940000057220459,7.320000171661377,6.800000190734863,7.199999809265137,590190
2022-11-23,7.210000038146973,7.5,7.0,7.5,8230
2022-11-25,7.110000133514404,7.300000190734863,6.849999904632568,7.300000190734863,13320
2022-11-28,6.800000190734863,7.199999809265137,6.550000190734863,7.0,24200
2022-11-29,6.800000190734863,7.0,6.599999904632568,7.0,22690
2022-11-30,6.699999809265137,7.0,6.5,7.0,68850
2022-12-01,6.78000020980835,6.880000114440918,6.510000228881836,6.800000190734863,22630
2022-12-02,6.599999904632568,6.949999809265137,6.409999847412109,6.900000095367432,68250
2022-12-05,6.599999904632568,6.659999847412109,6.420000076293945,6.630000114440918,32420
2022-12-06,6.409999847412109,6.699999809265137,6.389999866485596,6.539999961853027,18170
2022-12-07,6.320000171661377,6.699999809265137,6.300000190734863,6.699999809265137,22840
2022-12-08,6.199999809265137,6.5,6.150000095367432,6.5,53130
2022-12-09,6.199999809265137,6.380000114440918,6.159999847412109,6.159999847412109,26580
2022-12-12,6.360000133514404,7.0,6.190000057220459,6.199999809265137,42320
2022-12-13,6.699999809265137,6.699999809265137,6.28000020980835,6.420000076293945,58460
2022-12-14,6.309999942779541,6.869999885559082,6.25,6.599999904632568,8280
2022-12-15,6.309999942779541,6.409999847412109,6.260000228881836,6.300000190734863,20260
2022-12-16,6.190000057220459,6.630000114440918,6.0,6.199999809265137,205330
2022-12-19,5.900000095367432,6.5,5.900000095367432,6.159999847412109,48320
2022-12-20,5.730000019073486,6.199999809265137,5.610000133514404,5.900000095367432,150950
2022-12-21,5.630000114440918,5.900000095367432,5.429999828338623,5.710000038146973,337100
2022-12-22,6.079999923706055,6.300000190734863,5.480000019073486,5.539999961853027,43620
2022-12-23,5.699999809265137,6.110000133514404,5.599999904632568,6.099999904632568,34950
2022-12-27,5.400000095367432,5.800000190734863,5.309999942779541,5.559999942779541,247950
2022-12-28,5.519999980926514,5.579999923706055,5.360000133514404,5.400000095367432,31080
2022-12-29,5.900000095367432,6.0,5.510000228881836,5.699999809265137,26570
2022-12-30,5.800000190734863,6.099999904632568,5.5,5.730000019073486,44570
2023-01-03,6.400000095367432,6.400000095367432,5.75,6.099999904632568,26930
2023-01-04,6.46999979019165,6.599999904632568,6.300000190734863,6.400000095367432,12270
2023-01-05,6.409999847412109,6.760000228881836,6.300000190734863,6.429999828338623,18490
2023-01-06,6.409999847412109,6.699999809265137,6.199999809265137,6.409999847412109,18450
2023-01-09,6.699999809265137,6.789999961853027,6.400000095367432,6.5,30790
2023-01-10,6.599999904632568,6.800000190734863,6.559999942779541,6.699999809265137,36950
2023-01-11,6.550000190734863,6.900000095367432,6.519999980926514,6.699999809265137,25340
2023-01-12,6.820000171661377,7.0,6.599999904632568,6.610000133514404,29800
2023-01-13,6.800000190734863,7.0,6.710000038146973,7.0,24670
2023-01-17,6.590000152587891,6.800000190734863,6.420000076293945,6.699999809265137,46630
2023-01-18,6.5,6.75,6.420000076293945,6.559999942779541,10420
2023-01-19,6.690000057220459,6.800000190734863,6.320000171661377,6.449999809265137,26640
2023-01-20,6.800000190734863,6.960000038146973,6.559999942779541,6.800000190734863,6150
2023-01-23,6.5,7.03000020980835,6.429999828338623,6.800000190734863,46790
2023-01-24,6.599999904632568,6.699999809265137,6.349999904632568,6.429999828338623,10520
2023-01-25,7.0,7.0,6.349999904632568,6.53000020980835,40680
2023-01-26,6.650000095367432,7.050000190734863,6.599999904632568,7.050000190734863,4780
2023-01-27,6.940000057220459,7.0,6.5,6.5,23310
2023-01-30,6.940000057220459,7.099999904632568,6.75,7.0,168610
2023-01-31,6.510000228881836,7.199999809265137,6.5,7.099999904632568,144280
2023-02-01,6.710000038146973,7.0,6.599999904632568,6.599999904632568,8960
2023-02-02,6.989999771118164,7.199999809265137,6.699999809265137,7.0,19880
2023-02-03,7.0,7.199999809265137,6.949999809265137,6.989999771118164,27120
2023-02-06,6.920000076293945,7.199999809265137,6.800000190734863,6.900000095367432,20570
2023-02-07,6.880000114440918,7.099999904632568,6.800000190734863,6.909999847412109,2720
2023-02-08,6.610000133514404,6.929999828338623,6.599999904632568,6.880000114440918,50670
2023-02-09,6.599999904632568,6.880000114440918,6.510000228881836,6.800000190734863,45240
2023-02-10,6.289999961853027,6.880000114440918,6.099999904632568,6.599999904632568,71970
2023-02-13,6.230000019073486,6.409999847412109,6.21999979019165,6.400000095367432,8650
2023-02-14,6.260000228881836,6.409999847412109,6.159999847412109,6.21999979019165,25160
2023-02-15,6.21999979019165,6.5,6.159999847412109,6.159999847412109,14030
2023-02-16,6.320000171661377,6.699999809265137,6.300000190734863,6.320000171661377,5090
2023-02-17,6.210000038146973,6.599999904632568,6.199999809265137,6.199999809265137,13660
2023-02-21,6.480000019073486,6.489999771118164,6.25,6.300000190734863,31770
2023-02-22,6.570000171661377,6.900000095367432,6.269999980926514,6.699999809265137,33190
2023-02-23,7.0,7.019999980926514,6.349999904632568,6.400000095367432,54970
2023-02-24,7.0,7.090000152587891,6.699999809265137,7.0,37380
2023-02-27,7.0,7.099999904632568,6.900000095367432,7.0,18260
2023-02-28,7.199999809265137,7.289999961853027,7.0,7.0,32920
2023-03-01,7.5,7.550000190734863,7.099999904632568,7.099999904632568,34460
2023-03-02,7.429999828338623,7.5,7.25,7.5,35730
2023-03-03,7.599999904632568,7.699999809265137,7.349999904632568,7.699999809265137,22710
2023-03-06,7.659999847412109,7.760000228881836,7.449999809265137,7.760000228881836,23320
2023-03-07,8.0,8.0600004196167,7.440000057220459,7.800000190734863,61080
2023-03-08,8.279999732971191,8.390000343322754,7.900000095367432,7.900000095367432,106830
2023-03-09,8.100000381469727,8.34000015258789,7.900000095367432,8.34000015258789,71130
2023-03-10,7.900000095367432,8.0,7.650000095367432,7.849999904632568,85250
2023-03-13,8.0,8.0,7.309999942779541,7.840000152587891,24850
2023-03-14,7.900000095367432,8.289999961853027,7.550000190734863,7.800000190734863,21860
2023-03-15,8.1899995803833,8.199999809265137,7.320000171661377,7.699999809265137,79030
2023-03-16,8.479999542236328,8.489999771118164,7.889999866485596,8.300000190734863,50870
2023-03-17,7.510000228881836,8.600000381469727,7.510000228881836,8.479999542236328,81210
2023-03-20,7.860000133514404,8.119999885559082,7.699999809265137,7.710000038146973,13800
2023-03-21,7.820000171661377,8.079999923706055,7.599999904632568,7.760000228881836,19060
2023-03-22,7.800000190734863,7.809999942779541,7.340000152587891,7.800000190734863,11670
2023-03-23,7.480000019073486,7.900000095367432,7.25,7.860000133514404,45340
2023-03-24,7.579999923706055,7.650000095367432,7.300000190734863,7.460000038146973,467080
2023-03-27,8.09000015258789,8.130000114440918,7.579999923706055,7.579999923706055,31850
2023-03-28,8.0,8.119999885559082,7.809999942779541,7.849999904632568,19460
2023-03-29,7.510000228881836,8.199999809265137,7.25,7.900000095367432,15390
2023-03-30,7.199999809265137,7.900000095367432,7.110000133514404,7.510000228881836,13530
2023-03-31,7.170000076293945,7.570000171661377,7.150000095367432,7.199999809265137,11060
2023-04-03,6.929999828338623,7.400000095367432,6.840000152587891,7.099999904632568,12180
2023-04-04,7.0,7.099999904632568,6.900000095367432,7.0,12100
2023-04-05,7.21999979019165,7.400000095367432,6.900000095367432,6.900000095367432,4170
2023-04-06,6.809999942779541,7.340000152587891,6.809999942779541,7.340000152587891,97750
2023-04-10,7.199999809265137,7.400000095367432,6.809999942779541,6.809999942779541,125840
2023-04-11,7.5,7.599999904632568,7.099999904632568,7.099999904632568,9640
2023-04-12,7.5,7.699999809265137,7.210000038146973,7.400000095367432,16710
2023-04-13,8.279999732971191,8.300000190734863,7.28000020980835,7.400000095367432,74000
2023-04-14,8.399999618530273,8.5,8.0,8.100000381469727,40250
2023-04-17,8.800000190734863,8.890000343322754,8.300000190734863,8.430000305175781,25140
2023-04-18,9.100000381469727,9.149999618530273,8.800000190734863,8.800000190734863,29550
2023-04-19,9.199999809265137,9.199999809265137,8.699999809265137,8.699999809265137,18810
2023-04-20,10.0,10.100000381469727,8.600000381469727,9.199999809265137,71000
2023-04-21,9.300000190734863,10.199999809265137,9.300000190734863,10.199999809265137,230740
2023-04-24,9.020000457763672,9.289999961853027,9.020000457763672,9.199999809265137,10280
2023-04-25,8.220000267028809,9.0,8.210000038146973,8.800000190734863,15520
2023-04-26,8.020000457763672,8.4399995803833,7.820000171661377,8.100000381469727,14720
2023-04-27,8.180000305175781,8.420000076293945,7.900000095367432,8.020000457763672,7380
2023-04-28,7.840000152587891,8.4399995803833,7.099999904632568,8.180000305175781,17180
2023-05-01,8.100000381469727,8.260000228881836,7.559999942779541,7.599999904632568,14960
2023-05-02,7.5,8.300000190734863,7.210000038146973,8.100000381469727,34460
2023-05-03,7.699999809265137,8.0,7.599999904632568,7.699999809265137,7480
2023-05-04,7.840000152587891,8.0,7.630000114440918,7.800000190734863,10240
2023-05-05,8.079999923706055,8.25,7.619999885559082,8.0,12060
2023-05-08,8.149999618530273,8.289999961853027,7.940000057220459,8.0,9200
2023-05-09,8.069999694824219,8.300000190734863,7.71999979019165,8.199999809265137,9100
2023-05-10,8.489999771118164,8.489999771118164,8.029999732971191,8.300000190734863,11810
2023-05-11,8.399999618530273,8.489999771118164,8.220000267028809,8.239999771118164,4940
2023-05-12,8.100000381469727,8.300000190734863,8.0,8.1899995803833,7870
2023-05-15,8.300000190734863,8.390000343322754,8.100000381469727,8.100000381469727,5390
2023-05-16,8.0,8.380000114440918,8.0,8.100000381469727,7850
2023-05-17,7.909999847412109,8.149999618530273,7.699999809265137,8.0,15140
2023-05-18,7.590000152587891,7.980000019073486,7.5,7.800000190734863,10330
2023-05-19,8.270000457763672,8.300000190734863,7.429999828338623,7.519999980926514,21310
2023-05-22,9.0,9.0,8.1899995803833,8.25,21060
2023-05-23,9.239999771118164,9.739999771118164,8.800000190734863,9.0,21430
2023-05-24,8.9399995803833,9.300000190734863,8.640000343322754,9.300000190734863,6510
2023-05-25,9.600000381469727,10.050000190734863,8.600000381469727,8.800000190734863,49830
2023-05-26,9.920000076293945,10.0,9.359999656677246,10.0,23150
2023-05-30,11.199999809265137,11.25,9.5,9.600000381469727,61090
2023-05-31,12.300000190734863,12.300000190734863,11.100000381469727,11.300000190734863,84300
2023-06-01,11.399999618530273,12.399999618530273,11.399999618530273,12.300000190734863,25070
2023-06-02,12.100000381469727,12.300000190734863,11.399999618530273,11.600000381469727,13230
2023-06-05,13.5,13.5600004196167,11.100000381469727,12.0,77440
2023-06-06,14.0,14.300000190734863,13.0,13.5,74820
2023-06-07,14.800000190734863,15.300000190734863,13.5,14.0,84440
2023-06-08,14.699999809265137,15.699999809265137,14.600000381469727,15.0,74780
2023-06-09,15.600000381469727,16.200000762939453,14.699999809265137,15.0,114010
2023-06-12,15.300000190734863,15.899999618530273,13.300000190734863,15.800000190734863,58220
2023-06-13,14.600000381469727,15.5,14.600000381469727,15.300000190734863,17100
2023-06-14,14.699999809265137,15.399999618530273,14.619999885559082,15.0,27740
2023-06-15,14.600000381469727,15.100000381469727,13.899999618530273,14.300000190734863,57340
2023-06-16,15.199999809265137,15.199999809265137,14.300000190734863,14.5,50320
2023-06-20,15.699999809265137,16.200000762939453,14.699999809265137,15.100000381469727,57200
2023-06-21,15.600000381469727,16.0,15.199999809265137,15.899999618530273,42150
2023-06-22,15.800000190734863,16.100000381469727,15.300000190734863,15.600000381469727,75710
2023-06-23,13.300000190734863,15.850000381469727,13.300000190734863,15.800000190734863,84130
2023-06-26,14.100000381469727,14.800000190734863,11.899999618530273,13.0,43400
2023-06-27,14.600000381469727,14.899999618530273,13.520000457763672,13.899999618530273,46710
2023-06-28,15.300000190734863,15.779999732971191,14.0,14.399999618530273,95090
2023-06-29,15.899999618530273,16.100000381469727,14.899999618530273,15.399999618530273,67980
2023-06-30,15.899999618530273,16.299999237060547,15.390000343322754,15.899999618530273,50970
2023-07-03,15.600000381469727,16.0,15.010000228881836,15.899999618530273,20300
2023-07-05,15.699999809265137,16.0,15.199999809265137,15.600000381469727,14430
2023-07-06,15.399999618530273,16.0,15.199999809265137,15.399999618530273,8660
2023-07-07,17.0,17.899999618530273,15.0,15.600000381469727,187170
2023-07-10,18.799999237060547,19.799999237060547,17.200000762939453,17.399999618530273,271110
2023-07-11,19.0,19.600000381469727,18.100000381469727,19.200000762939453,40230
2023-07-12,20.5,21.0,18.899999618530273,19.600000381469727,93030
2023-07-13,20.600000381469727,20.799999237060547,20.0,20.799999237060547,26010
2023-07-14,20.100000381469727,20.8799991607666,19.600000381469727,20.600000381469727,60530
2023-07-17,22.299999237060547,22.299999237060547,20.299999237060547,20.299999237060547,75380
2023-07-18,22.100000381469727,22.899999618530273,21.200000762939453,22.899999618530273,78900
2023-07-19,23.299999237060547,23.399999618530273,22.010000228881836,22.100000381469727,104050
2023-07-20,21.299999237060547,23.299999237060547,21.0,23.299999237060547,88580
2023-07-21,20.700000762939453,22.299999237060547,20.200000762939453,21.200000762939453,90410
2023-07-24,20.100000381469727,21.389999389648438,20.0,20.899999618530273,92600
2023-07-25,17.399999618530273,20.5,17.0,20.100000381469727,115720
2023-07-26,19.700000762939453,19.899999618530273,16.700000762939453,17.0,87390
2023-07-27,18.200000762939453,19.700000762939453,17.600000381469727,19.600000381469727,39210
2023-07-28,20.799999237060547,21.0,18.200000762939453,18.200000762939453,50370
2023-07-31,21.799999237060547,22.200000762939453,20.0,20.600000381469727,35990
2023-08-01,22.299999237060547,22.5,20.600000381469727,21.5,47670
2023-08-02,21.0,22.549999237060547,20.899999618530273,21.5,40700
2023-08-03,21.0,22.299999237060547,20.799999237060547,21.0,28530
2023-08-04,20.299999237060547,21.5,20.149999618530273,20.899999618530273,22850
2023-08-07,18.299999237060547,21.100000381469727,18.200000762939453,20.399999618530273,42300
2023-08-08,18.5,19.100000381469727,17.5,17.959999084472656,44960
2023-08-09,18.5,19.0,18.100000381469727,18.5,13240
2023-08-10,18.299999237060547,19.5,18.200000762939453,18.5,19840
2023-08-11,18.899999618530273,19.809999465942383,18.100000381469727,19.100000381469727,42620
2023-08-14,17.899999618530273,19.100000381469727,17.0,19.100000381469727,46780
2023-08-15,17.899999618530273,18.0,17.5,17.799999237060547,20850
2023-08-16,17.100000381469727,17.809999465942383,16.799999237060547,17.799999237060547,20210
2023-08-17,15.899999618530273,17.200000762939453,15.899999618530273,17.0,31870
2023-08-18,16.0,16.700000762939453,15.699999809265137,15.699999809265137,15060
2023-08-21,15.699999809265137,16.5,15.1899995803833,16.0,16300
2023-08-22,15.399999618530273,15.880000114440918,15.100000381469727,15.100000381469727,18840
2023-08-23,16.700000762939453,16.899999618530273,15.5,15.5,10920
2023-08-24,16.200000762939453,16.799999237060547,16.049999237060547,16.700000762939453,7660
2023-08-25,16.0,16.200000762939453,15.199999809265137,16.100000381469727,28170
2023-08-28,17.200000762939453,17.5,16.200000762939453,16.399999618530273,19460
2023-08-29,18.5,18.600000381469727,16.799999237060547,17.100000381469727,29610
2023-08-30,18.0,18.600000381469727,17.799999237060547,18.5,44510
2023-08-31,17.399999618530273,18.299999237060547,17.25,18.100000381469727,11380
2023-09-01,18.0,18.200000762939453,17.5,17.5,8610
2023-09-05,17.799999237060547,18.5,17.5,18.0,20400
2023-09-06,17.600000381469727,18.389999389648438,17.299999237060547,17.600000381469727,8320
2023-09-07,17.799999237060547,17.799999237060547,17.100000381469727,17.700000762939453,13630
2023-09-08,17.299999237060547,17.700000762939453,17.0,17.700000762939453,57130
2023-09-11,16.600000381469727,17.399999618530273,16.200000762939453,17.299999237060547,16090
2023-09-12,16.299999237060547,17.100000381469727,16.200000762939453,16.299999237060547,22910
2023-09-13,15.199999809265137,16.450000762939453,15.0,16.100000381469727,38570
2023-09-14,15.600000381469727,15.899999618530273,15.100000381469727,15.300000190734863,11390
2023-09-15,15.600000381469727,16.399999618530273,15.199999809265137,15.199999809265137,17770
2023-09-18,15.399999618530273,15.699999809265137,13.699999809265137,14.100000381469727,17230
2023-09-19,15.899999618530273,15.899999618530273,13.600000381469727,15.300000190734863,9850
2023-09-20,16.100000381469727,16.5,15.600000381469727,16.0,7600
2023-09-21,15.5,15.84000015258789,14.510000228881836,15.600000381469727,11080
2023-09-22,16.799999237060547,17.0,15.300000190734863,15.300000190734863,29640
2023-09-25,16.0,16.5,15.699999809265137,16.100000381469727,18430
2023-09-26,17.200000762939453,17.600000381469727,15.649999618530273,15.899999618530273,31470
2023-09-27,16.700000762939453,17.5,16.700000762939453,17.200000762939453,19720
2023-09-28,15.300000190734863,17.0,15.220000267028809,16.700000762939453,12440
2023-09-29,15.0,16.260000228881836,14.699999809265137,15.899999618530273,20750
2023-10-02,12.600000381469727,14.800000190734863,12.600000381469727,14.5,38960
2023-10-03,11.899999618530273,12.550000190734863,11.600000381469727,12.5,29030
2023-10-04,12.0,12.470000267028809,11.600000381469727,12.100000381469727,12970
2023-10-05,11.600000381469727,12.600000381469727,11.5,11.699999809265137,16700
2023-10-06,11.399999618530273,11.899999618530273,11.100000381469727,11.600000381469727,15990
2023-10-09,10.100000381469727,11.300000190734863,9.899999618530273,11.199999809265137,34500
2023-10-10,10.399999618530273,11.489999771118164,10.0,10.0,24830
2023-10-11,10.0,10.600000381469727,10.0,10.199999809265137,13350
2023-10-12,9.989999771118164,10.199999809265137,9.350000381469727,10.0,40280
2023-10-13,9.789999961853027,10.0,9.699999809265137,10.0,10760
2023-10-16,8.800000190734863,10.029999732971191,8.699999809265137,9.850000381469727,69010
2023-10-17,9.399999618530273,10.0,8.609999656677246,8.699999809265137,53430
2023-10-18,10.100000381469727,10.569999694824219,9.100000381469727,9.199999809265137,39020
2023-10-19,8.880000114440918,9.800000190734863,8.880000114440918,9.800000190734863,15550
2023-10-20,9.600000381469727,10.199999809265137,8.899999618530273,8.920000076293945,18000
2023-10-23,9.9399995803833,10.300000190734863,9.100000381469727,9.319999694824219,22450
2023-10-24,9.600000381469727,10.199999809265137,9.210000038146973,9.880000114440918,21700
2023-10-25,9.899999618530273,10.399999618530273,9.399999618530273,9.399999618530273,18600
2023-10-26,10.100000381469727,10.199999809265137,9.359999656677246,9.600000381469727,14870
2023-10-27,9.5,10.199999809265137,9.100000381469727,10.199999809265137,7070
2023-10-30,8.699999809265137,9.630000114440918,8.699999809265137,9.300000190734863,22180
2023-10-31,8.960000038146973,9.430000305175781,8.699999809265137,8.800000190734863,26650
2023-11-01,9.130000114440918,9.1899995803833,8.369999885559082,9.0,15740
2023-11-02,9.710000038146973,10.600000381469727,9.149999618530273,9.399999618530273,30770
2023-11-03,9.3100004196167,10.0,9.3100004196167,9.899999618530273,24580
2023-11-06,9.550000190734863,11.5,9.3100004196167,11.300000190734863,106520
2023-11-07,9.100000381469727,10.5,8.979999542236328,9.800000190734863,18760
2023-11-08,9.199999809265137,9.899999618530273,8.800000190734863,9.300000190734863,20580
2023-11-09,9.100000381469727,9.399999618530273,8.800000190734863,9.260000228881836,12250
2023-11-10,9.369999885559082,9.800000190734863,8.720000267028809,8.720000267028809,13040
2023-11-13,9.050000190734863,9.460000038146973,8.399999618530273,9.300000190734863,39010
2023-11-14,8.609999656677246,9.100000381469727,8.5,8.8100004196167,13510
2023-11-15,8.800000190734863,8.9399995803833,8.300000190734863,8.520000457763672,27300
2023-11-16,8.890000343322754,8.979999542236328,8.3100004196167,8.600000381469727,10080
2023-11-17,9.0,9.140000343322754,8.5,8.630000114440918,12870
2023-11-20,9.140000343322754,9.350000381469727,8.5,9.0,16330
2023-11-21,8.600000381469727,9.180000305175781,8.600000381469727,9.180000305175781,13770
2023-11-22,8.399999618530273,9.399999618530273,8.300000190734863,9.0,16730
2023-11-24,8.800000190734863,9.029999732971191,8.399999618530273,8.5,8560
2023-11-27,8.5,9.09000015258789,8.40999984741211,8.869999885559082,11760
2023-11-28,8.1899995803833,8.9399995803833,8.100000381469727,8.5,20940
2023-11-29,8.199999809265137,8.399999618530273,8.149999618530273,8.149999618530273,6770
2023-11-30,8.09000015258789,8.5,8.0,8.149999618530273,18610
2023-12-01,8.279999732971191,8.289999961853027,7.809999942779541,8.010000228881836,28470
2023-12-04,8.8100004196167,9.0,7.900000095367432,8.119999885559082,93660
2023-12-05,8.850000381469727,8.989999771118164,8.300000190734863,8.319999694824219,24820
2023-12-06,9.229999542236328,9.449999809265137,8.300000190734863,8.829999923706055,18170
2023-12-07,10.100000381469727,10.300000190734863,8.699999809265137,9.229999542236328,57920
2023-12-08,9.0,10.399999618530273,8.800000190734863,10.199999809265137,40850
2023-12-11,8.3100004196167,8.899999618530273,8.119999885559082,8.5,54540
2023-12-12,8.100000381469727,8.5,8.050000190734863,8.079999923706055,34020
2023-12-13,8.399999618530273,8.65999984741211,7.840000152587891,8.100000381469727,46630
2023-12-14,8.079999923706055,8.899999618530273,7.920000076293945,8.520000457763672,35170
2023-12-15,8.149999618530273,8.779999732971191,7.920000076293945,8.100000381469727,21360
2023-12-18,7.730000019073486,8.569999694824219,7.650000095367432,8.0,32550
2023-12-19,7.889999866485596,8.09000015258789,7.650000095367432,7.829999923706055,31350
2023-12-20,7.900000095367432,8.1899995803833,7.699999809265137,7.800000190734863,26740
2023-12-21,7.710000038146973,8.0,7.599999904632568,7.900000095367432,20980
2023-12-22,7.900000095367432,8.220000267028809,7.710000038146973,7.849999904632568,19430
2023-12-26,8.0,8.300000190734863,7.730000019073486,7.900000095367432,21930
2023-12-27,7.53000020980835,8.199999809265137,7.5,8.050000190734863,43250
2023-12-28,7.559999942779541,7.699999809265137,7.5,7.599999904632568,17230
2023-12-29,7.53000020980835,7.800000190734863,7.400000095367432,7.539999961853027,36590
2024-01-02,8.279999732971191,8.300000190734863,7.53000020980835,7.53000020980835,26430
2024-01-03,8.399999618530273,8.670000076293945,7.900000095367432,8.300000190734863,21840
2024-01-04,8.899999618530273,9.100000381469727,8.210000038146973,8.59000015258789,103140
2024-01-05,8.350000381469727,9.130000114440918,8.34000015258789,8.800000190734863,40780
2024-01-08,9.199999809265137,9.699999809265137,8.460000038146973,8.460000038146973,97620
2024-01-09,9.199999809265137,9.5,8.569999694824219,9.399999618530273,26360
2024-01-10,8.699999809265137,9.449999809265137,8.609999656677246,9.399999618530273,31180
2024-01-11,8.779999732971191,9.210000038146973,8.329999923706055,8.899999618530273,43380
2024-01-12,8.510000228881836,9.0,8.5,8.720000267028809,41100
2024-01-16,8.069999694824219,8.600000381469727,8.069999694824219,8.550000190734863,71070
2024-01-17,8.0,8.199999809265137,8.0,8.010000228881836,51740
2024-01-18,8.5,9.399999618530273,8.0,8.100000381469727,420920
2024-01-19,8.479999542236328,8.699999809265137,8.25,8.399999618530273,35960
2024-01-22,8.609999656677246,8.899999618530273,8.300000190734863,8.550000190734863,34830
2024-01-23,8.640000343322754,8.819999694824219,8.5,8.670000076293945,35090
2024-01-24,9.09000015258789,9.100000381469727,8.5,8.789999961853027,43500
2024-01-25,8.949999809265137,10.300000190734863,8.90999984741211,9.100000381469727,123180
2024-01-26,9.399999618530273,9.8100004196167,9.0,9.050000190734863,39770
2024-01-29,10.699999809265137,11.199999809265137,9.5,9.600000381469727,126190
2024-01-30,10.600000381469727,10.899999618530273,10.100000381469727,10.899999618530273,84780
2024-01-31,10.5,10.899999618530273,10.300000190734863,10.699999809265137,53120
2024-02-01,11.899999618530273,11.899999618530273,10.300000190734863,10.399999618530273,126500
2024-02-02,14.199999809265137,15.0,11.90999984741211,12.0,269010
2024-02-05,19.100000381469727,20.899999618530273,15.800000190734863,17.100000381469727,2414660
2024-02-06,25.0,25.700000762939453,17.0,19.899999618530273,689950
2024-02-07,28.100000381469727,28.200000762939453,21.700000762939453,24.299999237060547,670450
2024-02-08,19.700000762939453,29.700000762939453,19.600000381469727,29.5,1518410
2024-02-09,17.299999237060547,20.5,16.799999237060547,19.100000381469727,394030
2024-02-12,19.899999618530273,20.700000762939453,16.600000381469727,18.399999618530273,232640
2024-02-13,22.899999618530273,23.100000381469727,18.0,19.0,341190
2024-02-14,21.0,24.700000762939453,20.5,22.299999237060547,238690
2024-02-15,20.0,22.100000381469727,19.079999923706055,21.799999237060547,547240
2024-02-16,20.299999237060547,22.0,19.5,20.0,297010
2024-02-20,19.600000381469727,21.700000762939453,19.549999237060547,20.299999237060547,129560
2024-02-21,19.700000762939453,20.0,18.18000030517578,19.100000381469727,151880
2024-02-22,21.0,22.399999618530273,19.799999237060547,19.799999237060547,133200
2024-02-23,20.0,22.0,20.0,21.0,109400
2024-02-26,19.5,21.049999237060547,19.0,19.899999618530273,89360
2024-02-27,20.0,20.25,19.0,20.0,136850
2024-02-28,19.700000762939453,22.299999237060547,19.200000762939453,20.399999618530273,116900
2024-02-29,19.799999237060547,20.5,18.700000762939453,19.799999237060547,90250
2024-03-01,19.700000762939453,20.200000762939453,19.100000381469727,19.799999237060547,101300
2024-03-04,19.700000762939453,20.399999618530273,19.399999618530273,19.899999618530273,261140
2024-03-05,18.799999237060547,20.0,18.799999237060547,19.399999618530273,117830
2024-03-06,18.5,19.399999618530273,18.0,19.0,131480
2024-03-07,19.200000762939453,19.899999618530273,18.299999237060547,18.5,132340
2024-03-08,18.799999237060547,20.899999618530273,18.799999237060547,19.5,128730
2024-03-11,17.899999618530273,18.600000381469727,17.5,18.600000381469727,94510
2024-03-12,18.100000381469727,19.100000381469727,17.799999237060547,18.200000762939453,89070
2024-03-13,18.0,18.299999237060547,17.600000381469727,18.0,164350
2024-03-14,17.299999237060547,18.200000762939453,16.700000762939453,17.799999237060547,162720
2024-03-15,17.0,18.5,17.0,17.5,830110
2024-03-18,17.700000762939453,17.899999618530273,16.549999237060547,17.200000762939453,144710
2024-03-19,16.5,18.0,14.0,15.0,408680
2024-03-20,15.199999809265137,16.600000381469727,14.5,16.0,216890
2024-03-21,14.75,17.649999618530273,14.520000457763672,15.6899995803833,256700
2024-03-22,16.059999465942383,16.479999542236328,14.0,14.3100004196167,576600
2024-03-25,14.949999809265137,16.434999465942383,14.859999656677246,15.75,357300
2024-03-26,14.149999618530273,14.920000076293945,13.670000076293945,14.920000076293945,682600
2024-03-27,14.65999984741211,15.15999984741211,13.729999542236328,14.15999984741211,166900
2024-03-28,14.140000343322754,14.8149995803833,13.829999923706055,14.630000114440918,109900
2024-04-01,13.890000343322754,14.210000038146973,13.699999809265137,14.210000038146973,174600
2024-04-02,13.399999618530273,13.670000076293945,13.194000244140625,13.670000076293945,102700
2024-04-03,13.350000381469727,13.61299991607666,13.125,13.399999618530273,167200
2024-04-04,13.170000076293945,14.156000137329102,13.074999809265137,13.359999656677246,166100
2024-04-05,12.619999885559082,13.399999618530273,12.569999694824219,13.210000038146973,241600
2024-04-08,12.579999923706055,13.135000228881836,12.34000015258789,12.670000076293945,213800
2024-04-09,12.010000228881836,12.720000267028809,11.869999885559082,12.529999732971191,511300
2024-04-10,11.979999542236328,12.3100004196167,11.4399995803833,11.90999984741211,371200
2024-04-11,11.970000267028809,12.0600004196167,11.460000038146973,12.010000228881836,280200
2024-04-12,11.729999542236328,12.239999771118164,11.520000457763672,11.949999809265137,151200
2024-04-15,11.529999732971191,12.09000015258789,11.369999885559082,11.720000267028809,99400
2024-04-16,11.609999656677246,12.015000343322754,11.430000305175781,11.520000457763672,60900
2024-04-17,11.350000381469727,11.680000305175781,11.220000267028809,11.640000343322754,68000
2024-04-18,11.149999618530273,11.574999809265137,11.005000114440918,11.220000267028809,103600
2024-04-19,11.34000015258789,11.34000015258789,10.920000076293945,11.149999618530273,138900
2024-04-22,11.34000015258789,11.71500015258789,11.220000267028809,11.369999885559082,168200
2024-04-23,11.0,11.869999885559082,10.920000076293945,11.3100004196167,305000
2024-04-24,10.1899995803833,11.210000038146973,10.1899995803833,11.069999694824219,404700
2024-04-25,9.390000343322754,10.21500015258789,9.34000015258789,10.199999809265137,847500
2024-04-26,9.1899995803833,10.100000381469727,9.109999656677246,9.600000381469727,798700
2024-04-29,9.529999732971191,9.96399974822998,8.760000228881836,9.289999961853027,811500
2024-04-30,9.720000267028809,10.979999542236328,9.680000305175781,10.0600004196167,294400
2024-05-01,9.789999961853027,10.244999885559082,9.5600004196167,9.600000381469727,203500
2024-05-02,10.0,10.149999618530273,9.5,10.109999656677246,374200
2024-05-03,10.430000305175781,10.6899995803833,10.0,10.100000381469727,900500
2024-05-06,10.65999984741211,10.670000076293945,10.079999923706055,10.489999771118164,206600
2024-05-07,10.34000015258789,10.84000015258789,10.300000190734863,10.630000114440918,340300
2024-05-08,9.8100004196167,10.170000076293945,9.600000381469727,10.170000076293945,200500
2024-05-09,9.609999656677246,9.930000305175781,9.4399995803833,9.779999732971191,212200
2024-05-10,9.300000190734863,10.760000228881836,9.1899995803833,9.449999809265137,340300
2024-05-13,9.170000076293945,9.470000267028809,9.039999961853027,9.329999923706055,218200
2024-05-14,8.930000305175781,9.449999809265137,8.779999732971191,9.270000457763672,232600
2024-05-15,8.75,9.0600004196167,8.680000305175781,9.0,252900
2024-05-16,8.25,8.770000457763672,8.149999618530273,8.770000457763672,353800
2024-05-17,8.039999961853027,8.380000114440918,7.849999904632568,8.170000076293945,1794600
2024-05-20,8.25,8.489999771118164,8.010000228881836,8.039999961853027,572700
2024-05-21,7.860000133514404,8.789999961853027,7.809999942779541,8.380000114440918,808100
2024-05-22,7.900000095367432,8.1899995803833,7.699999809265137,7.840000152587891,297700
2024-05-23,7.829999923706055,7.940000057220459,7.449999809265137,7.909999847412109,364300
2024-05-24,7.599999904632568,7.820000171661377,7.559999942779541,7.820000171661377,212100
2024-05-28,7.659999847412109,7.860000133514404,7.239999771118164,7.559999942779541,256000
2024-05-29,8.020000457763672,8.020000457763672,7.510000228881836,7.559999942779541,182100
2024-05-30,7.809999942779541,7.994999885559082,7.760000228881836,7.900000095367432,61800
2024-05-31,7.920000076293945,8.350000381469727,7.829999923706055,7.829999923706055,296000
2024-06-03,7.75,8.050999641418457,7.650000095367432,7.869999885559082,170000
2024-06-04,7.519999980926514,7.789999961853027,7.460000038146973,7.75,110900
2024-06-05,7.579999923706055,7.659999847412109,7.380000114440918,7.480000019073486,104200
2024-06-06,7.449999809265137,7.650000095367432,7.409999847412109,7.599999904632568,92200
2024-06-07,7.349999904632568,7.489999771118164,7.269999980926514,7.400000095367432,93800
2024-06-10,7.5,7.550000190734863,7.260000228881836,7.340000152587891,78700
2024-06-11,7.309999942779541,7.5,7.260000228881836,7.489999771118164,175800
2024-06-12,7.869999885559082,8.039999961853027,7.28000020980835,7.28000020980835,250200
2024-06-13,8.09000015258789,8.163000106811523,7.539999961853027,7.840000152587891,199800
2024-06-14,7.619999885559082,8.09000015258789,7.599999904632568,8.069999694824219,156400
2024-06-17,7.320000171661377,7.590000152587891,7.270999908447266,7.590000152587891,129000
2024-06-18,6.590000152587891,7.400000095367432,6.590000152587891,7.28000020980835,328900
2024-06-20,6.559999942779541,6.739999771118164,6.380000114440918,6.570000171661377,189900
2024-06-21,6.730000019073486,6.820000171661377,6.449999809265137,6.590000152587891,148500
2024-06-24,6.840000152587891,6.989999771118164,6.599999904632568,6.78000020980835,116600
2024-06-25,6.909999847412109,7.331999778747559,6.849999904632568,7.090000152587891,399000
2024-06-26,6.980000019073486,7.164999961853027,6.610000133514404,6.840000152587891,306000
2024-06-27,6.980000019073486,7.414000034332275,6.840000152587891,6.940000057220459,365500
2024-06-28,6.860000133514404,7.099999904632568,6.599999904632568,7.010000228881836,2980600
2024-07-01,6.96999979019165,7.0,6.579999923706055,6.980000019073486,408500
2024-07-02,6.840000152587891,7.050000190734863,6.669000148773193,6.900000095367432,543400
2024-07-03,7.130000114440918,7.150000095367432,6.835000038146973,6.849999904632568,107800
2024-07-05,6.889999866485596,7.158999919891357,6.760000228881836,7.090000152587891,199300
2024-07-08,7.179999828338623,7.300000190734863,6.885000228881836,6.940000057220459,215200
2024-07-09,7.46999979019165,7.550000190734863,7.040999889373779,7.119999885559082,196500
2024-07-10,7.78000020980835,7.980000019073486,7.420000076293945,7.510000228881836,423300
2024-07-11,7.789999961853027,8.279999732971191,7.75,7.849999904632568,363600
2024-07-12,7.909999847412109,8.119999885559082,7.53000020980835,7.840000152587891,225800
2024-07-15,8.670000076293945,8.75,7.949999809265137,7.989999771118164,394800
2024-07-16,8.920000076293945,9.210000038146973,8.529999732971191,8.770000457763672,333800
2024-07-17,8.779999732971191,8.805000305175781,6.900000095367432,8.050000190734863,2211600
2024-07-18,9.479999542236328,10.140000343322754,8.210000038146973,8.489999771118164,1197300
2024-07-19,8.170000076293945,9.946999549865723,8.0,9.770000457763672,558300
2024-07-22,7.760000228881836,8.463000297546387,7.440000057220459,8.220000267028809,413000
2024-07-23,7.840000152587891,8.050000190734863,7.539999961853027,7.699999809265137,283900
2024-07-24,7.869999885559082,8.069999694824219,7.670000076293945,7.800000190734863,419600
2024-07-25,8.09000015258789,8.539999961853027,7.808000087738037,7.840000152587891,341900
2024-07-26,8.170000076293945,8.579999923706055,7.809999942779541,8.220000267028809,300600
2024-07-29,7.559999942779541,8.220000267028809,7.460000038146973,8.140000343322754,226000
2024-07-30,7.420000076293945,7.630000114440918,7.113999843597412,7.539999961853027,270700
2024-07-31,7.420000076293945,7.639999866485596,7.170000076293945,7.460000038146973,245700
2024-08-01,7.570000171661377,7.929999828338623,7.230000019073486,7.840000152587891,261000
2024-08-02,7.150000095367432,7.769999980926514,7.110000133514404,7.349999904632568,220800
2024-08-05,6.71999979019165,6.929999828338623,6.429999828338623,6.880000114440918,403200
2024-08-06,6.699999809265137,6.849999904632568,6.539999961853027,6.71999979019165,124900
2024-08-07,6.75,7.050000190734863,6.659999847412109,6.760000228881836,157300
2024-08-08,6.920000076293945,7.130000114440918,6.75,6.849999904632568,315000
2024-08-09,6.559999942779541,7.039999961853027,6.550000190734863,6.920000076293945,104500
2024-08-12,6.489999771118164,6.670000076293945,6.389999866485596,6.559999942779541,133700
2024-08-13,6.760000228881836,7.019999980926514,6.550000190734863,6.550000190734863,160300
2024-08-14,6.449999809265137,6.989999771118164,6.389999866485596,6.769999980926514,187800
2024-08-15,6.53000020980835,6.715000152587891,6.510000228881836,6.53000020980835,120100
2024-08-16,6.820000171661377,6.909999847412109,6.429999828338623,6.550000190734863,199100
2024-08-19,7.25,7.340000152587891,6.769999980926514,6.769999980926514,274300
2024-08-20,6.909999847412109,7.389999866485596,6.909999847412109,7.25,227800
2024-08-21,7.190000057220459,7.260000228881836,6.820000171661377,6.949999809265137,374200
2024-08-22,7.050000190734863,7.210000038146973,6.809999942779541,7.210000038146973,105600
2024-08-23,7.320000171661377,7.369999885559082,7.010000228881836,7.050000190734863,114400
2024-08-26,7.46999979019165,7.579999923706055,7.159999847412109,7.369999885559082,247300
2024-08-27,7.239999771118164,7.449999809265137,7.079999923706055,7.449999809265137,75400
2024-08-28,6.920000076293945,7.28000020980835,6.610000133514404,7.170000076293945,273300
2024-08-29,6.880000114440918,7.090000152587891,6.840000152587891,6.96999979019165,164900
2024-08-30,6.940000057220459,6.989999771118164,6.699999809265137,6.889999866485596,87000
2024-09-03,6.760000228881836,7.130000114440918,6.730000019073486,6.909999847412109,102300
2024-09-04,6.769999980926514,6.985000133514404,6.639999866485596,6.730000019073486,131000
2024-09-05,6.820000171661377,7.0,6.659999847412109,6.869999885559082,112900
2024-09-06,6.760000228881836,6.829999923706055,6.539999961853027,6.809999942779541,101900
2024-09-09,6.960000038146973,7.070000171661377,6.769999980926514,6.78000020980835,124500
2024-09-10,7.179999828338623,7.199999809265137,6.900000095367432,7.0,93600
2024-09-11,7.03000020980835,7.179999828338623,6.900000095367432,7.139999866485596,105300
2024-09-12,7.050000190734863,7.21999979019165,6.929999828338623,7.050000190734863,133900
2024-09-13,7.230000019073486,7.380000114440918,7.052000045776367,7.110000133514404,99800
2024-09-16,7.210000038146973,7.489999771118164,7.1579999923706055,7.289999961853027,176200
2024-09-17,7.300000190734863,7.670000076293945,7.135000228881836,7.300000190734863,180100
2024-09-18,6.989999771118164,7.423999786376953,6.96999979019165,7.300000190734863,342900
2024-09-19,7.5,7.659999847412109,7.119999885559082,7.119999885559082,231400
2024-09-20,7.489999771118164,7.689000129699707,7.380000114440918,7.420000076293945,281900
2024-09-23,6.880000114440918,7.480000019073486,6.880000114440918,7.480000019073486,160600
2024-09-24,6.940000057220459,7.110000133514404,6.864999771118164,6.909999847412109,289000
2024-09-25,6.590000152587891,7.03000020980835,6.570000171661377,6.949999809265137,135300
2024-09-26,6.610000133514404,6.769999980926514,6.519999980926514,6.659999847412109,128800
2024-09-27,6.940000057220459,7.079999923706055,6.659999847412109,6.730000019073486,108800
2024-09-30,7.019999980926514,7.110000133514404,6.900000095367432,6.900000095367432,76200
2024-10-01,6.590000152587891,6.985000133514404,6.539999961853027,6.949999809265137,214400
2024-10-02,6.820000171661377,7.025000095367432,6.53000020980835,6.53000020980835,1014600
2024-10-03,7.28000020980835,7.489999771118164,6.710000038146973,6.789999961853027,191500
2024-10-04,7.53000020980835,7.699999809265137,7.190000057220459,7.409999847412109,381500
2024-10-07,7.440000057220459,8.140000343322754,7.400000095367432,7.570000171661377,335600
2024-10-08,7.610000133514404,7.90500020980835,7.409999847412109,7.409999847412109,126200
2024-10-09,7.519999980926514,7.863999843597412,7.320000171661377,7.559999942779541,214800
2024-10-10,7.440000057220459,7.46999979019165,7.199999809265137,7.420000076293945,134500
2024-10-11,7.650000095367432,7.670000076293945,7.400000095367432,7.440000057220459,134200
2024-10-14,7.730000019073486,7.849999904632568,7.440000057220459,7.650000095367432,168100
2024-10-15,7.690000057220459,7.860000133514404,7.559999942779541,7.71999979019165,150000
2024-10-16,8.210000038146973,8.210000038146973,7.769999980926514,7.789999961853027,242100
2024-10-17,8.079999923706055,8.300000190734863,7.929999828338623,8.199999809265137,198200
2024-10-18,8.479999542236328,8.5600004196167,8.020000457763672,8.079999923706055,166700
2024-10-21,8.260000228881836,8.529999732971191,8.180000305175781,8.4399995803833,211400
2024-10-22,8.140000343322754,8.329999923706055,8.079999923706055,8.279999732971191,183000
2024-10-23,8.119999885559082,8.270000457763672,7.900000095367432,8.020000457763672,142700
2024-10-24,8.079999923706055,8.270000457763672,8.029999732971191,8.170000076293945,97100
2024-10-25,7.980000019073486,8.210000038146973,7.900000095367432,8.210000038146973,92400
2024-10-28,7.920000076293945,8.199999809265137,7.860000133514404,8.020000457763672,235500
2024-10-29,7.760000228881836,8.010000228881836,7.619999885559082,7.960000038146973,171000
2024-10-30,7.880000114440918,8.069999694824219,7.710999965667725,7.739999771118164,187500
2024-10-31,7.295000076293945,7.900000095367432,7.289999961853027,7.900000095367432,130300
2024-11-01,7.409999847412109,7.505000114440918,7.170000076293945,7.320000171661377,175800
2024-11-04,7.539999961853027,7.730000019073486,7.295000076293945,7.489999771118164,127600
2024-11-05,7.71999979019165,7.767000198364258,7.260000228881836,7.53000020980835,104800
2024-11-06,7.940000057220459,8.079999923706055,7.760000228881836,8.020000457763672,187700
2024-11-07,7.900000095367432,8.119999885559082,7.869999885559082,7.980000019073486,110600
2024-11-08,8.0,8.0600004196167,7.829999923706055,7.909999847412109,126200
2024-11-11,7.760000228881836,8.180000305175781,7.75,8.180000305175781,147000
2024-11-12,7.889999866485596,7.96999979019165,7.590000152587891,7.789999961853027,202200
2024-11-13,7.559999942779541,8.050000190734863,7.53000020980835,7.900000095367432,124400
2024-11-14,7.25,7.639999866485596,7.224999904632568,7.639999866485596,204400
2024-11-15,6.860000133514404,7.289999961853027,6.809999942779541,7.289999961853027,233600
2024-11-18,6.849999904632568,7.729000091552734,6.849999904632568,7.300000190734863,413000
2024-11-19,6.25,6.900000095367432,6.139999866485596,6.860000133514404,623100
2024-11-20,6.170000076293945,6.340000152587891,6.0,6.260000228881836,221300
2024-11-21,5.75,6.159999847412109,5.699999809265137,6.110000133514404,873700
2024-11-22,6.039999961853027,6.150000095367432,5.690000057220459,5.75,452100
2024-11-25,6.150000095367432,6.329999923706055,6.099999904632568,6.130000114440918,206600
2024-11-26,6.159999847412109,6.199999809265137,5.980000019073486,6.130000114440918,133200
2024-11-27,6.449999809265137,6.454999923706055,6.190000057220459,6.21999979019165,292200
2024-11-29,6.639999866485596,6.880000114440918,6.519999980926514,6.519999980926514,196100
2024-12-02,6.880000114440918,6.980000019073486,6.664999961853027,6.75,241000
2024-12-03,6.329999923706055,6.909999847412109,6.239999771118164,6.860000133514404,219600
2024-12-04,6.0,6.449999809265137,5.929999828338623,6.340000152587891,255000
2024-12-05,5.690000057220459,6.050000190734863,5.630000114440918,5.96999979019165,237600
2024-12-06,5.909999847412109,6.050000190734863,5.699999809265137,5.699999809265137,137600
2024-12-09,5.849999904632568,6.119999885559082,5.820000171661377,5.920000076293945,189600
2024-12-10,5.889999866485596,5.900000095367432,5.650000095367432,5.889999866485596,280600
2024-12-11,5.929999828338623,6.070000171661377,5.71999979019165,5.920000076293945,257200
2024-12-12,5.71999979019165,5.949999809265137,5.670000076293945,5.929999828338623,165100
2024-12-13,5.369999885559082,5.71999979019165,5.360000133514404,5.710000038146973,310600
2024-12-16,5.260000228881836,5.480000019073486,5.210000038146973,5.369999885559082,217200
2024-12-17,5.230000019073486,5.289999961853027,4.96999979019165,5.230000019073486,316400
2024-12-18,4.809999942779541,5.329999923706055,4.760000228881836,5.269999980926514,371400
2024-12-19,4.699999809265137,4.849999904632568,4.659999847412109,4.840000152587891,191000
2024-12-20,4.739999771118164,4.889999866485596,4.610000133514404,4.610000133514404,276100
2024-12-23,4.739999771118164,4.826000213623047,4.590000152587891,4.690000057220459,184700
2024-12-24,4.739999771118164,4.75,4.598999977111816,4.75,57100
2024-12-26,5.019999980926514,5.050000190734863,4.590000152587891,4.739999771118164,314600
2024-12-27,4.800000190734863,5.150000095367432,4.78000020980835,5.039999961853027,265200
2024-12-30,4.690000057220459,4.7779998779296875,4.579999923706055,4.710000038146973,149600
2024-12-31,4.670000076293945,4.736999988555908,4.420000076293945,4.670000076293945,262900
2025-01-02,4.800000190734863,5.050000190734863,4.75,4.75,189700
2025-01-03,5.010000228881836,5.070000171661377,4.820000171661377,4.820000171661377,156200
2025-01-06,4.789999961853027,5.110000133514404,4.769999980926514,5.050000190734863,184400
2025-01-07,4.789999961853027,5.059999942779541,4.730000019073486,4.789999961853027,110800
2025-01-08,4.519999980926514,4.829999923706055,4.445000171661377,4.769999980926514,201800
2025-01-10,4.269999980926514,4.510000228881836,4.230000019073486,4.429999828338623,218100
2025-01-13,4.199999809265137,4.25,4.010000228881836,4.210000038146973,206500
2025-01-14,4.25,4.369999885559082,4.010000228881836,4.21999979019165,313900
2025-01-15,4.659999847412109,4.78000020980835,4.309999942779541,4.340000152587891,275900
2025-01-16,4.289999961853027,4.699999809265137,4.202000141143799,4.699999809265137,176200
2025-01-17,4.329999923706055,4.380000114440918,4.21999979019165,4.329999923706055,120400
2025-01-21,4.400000095367432,4.480000019073486,4.300000190734863,4.329999923706055,197600
2025-01-22,4.46999979019165,4.539999961853027,4.389999866485596,4.420000076293945,81300
2025-01-23,4.510000228881836,4.519999980926514,4.34499979019165,4.409999847412109,65300
2025-01-24,4.489999771118164,4.570000171661377,4.369999885559082,4.489999771118164,74900
2025-01-27,4.78000020980835,4.840000152587891,4.369999885559082,4.369999885559082,343369
