Price,Close,High,Low,Open,Volume
Ticker,ALTS,ALTS,ALTS,ALTS,ALTS
Date,,,,,
2020-01-28,3.1700000762939453,3.4000000953674316,3.059999942779541,3.4000000953674316,73800
2020-01-29,3.1600000858306885,3.2699999809265137,3.0299999713897705,3.2699999809265137,36100
2020-01-30,3.109999895095825,3.200000047683716,3.049999952316284,3.0799999237060547,19800
2020-01-31,3.0399999618530273,3.0999999046325684,3.0,3.049999952316284,29300
2020-02-03,3.2200000286102295,3.2200000286102295,3.0,3.049999952316284,22200
2020-02-04,3.319999933242798,3.3399999141693115,3.0999999046325684,3.119999885559082,19400
2020-02-05,3.130000114440918,3.319999933242798,3.109999895095825,3.2200000286102295,4300
2020-02-06,4.119999885559082,6.400000095367432,3.9200000762939453,6.380000114440918,7779700
2020-02-07,3.8499999046325684,3.9100000858306885,3.5299999713897705,3.799999952316284,419000
2020-02-10,3.549999952316284,3.819999933242798,3.440000057220459,3.819999933242798,102700
2020-02-11,3.509999990463257,3.859999895095825,3.4000000953674316,3.4100000858306885,180800
2020-02-12,3.5199999809265137,3.700000047683716,3.430000066757202,3.490000009536743,57200
2020-02-13,3.6500000953674316,3.759999990463257,3.319999933242798,3.450000047683716,104700
2020-02-14,3.5899999141693115,3.6500000953674316,3.559999942779541,3.5799999237060547,16100
2020-02-18,3.5899999141693115,3.5899999141693115,3.450000047683716,3.5299999713897705,49700
2020-02-19,3.569999933242798,3.690000057220459,3.359999895095825,3.690000057220459,37500
2020-02-20,3.5,3.5799999237060547,3.450000047683716,3.4600000381469727,18100
2020-02-21,3.700000047683716,3.7899999618530273,3.2899999618530273,3.5,71400
2020-02-24,3.549999952316284,3.6500000953674316,3.4200000762939453,3.490000009536743,10300
2020-02-25,3.5199999809265137,3.680000066757202,3.4700000286102295,3.4700000286102295,30400
2020-02-26,3.5399999618530273,3.619999885559082,3.490000009536743,3.5199999809265137,20400
2020-02-27,3.549999952316284,3.559999942779541,3.359999895095825,3.4200000762939453,42400
2020-02-28,3.5,3.5799999237060547,3.4200000762939453,3.430000066757202,17700
2020-03-02,3.7300000190734863,3.799999952316284,3.4200000762939453,3.450000047683716,39400
2020-03-03,3.700000047683716,3.75,3.559999942779541,3.7300000190734863,16000
2020-03-04,3.9000000953674316,4.039999961853027,3.5999999046325684,3.609999895095825,53400
2020-03-05,3.7799999713897705,3.930000066757202,3.7799999713897705,3.9000000953674316,15200
2020-03-06,3.799999952316284,3.8399999141693115,3.5999999046325684,3.7200000286102295,25700
2020-03-09,3.5299999713897705,3.7300000190734863,3.4600000381469727,3.5999999046325684,28700
2020-03-10,3.680000066757202,3.690000057220459,3.299999952316284,3.5899999141693115,33400
2020-03-11,3.559999942779541,3.569999933242798,3.380000114440918,3.5299999713897705,8600
2020-03-12,3.440000057220459,3.4800000190734863,3.2300000190734863,3.299999952316284,38600
2020-03-13,3.2899999618530273,3.5799999237060547,3.240000009536743,3.4700000286102295,10700
2020-03-16,2.7699999809265137,3.2799999713897705,2.7699999809265137,3.2799999713897705,33500
2020-03-17,2.630000114440918,3.3499999046325684,2.5399999618530273,3.3499999046325684,16000
2020-03-18,2.049999952316284,2.5199999809265137,2.049999952316284,2.5199999809265137,10000
2020-03-19,2.240000009536743,2.380000114440918,2.009999990463257,2.059999942779541,9400
2020-03-20,2.3499999046325684,2.5799999237060547,2.3399999141693115,2.3399999141693115,10200
2020-03-23,2.130000114440918,2.490000009536743,2.069999933242798,2.490000009536743,3900
2020-03-24,2.309999942779541,2.5,2.109999895095825,2.109999895095825,51200
2020-03-25,2.25,2.4000000953674316,2.140000104904175,2.390000104904175,18300
2020-03-26,2.309999942779541,2.3299999237060547,2.190000057220459,2.2100000381469727,4300
2020-03-27,2.2300000190734863,2.380000114440918,2.180000066757202,2.2799999713897705,15300
2020-03-30,2.359999895095825,2.490000009536743,2.2300000190734863,2.2300000190734863,10400
2020-03-31,2.240000009536743,2.3399999141693115,2.140000104904175,2.2100000381469727,27300
2020-04-01,2.1600000858306885,2.259999990463257,2.1500000953674316,2.259999990463257,7500
2020-04-02,2.0999999046325684,2.190000057220459,2.049999952316284,2.049999952316284,3000
2020-04-03,2.130000114440918,2.190000057220459,2.0999999046325684,2.119999885559082,4100
2020-04-06,2.2300000190734863,2.2799999713897705,2.059999942779541,2.059999942779541,23300
2020-04-07,2.5799999237060547,2.799999952316284,2.1500000953674316,2.200000047683716,54000
2020-04-08,2.890000104904175,2.990000009536743,2.740000009536743,2.9000000953674316,28400
2020-04-09,2.690000057220459,2.9700000286102295,2.5799999237060547,2.9000000953674316,35200
2020-04-13,2.609999895095825,2.680000066757202,2.4000000953674316,2.609999895095825,9400
2020-04-14,2.6700000762939453,2.950000047683716,2.4800000190734863,2.509999990463257,13000
2020-04-15,2.559999942779541,2.6500000953674316,2.450000047683716,2.6500000953674316,3200
2020-04-16,2.619999885559082,2.930000066757202,2.509999990463257,2.509999990463257,6800
2020-04-17,2.549999952316284,2.819999933242798,2.549999952316284,2.5999999046325684,12200
2020-04-20,2.680000066757202,2.890000104904175,2.509999990463257,2.509999990463257,8000
2020-04-21,2.569999933242798,2.759999990463257,2.569999933242798,2.569999933242798,6000
2020-04-22,2.5999999046325684,2.5999999046325684,2.549999952316284,2.549999952316284,900
2020-04-23,2.5799999237060547,2.690000057220459,2.5199999809265137,2.6500000953674316,8400
2020-04-24,2.569999933242798,2.740000009536743,2.549999952316284,2.740000009536743,1900
2020-04-27,2.619999885559082,2.640000104904175,2.5,2.5899999141693115,8300
2020-04-28,2.5999999046325684,2.9100000858306885,2.5,2.630000114440918,21100
2020-04-29,2.5899999141693115,2.6500000953674316,2.5299999713897705,2.609999895095825,7900
2020-04-30,2.609999895095825,2.680000066757202,2.5399999618530273,2.680000066757202,2500
2020-05-01,2.549999952316284,2.630000114440918,2.5399999618530273,2.5899999141693115,4800
2020-05-04,2.619999885559082,2.619999885559082,2.4600000381469727,2.4600000381469727,5000
2020-05-05,2.5899999141693115,2.630000114440918,2.4200000762939453,2.630000114440918,4800
2020-05-06,2.549999952316284,2.630000114440918,2.450000047683716,2.5199999809265137,12700
2020-05-07,2.5399999618530273,2.6500000953674316,2.2300000190734863,2.6500000953674316,16800
2020-05-08,2.5299999713897705,2.5999999046325684,2.5,2.5999999046325684,3500
2020-05-11,2.450000047683716,2.6500000953674316,2.319999933242798,2.6500000953674316,20000
2020-05-12,2.3299999237060547,2.559999942779541,2.3299999237060547,2.450000047683716,17200
2020-05-13,2.380000114440918,2.4700000286102295,2.259999990463257,2.3499999046325684,10000
2020-05-14,2.380000114440918,2.390000104904175,2.3499999046325684,2.3499999046325684,3100
2020-05-15,2.4700000286102295,2.490000009536743,2.319999933242798,2.3499999046325684,13900
2020-05-18,2.6600000858306885,2.6600000858306885,2.3499999046325684,2.3499999046325684,17100
2020-05-19,2.680000066757202,2.690000057220459,2.559999942779541,2.569999933242798,14400
2020-05-20,2.799999952316284,2.9200000762939453,2.609999895095825,2.609999895095825,20100
2020-05-21,2.6500000953674316,2.809999942779541,2.630000114440918,2.809999942779541,5500
2020-05-22,2.859999895095825,2.890000104904175,2.759999990463257,2.890000104904175,11100
2020-05-26,3.0999999046325684,3.5,2.7699999809265137,2.819999933242798,65100
2020-05-27,3.3499999046325684,3.390000104904175,3.1600000858306885,3.200000047683716,19200
2020-05-28,3.1600000858306885,3.5999999046325684,2.8399999141693115,3.4000000953674316,42100
2020-05-29,3.1600000858306885,3.3399999141693115,3.049999952316284,3.1600000858306885,9600
2020-06-01,3.2799999713897705,3.490000009536743,3.0999999046325684,3.140000104904175,35700
2020-06-02,3.359999895095825,3.5,3.180000066757202,3.390000104904175,26100
2020-06-03,3.4200000762939453,3.5,3.240000009536743,3.3499999046325684,21600
2020-06-04,3.2300000190734863,3.5,3.2300000190734863,3.5,24900
2020-06-05,3.180000066757202,3.259999990463257,3.180000066757202,3.259999990463257,6400
2020-06-08,3.1600000858306885,3.180000066757202,3.069999933242798,3.1600000858306885,5800
2020-06-09,3.2300000190734863,3.359999895095825,3.1500000953674316,3.359999895095825,9900
2020-06-10,3.25,3.4700000286102295,3.1500000953674316,3.2300000190734863,13300
2020-06-11,2.809999942779541,3.140000104904175,2.809999942779541,3.140000104904175,21600
2020-06-12,2.950000047683716,2.990000009536743,2.809999942779541,2.819999933242798,7300
2020-06-15,3.069999933242798,3.180000066757202,3.059999942779541,3.059999942779541,9600
2020-06-16,3.3499999046325684,3.6500000953674316,3.109999895095825,3.3399999141693115,107400
2020-06-17,3.6700000762939453,3.8499999046325684,3.4000000953674316,3.5,163900
2020-06-18,3.380000114440918,5.139999866485596,3.009999990463257,5.139999866485596,1274500
2020-06-19,3.380000114440918,3.430000066757202,3.109999895095825,3.369999885559082,96200
2020-06-22,3.0999999046325684,3.25,3.009999990463257,3.009999990463257,59900
2020-06-23,3.2100000381469727,3.299999952316284,3.0999999046325684,3.1500000953674316,23900
2020-06-24,3.0999999046325684,3.259999990463257,3.0999999046325684,3.109999895095825,18500
2020-06-25,3.109999895095825,3.25,3.0199999809265137,3.180000066757202,43500
2020-06-26,3.0,3.2200000286102295,2.859999895095825,3.180000066757202,63100
2020-06-29,3.0,3.0399999618530273,2.9100000858306885,3.0,30900
2020-06-30,3.200000047683716,3.200000047683716,3.0199999809265137,3.0199999809265137,16900
2020-07-01,3.2100000381469727,3.2799999713897705,3.130000114440918,3.2799999713897705,17300
2020-07-02,3.190000057220459,3.25,3.109999895095825,3.1500000953674316,9300
2020-07-06,3.2300000190734863,3.369999885559082,3.1500000953674316,3.1500000953674316,42900
2020-07-07,3.259999990463257,3.3299999237060547,3.200000047683716,3.2300000190734863,5900
2020-07-08,3.450000047683716,3.559999942779541,3.140000104904175,3.25,146300
2020-07-09,3.4200000762939453,3.509999990463257,3.309999942779541,3.509999990463257,16600
2020-07-10,3.559999942779541,3.630000114440918,3.309999942779541,3.490000009536743,51200
2020-07-13,3.2699999809265137,3.569999933242798,3.2699999809265137,3.5199999809265137,18000
2020-07-14,3.069999933242798,3.359999895095825,3.069999933242798,3.2699999809265137,18700
2020-07-15,3.180000066757202,3.2799999713897705,3.0799999237060547,3.0799999237060547,13900
2020-07-16,3.3299999237060547,3.640000104904175,3.1500000953674316,3.2699999809265137,96800
2020-07-17,3.369999885559082,3.5,3.299999952316284,3.4000000953674316,18800
2020-07-20,3.490000009536743,3.5299999713897705,3.25,3.5,36200
2020-07-21,3.559999942779541,5.650000095367432,3.509999990463257,5.650000095367432,3019700
2020-07-22,3.490000009536743,3.559999942779541,3.25,3.450000047683716,232000
2020-07-23,3.390000104904175,3.490000009536743,3.25,3.490000009536743,43700
2020-07-24,3.4000000953674316,3.490000009536743,3.2100000381469727,3.25,66200
2020-07-27,3.490000009536743,3.5,3.259999990463257,3.2699999809265137,43300
2020-07-28,3.5399999618530273,3.549999952316284,3.2799999713897705,3.380000114440918,41100
2020-07-29,3.740000009536743,3.8499999046325684,3.490000009536743,3.5,165000
2020-07-30,3.859999895095825,3.9000000953674316,3.559999942779541,3.640000104904175,71400
2020-07-31,3.940000057220459,4.090000152587891,3.740000009536743,3.869999885559082,157000
2020-08-03,4.21999979019165,4.269999980926514,3.8499999046325684,3.9200000762939453,108700
2020-08-04,4.150000095367432,4.420000076293945,4.059999942779541,4.139999866485596,123200
2020-08-05,3.9800000190734863,4.139999866485596,3.9000000953674316,4.130000114440918,51100
2020-08-06,5.389999866485596,6.400000095367432,3.7899999618530273,3.9200000762939453,2490000
2020-08-07,4.159999847412109,5.199999809265137,3.9700000286102295,4.659999847412109,851000
2020-08-10,4.829999923706055,5.050000190734863,4.269999980926514,4.28000020980835,590400
2020-08-11,5.010000228881836,6.519999980926514,4.619999885559082,4.840000152587891,4465400
2020-08-12,5.090000152587891,5.159999847412109,4.480000019073486,5.099999904632568,221200
2020-08-13,4.53000020980835,5.079999923706055,4.449999809265137,5.079999923706055,114900
2020-08-14,4.550000190734863,4.789999961853027,4.360000133514404,4.449999809265137,49000
2020-08-17,4.75,4.900000095367432,4.349999904632568,4.489999771118164,60900
2020-08-18,5.059999942779541,5.170000076293945,4.690000057220459,5.0,302600
2020-08-19,5.860000133514404,6.150000095367432,5.150000095367432,5.170000076293945,1143400
2020-08-20,6.269999980926514,7.46999979019165,5.800000190734863,5.800000190734863,2837500
2020-08-21,7.150000095367432,8.15999984741211,6.010000228881836,6.059999942779541,8243900
2020-08-24,7.730000019073486,7.800000190734863,6.610000133514404,6.989999771118164,797600
2020-08-25,7.25,7.800000190734863,7.0,7.639999866485596,331600
2020-08-26,7.329999923706055,9.100000381469727,6.820000171661377,7.130000114440918,2683900
2020-08-27,7.630000114440918,8.130000114440918,7.269999980926514,7.360000133514404,574500
2020-08-28,7.789999961853027,8.539999961853027,7.610000133514404,7.760000228881836,955500
2020-08-31,6.980000019073486,7.840000152587891,6.889999866485596,7.840000152587891,375900
2020-09-01,6.539999961853027,7.019999980926514,6.409999847412109,7.0,147700
2020-09-02,6.179999828338623,6.480000019073486,5.949999809265137,6.449999809265137,311000
2020-09-03,5.829999923706055,7.059999942779541,5.829999923706055,6.070000171661377,306900
2020-09-04,6.0,6.199999809265137,5.510000228881836,5.769999980926514,191900
2020-09-08,5.869999885559082,6.260000228881836,5.75,5.880000114440918,64800
2020-09-09,6.099999904632568,6.179999828338623,5.820000171661377,6.179999828338623,76500
2020-09-10,6.170000076293945,6.239999771118164,5.960000038146973,6.159999847412109,88100
2020-09-11,5.909999847412109,6.309999942779541,5.769999980926514,6.119999885559082,57700
2020-09-14,5.289999961853027,5.820000171661377,5.260000228881836,5.820000171661377,112500
2020-09-15,5.179999828338623,5.360000133514404,5.130000114440918,5.289999961853027,42100
2020-09-16,4.929999828338623,6.590000152587891,4.889999866485596,5.159999847412109,483600
2020-09-17,4.730000019073486,5.059999942779541,4.579999923706055,5.03000020980835,104900
2020-09-18,4.679999828338623,5.019999980926514,4.639999866485596,4.769999980926514,44900
2020-09-21,4.349999904632568,4.630000114440918,4.289999961853027,4.550000190734863,46900
2020-09-22,4.570000171661377,4.809999942779541,4.360000133514404,4.360000133514404,79700
2020-09-23,4.329999923706055,4.849999904632568,4.329999923706055,4.619999885559082,29200
2020-09-24,4.139999866485596,4.789999961853027,3.9000000953674316,4.269999980926514,294300
2020-09-25,4.28000020980835,4.519999980926514,4.050000190734863,4.159999847412109,43600
2020-09-28,4.389999866485596,4.480000019073486,4.25,4.329999923706055,15500
2020-09-29,4.480000019073486,4.550000190734863,4.329999923706055,4.329999923706055,25700
2020-09-30,4.739999771118164,4.800000190734863,4.409999847412109,4.46999979019165,51300
2020-10-01,4.769999980926514,5.130000114440918,4.670000076293945,4.829999923706055,147700
2020-10-02,4.480000019073486,4.71999979019165,4.400000095367432,4.710000038146973,25400
2020-10-05,4.239999771118164,4.559999942779541,4.079999923706055,4.559999942779541,47900
2020-10-06,4.28000020980835,4.429999828338623,4.130000114440918,4.260000228881836,30000
2020-10-07,4.480000019073486,4.480000019073486,4.289999961853027,4.289999961853027,14100
2020-10-08,4.429999828338623,4.699999809265137,4.400000095367432,4.519999980926514,7600
2020-10-09,4.340000152587891,4.480000019073486,4.300000190734863,4.389999866485596,19300
2020-10-12,4.380000114440918,4.429999828338623,4.21999979019165,4.340000152587891,13700
2020-10-13,4.269999980926514,4.289999961853027,4.21999979019165,4.260000228881836,4000
2020-10-14,4.440000057220459,4.550000190734863,4.230000019073486,4.269999980926514,32700
2020-10-15,4.380000114440918,4.409999847412109,4.28000020980835,4.309999942779541,12900
2020-10-16,4.409999847412109,4.420000076293945,4.329999923706055,4.420000076293945,11700
2020-10-19,4.440000057220459,4.639999866485596,4.329999923706055,4.329999923706055,65600
2020-10-20,4.610000133514404,5.070000171661377,4.409999847412109,4.409999847412109,270500
2020-10-21,4.429999828338623,4.670000076293945,4.320000171661377,4.559999942779541,59900
2020-10-22,4.329999923706055,4.550000190734863,4.320000171661377,4.550000190734863,26300
2020-10-23,4.269999980926514,4.420000076293945,4.239999771118164,4.349999904632568,25400
2020-10-26,3.8499999046325684,4.309999942779541,3.7699999809265137,4.309999942779541,84400
2020-10-27,3.5,3.9600000381469727,3.5,3.9100000858306885,47800
2020-10-28,3.6500000953674316,3.690000057220459,3.490000009536743,3.5299999713897705,38600
2020-10-29,3.930000066757202,4.289999961853027,3.619999885559082,3.630000114440918,195900
2020-10-30,3.6600000858306885,4.119999885559082,3.6600000858306885,3.950000047683716,44100
2020-11-02,3.559999942779541,3.8399999141693115,3.5299999713897705,3.7100000381469727,12800
2020-11-03,3.680000066757202,3.740000009536743,3.609999895095825,3.619999885559082,18400
2020-11-04,3.680000066757202,3.75,3.619999885559082,3.680000066757202,22200
2020-11-05,3.8499999046325684,4.170000076293945,3.640000104904175,3.7200000286102295,76400
2020-11-06,3.799999952316284,4.099999904632568,3.740000009536743,3.799999952316284,66100
2020-11-09,3.890000104904175,3.9800000190734863,3.740000009536743,3.819999933242798,46200
2020-11-10,3.9000000953674316,3.940000057220459,3.7100000381469727,3.859999895095825,45100
2020-11-11,4.079999923706055,4.289999961853027,3.799999952316284,3.799999952316284,64600
2020-11-12,4.050000190734863,4.289999961853027,3.940000057220459,4.150000095367432,57900
2020-11-13,4.079999923706055,4.139999866485596,3.950000047683716,4.019999980926514,17400
2020-11-16,4.239999771118164,4.400000095367432,4.070000171661377,4.079999923706055,73000
2020-11-17,4.329999923706055,4.329999923706055,4.190000057220459,4.25,17000
2020-11-18,4.199999809265137,4.449999809265137,4.199999809265137,4.28000020980835,65700
2020-11-19,4.329999923706055,4.389999866485596,4.239999771118164,4.239999771118164,48300
2020-11-20,4.440000057220459,4.480000019073486,4.320000171661377,4.349999904632568,21000
2020-11-23,4.590000152587891,4.599999904632568,4.420000076293945,4.420000076293945,21800
2020-11-24,4.510000228881836,4.679999828338623,4.449999809265137,4.599999904632568,21900
2020-11-25,4.619999885559082,4.639999866485596,4.449999809265137,4.449999809265137,20300
2020-11-27,4.5,4.599999904632568,4.449999809265137,4.53000020980835,13200
2020-11-30,4.269999980926514,4.539999961853027,4.199999809265137,4.510000228881836,29100
2020-12-01,4.369999885559082,4.400000095367432,4.170000076293945,4.21999979019165,24200
2020-12-02,4.159999847412109,4.289999961853027,4.070000171661377,4.289999961853027,29500
2020-12-03,4.400000095367432,4.5,4.210000038146973,4.210000038146973,20200
2020-12-04,4.420000076293945,4.590000152587891,4.400000095367432,4.480000019073486,28600
2020-12-07,4.199999809265137,4.46999979019165,4.190000057220459,4.409999847412109,21100
2020-12-08,4.289999961853027,4.320000171661377,4.179999828338623,4.239999771118164,10200
2020-12-09,4.139999866485596,4.320000171661377,4.110000133514404,4.25,20800
2020-12-10,4.139999866485596,4.429999828338623,4.0,4.429999828338623,57000
2020-12-11,4.460000038146973,5.880000114440918,4.050000190734863,4.150000095367432,1541800
2020-12-14,4.210000038146973,4.5,4.099999904632568,4.380000114440918,93200
2020-12-15,4.210000038146973,4.329999923706055,4.099999904632568,4.170000076293945,47300
2020-12-16,4.099999904632568,4.210000038146973,3.950000047683716,4.179999828338623,31500
2020-12-17,4.150000095367432,4.190000057220459,4.03000020980835,4.099999904632568,26800
2020-12-18,4.199999809265137,4.289999961853027,4.059999942779541,4.070000171661377,67700
2020-12-21,4.139999866485596,4.170000076293945,4.059999942779541,4.059999942779541,43200
2020-12-22,3.950000047683716,4.190000057220459,3.9000000953674316,4.170000076293945,78500
2020-12-23,3.9200000762939453,4.070000171661377,3.809999942779541,3.950000047683716,23100
2020-12-24,3.940000057220459,4.0,3.9100000858306885,3.9200000762939453,4600
2020-12-28,4.260000228881836,5.199999809265137,3.880000114440918,3.950000047683716,1021200
2020-12-29,5.079999923706055,5.099999904632568,4.170000076293945,4.230000019073486,5086400
2020-12-30,5.440000057220459,6.75,4.900000095367432,6.590000152587891,5504500
2020-12-31,4.889999866485596,5.21999979019165,4.550000190734863,5.110000133514404,476100
2021-01-04,4.480000019073486,4.809999942779541,4.25,4.809999942779541,225100
2021-01-05,4.46999979019165,4.75,4.420000076293945,4.559999942779541,79800
2021-01-06,4.769999980926514,4.900000095367432,4.5,4.670000076293945,181100
2021-01-07,4.820000171661377,4.940000057220459,4.699999809265137,4.730000019073486,60800
2021-01-08,4.889999866485596,4.909999847412109,4.639999866485596,4.789999961853027,62800
2021-01-11,4.900000095367432,5.230000019073486,4.710000038146973,4.800000190734863,214500
2021-01-12,4.940000057220459,5.119999885559082,4.78000020980835,4.849999904632568,48200
2021-01-13,5.199999809265137,5.400000095367432,4.949999809265137,5.010000228881836,194200
2021-01-14,5.46999979019165,5.71999979019165,5.010000228881836,5.179999828338623,230900
2021-01-15,5.429999828338623,5.690000057220459,5.150000095367432,5.409999847412109,219400
2021-01-19,5.53000020980835,5.800000190734863,5.340000152587891,5.559999942779541,201100
2021-01-20,5.800000190734863,5.940000057220459,5.550000190734863,5.570000171661377,135500
2021-01-21,5.650000095367432,6.090000152587891,5.619999885559082,5.809999942779541,143600
2021-01-22,5.519999980926514,5.730000019073486,5.46999979019165,5.599999904632568,36400
2021-01-25,5.230000019073486,5.590000152587891,5.21999979019165,5.539999961853027,110900
2021-01-26,6.449999809265137,6.489999771118164,5.320000171661377,5.320000171661377,729100
2021-01-27,9.520000457763672,11.640000343322754,5.679999828338623,6.159999847412109,3122700
2021-01-28,12.989999771118164,31.829999923706055,11.800000190734863,22.299999237060547,8182000
2021-01-29,9.010000228881836,12.6899995803833,8.630000114440918,12.649999618530273,1573000
2021-02-01,9.399999618530273,10.789999961853027,8.15999984741211,8.869999885559082,1920800
2021-02-02,10.100000381469727,11.25,9.260000228881836,10.470000267028809,1590800
2021-02-03,9.470000267028809,10.029999732971191,9.029999732971191,9.899999618530273,668500
2021-02-04,9.140000343322754,9.5,8.75,9.25,413700
2021-02-05,8.539999961853027,10.800000190734863,8.529999732971191,8.859999656677246,1481400
2021-02-08,8.3100004196167,8.520000457763672,7.920000076293945,8.5,412300
2021-02-09,9.390000343322754,9.850000381469727,8.510000228881836,8.600000381469727,1314900
2021-02-10,10.279999732971191,10.779999732971191,9.119999885559082,9.239999771118164,957600
2021-02-11,9.180000305175781,10.4399995803833,9.130000114440918,10.100000381469727,335300
2021-02-12,8.869999885559082,9.430000305175781,8.569999694824219,9.199999809265137,459500
2021-02-16,9.050000190734863,9.390000343322754,8.350000381469727,8.949999809265137,415100
2021-02-17,8.989999771118164,9.119999885559082,8.520000457763672,8.859999656677246,358300
2021-02-18,8.25,8.970000267028809,8.119999885559082,8.75,536700
2021-02-19,8.199999809265137,9.109999656677246,8.010000228881836,8.229999542236328,424700
2021-02-22,8.390000343322754,8.760000228881836,8.050000190734863,8.300000190734863,296500
2021-02-23,7.119999885559082,7.650000095367432,6.050000190734863,7.650000095367432,487800
2021-02-24,8.3100004196167,8.920000076293945,7.130000114440918,7.139999866485596,1344400
2021-02-25,9.680000305175781,12.970000267028809,8.59000015258789,11.770000457763672,5998900
2021-02-26,8.460000038146973,9.600000381469727,8.199999809265137,9.149999618530273,1030100
2021-03-01,8.75,9.850000381469727,8.5,8.880000114440918,1496000
2021-03-02,8.279999732971191,8.819999694824219,8.029999732971191,8.75,677000
2021-03-03,8.109999656677246,8.569999694824219,8.010000228881836,8.119999885559082,343700
2021-03-04,7.010000228881836,8.0600004196167,6.800000190734863,8.039999961853027,624000
2021-03-05,7.769999980926514,7.889999866485596,6.71999979019165,7.25,493000
2021-03-08,8.6899995803833,8.800000190734863,7.369999885559082,7.71999979019165,1361900
2021-03-09,8.109999656677246,9.119999885559082,8.0600004196167,8.449999809265137,719000
2021-03-10,8.899999618530273,10.0,8.109999656677246,8.239999771118164,2906200
2021-03-11,8.8100004196167,9.199999809265137,8.550000190734863,8.75,561600
2021-03-12,9.210000038146973,9.4399995803833,8.649999618530273,8.75,555300
2021-03-15,9.119999885559082,9.390000343322754,8.989999771118164,9.199999809265137,256500
2021-03-16,8.449999809265137,9.239999771118164,8.239999771118164,9.239999771118164,389700
2021-03-17,8.800000190734863,9.149999618530273,8.109999656677246,8.359999656677246,244900
2021-03-18,8.630000114440918,9.079999923706055,8.600000381469727,8.6899995803833,101200
2021-03-19,9.0,9.100000381469727,8.399999618530273,8.649999618530273,218200
2021-03-22,8.829999923706055,9.1899995803833,8.720000267028809,9.0,85500
2021-03-23,8.34000015258789,8.819999694824219,8.199999809265137,8.670000076293945,148000
2021-03-24,7.889999866485596,8.479999542236328,7.75,8.420000076293945,128400
2021-03-25,7.739999771118164,8.279999732971191,7.460000038146973,7.559999942779541,740500
2021-03-26,7.869999885559082,7.980000019073486,7.349999904632568,7.800000190734863,133700
2021-03-29,8.25,8.350000381469727,7.460000038146973,7.869999885559082,206600
2021-03-30,8.260000228881836,8.34000015258789,7.940000057220459,8.220000267028809,92200
2021-03-31,8.420000076293945,8.460000038146973,7.949999809265137,8.319999694824219,209400
2021-04-01,8.800000190734863,11.229999542236328,7.929999828338623,8.289999961853027,2948200
2021-04-05,8.789999961853027,9.3100004196167,8.279999732971191,8.5,664500
2021-04-06,8.859999656677246,9.220000267028809,8.5,8.920000076293945,196800
2021-04-07,8.899999618530273,9.9399995803833,8.670000076293945,8.739999771118164,904800
2021-04-08,9.050000190734863,9.260000228881836,8.670000076293945,8.920000076293945,307100
2021-04-09,9.460000038146973,9.59000015258789,8.890000343322754,9.149999618530273,299500
2021-04-12,8.710000038146973,9.3100004196167,8.699999809265137,9.3100004196167,272300
2021-04-13,8.930000305175781,8.970000267028809,8.59000015258789,8.699999809265137,281400
2021-04-14,8.680000305175781,9.039999961853027,8.630000114440918,8.829999923706055,218900
2021-04-15,8.630000114440918,8.880000114440918,8.430000305175781,8.770000457763672,101300
2021-04-16,8.5600004196167,8.869999885559082,8.289999961853027,8.550000190734863,175500
2021-04-19,8.529999732971191,8.680000305175781,8.239999771118164,8.5,137800
2021-04-20,7.349999904632568,8.520000457763672,7.300000190734863,8.399999618530273,308900
2021-04-21,7.25,7.389999866485596,7.059999942779541,7.190000057220459,140800
2021-04-22,7.03000020980835,7.329999923706055,6.900000095367432,7.329999923706055,133100
2021-04-23,7.289999961853027,7.5,6.989999771118164,7.039999961853027,121500
2021-04-26,7.21999979019165,7.489999771118164,7.090000152587891,7.320000171661377,139100
2021-04-27,7.170000076293945,7.389999866485596,7.090000152587891,7.190000057220459,68900
2021-04-28,7.21999979019165,7.309999942779541,7.099999904632568,7.21999979019165,58100
2021-04-29,6.840000152587891,7.300000190734863,6.670000076293945,7.25,138000
2021-04-30,6.920000076293945,7.269999980926514,6.5,6.699999809265137,276600
2021-05-03,6.659999847412109,6.96999979019165,6.619999885559082,6.96999979019165,56200
2021-05-04,6.429999828338623,6.699999809265137,6.230000019073486,6.670000076293945,99600
2021-05-05,6.900000095367432,7.340000152587891,6.349999904632568,6.46999979019165,462300
2021-05-06,7.699999809265137,8.050000190734863,7.309999942779541,7.769999980926514,734600
2021-05-07,6.96999979019165,7.670000076293945,6.869999885559082,7.519999980926514,241900
2021-05-10,6.199999809265137,6.909999847412109,6.130000114440918,6.909999847412109,174700
2021-05-11,6.079999923706055,6.300000190734863,5.800000190734863,6.03000020980835,125500
2021-05-12,5.900000095367432,6.170000076293945,5.820000171661377,6.050000190734863,53800
2021-05-13,6.809999942779541,7.159999847412109,5.909999847412109,5.909999847412109,1067600
2021-05-14,6.710000038146973,7.909999847412109,6.400000095367432,6.46999979019165,1326400
2021-05-17,6.699999809265137,7.369999885559082,6.309999942779541,6.559999942779541,1629600
2021-05-18,6.760000228881836,6.989999771118164,6.579999923706055,6.679999828338623,326700
2021-05-19,6.139999866485596,6.5,5.900000095367432,6.5,311600
2021-05-20,6.380000114440918,6.599999904632568,6.099999904632568,6.159999847412109,161900
2021-05-21,6.610000133514404,6.690000057220459,6.230000019073486,6.349999904632568,173400
2021-05-24,6.650000095367432,6.900000095367432,6.519999980926514,6.599999904632568,524300
2021-05-25,6.739999771118164,7.079999923706055,6.409999847412109,6.71999979019165,1638500
2021-05-26,7.039999961853027,7.46999979019165,6.78000020980835,6.900000095367432,1814100
2021-05-27,7.03000020980835,7.260000228881836,6.610000133514404,6.909999847412109,1125600
2021-05-28,6.889999866485596,7.639999866485596,6.809999942779541,7.110000133514404,709800
2021-06-01,6.619999885559082,7.090000152587891,6.570000171661377,7.0,588000
2021-06-02,7.940000057220459,9.350000381469727,6.460000038146973,6.690000057220459,3579100
2021-06-03,7.210000038146973,8.1899995803833,7.059999942779541,7.619999885559082,1460100
2021-06-04,6.989999771118164,7.489999771118164,6.920000076293945,7.28000020980835,503000
2021-06-07,7.21999979019165,7.53000020980835,6.980000019073486,6.989999771118164,881400
2021-06-08,8.0,8.850000381469727,7.21999979019165,7.239999771118164,1684700
2021-06-09,7.679999828338623,8.0,7.599999904632568,7.860000133514404,400200
2021-06-10,8.119999885559082,8.210000038146973,7.389999866485596,7.650000095367432,868900
2021-06-11,8.930000305175781,9.069999694824219,7.989999771118164,8.0600004196167,719800
2021-06-14,8.350000381469727,9.680000305175781,8.260000228881836,8.8100004196167,681100
2021-06-15,8.069999694824219,8.819999694824219,7.980000019073486,8.34000015258789,453300
2021-06-16,8.199999809265137,8.350000381469727,7.809999942779541,7.989999771118164,175000
2021-06-17,8.109999656677246,8.5,7.840000152587891,8.289999961853027,252600
2021-06-18,8.1899995803833,8.289999961853027,7.909999847412109,7.909999847412109,107200
2021-06-21,8.4399995803833,8.65999984741211,8.220000267028809,8.25,211800
2021-06-22,9.3100004196167,12.279999732971191,8.510000228881836,8.649999618530273,4951500
2021-06-23,8.800000190734863,10.199999809265137,8.5600004196167,9.119999885559082,1381600
2021-06-24,8.670000076293945,8.920000076293945,8.3100004196167,8.710000038146973,371800
2021-06-25,8.579999923706055,8.829999923706055,8.40999984741211,8.649999618530273,223000
2021-06-28,8.579999923706055,8.75,8.350000381469727,8.609999656677246,134900
2021-06-29,8.380000114440918,8.619999885559082,8.359999656677246,8.609999656677246,74900
2021-06-30,7.800000190734863,8.40999984741211,7.71999979019165,8.399999618530273,317100
2021-07-01,7.559999942779541,7.840000152587891,7.460000038146973,7.800000190734863,154800
2021-07-02,7.579999923706055,7.78000020980835,7.300000190734863,7.550000190734863,94300
2021-07-06,7.71999979019165,8.180000305175781,7.53000020980835,7.53000020980835,446800
2021-07-07,7.300000190734863,7.679999828338623,7.150000095367432,7.650000095367432,132300
2021-07-08,7.190000057220459,7.389999866485596,6.909999847412109,7.170000076293945,144800
2021-07-09,7.5,7.599999904632568,7.159999847412109,7.159999847412109,75500
2021-07-12,7.670000076293945,7.699999809265137,7.260000228881836,7.340000152587891,165500
2021-07-13,7.389999866485596,7.75,7.369999885559082,7.739999771118164,184400
2021-07-14,7.099999904632568,7.559999942779541,7.050000190734863,7.559999942779541,81000
2021-07-15,7.170000076293945,7.329999923706055,6.860000133514404,7.0,68800
2021-07-16,7.019999980926514,7.28000020980835,7.0,7.260000228881836,49600
2021-07-19,7.650000095367432,7.800000190734863,6.809999942779541,6.900000095367432,396000
2021-07-20,7.199999809265137,7.610000133514404,7.199999809265137,7.510000228881836,210900
2021-07-21,7.5,7.989999771118164,7.25,7.340000152587891,403000
2021-07-22,7.860000133514404,8.220000267028809,7.380000114440918,7.510000228881836,881400
2021-07-23,7.159999847412109,8.0,7.150000095367432,7.800000190734863,166500
2021-07-26,6.96999979019165,7.409999847412109,6.889999866485596,7.099999904632568,132200
2021-07-27,7.039999961853027,7.050000190734863,6.710000038146973,6.96999979019165,71400
2021-07-28,7.239999771118164,7.28000020980835,6.860000133514404,6.96999979019165,42300
2021-07-29,7.309999942779541,7.590000152587891,7.150000095367432,7.239999771118164,122300
2021-07-30,7.289999961853027,7.429999828338623,7.059999942779541,7.300000190734863,80000
2021-08-02,7.710000038146973,7.809999942779541,7.300000190734863,7.489999771118164,226900
2021-08-03,7.889999866485596,8.09000015258789,7.400000095367432,7.730000019073486,290900
2021-08-04,8.0,8.180000305175781,7.099999904632568,7.099999904632568,912500
2021-08-05,7.610000133514404,7.920000076293945,7.5,7.880000114440918,174300
2021-08-06,7.099999904632568,7.610000133514404,7.03000020980835,7.519999980926514,266700
2021-08-09,6.940000057220459,7.329999923706055,6.800000190734863,7.099999904632568,258200
2021-08-10,6.96999979019165,7.199999809265137,6.809999942779541,6.860000133514404,188400
2021-08-11,6.809999942779541,7.099999904632568,6.710000038146973,7.019999980926514,255500
2021-08-12,6.389999866485596,6.769999980926514,6.340000152587891,6.75,150100
2021-08-13,6.059999942779541,6.53000020980835,6.010000228881836,6.389999866485596,120000
2021-08-16,6.019999980926514,6.170000076293945,5.800000190734863,5.949999809265137,128100
2021-08-17,6.239999771118164,6.309999942779541,5.869999885559082,5.869999885559082,92500
2021-08-18,6.230000019073486,6.389999866485596,6.079999923706055,6.300000190734863,70000
2021-08-19,6.260000228881836,6.380000114440918,6.0,6.21999979019165,155700
2021-08-20,6.269999980926514,6.550000190734863,6.110000133514404,6.159999847412109,95800
2021-08-23,6.480000019073486,6.579999923706055,6.150000095367432,6.199999809265137,154700
2021-08-24,6.800000190734863,6.96999979019165,6.429999828338623,6.429999828338623,334600
2021-08-25,6.53000020980835,6.929999828338623,6.400000095367432,6.739999771118164,304400
2021-08-26,6.349999904632568,6.610000133514404,6.260000228881836,6.449999809265137,95000
2021-08-27,6.849999904632568,7.090000152587891,6.360000133514404,6.420000076293945,225900
2021-08-30,6.909999847412109,7.190000057220459,6.710000038146973,6.820000171661377,136200
2021-08-31,6.53000020980835,6.940000057220459,6.480000019073486,6.940000057220459,69800
2021-09-01,6.840000152587891,6.900000095367432,6.309999942779541,6.519999980926514,78200
2021-09-02,6.619999885559082,6.960000038146973,6.559999942779541,6.739999771118164,85300
2021-09-03,6.900000095367432,7.25,6.590000152587891,6.650000095367432,133300
2021-09-07,6.730000019073486,6.949999809265137,6.71999979019165,6.949999809265137,74500
2021-09-08,6.789999961853027,6.96999979019165,6.619999885559082,6.670000076293945,58500
2021-09-09,6.980000019073486,7.139999866485596,6.690000057220459,6.699999809265137,99100
2021-09-10,6.75,7.079999923706055,6.75,7.079999923706055,28000
2021-09-13,6.900000095367432,7.059999942779541,6.710000038146973,6.760000228881836,71900
2021-09-14,6.269999980926514,6.849999904632568,6.260000228881836,6.849999904632568,102600
2021-09-15,6.340000152587891,6.440000057220459,6.21999979019165,6.269999980926514,35700
2021-09-16,6.440000057220459,6.670000076293945,6.289999961853027,6.300000190734863,48200
2021-09-17,6.400000095367432,6.639999866485596,6.329999923706055,6.429999828338623,60700
2021-09-20,5.980000019073486,6.449999809265137,5.940000057220459,6.349999904632568,103200
2021-09-21,6.199999809265137,6.309999942779541,5.900000095367432,6.099999904632568,41100
2021-09-22,6.360000133514404,6.380000114440918,6.099999904632568,6.150000095367432,49000
2021-09-23,6.559999942779541,6.75,6.309999942779541,6.320000171661377,95500
2021-09-24,6.989999771118164,8.109999656677246,6.25,6.519999980926514,1041500
2021-09-27,6.900000095367432,7.320000171661377,6.769999980926514,6.880000114440918,116000
2021-09-28,7.420000076293945,7.75,6.659999847412109,6.869999885559082,1135300
2021-09-29,7.239999771118164,7.349999904632568,6.659999847412109,7.349999904632568,396300
2021-09-30,6.840000152587891,7.320000171661377,6.699999809265137,7.159999847412109,249700
2021-10-01,6.650000095367432,6.869999885559082,6.460000038146973,6.78000020980835,171300
2021-10-04,6.21999979019165,6.650000095367432,6.150000095367432,6.579999923706055,110400
2021-10-05,6.269999980926514,6.389999866485596,6.119999885559082,6.320000171661377,100000
2021-10-06,6.260000228881836,6.409999847412109,6.130000114440918,6.230000019073486,103300
2021-10-07,6.230000019073486,7.130000114440918,6.0,6.860000133514404,2554900
2021-10-08,5.909999847412109,6.230000019073486,5.800000190734863,6.130000114440918,273000
2021-10-11,5.929999828338623,6.199999809265137,5.769999980926514,5.920000076293945,248500
2021-10-12,6.039999961853027,6.090000152587891,5.809999942779541,5.880000114440918,159400
2021-10-13,6.150000095367432,6.170000076293945,5.900000095367432,6.050000190734863,157700
2021-10-14,6.159999847412109,6.349999904632568,6.010000228881836,6.090000152587891,103500
2021-10-15,6.159999847412109,6.190000057220459,6.019999980926514,6.159999847412109,20600
2021-10-18,6.170000076293945,6.25,6.059999942779541,6.119999885559082,48400
2021-10-19,6.260000228881836,6.300000190734863,6.03000020980835,6.199999809265137,134600
2021-10-20,6.210000038146973,6.269999980926514,6.099999904632568,6.269999980926514,40500
2021-10-21,6.269999980926514,6.380000114440918,6.150000095367432,6.190000057220459,117600
2021-10-22,6.059999942779541,6.340000152587891,6.019999980926514,6.21999979019165,61600
2021-10-25,6.0,6.079999923706055,5.900000095367432,6.010000228881836,40900
2021-10-26,6.0,6.079999923706055,5.929999828338623,5.980000019073486,62800
2021-10-27,6.019999980926514,6.090000152587891,5.940000057220459,6.0,47900
2021-10-28,6.090000152587891,6.090000152587891,5.989999771118164,6.019999980926514,24000
2021-10-29,6.130000114440918,6.190000057220459,6.0,6.090000152587891,40700
2021-11-01,6.230000019073486,6.28000020980835,6.070000171661377,6.070000171661377,36000
2021-11-02,6.300000190734863,6.380000114440918,6.139999866485596,6.190000057220459,104600
2021-11-03,6.539999961853027,6.550000190734863,6.21999979019165,6.25,149300
2021-11-04,6.420000076293945,6.489999771118164,6.309999942779541,6.489999771118164,19300
2021-11-05,6.380000114440918,6.5,6.28000020980835,6.420000076293945,36000
2021-11-08,6.420000076293945,7.099999904632568,6.159999847412109,6.340000152587891,518800
2021-11-09,6.03000020980835,6.349999904632568,5.980000019073486,6.349999904632568,96300
2021-11-10,5.929999828338623,6.119999885559082,5.889999866485596,6.050000190734863,64900
2021-11-11,5.880000114440918,6.03000020980835,5.840000152587891,6.010000228881836,54500
2021-11-12,5.809999942779541,5.980000019073486,5.800000190734863,5.900000095367432,42500
2021-11-15,5.829999923706055,5.96999979019165,5.820000171661377,5.929999828338623,60900
2021-11-16,5.610000133514404,5.78000020980835,5.599999904632568,5.75,84000
2021-11-17,5.480000019073486,5.690000057220459,5.440000057220459,5.619999885559082,39600
2021-11-18,5.210000038146973,5.5,5.199999809265137,5.480000019073486,28700
2021-11-19,5.260000228881836,5.360000133514404,5.150000095367432,5.210000038146973,61800
2021-11-22,5.079999923706055,5.400000095367432,5.050000190734863,5.28000020980835,71900
2021-11-23,5.079999923706055,5.170000076293945,4.789999961853027,5.059999942779541,53500
2021-11-24,5.070000171661377,5.210000038146973,5.019999980926514,5.079999923706055,28900
2021-11-26,5.179999828338623,5.199999809265137,5.03000020980835,5.03000020980835,26500
2021-11-29,5.159999847412109,5.25,5.110000133514404,5.210000038146973,23500
2021-11-30,4.880000114440918,5.179999828338623,4.829999923706055,5.070000171661377,26100
2021-12-01,4.639999866485596,4.989999771118164,4.5,4.989999771118164,32400
2021-12-02,4.739999771118164,4.869999885559082,4.639999866485596,4.639999866485596,30100
2021-12-03,4.630000114440918,4.800000190734863,4.590000152587891,4.800000190734863,26800
2021-12-06,4.539999961853027,4.710000038146973,4.429999828338623,4.630000114440918,53400
2021-12-07,4.900000095367432,5.090000152587891,4.559999942779541,4.760000228881836,631000
2021-12-08,4.869999885559082,4.960000038146973,4.710000038146973,4.849999904632568,64400
2021-12-09,5.050000190734863,5.289999961853027,4.829999923706055,4.829999923706055,95100
2021-12-10,4.480000019073486,5.050000190734863,4.46999979019165,5.050000190734863,72400
2021-12-13,4.309999942779541,4.579999923706055,4.210000038146973,4.46999979019165,136400
2021-12-14,3.9000000953674316,4.300000190734863,3.690000057220459,4.300000190734863,181000
2021-12-15,4.079999923706055,4.099999904632568,3.759999990463257,3.859999895095825,70800
2021-12-16,3.859999895095825,4.179999828338623,3.7899999618530273,4.139999866485596,130800
2021-12-17,4.119999885559082,4.139999866485596,3.799999952316284,3.819999933242798,115600
2021-12-20,4.150000095367432,4.170000076293945,4.010000228881836,4.070000171661377,23900
2021-12-21,4.199999809265137,4.300000190734863,4.110000133514404,4.150000095367432,29700
2021-12-22,4.28000020980835,4.400000095367432,4.150000095367432,4.25,29300
2021-12-23,4.400000095367432,4.449999809265137,4.25,4.25,15400
2021-12-27,4.389999866485596,4.5,4.369999885559082,4.400000095367432,14100
2021-12-28,4.179999828338623,4.389999866485596,4.179999828338623,4.349999904632568,17800
2021-12-29,4.03000020980835,4.179999828338623,4.010000228881836,4.130000114440918,28200
2021-12-30,4.110000133514404,4.21999979019165,4.019999980926514,4.03000020980835,18200
2021-12-31,4.090000152587891,4.21999979019165,4.070000171661377,4.139999866485596,21800
2022-01-03,4.190000057220459,4.239999771118164,4.070000171661377,4.110000133514404,33600
2022-01-04,3.940000057220459,4.269999980926514,3.819999933242798,4.269999980926514,535200
2022-01-05,3.799999952316284,4.059999942779541,3.799999952316284,3.9600000381469727,66300
2022-01-06,3.619999885559082,3.8399999141693115,3.5199999809265137,3.740000009536743,57800
2022-01-07,3.700000047683716,3.7899999618530273,3.619999885559082,3.6600000858306885,16800
2022-01-10,3.619999885559082,3.700000047683716,3.5399999618530273,3.640000104904175,27300
2022-01-11,3.75,3.799999952316284,3.6600000858306885,3.6600000858306885,15900
2022-01-12,3.740000009536743,3.759999990463257,3.6600000858306885,3.690000057220459,16000
2022-01-13,3.7200000286102295,3.7300000190734863,3.619999885559082,3.6600000858306885,10900
2022-01-14,3.569999933242798,3.6700000762939453,3.5199999809265137,3.6700000762939453,8100
2022-01-18,3.309999942779541,3.609999895095825,3.25,3.569999933242798,28600
2022-01-19,3.1500000953674316,3.309999942779541,3.0999999046325684,3.309999942779541,16300
2022-01-20,3.0899999141693115,3.190000057220459,3.0899999141693115,3.119999885559082,25000
2022-01-21,2.7699999809265137,3.0899999141693115,2.75,3.049999952316284,48100
2022-01-24,2.819999933242798,2.869999885559082,2.6500000953674316,2.869999885559082,52600
2022-01-25,2.9800000190734863,2.9800000190734863,2.740000009536743,2.759999990463257,11400
2022-01-26,2.990000009536743,3.0899999141693115,2.869999885559082,2.9700000286102295,51500
2022-01-27,2.9100000858306885,3.0199999809265137,2.890000104904175,2.990000009536743,11400
2022-01-28,2.8299999237060547,2.940000057220459,2.799999952316284,2.930000066757202,11600
2022-01-31,3.0399999618530273,3.049999952316284,2.880000114440918,2.880000114440918,14000
2022-02-01,3.0299999713897705,3.0999999046325684,2.9800000190734863,3.0299999713897705,13100
2022-02-02,3.0899999141693115,3.0899999141693115,3.0,3.0299999713897705,4400
2022-02-03,3.069999933242798,3.0799999237060547,2.9200000762939453,3.0799999237060547,6300
2022-02-04,3.0,3.049999952316284,2.940000057220459,2.940000057220459,10700
2022-02-07,2.990000009536743,3.0399999618530273,2.940000057220459,3.0399999618530273,10300
2022-02-08,3.059999942779541,3.059999942779541,2.930000066757202,2.990000009536743,13400
2022-02-09,2.9600000381469727,3.0299999713897705,2.9600000381469727,3.0299999713897705,14900
2022-02-10,3.1700000762939453,3.190000057220459,2.9700000286102295,3.0,114800
2022-02-11,3.069999933242798,3.1700000762939453,3.0,3.1700000762939453,18400
2022-02-14,2.9800000190734863,3.059999942779541,2.940000057220459,3.049999952316284,14700
2022-02-15,3.009999990463257,3.059999942779541,2.9000000953674316,2.9800000190734863,16400
2022-02-16,3.069999933242798,3.0999999046325684,2.9600000381469727,3.0399999618530273,8600
2022-02-17,2.9100000858306885,3.009999990463257,2.8499999046325684,2.9700000286102295,14900
2022-02-18,2.609999895095825,2.9100000858306885,2.5999999046325684,2.9100000858306885,25500
2022-02-22,2.5199999809265137,2.619999885559082,2.4800000190734863,2.619999885559082,13700
2022-02-23,2.549999952316284,2.630000114440918,2.5,2.5799999237060547,7500
2022-02-24,2.5199999809265137,2.5199999809265137,2.2899999618530273,2.450000047683716,34600
2022-02-25,2.5,2.5,2.4000000953674316,2.4800000190734863,11300
2022-02-28,2.5,2.5899999141693115,2.450000047683716,2.5,112900
2022-03-01,2.75,2.9700000286102295,2.6700000762939453,2.700000047683716,61400
2022-03-02,2.9200000762939453,2.9700000286102295,2.740000009536743,2.7699999809265137,52900
2022-03-03,2.75,2.9100000858306885,2.75,2.859999895095825,13200
2022-03-04,2.8399999141693115,2.9000000953674316,2.75,2.75,6400
2022-03-07,2.7799999713897705,2.950000047683716,2.680000066757202,2.8399999141693115,27100
2022-03-08,2.759999990463257,2.7799999713897705,2.6500000953674316,2.75,19800
2022-03-09,2.880000114440918,2.9200000762939453,2.799999952316284,2.809999942779541,19200
2022-03-10,2.9100000858306885,2.9100000858306885,2.75,2.859999895095825,15800
2022-03-11,2.9200000762939453,3.049999952316284,2.9000000953674316,2.9100000858306885,28300
2022-03-14,2.7799999713897705,2.950000047683716,2.759999990463257,2.950000047683716,20300
2022-03-15,3.390000104904175,3.5,2.799999952316284,2.799999952316284,127200
2022-03-16,3.509999990463257,3.549999952316284,3.3299999237060547,3.440000057220459,15200
2022-03-17,3.7300000190734863,3.7699999809265137,3.390000104904175,3.4200000762939453,25700
2022-03-18,3.680000066757202,3.7699999809265137,3.5199999809265137,3.7699999809265137,18800
2022-03-21,3.609999895095825,3.680000066757202,3.5299999713897705,3.640000104904175,7500
2022-03-22,3.880000114440918,4.190000057220459,3.5199999809265137,3.5899999141693115,365600
2022-03-23,3.819999933242798,4.099999904632568,3.609999895095825,3.8499999046325684,201100
2022-03-24,3.7899999618530273,4.03000020980835,3.6700000762939453,3.809999942779541,38500
2022-03-25,3.7899999618530273,4.0,3.700000047683716,3.700000047683716,44500
2022-03-28,4.25,5.0,3.809999942779541,3.809999942779541,674900
2022-03-29,4.099999904632568,4.340000152587891,3.9200000762939453,4.340000152587891,171700
2022-03-30,3.990000009536743,4.199999809265137,3.9000000953674316,4.199999809265137,55300
2022-03-31,3.490000009536743,4.03000020980835,3.390000104904175,3.890000104904175,99300
2022-04-01,3.390000104904175,3.5999999046325684,3.3499999046325684,3.430000066757202,45900
2022-04-04,3.5299999713897705,3.640000104904175,3.380000114440918,3.390000104904175,38400
2022-04-05,3.4200000762939453,3.5799999237060547,3.4200000762939453,3.5399999618530273,20200
2022-04-06,3.200000047683716,3.440000057220459,3.140000104904175,3.4000000953674316,40500
2022-04-07,3.200000047683716,3.380000114440918,3.140000104904175,3.369999885559082,12300
2022-04-08,3.069999933242798,3.240000009536743,3.069999933242798,3.1500000953674316,3100
2022-04-11,3.2300000190734863,3.25,3.059999942779541,3.059999942779541,31000
2022-04-12,3.0199999809265137,3.319999933242798,3.009999990463257,3.140000104904175,31300
2022-04-13,2.9100000858306885,3.059999942779541,2.859999895095825,2.859999895095825,14500
2022-04-14,2.880000114440918,3.069999933242798,2.859999895095825,3.069999933242798,18100
2022-04-18,2.75,2.9200000762939453,2.75,2.8299999237060547,18000
2022-04-19,2.8399999141693115,2.940000057220459,2.799999952316284,2.859999895095825,24200
2022-04-20,2.8499999046325684,2.950000047683716,2.799999952316284,2.799999952316284,16400
2022-04-21,2.640000104904175,2.950000047683716,2.640000104904175,2.950000047683716,51500
2022-04-22,2.450000047683716,2.869999885559082,2.440000057220459,2.75,52800
2022-04-25,2.4100000858306885,2.490000009536743,2.4000000953674316,2.4200000762939453,24400
2022-04-26,2.3299999237060547,2.4600000381469727,2.3299999237060547,2.4100000858306885,16000
2022-04-27,2.319999933242798,2.440000057220459,2.309999942779541,2.3499999046325684,12100
2022-04-28,2.740000009536743,2.740000009536743,2.25,2.299999952316284,79400
2022-04-29,2.4700000286102295,2.869999885559082,2.3499999046325684,2.700000047683716,69100
2022-05-02,2.4100000858306885,2.559999942779541,2.3299999237060547,2.4100000858306885,25100
2022-05-03,2.7899999618530273,2.8299999237060547,2.549999952316284,2.640000104904175,25200
2022-05-04,2.7200000286102295,2.7200000286102295,2.5399999618530273,2.7100000381469727,7400
2022-05-05,2.490000009536743,2.6700000762939453,2.4000000953674316,2.6700000762939453,11300
2022-05-06,2.319999933242798,2.5999999046325684,2.2899999618530273,2.4000000953674316,9500
2022-05-09,2.0799999237060547,2.3299999237060547,2.0399999618530273,2.240000009536743,32400
2022-05-10,2.2100000381469727,2.2300000190734863,2.0899999141693115,2.0899999141693115,20300
2022-05-11,2.0199999809265137,2.2200000286102295,2.009999990463257,2.180000066757202,20300
2022-05-12,2.0,2.299999952316284,1.8899999856948853,2.0,90700
2022-05-13,2.130000114440918,2.180000066757202,2.059999942779541,2.059999942779541,12100
2022-05-16,2.1600000858306885,2.190000057220459,2.130000114440918,2.180000066757202,5100
2022-05-17,2.1700000762939453,2.2100000381469727,2.109999895095825,2.180000066757202,11100
2022-05-18,2.059999942779541,2.2799999713897705,2.059999942779541,2.2799999713897705,3000
2022-05-19,2.0899999141693115,2.190000057220459,2.0799999237060547,2.190000057220459,12100
2022-05-20,2.0299999713897705,2.1500000953674316,2.0,2.1500000953674316,4800
2022-05-23,2.1500000953674316,2.1500000953674316,2.0799999237060547,2.0799999237060547,6000
2022-05-24,2.1500000953674316,2.1500000953674316,2.1500000953674316,2.1500000953674316,0
2022-05-25,2.049999952316284,2.309999942779541,1.9800000190734863,1.9800000190734863,89000
2022-05-26,2.0399999618530273,2.2300000190734863,2.0299999713897705,2.2300000190734863,3300
2022-05-27,2.240000009536743,2.2699999809265137,2.0999999046325684,2.140000104904175,19100
2022-05-31,3.7300000190734863,4.889999866485596,3.630000114440918,4.619999885559082,33363900
2022-06-01,2.5,3.490000009536743,2.4600000381469727,3.4800000190734863,1086100
2022-06-02,2.6500000953674316,2.7200000286102295,2.5,2.5,348500
2022-06-03,2.4600000381469727,2.619999885559082,2.359999895095825,2.569999933242798,143200
2022-06-06,2.5,2.5399999618530273,2.369999885559082,2.390000104904175,68100
2022-06-07,4.070000171661377,5.0,3.2699999809265137,3.549999952316284,85081700
2022-06-08,3.7799999713897705,4.139999866485596,3.549999952316284,3.9000000953674316,4245200
2022-06-09,3.7699999809265137,5.0,3.6700000762939453,4.389999866485596,21234800
2022-06-10,3.259999990463257,3.690000057220459,3.0999999046325684,3.5199999809265137,1395800
2022-06-13,3.130000114440918,3.1600000858306885,2.8499999046325684,3.0299999713897705,434500
2022-06-14,3.109999895095825,3.3499999046325684,3.0,3.0,590500
2022-06-15,3.140000104904175,3.259999990463257,2.9800000190734863,3.059999942779541,454000
2022-06-16,3.1500000953674316,3.5199999809265137,3.059999942779541,3.140000104904175,1189700
2022-06-17,3.0899999141693115,3.2799999713897705,3.069999933242798,3.109999895095825,339400
2022-06-21,3.190000057220459,3.299999952316284,3.069999933242798,3.130000114440918,477600
2022-06-22,3.069999933242798,3.2799999713897705,3.0199999809265137,3.1500000953674316,437700
2022-06-23,2.9800000190734863,3.190000057220459,2.930000066757202,3.109999895095825,127200
2022-06-24,2.890000104904175,3.0299999713897705,2.8399999141693115,2.9800000190734863,192200
2022-06-27,2.8499999046325684,2.9100000858306885,2.7899999618530273,2.859999895095825,74200
2022-06-28,2.6500000953674316,2.950000047683716,2.5999999046325684,2.859999895095825,359400
2022-06-29,2.5899999141693115,2.75,2.549999952316284,2.5899999141693115,121900
2022-06-30,2.5799999237060547,2.619999885559082,2.450000047683716,2.549999952316284,114800
2022-07-01,2.609999895095825,2.6500000953674316,2.509999990463257,2.619999885559082,62600
2022-07-05,2.7200000286102295,2.7200000286102295,2.5,2.5899999141693115,63300
2022-07-06,2.680000066757202,2.7200000286102295,2.549999952316284,2.690000057220459,48100
2022-07-07,2.8399999141693115,2.9700000286102295,2.6500000953674316,2.6500000953674316,170100
2022-07-08,2.819999933242798,2.9000000953674316,2.6700000762939453,2.819999933242798,47900
2022-07-11,2.819999933242798,2.8499999046325684,2.759999990463257,2.7699999809265137,19400
2022-07-12,2.859999895095825,2.950000047683716,2.7699999809265137,2.799999952316284,114400
2022-07-13,2.8499999046325684,2.940000057220459,2.7100000381469727,2.759999990463257,23100
2022-07-14,2.690000057220459,2.799999952316284,2.680000066757202,2.759999990463257,19800
2022-07-15,2.680000066757202,2.75,2.640000104904175,2.6700000762939453,22800
2022-07-18,2.6600000858306885,2.7699999809265137,2.630000114440918,2.700000047683716,43300
2022-07-19,2.640000104904175,2.7200000286102295,2.609999895095825,2.619999885559082,22000
2022-07-20,2.8499999046325684,2.930000066757202,2.6500000953674316,2.6500000953674316,138900
2022-07-21,2.9700000286102295,3.0799999237060547,2.7899999618530273,2.869999885559082,78500
2022-07-22,2.799999952316284,3.049999952316284,2.7899999618530273,3.049999952316284,54600
2022-07-25,2.7799999713897705,2.9000000953674316,2.7200000286102295,2.75,76500
2022-07-26,2.6600000858306885,2.809999942779541,2.6500000953674316,2.799999952316284,30900
2022-07-27,2.7300000190734863,2.75,2.5999999046325684,2.6700000762939453,21900
2022-07-28,2.759999990463257,2.809999942779541,2.700000047683716,2.7200000286102295,34200
2022-07-29,2.759999990463257,2.8399999141693115,2.700000047683716,2.799999952316284,75400
2022-08-01,2.9000000953674316,3.0199999809265137,2.7200000286102295,2.75,100800
2022-08-02,3.140000104904175,3.25,2.7699999809265137,2.8399999141693115,184500
2022-08-03,3.3499999046325684,3.4200000762939453,3.140000104904175,3.1500000953674316,112200
2022-08-04,3.299999952316284,4.190000057220459,3.25,3.25,584700
2022-08-05,3.1700000762939453,3.869999885559082,3.0299999713897705,3.190000057220459,671700
2022-08-08,3.2300000190734863,3.4600000381469727,3.109999895095825,3.109999895095825,226000
2022-08-09,2.990000009536743,3.2100000381469727,2.9200000762939453,3.1700000762939453,55500
2022-08-10,3.180000066757202,3.2200000286102295,3.0,3.0199999809265137,27600
2022-08-11,3.0999999046325684,3.3499999046325684,3.069999933242798,3.25,49500
2022-08-12,3.2899999618530273,3.3299999237060547,3.0899999141693115,3.190000057220459,86100
2022-08-15,3.380000114440918,3.5799999237060547,3.240000009536743,3.240000009536743,125100
2022-08-16,3.380000114440918,3.559999942779541,3.180000066757202,3.259999990463257,240500
2022-08-17,3.2799999713897705,3.380000114440918,3.259999990463257,3.319999933242798,68000
2022-08-18,3.430000066757202,3.5299999713897705,3.2699999809265137,3.2699999809265137,53600
2022-08-19,3.0999999046325684,3.4000000953674316,3.049999952316284,3.309999942779541,66700
2022-08-22,3.0199999809265137,3.1500000953674316,2.9800000190734863,3.059999942779541,51700
2022-08-23,2.990000009536743,3.069999933242798,2.7899999618530273,3.059999942779541,62600
2022-08-24,3.049999952316284,3.0799999237060547,2.950000047683716,3.0,29800
2022-08-25,3.0899999141693115,3.119999885559082,3.009999990463257,3.119999885559082,8300
2022-08-26,2.9200000762939453,3.109999895095825,2.7899999618530273,3.109999895095825,50400
2022-08-29,2.9000000953674316,3.0399999618530273,2.799999952316284,2.8499999046325684,74700
2022-08-30,2.859999895095825,2.9100000858306885,2.799999952316284,2.819999933242798,26600
2022-08-31,2.9700000286102295,2.9700000286102295,2.8299999237060547,2.8399999141693115,24500
2022-09-01,2.990000009536743,3.059999942779541,2.890000104904175,3.059999942779541,10600
2022-09-02,2.9000000953674316,3.0,2.890000104904175,3.0,10600
2022-09-06,2.809999942779541,2.890000104904175,2.7899999618530273,2.869999885559082,9800
2022-09-07,2.619999885559082,2.819999933242798,2.5899999141693115,2.7799999713897705,64500
2022-09-08,2.5399999618530273,2.700000047683716,2.5199999809265137,2.609999895095825,37000
2022-09-09,2.700000047683716,2.700000047683716,2.5299999713897705,2.549999952316284,43900
2022-09-12,2.5399999618530273,2.690000057220459,2.5399999618530273,2.640000104904175,32900
2022-09-13,2.5199999809265137,2.6500000953674316,2.4200000762939453,2.430000066757202,34100
2022-09-14,2.3299999237060547,2.549999952316284,2.309999942779541,2.549999952316284,47200
2022-09-15,2.380000114440918,2.4200000762939453,2.319999933242798,2.4200000762939453,20700
2022-09-16,2.490000009536743,2.740000009536743,2.309999942779541,2.369999885559082,141400
2022-09-19,2.3399999141693115,2.690000057220459,2.3299999237060547,2.549999952316284,47200
2022-09-20,2.3499999046325684,2.4200000762939453,2.309999942779541,2.3499999046325684,24300
2022-09-21,2.309999942779541,2.4000000953674316,2.309999942779541,2.359999895095825,11300
2022-09-22,2.3299999237060547,2.359999895095825,2.25,2.259999990463257,20300
2022-09-23,2.2699999809265137,2.299999952316284,2.200000047683716,2.299999952316284,13900
2022-09-26,2.180000066757202,2.319999933242798,2.180000066757202,2.319999933242798,12300
2022-09-27,2.130000114440918,2.2200000286102295,2.130000114440918,2.1700000762939453,14300
2022-09-28,2.1700000762939453,2.240000009536743,2.140000104904175,2.190000057220459,6300
2022-09-29,2.140000104904175,2.2100000381469727,2.130000114440918,2.140000104904175,4900
2022-09-30,2.140000104904175,2.180000066757202,2.130000114440918,2.1700000762939453,4100
2022-10-03,2.25,2.25,2.1600000858306885,2.180000066757202,21100
2022-10-04,2.240000009536743,2.319999933242798,2.1500000953674316,2.259999990463257,29000
2022-10-05,2.2300000190734863,2.319999933242798,2.2200000286102295,2.259999990463257,10900
2022-10-06,2.1500000953674316,2.299999952316284,2.1500000953674316,2.299999952316284,15500
2022-10-07,1.9800000190734863,2.1500000953674316,1.940000057220459,2.1500000953674316,34500
2022-10-10,1.9299999475479126,2.0,1.8799999952316284,1.8799999952316284,21800
2022-10-11,1.8799999952316284,1.9299999475479126,1.8700000047683716,1.909999966621399,18700
2022-10-12,1.850000023841858,1.9500000476837158,1.850000023841858,1.8600000143051147,13700
2022-10-13,1.8700000047683716,1.940000057220459,1.7999999523162842,1.8200000524520874,16500
2022-10-14,1.9299999475479126,1.9500000476837158,1.8600000143051147,1.9199999570846558,8300
2022-10-17,1.9199999570846558,1.9900000095367432,1.9199999570846558,1.9500000476837158,11200
2022-10-18,1.8700000047683716,1.9500000476837158,1.8600000143051147,1.9500000476837158,15800
2022-10-19,1.8700000047683716,1.9199999570846558,1.7999999523162842,1.8799999952316284,17200
2022-10-20,1.7999999523162842,1.8899999856948853,1.7999999523162842,1.850000023841858,11300
2022-10-21,1.9199999570846558,1.9800000190734863,1.7999999523162842,1.7999999523162842,35200
2022-10-24,1.940000057220459,1.9700000286102295,1.840000033378601,1.8799999952316284,21400
2022-10-25,2.190000057220459,2.190000057220459,1.909999966621399,1.909999966621399,69100
2022-10-26,2.200000047683716,2.259999990463257,2.1700000762939453,2.180000066757202,10100
2022-10-27,2.3299999237060547,2.359999895095825,2.25,2.2899999618530273,14700
2022-10-28,2.4100000858306885,2.4200000762939453,2.180000066757202,2.3399999141693115,24900
2022-10-31,2.2699999809265137,2.3499999046325684,2.25,2.3499999046325684,15100
2022-11-01,2.2200000286102295,2.2799999713897705,2.190000057220459,2.2799999713897705,13000
2022-11-02,2.119999885559082,2.2899999618530273,2.109999895095825,2.1500000953674316,21100
2022-11-03,2.119999885559082,2.119999885559082,2.069999933242798,2.109999895095825,7400
2022-11-04,2.009999990463257,2.1500000953674316,1.8799999952316284,2.1500000953674316,64100
2022-11-07,2.0,2.259999990463257,1.9299999475479126,1.9299999475479126,14800
2022-11-08,1.9500000476837158,2.0,1.899999976158142,2.0,13000
2022-11-09,1.8899999856948853,1.9299999475479126,1.8600000143051147,1.909999966621399,12600
2022-11-10,2.0,2.0,1.8799999952316284,1.8799999952316284,13400
2022-11-11,2.059999942779541,2.0999999046325684,1.9900000095367432,2.069999933242798,13600
2022-11-14,2.119999885559082,2.1700000762939453,2.069999933242798,2.140000104904175,12600
2022-11-15,2.009999990463257,2.1500000953674316,2.009999990463257,2.109999895095825,10500
2022-11-16,1.9800000190734863,2.009999990463257,1.899999976158142,1.940000057220459,11800
2022-11-17,1.9500000476837158,1.9900000095367432,1.9500000476837158,1.9900000095367432,4800
2022-11-18,2.059999942779541,2.059999942779541,1.909999966621399,1.909999966621399,11000
2022-11-21,1.9800000190734863,2.049999952316284,1.909999966621399,1.909999966621399,4200
2022-11-22,2.0,2.009999990463257,1.9299999475479126,2.009999990463257,3300
2022-11-23,2.0399999618530273,2.119999885559082,2.0399999618530273,2.069999933242798,13300
2022-11-25,2.0199999809265137,2.0399999618530273,2.0199999809265137,2.0299999713897705,700
2022-11-28,1.850000023841858,2.0,1.850000023841858,2.0,10900
2022-11-29,1.850000023841858,1.899999976158142,1.8300000429153442,1.850000023841858,11100
2022-11-30,1.9500000476837158,1.9700000286102295,1.840000033378601,1.850000023841858,12100
2022-12-01,2.0,2.009999990463257,1.940000057220459,1.9800000190734863,9200
2022-12-02,2.009999990463257,2.049999952316284,1.9900000095367432,2.0,9700
2022-12-05,2.0,2.0799999237060547,1.9600000381469727,2.0799999237060547,5900
2022-12-06,1.899999976158142,1.9700000286102295,1.899999976158142,1.9700000286102295,3500
2022-12-07,1.8899999856948853,1.9299999475479126,1.8600000143051147,1.909999966621399,10000
2022-12-08,1.9199999570846558,1.9800000190734863,1.899999976158142,1.9600000381469727,4600
2022-12-09,1.8700000047683716,1.940000057220459,1.8700000047683716,1.909999966621399,3400
2022-12-12,1.8899999856948853,1.9299999475479126,1.8600000143051147,1.8799999952316284,5800
2022-12-13,1.9600000381469727,1.9700000286102295,1.8700000047683716,1.9199999570846558,10100
2022-12-14,2.009999990463257,2.2300000190734863,1.9299999475479126,1.9500000476837158,24600
2022-12-15,2.059999942779541,2.059999942779541,1.9500000476837158,1.9500000476837158,5400
2022-12-16,1.8600000143051147,2.0999999046325684,1.8600000143051147,2.0,29600
2022-12-19,1.8799999952316284,1.9500000476837158,1.8799999952316284,1.9500000476837158,2700
2022-12-20,1.7699999809265137,1.8700000047683716,1.75,1.8700000047683716,29700
2022-12-21,1.7300000190734863,1.850000023841858,1.7000000476837158,1.7999999523162842,18400
2022-12-22,1.7200000286102295,1.75,1.7000000476837158,1.7000000476837158,11000
2022-12-23,1.7000000476837158,1.7400000095367432,1.649999976158142,1.7100000381469727,8200
2022-12-27,1.659999966621399,1.7400000095367432,1.6100000143051147,1.6799999475479126,22900
2022-12-28,1.4800000190734863,1.6299999952316284,1.440000057220459,1.6299999952316284,35300
2022-12-29,1.4700000286102295,1.5499999523162842,1.4600000381469727,1.5499999523162842,25200
2022-12-30,1.3700000047683716,1.4900000095367432,1.309999942779541,1.4800000190734863,48200
2023-01-03,1.4800000190734863,1.5,1.409999966621399,1.4199999570846558,21100
2023-01-04,1.5199999809265137,1.5399999618530273,1.4700000286102295,1.5,339700
2023-01-05,1.590000033378601,1.6699999570846558,1.3799999952316284,1.6100000143051147,195100
2023-01-06,1.4800000190734863,1.5499999523162842,1.440000057220459,1.5,45800
2023-01-09,1.4600000381469727,1.5099999904632568,1.399999976158142,1.5099999904632568,29100
2023-01-10,1.5700000524520874,1.7899999618530273,1.4800000190734863,1.7200000286102295,2065900
2023-01-11,1.4600000381469727,1.5299999713897705,1.3899999856948853,1.4600000381469727,116100
2023-01-12,1.590000033378601,1.649999976158142,1.409999966621399,1.5099999904632568,156600
2023-01-13,1.6299999952316284,1.659999966621399,1.5299999713897705,1.5800000429153442,77600
2023-01-17,1.5399999618530273,1.6399999856948853,1.5099999904632568,1.6399999856948853,69200
2023-01-18,1.4199999570846558,1.5700000524520874,1.3600000143051147,1.5399999618530273,61500
2023-01-19,1.3600000143051147,1.409999966621399,1.309999942779541,1.409999966621399,45600
2023-01-20,1.3799999952316284,1.409999966621399,1.3300000429153442,1.399999976158142,24300
2023-01-23,1.5,1.5099999904632568,1.3600000143051147,1.399999976158142,37700
2023-01-24,1.4700000286102295,1.5099999904632568,1.4299999475479126,1.4800000190734863,15900
2023-01-25,1.440000057220459,1.4700000286102295,1.399999976158142,1.4299999475479126,12100
2023-01-26,1.440000057220459,1.4900000095367432,1.399999976158142,1.4500000476837158,21300
2023-01-27,1.4199999570846558,1.4700000286102295,1.3700000047683716,1.3799999952316284,35100
2023-01-30,1.5499999523162842,1.6200000047683716,1.409999966621399,1.4299999475479126,71000
2023-01-31,1.5800000429153442,1.600000023841858,1.5,1.559999942779541,22100
2023-02-01,1.559999942779541,1.5700000524520874,1.5099999904632568,1.5199999809265137,22200
2023-02-02,1.6399999856948853,1.6399999856948853,1.5199999809265137,1.5199999809265137,46800
2023-02-03,1.600000023841858,1.649999976158142,1.590000033378601,1.6399999856948853,23600
2023-02-06,1.75,1.809999942779541,1.590000033378601,1.6200000047683716,136500
2023-02-07,1.75,1.8300000429153442,1.6399999856948853,1.690000057220459,48000
2023-02-08,1.7699999809265137,1.7999999523162842,1.7300000190734863,1.7599999904632568,19800
2023-02-09,1.7100000381469727,1.7999999523162842,1.649999976158142,1.7699999809265137,24300
2023-02-10,1.6799999475479126,1.7599999904632568,1.649999976158142,1.7100000381469727,11800
2023-02-13,1.6699999570846558,1.7000000476837158,1.5,1.659999966621399,43200
2023-02-14,1.649999976158142,1.690000057220459,1.6200000047683716,1.649999976158142,28600
2023-02-15,1.6299999952316284,1.6799999475479126,1.600000023841858,1.6399999856948853,10600
2023-02-16,1.6200000047683716,1.6299999952316284,1.5700000524520874,1.5700000524520874,4400
2023-02-17,1.6299999952316284,1.6299999952316284,1.5700000524520874,1.5700000524520874,7700
2023-02-21,1.6100000143051147,1.6399999856948853,1.600000023841858,1.6200000047683716,4300
2023-02-22,1.6399999856948853,1.6799999475479126,1.5800000429153442,1.5800000429153442,10600
2023-02-23,1.690000057220459,1.7000000476837158,1.6399999856948853,1.659999966621399,9100
2023-02-24,1.6399999856948853,1.7000000476837158,1.6100000143051147,1.649999976158142,12300
2023-02-27,1.6100000143051147,1.7200000286102295,1.559999942779541,1.6399999856948853,19000
2023-02-28,1.6100000143051147,1.6699999570846558,1.559999942779541,1.5700000524520874,9400
2023-03-01,1.5800000429153442,1.6299999952316284,1.5800000429153442,1.6299999952316284,7200
2023-03-02,1.4800000190734863,1.5700000524520874,1.4500000476837158,1.559999942779541,35700
2023-03-03,1.5,1.5099999904632568,1.4299999475479126,1.4500000476837158,38100
2023-03-06,1.5,1.5199999809265137,1.4900000095367432,1.5099999904632568,8200
2023-03-07,1.4800000190734863,1.5199999809265137,1.4800000190734863,1.5099999904632568,5000
2023-03-08,1.5299999713897705,1.5800000429153442,1.5,1.5,16700
2023-03-09,1.5099999904632568,1.6100000143051147,1.5,1.5499999523162842,9900
2023-03-10,1.4299999475479126,1.5,1.409999966621399,1.5,6900
2023-03-13,1.4500000476837158,1.5,1.409999966621399,1.409999966621399,11600
2023-03-14,1.4600000381469727,1.5,1.4500000476837158,1.4500000476837158,5800
2023-03-15,1.4199999570846558,1.4500000476837158,1.399999976158142,1.4500000476837158,547800
2023-03-16,1.649999976158142,1.7300000190734863,1.4299999475479126,1.649999976158142,2966000
2023-03-17,1.2799999713897705,1.600000023841858,1.25,1.4800000190734863,406500
2023-03-20,1.1699999570846558,1.309999942779541,1.100000023841858,1.2799999713897705,186000
2023-03-21,1.1699999570846558,1.2000000476837158,1.1399999856948853,1.1799999475479126,41500
2023-03-22,1.2799999713897705,1.6699999570846558,1.2300000190734863,1.3300000429153442,15292900
2023-03-23,1.25,1.25,0.9700000286102295,1.0,1380200
2023-03-24,1.340000033378601,1.3600000143051147,1.149999976158142,1.2799999713897705,441800
2023-03-27,1.1799999475479126,1.2999999523162842,1.1699999570846558,1.2599999904632568,116400
2023-03-28,1.0700000524520874,1.2000000476837158,1.0299999713897705,1.1799999475479126,46600
2023-03-29,1.2100000381469727,1.2200000286102295,1.0700000524520874,1.0700000524520874,82500
2023-03-30,1.1699999570846558,1.2000000476837158,1.149999976158142,1.1699999570846558,58600
2023-03-31,1.1399999856948853,1.2000000476837158,1.1200000047683716,1.149999976158142,70900
2023-04-03,1.059999942779541,1.1299999952316284,1.0399999618530273,1.1299999952316284,50300
2023-04-04,1.0399999618530273,1.0700000524520874,1.0199999809265137,1.0700000524520874,38300
2023-04-05,1.0099999904632568,1.059999942779541,0.9900000095367432,1.0,23500
2023-04-06,0.9900000095367432,1.0499999523162842,0.9900000095367432,1.0099999904632568,33700
2023-04-10,0.9599999785423279,1.0099999904632568,0.9300000071525574,0.9700000286102295,64300
2023-04-11,0.8700000047683716,0.9900000095367432,0.8700000047683716,0.9599999785423279,61400
2023-04-12,0.8899999856948853,0.9100000262260437,0.8700000047683716,0.9100000262260437,16700
2023-04-13,0.9300000071525574,0.9300000071525574,0.8600000143051147,0.8700000047683716,37800
2023-04-14,0.9399999976158142,0.9900000095367432,0.8899999856948853,0.9300000071525574,30500
2023-04-17,1.0700000524520874,1.090000033378601,0.8999999761581421,0.9599999785423279,149500
2023-04-18,0.9900000095367432,1.0700000524520874,0.9800000190734863,1.0499999523162842,54200
2023-04-19,1.059999942779541,1.090000033378601,0.9900000095367432,1.0099999904632568,42400
2023-04-20,1.0800000429153442,1.1299999952316284,1.0399999618530273,1.0399999618530273,25300
2023-04-21,1.0499999523162842,1.0800000429153442,1.0,1.0399999618530273,29100
2023-04-24,0.9800000190734863,1.0499999523162842,0.949999988079071,1.0499999523162842,26700
2023-04-25,0.8999999761581421,0.9700000286102295,0.8899999856948853,0.9700000286102295,43700
2023-04-26,0.9399999976158142,0.9599999785423279,0.8799999952316284,0.8799999952316284,7400
2023-04-27,0.9399999976158142,0.949999988079071,0.8899999856948853,0.9300000071525574,26100
2023-04-28,0.9300000071525574,0.9599999785423279,0.8999999761581421,0.8999999761581421,15300
2023-05-01,0.9200000166893005,0.9399999976158142,0.8999999761581421,0.9300000071525574,12400
2023-05-02,0.9399999976158142,0.9599999785423279,0.9200000166893005,0.949999988079071,6200
2023-05-03,0.9399999976158142,0.9800000190734863,0.9300000071525574,0.9800000190734863,20600
2023-05-04,1.0199999809265137,1.4299999475479126,0.9300000071525574,0.9800000190734863,1183400
2023-05-05,1.0099999904632568,1.0299999713897705,0.949999988079071,0.949999988079071,77800
2023-05-08,1.0199999809265137,1.149999976158142,0.949999988079071,0.949999988079071,80500
2023-05-09,1.0399999618530273,1.059999942779541,0.9900000095367432,1.0499999523162842,21300
2023-05-10,1.059999942779541,1.0800000429153442,1.0199999809265137,1.0800000429153442,26200
2023-05-11,1.0499999523162842,1.0800000429153442,0.9900000095367432,1.0499999523162842,24700
2023-05-12,1.0299999713897705,1.059999942779541,0.9599999785423279,1.0399999618530273,17500
2023-05-15,1.0199999809265137,1.0499999523162842,1.0,1.0299999713897705,10600
2023-05-16,1.0499999523162842,1.0499999523162842,1.0099999904632568,1.0299999713897705,4200
2023-05-17,1.1299999952316284,1.1299999952316284,1.0299999713897705,1.0800000429153442,60100
2023-05-18,1.149999976158142,1.1699999570846558,1.1100000143051147,1.1299999952316284,28400
2023-05-19,1.1200000047683716,1.2300000190734863,1.1100000143051147,1.1299999952316284,20300
2023-05-22,1.190000057220459,1.2000000476837158,1.0700000524520874,1.1699999570846558,45700
2023-05-23,1.1699999570846558,1.190000057220459,1.1200000047683716,1.1799999475479126,25400
2023-05-24,1.1200000047683716,1.1699999570846558,1.100000023841858,1.1699999570846558,15000
2023-05-25,1.090000033378601,1.090000033378601,1.0499999523162842,1.059999942779541,10100
2023-05-26,1.0499999523162842,1.100000023841858,1.0099999904632568,1.059999942779541,13800
2023-05-30,1.1200000047683716,1.1699999570846558,1.0299999713897705,1.0499999523162842,19200
2023-05-31,1.190000057220459,1.25,1.149999976158142,1.1799999475479126,66500
2023-06-01,1.2000000476837158,1.2100000381469727,1.149999976158142,1.2000000476837158,15600
2023-06-02,1.1399999856948853,1.2300000190734863,1.059999942779541,1.190000057220459,38100
2023-06-05,1.1799999475479126,1.1799999475479126,1.1100000143051147,1.1100000143051147,13600
2023-06-06,1.190000057220459,1.2400000095367432,1.1799999475479126,1.2400000095367432,18300
2023-06-07,1.1399999856948853,1.190000057220459,1.1399999856948853,1.159999966621399,5800
2023-06-08,1.190000057220459,1.2100000381469727,1.1100000143051147,1.1200000047683716,10300
2023-06-09,1.1299999952316284,1.159999966621399,1.0800000429153442,1.100000023841858,44200
2023-06-12,1.0800000429153442,1.149999976158142,1.0700000524520874,1.0800000429153442,4800
2023-06-13,1.100000023841858,1.1100000143051147,1.0499999523162842,1.090000033378601,5600
2023-06-14,1.0199999809265137,1.100000023841858,1.0199999809265137,1.0800000429153442,17300
2023-06-15,1.0,1.0800000429153442,0.9800000190734863,1.0800000429153442,41400
2023-06-16,0.9700000286102295,1.0299999713897705,0.9700000286102295,1.0199999809265137,14600
2023-06-20,0.9800000190734863,1.0199999809265137,0.9599999785423279,1.0199999809265137,14900
2023-06-21,1.0099999904632568,1.0199999809265137,0.9800000190734863,0.9800000190734863,9500
2023-06-22,1.0199999809265137,1.0199999809265137,1.0099999904632568,1.0099999904632568,7000
2023-06-23,0.9800000190734863,1.0299999713897705,0.9800000190734863,0.9900000095367432,10100
2023-06-26,0.9800000190734863,0.9800000190734863,0.9800000190734863,0.9800000190734863,2500
2023-06-27,1.059999942779541,1.059999942779541,0.9900000095367432,0.9900000095367432,17100
2023-06-28,1.0399999618530273,1.090000033378601,1.0099999904632568,1.090000033378601,10400
2023-06-29,1.0700000524520874,1.100000023841858,1.0499999523162842,1.059999942779541,14900
2023-06-30,1.0499999523162842,1.100000023841858,1.0299999713897705,1.100000023841858,4500
2023-07-03,1.0700000524520874,1.090000033378601,1.0700000524520874,1.0700000524520874,4900
2023-07-05,1.0399999618530273,1.090000033378601,1.0399999618530273,1.090000033378601,2900
2023-07-06,1.0199999809265137,1.0199999809265137,1.0099999904632568,1.0099999904632568,1500
2023-07-07,1.0299999713897705,1.0499999523162842,1.0199999809265137,1.0299999713897705,1100
2023-07-10,0.9800000190734863,1.0299999713897705,0.9800000190734863,1.0099999904632568,19000
2023-07-11,0.9800000190734863,1.0199999809265137,0.9800000190734863,0.9900000095367432,7900
2023-07-12,0.9900000095367432,1.0,0.9599999785423279,0.9900000095367432,10700
2023-07-13,1.0499999523162842,1.0700000524520874,0.9700000286102295,0.9700000286102295,18300
2023-07-14,1.0099999904632568,1.2699999809265137,0.9599999785423279,1.059999942779541,539000
2023-07-17,0.9900000095367432,1.0499999523162842,0.9700000286102295,1.0099999904632568,59300
2023-07-18,0.9900000095367432,1.0099999904632568,0.949999988079071,1.0099999904632568,30900
2023-07-19,0.9700000286102295,1.0099999904632568,0.949999988079071,0.949999988079071,16200
2023-07-20,0.9800000190734863,0.9900000095367432,0.9700000286102295,0.9900000095367432,9100
2023-07-21,0.9599999785423279,1.0,0.949999988079071,0.9700000286102295,19400
2023-07-24,0.9800000190734863,1.0,0.9599999785423279,0.9599999785423279,9000
2023-07-25,1.0,1.0,0.9599999785423279,0.9599999785423279,10400
2023-07-26,1.0,1.0,0.9599999785423279,0.9700000286102295,25300
2023-07-27,1.0299999713897705,1.1699999570846558,0.9700000286102295,1.0099999904632568,429800
2023-07-28,1.0099999904632568,1.100000023841858,0.9900000095367432,1.0499999523162842,161300
2023-07-31,0.9399999976158142,1.0299999713897705,0.9100000262260437,1.0099999904632568,119200
2023-08-01,0.9300000071525574,0.9599999785423279,0.9200000166893005,0.9599999785423279,22200
2023-08-02,0.9300000071525574,0.9599999785423279,0.9200000166893005,0.9200000166893005,14100
2023-08-03,0.9599999785423279,0.9800000190734863,0.9300000071525574,0.9700000286102295,20800
2023-08-04,0.8700000047683716,0.9399999976158142,0.8199999928474426,0.8799999952316284,120200
2023-08-07,0.8600000143051147,0.8999999761581421,0.8399999737739563,0.8700000047683716,21600
2023-08-08,0.8700000047683716,0.8999999761581421,0.8500000238418579,0.8500000238418579,8600
2023-08-09,0.8299999833106995,0.8700000047683716,0.8100000023841858,0.8500000238418579,19900
2023-08-10,0.8299999833106995,0.8700000047683716,0.8100000023841858,0.8500000238418579,19500
2023-08-11,0.8100000023841858,0.8500000238418579,0.7900000214576721,0.8500000238418579,27300
2023-08-14,0.8199999928474426,0.8500000238418579,0.7699999809265137,0.8500000238418579,35600
2023-08-15,0.8100000023841858,0.8199999928474426,0.7900000214576721,0.8199999928474426,3600
2023-08-16,0.75,0.7900000214576721,0.75,0.7900000214576721,43600
2023-08-17,0.7599999904632568,0.7699999809265137,0.75,0.7699999809265137,10600
2023-08-18,0.8100000023841858,1.0700000524520874,0.75,0.7699999809265137,1800000
2023-08-21,0.6700000166893005,0.75,0.6499999761581421,0.6800000071525574,194200
2023-08-22,0.6200000047683716,0.699999988079071,0.6100000143051147,0.699999988079071,56500
2023-08-23,0.6100000143051147,0.7400000095367432,0.6000000238418579,0.6399999856948853,172000
2023-08-24,0.550000011920929,0.6100000143051147,0.5299999713897705,0.5899999737739563,57000
2023-08-25,0.5799999833106995,0.5899999737739563,0.5299999713897705,0.5299999713897705,68200
2023-08-28,0.5799999833106995,0.5899999737739563,0.5299999713897705,0.5899999737739563,69900
2023-08-29,0.6000000238418579,0.8500000238418579,0.5600000023841858,0.5699999928474426,4054600
2023-08-30,0.6200000047683716,0.6899999976158142,0.5799999833106995,0.6000000238418579,993600
2023-08-31,0.4699999988079071,0.5899999737739563,0.3799999952316284,0.5899999737739563,1121100
2023-09-01,0.5600000023841858,0.5899999737739563,0.47999998927116394,0.5299999713897705,1848400
2023-09-05,0.47999998927116394,0.5299999713897705,0.4399999976158142,0.5299999713897705,556000
2023-09-06,0.46000000834465027,0.5,0.46000000834465027,0.5,418000
2023-09-07,0.4300000071525574,0.49000000953674316,0.41999998688697815,0.49000000953674316,121600
2023-09-08,0.41999998688697815,0.4300000071525574,0.38999998569488525,0.4300000071525574,211400
2023-09-11,0.4399999976158142,0.47999998927116394,0.4099999964237213,0.41999998688697815,190500
2023-09-12,0.44999998807907104,0.46000000834465027,0.4099999964237213,0.44999998807907104,53600
2023-09-13,0.4300000071525574,0.46000000834465027,0.4099999964237213,0.46000000834465027,99000
2023-09-14,0.4099999964237213,0.4300000071525574,0.4000000059604645,0.41999998688697815,50500
2023-09-15,0.4300000071525574,0.44999998807907104,0.38999998569488525,0.4300000071525574,42400
2023-09-18,0.4300000071525574,0.4399999976158142,0.41999998688697815,0.4300000071525574,33400
2023-09-19,0.44999998807907104,0.44999998807907104,0.41999998688697815,0.4300000071525574,25700
2023-09-20,0.44999998807907104,0.46000000834465027,0.4300000071525574,0.4300000071525574,28300
2023-09-21,0.44999998807907104,0.5,0.41999998688697815,0.41999998688697815,59600
2023-09-22,0.46000000834465027,0.49000000953674316,0.4300000071525574,0.4300000071525574,39700
2023-09-25,0.46000000834465027,0.47999998927116394,0.4399999976158142,0.47999998927116394,79800
2023-09-26,0.4300000071525574,0.4699999988079071,0.4099999964237213,0.4699999988079071,53800
2023-09-27,0.41999998688697815,0.44999998807907104,0.4000000059604645,0.4300000071525574,26900
2023-09-28,0.4300000071525574,0.4300000071525574,0.4000000059604645,0.4300000071525574,27500
2023-09-29,0.4099999964237213,0.41999998688697815,0.4000000059604645,0.41999998688697815,29300
2023-10-02,0.4300000071525574,0.4399999976158142,0.4000000059604645,0.4000000059604645,18200
2023-10-03,0.4000000059604645,0.41999998688697815,0.36000001430511475,0.4099999964237213,49500
2023-10-04,0.4000000059604645,0.4000000059604645,0.3700000047683716,0.4000000059604645,8900
2023-10-05,0.38999998569488525,0.4000000059604645,0.3799999952316284,0.4000000059604645,25100
2023-10-06,0.38999998569488525,0.4000000059604645,0.3700000047683716,0.38999998569488525,25000
2023-10-09,0.3799999952316284,0.4300000071525574,0.3499999940395355,0.4300000071525574,35400
2023-10-10,0.33000001311302185,0.38999998569488525,0.2199999988079071,0.38999998569488525,196700
2023-10-11,0.36000001430511475,0.3700000047683716,0.33000001311302185,0.3499999940395355,466500
2023-10-12,0.4099999964237213,0.4099999964237213,0.3400000035762787,0.38999998569488525,189000
2023-10-13,0.36000001430511475,0.4000000059604645,0.3499999940395355,0.4000000059604645,108200
2023-10-16,0.3700000047683716,0.4000000059604645,0.3499999940395355,0.38999998569488525,44000
2023-10-17,0.36000001430511475,0.4099999964237213,0.3499999940395355,0.3499999940395355,29700
2023-10-18,0.36000001430511475,0.3700000047683716,0.3199999928474426,0.3700000047683716,46900
2023-10-19,0.3400000035762787,0.36000001430511475,0.3199999928474426,0.3199999928474426,24500
2023-10-20,0.3400000035762787,0.3499999940395355,0.3100000023841858,0.3499999940395355,30100
2023-10-23,0.30000001192092896,0.33000001311302185,0.28999999165534973,0.33000001311302185,60200
2023-10-24,0.3100000023841858,0.3100000023841858,0.28999999165534973,0.3100000023841858,63400
2023-10-25,0.33000001311302185,0.33000001311302185,0.28999999165534973,0.30000001192092896,47000
2023-10-26,0.3400000035762787,0.3499999940395355,0.3100000023841858,0.3199999928474426,15400
2023-10-27,0.33000001311302185,0.3499999940395355,0.3199999928474426,0.3499999940395355,23600
2023-10-30,0.3199999928474426,0.33000001311302185,0.3100000023841858,0.3100000023841858,13000
2023-10-31,0.3199999928474426,0.33000001311302185,0.3100000023841858,0.3199999928474426,5700
2023-11-01,0.3199999928474426,0.3400000035762787,0.30000001192092896,0.3400000035762787,16800
2023-11-02,0.30000001192092896,0.3199999928474426,0.30000001192092896,0.30000001192092896,27400
2023-11-03,0.3100000023841858,0.3199999928474426,0.30000001192092896,0.3100000023841858,5400
2023-11-06,0.3100000023841858,0.3199999928474426,0.30000001192092896,0.30000001192092896,17900
2023-11-07,0.30000001192092896,0.3199999928474426,0.30000001192092896,0.30000001192092896,9900
2023-11-08,0.3199999928474426,0.3400000035762787,0.30000001192092896,0.30000001192092896,4152700
2023-11-09,0.5299999713897705,0.8199999928474426,0.36000001430511475,0.4000000059604645,59496300
2023-11-10,0.5400000214576721,0.5799999833106995,0.4000000059604645,0.49000000953674316,2269800
2023-11-13,0.4000000059604645,0.6299999952316284,0.3400000035762787,0.5600000023841858,3001500
2023-11-14,0.33000001311302185,0.3700000047683716,0.30000001192092896,0.3499999940395355,827100
2023-11-15,0.4000000059604645,0.44999998807907104,0.3499999940395355,0.3499999940395355,1084300
2023-11-16,0.4000000059604645,0.4099999964237213,0.36000001430511475,0.4000000059604645,316400
2023-11-17,0.44999998807907104,0.44999998807907104,0.3799999952316284,0.4000000059604645,470100
2023-11-20,0.4099999964237213,0.4300000071525574,0.3799999952316284,0.4300000071525574,190900
2023-11-21,0.3799999952316284,0.41999998688697815,0.3499999940395355,0.38999998569488525,201600
2023-11-22,0.4000000059604645,0.4099999964237213,0.3799999952316284,0.4099999964237213,120000
2023-11-24,0.3799999952316284,0.4099999964237213,0.3700000047683716,0.38999998569488525,37300
2023-11-27,0.3700000047683716,0.4099999964237213,0.36000001430511475,0.4099999964237213,160800
2023-11-28,0.3799999952316284,0.3799999952316284,0.36000001430511475,0.3799999952316284,83500
2023-11-29,0.4300000071525574,0.4399999976158142,0.36000001430511475,0.36000001430511475,128900
2023-11-30,0.41999998688697815,0.4300000071525574,0.38999998569488525,0.4300000071525574,99300
2023-12-01,0.4300000071525574,0.4300000071525574,0.38999998569488525,0.4300000071525574,282900
2023-12-04,0.49000000953674316,0.5,0.4300000071525574,0.4300000071525574,279300
2023-12-05,0.5,0.550000011920929,0.47999998927116394,0.47999998927116394,271700
2023-12-06,0.49000000953674316,0.5,0.4699999988079071,0.47999998927116394,110500
2023-12-07,0.4699999988079071,0.49000000953674316,0.44999998807907104,0.47999998927116394,54900
2023-12-08,0.5299999713897705,0.5400000214576721,0.4699999988079071,0.4699999988079071,230200
2023-12-11,0.550000011920929,0.5899999737739563,0.5199999809265137,0.5799999833106995,452300
2023-12-12,0.6600000262260437,0.7099999785423279,0.5600000023841858,0.5699999928474426,480700
2023-12-13,0.6200000047683716,0.6800000071525574,0.5899999737739563,0.6700000166893005,311900
2023-12-14,0.5799999833106995,0.6600000262260437,0.46000000834465027,0.6399999856948853,238400
2023-12-15,0.5699999928474426,0.6200000047683716,0.550000011920929,0.5899999737739563,97000
2023-12-18,0.5699999928474426,0.6000000238418579,0.5400000214576721,0.6000000238418579,85400
2023-12-19,0.6100000143051147,0.6200000047683716,0.5799999833106995,0.5799999833106995,99300
2023-12-20,0.6100000143051147,0.6100000143051147,0.5899999737739563,0.6000000238418579,25400
2023-12-21,0.5899999737739563,0.6100000143051147,0.5600000023841858,0.6100000143051147,69700
2023-12-22,0.6299999952316284,0.6499999761581421,0.550000011920929,0.550000011920929,158000
2023-12-26,0.6200000047683716,0.6299999952316284,0.5799999833106995,0.6299999952316284,38100
2023-12-27,0.5600000023841858,0.6200000047683716,0.550000011920929,0.5799999833106995,74600
2023-12-28,0.5600000023841858,0.5799999833106995,0.5299999713897705,0.5699999928474426,108200
2023-12-29,0.5600000023841858,0.5799999833106995,0.5199999809265137,0.5400000214576721,92000
2024-01-02,0.6100000143051147,0.6299999952316284,0.5600000023841858,0.5600000023841858,127100
2024-01-03,0.5899999737739563,0.6299999952316284,0.5899999737739563,0.6100000143051147,55200
2024-01-04,0.5799999833106995,0.6100000143051147,0.5600000023841858,0.5600000023841858,50200
2024-01-05,0.5899999737739563,0.6299999952316284,0.5799999833106995,0.6299999952316284,53200
2024-01-08,0.5799999833106995,0.6100000143051147,0.5799999833106995,0.5899999737739563,16400
2024-01-09,0.5199999809265137,0.6000000238418579,0.5,0.5699999928474426,121100
2024-01-10,0.5400000214576721,0.5699999928474426,0.5199999809265137,0.550000011920929,8500
2024-01-11,0.5799999833106995,0.5799999833106995,0.5199999809265137,0.5299999713897705,30300
2024-01-12,0.5699999928474426,0.6299999952316284,0.5199999809265137,0.550000011920929,170700
2024-01-16,0.5400000214576721,0.6000000238418579,0.5299999713897705,0.5799999833106995,29800
2024-01-17,0.5,0.550000011920929,0.5,0.550000011920929,92000
2024-01-18,0.5199999809265137,0.550000011920929,0.5,0.5,55500
2024-01-19,0.5,0.5400000214576721,0.5,0.5099999904632568,6000
2024-01-22,0.5099999904632568,0.5299999713897705,0.5,0.5299999713897705,28200
2024-01-23,0.5,0.5299999713897705,0.5,0.5099999904632568,12500
2024-01-24,0.5099999904632568,0.5299999713897705,0.5,0.5,20700
2024-01-25,0.5099999904632568,0.5199999809265137,0.5,0.5,30600
2024-01-26,0.5099999904632568,0.5400000214576721,0.5099999904632568,0.5099999904632568,10000
2024-01-29,0.5,0.5199999809265137,0.5,0.5,11000
2024-01-30,0.5299999713897705,0.5699999928474426,0.5,0.5,36900
2024-01-31,0.5299999713897705,0.550000011920929,0.5,0.5199999809265137,15800
2024-02-01,0.5600000023841858,0.6000000238418579,0.550000011920929,0.5699999928474426,7700
2024-02-02,0.5799999833106995,0.6299999952316284,0.5400000214576721,0.5899999737739563,71900
2024-02-05,0.6000000238418579,0.6700000166893005,0.5600000023841858,0.6399999856948853,102000
2024-02-06,0.6100000143051147,0.6499999761581421,0.6000000238418579,0.6399999856948853,50000
2024-02-07,0.6000000238418579,0.6499999761581421,0.5899999737739563,0.6000000238418579,66900
2024-02-08,0.6100000143051147,0.6499999761581421,0.5799999833106995,0.5799999833106995,76800
2024-02-09,0.6000000238418579,0.6399999856948853,0.6000000238418579,0.6200000047683716,113700
2024-02-12,0.6700000166893005,1.1699999570846558,0.6000000238418579,0.6200000047683716,2142800
2024-02-13,1.0,1.1699999570846558,0.6399999856948853,0.6499999761581421,3401500
2024-02-14,1.159999966621399,1.2599999904632568,0.9200000166893005,0.949999988079071,1142300
2024-02-15,1.1200000047683716,1.1799999475479126,1.0099999904632568,1.0499999523162842,239500
2024-02-16,1.0199999809265137,1.100000023841858,0.9399999976158142,1.100000023841858,200700
2024-02-20,0.9599999785423279,1.0,0.9100000262260437,0.9599999785423279,165500
2024-02-21,0.9100000262260437,0.9300000071525574,0.7799999713897705,0.9200000166893005,258300
2024-02-22,0.9300000071525574,0.9300000071525574,0.8100000023841858,0.9300000071525574,76400
2024-02-23,1.0299999713897705,1.0700000524520874,0.9399999976158142,0.9399999976158142,191700
2024-02-26,1.0700000524520874,1.0700000524520874,1.0,1.0,148700
2024-02-27,1.0199999809265137,1.100000023841858,1.0,1.0499999523162842,347400
2024-02-28,1.0399999618530273,1.090000033378601,0.9800000190734863,1.0299999713897705,93300
2024-02-29,1.090000033378601,1.090000033378601,0.9599999785423279,1.0199999809265137,231200
2024-03-01,1.600000023841858,1.649999976158142,1.0399999618530273,1.090000033378601,1196100
2024-03-04,1.6299999952316284,1.8700000047683716,1.5099999904632568,1.6399999856948853,503700
2024-03-05,2.5,2.9200000762939453,1.6299999952316284,1.690000057220459,1768700
2024-03-06,2.490000009536743,2.7899999618530273,2.049999952316284,2.369999885559082,576600
2024-03-07,2.630000114440918,3.0899999141693115,2.4200000762939453,2.4200000762939453,464200
2024-03-08,2.8299999237060547,2.9700000286102295,2.630000114440918,2.6600000858306885,200400
2024-03-11,2.6600000858306885,2.8299999237060547,2.569999933242798,2.809999942779541,189800
2024-03-12,2.5399999618530273,2.7699999809265137,2.299999952316284,2.6600000858306885,106300
2024-03-13,2.690000057220459,2.7300000190734863,2.509999990463257,2.569999933242798,217900
2024-03-14,2.880000114440918,2.990000009536743,2.6700000762939453,2.7200000286102295,270400
2024-03-15,2.880000114440918,2.950000047683716,2.630000114440918,2.7699999809265137,224100
2024-03-18,2.809999942779541,3.200000047683716,2.6700000762939453,2.75,260300
2024-03-19,2.680000066757202,2.930000066757202,2.680000066757202,2.75,158500
2024-03-20,2.5799999237060547,2.759999990463257,2.4000000953674316,2.619999885559082,122700
2024-03-21,2.690000057220459,2.8499999046325684,2.559999942779541,2.5799999237060547,183500
2024-03-22,2.5899999141693115,2.799999952316284,2.569999933242798,2.630000114440918,115400
2024-03-25,2.5899999141693115,2.6700000762939453,2.299999952316284,2.549999952316284,184900
2024-03-26,2.4000000953674316,2.700000047683716,2.3499999046325684,2.569999933242798,102200
2024-03-27,2.5199999809265137,2.549999952316284,2.4200000762939453,2.5299999713897705,20600
2024-03-28,2.630000114440918,2.7200000286102295,2.4600000381469727,2.5299999713897705,107800
2024-04-01,2.5799999237060547,2.680000066757202,2.5199999809265137,2.559999942779541,29400
2024-04-02,2.559999942779541,2.5899999141693115,2.5199999809265137,2.549999952316284,50800
2024-04-03,2.5799999237060547,2.640000104904175,2.319999933242798,2.509999990463257,75500
2024-04-04,2.359999895095825,2.640000104904175,2.3499999046325684,2.5899999141693115,140700
2024-04-05,2.5,2.549999952316284,2.299999952316284,2.4100000858306885,54600
2024-04-08,2.5199999809265137,2.5899999141693115,2.4000000953674316,2.5399999618530273,70700
2024-04-09,2.9800000190734863,3.069999933242798,2.490000009536743,2.5199999809265137,396800
2024-04-10,2.8299999237060547,2.9800000190734863,2.819999933242798,2.940000057220459,84500
2024-04-11,3.0199999809265137,3.049999952316284,2.799999952316284,2.8499999046325684,201500
2024-04-12,2.950000047683716,3.0999999046325684,2.809999942779541,3.049999952316284,128200
2024-04-15,3.0799999237060547,3.0899999141693115,2.7100000381469727,2.8499999046325684,242700
2024-04-16,3.819999933242798,4.079999923706055,3.109999895095825,3.140000104904175,632900
2024-04-17,3.6600000858306885,3.9800000190734863,3.4000000953674316,3.7100000381469727,114100
2024-04-18,3.700000047683716,3.700000047683716,3.299999952316284,3.5299999713897705,149800
2024-04-19,3.9700000286102295,3.9700000286102295,3.559999942779541,3.700000047683716,158000
2024-04-22,4.329999923706055,4.5,3.8399999141693115,4.0,301800
2024-04-23,4.510000228881836,5.079999923706055,4.300000190734863,4.349999904632568,508600
2024-04-24,4.78000020980835,4.829999923706055,4.25,4.590000152587891,187700
2024-04-25,4.710000038146973,4.880000114440918,4.449999809265137,4.760000228881836,143600
2024-04-26,5.099999904632568,5.110000133514404,4.53000020980835,4.610000133514404,226500
2024-04-29,3.7300000190734863,5.260000228881836,3.450000047683716,5.110000133514404,521800
2024-04-30,3.630000114440918,4.53000020980835,2.7100000381469727,3.740000009536743,509100
2024-05-01,3.549999952316284,4.0,3.299999952316284,3.369999885559082,134400
2024-05-02,3.930000066757202,4.170000076293945,3.390000104904175,3.4600000381469727,130100
2024-05-03,3.9000000953674316,4.110000133514404,3.700000047683716,3.940000057220459,174400
2024-05-06,4.130000114440918,4.130000114440918,3.640000104904175,3.9000000953674316,109400
2024-05-07,4.320000171661377,4.400000095367432,4.019999980926514,4.019999980926514,138100
2024-05-08,4.300000190734863,4.400000095367432,4.199999809265137,4.340000152587891,52800
2024-05-09,4.139999866485596,4.389999866485596,3.809999942779541,4.300000190734863,59000
2024-05-10,4.010000228881836,4.329999923706055,3.950000047683716,4.119999885559082,584900
2024-05-13,3.8399999141693115,4.420000076293945,3.3299999237060547,4.360000133514404,851900
2024-05-14,2.950000047683716,3.7899999618530273,2.809999942779541,3.609999895095825,568100
2024-05-15,3.4000000953674316,3.490000009536743,3.0299999713897705,3.0299999713897705,281600
2024-05-16,3.490000009536743,3.6500000953674316,3.380000114440918,3.4000000953674316,152400
2024-05-17,3.390000104904175,3.5999999046325684,3.180000066757202,3.549999952316284,264000
2024-05-20,3.319999933242798,3.5,3.190000057220459,3.369999885559082,119000
2024-05-21,3.3499999046325684,3.4000000953674316,3.1600000858306885,3.3299999237060547,81600
2024-05-22,3.309999942779541,3.369999885559082,3.069999933242798,3.25,84100
2024-05-23,3.049999952316284,3.200000047683716,2.809999942779541,3.200000047683716,147700
2024-05-24,3.190000057220459,3.190000057220459,2.930000066757202,3.069999933242798,107200
2024-05-28,3.1600000858306885,3.3499999046325684,3.0199999809265137,3.3499999046325684,42000
2024-05-29,3.0999999046325684,3.1500000953674316,3.009999990463257,3.119999885559082,74100
2024-05-30,3.119999885559082,3.259999990463257,3.0299999713897705,3.0999999046325684,74500
2024-05-31,3.0799999237060547,3.1700000762939453,3.0,3.1700000762939453,34100
2024-06-03,2.950000047683716,3.240000009536743,2.869999885559082,3.0799999237060547,225400
2024-06-04,3.049999952316284,3.0999999046325684,2.859999895095825,2.9700000286102295,151300
2024-06-05,2.950000047683716,3.0399999618530273,2.8499999046325684,3.0399999618530273,28700
2024-06-06,2.9200000762939453,3.0299999713897705,2.8499999046325684,2.930000066757202,118800
2024-06-07,2.7300000190734863,3.0199999809265137,2.619999885559082,2.869999885559082,246700
2024-06-10,2.680000066757202,2.940000057220459,2.680000066757202,2.890000104904175,91600
2024-06-11,2.6700000762939453,2.859999895095825,2.569999933242798,2.630000114440918,144600
2024-06-12,2.569999933242798,2.75,2.5,2.640000104904175,255100
2024-06-13,2.4100000858306885,2.569999933242798,2.2699999809265137,2.5,481300
2024-06-14,2.359999895095825,2.490000009536743,2.2699999809265137,2.3399999141693115,104600
2024-06-17,2.359999895095825,2.4100000858306885,2.299999952316284,2.369999885559082,52200
2024-06-18,2.2899999618530273,2.369999885559082,2.2699999809265137,2.3499999046325684,76100
2024-06-20,2.430000066757202,2.630000114440918,2.2699999809265137,2.2699999809265137,155900
2024-06-21,2.2699999809265137,2.6700000762939453,2.2300000190734863,2.5,290100
2024-06-24,2.1700000762939453,2.3299999237060547,2.140000104904175,2.2300000190734863,58100
2024-06-25,2.1700000762939453,2.2799999713897705,2.119999885559082,2.200000047683716,50000
2024-06-26,2.2100000381469727,2.299999952316284,2.0999999046325684,2.140000104904175,71600
2024-06-27,2.190000057220459,2.2899999618530273,2.119999885559082,2.2899999618530273,74300
2024-06-28,2.240000009536743,2.2899999618530273,2.119999885559082,2.180000066757202,52100
2024-07-01,2.140000104904175,2.240000009536743,2.059999942779541,2.2200000286102295,30500
2024-07-02,2.0199999809265137,2.190000057220459,1.9700000286102295,2.109999895095825,66700
2024-07-03,2.069999933242798,2.4600000381469727,2.069999933242798,2.0999999046325684,423600
2024-07-05,2.0999999046325684,2.240000009536743,2.0,2.1500000953674316,141900
2024-07-08,1.899999976158142,2.069999933242798,1.7200000286102295,2.049999952316284,254100
2024-07-09,1.909999966621399,1.9800000190734863,1.8600000143051147,1.8600000143051147,105900
2024-07-10,2.059999942779541,2.140000104904175,1.9800000190734863,2.009999990463257,141000
2024-07-11,2.140000104904175,2.2799999713897705,2.009999990463257,2.0899999141693115,191400
2024-07-12,2.2300000190734863,2.369999885559082,2.140000104904175,2.140000104904175,139500
2024-07-15,2.0799999237060547,2.390000104904175,2.0299999713897705,2.299999952316284,81100
2024-07-16,2.259999990463257,2.4000000953674316,2.0299999713897705,2.059999942779541,139800
2024-07-17,2.2100000381469727,2.319999933242798,2.119999885559082,2.259999990463257,112100
2024-07-18,2.200000047683716,2.2899999618530273,2.0999999046325684,2.2899999618530273,105800
2024-07-19,2.009999990463257,2.240000009536743,2.0,2.2200000286102295,100300
2024-07-22,2.0799999237060547,2.119999885559082,1.9900000095367432,2.0299999713897705,66400
2024-07-23,2.0199999809265137,2.1600000858306885,1.9600000381469727,2.1600000858306885,79300
2024-07-24,1.9600000381469727,2.0199999809265137,1.9199999570846558,2.0199999809265137,52400
2024-07-25,2.0,2.1600000858306885,1.9700000286102295,2.049999952316284,151400
2024-07-26,2.009999990463257,2.0899999141693115,1.9600000381469727,1.9700000286102295,44100
2024-07-29,1.8300000429153442,2.009999990463257,1.7300000190734863,2.009999990463257,124000
2024-07-30,1.5800000429153442,1.8300000429153442,1.5700000524520874,1.7899999618530273,80700
2024-07-31,1.649999976158142,1.7200000286102295,1.5499999523162842,1.649999976158142,365800
2024-08-01,1.559999942779541,1.7300000190734863,1.5399999618530273,1.6799999475479126,121400
2024-08-02,1.5499999523162842,1.600000023841858,1.409999966621399,1.5099999904632568,141100
2024-08-05,1.309999942779541,1.5499999523162842,1.2999999523162842,1.5199999809265137,59800
2024-08-06,1.350000023841858,1.4500000476837158,1.2999999523162842,1.2999999523162842,98700
2024-08-07,1.309999942779541,1.5199999809265137,1.2999999523162842,1.5199999809265137,56000
2024-08-08,1.3600000143051147,1.4199999570846558,1.2899999618530273,1.2899999618530273,35700
2024-08-09,1.9700000286102295,1.9700000286102295,1.3799999952316284,1.3799999952316284,384200
2024-08-12,1.9500000476837158,2.200000047683716,1.7999999523162842,1.9600000381469727,225300
2024-08-13,1.850000023841858,1.9700000286102295,1.7300000190734863,1.9199999570846558,165100
2024-08-14,1.7100000381469727,1.9600000381469727,1.6399999856948853,1.809999942779541,43300
2024-08-15,1.809999942779541,1.9600000381469727,1.7100000381469727,1.7100000381469727,172700
2024-08-16,2.2699999809265137,2.700000047683716,2.059999942779541,2.0799999237060547,1999800
2024-08-19,2.9200000762939453,3.049999952316284,2.5999999046325684,2.6500000953674316,2983200
2024-08-20,2.680000066757202,3.0799999237060547,2.569999933242798,2.890000104904175,821500
2024-08-21,2.75,2.8499999046325684,2.619999885559082,2.740000009536743,481100
2024-08-22,2.559999942779541,3.0799999237060547,2.549999952316284,2.75,562400
2024-08-23,2.5399999618530273,2.75,2.3499999046325684,2.4000000953674316,516800
2024-08-26,2.369999885559082,2.799999952316284,2.3499999046325684,2.5799999237060547,740900
2024-08-27,2.4600000381469727,2.690000057220459,2.299999952316284,2.390000104904175,480500
2024-08-28,2.319999933242798,2.7100000381469727,2.130000114440918,2.5,559600
2024-08-29,2.309999942779541,2.3399999141693115,2.130000114440918,2.240000009536743,374200
2024-08-30,2.4100000858306885,2.430000066757202,2.2699999809265137,2.2899999618530273,224500
2024-09-03,2.319999933242798,2.5,2.2300000190734863,2.390000104904175,222200
2024-09-04,2.190000057220459,2.3499999046325684,2.1700000762939453,2.3299999237060547,278900
2024-09-05,2.059999942779541,2.240000009536743,2.0,2.200000047683716,276500
2024-09-06,2.0999999046325684,2.200000047683716,1.909999966621399,2.0,333600
2024-09-09,2.109999895095825,2.2200000286102295,2.0299999713897705,2.0799999237060547,186900
2024-09-10,2.0299999713897705,2.1600000858306885,1.9500000476837158,2.059999942779541,396200
2024-09-11,2.319999933242798,2.380000114440918,1.9199999570846558,2.0399999618530273,375400
2024-09-12,2.2699999809265137,2.430000066757202,2.2100000381469727,2.319999933242798,217900
2024-09-13,2.180000066757202,2.4000000953674316,2.0999999046325684,2.2100000381469727,316100
2024-09-16,2.0,2.140000104904175,2.0,2.130000114440918,267600
2024-09-17,2.130000114440918,2.2100000381469727,1.9600000381469727,2.0,208000
2024-09-18,2.0799999237060547,2.2100000381469727,2.0199999809265137,2.1500000953674316,191900
2024-09-19,2.049999952316284,2.140000104904175,1.9800000190734863,2.0899999141693115,187300
2024-09-20,2.0299999713897705,2.069999933242798,1.9199999570846558,2.049999952316284,390700
2024-09-23,1.9299999475479126,2.059999942779541,1.8799999952316284,2.049999952316284,199000
2024-09-24,1.8899999856948853,2.009999990463257,1.840000033378601,2.009999990463257,218000
2024-09-25,1.7699999809265137,1.9199999570846558,1.7599999904632568,1.899999976158142,129800
2024-09-26,1.7799999713897705,1.8200000524520874,1.7000000476837158,1.7999999523162842,163300
2024-09-27,1.809999942779541,1.8799999952316284,1.7799999713897705,1.840000033378601,88500
2024-09-30,1.7699999809265137,1.8799999952316284,1.7300000190734863,1.7999999523162842,176900
2024-10-01,1.8300000429153442,1.8799999952316284,1.7300000190734863,1.7699999809265137,149500
2024-10-02,1.7799999713897705,1.8899999856948853,1.75,1.7899999618530273,109500
2024-10-03,1.7699999809265137,1.8300000429153442,1.75,1.7899999618530273,70700
2024-10-04,1.7999999523162842,1.840000033378601,1.75,1.7699999809265137,77400
2024-10-07,1.75,1.8200000524520874,1.7100000381469727,1.8200000524520874,59400
2024-10-08,1.690000057220459,1.7899999618530273,1.5499999523162842,1.75,260700
2024-10-09,1.7100000381469727,1.7799999713897705,1.690000057220459,1.7200000286102295,116200
2024-10-10,1.75,1.75,1.649999976158142,1.7400000095367432,218300
2024-10-11,1.809999942779541,1.8300000429153442,1.7400000095367432,1.75,124100
2024-10-14,1.7799999713897705,1.8300000429153442,1.75,1.809999942779541,34800
2024-10-15,2.140000104904175,2.200000047683716,1.7599999904632568,1.7599999904632568,338000
2024-10-16,2.259999990463257,2.299999952316284,2.009999990463257,2.009999990463257,283900
2024-10-17,2.450000047683716,2.5199999809265137,2.1600000858306885,2.180000066757202,376000
2024-10-18,2.5,2.509999990463257,2.3499999046325684,2.440000057220459,142800
2024-10-21,2.4700000286102295,2.5999999046325684,2.4100000858306885,2.4700000286102295,133000
2024-10-22,2.4600000381469727,2.5299999713897705,2.3299999237060547,2.3299999237060547,134300
2024-10-23,2.5399999618530273,2.5899999141693115,2.4100000858306885,2.490000009536743,86400
2024-10-24,2.700000047683716,2.7699999809265137,2.5999999046325684,2.5999999046325684,284900
2024-10-25,2.799999952316284,2.8299999237060547,2.700000047683716,2.7100000381469727,140800
2024-10-28,2.819999933242798,2.8399999141693115,2.7200000286102295,2.8299999237060547,104100
2024-10-29,2.509999990463257,2.8399999141693115,2.390000104904175,2.8399999141693115,160800
2024-10-30,2.4600000381469727,2.690000057220459,2.450000047683716,2.5,72900
2024-10-31,2.4800000190734863,2.5999999046325684,2.440000057220459,2.4600000381469727,175900
2024-11-01,2.390000104904175,2.5299999713897705,2.299999952316284,2.4800000190734863,105700
2024-11-04,2.359999895095825,2.430000066757202,2.25,2.3299999237060547,93800
2024-11-05,2.2799999713897705,2.4000000953674316,2.2200000286102295,2.4000000953674316,85700
2024-11-06,2.5,2.75,2.319999933242798,2.3499999046325684,187400
2024-11-07,2.5199999809265137,2.569999933242798,2.440000057220459,2.4700000286102295,267400
2024-11-08,2.509999990463257,2.5399999618530273,2.3299999237060547,2.5199999809265137,208300
2024-11-11,2.3499999046325684,2.569999933242798,2.2300000190734863,2.569999933242798,120100
2024-11-12,2.319999933242798,2.369999885559082,2.25,2.369999885559082,65400
2024-11-13,2.450000047683716,2.490000009536743,2.1600000858306885,2.319999933242798,133000
2024-11-14,2.25,2.450000047683716,2.200000047683716,2.450000047683716,73100
2024-11-15,2.109999895095825,2.430000066757202,2.0,2.25,123000
2024-11-18,2.3299999237060547,2.380000114440918,2.069999933242798,2.069999933242798,187900
2024-11-19,2.2899999618530273,2.369999885559082,2.190000057220459,2.3399999141693115,67600
2024-11-20,2.190000057220459,2.319999933242798,2.1600000858306885,2.259999990463257,47200
2024-11-21,2.1500000953674316,2.240000009536743,2.0899999141693115,2.2200000286102295,185300
2024-11-22,2.190000057220459,2.390000104904175,2.1600000858306885,2.1600000858306885,145300
2024-11-25,2.119999885559082,2.2300000190734863,2.0,2.1600000858306885,239100
2024-11-26,2.1500000953674316,2.1600000858306885,2.059999942779541,2.109999895095825,49100
2024-11-27,2.259999990463257,2.2899999618530273,2.109999895095825,2.109999895095825,147300
2024-11-29,2.309999942779541,2.3299999237060547,2.2200000286102295,2.25,69100
2024-12-02,2.619999885559082,2.700000047683716,2.2899999618530273,2.369999885559082,288900
2024-12-03,2.809999942779541,2.869999885559082,2.380000114440918,2.619999885559082,344500
2024-12-04,2.7699999809265137,2.9000000953674316,2.6600000858306885,2.7200000286102295,243800
2024-12-05,2.5999999046325684,2.890000104904175,2.549999952316284,2.759999990463257,114700
2024-12-06,3.0299999713897705,3.069999933242798,2.5299999713897705,2.549999952316284,393300
2024-12-09,3.319999933242798,3.430000066757202,3.0899999141693115,3.130000114440918,284600
2024-12-10,3.3299999237060547,3.4700000286102295,3.2100000381469727,3.2799999713897705,168300
2024-12-11,3.359999895095825,3.490000009536743,3.319999933242798,3.3299999237060547,136200
2024-12-12,3.559999942779541,3.890000104904175,3.4000000953674316,3.4000000953674316,401300
2024-12-13,3.9200000762939453,3.990000009536743,3.5399999618530273,3.549999952316284,288100
2024-12-16,3.7699999809265137,4.0,3.640000104904175,4.0,239200
2024-12-17,3.75,3.890000104904175,3.559999942779541,3.7899999618530273,98500
2024-12-18,3.5199999809265137,3.809999942779541,3.4700000286102295,3.75,125900
2024-12-19,3.4200000762939453,3.559999942779541,3.3299999237060547,3.430000066757202,172400
2024-12-20,3.8399999141693115,3.8499999046325684,3.4700000286102295,3.490000009536743,232800
2024-12-23,4.329999923706055,4.5,3.8299999237060547,3.8399999141693115,697900
2024-12-24,4.309999942779541,4.460000038146973,4.099999904632568,4.420000076293945,136200
2024-12-26,4.329999923706055,4.460000038146973,4.159999847412109,4.320000171661377,86800
2024-12-27,4.449999809265137,4.449999809265137,4.110000133514404,4.329999923706055,210800
2024-12-30,4.659999847412109,4.75,4.0,4.349999904632568,211600
2024-12-31,4.650000095367432,4.829999923706055,4.599999904632568,4.650000095367432,142300
2025-01-02,5.150000095367432,5.400000095367432,4.510000228881836,4.670000076293945,296600
2025-01-03,5.489999771118164,5.789999961853027,5.199999809265137,5.389999866485596,357300
2025-01-06,5.869999885559082,5.889999866485596,5.019999980926514,5.5,279700
2025-01-07,6.800000190734863,7.090000152587891,5.760000228881836,5.949999809265137,529100
2025-01-08,6.46999979019165,6.699999809265137,5.650000095367432,6.400000095367432,456800
2025-01-10,6.320000171661377,6.75,5.980000019073486,6.460000038146973,196100
2025-01-13,5.690000057220459,6.389999866485596,5.269999980926514,6.230000019073486,244600
2025-01-14,6.130000114440918,6.590000152587891,5.429999828338623,5.599999904632568,224600
2025-01-15,6.090000152587891,6.519999980926514,5.599999904632568,6.170000076293945,131400
2025-01-16,5.960000038146973,6.269999980926514,5.690000057220459,6.190000057220459,197500
2025-01-17,5.949999809265137,6.230000019073486,5.800000190734863,6.199999809265137,109300
2025-01-21,5.789999961853027,6.199999809265137,5.659999847412109,6.010000228881836,170100
2025-01-22,4.840000152587891,5.769999980926514,4.460000038146973,5.75,562600
2025-01-23,4.659999847412109,4.989999771118164,4.5,4.760000228881836,523500
2025-01-24,5.300000190734863,5.760000228881836,4.610000133514404,4.650000095367432,376000
2025-01-27,4.800000190734863,5.184999942779541,4.710000038146973,5.119999885559082,186449
