Price,Close,High,Low,Open,Volume
Ticker,ANGO,ANGO,ANGO,ANGO,ANGO
Date,,,,,
2020-01-28,14.020000457763672,14.199999809265137,13.9399995803833,14.180000305175781,188000
2020-01-29,14.09000015258789,14.300000190734863,13.9399995803833,14.020000457763672,211500
2020-01-30,14.109999656677246,14.119999885559082,13.779999732971191,13.960000038146973,195200
2020-01-31,13.770000457763672,14.140000343322754,13.649999618530273,14.069999694824219,216000
2020-02-03,13.739999771118164,14.0600004196167,13.6899995803833,13.8100004196167,241500
2020-02-04,13.800000190734863,14.020000457763672,13.720000267028809,13.930000305175781,311000
2020-02-05,13.75,14.020000457763672,13.699999809265137,13.899999618530273,384500
2020-02-06,14.029999732971191,14.40999984741211,13.699999809265137,13.75,271400
2020-02-07,13.199999809265137,14.1899995803833,13.100000381469727,13.949999809265137,184400
2020-02-10,12.699999809265137,13.1899995803833,12.609999656677246,13.140000343322754,289900
2020-02-11,13.010000228881836,13.140000343322754,12.710000038146973,12.729999542236328,203300
2020-02-12,12.989999771118164,13.220000267028809,12.65999984741211,13.029999732971191,185000
2020-02-13,12.8100004196167,12.989999771118164,12.619999885559082,12.949999809265137,176700
2020-02-14,12.729999542236328,12.829999923706055,12.59000015258789,12.8100004196167,132200
2020-02-18,12.380000114440918,12.680000305175781,12.289999961853027,12.640000343322754,186300
2020-02-19,12.699999809265137,12.770000457763672,12.350000381469727,12.380000114440918,208600
2020-02-20,12.65999984741211,12.84000015258789,12.569999694824219,12.729999542236328,77400
2020-02-21,12.470000267028809,12.739999771118164,12.25,12.649999618530273,296400
2020-02-24,12.59000015258789,12.640000343322754,12.079999923706055,12.109999656677246,151700
2020-02-25,12.210000038146973,12.569999694824219,12.039999961853027,12.470000267028809,551200
2020-02-26,11.779999732971191,12.34000015258789,11.739999771118164,12.270000457763672,174100
2020-02-27,11.399999618530273,11.960000038146973,11.350000381469727,11.609999656677246,383900
2020-02-28,11.489999771118164,11.699999809265137,11.170000076293945,11.289999961853027,355100
2020-03-02,11.75,11.779999732971191,11.380000114440918,11.489999771118164,192500
2020-03-03,11.369999885559082,11.989999771118164,11.3100004196167,11.75,375200
2020-03-04,11.380000114440918,11.600000381469727,11.170000076293945,11.550000190734863,273400
2020-03-05,11.3100004196167,11.420000076293945,11.079999923706055,11.220000267028809,466800
2020-03-06,11.670000076293945,11.720000267028809,11.09000015258789,11.09000015258789,203400
2020-03-09,11.15999984741211,11.600000381469727,10.75,11.270000457763672,367900
2020-03-10,10.859999656677246,11.779999732971191,10.210000038146973,11.369999885559082,373200
2020-03-11,10.140000343322754,10.960000038146973,9.920000076293945,10.649999618530273,234700
2020-03-12,8.90999984741211,10.050000190734863,8.859999656677246,9.75,293400
2020-03-13,9.15999984741211,9.319999694824219,8.359999656677246,9.319999694824219,278500
2020-03-16,8.619999885559082,9.180000305175781,8.25,8.609999656677246,356300
2020-03-17,9.890000343322754,10.010000228881836,8.109999656677246,8.760000228881836,583200
2020-03-18,8.329999923706055,9.729999542236328,7.480000019073486,9.359999656677246,363400
2020-03-19,8.850000381469727,9.229999542236328,8.300000190734863,8.40999984741211,330900
2020-03-20,8.65999984741211,9.239999771118164,8.460000038146973,8.899999618530273,456400
2020-03-23,8.770000457763672,9.039999961853027,8.0600004196167,8.920000076293945,355800
2020-03-24,9.619999885559082,9.680000305175781,8.699999809265137,9.119999885559082,429100
2020-03-25,9.59000015258789,10.069999694824219,9.329999923706055,9.640000343322754,538000
2020-03-26,10.720000267028809,10.8100004196167,9.680000305175781,9.680000305175781,400800
2020-03-27,9.300000190734863,10.609999656677246,9.239999771118164,10.359999656677246,349800
2020-03-30,10.039999961853027,10.109999656677246,9.220000267028809,9.329999923706055,259700
2020-03-31,10.430000305175781,10.520000457763672,9.710000038146973,10.010000228881836,443500
2020-04-01,9.649999618530273,10.140000343322754,9.5600004196167,10.0600004196167,442700
2020-04-02,9.829999923706055,10.180000305175781,9.369999885559082,9.649999618530273,234700
2020-04-03,9.630000114440918,10.010000228881836,9.40999984741211,9.8100004196167,279200
2020-04-06,10.229999542236328,10.680000305175781,9.800000190734863,9.800000190734863,477500
2020-04-07,10.4399995803833,11.890000343322754,10.15999984741211,11.6899995803833,525500
2020-04-08,9.949999809265137,10.25,9.0,10.0600004196167,738000
2020-04-09,10.470000267028809,10.600000381469727,10.039999961853027,10.149999618530273,324400
2020-04-13,9.579999923706055,10.5,9.40999984741211,10.5,445900
2020-04-14,9.579999923706055,9.880000114440918,9.449999809265137,9.869999885559082,387200
2020-04-15,9.050000190734863,9.430000305175781,8.760000228881836,9.270000457763672,290900
2020-04-16,9.1899995803833,9.220000267028809,8.649999618530273,8.960000038146973,312800
2020-04-17,9.930000305175781,9.949999809265137,9.4399995803833,9.479999542236328,230400
2020-04-20,10.300000190734863,10.34000015258789,9.729999542236328,9.729999542236328,297500
2020-04-21,10.239999771118164,10.520000457763672,10.010000228881836,10.010000228881836,173100
2020-04-22,10.199999809265137,10.529999732971191,9.9399995803833,10.4399995803833,226400
2020-04-23,10.520000457763672,10.84000015258789,10.270000457763672,10.329999923706055,286000
2020-04-24,10.550000190734863,10.729999542236328,10.319999694824219,10.5600004196167,144100
2020-04-27,10.510000228881836,10.84000015258789,10.5,10.65999984741211,122700
2020-04-28,10.15999984741211,10.75,10.100000381469727,10.539999961853027,191500
2020-04-29,10.989999771118164,11.119999885559082,9.890000343322754,10.420000076293945,232400
2020-04-30,10.430000305175781,10.779999732971191,10.239999771118164,10.760000228881836,237200
2020-05-01,10.0600004196167,10.210000038146973,9.779999732971191,10.199999809265137,203200
2020-05-04,9.40999984741211,10.170000076293945,9.34000015258789,10.170000076293945,131800
2020-05-05,9.779999732971191,10.0,9.510000228881836,9.510000228881836,248500
2020-05-06,9.789999961853027,10.069999694824219,9.539999961853027,9.760000228881836,205300
2020-05-07,10.170000076293945,10.25,9.770000457763672,9.899999618530273,203900
2020-05-08,10.729999542236328,10.779999732971191,10.270000457763672,10.399999618530273,202100
2020-05-11,11.270000457763672,11.4399995803833,10.130000114440918,10.630000114440918,290700
2020-05-12,10.920000076293945,11.300000190734863,10.75,11.300000190734863,296000
2020-05-13,10.210000038146973,10.899999618530273,10.020000457763672,10.770000457763672,228000
2020-05-14,10.010000228881836,10.1899995803833,9.470000267028809,9.970000267028809,221600
2020-05-15,10.0,10.149999618530273,9.880000114440918,9.979999542236328,274100
2020-05-18,10.920000076293945,10.979999542236328,10.260000228881836,10.449999809265137,254200
2020-05-19,11.039999961853027,11.329999923706055,10.5,10.850000381469727,330200
2020-05-20,10.569999694824219,11.350000381469727,10.460000038146973,11.210000038146973,353600
2020-05-21,10.460000038146973,10.869999885559082,10.40999984741211,10.5600004196167,176400
2020-05-22,11.09000015258789,11.180000305175781,10.430000305175781,10.520000457763672,174400
2020-05-26,11.210000038146973,11.479999542236328,11.020000457763672,11.4399995803833,168300
2020-05-27,10.899999618530273,11.489999771118164,10.670000076293945,11.4399995803833,253700
2020-05-28,10.5,11.100000381469727,10.479999542236328,11.050000190734863,261600
2020-05-29,10.210000038146973,10.520000457763672,9.930000305175781,10.390000343322754,309800
2020-06-01,10.380000114440918,10.579999923706055,10.100000381469727,10.239999771118164,417800
2020-06-02,10.09000015258789,10.430000305175781,9.84000015258789,10.420000076293945,328600
2020-06-03,10.640000343322754,10.75,10.130000114440918,10.199999809265137,303100
2020-06-04,10.59000015258789,10.989999771118164,10.460000038146973,10.5,326200
2020-06-05,12.010000228881836,12.079999923706055,10.8100004196167,10.930000305175781,360800
2020-06-08,11.979999542236328,12.359999656677246,11.789999961853027,12.359999656677246,167600
2020-06-09,11.710000038146973,11.930000305175781,11.609999656677246,11.8100004196167,207800
2020-06-10,10.890000343322754,11.640000343322754,10.850000381469727,11.640000343322754,200000
2020-06-11,9.569999694824219,10.539999961853027,9.569999694824219,10.4399995803833,276300
2020-06-12,9.800000190734863,10.329999923706055,9.550000190734863,10.010000228881836,233700
2020-06-15,10.449999809265137,10.640000343322754,9.510000228881836,9.630000114440918,263900
2020-06-16,10.25,10.829999923706055,10.140000343322754,10.829999923706055,193600
2020-06-17,10.260000228881836,10.390000343322754,9.970000267028809,10.260000228881836,174100
2020-06-18,9.930000305175781,10.399999618530273,9.880000114440918,10.25,230000
2020-06-19,10.050000190734863,10.260000228881836,9.960000038146973,10.100000381469727,414200
2020-06-22,10.270000457763672,10.390000343322754,9.699999809265137,9.989999771118164,151100
2020-06-23,10.25,10.420000076293945,10.180000305175781,10.420000076293945,141700
2020-06-24,9.619999885559082,10.09000015258789,9.420000076293945,10.079999923706055,238100
2020-06-25,9.779999732971191,9.789999961853027,9.300000190734863,9.550000190734863,169200
2020-06-26,9.8100004196167,9.920000076293945,9.630000114440918,9.710000038146973,313300
2020-06-29,10.100000381469727,10.369999885559082,9.680000305175781,10.0,175200
2020-06-30,10.170000076293945,10.260000228881836,9.90999984741211,10.0600004196167,258600
2020-07-01,10.109999656677246,10.34000015258789,10.0,10.170000076293945,155500
2020-07-02,10.329999923706055,10.449999809265137,10.180000305175781,10.34000015258789,134500
2020-07-06,10.399999618530273,10.600000381469727,10.319999694824219,10.5,120700
2020-07-07,10.15999984741211,10.350000381469727,10.0600004196167,10.300000190734863,245000
2020-07-08,10.0,10.149999618530273,9.819999694824219,10.140000343322754,133200
2020-07-09,9.710000038146973,9.970000267028809,9.550000190734863,9.970000267028809,201400
2020-07-10,10.100000381469727,10.119999885559082,9.640000343322754,9.760000228881836,249800
2020-07-13,10.199999809265137,10.5600004196167,10.180000305175781,10.210000038146973,322500
2020-07-14,9.920000076293945,10.199999809265137,9.680000305175781,10.199999809265137,158800
2020-07-15,10.6899995803833,10.75,10.140000343322754,10.199999809265137,358500
2020-07-16,9.460000038146973,10.4399995803833,9.010000228881836,10.260000228881836,740200
2020-07-17,9.460000038146973,9.760000228881836,9.25,9.550000190734863,378400
2020-07-20,9.210000038146973,9.539999961853027,9.199999809265137,9.350000381469727,358500
2020-07-21,9.430000305175781,9.59000015258789,9.220000267028809,9.260000228881836,454700
2020-07-22,8.899999618530273,9.380000114440918,8.760000228881836,9.300000190734863,513600
2020-07-23,8.6899995803833,8.9399995803833,8.609999656677246,8.899999618530273,382500
2020-07-24,9.119999885559082,9.329999923706055,8.649999618530273,8.720000267028809,318800
2020-07-27,8.800000190734863,9.229999542236328,8.699999809265137,9.229999542236328,230200
2020-07-28,8.569999694824219,8.800000190734863,8.550000190734863,8.720000267028809,251600
2020-07-29,8.649999618530273,8.729999542236328,8.40999984741211,8.520000457763672,276600
2020-07-30,8.5,8.789999961853027,8.380000114440918,8.489999771118164,274000
2020-07-31,8.260000228881836,8.5600004196167,8.050000190734863,8.470000267028809,710200
2020-08-03,8.359999656677246,8.529999732971191,8.229999542236328,8.300000190734863,540400
2020-08-04,8.970000267028809,9.220000267028809,8.680000305175781,8.920000076293945,687000
2020-08-05,9.09000015258789,9.130000114440918,8.869999885559082,9.050000190734863,253200
2020-08-06,9.100000381469727,9.1899995803833,8.949999809265137,9.079999923706055,241300
2020-08-07,9.430000305175781,9.550000190734863,9.050000190734863,9.050000190734863,235900
2020-08-10,8.970000267028809,9.539999961853027,8.770000457763672,9.470000267028809,499900
2020-08-11,9.130000114440918,9.489999771118164,9.0,9.0,438200
2020-08-12,9.3100004196167,9.359999656677246,9.029999732971191,9.239999771118164,238000
2020-08-13,9.569999694824219,9.619999885559082,9.199999809265137,9.359999656677246,194100
2020-08-14,9.329999923706055,9.479999542236328,9.1899995803833,9.4399995803833,148200
2020-08-17,9.279999732971191,9.359999656677246,9.199999809265137,9.3100004196167,170300
2020-08-18,9.210000038146973,9.399999618530273,9.149999618530273,9.270000457763672,212100
2020-08-19,9.270000457763672,9.390000343322754,9.149999618530273,9.279999732971191,140100
2020-08-20,9.130000114440918,9.260000228881836,9.100000381469727,9.15999984741211,149700
2020-08-21,9.020000457763672,9.15999984741211,8.989999771118164,9.100000381469727,203300
2020-08-24,9.069999694824219,9.25,8.989999771118164,9.050000190734863,232200
2020-08-25,9.229999542236328,9.239999771118164,9.039999961853027,9.119999885559082,208400
2020-08-26,9.0600004196167,9.1899995803833,8.949999809265137,9.180000305175781,138100
2020-08-27,9.270000457763672,9.3100004196167,9.039999961853027,9.100000381469727,131300
2020-08-28,9.319999694824219,9.34000015258789,9.069999694824219,9.329999923706055,144400
2020-08-31,9.369999885559082,9.430000305175781,9.1899995803833,9.300000190734863,203800
2020-09-01,9.350000381469727,9.489999771118164,9.100000381469727,9.369999885559082,149700
2020-09-02,9.4399995803833,9.520000457763672,9.229999542236328,9.3100004196167,148600
2020-09-03,9.25,9.460000038146973,9.180000305175781,9.4399995803833,164500
2020-09-04,9.140000343322754,9.420000076293945,9.029999732971191,9.420000076293945,192300
2020-09-08,9.229999542236328,9.300000190734863,8.949999809265137,9.039999961853027,166100
2020-09-09,9.149999618530273,9.319999694824219,9.100000381469727,9.319999694824219,259200
2020-09-10,9.100000381469727,9.319999694824219,9.029999732971191,9.220000267028809,195000
2020-09-11,9.100000381469727,9.15999984741211,9.0,9.15999984741211,137200
2020-09-14,9.220000267028809,9.270000457763672,9.079999923706055,9.170000076293945,158600
2020-09-15,9.140000343322754,9.270000457763672,9.029999732971191,9.260000228881836,162000
2020-09-16,9.329999923706055,9.470000267028809,9.100000381469727,9.1899995803833,261200
2020-09-17,9.34000015258789,9.489999771118164,9.199999809265137,9.270000457763672,193200
2020-09-18,9.970000267028809,9.970000267028809,9.369999885559082,9.449999809265137,528700
2020-09-21,9.920000076293945,9.949999809265137,9.470000267028809,9.760000228881836,245500
2020-09-22,10.119999885559082,10.239999771118164,9.609999656677246,9.949999809265137,298800
2020-09-23,10.149999618530273,10.460000038146973,9.9399995803833,10.15999984741211,309400
2020-09-24,9.819999694824219,10.100000381469727,9.670000076293945,10.100000381469727,191900
2020-09-25,10.050000190734863,10.149999618530273,9.510000228881836,9.729999542236328,180000
2020-09-28,10.670000076293945,10.920000076293945,10.109999656677246,10.1899995803833,547800
2020-09-29,12.739999771118164,12.859999656677246,10.789999961853027,11.0600004196167,2014700
2020-09-30,12.0600004196167,12.739999771118164,11.779999732971191,12.5,778800
2020-10-01,11.470000267028809,12.140000343322754,11.399999618530273,12.039999961853027,438500
2020-10-02,11.5,11.649999618530273,11.09000015258789,11.319999694824219,468600
2020-10-05,11.859999656677246,11.949999809265137,11.239999771118164,11.579999923706055,261100
2020-10-06,11.649999618530273,12.079999923706055,11.59000015258789,11.920000076293945,257800
2020-10-07,11.649999618530273,11.800000190734863,11.350000381469727,11.65999984741211,301200
2020-10-08,11.829999923706055,11.970000267028809,11.3100004196167,11.630000114440918,261200
2020-10-09,11.619999885559082,11.989999771118164,11.430000305175781,11.800000190734863,225400
2020-10-12,11.359999656677246,11.670000076293945,11.260000228881836,11.670000076293945,323300
2020-10-13,11.25,11.420000076293945,10.8100004196167,11.1899995803833,257900
2020-10-14,11.34000015258789,11.479999542236328,11.039999961853027,11.25,356000
2020-10-15,11.670000076293945,11.8100004196167,11.210000038146973,11.270000457763672,181900
2020-10-16,11.5,11.819999694824219,11.479999542236328,11.600000381469727,206400
2020-10-19,11.25,11.65999984741211,11.170000076293945,11.550000190734863,218100
2020-10-20,11.050000190734863,11.300000190734863,10.9399995803833,11.239999771118164,421800
2020-10-21,10.829999923706055,11.15999984741211,10.680000305175781,11.050000190734863,202600
2020-10-22,10.90999984741211,10.960000038146973,10.5600004196167,10.8100004196167,287400
2020-10-23,11.069999694824219,11.15999984741211,10.720000267028809,11.0,154800
2020-10-26,11.0,11.0600004196167,10.670000076293945,10.890000343322754,176000
2020-10-27,10.90999984741211,11.3100004196167,10.680000305175781,11.0,142500
2020-10-28,10.600000381469727,10.789999961853027,10.350000381469727,10.699999809265137,212000
2020-10-29,10.65999984741211,10.920000076293945,10.359999656677246,10.569999694824219,132500
2020-10-30,10.34000015258789,10.75,10.170000076293945,10.630000114440918,230400
2020-11-02,10.619999885559082,10.649999618530273,10.1899995803833,10.350000381469727,233500
2020-11-03,11.050000190734863,11.130000114440918,10.479999542236328,10.779999732971191,234500
2020-11-04,10.859999656677246,11.119999885559082,10.640000343322754,10.75,170900
2020-11-05,11.350000381469727,11.569999694824219,10.569999694824219,10.859999656677246,260000
2020-11-06,11.390000343322754,11.520000457763672,11.199999809265137,11.369999885559082,139200
2020-11-09,11.949999809265137,12.520000457763672,11.739999771118164,11.800000190734863,220900
2020-11-10,12.100000381469727,12.350000381469727,11.5600004196167,12.069999694824219,216100
2020-11-11,11.979999542236328,12.029999732971191,11.609999656677246,12.029999732971191,144500
2020-11-12,11.899999618530273,12.109999656677246,11.609999656677246,11.84000015258789,136000
2020-11-13,12.130000114440918,12.270000457763672,11.710000038146973,11.979999542236328,148800
2020-11-16,12.510000228881836,12.609999656677246,12.020000457763672,12.4399995803833,185600
2020-11-17,12.430000305175781,12.460000038146973,12.020000457763672,12.430000305175781,152400
2020-11-18,12.130000114440918,12.649999618530273,12.109999656677246,12.40999984741211,114900
2020-11-19,12.430000305175781,12.5,11.90999984741211,12.140000343322754,135900
2020-11-20,12.59000015258789,12.729999542236328,12.229999542236328,12.430000305175781,199500
2020-11-23,12.520000457763672,12.779999732971191,12.460000038146973,12.729999542236328,212200
2020-11-24,13.029999732971191,13.109999656677246,12.430000305175781,12.520000457763672,334900
2020-11-25,14.380000114440918,15.350000381469727,14.130000114440918,15.0600004196167,871800
2020-11-27,14.359999656677246,14.569999694824219,14.130000114440918,14.510000228881836,167700
2020-11-30,14.220000267028809,14.430000305175781,13.850000381469727,14.210000038146973,224600
2020-12-01,13.850000381469727,14.460000038146973,13.550000190734863,14.460000038146973,341700
2020-12-02,13.880000114440918,14.039999961853027,13.680000305175781,13.75,306400
2020-12-03,14.140000343322754,14.199999809265137,13.800000190734863,13.930000305175781,365300
2020-12-04,15.289999961853027,15.5600004196167,14.170000076293945,14.220000267028809,506400
2020-12-07,15.0,15.3100004196167,14.8100004196167,15.270000457763672,182800
2020-12-08,15.260000228881836,15.430000305175781,14.600000381469727,14.84000015258789,418400
2020-12-09,15.119999885559082,15.829999923706055,14.949999809265137,15.449999809265137,300300
2020-12-10,14.710000038146973,15.1899995803833,14.569999694824219,15.0,161400
2020-12-11,14.550000190734863,15.59000015258789,14.270000457763672,14.529999732971191,183900
2020-12-14,14.529999732971191,15.130000114440918,14.4399995803833,14.770000457763672,205200
2020-12-15,14.930000305175781,14.979999542236328,14.449999809265137,14.670000076293945,276900
2020-12-16,14.640000343322754,15.149999618530273,14.59000015258789,15.149999618530273,213700
2020-12-17,14.619999885559082,14.819999694824219,14.460000038146973,14.640000343322754,290200
2020-12-18,14.289999961853027,14.779999732971191,14.229999542236328,14.649999618530273,917500
2020-12-21,13.869999885559082,14.0,13.720000267028809,13.979999542236328,246900
2020-12-22,13.770000457763672,14.140000343322754,13.739999771118164,13.869999885559082,198400
2020-12-23,14.210000038146973,14.380000114440918,13.760000228881836,13.770000457763672,274400
2020-12-24,14.140000343322754,14.460000038146973,13.930000305175781,14.3100004196167,111400
2020-12-28,14.149999618530273,14.460000038146973,14.0600004196167,14.210000038146973,218900
2020-12-29,14.029999732971191,14.359999656677246,13.880000114440918,14.069999694824219,154000
2020-12-30,14.630000114440918,14.699999809265137,14.130000114440918,14.149999618530273,169000
2020-12-31,15.329999923706055,15.550000190734863,14.489999771118164,14.489999771118164,247000
2021-01-04,15.4399995803833,15.979999542236328,14.960000038146973,15.489999771118164,348300
2021-01-05,15.529999732971191,15.880000114440918,15.199999809265137,15.630000114440918,292800
2021-01-06,16.190000534057617,16.520000457763672,15.630000114440918,15.789999961853027,535300
2021-01-07,18.56999969482422,19.520000457763672,16.5,16.510000228881836,1236400
2021-01-08,18.56999969482422,19.899999618530273,18.43000030517578,19.0,532400
2021-01-11,19.100000381469727,19.739999771118164,18.280000686645508,18.280000686645508,532800
2021-01-12,18.489999771118164,19.719999313354492,18.1299991607666,19.09000015258789,371300
2021-01-13,18.579999923706055,19.020000457763672,18.020000457763672,18.40999984741211,490000
2021-01-14,18.610000610351562,19.010000228881836,18.149999618530273,18.6200008392334,347600
2021-01-15,18.010000228881836,18.75,17.8799991607666,18.43000030517578,287600
2021-01-19,17.969999313354492,18.459999084472656,17.790000915527344,18.100000381469727,357800
2021-01-20,18.760000228881836,18.889999389648438,17.739999771118164,18.020000457763672,450700
2021-01-21,18.479999542236328,18.959999084472656,18.020000457763672,18.739999771118164,384700
2021-01-22,18.200000762939453,18.440000534057617,17.610000610351562,18.299999237060547,190800
2021-01-25,18.549999237060547,18.600000381469727,17.6299991607666,18.1200008392334,338900
2021-01-26,18.829999923706055,19.170000076293945,18.6200008392334,18.700000762939453,371700
2021-01-27,19.020000457763672,19.610000610351562,18.399999618530273,18.799999237060547,499500
2021-01-28,18.75,19.360000610351562,18.290000915527344,18.760000228881836,325300
2021-01-29,18.739999771118164,19.219999313354492,18.5,18.739999771118164,284600
2021-02-01,18.920000076293945,19.440000534057617,18.549999237060547,18.899999618530273,607000
2021-02-02,19.260000228881836,19.43000030517578,18.530000686645508,19.18000030517578,308200
2021-02-03,19.239999771118164,19.540000915527344,18.75,19.299999237060547,250900
2021-02-04,19.600000381469727,19.959999084472656,19.190000534057617,19.31999969482422,404000
2021-02-05,20.190000534057617,20.200000762939453,19.229999542236328,19.799999237060547,263300
2021-02-08,21.059999465942383,21.09000015258789,20.1299991607666,20.1299991607666,361400
2021-02-09,21.1299991607666,21.579999923706055,20.90999984741211,21.200000762939453,303100
2021-02-10,21.030000686645508,21.6200008392334,20.600000381469727,21.469999313354492,265100
2021-02-11,21.579999923706055,22.0,20.1200008392334,21.0,435300
2021-02-12,21.190000534057617,22.190000534057617,20.809999465942383,22.190000534057617,340000
2021-02-16,20.649999618530273,21.299999237060547,20.389999389648438,21.299999237060547,363900
2021-02-17,20.920000076293945,21.399999618530273,20.389999389648438,20.5,462900
2021-02-18,20.510000228881836,21.15999984741211,20.309999465942383,20.93000030517578,322800
2021-02-19,20.200000762939453,20.540000915527344,19.75,20.459999084472656,275800
2021-02-22,20.3700008392334,20.610000610351562,20.030000686645508,20.219999313354492,251700
2021-02-23,20.149999618530273,20.729999542236328,19.770000457763672,20.299999237060547,274700
2021-02-24,20.510000228881836,20.709999084472656,20.190000534057617,20.190000534057617,193800
2021-02-25,20.450000762939453,20.670000076293945,20.139999389648438,20.469999313354492,180300
2021-02-26,20.950000762939453,21.389999389648438,20.469999313354492,20.479999542236328,280600
2021-03-01,21.260000228881836,21.270000457763672,20.299999237060547,20.639999389648438,186200
2021-03-02,21.079999923706055,21.610000610351562,21.059999465942383,21.40999984741211,235700
2021-03-03,21.549999237060547,21.850000381469727,20.670000076293945,21.200000762939453,213200
2021-03-04,20.639999389648438,21.84000015258789,20.399999618530273,21.530000686645508,307800
2021-03-05,21.059999465942383,21.239999771118164,20.260000228881836,20.940000534057617,352700
2021-03-08,21.290000915527344,21.469999313354492,20.799999237060547,21.040000915527344,176600
2021-03-09,21.770000457763672,22.709999084472656,21.420000076293945,21.579999923706055,260300
2021-03-10,22.260000228881836,22.559999465942383,21.489999771118164,22.0,289400
2021-03-11,22.729999542236328,22.739999771118164,22.06999969482422,22.360000610351562,218000
2021-03-12,22.93000030517578,23.0,21.739999771118164,21.739999771118164,248900
2021-03-15,22.700000762939453,23.010000228881836,22.309999465942383,22.959999084472656,178800
2021-03-16,22.889999389648438,22.93000030517578,22.1299991607666,22.709999084472656,206200
2021-03-17,23.25,23.389999389648438,22.649999618530273,22.799999237060547,332500
2021-03-18,21.860000610351562,23.399999618530273,21.729999542236328,23.149999618530273,270500
2021-03-19,21.31999969482422,21.780000686645508,21.079999923706055,21.780000686645508,640600
2021-03-22,21.469999313354492,22.100000381469727,21.09000015258789,21.09000015258789,302700
2021-03-23,21.040000915527344,21.93000030517578,20.81999969482422,21.399999618530273,399300
2021-03-24,20.610000610351562,21.81999969482422,20.579999923706055,21.530000686645508,515300
2021-03-25,21.1200008392334,21.360000610351562,19.829999923706055,20.31999969482422,388500
2021-03-26,21.1200008392334,21.31999969482422,20.559999465942383,21.31999969482422,176900
2021-03-29,20.829999923706055,21.479999542236328,20.559999465942383,21.1200008392334,345100
2021-03-30,22.469999313354492,23.15999984741211,20.139999389648438,20.139999389648438,918600
2021-03-31,23.399999618530273,23.75,22.790000915527344,22.790000915527344,697600
2021-04-01,23.149999618530273,23.739999771118164,22.850000381469727,23.739999771118164,263800
2021-04-05,23.56999969482422,23.639999389648438,22.84000015258789,23.25,202000
2021-04-06,24.059999465942383,24.5,23.06999969482422,23.690000534057617,603100
2021-04-07,23.600000381469727,24.040000915527344,23.399999618530273,23.93000030517578,291600
2021-04-08,24.170000076293945,24.270000457763672,23.360000610351562,23.860000610351562,385700
2021-04-09,23.770000457763672,24.469999313354492,23.719999313354492,24.139999389648438,251000
2021-04-12,23.34000015258789,23.799999237060547,22.989999771118164,23.639999389648438,227700
2021-04-13,24.030000686645508,24.190000534057617,23.139999389648438,23.25,176500
2021-04-14,23.8700008392334,24.440000534057617,23.420000076293945,23.81999969482422,180600
2021-04-15,24.209999084472656,24.360000610351562,23.59000015258789,24.010000228881836,141400
2021-04-16,24.229999542236328,24.5,23.799999237060547,24.190000534057617,164400
2021-04-19,23.93000030517578,24.280000686645508,23.700000762939453,24.020000457763672,138700
2021-04-20,23.540000915527344,24.0,23.190000534057617,23.770000457763672,297700
2021-04-21,24.0,24.049999237060547,23.190000534057617,23.489999771118164,191100
2021-04-22,24.15999984741211,24.469999313354492,23.65999984741211,24.139999389648438,328300
2021-04-23,25.06999969482422,25.25,23.700000762939453,24.31999969482422,326700
2021-04-26,25.1200008392334,25.25,24.84000015258789,25.06999969482422,236300
2021-04-27,24.81999969482422,25.200000762939453,24.780000686645508,25.110000610351562,163100
2021-04-28,24.40999984741211,24.979999542236328,24.290000915527344,24.979999542236328,154200
2021-04-29,24.219999313354492,24.790000915527344,24.09000015258789,24.459999084472656,159900
2021-04-30,24.299999237060547,24.43000030517578,23.969999313354492,23.969999313354492,201400
2021-05-03,24.6299991607666,24.8700008392334,24.09000015258789,24.360000610351562,321500
2021-05-04,23.799999237060547,24.540000915527344,23.530000686645508,24.540000915527344,158400
2021-05-05,24.139999389648438,24.350000381469727,23.610000610351562,23.899999618530273,151300
2021-05-06,23.959999084472656,24.399999618530273,23.540000915527344,24.030000686645508,150000
2021-05-07,24.110000610351562,24.479999542236328,23.940000534057617,24.09000015258789,118200
2021-05-10,23.1299991607666,24.170000076293945,23.1200008392334,24.170000076293945,245700
2021-05-11,23.139999389648438,23.450000762939453,22.549999237060547,22.75,160600
2021-05-12,22.389999389648438,23.68000030517578,22.15999984741211,23.010000228881836,137400
2021-05-13,22.790000915527344,23.360000610351562,22.5,22.530000686645508,144800
2021-05-14,22.950000762939453,23.15999984741211,22.760000228881836,22.809999465942383,103800
2021-05-17,23.139999389648438,23.239999771118164,22.760000228881836,22.760000228881836,99700
2021-05-18,23.270000457763672,23.790000915527344,22.950000762939453,23.15999984741211,103800
2021-05-19,22.920000076293945,22.93000030517578,22.479999542236328,22.649999618530273,172700
2021-05-20,23.18000030517578,23.850000381469727,22.6200008392334,22.920000076293945,114900
2021-05-21,23.68000030517578,23.920000076293945,23.079999923706055,23.450000762939453,121900
2021-05-24,23.969999313354492,24.399999618530273,23.75,23.8700008392334,131300
2021-05-25,23.850000381469727,24.270000457763672,23.709999084472656,24.010000228881836,184700
2021-05-26,23.700000762939453,23.90999984741211,23.149999618530273,23.829999923706055,231400
2021-05-27,23.399999618530273,24.1299991607666,23.389999389648438,23.760000228881836,282800
2021-05-28,23.1200008392334,23.709999084472656,23.059999465942383,23.6299991607666,236500
2021-06-01,23.489999771118164,23.59000015258789,23.049999237060547,23.270000457763672,173700
2021-06-02,23.610000610351562,24.450000762939453,23.450000762939453,23.579999923706055,170700
2021-06-03,22.989999771118164,23.56999969482422,22.940000534057617,23.56999969482422,104800
2021-06-04,23.329999923706055,23.489999771118164,23.0,23.110000610351562,106100
2021-06-07,24.010000228881836,24.34000015258789,23.3799991607666,23.3799991607666,198600
2021-06-08,25.040000915527344,25.450000762939453,24.030000686645508,24.25,204100
2021-06-09,25.639999389648438,25.75,25.059999465942383,25.239999771118164,158800
2021-06-10,25.31999969482422,25.75,24.899999618530273,25.700000762939453,122200
2021-06-11,25.229999542236328,25.489999771118164,25.0,25.350000381469727,124000
2021-06-14,25.290000915527344,25.540000915527344,24.6299991607666,25.200000762939453,245000
2021-06-15,25.489999771118164,25.510000228881836,25.040000915527344,25.209999084472656,278700
2021-06-16,25.329999923706055,25.489999771118164,24.860000610351562,25.489999771118164,208300
2021-06-17,25.739999771118164,25.75,25.1299991607666,25.360000610351562,190000
2021-06-18,25.469999313354492,25.68000030517578,24.010000228881836,25.350000381469727,704600
2021-06-21,25.850000381469727,26.0,25.239999771118164,25.549999237060547,210200
2021-06-22,26.780000686645508,26.850000381469727,25.520000457763672,25.739999771118164,206900
2021-06-23,27.479999542236328,27.5,26.639999389648438,26.729999542236328,213600
2021-06-24,28.06999969482422,28.25,27.549999237060547,27.739999771118164,221800
2021-06-25,27.899999618530273,28.299999237060547,27.59000015258789,28.25,639900
2021-06-28,27.440000534057617,28.0,27.290000915527344,27.979999542236328,189400
2021-06-29,27.040000915527344,27.829999923706055,27.030000686645508,27.549999237060547,226300
2021-06-30,27.1299991607666,27.3799991607666,26.670000076293945,27.010000228881836,227500
2021-07-01,27.389999389648438,27.579999923706055,26.790000915527344,26.979999542236328,143500
2021-07-02,26.770000457763672,27.579999923706055,26.700000762939453,27.579999923706055,139500
2021-07-06,27.1200008392334,27.219999313354492,26.25,26.780000686645508,178600
2021-07-07,27.239999771118164,27.5,26.799999237060547,27.1299991607666,186800
2021-07-08,27.31999969482422,27.600000381469727,26.440000534057617,26.790000915527344,303900
2021-07-09,28.110000610351562,28.75,27.639999389648438,27.899999618530273,309100
2021-07-12,28.40999984741211,28.829999923706055,28.020000457763672,28.15999984741211,588900
2021-07-13,27.440000534057617,30.25,27.110000610351562,28.139999389648438,618400
2021-07-14,26.43000030517578,28.209999084472656,26.270000457763672,27.40999984741211,376500
2021-07-15,26.059999465942383,27.1200008392334,24.290000915527344,26.360000610351562,582000
2021-07-16,25.979999542236328,26.15999984741211,25.15999984741211,26.059999465942383,309200
2021-07-19,24.760000228881836,25.959999084472656,24.520000457763672,25.600000381469727,288700
2021-07-20,25.809999465942383,26.260000228881836,24.639999389648438,24.790000915527344,209400
2021-07-21,26.489999771118164,26.600000381469727,25.809999465942383,25.809999465942383,159000
2021-07-22,26.010000228881836,27.3799991607666,25.649999618530273,27.3799991607666,114200
2021-07-23,26.15999984741211,26.229999542236328,25.65999984741211,26.149999618530273,104100
2021-07-26,26.100000381469727,26.399999618530273,25.8799991607666,26.209999084472656,125900
2021-07-27,26.56999969482422,26.639999389648438,25.510000228881836,26.020000457763672,209900
2021-07-28,26.43000030517578,26.950000762939453,26.09000015258789,26.579999923706055,188700
2021-07-29,26.5,26.690000534057617,26.229999542236328,26.5,94900
2021-07-30,26.6299991607666,26.829999923706055,26.299999237060547,26.530000686645508,211700
2021-08-02,26.969999313354492,27.200000762939453,26.670000076293945,26.8700008392334,278000
2021-08-03,27.25,27.309999465942383,26.709999084472656,27.190000534057617,440300
2021-08-04,26.920000076293945,27.479999542236328,26.68000030517578,27.079999923706055,331400
2021-08-05,27.549999237060547,27.56999969482422,26.440000534057617,26.920000076293945,200200
2021-08-06,27.18000030517578,27.860000610351562,27.1200008392334,27.860000610351562,88800
2021-08-09,27.059999465942383,27.450000762939453,26.75,27.040000915527344,151100
2021-08-10,26.969999313354492,27.290000915527344,26.670000076293945,27.149999618530273,166100
2021-08-11,27.040000915527344,27.479999542236328,26.540000915527344,27.020000457763672,528500
2021-08-12,27.290000915527344,27.309999465942383,26.829999923706055,26.950000762939453,147100
2021-08-13,27.139999389648438,27.65999984741211,26.90999984741211,27.389999389648438,172800
2021-08-16,27.030000686645508,27.139999389648438,26.790000915527344,27.139999389648438,215300
2021-08-17,27.299999237060547,27.350000381469727,26.75,26.81999969482422,217000
2021-08-18,26.950000762939453,27.739999771118164,26.940000534057617,27.350000381469727,133200
2021-08-19,27.360000610351562,27.510000228881836,26.65999984741211,26.65999984741211,220900
2021-08-20,27.959999084472656,28.0,27.25,27.25,152300
2021-08-23,27.81999969482422,28.270000457763672,27.530000686645508,28.049999237060547,95700
2021-08-24,27.90999984741211,28.040000915527344,27.559999465942383,27.559999465942383,112200
2021-08-25,27.670000076293945,28.0,27.639999389648438,27.90999984741211,181500
2021-08-26,27.579999923706055,27.739999771118164,27.299999237060547,27.709999084472656,160900
2021-08-27,28.219999313354492,28.229999542236328,27.729999542236328,27.760000228881836,136700
2021-08-30,28.489999771118164,28.549999237060547,28.18000030517578,28.299999237060547,111300
2021-08-31,28.299999237060547,28.579999923706055,28.049999237060547,28.540000915527344,145900
2021-09-01,29.200000762939453,29.229999542236328,28.170000076293945,28.3799991607666,267800
2021-09-02,28.5,29.3799991607666,28.3799991607666,29.3799991607666,204700
2021-09-03,28.40999984741211,28.84000015258789,28.15999984741211,28.5,260300
2021-09-07,27.940000534057617,28.3799991607666,27.350000381469727,28.3799991607666,139400
2021-09-08,27.530000686645508,28.010000228881836,27.40999984741211,27.920000076293945,310100
2021-09-09,27.459999084472656,27.969999313354492,27.110000610351562,27.530000686645508,183600
2021-09-10,27.100000381469727,27.700000762939453,26.959999084472656,27.700000762939453,131500
2021-09-13,27.100000381469727,27.670000076293945,26.65999984741211,27.360000610351562,290900
2021-09-14,27.290000915527344,27.56999969482422,26.770000457763672,27.209999084472656,458600
2021-09-15,27.18000030517578,27.489999771118164,26.979999542236328,27.190000534057617,170700
2021-09-16,26.969999313354492,27.579999923706055,26.969999313354492,27.170000076293945,177700
2021-09-17,25.309999465942383,27.110000610351562,25.040000915527344,26.989999771118164,796300
2021-09-20,24.079999923706055,24.8799991607666,23.6299991607666,24.829999923706055,466000
2021-09-21,23.959999084472656,24.760000228881836,23.670000076293945,24.31999969482422,318300
2021-09-22,24.219999313354492,24.68000030517578,23.829999923706055,24.040000915527344,264100
2021-09-23,24.309999465942383,24.59000015258789,24.15999984741211,24.31999969482422,186100
2021-09-24,24.190000534057617,24.3799991607666,24.09000015258789,24.1200008392334,189700
2021-09-27,24.229999542236328,24.56999969482422,24.010000228881836,24.1200008392334,148000
2021-09-28,23.420000076293945,24.3700008392334,23.3700008392334,24.200000762939453,166800
2021-09-29,23.360000610351562,23.799999237060547,23.260000228881836,23.510000228881836,249900
2021-09-30,25.940000534057617,27.639999389648438,24.079999923706055,24.450000762939453,1036300
2021-10-01,26.299999237060547,26.540000915527344,25.110000610351562,25.700000762939453,322300
2021-10-04,26.200000762939453,26.860000610351562,25.940000534057617,26.15999984741211,395600
2021-10-05,27.510000228881836,27.56999969482422,26.299999237060547,26.299999237060547,326500
2021-10-06,26.739999771118164,27.579999923706055,26.360000610351562,27.170000076293945,324000
2021-10-07,26.6299991607666,27.450000762939453,26.5,26.829999923706055,172900
2021-10-08,25.940000534057617,27.290000915527344,25.850000381469727,26.799999237060547,155700
2021-10-11,25.6200008392334,26.25,25.549999237060547,26.010000228881836,172700
2021-10-12,25.920000076293945,26.06999969482422,25.399999618530273,25.81999969482422,159900
2021-10-13,25.93000030517578,26.270000457763672,25.420000076293945,26.1299991607666,116800
2021-10-14,25.760000228881836,26.350000381469727,25.469999313354492,26.290000915527344,142300
2021-10-15,27.3700008392334,28.530000686645508,27.139999389648438,27.190000534057617,419400
2021-10-18,27.229999542236328,28.0,27.059999465942383,27.459999084472656,199200
2021-10-19,27.790000915527344,28.600000381469727,27.139999389648438,27.3700008392334,245100
2021-10-20,28.360000610351562,28.59000015258789,27.799999237060547,28.139999389648438,180700
2021-10-21,28.760000228881836,29.110000610351562,28.239999771118164,28.299999237060547,192000
2021-10-22,28.540000915527344,28.8700008392334,28.200000762939453,28.649999618530273,112400
2021-10-25,28.510000228881836,28.649999618530273,28.280000686645508,28.649999618530273,113600
2021-10-26,28.489999771118164,28.809999465942383,28.100000381469727,28.510000228881836,276500
2021-10-27,28.309999465942383,28.65999984741211,28.260000228881836,28.5,133200
2021-10-28,28.450000762939453,28.610000610351562,28.25,28.5,134100
2021-10-29,28.600000381469727,29.06999969482422,28.299999237060547,28.299999237060547,236900
2021-11-01,29.3700008392334,29.540000915527344,28.31999969482422,28.690000534057617,191100
2021-11-02,29.56999969482422,29.6299991607666,29.09000015258789,29.5,100000
2021-11-03,30.889999389648438,30.969999313354492,29.459999084472656,29.549999237060547,204700
2021-11-04,30.479999542236328,31.489999771118164,30.360000610351562,31.200000762939453,296400
2021-11-05,30.969999313354492,32.0,30.510000228881836,30.579999923706055,307400
2021-11-08,30.530000686645508,31.40999984741211,30.18000030517578,31.190000534057617,157100
2021-11-09,29.770000457763672,30.440000534057617,29.709999084472656,30.440000534057617,126200
2021-11-10,29.559999465942383,30.260000228881836,29.360000610351562,29.540000915527344,161800
2021-11-11,29.559999465942383,30.010000228881836,29.3700008392334,29.739999771118164,132200
2021-11-12,29.739999771118164,29.959999084472656,29.1299991607666,29.829999923706055,110900
2021-11-15,29.06999969482422,29.829999923706055,28.90999984741211,29.829999923706055,263400
2021-11-16,29.540000915527344,29.549999237060547,28.690000534057617,28.979999542236328,146900
2021-11-17,29.510000228881836,29.75,28.709999084472656,29.510000228881836,245500
2021-11-18,28.850000381469727,29.510000228881836,28.610000610351562,29.510000228881836,143300
2021-11-19,28.520000457763672,28.90999984741211,28.260000228881836,28.65999984741211,83500
2021-11-22,28.399999618530273,29.100000381469727,28.200000762939453,28.860000610351562,142600
2021-11-23,28.15999984741211,28.600000381469727,27.700000762939453,28.3700008392334,152800
2021-11-24,28.850000381469727,29.010000228881836,27.479999542236328,27.979999542236328,154600
2021-11-26,27.219999313354492,28.760000228881836,27.170000076293945,28.18000030517578,118400
2021-11-29,26.670000076293945,28.3700008392334,26.56999969482422,26.940000534057617,187900
2021-11-30,25.75,26.760000228881836,25.59000015258789,26.34000015258789,387000
2021-12-01,25.489999771118164,28.1200008392334,25.489999771118164,26.43000030517578,196500
2021-12-02,26.549999237060547,26.729999542236328,25.3700008392334,25.579999923706055,116200
2021-12-03,25.639999389648438,27.309999465942383,25.40999984741211,26.549999237060547,208800
2021-12-06,25.8700008392334,26.5,25.25,25.940000534057617,279900
2021-12-07,26.489999771118164,27.010000228881836,25.700000762939453,26.329999923706055,147800
2021-12-08,26.479999542236328,26.790000915527344,25.979999542236328,26.540000915527344,104700
2021-12-09,25.670000076293945,26.229999542236328,25.389999389648438,26.18000030517578,217900
2021-12-10,25.3700008392334,26.219999313354492,25.149999618530273,26.219999313354492,161000
2021-12-13,25.100000381469727,25.670000076293945,24.639999389648438,25.239999771118164,208200
2021-12-14,24.350000381469727,25.540000915527344,24.239999771118164,24.969999313354492,167100
2021-12-15,24.979999542236328,25.059999465942383,24.09000015258789,24.270000457763672,203100
2021-12-16,24.90999984741211,25.610000610351562,24.530000686645508,25.1299991607666,294400
2021-12-17,25.850000381469727,26.040000915527344,24.65999984741211,24.950000762939453,1315800
2021-12-20,25.43000030517578,25.610000610351562,24.93000030517578,25.5,172500
2021-12-21,26.649999618530273,26.65999984741211,25.670000076293945,25.8700008392334,121800
2021-12-22,27.639999389648438,27.719999313354492,26.389999389648438,26.670000076293945,183900
2021-12-23,28.209999084472656,28.350000381469727,27.549999237060547,27.719999313354492,148900
2021-12-27,28.950000762939453,29.049999237060547,27.93000030517578,28.149999618530273,224200
2021-12-28,28.3700008392334,29.15999984741211,27.899999618530273,28.68000030517578,151000
2021-12-29,28.25,28.700000762939453,27.889999389648438,28.399999618530273,139300
2021-12-30,28.200000762939453,28.579999923706055,27.8799991607666,28.329999923706055,179400
2021-12-31,27.579999923706055,28.510000228881836,27.489999771118164,28.290000915527344,251000
2022-01-03,29.15999984741211,29.18000030517578,27.40999984741211,29.079999923706055,317600
2022-01-04,29.09000015258789,29.969999313354492,28.889999389648438,29.540000915527344,461900
2022-01-05,27.739999771118164,30.0,27.530000686645508,28.979999542236328,479300
2022-01-06,24.459999084472656,26.360000610351562,23.540000915527344,24.190000534057617,1128700
2022-01-07,23.43000030517578,23.8799991607666,22.40999984741211,23.829999923706055,886000
2022-01-10,22.670000076293945,23.260000228881836,22.329999923706055,23.020000457763672,502600
2022-01-11,23.450000762939453,23.709999084472656,22.350000381469727,22.739999771118164,488700
2022-01-12,22.079999923706055,23.75,21.969999313354492,23.15999984741211,584000
2022-01-13,22.459999084472656,24.09000015258789,22.440000534057617,23.670000076293945,590200
2022-01-14,22.6299991607666,22.709999084472656,21.59000015258789,21.959999084472656,313400
2022-01-18,22.510000228881836,22.959999084472656,21.90999984741211,22.239999771118164,421700
2022-01-19,22.049999237060547,23.0,21.889999389648438,22.459999084472656,443600
2022-01-20,22.190000534057617,23.15999984741211,21.979999542236328,22.219999313354492,356100
2022-01-21,22.1200008392334,22.850000381469727,21.8700008392334,21.940000534057617,470800
2022-01-24,22.81999969482422,23.139999389648438,21.329999923706055,21.709999084472656,570700
2022-01-25,22.0,22.479999542236328,21.530000686645508,22.479999542236328,503400
2022-01-26,21.280000686645508,22.690000534057617,20.709999084472656,22.170000076293945,477700
2022-01-27,20.459999084472656,21.700000762939453,20.030000686645508,21.600000381469727,436800
2022-01-28,21.010000228881836,21.030000686645508,20.059999465942383,20.40999984741211,435400
2022-01-31,21.6299991607666,21.670000076293945,20.719999313354492,20.809999465942383,390300
2022-02-01,21.309999465942383,21.770000457763672,20.989999771118164,21.719999313354492,296200
2022-02-02,20.90999984741211,21.709999084472656,20.350000381469727,21.280000686645508,286200
2022-02-03,20.479999542236328,21.040000915527344,20.3799991607666,20.639999389648438,171400
2022-02-04,20.579999923706055,20.81999969482422,20.190000534057617,20.440000534057617,187900
2022-02-07,20.670000076293945,20.850000381469727,20.360000610351562,20.5,191900
2022-02-08,21.559999465942383,21.639999389648438,20.3700008392334,20.670000076293945,198500
2022-02-09,22.3799991607666,22.389999389648438,21.510000228881836,21.68000030517578,306100
2022-02-10,21.940000534057617,22.829999923706055,21.1299991607666,21.889999389648438,298800
2022-02-11,21.56999969482422,22.139999389648438,21.309999465942383,21.729999542236328,109200
2022-02-14,21.899999618530273,22.139999389648438,21.5,21.690000534057617,220800
2022-02-15,22.690000534057617,22.760000228881836,22.34000015258789,22.34000015258789,188300
2022-02-16,22.5,22.709999084472656,22.200000762939453,22.65999984741211,164800
2022-02-17,22.09000015258789,22.3700008392334,21.729999542236328,22.09000015258789,279200
2022-02-18,21.15999984741211,22.059999465942383,21.1299991607666,21.959999084472656,171600
2022-02-22,20.920000076293945,21.200000762939453,20.56999969482422,20.920000076293945,205600
2022-02-23,21.09000015258789,21.299999237060547,20.739999771118164,20.989999771118164,181600
2022-02-24,22.110000610351562,22.18000030517578,20.520000457763672,20.59000015258789,221700
2022-02-25,23.209999084472656,23.309999465942383,21.959999084472656,22.219999313354492,192100
2022-02-28,23.530000686645508,23.709999084472656,22.790000915527344,23.09000015258789,211500
2022-03-01,23.979999542236328,24.010000228881836,22.8700008392334,23.399999618530273,271000
2022-03-02,24.5,24.670000076293945,23.920000076293945,24.149999618530273,243600
2022-03-03,24.31999969482422,24.780000686645508,24.049999237060547,24.690000534057617,201800
2022-03-04,24.06999969482422,24.459999084472656,23.809999465942383,24.200000762939453,128300
2022-03-07,24.190000534057617,24.309999465942383,23.579999923706055,24.170000076293945,229900
2022-03-08,23.34000015258789,24.34000015258789,22.559999465942383,24.190000534057617,210700
2022-03-09,23.700000762939453,24.200000762939453,23.639999389648438,23.770000457763672,144900
2022-03-10,23.489999771118164,23.739999771118164,21.65999984741211,23.229999542236328,158800
2022-03-11,22.75,23.920000076293945,22.700000762939453,23.65999984741211,174600
2022-03-14,22.829999923706055,23.229999542236328,22.6200008392334,22.799999237060547,186100
2022-03-15,22.65999984741211,23.020000457763672,22.360000610351562,23.020000457763672,152600
2022-03-16,22.940000534057617,23.469999313354492,22.440000534057617,22.899999618530273,385600
2022-03-17,24.350000381469727,24.489999771118164,22.690000534057617,23.1299991607666,288000
2022-03-18,23.899999618530273,24.75,23.84000015258789,24.360000610351562,347000
2022-03-21,23.049999237060547,24.110000610351562,22.850000381469727,23.899999618530273,267500
2022-03-22,22.709999084472656,23.34000015258789,22.639999389648438,23.25,157000
2022-03-23,21.75,22.729999542236328,21.65999984741211,22.420000076293945,286400
2022-03-24,21.969999313354492,22.059999465942383,21.219999313354492,21.729999542236328,310300
2022-03-25,21.850000381469727,22.200000762939453,21.790000915527344,22.18000030517578,97900
2022-03-28,21.43000030517578,22.170000076293945,21.15999984741211,22.100000381469727,242400
2022-03-29,21.719999313354492,22.309999465942383,21.639999389648438,21.65999984741211,274700
2022-03-30,21.850000381469727,22.239999771118164,21.09000015258789,21.610000610351562,230800
2022-03-31,21.540000915527344,22.25,21.479999542236328,22.059999465942383,239700
2022-04-01,22.520000457763672,22.520000457763672,21.639999389648438,21.739999771118164,234300
2022-04-04,21.559999465942383,22.709999084472656,21.440000534057617,22.389999389648438,458400
2022-04-05,21.309999465942383,21.790000915527344,21.239999771118164,21.540000915527344,194200
2022-04-06,21.540000915527344,21.729999542236328,20.450000762939453,21.030000686645508,440500
2022-04-07,23.489999771118164,24.25,21.56999969482422,22.440000534057617,726300
2022-04-08,23.65999984741211,24.3799991607666,23.5,23.6299991607666,395900
2022-04-11,22.510000228881836,23.68000030517578,22.489999771118164,23.290000915527344,296300
2022-04-12,23.09000015258789,23.350000381469727,22.5,22.5,245500
2022-04-13,23.1299991607666,23.43000030517578,22.84000015258789,23.0,159300
2022-04-14,22.920000076293945,23.170000076293945,22.40999984741211,23.15999984741211,235000
2022-04-18,22.81999969482422,23.030000686645508,22.520000457763672,22.8700008392334,195700
2022-04-19,24.020000457763672,24.25,22.850000381469727,22.850000381469727,282100
2022-04-20,24.489999771118164,24.8700008392334,23.610000610351562,23.610000610351562,240800
2022-04-21,24.040000915527344,24.84000015258789,23.799999237060547,24.6299991607666,257100
2022-04-22,23.170000076293945,24.09000015258789,23.030000686645508,23.8700008392334,222400
2022-04-25,23.559999465942383,23.709999084472656,23.06999969482422,23.06999969482422,219000
2022-04-26,23.079999923706055,23.600000381469727,22.979999542236328,23.219999313354492,246100
2022-04-27,22.530000686645508,23.40999984741211,22.350000381469727,23.010000228881836,213400
2022-04-28,22.469999313354492,22.829999923706055,21.5,22.829999923706055,189200
2022-04-29,21.049999237060547,23.170000076293945,20.959999084472656,22.489999771118164,325000
2022-05-02,21.1200008392334,21.93000030517578,20.75,20.90999984741211,218500
2022-05-03,21.1200008392334,21.520000457763672,20.760000228881836,21.100000381469727,159000
2022-05-04,21.239999771118164,21.440000534057617,20.450000762939453,21.18000030517578,156600
2022-05-05,20.290000915527344,21.100000381469727,19.950000762939453,21.010000228881836,195300
2022-05-06,19.670000076293945,20.190000534057617,19.299999237060547,20.190000534057617,279500
2022-05-09,18.06999969482422,19.6299991607666,17.969999313354492,19.40999984741211,370000
2022-05-10,18.350000381469727,18.56999969482422,17.559999465942383,18.239999771118164,213900
2022-05-11,18.100000381469727,18.969999313354492,18.030000686645508,18.229999542236328,165000
2022-05-12,17.979999542236328,18.440000534057617,17.59000015258789,18.030000686645508,182100
2022-05-13,18.690000534057617,18.8799991607666,18.079999923706055,18.079999923706055,158100
2022-05-16,18.780000686645508,19.010000228881836,18.65999984741211,18.809999465942383,104800
2022-05-17,20.280000686645508,20.290000915527344,18.440000534057617,19.170000076293945,197300
2022-05-18,19.459999084472656,20.3799991607666,19.329999923706055,19.729999542236328,233100
2022-05-19,19.229999542236328,19.579999923706055,18.979999542236328,19.34000015258789,195300
2022-05-20,19.25,19.610000610351562,19.079999923706055,19.56999969482422,300500
2022-05-23,19.149999618530273,19.600000381469727,18.950000762939453,19.559999465942383,437100
2022-05-24,18.850000381469727,19.079999923706055,18.540000915527344,19.020000457763672,160900
2022-05-25,19.170000076293945,19.270000457763672,18.649999618530273,18.68000030517578,201800
2022-05-26,19.100000381469727,19.3700008392334,19.010000228881836,19.239999771118164,144200
2022-05-27,19.889999389648438,20.110000610351562,19.079999923706055,19.25,146900
2022-05-31,19.6299991607666,19.860000610351562,19.360000610351562,19.6299991607666,324500
2022-06-01,19.670000076293945,20.09000015258789,19.100000381469727,19.770000457763672,172600
2022-06-02,20.469999313354492,20.670000076293945,19.59000015258789,19.670000076293945,133600
2022-06-03,20.209999084472656,20.540000915527344,19.969999313354492,20.31999969482422,101400
2022-06-06,20.540000915527344,20.670000076293945,20.309999465942383,20.559999465942383,116200
2022-06-07,20.729999542236328,20.860000610351562,20.139999389648438,20.3700008392334,90900
2022-06-08,19.260000228881836,20.729999542236328,18.850000381469727,20.540000915527344,508500
2022-06-09,19.010000228881836,19.25,18.770000457763672,19.049999237060547,567600
2022-06-10,18.950000762939453,19.270000457763672,18.760000228881836,18.760000228881836,123600
2022-06-13,18.219999313354492,18.469999313354492,17.81999969482422,18.170000076293945,129700
2022-06-14,17.829999923706055,18.440000534057617,17.670000076293945,18.280000686645508,185300
2022-06-15,18.350000381469727,18.600000381469727,18.020000457763672,18.020000457763672,234000
2022-06-16,18.209999084472656,18.350000381469727,17.729999542236328,17.93000030517578,240800
2022-06-17,18.700000762939453,18.8799991607666,18.209999084472656,18.479999542236328,443200
2022-06-21,19.020000457763672,19.209999084472656,18.65999984741211,18.979999542236328,141500
2022-06-22,19.110000610351562,19.700000762939453,18.860000610351562,18.860000610351562,643900
2022-06-23,20.149999618530273,20.190000534057617,19.260000228881836,19.260000228881836,546700
2022-06-24,19.239999771118164,20.670000076293945,19.09000015258789,19.959999084472656,537100
2022-06-27,19.739999771118164,19.850000381469727,19.059999465942383,19.399999618530273,262000
2022-06-28,19.239999771118164,19.940000534057617,19.18000030517578,19.940000534057617,101500
2022-06-29,19.350000381469727,19.3799991607666,18.139999389648438,19.18000030517578,115100
2022-06-30,19.350000381469727,19.639999389648438,18.75,19.229999542236328,212100
2022-07-01,19.540000915527344,19.600000381469727,19.040000915527344,19.239999771118164,118200
2022-07-05,19.690000534057617,20.229999542236328,18.84000015258789,19.219999313354492,219200
2022-07-06,19.799999237060547,20.200000762939453,19.360000610351562,19.700000762939453,236900
2022-07-07,20.540000915527344,20.600000381469727,19.649999618530273,20.030000686645508,308800
2022-07-08,20.420000076293945,20.889999389648438,20.34000015258789,20.579999923706055,128600
2022-07-11,20.040000915527344,20.440000534057617,19.799999237060547,20.3700008392334,237300
2022-07-12,20.020000457763672,20.540000915527344,19.559999465942383,19.84000015258789,747900
2022-07-13,20.920000076293945,21.350000381469727,19.520000457763672,19.729999542236328,420000
2022-07-14,20.719999313354492,20.75,20.1200008392334,20.75,243500
2022-07-15,21.31999969482422,21.520000457763672,20.8799991607666,21.209999084472656,222200
2022-07-18,20.790000915527344,21.719999313354492,20.739999771118164,21.280000686645508,117900
2022-07-19,21.1200008392334,21.3700008392334,20.709999084472656,20.709999084472656,196200
2022-07-20,21.530000686645508,21.600000381469727,20.899999618530273,20.899999618530273,176700
2022-07-21,22.100000381469727,22.1200008392334,21.479999542236328,21.6299991607666,128400
2022-07-22,21.610000610351562,22.239999771118164,21.3799991607666,21.889999389648438,118600
2022-07-25,22.3799991607666,22.540000915527344,21.520000457763672,21.739999771118164,239600
2022-07-26,22.299999237060547,22.6200008392334,22.059999465942383,22.40999984741211,104900
2022-07-27,22.610000610351562,22.790000915527344,21.25,22.3700008392334,136000
2022-07-28,22.950000762939453,22.979999542236328,22.15999984741211,22.450000762939453,110300
2022-07-29,22.690000534057617,23.040000915527344,22.389999389648438,22.75,114500
2022-08-01,23.299999237060547,23.540000915527344,22.559999465942383,22.579999923706055,166200
2022-08-02,23.260000228881836,23.520000457763672,22.989999771118164,23.299999237060547,537300
2022-08-03,23.559999465942383,23.81999969482422,23.06999969482422,23.5,329300
2022-08-04,23.31999969482422,23.6299991607666,23.06999969482422,23.469999313354492,109400
2022-08-05,23.780000686645508,23.790000915527344,22.979999542236328,23.139999389648438,83600
2022-08-08,23.700000762939453,24.030000686645508,23.540000915527344,23.93000030517578,134600
2022-08-09,23.450000762939453,23.920000076293945,23.270000457763672,23.6200008392334,108500
2022-08-10,24.139999389648438,24.239999771118164,23.780000686645508,23.8700008392334,125400
2022-08-11,24.299999237060547,24.739999771118164,24.15999984741211,24.15999984741211,127800
2022-08-12,24.229999542236328,24.479999542236328,24.079999923706055,24.479999542236328,321500
2022-08-15,24.280000686645508,24.56999969482422,23.93000030517578,24.059999465942383,209400
2022-08-16,23.8799991607666,24.3799991607666,23.700000762939453,24.3799991607666,94200
2022-08-17,23.899999618530273,24.079999923706055,23.6200008392334,23.6200008392334,257800
2022-08-18,23.6200008392334,24.290000915527344,23.31999969482422,24.09000015258789,154500
2022-08-19,23.360000610351562,23.540000915527344,23.200000762939453,23.540000915527344,109000
2022-08-22,22.799999237060547,23.579999923706055,22.739999771118164,23.15999984741211,120000
2022-08-23,22.610000610351562,22.860000610351562,22.3700008392334,22.780000686645508,185200
2022-08-24,22.670000076293945,22.979999542236328,22.489999771118164,22.760000228881836,62500
2022-08-25,23.290000915527344,23.290000915527344,22.559999465942383,22.690000534057617,74300
2022-08-26,22.639999389648438,23.31999969482422,22.5,23.270000457763672,103900
2022-08-29,22.079999923706055,22.540000915527344,22.059999465942383,22.5,59900
2022-08-30,21.799999237060547,22.200000762939453,21.68000030517578,22.030000686645508,93800
2022-08-31,22.139999389648438,22.3700008392334,21.479999542236328,21.969999313354492,127700
2022-09-01,21.540000915527344,22.280000686645508,21.34000015258789,22.030000686645508,151200
2022-09-02,20.850000381469727,21.65999984741211,20.690000534057617,21.579999923706055,131500
2022-09-06,21.079999923706055,21.200000762939453,20.610000610351562,20.8700008392334,124700
2022-09-07,21.81999969482422,21.8799991607666,20.59000015258789,21.06999969482422,144400
2022-09-08,22.219999313354492,22.610000610351562,21.440000534057617,21.700000762939453,133400
2022-09-09,22.6200008392334,22.68000030517578,22.260000228881836,22.360000610351562,112500
2022-09-12,22.809999465942383,22.8799991607666,22.149999618530273,22.420000076293945,108700
2022-09-13,21.889999389648438,22.540000915527344,21.829999923706055,22.299999237060547,126900
2022-09-14,21.860000610351562,22.15999984741211,21.6299991607666,21.65999984741211,106400
2022-09-15,22.040000915527344,22.239999771118164,21.690000534057617,22.049999237060547,154900
2022-09-16,21.8700008392334,22.0,21.1200008392334,21.93000030517578,283100
2022-09-19,21.600000381469727,21.81999969482422,21.1299991607666,21.760000228881836,142200
2022-09-20,21.15999984741211,21.520000457763672,20.8700008392334,21.520000457763672,103700
2022-09-21,20.790000915527344,21.520000457763672,20.610000610351562,21.31999969482422,107200
2022-09-22,20.450000762939453,20.709999084472656,20.0,20.709999084472656,155600
2022-09-23,19.8799991607666,20.280000686645508,19.700000762939453,20.229999542236328,132400
2022-09-26,20.040000915527344,20.43000030517578,19.770000457763672,19.84000015258789,147200
2022-09-27,19.860000610351562,20.440000534057617,19.739999771118164,20.030000686645508,131200
2022-09-28,20.399999618530273,20.540000915527344,19.739999771118164,19.899999618530273,227500
2022-09-29,20.56999969482422,20.610000610351562,19.829999923706055,20.139999389648438,130300
2022-09-30,20.459999084472656,21.479999542236328,20.440000534057617,20.68000030517578,230100
2022-10-03,20.40999984741211,20.899999618530273,20.31999969482422,20.729999542236328,411300
2022-10-04,21.450000762939453,21.8799991607666,20.709999084472656,20.709999084472656,564900
2022-10-05,21.549999237060547,21.799999237060547,21.030000686645508,21.110000610351562,574400
2022-10-06,17.34000015258789,19.540000915527344,17.139999389648438,19.100000381469727,1110300
2022-10-07,15.899999618530273,17.239999771118164,14.529999732971191,17.15999984741211,1653100
2022-10-10,14.380000114440918,15.869999885559082,14.0,15.869999885559082,1032100
2022-10-11,13.369999885559082,14.25,13.079999923706055,14.239999771118164,692400
2022-10-12,14.050000190734863,14.149999618530273,13.380000114440918,13.670000076293945,616800
2022-10-13,14.789999961853027,15.270000457763672,13.869999885559082,14.020000457763672,529500
2022-10-14,14.380000114440918,15.0600004196167,14.319999694824219,14.880000114440918,297700
2022-10-17,14.859999656677246,15.270000457763672,14.470000267028809,14.630000114440918,371000
2022-10-18,14.5600004196167,15.569999694824219,14.40999984741211,15.399999618530273,484400
2022-10-19,13.8100004196167,14.300000190734863,13.720000267028809,14.300000190734863,267200
2022-10-20,13.569999694824219,13.899999618530273,13.380000114440918,13.65999984741211,208500
2022-10-21,13.3100004196167,13.640000343322754,12.989999771118164,13.619999885559082,379900
2022-10-24,13.069999694824219,13.390000343322754,12.869999885559082,13.34000015258789,309100
2022-10-25,13.15999984741211,13.489999771118164,13.039999961853027,13.069999694824219,268600
2022-10-26,13.390000343322754,13.880000114440918,13.029999732971191,13.279999732971191,1957200
2022-10-27,13.329999923706055,13.829999923706055,13.260000228881836,13.550000190734863,379100
2022-10-28,13.489999771118164,13.670000076293945,13.020000457763672,13.279999732971191,345700
2022-10-31,14.09000015258789,14.180000305175781,13.3100004196167,13.40999984741211,443600
2022-11-01,14.079999923706055,14.329999923706055,13.880000114440918,14.180000305175781,204400
2022-11-02,13.920000076293945,14.970000267028809,13.850000381469727,13.850000381469727,667800
2022-11-03,13.529999732971191,14.300000190734863,13.5,13.779999732971191,413800
2022-11-04,14.050000190734863,14.079999923706055,13.430000305175781,13.760000228881836,298700
2022-11-07,14.5,14.550000190734863,13.960000038146973,14.180000305175781,270900
2022-11-08,14.319999694824219,14.640000343322754,14.0600004196167,14.5,235800
2022-11-09,14.0600004196167,14.34000015258789,13.970000267028809,14.34000015258789,195400
2022-11-10,14.399999618530273,14.970000267028809,14.300000190734863,14.649999618530273,473900
2022-11-11,13.729999542236328,14.59000015258789,13.670000076293945,14.359999656677246,2128500
2022-11-14,13.550000190734863,13.920000076293945,13.130000114440918,13.6899995803833,800800
2022-11-15,13.819999694824219,14.039999961853027,13.229999542236328,13.800000190734863,652900
2022-11-16,13.960000038146973,14.130000114440918,13.479999542236328,13.859999656677246,292600
2022-11-17,13.8100004196167,14.029999732971191,13.699999809265137,13.90999984741211,193500
2022-11-18,14.100000381469727,14.40999984741211,13.760000228881836,14.130000114440918,224000
2022-11-21,14.359999656677246,14.600000381469727,13.890000343322754,14.149999618530273,219900
2022-11-22,14.640000343322754,14.729999542236328,13.800000190734863,14.300000190734863,217700
2022-11-23,13.609999656677246,14.640000343322754,13.039999961853027,14.640000343322754,274700
2022-11-25,13.6899995803833,13.800000190734863,13.5,13.510000228881836,88100
2022-11-28,12.520000457763672,13.670000076293945,12.5,13.460000038146973,1528700
2022-11-29,12.510000228881836,12.829999923706055,12.449999809265137,12.569999694824219,466100
2022-11-30,12.949999809265137,13.0600004196167,12.1899995803833,12.579999923706055,1035300
2022-12-01,12.729999542236328,13.680000305175781,12.609999656677246,13.039999961853027,752900
2022-12-02,12.199999809265137,13.100000381469727,12.0,12.5600004196167,2826800
2022-12-05,12.0600004196167,12.25,11.930000305175781,12.109999656677246,693800
2022-12-06,12.15999984741211,12.260000228881836,11.710000038146973,12.100000381469727,603000
2022-12-07,12.130000114440918,12.399999618530273,12.010000228881836,12.140000343322754,601300
2022-12-08,12.369999885559082,12.470000267028809,12.1899995803833,12.1899995803833,400700
2022-12-09,12.25,12.5,12.25,12.289999961853027,305700
2022-12-12,12.529999732971191,12.680000305175781,12.270000457763672,12.270000457763672,379800
2022-12-13,12.710000038146973,13.15999984741211,12.619999885559082,12.8100004196167,422500
2022-12-14,12.569999694824219,12.9399995803833,12.460000038146973,12.710000038146973,297200
2022-12-15,12.119999885559082,12.600000381469727,12.09000015258789,12.4399995803833,719400
2022-12-16,12.279999732971191,12.430000305175781,12.029999732971191,12.130000114440918,2459000
2022-12-19,12.739999771118164,12.739999771118164,12.010000228881836,12.420000076293945,341400
2022-12-20,12.949999809265137,13.0,12.569999694824219,12.699999809265137,395700
2022-12-21,13.40999984741211,13.539999961853027,12.920000076293945,13.039999961853027,344600
2022-12-22,13.640000343322754,13.649999618530273,13.029999732971191,13.40999984741211,267000
2022-12-23,13.279999732971191,13.600000381469727,13.229999542236328,13.569999694824219,186300
2022-12-27,13.239999771118164,13.319999694824219,12.949999809265137,13.270000457763672,212500
2022-12-28,13.260000228881836,13.579999923706055,13.15999984741211,13.279999732971191,206600
2022-12-29,13.65999984741211,13.729999542236328,13.180000305175781,13.520000457763672,275000
2022-12-30,13.770000457763672,13.8100004196167,13.399999618530273,13.5600004196167,236400
2023-01-03,13.369999885559082,14.1899995803833,13.3100004196167,13.949999809265137,772700
2023-01-04,13.609999656677246,13.979999542236328,13.430000305175781,13.430000305175781,542400
2023-01-05,15.479999542236328,15.75,14.300000190734863,14.699999809265137,1165300
2023-01-06,15.170000076293945,15.960000038146973,15.079999923706055,15.489999771118164,491900
2023-01-09,14.569999694824219,15.109999656677246,14.279999732971191,15.109999656677246,526900
2023-01-10,13.470000267028809,14.859999656677246,13.449999809265137,14.569999694824219,537500
2023-01-11,13.329999923706055,13.489999771118164,13.119999885559082,13.470000267028809,346100
2023-01-12,13.75,13.789999961853027,13.199999809265137,13.34000015258789,463800
2023-01-13,13.779999732971191,13.800000190734863,13.510000228881836,13.600000381469727,319500
2023-01-17,13.829999923706055,13.880000114440918,13.569999694824219,13.6899995803833,279000
2023-01-18,13.5600004196167,14.079999923706055,13.5,13.84000015258789,257000
2023-01-19,13.510000228881836,13.529999732971191,13.289999961853027,13.460000038146973,180800
2023-01-20,13.319999694824219,13.640000343322754,13.210000038146973,13.640000343322754,237800
2023-01-23,13.569999694824219,13.59000015258789,13.069999694824219,13.3100004196167,327700
2023-01-24,13.59000015258789,13.6899995803833,13.329999923706055,13.539999961853027,289300
2023-01-25,12.859999656677246,13.579999923706055,12.800000190734863,13.529999732971191,423000
2023-01-26,13.0,13.279999732971191,12.800000190734863,12.880000114440918,360000
2023-01-27,12.989999771118164,13.130000114440918,12.65999984741211,12.90999984741211,231600
2023-01-30,12.960000038146973,13.029999732971191,12.699999809265137,12.930000305175781,412100
2023-01-31,13.020000457763672,13.15999984741211,12.859999656677246,12.979999542236328,239800
2023-02-01,13.359999656677246,13.4399995803833,12.829999923706055,13.010000228881836,283000
2023-02-02,13.449999809265137,13.5600004196167,12.979999542236328,13.300000190734863,306600
2023-02-03,13.430000305175781,13.520000457763672,13.300000190734863,13.390000343322754,243000
2023-02-06,13.0,13.5600004196167,12.920000076293945,13.420000076293945,249700
2023-02-07,13.170000076293945,13.199999809265137,12.779999732971191,13.0,267400
2023-02-08,12.949999809265137,13.210000038146973,12.890000343322754,13.100000381469727,150900
2023-02-09,12.90999984741211,13.119999885559082,12.84000015258789,13.050000190734863,259200
2023-02-10,12.960000038146973,13.0600004196167,12.760000228881836,12.90999984741211,136300
2023-02-13,13.010000228881836,13.079999923706055,12.84000015258789,13.010000228881836,208000
2023-02-14,13.0600004196167,13.210000038146973,12.819999694824219,13.020000457763672,175500
2023-02-15,13.079999923706055,13.15999984741211,12.890000343322754,13.020000457763672,172800
2023-02-16,13.0600004196167,13.210000038146973,12.640000343322754,12.930000305175781,163100
2023-02-17,13.260000228881836,13.300000190734863,12.979999542236328,13.149999618530273,144200
2023-02-21,12.829999923706055,13.270000457763672,12.729999542236328,13.1899995803833,256100
2023-02-22,12.800000190734863,13.289999961853027,12.720000267028809,12.760000228881836,197600
2023-02-23,12.670000076293945,13.050000190734863,12.619999885559082,12.819999694824219,155800
2023-02-24,12.5600004196167,12.649999618530273,12.329999923706055,12.569999694824219,200800
2023-02-27,12.470000267028809,12.739999771118164,12.470000267028809,12.670000076293945,264800
2023-02-28,12.380000114440918,12.65999984741211,12.380000114440918,12.550000190734863,352500
2023-03-01,12.520000457763672,12.65999984741211,12.329999923706055,12.399999618530273,375000
2023-03-02,12.649999618530273,12.680000305175781,12.289999961853027,12.40999984741211,298800
2023-03-03,12.510000228881836,12.680000305175781,12.489999771118164,12.670000076293945,304300
2023-03-06,11.609999656677246,12.520000457763672,11.449999809265137,12.470000267028809,479900
2023-03-07,11.489999771118164,11.65999984741211,11.359999656677246,11.600000381469727,355100
2023-03-08,11.449999809265137,11.75,11.350000381469727,11.510000228881836,479600
2023-03-09,11.399999618530273,11.579999923706055,11.359999656677246,11.470000267028809,888500
2023-03-10,11.789999961853027,11.800000190734863,11.329999923706055,11.359999656677246,336800
2023-03-13,11.6899995803833,12.239999771118164,11.609999656677246,11.670000076293945,401200
2023-03-14,12.329999923706055,12.34000015258789,11.84000015258789,11.930000305175781,379200
2023-03-15,12.229999542236328,12.40999984741211,11.850000381469727,12.109999656677246,726200
2023-03-16,12.59000015258789,12.699999809265137,12.149999618530273,12.15999984741211,163600
2023-03-17,12.319999694824219,12.630000114440918,12.210000038146973,12.520000457763672,610000
2023-03-20,12.25,12.5,12.25,12.380000114440918,168200
2023-03-21,12.449999809265137,12.539999961853027,12.25,12.350000381469727,191900
2023-03-22,12.289999961853027,12.5600004196167,12.180000305175781,12.449999809265137,157100
2023-03-23,12.069999694824219,12.390000343322754,12.0600004196167,12.300000190734863,182300
2023-03-24,12.050000190734863,12.239999771118164,11.960000038146973,12.029999732971191,180200
2023-03-27,12.420000076293945,12.550000190734863,12.09000015258789,12.09000015258789,228600
2023-03-28,12.399999618530273,12.600000381469727,12.329999923706055,12.390000343322754,151100
2023-03-29,12.470000267028809,12.619999885559082,12.399999618530273,12.460000038146973,266600
2023-03-30,9.100000381469727,10.260000228881836,8.600000381469727,10.260000228881836,1876900
2023-03-31,10.34000015258789,10.84000015258789,9.010000228881836,9.09000015258789,1355000
2023-04-03,9.880000114440918,10.640000343322754,9.720000267028809,10.40999984741211,926200
2023-04-04,9.5600004196167,9.859999656677246,9.479999542236328,9.850000381469727,361300
2023-04-05,9.529999732971191,10.010000228881836,9.260000228881836,9.5,342700
2023-04-06,9.520000457763672,9.789999961853027,9.329999923706055,9.720000267028809,262200
2023-04-10,9.369999885559082,9.5600004196167,9.329999923706055,9.470000267028809,238900
2023-04-11,9.5600004196167,9.630000114440918,9.210000038146973,9.359999656677246,197600
2023-04-12,9.220000267028809,9.649999618530273,9.210000038146973,9.550000190734863,213200
2023-04-13,9.430000305175781,9.520000457763672,9.220000267028809,9.260000228881836,226800
2023-04-14,9.09000015258789,9.470000267028809,8.979999542236328,9.399999618530273,249200
2023-04-17,9.079999923706055,9.140000343322754,8.880000114440918,8.899999618530273,373500
2023-04-18,8.779999732971191,9.210000038146973,8.729999542236328,9.119999885559082,268600
2023-04-19,8.9399995803833,9.09000015258789,8.699999809265137,8.859999656677246,339300
2023-04-20,8.850000381469727,9.199999809265137,8.710000038146973,8.9399995803833,238200
2023-04-21,8.899999618530273,8.970000267028809,8.729999542236328,8.84000015258789,193600
2023-04-24,8.770000457763672,8.949999809265137,8.739999771118164,8.890000343322754,190700
2023-04-25,8.5600004196167,8.859999656677246,8.5,8.859999656677246,220800
2023-04-26,8.289999961853027,8.569999694824219,8.180000305175781,8.569999694824219,268000
2023-04-27,8.289999961853027,8.489999771118164,8.25,8.289999961853027,307200
2023-04-28,8.319999694824219,8.489999771118164,8.260000228881836,8.3100004196167,191100
2023-05-01,8.600000381469727,8.630000114440918,8.270000457763672,8.329999923706055,216000
2023-05-02,8.510000228881836,8.680000305175781,8.399999618530273,8.569999694824219,263900
2023-05-03,8.670000076293945,8.899999618530273,8.539999961853027,8.5600004196167,273500
2023-05-04,8.479999542236328,8.640000343322754,8.390000343322754,8.579999923706055,197100
2023-05-05,8.720000267028809,8.789999961853027,8.520000457763672,8.539999961853027,214700
2023-05-08,8.960000038146973,8.989999771118164,8.680000305175781,8.729999542236328,185200
2023-05-09,9.0,9.25,8.880000114440918,8.930000305175781,296300
2023-05-10,9.140000343322754,9.199999809265137,8.899999618530273,9.09000015258789,220200
2023-05-11,9.270000457763672,9.430000305175781,9.109999656677246,9.119999885559082,296100
2023-05-12,9.3100004196167,9.359999656677246,9.079999923706055,9.270000457763672,213100
2023-05-15,9.359999656677246,9.5,9.210000038146973,9.34000015258789,246100
2023-05-16,9.430000305175781,9.460000038146973,9.1899995803833,9.3100004196167,190800
2023-05-17,9.550000190734863,9.699999809265137,9.380000114440918,9.4399995803833,244300
2023-05-18,9.609999656677246,9.680000305175781,9.430000305175781,9.5,188400
2023-05-19,9.630000114440918,9.829999923706055,9.569999694824219,9.699999809265137,326500
2023-05-22,9.640000343322754,9.739999771118164,9.430000305175781,9.630000114440918,232900
2023-05-23,9.729999542236328,9.890000343322754,9.649999618530273,9.670000076293945,304100
2023-05-24,9.670000076293945,9.869999885559082,9.619999885559082,9.760000228881836,280800
2023-05-25,9.369999885559082,9.600000381469727,9.100000381469727,9.600000381469727,338000
2023-05-26,9.289999961853027,9.619999885559082,9.239999771118164,9.380000114440918,269600
2023-05-30,9.40999984741211,9.640000343322754,9.270000457763672,9.319999694824219,184800
2023-05-31,9.460000038146973,9.539999961853027,9.279999732971191,9.40999984741211,379600
2023-06-01,9.640000343322754,9.739999771118164,9.289999961853027,9.460000038146973,322400
2023-06-02,9.979999542236328,10.319999694824219,9.75,9.760000228881836,432600
2023-06-05,10.0,10.119999885559082,9.630000114440918,9.90999984741211,300500
2023-06-06,10.15999984741211,10.25,9.899999618530273,9.989999771118164,440700
2023-06-07,9.989999771118164,10.350000381469727,9.960000038146973,10.229999542236328,312700
2023-06-08,9.989999771118164,10.039999961853027,9.8100004196167,9.979999542236328,413900
2023-06-09,10.789999961853027,11.140000343322754,10.029999732971191,10.199999809265137,1372100
2023-06-12,10.760000228881836,10.869999885559082,10.420000076293945,10.779999732971191,423000
2023-06-13,10.899999618530273,11.1899995803833,10.739999771118164,10.739999771118164,517300
2023-06-14,10.869999885559082,11.100000381469727,10.829999923706055,10.979999542236328,269500
2023-06-15,10.850000381469727,10.979999542236328,10.729999542236328,10.899999618530273,312800
2023-06-16,11.079999923706055,11.119999885559082,10.710000038146973,11.020000457763672,1240900
2023-06-20,11.15999984741211,11.380000114440918,10.890000343322754,11.050000190734863,185800
2023-06-21,11.0600004196167,11.279999732971191,10.149999618530273,11.119999885559082,151700
2023-06-22,11.149999618530273,11.170000076293945,10.930000305175781,11.029999732971191,185300
2023-06-23,10.859999656677246,11.170000076293945,10.760000228881836,11.069999694824219,378300
2023-06-26,10.739999771118164,11.199999809265137,10.6899995803833,10.800000190734863,165800
2023-06-27,10.489999771118164,10.970000267028809,10.449999809265137,10.760000228881836,279900
2023-06-28,10.460000038146973,10.619999885559082,10.329999923706055,10.470000267028809,232700
2023-06-29,10.630000114440918,10.729999542236328,10.460000038146973,10.470000267028809,219600
2023-06-30,10.430000305175781,10.869999885559082,10.430000305175781,10.720000267028809,256200
2023-07-03,10.319999694824219,10.489999771118164,10.140000343322754,10.390000343322754,72000
2023-07-05,9.699999809265137,10.40999984741211,9.680000305175781,10.40999984741211,215100
2023-07-06,9.329999923706055,9.609999656677246,9.1899995803833,9.600000381469727,208700
2023-07-07,9.390000343322754,9.430000305175781,9.170000076293945,9.300000190734863,448600
2023-07-10,9.619999885559082,9.739999771118164,9.4399995803833,9.4399995803833,288000
2023-07-11,9.9399995803833,9.970000267028809,9.539999961853027,9.65999984741211,530800
2023-07-12,9.770000457763672,10.149999618530273,9.25,9.569999694824219,835100
2023-07-13,9.6899995803833,10.170000076293945,9.390000343322754,10.050000190734863,586600
2023-07-14,9.630000114440918,9.930000305175781,9.470000267028809,9.680000305175781,232100
2023-07-17,9.5600004196167,9.65999984741211,9.359999656677246,9.59000015258789,370400
2023-07-18,9.739999771118164,9.770000457763672,9.520000457763672,9.539999961853027,275600
2023-07-19,8.920000076293945,9.770000457763672,8.8100004196167,9.6899995803833,609400
2023-07-20,8.739999771118164,9.0,8.65999984741211,8.949999809265137,1060400
2023-07-21,8.649999618530273,8.9399995803833,8.630000114440918,8.800000190734863,553200
2023-07-24,8.770000457763672,8.829999923706055,8.609999656677246,8.65999984741211,503900
2023-07-25,8.699999809265137,9.029999732971191,8.6899995803833,8.6899995803833,499900
2023-07-26,9.0,9.220000267028809,8.6899995803833,8.710000038146973,767400
2023-07-27,8.760000228881836,9.130000114440918,8.6899995803833,9.09000015258789,316800
2023-07-28,8.640000343322754,8.930000305175781,8.640000343322754,8.800000190734863,506400
2023-07-31,8.6899995803833,8.819999694824219,8.59000015258789,8.680000305175781,358700
2023-08-01,8.600000381469727,8.729999542236328,8.539999961853027,8.6899995803833,248700
2023-08-02,8.390000343322754,8.630000114440918,8.380000114440918,8.510000228881836,256900
2023-08-03,8.34000015258789,8.479999542236328,8.239999771118164,8.350000381469727,264700
2023-08-04,8.40999984741211,8.520000457763672,8.34000015258789,8.34000015258789,228500
2023-08-07,8.460000038146973,8.529999732971191,8.350000381469727,8.460000038146973,255800
2023-08-08,8.239999771118164,8.359999656677246,8.079999923706055,8.359999656677246,337200
2023-08-09,8.220000267028809,8.329999923706055,8.0600004196167,8.220000267028809,309200
2023-08-10,8.109999656677246,8.390000343322754,8.100000381469727,8.220000267028809,852400
2023-08-11,8.34000015258789,8.359999656677246,8.119999885559082,8.119999885559082,323900
2023-08-14,8.430000305175781,8.5,8.180000305175781,8.34000015258789,322800
2023-08-15,8.6899995803833,8.720000267028809,8.380000114440918,8.4399995803833,320000
2023-08-16,8.579999923706055,9.430000305175781,8.449999809265137,9.210000038146973,1172000
2023-08-17,8.579999923706055,8.8100004196167,8.479999542236328,8.569999694824219,458900
2023-08-18,8.609999656677246,8.729999542236328,8.399999618530273,8.489999771118164,384800
2023-08-21,8.520000457763672,8.640000343322754,8.420000076293945,8.59000015258789,421000
2023-08-22,8.880000114440918,8.890000343322754,8.489999771118164,8.520000457763672,458000
2023-08-23,8.760000228881836,8.960000038146973,8.460000038146973,8.699999809265137,244500
2023-08-24,8.430000305175781,8.729999542236328,8.390000343322754,8.720000267028809,248700
2023-08-25,8.34000015258789,8.569999694824219,8.319999694824219,8.430000305175781,224700
2023-08-28,8.0,8.470000267028809,7.920000076293945,8.350000381469727,477200
2023-08-29,8.149999618530273,8.15999984741211,7.829999923706055,8.0,450900
2023-08-30,8.40999984741211,8.4399995803833,8.149999618530273,8.15999984741211,396700
2023-08-31,8.029999732971191,8.449999809265137,8.010000228881836,8.399999618530273,455200
2023-09-01,7.730000019073486,8.130000114440918,7.690000057220459,8.029999732971191,378300
2023-09-05,7.239999771118164,7.5,6.71999979019165,7.5,1712300
2023-09-06,7.070000171661377,7.25,6.880000114440918,7.25,863500
2023-09-07,7.019999980926514,7.099999904632568,6.869999885559082,7.019999980926514,874800
2023-09-08,7.110000133514404,7.150000095367432,6.809999942779541,7.0,883800
2023-09-11,7.21999979019165,7.309999942779541,7.010000228881836,7.150000095367432,795900
2023-09-12,7.139999866485596,7.21999979019165,7.010000228881836,7.21999979019165,746600
2023-09-13,7.440000057220459,7.539999961853027,7.039999961853027,7.099999904632568,793400
2023-09-14,7.46999979019165,7.630000114440918,7.380000114440918,7.440000057220459,1244000
2023-09-15,7.300000190734863,7.539999961853027,7.070000171661377,7.460000038146973,9137700
2023-09-18,7.139999866485596,7.309999942779541,7.070000171661377,7.300000190734863,1076600
2023-09-19,7.460000038146973,7.510000228881836,7.050000190734863,7.25,1353800
2023-09-20,7.110000133514404,7.570000171661377,7.090000152587891,7.46999979019165,679200
2023-09-21,7.110000133514404,7.21999979019165,7.059999942779541,7.079999923706055,555300
2023-09-22,7.019999980926514,7.230000019073486,6.96999979019165,7.150000095367432,418800
2023-09-25,7.369999885559082,7.480000019073486,7.079999923706055,7.349999904632568,686700
2023-09-26,7.289999961853027,7.550000190734863,7.260000228881836,7.340000152587891,541500
2023-09-27,7.239999771118164,7.389999866485596,7.170000076293945,7.300000190734863,353200
2023-09-28,7.320000171661377,7.449999809265137,7.159999847412109,7.230000019073486,408800
2023-09-29,7.309999942779541,7.369999885559082,7.230000019073486,7.340000152587891,427500
2023-10-02,7.440000057220459,7.460000038146973,7.25,7.309999942779541,469600
2023-10-03,7.599999904632568,7.639999866485596,7.369999885559082,7.380000114440918,459000
2023-10-04,7.400000095367432,8.15999984741211,7.170000076293945,8.010000228881836,1101600
2023-10-05,7.150000095367432,7.679999828338623,6.929999828338623,7.639999866485596,1076800
2023-10-06,7.070000171661377,7.170000076293945,6.730000019073486,7.110000133514404,629400
2023-10-09,7.050000190734863,7.059999942779541,6.869999885559082,7.0,555400
2023-10-10,7.389999866485596,7.449999809265137,7.050000190734863,7.139999866485596,589800
2023-10-11,6.989999771118164,7.409999847412109,6.840000152587891,7.340000152587891,517900
2023-10-12,6.409999847412109,7.090000152587891,6.320000171661377,6.989999771118164,803200
2023-10-13,6.570000171661377,6.619999885559082,6.360000133514404,6.400000095367432,975100
2023-10-16,6.619999885559082,6.829999923706055,6.480000019073486,6.590000152587891,1271200
2023-10-17,6.820000171661377,6.900000095367432,6.510000228881836,6.590000152587891,501700
2023-10-18,6.940000057220459,7.03000020980835,6.75,6.789999961853027,403800
2023-10-19,6.75,6.989999771118164,6.71999979019165,6.940000057220459,377400
2023-10-20,6.75,6.949999809265137,6.670000076293945,6.71999979019165,740800
2023-10-23,6.630000114440918,6.800000190734863,6.599999904632568,6.769999980926514,866900
2023-10-24,6.619999885559082,6.809999942779541,6.610000133514404,6.650000095367432,722400
2023-10-25,6.460000038146973,6.559999942779541,6.389999866485596,6.559999942779541,745000
2023-10-26,6.199999809265137,6.429999828338623,6.130000114440918,6.420000076293945,729100
2023-10-27,6.360000133514404,6.389999866485596,6.170000076293945,6.21999979019165,857100
2023-10-30,6.340000152587891,6.429999828338623,6.300000190734863,6.380000114440918,418400
2023-10-31,6.199999809265137,6.429999828338623,6.170000076293945,6.320000171661377,353400
2023-11-01,6.25,6.300000190734863,6.059999942779541,6.190000057220459,476700
2023-11-02,6.489999771118164,6.590000152587891,6.210000038146973,6.269999980926514,933100
2023-11-03,6.809999942779541,6.929999828338623,6.53000020980835,6.53000020980835,657900
2023-11-06,6.71999979019165,6.829999923706055,6.630000114440918,6.650000095367432,334600
2023-11-07,6.599999904632568,6.71999979019165,6.550000190734863,6.670000076293945,297400
2023-11-08,6.340000152587891,6.639999866485596,6.320000171661377,6.590000152587891,497400
2023-11-09,6.170000076293945,6.480000019073486,6.010000228881836,6.480000019073486,520100
2023-11-10,6.210000038146973,6.300000190734863,6.099999904632568,6.300000190734863,408800
2023-11-13,6.400000095367432,6.519999980926514,6.110000133514404,6.159999847412109,622600
2023-11-14,6.940000057220459,6.940000057220459,6.53000020980835,6.53000020980835,592800
2023-11-15,6.940000057220459,7.300000190734863,6.909999847412109,6.929999828338623,668400
2023-11-16,6.860000133514404,6.980000019073486,6.699999809265137,6.940000057220459,264700
2023-11-17,6.820000171661377,7.03000020980835,6.639999866485596,6.940000057220459,475100
2023-11-20,6.869999885559082,6.929999828338623,6.570000171661377,6.840000152587891,253900
2023-11-21,6.760000228881836,6.849999904632568,6.690000057220459,6.820000171661377,188500
2023-11-22,6.849999904632568,6.860000133514404,6.739999771118164,6.760000228881836,230800
2023-11-24,6.980000019073486,7.010000228881836,6.820000171661377,6.869999885559082,120600
2023-11-27,6.75,6.96999979019165,6.75,6.96999979019165,236900
2023-11-28,6.739999771118164,6.789999961853027,6.679999828338623,6.730000019073486,433200
2023-11-29,6.659999847412109,6.929999828338623,6.559999942779541,6.789999961853027,339700
2023-11-30,6.53000020980835,6.670000076293945,6.489999771118164,6.670000076293945,1626600
2023-12-01,6.860000133514404,6.869999885559082,6.480000019073486,6.559999942779541,554900
2023-12-04,6.769999980926514,6.889999866485596,6.590000152587891,6.829999923706055,668400
2023-12-05,6.630000114440918,6.769999980926514,6.53000020980835,6.769999980926514,358700
2023-12-06,6.769999980926514,6.880000114440918,6.610000133514404,6.690000057220459,436700
2023-12-07,7.03000020980835,7.070000171661377,6.75,6.829999923706055,328500
2023-12-08,6.960000038146973,7.130000114440918,6.809999942779541,7.010000228881836,301100
2023-12-11,6.909999847412109,6.96999979019165,6.869999885559082,6.960000038146973,424400
2023-12-12,7.03000020980835,7.059999942779541,6.730000019073486,6.880000114440918,277600
2023-12-13,7.340000152587891,7.360000133514404,6.940000057220459,7.03000020980835,442300
2023-12-14,7.510000228881836,7.670000076293945,7.409999847412109,7.550000190734863,725200
2023-12-15,7.480000019073486,7.690000057220459,7.429999828338623,7.579999923706055,1351000
2023-12-18,7.489999771118164,7.539999961853027,7.409999847412109,7.5,311600
2023-12-19,7.630000114440918,7.699999809265137,7.53000020980835,7.570000171661377,406800
2023-12-20,7.53000020980835,7.71999979019165,7.46999979019165,7.630000114440918,542100
2023-12-21,7.769999980926514,7.840000152587891,7.610000133514404,7.610000133514404,656700
2023-12-22,7.960000038146973,8.010000228881836,7.880000114440918,7.880000114440918,363200
2023-12-26,7.96999979019165,8.079999923706055,7.869999885559082,8.0,438200
2023-12-27,8.039999961853027,8.100000381469727,7.96999979019165,8.020000457763672,257000
2023-12-28,7.989999771118164,8.050000190734863,7.840000152587891,7.980000019073486,492200
2023-12-29,7.840000152587891,7.989999771118164,7.809999942779541,7.989999771118164,321700
2024-01-02,8.029999732971191,8.25,7.840000152587891,7.849999904632568,644000
2024-01-03,7.730000019073486,8.039999961853027,7.659999847412109,7.900000095367432,641400
2024-01-04,7.75,7.809999942779541,7.630000114440918,7.739999771118164,731500
2024-01-05,6.210000038146973,6.369999885559082,5.71999979019165,6.239999771118164,2437000
2024-01-08,6.380000114440918,6.5,5.960000038146973,6.130000114440918,1033000
2024-01-09,6.260000228881836,6.559999942779541,6.260000228881836,6.269999980926514,724400
2024-01-10,6.190000057220459,6.380000114440918,6.0,6.260000228881836,614800
2024-01-11,6.059999942779541,6.190000057220459,6.019999980926514,6.190000057220459,641900
2024-01-12,6.0,6.199999809265137,6.0,6.139999866485596,496900
2024-01-16,5.940000057220459,6.0,5.789999961853027,5.920000076293945,1360100
2024-01-17,5.889999866485596,5.920000076293945,5.739999771118164,5.860000133514404,756300
2024-01-18,5.840000152587891,6.079999923706055,5.829999923706055,5.909999847412109,426700
2024-01-19,5.849999904632568,5.940000057220459,5.670000076293945,5.840000152587891,583400
2024-01-22,6.03000020980835,6.070000171661377,5.900000095367432,5.900000095367432,439400
2024-01-23,5.989999771118164,6.150000095367432,5.96999979019165,6.130000114440918,649800
2024-01-24,6.0,6.130000114440918,5.880000114440918,6.039999961853027,468200
2024-01-25,6.079999923706055,6.119999885559082,5.929999828338623,6.079999923706055,404600
2024-01-26,6.019999980926514,6.28000020980835,5.980000019073486,6.28000020980835,390900
2024-01-29,6.170000076293945,6.170000076293945,5.96999979019165,6.0,362400
2024-01-30,5.96999979019165,6.130000114440918,5.960000038146973,6.130000114440918,302400
2024-01-31,5.900000095367432,6.110000133514404,5.880000114440918,6.010000228881836,571900
2024-02-01,6.010000228881836,6.039999961853027,5.829999923706055,5.940000057220459,279100
2024-02-02,5.929999828338623,6.019999980926514,5.869999885559082,5.920000076293945,309500
2024-02-05,5.860000133514404,5.920000076293945,5.769999980926514,5.869999885559082,390300
2024-02-06,5.940000057220459,5.980000019073486,5.840000152587891,5.849999904632568,292800
2024-02-07,6.079999923706055,6.110000133514404,5.900000095367432,5.949999809265137,214100
2024-02-08,6.150000095367432,6.210000038146973,6.010000228881836,6.070000171661377,285000
2024-02-09,6.090000152587891,6.179999828338623,6.050000190734863,6.150000095367432,225700
2024-02-12,6.21999979019165,6.289999961853027,6.110000133514404,6.110000133514404,313400
2024-02-13,5.980000019073486,6.059999942779541,5.920000076293945,6.010000228881836,567700
2024-02-14,6.090000152587891,6.099999904632568,5.949999809265137,6.03000020980835,394200
2024-02-15,6.170000076293945,6.329999923706055,6.150000095367432,6.150000095367432,417600
2024-02-16,6.190000057220459,6.329999923706055,6.0,6.099999904632568,410000
2024-02-20,6.070000171661377,6.199999809265137,6.039999961853027,6.119999885559082,486100
2024-02-21,5.889999866485596,6.130000114440918,5.800000190734863,6.130000114440918,613600
2024-02-22,5.989999771118164,6.119999885559082,5.769999980926514,5.989999771118164,867900
2024-02-23,5.789999961853027,5.96999979019165,5.78000020980835,5.96999979019165,331200
2024-02-26,5.840000152587891,5.909999847412109,5.71999979019165,5.75,305300
2024-02-27,5.989999771118164,6.0,5.820000171661377,5.840000152587891,380900
2024-02-28,5.730000019073486,5.96999979019165,5.730000019073486,5.96999979019165,274800
2024-02-29,5.489999771118164,5.860000133514404,5.489999771118164,5.820000171661377,548500
2024-03-01,5.5,5.559999942779541,5.269999980926514,5.510000228881836,660500
2024-03-04,5.539999961853027,5.690000057220459,5.380000114440918,5.53000020980835,772200
2024-03-05,5.619999885559082,5.75,5.550000190734863,5.550000190734863,361500
2024-03-06,5.570000171661377,5.900000095367432,5.510000228881836,5.650000095367432,489400
2024-03-07,5.75,5.800000190734863,5.590000152587891,5.610000133514404,332700
2024-03-08,5.670000076293945,5.880000114440918,5.659999847412109,5.809999942779541,333200
2024-03-11,5.46999979019165,5.690000057220459,5.429999828338623,5.650000095367432,340900
2024-03-12,5.489999771118164,5.53000020980835,5.349999904632568,5.5,385700
2024-03-13,5.559999942779541,5.619999885559082,5.449999809265137,5.489999771118164,300400
2024-03-14,5.409999847412109,5.630000114440918,5.369999885559082,5.599999904632568,423500
2024-03-15,5.369999885559082,5.46999979019165,5.360000133514404,5.389999866485596,684500
2024-03-18,5.389999866485596,5.539999961853027,5.269999980926514,5.369999885559082,532800
2024-03-19,5.550000190734863,5.610000133514404,5.309999942779541,5.349999904632568,276500
2024-03-20,5.590000152587891,5.659999847412109,5.5,5.550000190734863,290000
2024-03-21,5.519999980926514,5.730000019073486,5.510000228881836,5.590000152587891,337000
2024-03-22,5.360000133514404,5.550000190734863,5.349999904632568,5.53000020980835,269100
2024-03-25,5.269999980926514,5.5,5.260000228881836,5.400000095367432,334200
2024-03-26,5.400000095367432,5.480000019073486,5.300000190734863,5.320000171661377,381700
2024-03-27,5.699999809265137,5.710000038146973,5.449999809265137,5.46999979019165,505400
2024-03-28,5.869999885559082,5.900000095367432,5.730000019073486,5.730000019073486,428800
2024-04-01,5.829999923706055,6.050000190734863,5.760000228881836,5.920000076293945,551600
2024-04-02,6.190000057220459,6.300000190734863,5.929999828338623,5.980000019073486,914200
2024-04-03,6.079999923706055,6.369999885559082,6.070000171661377,6.150000095367432,862900
2024-04-04,6.400000095367432,7.199999809265137,6.349999904632568,6.400000095367432,1387800
2024-04-05,7.03000020980835,7.519999980926514,6.789999961853027,6.980000019073486,2153700
2024-04-08,6.610000133514404,7.190000057220459,6.599999904632568,7.139999866485596,1217300
2024-04-09,6.96999979019165,7.170000076293945,6.840000152587891,7.010000228881836,1296900
2024-04-10,6.849999904632568,7.059999942779541,6.769999980926514,6.78000020980835,634200
2024-04-11,6.800000190734863,7.03000020980835,6.789999961853027,6.840000152587891,761900
2024-04-12,6.369999885559082,6.900000095367432,6.320000171661377,6.760000228881836,608800
2024-04-15,6.309999942779541,6.420000076293945,6.25,6.409999847412109,596500
2024-04-16,6.510000228881836,6.559999942779541,6.230000019073486,6.28000020980835,514500
2024-04-17,6.329999923706055,6.550000190734863,6.300000190734863,6.519999980926514,490700
2024-04-18,6.119999885559082,6.380000114440918,6.110000133514404,6.349999904632568,806900
2024-04-19,6.260000228881836,6.269999980926514,5.989999771118164,5.989999771118164,479300
2024-04-22,6.260000228881836,6.369999885559082,6.190000057220459,6.300000190734863,336200
2024-04-23,6.03000020980835,6.300000190734863,6.0,6.289999961853027,379000
2024-04-24,5.869999885559082,6.03000020980835,5.829999923706055,5.989999771118164,586500
2024-04-25,5.78000020980835,5.849999904632568,5.71999979019165,5.800000190734863,373100
2024-04-26,5.809999942779541,6.440000057220459,5.760000228881836,5.78000020980835,313300
2024-04-29,5.820000171661377,5.96999979019165,5.809999942779541,5.809999942779541,288300
2024-04-30,5.789999961853027,5.860000133514404,5.659999847412109,5.75,381000
2024-05-01,5.789999961853027,5.980000019073486,5.710000038146973,5.829999923706055,357100
2024-05-02,6.079999923706055,6.289999961853027,6.059999942779541,6.190000057220459,772400
2024-05-03,6.269999980926514,6.269999980926514,6.070000171661377,6.119999885559082,307400
2024-05-06,6.199999809265137,6.400000095367432,6.159999847412109,6.309999942779541,472000
2024-05-07,6.139999866485596,6.260000228881836,6.119999885559082,6.239999771118164,278900
2024-05-08,5.889999866485596,6.110000133514404,5.840000152587891,6.070000171661377,437400
2024-05-09,6.119999885559082,6.119999885559082,5.840000152587891,5.980000019073486,394900
2024-05-10,6.050000190734863,6.25,5.929999828338623,6.139999866485596,424100
2024-05-13,6.119999885559082,6.239999771118164,6.03000020980835,6.090000152587891,395700
2024-05-14,6.170000076293945,6.269999980926514,6.119999885559082,6.190000057220459,373100
2024-05-15,6.360000133514404,6.409999847412109,6.170000076293945,6.190000057220459,323100
2024-05-16,6.420000076293945,6.420000076293945,6.28000020980835,6.360000133514404,279200
2024-05-17,6.039999961853027,6.579999923706055,6.039999961853027,6.449999809265137,310300
2024-05-20,5.809999942779541,6.139999866485596,5.800000190734863,6.139999866485596,349100
2024-05-21,5.860000133514404,5.940000057220459,5.71999979019165,5.769999980926514,539300
2024-05-22,6.320000171661377,6.409999847412109,5.75,5.889999866485596,697600
2024-05-23,6.119999885559082,6.369999885559082,6.039999961853027,6.320000171661377,469800
2024-05-24,6.170000076293945,6.269999980926514,6.059999942779541,6.269999980926514,214200
2024-05-28,6.239999771118164,6.329999923706055,6.03000020980835,6.329999923706055,329300
2024-05-29,6.130000114440918,6.300000190734863,6.110000133514404,6.170000076293945,273500
2024-05-30,6.269999980926514,6.28000020980835,6.070000171661377,6.150000095367432,355100
2024-05-31,6.309999942779541,6.429999828338623,6.260000228881836,6.309999942779541,316400
2024-06-03,6.400000095367432,6.5,6.269999980926514,6.309999942779541,385000
2024-06-04,6.400000095367432,6.460000038146973,6.300000190734863,6.360000133514404,301800
2024-06-05,6.5,6.570000171661377,6.349999904632568,6.449999809265137,464300
2024-06-06,6.519999980926514,6.53000020980835,6.380000114440918,6.5,289500
2024-06-07,6.25,6.53000020980835,6.230000019073486,6.440000057220459,386500
2024-06-10,6.460000038146973,6.579999923706055,6.179999828338623,6.260000228881836,544000
2024-06-11,6.400000095367432,6.5,6.25,6.449999809265137,480500
2024-06-12,6.139999866485596,6.619999885559082,6.050000190734863,6.53000020980835,589900
2024-06-13,6.21999979019165,6.260000228881836,6.119999885559082,6.150000095367432,279300
2024-06-14,6.150000095367432,6.239999771118164,6.050000190734863,6.179999828338623,363200
2024-06-17,5.889999866485596,6.110000133514404,5.849999904632568,6.110000133514404,419400
2024-06-18,5.650000095367432,5.920000076293945,5.639999866485596,5.880000114440918,436100
2024-06-20,5.920000076293945,5.940000057220459,5.599999904632568,5.610000133514404,484400
2024-06-21,5.880000114440918,5.980000019073486,5.849999904632568,5.96999979019165,795100
2024-06-24,5.659999847412109,5.940000057220459,5.650000095367432,5.869999885559082,391100
2024-06-25,5.679999828338623,5.730000019073486,5.559999942779541,5.630000114440918,509400
2024-06-26,5.760000228881836,5.809999942779541,5.650000095367432,5.690000057220459,306300
2024-06-27,5.929999828338623,5.929999828338623,5.71999979019165,5.75,339400
2024-06-28,6.050000190734863,6.110000133514404,5.929999828338623,5.929999828338623,756700
2024-07-01,5.71999979019165,6.130000114440918,5.71999979019165,6.050000190734863,491700
2024-07-02,5.659999847412109,5.739999771118164,5.610000133514404,5.710000038146973,446200
2024-07-03,5.679999828338623,5.710000038146973,5.599999904632568,5.679999828338623,248700
2024-07-05,5.559999942779541,5.679999828338623,5.5,5.639999866485596,488100
2024-07-08,5.510000228881836,5.659999847412109,5.5,5.619999885559082,375300
2024-07-09,5.619999885559082,5.630000114440918,5.46999979019165,5.489999771118164,501400
2024-07-10,5.599999904632568,5.659999847412109,5.510000228881836,5.619999885559082,520300
2024-07-11,6.130000114440918,6.170000076293945,5.670000076293945,5.670000076293945,658200
2024-07-12,6.0,6.340000152587891,5.980000019073486,6.300000190734863,499000
2024-07-15,5.929999828338623,6.139999866485596,5.820000171661377,6.010000228881836,681100
2024-07-16,7.510000228881836,7.599999904632568,6.579999923706055,6.949999809265137,3488000
2024-07-17,7.400000095367432,8.0,7.289999961853027,7.590000152587891,1386600
2024-07-18,6.949999809265137,7.340000152587891,6.75,7.300000190734863,1046600
2024-07-19,7.179999828338623,7.190000057220459,6.860000133514404,6.920000076293945,564500
2024-07-22,7.130000114440918,7.239999771118164,6.880000114440918,7.150000095367432,686700
2024-07-23,7.480000019073486,7.510000228881836,7.019999980926514,7.070000171661377,684300
2024-07-24,7.329999923706055,7.679999828338623,7.320000171661377,7.340000152587891,481900
2024-07-25,7.510000228881836,7.53000020980835,7.260000228881836,7.289999961853027,772100
2024-07-26,7.650000095367432,7.730000019073486,7.46999979019165,7.510000228881836,614700
2024-07-29,7.659999847412109,7.929999828338623,7.630000114440918,7.739999771118164,704100
2024-07-30,7.829999923706055,7.989999771118164,7.699999809265137,7.699999809265137,503800
2024-07-31,7.840000152587891,8.100000381469727,7.71999979019165,7.829999923706055,641000
2024-08-01,7.789999961853027,7.980000019073486,7.599999904632568,7.900000095367432,473200
2024-08-02,7.769999980926514,7.829999923706055,7.510000228881836,7.619999885559082,733900
2024-08-05,7.480000019073486,7.789999961853027,7.28000020980835,7.46999979019165,1078800
2024-08-06,7.710000038146973,7.769999980926514,7.510000228881836,7.590000152587891,381300
2024-08-07,7.21999979019165,7.760000228881836,7.199999809265137,7.71999979019165,632400
2024-08-08,7.590000152587891,7.599999904632568,7.309999942779541,7.400000095367432,263600
2024-08-09,7.440000057220459,7.610000133514404,7.300000190734863,7.559999942779541,305200
2024-08-12,7.440000057220459,7.510000228881836,7.320000171661377,7.429999828338623,253900
2024-08-13,7.53000020980835,7.570000171661377,7.309999942779541,7.46999979019165,273200
2024-08-14,7.170000076293945,7.53000020980835,7.130000114440918,7.53000020980835,432900
2024-08-15,7.460000038146973,7.510000228881836,7.230000019073486,7.360000133514404,345200
2024-08-16,7.610000133514404,7.650000095367432,7.420000076293945,7.440000057220459,390900
2024-08-19,7.599999904632568,7.610000133514404,7.440000057220459,7.599999904632568,440700
2024-08-20,7.570000171661377,7.769999980926514,7.519999980926514,7.599999904632568,457100
2024-08-21,7.630000114440918,7.630000114440918,7.46999979019165,7.599999904632568,291700
2024-08-22,7.510000228881836,7.679999828338623,7.480000019073486,7.630000114440918,275300
2024-08-23,7.679999828338623,7.869999885559082,7.53000020980835,7.590000152587891,427200
2024-08-26,7.550000190734863,7.710000038146973,7.429999828338623,7.710000038146973,365100
2024-08-27,7.420000076293945,7.579999923706055,7.369999885559082,7.559999942779541,242200
2024-08-28,7.369999885559082,7.420000076293945,7.239999771118164,7.389999866485596,209300
2024-08-29,7.460000038146973,7.480000019073486,7.28000020980835,7.389999866485596,177500
2024-08-30,7.460000038146973,7.53000020980835,7.369999885559082,7.5,252900
2024-09-03,7.320000171661377,7.5,7.309999942779541,7.460000038146973,306400
2024-09-04,7.329999923706055,7.369999885559082,7.190000057220459,7.320000171661377,218600
2024-09-05,7.360000133514404,7.460000038146973,7.28000020980835,7.349999904632568,294200
2024-09-06,7.170000076293945,7.369999885559082,7.099999904632568,7.369999885559082,248700
2024-09-09,7.25,7.400000095367432,7.119999885559082,7.159999847412109,279300
2024-09-10,7.389999866485596,7.510000228881836,7.190000057220459,7.269999980926514,309500
2024-09-11,7.420000076293945,7.460000038146973,7.179999828338623,7.340000152587891,444800
2024-09-12,7.510000228881836,7.630000114440918,7.389999866485596,7.46999979019165,306600
2024-09-13,7.639999866485596,7.710000038146973,7.53000020980835,7.599999904632568,322100
2024-09-16,7.510000228881836,7.690000057220459,7.400000095367432,7.510000228881836,317000
2024-09-17,7.639999866485596,7.860000133514404,7.579999923706055,7.579999923706055,339200
2024-09-18,7.599999904632568,7.75,7.480000019073486,7.630000114440918,266200
2024-09-19,7.699999809265137,7.800000190734863,7.619999885559082,7.75,228900
2024-09-20,7.539999961853027,7.650000095367432,7.489999771118164,7.650000095367432,422400
2024-09-23,7.5,7.619999885559082,7.460000038146973,7.599999904632568,230500
2024-09-24,7.579999923706055,7.599999904632568,7.449999809265137,7.519999980926514,233200
2024-09-25,7.400000095367432,7.579999923706055,7.269999980926514,7.579999923706055,232300
2024-09-26,7.510000228881836,7.53000020980835,7.329999923706055,7.519999980926514,307400
2024-09-27,7.659999847412109,7.78000020980835,7.550000190734863,7.610000133514404,386800
2024-09-30,7.78000020980835,7.96999979019165,7.579999923706055,7.730000019073486,576900
2024-10-01,7.630000114440918,7.900000095367432,7.519999980926514,7.800000190734863,384000
2024-10-02,7.650000095367432,7.659999847412109,7.409999847412109,7.590000152587891,786200
2024-10-03,6.369999885559082,7.039999961853027,6.190000057220459,6.900000095367432,2238600
2024-10-04,6.099999904632568,6.420000076293945,5.869999885559082,6.420000076293945,1310800
2024-10-07,6.099999904632568,6.190000057220459,5.829999923706055,6.079999923706055,978500
2024-10-08,5.880000114440918,6.159999847412109,5.840000152587891,6.110000133514404,963800
2024-10-09,6.079999923706055,6.389999866485596,6.019999980926514,6.119999885559082,1104400
2024-10-10,6.139999866485596,6.190000057220459,5.989999771118164,6.019999980926514,608800
2024-10-11,6.400000095367432,6.46999979019165,6.150000095367432,6.150000095367432,668500
2024-10-14,6.449999809265137,6.650000095367432,6.340000152587891,6.400000095367432,552700
2024-10-15,6.329999923706055,6.53000020980835,6.309999942779541,6.409999847412109,545500
2024-10-16,6.21999979019165,6.449999809265137,6.190000057220459,6.369999885559082,539300
2024-10-17,6.340000152587891,6.360000133514404,6.110000133514404,6.199999809265137,481000
2024-10-18,6.389999866485596,6.400000095367432,6.289999961853027,6.340000152587891,367800
2024-10-21,6.539999961853027,6.730000019073486,6.46999979019165,6.639999866485596,501900
2024-10-22,7.269999980926514,7.340000152587891,6.46999979019165,6.5,1685900
2024-10-23,7.139999866485596,7.349999904632568,7.019999980926514,7.309999942779541,574700
2024-10-24,7.090000152587891,7.309999942779541,7.079999923706055,7.139999866485596,504200
2024-10-25,6.730000019073486,7.130000114440918,6.710000038146973,7.099999904632568,621200
2024-10-28,6.75,6.920000076293945,6.71999979019165,6.71999979019165,339600
2024-10-29,6.940000057220459,7.099999904632568,6.71999979019165,6.730000019073486,519400
2024-10-30,6.929999828338623,7.010000228881836,6.869999885559082,6.96999979019165,375700
2024-10-31,6.690000057220459,6.940000057220459,6.570000171661377,6.940000057220459,479500
2024-11-01,6.679999828338623,6.800000190734863,6.619999885559082,6.75,285300
2024-11-04,6.739999771118164,6.860000133514404,6.610000133514404,6.610000133514404,525700
2024-11-05,6.989999771118164,7.050000190734863,6.699999809265137,6.739999771118164,415300
2024-11-06,7.409999847412109,7.460000038146973,7.130000114440918,7.179999828338623,510600
2024-11-07,7.150000095367432,7.440000057220459,7.110000133514404,7.420000076293945,394400
2024-11-08,7.199999809265137,7.300000190734863,7.039999961853027,7.179999828338623,335300
2024-11-11,7.440000057220459,7.489999771118164,7.179999828338623,7.28000020980835,435800
2024-11-12,7.139999866485596,7.510000228881836,7.119999885559082,7.429999828338623,418800
2024-11-13,6.989999771118164,7.329999923706055,6.980000019073486,7.21999979019165,332400
2024-11-14,6.849999904632568,7.099999904632568,6.820000171661377,6.989999771118164,520500
2024-11-15,6.809999942779541,6.909999847412109,6.71999979019165,6.880000114440918,477400
2024-11-18,6.880000114440918,6.920000076293945,6.699999809265137,6.739999771118164,335300
2024-11-19,6.71999979019165,6.980000019073486,6.630000114440918,6.880000114440918,405100
2024-11-20,6.739999771118164,6.880000114440918,6.690000057220459,6.739999771118164,501000
2024-11-21,6.949999809265137,6.960000038146973,6.710000038146973,6.809999942779541,328000
2024-11-22,6.829999923706055,7.039999961853027,6.789999961853027,7.0,389700
2024-11-25,6.989999771118164,7.050000190734863,6.829999923706055,6.900000095367432,480900
2024-11-26,6.989999771118164,7.03000020980835,6.880000114440918,6.989999771118164,250900
2024-11-27,7.019999980926514,7.119999885559082,6.980000019073486,7.050000190734863,210600
2024-11-29,6.929999828338623,7.079999923706055,6.909999847412109,7.039999961853027,178800
2024-12-02,7.139999866485596,7.190000057220459,6.909999847412109,6.960000038146973,293200
2024-12-03,7.099999904632568,7.130000114440918,6.96999979019165,7.130000114440918,270100
2024-12-04,7.139999866485596,7.199999809265137,7.03000020980835,7.119999885559082,292700
2024-12-05,7.099999904632568,7.110000133514404,6.940000057220459,7.110000133514404,311600
2024-12-06,7.0,7.150000095367432,6.920000076293945,7.119999885559082,152500
2024-12-09,8.630000114440918,9.420000076293945,7.440000057220459,7.440000057220459,4027400
2024-12-10,8.890000343322754,9.039999961853027,8.380000114440918,8.6899995803833,908300
2024-12-11,9.109999656677246,9.239999771118164,8.800000190734863,8.890000343322754,628200
2024-12-12,9.180000305175781,9.289999961853027,8.880000114440918,9.0600004196167,498100
2024-12-13,9.0,9.170000076293945,8.920000076293945,9.170000076293945,475300
2024-12-16,9.329999923706055,9.5,9.0600004196167,9.079999923706055,669800
2024-12-17,9.260000228881836,9.579999923706055,9.039999961853027,9.279999732971191,643700
2024-12-18,8.930000305175781,9.390000343322754,8.850000381469727,9.319999694824219,621500
2024-12-19,8.579999923706055,9.180000305175781,8.449999809265137,9.180000305175781,445400
2024-12-20,8.890000343322754,8.960000038146973,8.520000457763672,8.520000457763672,568000
2024-12-23,8.859999656677246,8.890000343322754,8.600000381469727,8.890000343322754,293200
2024-12-24,8.6899995803833,8.850000381469727,8.59000015258789,8.649999618530273,126200
2024-12-26,9.010000228881836,9.0600004196167,8.640000343322754,8.670000076293945,358800
2024-12-27,8.90999984741211,9.0600004196167,8.710000038146973,8.970000267028809,218300
2024-12-30,9.050000190734863,9.399999618530273,8.75,8.979999542236328,373700
2024-12-31,9.15999984741211,9.329999923706055,9.039999961853027,9.100000381469727,416100
2025-01-02,8.979999542236328,9.210000038146973,8.760000228881836,9.210000038146973,440200
2025-01-03,9.079999923706055,9.119999885559082,8.90999984741211,9.020000457763672,313000
2025-01-06,9.270000457763672,9.399999618530273,9.09000015258789,9.130000114440918,565100
2025-01-07,9.399999618530273,9.630000114440918,9.130000114440918,9.300000190734863,908500
2025-01-08,12.9399995803833,13.130000114440918,11.5,11.760000228881836,4428200
2025-01-10,12.300000190734863,12.819999694824219,12.0,12.819999694824219,2225700
2025-01-13,12.460000038146973,12.579999923706055,11.520000457763672,11.609999656677246,1259400
2025-01-14,11.800000190734863,12.65999984741211,11.779999732971191,12.539999961853027,1149000
2025-01-15,12.170000076293945,12.329999923706055,11.649999618530273,12.199999809265137,702600
2025-01-16,12.770000457763672,12.960000038146973,12.029999732971191,12.170000076293945,1020500
2025-01-17,12.430000305175781,12.760000228881836,12.109999656677246,12.720000267028809,551600
2025-01-21,11.9399995803833,12.430000305175781,11.84000015258789,12.329999923706055,442900
2025-01-22,12.0600004196167,12.180000305175781,11.779999732971191,11.899999618530273,687400
2025-01-23,12.449999809265137,12.520000457763672,11.84000015258789,11.960000038146973,542800
2025-01-24,12.1899995803833,12.460000038146973,12.079999923706055,12.359999656677246,357200
2025-01-27,12.220000267028809,12.9399995803833,11.9399995803833,12.1899995803833,1484685
