Price,Close,High,Low,Open,Volume
Ticker,BGNE,BGNE,BGNE,BGNE,BGNE
Date,,,,,
2020-01-28,159.22000122070312,162.2299041748047,158.5449981689453,160.86000061035156,122849
2020-01-29,156.16000366210938,161.33999633789062,155.1199951171875,158.94000244140625,312536
2020-01-30,153.49000549316406,155.27999877929688,152.16009521484375,154.3699951171875,214530
2020-01-31,152.36000061035156,154.69000244140625,150.86000061035156,152.2100067138672,334523
2020-02-03,154.50999450683594,156.64999389648438,150.10000610351562,150.36000061035156,223480
2020-02-04,160.72999572753906,161.11000061035156,154.78500366210938,157.08999633789062,214096
2020-02-05,163.6999969482422,163.80999755859375,160.1199951171875,162.99000549316406,195972
2020-02-06,164.50999450683594,165.52499389648438,162.0,164.99000549316406,174395
2020-02-07,164.97000122070312,167.3800048828125,163.39999389648438,164.6199951171875,191178
2020-02-10,166.72999572753906,167.24000549316406,164.0,164.91000366210938,141959
2020-02-11,167.2100067138672,170.27499389648438,165.9279022216797,167.0,246719
2020-02-12,168.44000244140625,169.05999755859375,165.55050659179688,167.39999389648438,96093
2020-02-13,168.44000244140625,168.75,165.91000366210938,166.72999572753906,114070
2020-02-14,171.08999633789062,171.30999755859375,166.6999969482422,168.33999633789062,181543
2020-02-18,170.7899932861328,171.99420166015625,169.22999572753906,171.61000061035156,259006
2020-02-19,173.19000244140625,173.97999572753906,170.5800018310547,171.72999572753906,237304
2020-02-20,171.0,173.11000061035156,170.02999877929688,171.97000122070312,375090
2020-02-21,169.5399932861328,170.00999450683594,165.5500030517578,170.0,287496
2020-02-24,163.9600067138672,165.50999450683594,160.62269592285156,164.92999267578125,433031
2020-02-25,158.5800018310547,166.0,157.52999877929688,165.5800018310547,419012
2020-02-26,158.0399932861328,162.57000732421875,156.57000732421875,158.5800018310547,277501
2020-02-27,154.99000549316406,158.72000122070312,151.89999389648438,155.5,337876
2020-02-28,158.35000610351562,158.35000610351562,151.0,152.10000610351562,446723
2020-03-02,164.05999755859375,164.1300048828125,156.44000244140625,159.94000244140625,533126
2020-03-03,154.6300048828125,164.05999755859375,153.4250030517578,164.05999755859375,757329
2020-03-04,157.88999938964844,159.3800048828125,155.58180236816406,156.1300048828125,283528
2020-03-05,155.6699981689453,157.75,154.0,155.3800048828125,331833
2020-03-06,153.30999755859375,159.07000732421875,151.7899932861328,151.7899932861328,345226
2020-03-09,153.07000732421875,154.52999877929688,140.0,146.91000366210938,567606
2020-03-10,156.27000427246094,156.47999572753906,150.5399932861328,156.22000122070312,458754
2020-03-11,145.69000244140625,155.60000610351562,143.41000366210938,153.35000610351562,524511
2020-03-12,137.8300018310547,143.25999450683594,136.4600067138672,140.00999450683594,525150
2020-03-13,144.60000610351562,150.73500061035156,136.47999572753906,150.0,458857
2020-03-16,140.0,144.0,129.42999267578125,135.0,569336
2020-03-17,158.8000030517578,158.8300018310547,135.77999877929688,135.77999877929688,387169
2020-03-18,155.92999267578125,155.97000122070312,141.52999877929688,149.27000427246094,428268
2020-03-19,148.3699951171875,155.86000061035156,146.77999877929688,155.86000061035156,465265
2020-03-20,126.0,149.61000061035156,121.19000244140625,147.02000427246094,2350905
2020-03-23,127.80000305175781,132.1750030517578,122.98999786376953,127.75,408867
2020-03-24,129.27000427246094,134.7899932861328,127.41999816894531,132.0,381145
2020-03-25,121.83999633789062,128.9499969482422,118.55000305175781,126.0,903255
2020-03-26,126.29000091552734,127.37000274658203,122.2699966430664,122.43000030517578,486477
2020-03-27,125.5199966430664,129.0,123.13999938964844,125.4000015258789,362095
2020-03-30,125.38999938964844,127.9000015258789,122.38999938964844,127.88999938964844,234315
2020-03-31,123.11000061035156,126.6500015258789,122.5199966430664,124.30999755859375,356980
2020-04-01,123.9000015258789,126.4800033569336,122.26000213623047,123.94999694824219,273224
2020-04-02,136.36000061035156,136.72000122070312,124.26000213623047,125.79000091552734,487654
2020-04-03,139.97999572753906,139.97999572753906,134.89999389648438,135.61000061035156,183010
2020-04-06,144.25999450683594,147.0,142.24000549316406,142.24000549316406,204356
2020-04-07,136.0399932861328,145.0,135.11000061035156,145.0,265492
2020-04-08,140.39999389648438,141.35499572753906,135.77999877929688,138.0,210791
2020-04-09,150.39999389648438,150.89999389648438,140.94000244140625,140.94000244140625,196844
2020-04-13,148.50999450683594,153.0,145.17999267578125,151.5,142030
2020-04-14,158.35000610351562,158.63999938964844,149.24000549316406,150.3800048828125,203415
2020-04-15,156.16000366210938,157.4149932861328,149.50999450683594,157.0,265657
2020-04-16,156.8800048828125,160.5,154.36000061035156,157.25,282773
2020-04-17,157.42999267578125,160.0,154.3000030517578,160.0,232358
2020-04-20,161.02999877929688,165.6300048828125,154.7779998779297,157.4199981689453,152039
2020-04-21,158.52999877929688,160.52000427246094,155.5800018310547,159.50999450683594,100358
2020-04-22,160.67999267578125,163.0,159.0500030517578,160.16000366210938,166381
2020-04-23,161.0,164.72999572753906,159.1699981689453,161.0800018310547,173127
2020-04-24,160.1999969482422,163.27999877929688,159.5,162.1199951171875,111968
2020-04-27,165.0,165.0,162.0,162.0,235246
2020-04-28,163.1199951171875,165.71499633789062,162.52200317382812,165.0,222982
2020-04-29,161.6199951171875,165.00999450683594,161.0,162.3000030517578,192036
2020-04-30,152.8300018310547,162.80999755859375,151.5800018310547,160.0500030517578,179708
2020-05-01,140.2100067138672,150.99000549316406,140.0,150.99000549316406,228131
2020-05-04,137.5,140.8800048828125,136.47999572753906,140.2100067138672,257625
2020-05-05,143.5,145.89999389648438,138.0,138.27000427246094,259284
2020-05-06,144.3800048828125,146.00999450683594,142.35000610351562,143.72000122070312,161571
2020-05-07,153.4199981689453,153.44000244140625,143.41000366210938,145.4499969482422,302343
2020-05-08,156.80999755859375,159.89999389648438,154.52000427246094,155.99000549316406,253216
2020-05-11,163.25999450683594,165.08999633789062,156.8000030517578,156.8000030517578,277786
2020-05-12,158.3800048828125,166.22999572753906,157.2899932861328,160.6199951171875,231374
2020-05-13,160.27000427246094,163.0,157.4600067138672,159.4600067138672,313945
2020-05-14,163.24000549316406,163.4600067138672,157.6699981689453,160.13999938964844,249652
2020-05-15,166.25999450683594,166.63999938964844,160.00999450683594,160.00999450683594,304103
2020-05-18,166.25,169.1300048828125,165.47000122070312,168.0,263804
2020-05-19,168.82000732421875,171.39999389648438,166.22999572753906,166.44000244140625,275935
2020-05-20,165.8000030517578,171.25999450683594,163.36000061035156,170.77999877929688,275827
2020-05-21,164.60000610351562,167.3300018310547,159.66250610351562,159.74000549316406,243403
2020-05-22,159.1199951171875,163.22999572753906,157.77000427246094,162.39999389648438,382737
2020-05-26,163.89999389648438,164.38499450683594,159.69000244140625,161.0,333814
2020-05-27,160.9149932861328,163.5850067138672,157.02999877929688,163.02000427246094,242094
2020-05-28,162.36000061035156,164.42999267578125,160.22999572753906,162.0,219853
2020-05-29,165.5399932861328,167.5800018310547,158.61000061035156,162.6999969482422,524081
2020-06-01,168.0399932861328,169.85000610351562,164.41000366210938,164.6199951171875,177559
2020-06-02,168.3300018310547,169.35499572753906,165.3000030517578,168.0,207260
2020-06-03,169.0399932861328,169.7899932861328,165.75,169.0399932861328,164903
2020-06-04,171.50999450683594,173.36000061035156,167.1300048828125,167.8300018310547,214962
2020-06-05,172.02999877929688,175.83999633789062,170.11000061035156,174.0,247726
2020-06-08,172.8800048828125,174.22000122070312,169.47999572753906,170.83999633789062,182974
2020-06-09,172.6300048828125,174.4199981689453,168.82000732421875,172.66000366210938,79301
2020-06-10,171.8699951171875,175.27000427246094,171.77000427246094,173.0,138505
2020-06-11,163.22000122070312,168.4499969482422,163.00999450683594,167.02000427246094,150438
2020-06-12,163.9199981689453,164.05999755859375,155.16000366210938,163.49000549316406,181822
2020-06-15,171.49000549316406,172.39999389648438,159.57020568847656,160.58999633789062,173034
2020-06-16,173.22999572753906,179.9600067138672,172.50999450683594,172.72999572753906,219146
2020-06-17,174.42999267578125,178.4199981689453,173.2100067138672,174.32000732421875,142153
2020-06-18,177.39999389648438,179.58999633789062,174.10000610351562,174.10000610351562,113921
2020-06-19,182.6699981689453,182.89999389648438,175.4499969482422,180.0,311872
2020-06-22,183.47999572753906,184.11000061035156,179.02000427246094,182.10000610351562,144886
2020-06-23,187.4499969482422,188.6999969482422,183.34500122070312,185.0,209172
2020-06-24,186.14999389648438,189.8800048828125,185.1699981689453,187.0,193886
2020-06-25,194.74000549316406,194.97999572753906,184.6300048828125,184.6300048828125,226394
2020-06-26,195.41000366210938,201.0,192.27999877929688,200.0,374595
2020-06-29,189.1999969482422,193.74000549316406,186.95010375976562,192.4600067138672,344092
2020-06-30,188.39999389648438,188.94000244140625,181.1699981689453,185.92999267578125,267524
2020-07-01,189.17999267578125,192.85000610351562,186.52000427246094,186.52000427246094,240193
2020-07-02,195.86000061035156,196.0399932861328,189.0675048828125,193.10000610351562,251532
2020-07-06,196.72000122070312,198.94000244140625,195.00999450683594,196.6300048828125,245713
2020-07-07,196.58999633789062,200.38999938964844,195.3300018310547,195.3300018310547,287096
2020-07-08,204.10000610351562,204.2899932861328,195.97999572753906,199.1199951171875,254189
2020-07-09,199.80999755859375,205.0,193.11000061035156,204.32000732421875,280563
2020-07-10,196.02999877929688,200.4600067138672,192.00999450683594,199.89999389648438,211423
2020-07-13,213.00999450683594,223.52999877929688,205.25999450683594,205.50999450683594,995798
2020-07-14,236.9499969482422,238.7449951171875,218.6699981689453,220.02000427246094,854526
2020-07-15,239.30999755859375,247.3699951171875,230.97000122070312,243.0399932861328,581233
2020-07-16,231.58999633789062,232.56539916992188,220.5399932861328,221.6199951171875,304395
2020-07-17,248.6699981689453,250.33999633789062,233.0500030517578,236.2899932861328,570503
2020-07-20,253.9499969482422,254.8000030517578,248.0050048828125,248.72999572753906,401793
2020-07-21,248.19000244140625,256.010009765625,247.61000061035156,254.0,349505
2020-07-22,235.89999389648438,248.0,234.66000366210938,246.47000122070312,381657
2020-07-23,233.0500030517578,241.83999633789062,230.55999755859375,240.47999572753906,282633
2020-07-24,224.44000244140625,226.3699951171875,217.34300231933594,226.05999755859375,267386
2020-07-27,224.0,227.88999938964844,221.61000061035156,224.0,223634
2020-07-28,214.75,224.38999938964844,213.72000122070312,223.5,272013
2020-07-29,208.5,215.90499877929688,207.4600067138672,214.80999755859375,376032
2020-07-30,207.33999633789062,208.6199951171875,204.1699981689453,208.6199951171875,236243
2020-07-31,209.0,210.52110290527344,205.2899932861328,207.02000427246094,191780
2020-08-03,221.6699981689453,225.49000549316406,212.52999877929688,212.52999877929688,435874
2020-08-04,222.64999389648438,226.00999450683594,216.02000427246094,223.17999267578125,227100
2020-08-05,227.00999450683594,227.25999450683594,218.55999755859375,223.19000244140625,275828
2020-08-06,224.05999755859375,227.32000732421875,218.0500030517578,225.27999877929688,145530
2020-08-07,220.5,226.55999755859375,218.44000244140625,218.44000244140625,203652
2020-08-10,209.38999938964844,217.0,207.9600067138672,215.1699981689453,268208
2020-08-11,209.4499969482422,214.7899932861328,209.02000427246094,209.77999877929688,210102
2020-08-12,213.22999572753906,214.2899932861328,208.5126953125,210.49000549316406,151132
2020-08-13,215.3800048828125,216.5,210.24000549316406,210.52000427246094,119626
2020-08-14,210.72000122070312,214.32000732421875,209.0500030517578,213.16000366210938,114338
2020-08-17,223.49000549316406,228.92999267578125,211.99000549316406,212.33999633789062,263973
2020-08-18,231.9600067138672,236.27000427246094,223.05999755859375,223.05999755859375,303663
2020-08-19,234.8300018310547,237.32000732421875,231.3300018310547,232.0,243913
2020-08-20,235.3300018310547,237.9499969482422,229.60000610351562,230.0800018310547,201098
2020-08-21,240.52000427246094,243.47999572753906,235.8000030517578,235.8000030517578,287478
2020-08-24,237.38999938964844,242.5500030517578,235.08999633789062,240.88999938964844,280547
2020-08-25,250.83999633789062,254.60000610351562,238.0399932861328,240.8699951171875,312227
2020-08-26,249.25999450683594,254.2899932861328,245.5,251.5800018310547,128017
2020-08-27,244.5500030517578,254.60000610351562,242.22000122070312,254.60000610351562,180375
2020-08-28,242.9600067138672,245.38999938964844,239.63999938964844,244.33999633789062,174934
2020-08-31,241.57000732421875,242.9499969482422,236.5399932861328,238.9199981689453,192199
2020-09-01,236.3000030517578,240.17999267578125,230.0,239.9199981689453,272587
2020-09-02,234.94000244140625,235.52999877929688,223.77000427246094,231.92999267578125,343997
2020-09-03,232.75,236.05999755859375,231.0399932861328,234.36000061035156,220699
2020-09-04,240.1699981689453,241.5399932861328,230.33999633789062,237.57000732421875,222626
2020-09-08,237.16000366210938,238.5399932861328,226.1300048828125,236.3699951171875,331507
2020-09-09,240.22999572753906,241.0,230.6699981689453,234.61000061035156,171414
2020-09-10,238.25,242.55999755859375,236.94000244140625,240.7899932861328,224278
2020-09-11,249.58999633789062,251.0,235.7449951171875,239.99000549316406,286998
2020-09-14,250.1699981689453,252.58999633789062,246.69000244140625,248.57000732421875,183572
2020-09-15,255.44000244140625,257.8699951171875,250.9550018310547,251.25,270943
2020-09-16,255.1300048828125,258.4800109863281,253.27000427246094,256.010009765625,285995
2020-09-17,262.6199951171875,263.239990234375,247.6699981689453,252.72999572753906,410584
2020-09-18,273.9599914550781,275.3399963378906,262.8699951171875,267.6199951171875,491721
2020-09-21,271.07000732421875,271.70001220703125,264.7799987792969,268.1700134277344,229217
2020-09-22,268.79998779296875,269.4800109863281,263.7200012207031,268.80999755859375,100531
2020-09-23,274.67999267578125,275.7898864746094,268.5899963378906,269.2099914550781,171142
2020-09-24,276.57000732421875,279.79998779296875,270.25,274.57000732421875,244265
2020-09-25,282.3999938964844,282.3999938964844,274.4700012207031,277.3500061035156,246269
2020-09-28,280.6499938964844,283.0,277.510009765625,282.54998779296875,230911
2020-09-29,281.4599914550781,284.4549865722656,272.29998779296875,279.7699890136719,233602
2020-09-30,286.44000244140625,287.739990234375,280.3999938964844,280.3999938964844,180674
2020-10-01,285.20001220703125,287.6000061035156,282.1206970214844,287.5199890136719,253419
2020-10-02,283.2799987792969,286.6099853515625,281.4700012207031,282.69000244140625,132253
2020-10-05,306.0400085449219,313.125,287.1123962402344,288.0,450129
2020-10-06,295.8699951171875,307.5400085449219,295.4800109863281,306.0,215985
2020-10-07,297.54998779296875,299.25,286.2900085449219,298.739990234375,487695
2020-10-08,301.489990234375,305.5899963378906,295.2200012207031,300.3800048828125,126363
2020-10-09,312.6600036621094,313.69000244140625,302.6199951171875,304.95001220703125,196081
2020-10-12,307.54998779296875,318.2900085449219,307.20001220703125,313.1300048828125,165138
2020-10-13,303.2300109863281,310.0199890136719,302.17999267578125,310.0199890136719,602844
2020-10-14,303.92999267578125,309.081787109375,301.2799987792969,305.6400146484375,277901
2020-10-15,304.07000732421875,306.57000732421875,297.57501220703125,300.7300109863281,143335
2020-10-16,316.6099853515625,322.9800109863281,301.8399963378906,303.989990234375,173058
2020-10-19,301.5199890136719,320.0,298.01251220703125,319.4966125488281,181490
2020-10-20,299.8999938964844,303.2200012207031,298.0,301.5199890136719,191901
2020-10-21,302.57000732421875,305.4100036621094,300.0,300.0,154372
2020-10-22,303.7900085449219,308.1099853515625,296.95001220703125,301.6499938964844,238052
2020-10-23,299.0,304.9700012207031,291.010009765625,302.5,239014
2020-10-26,301.2799987792969,303.9599914550781,295.2699890136719,298.0299987792969,88344
2020-10-27,301.5299987792969,307.4599914550781,296.25,298.2099914550781,208682
2020-10-28,299.239990234375,302.0150146484375,296.1000061035156,301.5199890136719,120732
2020-10-29,299.5,301.8699951171875,298.385009765625,299.4800109863281,145987
2020-10-30,296.5199890136719,297.81390380859375,287.3450012207031,293.7799987792969,253666
2020-11-02,299.0,300.239990234375,287.6400146484375,297.9599914550781,216180
2020-11-03,300.0,307.5,299.0899963378906,300.4100036621094,172329
2020-11-04,304.29998779296875,317.82000732421875,301.8898010253906,302.0799865722656,223043
2020-11-05,300.0,306.8699951171875,299.5400085449219,306.8599853515625,457440
2020-11-06,293.45001220703125,295.9800109863281,277.94000244140625,285.010009765625,543888
2020-11-09,280.0,290.5199890136719,276.2200012207031,288.0,470965
2020-11-10,282.510009765625,283.1400146484375,275.6199951171875,278.0,274653
2020-11-11,285.0,290.7889099121094,279.8699951171875,284.7699890136719,150697
2020-11-12,283.6499938964844,290.489990234375,281.6300048828125,286.54998779296875,157973
2020-11-13,278.04998779296875,293.1400146484375,276.69000244140625,293.1400146484375,261447
2020-11-16,279.9599914550781,283.8299865722656,266.9800109863281,279.0,273151
2020-11-17,284.3299865722656,288.760009765625,274.20001220703125,277.6099853515625,174397
2020-11-18,283.7200012207031,288.7300109863281,280.010009765625,283.19000244140625,145558
2020-11-19,281.9100036621094,289.04998779296875,278.760009765625,288.7099914550781,256077
2020-11-20,284.1700134277344,285.82000732421875,281.260009765625,284.010009765625,115875
2020-11-23,273.7799987792969,284.69000244140625,268.17999267578125,283.1600036621094,463694
2020-11-24,256.17999267578125,270.8800048828125,256.0,270.8699951171875,385380
2020-11-25,264.1600036621094,268.5299987792969,253.5,255.0500030517578,285248
2020-11-27,285.8900146484375,288.0050048828125,266.70001220703125,266.70001220703125,346648
2020-11-30,255.69000244140625,286.0400085449219,253.02999877929688,282.8800048828125,5213382
2020-12-01,246.49000549316406,262.5,243.5399932861328,260.010009765625,486930
2020-12-02,227.0,233.27499389648438,224.81500244140625,228.6999969482422,1285761
2020-12-03,221.30999755859375,231.89999389648438,220.10000610351562,228.22000122070312,648375
2020-12-04,222.8800048828125,228.63999938964844,220.63999938964844,222.57000732421875,639450
2020-12-07,223.61000061035156,228.0,221.50999450683594,228.0,349980
2020-12-08,228.08999633789062,229.5,221.375,223.2899932861328,466932
2020-12-09,222.4499969482422,229.22999572753906,219.1999969482422,228.42999267578125,399126
2020-12-10,227.9499969482422,228.66000366210938,220.5,223.99000549316406,657574
2020-12-11,228.25,231.5,225.97000122070312,228.3000030517578,488097
2020-12-14,228.05999755859375,232.69410705566406,224.7449951171875,226.8000030517578,730274
2020-12-15,239.24000549316406,241.85000610351562,230.03500366210938,231.1999969482422,539898
2020-12-16,247.6300048828125,254.72000122070312,241.4499969482422,253.02999877929688,603148
2020-12-17,260.4700012207031,265.7900085449219,248.33999633789062,250.3300018310547,535757
2020-12-18,257.2799987792969,269.5,255.86000061035156,267.0,511857
2020-12-21,261.4200134277344,262.95001220703125,253.64999389648438,253.99000549316406,192161
2020-12-22,261.44000244140625,264.5,258.2900085449219,260.9700012207031,132236
2020-12-23,263.8599853515625,266.3699951171875,256.5799865722656,263.7900085449219,161622
2020-12-24,263.7200012207031,266.79998779296875,259.57000732421875,263.0400085449219,77963
2020-12-28,252.63999938964844,266.75,248.99000549316406,266.0,270475
2020-12-29,245.0,255.38999938964844,244.08999633789062,250.66000366210938,323241
2020-12-30,255.0,257.7099914550781,249.25,251.0,238239
2020-12-31,258.3900146484375,263.6600036621094,250.56500244140625,258.0,207220
2021-01-04,261.010009765625,263.260009765625,255.4199981689453,256.1199951171875,321939
2021-01-05,268.8800048828125,269.2200012207031,261.5400085449219,261.5400085449219,258252
2021-01-06,262.260009765625,278.0,260.1700134277344,265.7300109863281,471685
2021-01-07,260.6400146484375,262.2300109863281,254.0,260.44000244140625,357631
2021-01-08,279.25,280.7799987792969,263.260009765625,264.739990234375,284044
2021-01-11,278.9200134277344,284.7099914550781,273.0199890136719,280.9100036621094,165172
2021-01-12,288.92999267578125,306.5,284.739990234375,304.010009765625,737406
2021-01-13,310.1400146484375,312.54998779296875,295.20001220703125,298.0,544473
2021-01-14,335.9599914550781,345.8500061035156,319.1499938964844,319.1499938964844,477065
2021-01-15,345.0,345.9800109863281,331.4549865722656,339.260009765625,502443
2021-01-19,356.67999267578125,359.9599914550781,348.0199890136719,350.0,337008
2021-01-20,362.79998779296875,371.364990234375,357.8599853515625,357.989990234375,322867
2021-01-21,356.989990234375,362.8900146484375,349.6199951171875,362.70001220703125,239168
2021-01-22,374.5,376.45001220703125,364.0050048828125,364.3699951171875,292828
2021-01-25,376.9100036621094,382.20001220703125,374.55999755859375,374.55999755859375,319068
2021-01-26,358.3399963378906,368.989990234375,355.739990234375,365.0,429254
2021-01-27,320.7099914550781,351.1050109863281,315.9800109863281,350.0,693529
2021-01-28,318.3800048828125,328.7799987792969,313.25,323.0,353717
2021-01-29,320.0,334.885009765625,315.70001220703125,332.0,425588
2021-02-01,347.010009765625,351.67999267578125,333.67999267578125,335.0,489234
2021-02-02,352.04998779296875,352.9800109863281,338.3900146484375,347.7200012207031,208483
2021-02-03,364.4700012207031,367.8800048828125,351.7900085449219,351.7900085449219,307182
2021-02-04,371.5299987792969,371.5299987792969,363.3399963378906,365.2099914550781,182940
2021-02-05,371.8900146484375,373.4100036621094,366.9700012207031,371.6700134277344,163332
2021-02-08,369.04998779296875,375.989990234375,364.6400146484375,372.6499938964844,245983
2021-02-09,370.8699951171875,372.0,365.29998779296875,367.20001220703125,215112
2021-02-10,377.1000061035156,386.114990234375,370.54998779296875,373.5799865722656,320044
2021-02-11,377.0400085449219,381.7900085449219,374.6600036621094,377.0899963378906,150988
2021-02-12,380.7799987792969,382.45001220703125,373.239990234375,375.8800048828125,127350
2021-02-16,382.1199951171875,388.9700012207031,376.4599914550781,379.0299987792969,386963
2021-02-17,357.510009765625,381.8299865722656,345.67999267578125,381.8299865722656,248528
2021-02-18,339.07000732421875,347.7850036621094,332.6099853515625,342.0799865722656,349887
2021-02-19,351.0400085449219,351.8900146484375,344.8999938964844,344.95001220703125,245131
2021-02-22,329.3599853515625,348.94000244140625,329.1099853515625,346.4100036621094,431170
2021-02-23,332.4700012207031,335.94000244140625,310.70001220703125,323.9700012207031,199260
2021-02-24,334.8999938964844,339.8900146484375,322.25,326.67999267578125,215467
2021-02-25,329.7300109863281,340.0899963378906,325.875,335.0899963378906,430020
2021-02-26,320.0,327.2099914550781,313.260009765625,314.55999755859375,397203
2021-03-01,319.3900146484375,326.9700012207031,315.0,315.0,369175
2021-03-02,306.4599914550781,322.57000732421875,305.489990234375,318.6199951171875,215014
2021-03-03,304.54998779296875,311.5,300.1300048828125,309.1400146484375,187635
2021-03-04,289.2200012207031,303.7799987792969,286.54998779296875,297.739990234375,304625
2021-03-05,301.2799987792969,305.6000061035156,283.44000244140625,292.0199890136719,428429
2021-03-08,294.70001220703125,300.8800048828125,287.2200012207031,296.8500061035156,513882
2021-03-09,313.8999938964844,317.3500061035156,296.99749755859375,300.0,396478
2021-03-10,305.1000061035156,318.2099914550781,302.3399963378906,316.9700012207031,520645
2021-03-11,321.2300109863281,326.0199890136719,305.7250061035156,311.6000061035156,263814
2021-03-12,321.70001220703125,322.8500061035156,312.5299987792969,317.5199890136719,244893
2021-03-15,325.3900146484375,326.5799865722656,316.44000244140625,316.44000244140625,234326
2021-03-16,327.3800048828125,331.8999938964844,324.43499755859375,329.3500061035156,212417
2021-03-17,329.9599914550781,341.2699890136719,321.9649963378906,326.010009765625,290929
2021-03-18,325.8500061035156,334.6700134277344,324.3800048828125,331.44000244140625,214348
2021-03-19,348.95001220703125,355.79998779296875,324.7049865722656,329.0799865722656,373456
2021-03-22,355.9599914550781,361.0,340.0199890136719,340.0199890136719,326828
2021-03-23,335.3900146484375,354.5899963378906,333.1000061035156,354.5899963378906,319632
2021-03-24,320.6199951171875,338.6499938964844,319.960205078125,332.17999267578125,271607
2021-03-25,328.5199890136719,329.94000244140625,309.1000061035156,315.3800048828125,214466
2021-03-26,324.8599853515625,334.010009765625,318.92999267578125,328.5199890136719,429981
2021-03-29,323.5299987792969,328.3299865722656,320.3299865722656,324.5,222907
2021-03-30,332.989990234375,338.44000244140625,320.55499267578125,323.0,298425
2021-03-31,348.0799865722656,356.04998779296875,330.7900085449219,330.7900085449219,389720
2021-04-01,342.2799987792969,351.7611999511719,332.3999938964844,349.67999267578125,166698
2021-04-05,330.9800109863281,344.9049987792969,330.9800109863281,341.239990234375,99734
2021-04-06,329.29998779296875,339.4049987792969,325.1700134277344,328.29998779296875,222707
2021-04-07,321.6000061035156,328.0400085449219,320.2850036621094,327.54998779296875,162430
2021-04-08,314.6199951171875,327.9800109863281,313.6499938964844,325.0,200947
2021-04-09,308.2699890136719,313.0,302.9700012207031,313.0,158084
2021-04-12,294.8299865722656,308.5400085449219,292.5,308.5400085449219,202508
2021-04-13,300.30999755859375,307.04998779296875,294.114990234375,298.7300109863281,199031
2021-04-14,300.6499938964844,307.5249938964844,299.25,301.0199890136719,163771
2021-04-15,307.80999755859375,308.7900085449219,300.25,300.6499938964844,276784
2021-04-16,305.5400085449219,308.1400146484375,302.0400085449219,307.5899963378906,168151
2021-04-19,303.3699951171875,311.31988525390625,296.5799865722656,305.489990234375,182684
2021-04-20,292.75,305.1700134277344,290.3399963378906,304.7699890136719,243472
2021-04-21,302.0,304.2995910644531,289.2900085449219,294.4800109863281,179371
2021-04-22,311.05999755859375,313.8999938964844,301.07000732421875,302.0,223658
2021-04-23,317.8500061035156,319.260009765625,308.05999755859375,309.6000061035156,179695
2021-04-26,324.3599853515625,326.5199890136719,311.45001220703125,315.32000732421875,120875
2021-04-27,323.4200134277344,329.25,322.05999755859375,327.20001220703125,91006
2021-04-28,351.5199890136719,354.4200134277344,330.0,330.0,371032
2021-04-29,356.29998779296875,359.8599853515625,348.9700012207031,350.55999755859375,233261
2021-04-30,343.5400085449219,356.1700134277344,342.75,344.55999755859375,164719
2021-05-03,337.4800109863281,348.67498779296875,336.2799987792969,344.4200134277344,204076
2021-05-04,310.25,337.2650146484375,304.43499755859375,332.67999267578125,340075
2021-05-05,305.3999938964844,318.5799865722656,305.0,308.7099914550781,129165
2021-05-06,314.0,317.05889892578125,305.8299865722656,305.8299865722656,265407
2021-05-07,311.9700012207031,327.3900146484375,309.5249938964844,321.0899963378906,304122
2021-05-10,303.32000732421875,312.95001220703125,298.94000244140625,310.0,141998
2021-05-11,322.0,323.3800048828125,296.0899963378906,297.3900146484375,173928
2021-05-12,312.6499938964844,321.70001220703125,310.1099853515625,315.94000244140625,268012
2021-05-13,308.7799987792969,317.7900085449219,307.8080139160156,314.80999755859375,147622
2021-05-14,319.6099853515625,322.0,307.8550109863281,312.79998779296875,97156
2021-05-17,323.6700134277344,328.30999755859375,318.2550048828125,320.0,133641
2021-05-18,337.9800109863281,339.4599914550781,324.9200134277344,324.9200134277344,116330
2021-05-19,334.5299987792969,335.2099914550781,320.7500915527344,330.5400085449219,106752
2021-05-20,344.1499938964844,348.8800048828125,325.7900085449219,332.0799865722656,204917
2021-05-21,347.5199890136719,350.0,338.7799987792969,344.489990234375,100843
2021-05-24,343.0,350.0,341.9100036621094,350.0,84513
2021-05-25,350.3599853515625,352.5,342.9599914550781,344.29998779296875,127491
2021-05-26,346.79998779296875,352.989990234375,343.54998779296875,349.3299865722656,104111
2021-05-27,351.010009765625,354.2650146484375,344.0199890136719,348.0,234399
2021-05-28,358.510009765625,359.82000732421875,346.05999755859375,352.45001220703125,175303
2021-06-01,367.010009765625,368.45001220703125,352.8800048828125,360.0,176057
2021-06-02,356.7099914550781,366.0,355.3500061035156,365.2699890136719,120720
2021-06-03,349.75,354.42999267578125,349.07000732421875,352.7699890136719,83629
2021-06-04,353.260009765625,356.54998779296875,351.80999755859375,352.6600036621094,102227
2021-06-07,344.2699890136719,357.010009765625,343.6000061035156,348.1099853515625,161652
2021-06-08,348.0,349.5799865722656,340.44000244140625,346.5799865722656,119157
2021-06-09,347.8500061035156,354.57000732421875,344.6700134277344,350.04998779296875,102696
2021-06-10,352.989990234375,354.3599853515625,343.8900146484375,346.9800109863281,77837
2021-06-11,346.9100036621094,357.95001220703125,346.4200134277344,355.3900146484375,118274
2021-06-14,344.82000732421875,348.0,342.3299865722656,346.8500061035156,97512
2021-06-15,332.0,343.5,331.2300109863281,340.30999755859375,87223
2021-06-16,333.30999755859375,335.32000732421875,325.5199890136719,331.54998779296875,90844
2021-06-17,329.1400146484375,336.5899963378906,326.79998779296875,326.79998779296875,97154
2021-06-18,321.80999755859375,333.1400146484375,320.739990234375,325.8900146484375,414907
2021-06-21,325.6400146484375,329.3900146484375,315.25,319.6600036621094,136325
2021-06-22,332.5199890136719,333.69000244140625,321.010009765625,321.010009765625,89363
2021-06-23,342.2300109863281,344.989990234375,334.989990234375,334.989990234375,109970
2021-06-24,352.32000732421875,352.42999267578125,342.30999755859375,345.760009765625,174366
2021-06-25,363.3399963378906,364.42999267578125,351.5400085449219,355.0,242344
2021-06-28,358.010009765625,367.80499267578125,357.32501220703125,363.3500061035156,134440
2021-06-29,357.0799865722656,358.9800109863281,346.3500061035156,356.3399963378906,112326
2021-06-30,343.19000244140625,356.8299865722656,340.010009765625,351.8900146484375,289101
2021-07-01,349.6499938964844,351.8999938964844,342.55499267578125,343.19000244140625,156817
2021-07-02,339.260009765625,349.42999267578125,336.5,349.42999267578125,70656
2021-07-06,323.6300048828125,335.6499938964844,320.80499267578125,331.8800048828125,386890
2021-07-07,315.1000061035156,327.0199890136719,309.614990234375,322.2300109863281,579282
2021-07-08,320.1099853515625,324.9800109863281,308.30010986328125,309.70001220703125,228707
2021-07-09,329.25,332.760009765625,318.010009765625,322.1300048828125,161089
2021-07-12,331.1199951171875,336.739990234375,326.55999755859375,336.739990234375,197809
2021-07-13,330.3500061035156,338.7300109863281,328.3699951171875,332.05999755859375,154172
2021-07-14,333.0,335.43499755859375,328.1499938964844,334.7300109863281,169158
2021-07-15,331.8900146484375,336.8800048828125,330.0,332.1700134277344,211326
2021-07-16,325.9800109863281,338.0,324.6004943847656,331.8999938964844,175652
2021-07-19,320.5899963378906,325.04998779296875,316.3800048828125,321.67999267578125,101495
2021-07-20,317.3900146484375,322.8900146484375,316.0199890136719,321.45001220703125,302744
2021-07-21,306.6199951171875,320.625,304.2300109863281,317.6600036621094,274481
2021-07-22,321.7300109863281,323.32000732421875,304.1700134277344,307.4700012207031,232810
2021-07-23,316.92999267578125,318.9150085449219,309.3949890136719,315.6099853515625,305410
2021-07-26,274.6300048828125,311.9599914550781,250.19000244140625,305.260009765625,1247882
2021-07-27,269.25,270.7699890136719,258.3575134277344,260.5400085449219,841198
2021-07-28,312.7099914550781,315.0,275.0,277.94000244140625,926465
2021-07-29,312.19000244140625,315.239990234375,300.6300048828125,315.239990234375,305048
2021-07-30,316.5899963378906,318.3500061035156,309.3900146484375,309.3900146484375,250196
2021-08-02,327.4200134277344,328.6000061035156,313.260009765625,318.7900085449219,439036
2021-08-03,341.45001220703125,343.0,323.0299987792969,328.1199951171875,478762
2021-08-04,343.0899963378906,348.9949951171875,339.0400085449219,341.44000244140625,332504
2021-08-05,335.8800048828125,346.0,330.8500061035156,343.510009765625,272151
2021-08-06,321.45001220703125,328.29998779296875,315.6499938964844,328.29998779296875,157969
2021-08-09,319.20001220703125,327.8699951171875,315.29998779296875,317.45001220703125,228195
2021-08-10,315.45001220703125,321.07000732421875,310.5,320.29998779296875,129064
2021-08-11,279.7200012207031,303.41009521484375,275.6304931640625,301.0299987792969,594973
2021-08-12,288.510009765625,288.9599914550781,269.25,281.0299987792969,436435
2021-08-13,276.19000244140625,286.95001220703125,275.82000732421875,283.989990234375,156469
2021-08-16,280.55999755859375,286.3999938964844,272.760009765625,278.1199951171875,247188
2021-08-17,281.5299987792969,285.0899963378906,271.0799865722656,274.0199890136719,408337
2021-08-18,289.9599914550781,294.989990234375,282.010009765625,283.0,359044
2021-08-19,275.44000244140625,289.42999267578125,268.8699951171875,288.42999267578125,601741
2021-08-20,249.60000610351562,276.8399963378906,238.88009643554688,274.29998779296875,1445489
2021-08-23,273.3299865722656,275.260009765625,255.05999755859375,256.0,492565
2021-08-24,285.4700012207031,294.3900146484375,283.0,283.0,442420
2021-08-25,290.1199951171875,292.8500061035156,280.26409912109375,282.0299987792969,139954
2021-08-26,282.82000732421875,291.4208068847656,280.0,290.0,185694
2021-08-27,281.9800109863281,288.29998779296875,277.5950012207031,287.6600036621094,224161
2021-08-30,301.82000732421875,303.2699890136719,290.010009765625,290.79998779296875,439088
2021-08-31,308.29998779296875,308.3399963378906,294.3699951171875,305.54998779296875,510613
2021-09-01,327.260009765625,328.6499938964844,308.79998779296875,310.5299987792969,508657
2021-09-02,333.010009765625,333.010009765625,320.6099853515625,330.0,296645
2021-09-03,336.32000732421875,339.0899963378906,329.0899963378906,334.0,232512
2021-09-07,346.6099853515625,350.9100036621094,336.81500244140625,343.0,345537
2021-09-08,342.6400146484375,346.6099853515625,333.6700134277344,335.1099853515625,165029
2021-09-09,337.3399963378906,345.7699890136719,334.7900085449219,338.0,192840
2021-09-10,351.989990234375,352.4700012207031,342.6700134277344,343.79998779296875,235295
2021-09-13,364.2300109863281,367.0,350.6400146484375,352.0,549064
2021-09-14,368.8900146484375,370.989990234375,361.55999755859375,364.2300109863281,398040
2021-09-15,375.3299865722656,383.8800048828125,370.6449890136719,377.0,578716
2021-09-16,385.239990234375,386.2900085449219,377.510009765625,381.79998779296875,393052
2021-09-17,403.1400146484375,426.55999755859375,395.0,422.0,1364209
2021-09-20,398.5,413.3299865722656,390.6700134277344,392.0,554026
2021-09-21,388.510009765625,405.114990234375,387.25,399.92999267578125,220303
2021-09-22,388.17999267578125,396.260009765625,378.135009765625,388.67999267578125,228624
2021-09-23,385.4200134277344,387.0199890136719,372.07000732421875,378.9100036621094,209111
2021-09-24,379.5199890136719,381.8550109863281,372.0799865722656,379.0,206511
2021-09-27,377.17999267578125,378.05999755859375,367.0299987792969,375.07000732421875,261045
2021-09-28,363.79998779296875,376.9200134277344,357.0,376.9200134277344,303256
2021-09-29,361.54998779296875,367.239990234375,358.0,361.010009765625,235163
2021-09-30,363.0,375.19000244140625,362.0,364.6600036621094,277245
2021-10-01,356.7099914550781,360.2699890136719,349.5150146484375,359.55999755859375,206582
2021-10-04,353.82000732421875,359.1700134277344,344.7900085449219,351.75,131434
2021-10-05,347.3500061035156,354.99798583984375,346.489990234375,353.0,185038
2021-10-06,339.0,345.9800109863281,334.92999267578125,339.6300048828125,308689
2021-10-07,360.0,360.6400146484375,344.6600036621094,345.0,311197
2021-10-08,363.239990234375,367.8699951171875,354.1099853515625,356.6000061035156,164616
2021-10-11,363.5299987792969,366.82000732421875,356.0,359.79998779296875,185766
2021-10-12,357.9200134277344,369.0799865722656,356.9200134277344,369.0799865722656,129190
2021-10-13,356.4100036621094,359.0,353.45001220703125,355.3500061035156,105425
2021-10-14,355.4599914550781,358.95001220703125,348.9700012207031,356.3999938964844,124029
2021-10-15,358.42999267578125,359.1600036621094,351.04998779296875,358.54998779296875,126935
2021-10-18,360.80999755859375,363.3900146484375,355.04998779296875,355.7149963378906,121063
2021-10-19,376.0,379.3599853515625,360.4599914550781,360.92999267578125,183387
2021-10-20,372.6000061035156,380.67999267578125,369.1099853515625,380.0,107385
2021-10-21,375.2799987792969,379.95001220703125,368.04998779296875,370.4200134277344,74540
2021-10-22,378.8800048828125,379.94000244140625,367.8399963378906,375.2799987792969,93903
2021-10-25,387.45001220703125,387.7200012207031,374.0,380.0,96130
2021-10-26,383.6400146484375,391.48309326171875,381.2799987792969,390.0,131678
2021-10-27,367.2699890136719,380.1700134277344,367.2699890136719,375.6600036621094,126139
2021-10-28,364.5799865722656,367.7099914550781,356.57000732421875,365.260009765625,132885
2021-10-29,357.7200012207031,365.45001220703125,354.4599914550781,361.75,145220
2021-11-01,357.4599914550781,358.0849914550781,348.9599914550781,353.42999267578125,117843
2021-11-02,358.3299865722656,361.1099853515625,353.0400085449219,355.3800048828125,150611
2021-11-03,373.7200012207031,377.2699890136719,352.9100036621094,358.29998779296875,146902
2021-11-04,368.8900146484375,382.4800109863281,364.5899963378906,375.5899963378906,172610
2021-11-05,364.989990234375,370.2850036621094,350.010009765625,350.010009765625,166137
2021-11-08,349.8399963378906,363.0,342.260009765625,360.0299987792969,295415
2021-11-09,369.6499938964844,376.45001220703125,358.0,360.0,247256
2021-11-10,368.0,386.7200012207031,366.57000732421875,378.1293029785156,259428
2021-11-11,368.6099853515625,370.3399963378906,362.6700134277344,365.0,143515
2021-11-12,378.67999267578125,383.25,369.95001220703125,372.0299987792969,117464
2021-11-15,382.3699951171875,383.9750061035156,370.9700012207031,375.57000732421875,136926
2021-11-16,389.3399963378906,392.29998779296875,379.7099914550781,392.29998779296875,195582
2021-11-17,380.1300048828125,392.0,374.5799865722656,389.3399963378906,184737
2021-11-18,368.989990234375,380.89990234375,366.6300048828125,373.6199951171875,82194
2021-11-19,364.5400085449219,369.92999267578125,362.614990234375,366.8699951171875,105703
2021-11-22,354.6099853515625,364.54998779296875,352.5299987792969,364.54998779296875,98453
2021-11-23,347.95001220703125,353.6400146484375,341.6449890136719,351.010009765625,139007
2021-11-24,351.510009765625,352.7900085449219,343.17999267578125,347.9599914550781,110652
2021-11-26,347.69000244140625,353.989990234375,340.0,350.1499938964844,125284
2021-11-29,343.20001220703125,350.3999938964844,341.0199890136719,349.0,214498
2021-11-30,347.5299987792969,351.8500061035156,335.1199951171875,343.0,360023
2021-12-01,351.9800109863281,368.5,351.2699890136719,355.2099914550781,205168
2021-12-02,345.8699951171875,365.1600036621094,343.20001220703125,354.3399963378906,237180
2021-12-03,314.1400146484375,350.95001220703125,311.0199890136719,349.5799865722656,435053
2021-12-06,299.2099914550781,313.94500732421875,284.010009765625,303.010009765625,563110
2021-12-07,317.25,322.7300109863281,307.010009765625,309.30999755859375,367234
2021-12-08,315.0299987792969,319.1700134277344,306.20001220703125,315.0,145279
2021-12-09,305.6000061035156,325.45001220703125,305.4700012207031,320.0,191873
2021-12-10,298.42999267578125,309.05999755859375,295.05010986328125,305.6499938964844,169024
2021-12-13,282.95001220703125,296.010009765625,282.239990234375,296.010009765625,242561
2021-12-14,278.42999267578125,287.0400085449219,273.260009765625,283.2900085449219,414623
2021-12-15,248.55999755859375,256.2099914550781,222.2100067138672,252.49000549316406,1795010
2021-12-16,273.0400085449219,286.05999755859375,264.010009765625,265.0,963448
2021-12-17,273.7099914550781,275.989990234375,261.0,262.0400085449219,601782
2021-12-20,273.79998779296875,286.0,270.17999267578125,285.67999267578125,464372
2021-12-21,275.260009765625,277.0450134277344,267.3999938964844,276.0,223447
2021-12-22,273.8900146484375,279.9599914550781,269.8699951171875,269.8699951171875,289723
2021-12-23,268.6300048828125,271.135009765625,262.7300109863281,269.4100036621094,188830
2021-12-27,265.0899963378906,268.7900085449219,261.1400146484375,268.6300048828125,265387
2021-12-28,270.6600036621094,275.9700012207031,264.17999267578125,265.1000061035156,221032
2021-12-29,260.8599853515625,271.0,258.82501220703125,270.0,166319
2021-12-30,273.4100036621094,279.9599914550781,256.29998779296875,256.6700134277344,206571
2021-12-31,270.92999267578125,278.989990234375,264.5849914550781,276.989990234375,375041
2022-01-03,269.55999755859375,275.7200012207031,260.42999267578125,267.0,168981
2022-01-04,246.22000122070312,257.3999938964844,245.05999755859375,256.5,358641
2022-01-05,221.5800018310547,246.85000610351562,220.39999389648438,238.17999267578125,412047
2022-01-06,225.33999633789062,229.27000427246094,220.0399932861328,220.5800018310547,341195
2022-01-07,229.52000427246094,238.63999938964844,226.8699951171875,228.6999969482422,260287
2022-01-10,239.16000366210938,239.22999572753906,226.60000610351562,230.17999267578125,156341
2022-01-11,241.63999938964844,249.75,230.91000366210938,237.5399932861328,301287
2022-01-12,249.69000244140625,256.2900085449219,244.75999450683594,252.30999755859375,277640
2022-01-13,236.17999267578125,250.5399932861328,232.89999389648438,250.3300018310547,163568
2022-01-14,238.63999938964844,240.32000732421875,230.14999389648438,240.22999572753906,213326
2022-01-18,239.6300048828125,246.27999877929688,231.32000732421875,233.22000122070312,284831
2022-01-19,236.85000610351562,248.05999755859375,236.0399932861328,240.3000030517578,144154
2022-01-20,251.3699951171875,254.93499755859375,243.86000061035156,247.97999572753906,358602
2022-01-21,251.4499969482422,254.22799682617188,243.8800048828125,247.0,310076
2022-01-24,248.85000610351562,250.0,238.5399932861328,244.02000427246094,288900
2022-01-25,233.47000122070312,246.97000122070312,227.33999633789062,243.6699981689453,281535
2022-01-26,224.50999450683594,234.5,221.88600158691406,229.5,131499
2022-01-27,202.89999389648438,224.50999450683594,200.75,222.1999969482422,314704
2022-01-28,212.92999267578125,212.94000244140625,194.5,202.05999755859375,428594
2022-01-31,242.5800018310547,247.39999389648438,220.4600067138672,220.4600067138672,350043
2022-02-01,254.44000244140625,257.30999755859375,238.69000244140625,238.69000244140625,294740
2022-02-02,245.60000610351562,256.5799865722656,242.27999877929688,256.2900085449219,205296
2022-02-03,223.5,242.0,222.9600067138672,242.0,236558
2022-02-04,223.75999450683594,230.10000610351562,220.49000549316406,223.4199981689453,153872
2022-02-07,218.83999633789062,232.41000366210938,218.05999755859375,228.25999450683594,230001
2022-02-08,211.19000244140625,221.25,205.97999572753906,221.08999633789062,282285
2022-02-09,221.25,225.8000030517578,210.86000061035156,212.32000732421875,257568
2022-02-10,219.86000061035156,230.0,216.08999633789062,222.11000061035156,203292
2022-02-11,202.25999450683594,217.25,198.0,215.25999450683594,289260
2022-02-14,205.3000030517578,208.5050048828125,198.88999938964844,200.02999877929688,161396
2022-02-15,219.88999938964844,226.8800048828125,213.97999572753906,213.97999572753906,187782
2022-02-16,220.1999969482422,221.0399932861328,212.88999938964844,220.0,189273
2022-02-17,205.19000244140625,217.39999389648438,201.63999938964844,216.50999450683594,171093
2022-02-18,213.0,214.6999969482422,201.00999450683594,202.88999938964844,187400
2022-02-22,207.8800048828125,212.97999572753906,202.3300018310547,204.13999938964844,193785
2022-02-23,203.3000030517578,221.80999755859375,199.25010681152344,215.99000549316406,253787
2022-02-24,215.83999633789062,217.13999938964844,198.27999877929688,200.9499969482422,301698
2022-02-25,214.11000061035156,218.99000549316406,200.9499969482422,216.0,220364
2022-02-28,210.52000427246094,215.3800048828125,201.13999938964844,205.63999938964844,354942
2022-03-01,216.2100067138672,220.83999633789062,207.97999572753906,214.11000061035156,170448
2022-03-02,214.1999969482422,216.8800048828125,208.02000427246094,215.9600067138672,157285
2022-03-03,185.19000244140625,213.5,183.66000366210938,213.5,762401
2022-03-04,176.3699951171875,183.0800018310547,172.50799560546875,181.0,428712
2022-03-07,179.72999572753906,181.85000610351562,170.50999450683594,176.72999572753906,241577
2022-03-08,184.72000122070312,190.74000549316406,174.9199981689453,181.0399932861328,337763
2022-03-09,195.47000122070312,197.1199951171875,186.72999572753906,186.72999572753906,265643
2022-03-10,184.0,189.6300048828125,162.97999572753906,178.8000030517578,1090142
2022-03-11,161.52999877929688,187.2550048828125,158.35000610351562,185.9499969482422,650165
2022-03-14,146.72999572753906,150.9600067138672,136.52999877929688,150.0,847706
2022-03-15,146.52000427246094,154.2899932861328,136.08999633789062,145.0800018310547,999937
2022-03-16,183.3300018310547,195.9499969482422,174.02000427246094,175.82000732421875,1163040
2022-03-17,189.0399932861328,189.49000549316406,171.02999877929688,171.0500030517578,452464
2022-03-18,192.97000122070312,202.13999938964844,188.0,188.36000061035156,733358
2022-03-21,179.6199951171875,188.91879272460938,177.13499450683594,188.13999938964844,416322
2022-03-22,186.3300018310547,189.1199951171875,179.08999633789062,189.1199951171875,525117
2022-03-23,187.3000030517578,194.52999877929688,181.39999389648438,186.1999969482422,256344
2022-03-24,202.4199981689453,204.59500122070312,191.55999755859375,194.25999450683594,317465
2022-03-25,192.6199951171875,199.00999450683594,187.17999267578125,192.63999938964844,360167
2022-03-28,196.4199981689453,197.63999938964844,182.27999877929688,186.4600067138672,395485
2022-03-29,207.5399932861328,212.86000061035156,201.53500366210938,203.0,251954
2022-03-30,206.0,212.19000244140625,201.6300048828125,206.52000427246094,374974
2022-03-31,188.60000610351562,205.1300048828125,188.2899932861328,205.1300048828125,274401
2022-04-01,197.10000610351562,204.58999633789062,195.66000366210938,200.0,303273
2022-04-04,216.0500030517578,216.3800048828125,201.44000244140625,208.0,295746
2022-04-05,211.38999938964844,216.1300048828125,206.30999755859375,212.61000061035156,335909
2022-04-06,212.19000244140625,215.86000061035156,204.64999389648438,204.64999389648438,266836
2022-04-07,213.58999633789062,216.14999389648438,208.86000061035156,209.86000061035156,323483
2022-04-08,196.57000732421875,213.85000610351562,195.3300018310547,208.8800048828125,284691
2022-04-11,184.41000366210938,191.82000732421875,183.0,191.52999877929688,235585
2022-04-12,182.4199981689453,191.9499969482422,179.0399932861328,190.77999877929688,176151
2022-04-13,187.66000366210938,188.9499969482422,181.77000427246094,185.82000732421875,121543
2022-04-14,182.36000061035156,188.5,181.9499969482422,186.33999633789062,106017
2022-04-18,172.13999938964844,179.11000061035156,171.24000549316406,178.89999389648438,198205
2022-04-19,176.9600067138672,179.97999572753906,169.3000030517578,174.32000732421875,129608
2022-04-20,172.00999450683594,178.97999572753906,170.1300048828125,175.25999450683594,101803
2022-04-21,164.72000122070312,172.02000427246094,161.74000549316406,172.02000427246094,187506
2022-04-22,163.77999877929688,169.58999633789062,163.58999633789062,168.5399932861328,119164
2022-04-25,162.8000030517578,164.8300018310547,158.5800018310547,161.0,180129
2022-04-26,152.57000732421875,163.35000610351562,151.6699981689453,162.97000122070312,229067
2022-04-27,157.8000030517578,164.91000366210938,154.33999633789062,155.07000732421875,164013
2022-04-28,158.4499969482422,165.24000549316406,150.5,165.24000549316406,180248
2022-04-29,160.0,178.7899932861328,158.53500366210938,170.94000244140625,212042
2022-05-02,166.52999877929688,168.36000061035156,155.89999389648438,156.6199951171875,149679
2022-05-03,163.52999877929688,167.86000061035156,161.09500122070312,167.6699981689453,118652
2022-05-04,163.0,165.80999755859375,150.80999755859375,161.1199951171875,169301
2022-05-05,159.47999572753906,175.43600463867188,158.00999450683594,162.88999938964844,545333
2022-05-06,147.2899932861328,158.0800018310547,145.8699951171875,158.0800018310547,226655
2022-05-09,134.22000122070312,145.9398956298828,131.02999877929688,140.4199981689453,306988
2022-05-10,143.67999267578125,156.6649932861328,142.02999877929688,148.86000061035156,298377
2022-05-11,121.11000061035156,130.0,120.30000305175781,128.0,1133438
2022-05-12,131.47999572753906,131.94000244140625,120.0,121.41999816894531,411424
2022-05-13,132.8699951171875,137.47999572753906,130.67999267578125,135.97999572753906,424882
2022-05-16,129.17999267578125,135.94000244140625,127.33000183105469,130.25999450683594,228845
2022-05-17,138.5800018310547,139.99000549316406,132.91000366210938,136.22999572753906,191194
2022-05-18,131.08999633789062,138.36000061035156,128.5500030517578,136.57000732421875,286151
2022-05-19,131.6699981689453,136.5399932861328,130.0800018310547,132.0,361490
2022-05-20,137.32000732421875,139.4499969482422,129.3000030517578,139.0,259743
2022-05-23,135.1699981689453,138.67999267578125,132.19500732421875,137.5,151195
2022-05-24,122.98999786376953,132.0,118.18000030517578,129.0399932861328,300024
2022-05-25,127.41000366210938,128.49000549316406,120.94000244140625,126.73999786376953,222301
2022-05-26,131.25999450683594,132.10000610351562,127.68000030517578,127.68000030517578,165105
2022-05-27,133.9600067138672,133.9600067138672,125.0000991821289,130.30999755859375,191569
2022-05-31,137.22000122070312,144.3300018310547,135.1699981689453,139.52999877929688,523412
2022-06-01,139.02000427246094,142.77999877929688,136.64999389648438,137.57000732421875,231108
2022-06-02,138.80999755859375,143.1699981689453,137.35000610351562,139.02000427246094,238781
2022-06-03,141.91000366210938,143.35000610351562,134.52000427246094,136.9199981689453,158580
2022-06-06,138.42999267578125,146.06260681152344,136.1999969482422,145.41000366210938,280373
2022-06-07,154.57000732421875,155.60000610351562,140.38999938964844,141.0,323666
2022-06-08,162.0500030517578,169.4600067138672,158.14500427246094,159.9600067138672,365362
2022-06-09,150.63999938964844,164.91000366210938,148.9149932861328,155.72000122070312,228018
2022-06-10,147.47000122070312,161.55999755859375,145.139404296875,157.77000427246094,327376
2022-06-13,130.3000030517578,143.97000122070312,127.51000213623047,143.39999389648438,324426
2022-06-14,132.00999450683594,133.8000030517578,129.00999450683594,132.02000427246094,210267
2022-06-15,136.74000549316406,139.05999755859375,132.47999572753906,133.6699981689453,255718
2022-06-16,133.77999877929688,135.7949981689453,128.99000549316406,130.47999572753906,210820
2022-06-17,132.13999938964844,141.28970336914062,131.75,138.27000427246094,622332
2022-06-21,152.6699981689453,152.97999572753906,139.8800048828125,149.25999450683594,836087
2022-06-22,155.67999267578125,159.72000122070312,148.0,148.0,288109
2022-06-23,156.1999969482422,159.25,152.7550048828125,155.67999267578125,202797
2022-06-24,177.99000549316406,181.8300018310547,166.35000610351562,169.52999877929688,534361
2022-06-27,171.27000427246094,180.10000610351562,167.4199981689453,178.1199951171875,255502
2022-06-28,165.02999877929688,171.30999755859375,160.0399932861328,167.8000030517578,274593
2022-06-29,162.2899932861328,167.88999938964844,159.97000122070312,162.00999450683594,371891
2022-06-30,161.85000610351562,162.60000610351562,154.8000030517578,158.94000244140625,296269
2022-07-01,166.9499969482422,169.0399932861328,158.47999572753906,159.82000732421875,225093
2022-07-05,194.47999572753906,196.39999389648438,171.0,173.57000732421875,475901
2022-07-06,181.0500030517578,194.0,168.05999755859375,189.77999877929688,467025
2022-07-07,191.41000366210938,193.52999877929688,181.25999450683594,181.27000427246094,230835
2022-07-08,188.74000549316406,190.0,183.50999450683594,185.38999938964844,400369
2022-07-11,177.02000427246094,182.39999389648438,173.61000061035156,180.57000732421875,250978
2022-07-12,178.66000366210938,183.0399932861328,170.0500030517578,176.0,199098
2022-07-13,169.74000549316406,174.24000549316406,160.4600067138672,172.33999633789062,348997
2022-07-14,175.92999267578125,179.9949951171875,170.86349487304688,179.3800048828125,236421
2022-07-15,177.14999389648438,179.22000122070312,171.41000366210938,176.47999572753906,188250
2022-07-18,172.74000549316406,181.92999267578125,172.0,177.85000610351562,257737
2022-07-19,178.36000061035156,180.44000244140625,168.82000732421875,172.0,288855
2022-07-20,186.0,188.60000610351562,175.7156982421875,179.0,210003
2022-07-21,188.52999877929688,189.35000610351562,183.60000610351562,186.0,202389
2022-07-22,180.57000732421875,187.75,179.10000610351562,184.08999633789062,237691
2022-07-25,182.58999633789062,185.6999969482422,179.64669799804688,182.5500030517578,141800
2022-07-26,177.3000030517578,180.9600067138672,175.0,180.0,307092
2022-07-27,177.61000061035156,180.51499938964844,174.0500030517578,176.1199951171875,189517
2022-07-28,174.8699951171875,178.47999572753906,170.3300018310547,178.47999572753906,242398
2022-07-29,168.0800018310547,172.74000549316406,167.17999267578125,170.52000427246094,309613
2022-08-01,162.49000549316406,168.60000610351562,161.0800018310547,163.33999633789062,239361
2022-08-02,165.85000610351562,171.08999633789062,162.0,162.0,189467
2022-08-03,169.72000122070312,173.86000061035156,164.58999633789062,164.58999633789062,300752
2022-08-04,191.0800018310547,193.8699951171875,172.52999877929688,178.0,285063
2022-08-05,194.47000122070312,199.16000366210938,183.82000732421875,185.8800048828125,225669
2022-08-08,202.24000549316406,205.83290100097656,197.33999633789062,199.10000610351562,317220
2022-08-09,197.6199951171875,204.0,192.97999572753906,204.0,112140
2022-08-10,191.3800048828125,194.99000549316406,187.24000549316406,189.44000244140625,190027
2022-08-11,196.63999938964844,207.27000427246094,194.25,197.89999389648438,165981
2022-08-12,193.97000122070312,199.60000610351562,192.00999450683594,197.9499969482422,163745
2022-08-15,197.16000366210938,198.57000732421875,190.8300018310547,192.97999572753906,123900
2022-08-16,188.25,197.6199951171875,187.0,195.08999633789062,203010
2022-08-17,179.82000732421875,188.83999633789062,177.52000427246094,185.0,302249
2022-08-18,177.8300018310547,186.38999938964844,175.8000030517578,179.72000122070312,182714
2022-08-19,174.83999633789062,175.99000549316406,171.75,175.49000549316406,100807
2022-08-22,172.99000549316406,177.8300018310547,172.02999877929688,176.85000610351562,127898
2022-08-23,173.02000427246094,175.25,171.1699981689453,172.00999450683594,197756
2022-08-24,176.2100067138672,180.07000732421875,170.50999450683594,170.50999450683594,92398
2022-08-25,175.9499969482422,181.27999877929688,173.24000549316406,181.27999877929688,213050
2022-08-26,181.08999633789062,189.99000549316406,181.08999633789062,183.63999938964844,210332
2022-08-29,167.3000030517578,178.83999633789062,166.85000610351562,178.55999755859375,170627
2022-08-30,165.52999877929688,169.19000244140625,163.98500061035156,168.57000732421875,141424
2022-08-31,171.66000366210938,174.3800048828125,168.02099609375,170.99000549316406,192256
2022-09-01,171.10000610351562,171.5,165.14999389648438,168.77000427246094,140843
2022-09-02,166.8800048828125,169.61000061035156,165.9250030517578,168.00999450683594,166073
2022-09-06,163.4499969482422,168.39999389648438,160.6750030517578,164.6300048828125,328176
2022-09-07,164.24000549316406,165.6649932861328,161.64999389648438,163.4499969482422,203940
2022-09-08,167.2100067138672,167.2100067138672,163.10000610351562,163.10000610351562,135176
2022-09-09,170.7100067138672,173.86000061035156,168.485595703125,170.74000549316406,155703
2022-09-12,173.75,173.8350067138672,167.47000122070312,167.5,166613
2022-09-13,162.8699951171875,166.75999450683594,162.8000030517578,166.0,381148
2022-09-14,154.25,161.02999877929688,152.52999877929688,160.97999572753906,268242
2022-09-15,160.6300048828125,161.2899932861328,153.52999877929688,153.52999877929688,165564
2022-09-16,157.08999633789062,159.5800018310547,154.0,158.42999267578125,293422
2022-09-19,154.82000732421875,155.72999572753906,153.02000427246094,153.8800048828125,213657
2022-09-20,153.74000549316406,155.0800018310547,152.5,153.5,208957
2022-09-21,148.85000610351562,154.0,147.5,153.39999389648438,241060
2022-09-22,144.02999877929688,148.125,142.52000427246094,147.47000122070312,251608
2022-09-23,138.63999938964844,142.1999969482422,136.84500122070312,141.5,242457
2022-09-26,131.8000030517578,138.63999938964844,131.42999267578125,138.63999938964844,317991
2022-09-27,138.55999755859375,145.7100067138672,136.11500549316406,140.5800018310547,312247
2022-09-28,142.42999267578125,144.0399932861328,136.9499969482422,136.9499969482422,185843
2022-09-29,136.27999877929688,138.22000122070312,132.72999572753906,137.7899932861328,137626
2022-09-30,134.82000732421875,137.77999877929688,133.30999755859375,134.27000427246094,257250
2022-10-03,137.13999938964844,139.24000549316406,131.5449981689453,133.22000122070312,213651
2022-10-04,144.94000244140625,146.11000061035156,139.18499755859375,140.22999572753906,150478
2022-10-05,144.27000427246094,144.8000030517578,138.00999450683594,144.69000244140625,80212
2022-10-06,140.33999633789062,143.80999755859375,139.05999755859375,142.4199981689453,57810
2022-10-07,134.8699951171875,137.6533966064453,133.2899932861328,137.1300048828125,168785
2022-10-10,130.89999389648438,134.0,130.3800048828125,134.0,409685
2022-10-11,125.51000213623047,130.38999938964844,124.45999908447266,128.67999267578125,288614
2022-10-12,151.3000030517578,155.74000549316406,126.2699966430664,128.99000549316406,858162
2022-10-13,151.88999938964844,153.77999877929688,138.63999938964844,148.5399932861328,523922
2022-10-14,155.83999633789062,169.10000610351562,155.80999755859375,158.0,408929
2022-10-17,166.8300018310547,173.75999450683594,161.13999938964844,163.49000549316406,305764
2022-10-18,167.10000610351562,179.99000549316406,165.61000061035156,177.3699951171875,235367
2022-10-19,154.8800048828125,167.0800018310547,153.86000061035156,165.0,233956
2022-10-20,160.3800048828125,162.25,157.60000610351562,160.57000732421875,218329
2022-10-21,169.3699951171875,170.0500030517578,161.11000061035156,162.32000732421875,159252
2022-10-24,155.82000732421875,162.00250244140625,142.02000427246094,155.00999450683594,684818
2022-10-25,160.8800048828125,163.23500061035156,153.10499572753906,154.72999572753906,209140
2022-10-26,170.9600067138672,173.7550048828125,165.99000549316406,165.99000549316406,224258
2022-10-27,166.99000549316406,170.24000549316406,160.49000549316406,165.33999633789062,201986
2022-10-28,166.1199951171875,167.27000427246094,157.69000244140625,159.07000732421875,155393
2022-10-31,168.88999938964844,171.27999877929688,163.63999938964844,166.27999877929688,200470
2022-11-01,169.42999267578125,176.94000244140625,168.1750030517578,175.86000061035156,203536
2022-11-02,178.42999267578125,183.4499969482422,171.0,177.99000549316406,306593
2022-11-03,185.11000061035156,185.66000366210938,174.50999450683594,179.25999450683594,176313
2022-11-04,185.42999267578125,189.38999938964844,180.0,188.0,229789
2022-11-07,192.77999877929688,199.60000610351562,187.41000366210938,187.41000366210938,266643
2022-11-08,189.1300048828125,190.5,183.27000427246094,190.4600067138672,205302
2022-11-09,176.22999572753906,190.0,174.85000610351562,184.2100067138672,258298
2022-11-10,188.8000030517578,195.97000122070312,183.33999633789062,186.11000061035156,185309
2022-11-11,197.9499969482422,200.9600067138672,190.64999389648438,195.0,269094
2022-11-14,202.97999572753906,207.5399932861328,200.1199951171875,203.99000549316406,207414
2022-11-15,207.7100067138672,210.50999450683594,203.1699981689453,210.0,280237
2022-11-16,205.77000427246094,208.94000244140625,204.6300048828125,207.7899932861328,171303
2022-11-17,200.57000732421875,205.9499969482422,198.85000610351562,201.1699981689453,248086
2022-11-18,203.1300048828125,204.10000610351562,196.50999450683594,198.02000427246094,115293
2022-11-21,194.64999389648438,202.64500427246094,193.5800018310547,198.52000427246094,142326
2022-11-22,176.5399932861328,192.4550018310547,175.61000061035156,191.17999267578125,278211
2022-11-23,181.7899932861328,183.0,175.5,177.72000122070312,222771
2022-11-25,174.97000122070312,179.0,171.92999267578125,177.0800018310547,136701
2022-11-28,179.2899932861328,183.05999755859375,176.5500030517578,178.8000030517578,222137
2022-11-29,179.86000061035156,184.4199981689453,176.32400512695312,184.1199951171875,181795
2022-11-30,191.61000061035156,202.89999389648438,187.9499969482422,192.10000610351562,1231241
2022-12-01,194.57000732421875,197.83999633789062,188.32000732421875,190.47000122070312,284751
2022-12-02,201.86000061035156,207.17999267578125,193.16000366210938,193.16000366210938,325081
2022-12-05,188.7100067138672,206.82000732421875,183.83999633789062,205.7899932861328,318277
2022-12-06,187.5800018310547,191.61500549316406,179.22000122070312,186.22999572753906,238098
2022-12-07,193.3800048828125,194.5800018310547,180.8800048828125,182.63999938964844,480026
2022-12-08,200.77999877929688,204.86000061035156,197.5500030517578,200.16000366210938,252534
2022-12-09,197.0,207.86000061035156,196.9250030517578,204.08999633789062,312773
2022-12-12,204.3000030517578,205.4149932861328,198.22000122070312,202.75999450683594,246699
2022-12-13,208.07000732421875,212.99000549316406,201.77999877929688,210.0,254112
2022-12-14,209.24000549316406,213.58999633789062,204.02999877929688,204.02999877929688,201177
2022-12-15,207.9199981689453,210.92999267578125,205.4499969482422,207.61000061035156,167179
2022-12-16,205.0,207.8249969482422,200.85000610351562,204.8300018310547,245816
2022-12-19,201.08999633789062,202.97999572753906,194.3300018310547,201.0,208316
2022-12-20,208.64999389648438,210.75999450683594,196.9199981689453,197.1199951171875,592632
2022-12-21,216.24000549316406,216.24000549316406,204.72000122070312,208.08999633789062,199446
2022-12-22,229.3000030517578,229.44000244140625,213.53500366210938,215.8800048828125,493722
2022-12-23,226.07000732421875,232.61500549316406,219.52999877929688,230.0,428692
2022-12-27,223.5500030517578,225.09500122070312,220.47999572753906,221.42999267578125,146842
2022-12-28,219.36000061035156,225.9600067138672,215.9600067138672,223.8000030517578,135670
2022-12-29,223.80999755859375,226.1750030517578,218.52499389648438,221.7100067138672,172582
2022-12-30,219.94000244140625,227.22999572753906,217.99000549316406,219.30999755859375,148372
2023-01-03,226.6300048828125,231.83999633789062,221.3300018310547,230.25999450683594,191776
2023-01-04,242.89999389648438,243.07000732421875,233.42999267578125,236.19000244140625,282675
2023-01-05,243.30999755859375,246.3800048828125,238.86000061035156,238.86000061035156,161577
2023-01-06,245.22000122070312,246.71640014648438,239.00999450683594,242.0,219992
2023-01-09,245.9499969482422,250.6199951171875,245.1199951171875,249.0,345656
2023-01-10,250.0800018310547,251.4600067138672,246.4600067138672,249.02000427246094,178156
2023-01-11,254.3699951171875,256.989990234375,248.88999938964844,256.989990234375,255273
2023-01-12,263.2300109863281,263.9700012207031,249.82000732421875,257.0,221802
2023-01-13,270.6600036621094,279.1199951171875,267.45001220703125,269.0,412917
2023-01-17,267.67999267578125,272.010009765625,265.2799987792969,270.0,358677
2023-01-18,265.0,272.1600036621094,259.75,272.1600036621094,364356
2023-01-19,274.5,275.9800109863281,268.7200012207031,271.8299865722656,385252
2023-01-20,266.4200134277344,280.6199035644531,263.4599914550781,280.0,272198
2023-01-23,269.0,269.8900146484375,263.45001220703125,263.94000244140625,173559
2023-01-24,266.75,273.6400146484375,266.0010070800781,266.010009765625,202948
2023-01-25,263.5,267.3900146484375,259.54998779296875,267.3900146484375,316000
2023-01-26,261.6300048828125,264.7449951171875,258.8009948730469,264.07000732421875,323643
2023-01-27,259.79998779296875,264.8699951171875,258.0849914550781,262.989990234375,231874
2023-01-30,256.1499938964844,260.0,253.52000427246094,253.52000427246094,242762
2023-01-31,256.0,257.20001220703125,252.4199981689453,254.25,174849
2023-02-01,254.27999877929688,260.0,248.52000427246094,258.7300109863281,346647
2023-02-02,255.0500030517578,257.7699890136719,250.77999877929688,256.70001220703125,276078
2023-02-03,256.8999938964844,257.7200012207031,251.94000244140625,252.77000427246094,346549
2023-02-06,245.17999267578125,249.97999572753906,242.52099609375,248.7100067138672,273956
2023-02-07,249.1199951171875,252.02999877929688,245.67999267578125,250.44000244140625,166889
2023-02-08,249.9600067138672,252.5,248.0,251.72000122070312,359453
2023-02-09,248.85000610351562,252.83999633789062,246.39500427246094,250.3000030517578,177333
2023-02-10,244.47999572753906,246.7899932861328,241.49000549316406,243.94000244140625,148266
2023-02-13,245.08999633789062,250.6999969482422,244.67539978027344,247.41000366210938,269471
2023-02-14,241.47000122070312,244.64999389648438,238.11000061035156,242.52000427246094,138504
2023-02-15,238.75,238.75999450683594,234.19000244140625,235.27000427246094,256924
2023-02-16,235.36000061035156,238.39999389648438,233.6300048828125,234.0,121853
2023-02-17,232.05999755859375,234.5225067138672,230.30999755859375,231.42999267578125,123865
2023-02-21,229.00999450683594,231.97000122070312,226.02000427246094,229.0,170728
2023-02-22,227.08999633789062,230.85000610351562,226.3249969482422,228.69000244140625,194282
2023-02-23,223.25999450683594,228.2100067138672,220.27999877929688,227.77999877929688,173109
2023-02-24,215.58999633789062,224.50999450683594,214.38999938964844,223.25999450683594,252086
2023-02-27,216.02999877929688,220.2550048828125,208.8509979248047,209.50999450683594,224776
2023-02-28,224.6300048828125,226.77999877929688,218.0399932861328,219.17999267578125,314908
2023-03-01,235.8800048828125,240.9499969482422,229.38999938964844,233.8000030517578,351776
2023-03-02,240.31500244140625,241.19000244140625,230.5449981689453,233.0,184679
2023-03-03,241.3300018310547,243.3300018310547,235.07000732421875,237.9499969482422,170655
2023-03-06,238.63999938964844,241.1999969482422,236.67999267578125,241.1999969482422,170954
2023-03-07,231.50999450683594,239.69000244140625,231.39999389648438,237.2899932861328,135761
2023-03-08,227.69000244140625,228.61000061035156,222.67999267578125,226.7899932861328,258249
2023-03-09,217.99000549316406,224.97999572753906,217.63999938964844,222.64999389648438,143648
2023-03-10,216.24000549316406,221.7100067138672,213.72999572753906,220.0,200195
2023-03-13,222.22999572753906,226.4600067138672,214.00999450683594,216.0,196193
2023-03-14,231.32000732421875,238.97000122070312,230.32000732421875,237.0,357971
2023-03-15,235.9499969482422,241.0,232.55999755859375,240.22999572753906,520937
2023-03-16,224.77000427246094,229.5800018310547,216.02000427246094,229.5800018310547,304048
2023-03-17,223.32000732421875,225.1490020751953,220.0,224.0,300512
2023-03-20,223.0500030517578,223.19000244140625,215.86000061035156,220.3000030517578,179515
2023-03-21,225.85000610351562,226.74000549316406,221.9199981689453,225.86000061035156,109620
2023-03-22,215.64999389648438,222.14999389648438,215.64999389648438,222.14999389648438,88986
2023-03-23,219.02000427246094,224.0449981689453,217.50999450683594,221.24000549316406,65555
2023-03-24,219.7100067138672,220.00999450683594,216.77999877929688,219.42999267578125,160885
2023-03-27,224.77999877929688,224.7899932861328,219.0,219.3300018310547,181107
2023-03-28,219.9600067138672,226.1199951171875,218.89999389648438,221.9600067138672,177353
2023-03-29,221.75,223.75999450683594,220.6999969482422,222.92999267578125,147525
2023-03-30,218.1999969482422,223.14999389648438,215.80999755859375,221.85000610351562,171313
2023-03-31,215.52999877929688,219.72000122070312,215.07000732421875,217.0,263108
2023-04-03,212.8800048828125,218.1199951171875,210.31500244140625,215.52999877929688,252045
2023-04-04,215.0,215.92999267578125,211.89999389648438,214.41000366210938,235283
2023-04-05,212.0,215.97000122070312,210.8000030517578,213.9199981689453,102343
2023-04-06,238.4499969482422,242.44000244140625,218.25999450683594,218.49000549316406,617686
2023-04-10,235.0,240.9199981689453,233.90249633789062,234.13999938964844,176692
2023-04-11,251.9600067138672,256.1400146484375,244.0050048828125,244.99000549316406,290030
2023-04-12,254.8800048828125,258.1000061035156,250.39999389648438,254.80999755859375,162988
2023-04-13,265.739990234375,272.489990234375,262.17999267578125,263.1000061035156,252646
2023-04-14,264.0,269.25,262.1000061035156,267.6700134277344,152606
2023-04-17,264.79998779296875,268.4100036621094,263.6700134277344,265.2099914550781,180156
2023-04-18,266.7799987792969,270.57000732421875,264.8699951171875,266.989990234375,183040
2023-04-19,258.5,263.260009765625,254.47000122070312,260.3900146484375,181217
2023-04-20,258.25,258.2900085449219,254.1999969482422,255.8000030517578,167247
2023-04-21,258.45001220703125,259.010009765625,252.6199951171875,255.91000366210938,97635
2023-04-24,257.3900146484375,258.8699951171875,255.0500030517578,257.0,106676
2023-04-25,246.77999877929688,253.27999877929688,246.33999633789062,251.1199951171875,210615
2023-04-26,246.0399932861328,248.30999755859375,243.69000244140625,245.00999450683594,163841
2023-04-27,255.49000549316406,255.9600067138672,248.22000122070312,248.57000732421875,249813
2023-04-28,254.9600067138672,256.0299987792969,250.72000122070312,250.72000122070312,228609
2023-05-01,259.9800109863281,260.25,253.3000030517578,254.66000366210938,183178
2023-05-02,263.45001220703125,263.7850036621094,259.04998779296875,259.9800109863281,251165
2023-05-03,265.0,266.6650085449219,261.0400085449219,262.3599853515625,191217
2023-05-04,260.6099853515625,263.1499938964844,251.36000061035156,257.2300109863281,293970
2023-05-05,249.7899932861328,257.7200012207031,244.5,244.5,243804
2023-05-08,253.9199981689453,256.45001220703125,251.49000549316406,254.1199951171875,147058
2023-05-09,245.67999267578125,247.4949951171875,241.75999450683594,246.02000427246094,166991
2023-05-10,245.1300048828125,246.8249969482422,242.00999450683594,244.5,161431
2023-05-11,244.60000610351562,245.6300048828125,239.24000549316406,243.72999572753906,85575
2023-05-12,238.3699951171875,242.6699981689453,237.49000549316406,240.3300018310547,168879
2023-05-15,240.25,241.3300018310547,235.9499969482422,238.3800048828125,115178
2023-05-16,238.89999389648438,244.92999267578125,238.66000366210938,244.1199951171875,132096
2023-05-17,231.0,234.34500122070312,226.6300048828125,231.99000549316406,211186
2023-05-18,228.72000122070312,230.10000610351562,225.27000427246094,228.32000732421875,169409
2023-05-19,232.60000610351562,234.0,228.63999938964844,230.8000030517578,90834
2023-05-22,242.05999755859375,245.74000549316406,235.52000427246094,235.52000427246094,164964
2023-05-23,239.3300018310547,244.55499267578125,238.5399932861328,241.83999633789062,130070
2023-05-24,236.5,240.3800048828125,235.4499969482422,236.42999267578125,87738
2023-05-25,227.72999572753906,235.39999389648438,224.66000366210938,235.39999389648438,108824
2023-05-26,236.89999389648438,238.47999572753906,228.16000366210938,230.99000549316406,205484
2023-05-30,228.27000427246094,241.5,224.69500732421875,237.25999450683594,209504
2023-05-31,220.92999267578125,226.10499572753906,213.82000732421875,225.67999267578125,280015
2023-06-01,223.47999572753906,227.25,220.05499267578125,220.9199981689453,116435
2023-06-02,227.36000061035156,227.66000366210938,222.60000610351562,224.47000122070312,122392
2023-06-05,221.83999633789062,225.4499969482422,217.57000732421875,220.60000610351562,146768
2023-06-06,226.13999938964844,229.56619262695312,212.33999633789062,212.52000427246094,274371
2023-06-07,224.38999938964844,226.5800018310547,221.33999633789062,222.00999450683594,122690
2023-06-08,217.05999755859375,219.55999755859375,215.77999877929688,219.3300018310547,266711
2023-06-09,216.0399932861328,219.2899932861328,215.02999877929688,216.92999267578125,157118
2023-06-12,213.1999969482422,218.35000610351562,211.4550018310547,217.97999572753906,269224
2023-06-13,212.19000244140625,213.72999572753906,209.97999572753906,212.72999572753906,237071
2023-06-14,208.1199951171875,213.6199951171875,205.17010498046875,210.22999572753906,332432
2023-06-15,201.0399932861328,208.4949951171875,191.14500427246094,193.50999450683594,477539
2023-06-16,200.2100067138672,202.5399932861328,194.0800018310547,199.3800048828125,550019
2023-06-20,191.57000732421875,196.18499755859375,189.11000061035156,196.07000732421875,286801
2023-06-21,185.60000610351562,190.72000122070312,180.37759399414062,190.02999877929688,388463
2023-06-22,185.91000366210938,187.75999450683594,182.38609313964844,184.88999938964844,268427
2023-06-23,179.27999877929688,183.39999389648438,178.5800018310547,180.74000549316406,507401
2023-06-26,180.08999633789062,185.8000030517578,179.36000061035156,184.38999938964844,444650
2023-06-27,180.2899932861328,180.99000549316406,177.00999450683594,180.9199981689453,308307
2023-06-28,179.86000061035156,180.22000122070312,176.49000549316406,177.6199951171875,208211
2023-06-29,178.58999633789062,179.08999633789062,174.74000549316406,178.0,205606
2023-06-30,178.3000030517578,179.2449951171875,175.9499969482422,176.66000366210938,282878
2023-07-03,180.85000610351562,181.7949981689453,178.1999969482422,178.75999450683594,152191
2023-07-05,191.47999572753906,193.08999633789062,187.49000549316406,187.75999450683594,308988
2023-07-06,189.42999267578125,192.0,186.0500030517578,189.6699981689453,213261
2023-07-07,189.5500030517578,193.41000366210938,188.63999938964844,190.27999877929688,177612
2023-07-10,192.52999877929688,193.97999572753906,186.89999389648438,189.6999969482422,152121
2023-07-11,188.05999755859375,188.52999877929688,179.9600067138672,182.61000061035156,266957
2023-07-12,192.05499267578125,193.36000061035156,188.27999877929688,188.27999877929688,146183
2023-07-13,198.1699981689453,199.77000427246094,194.7646026611328,195.97000122070312,163422
2023-07-14,196.3300018310547,198.17999267578125,193.52000427246094,196.13999938964844,144848
2023-07-17,197.89999389648438,201.97999572753906,196.97000122070312,199.7899932861328,244100
2023-07-18,194.7100067138672,197.0399932861328,193.75,196.66000366210938,171175
2023-07-19,193.14999389648438,197.38670349121094,193.07000732421875,194.77999877929688,108597
2023-07-20,192.88999938964844,195.27000427246094,191.69000244140625,192.19000244140625,101742
2023-07-21,197.5,198.69000244140625,195.24000549316406,197.38999938964844,123221
2023-07-24,195.24000549316406,197.99000549316406,194.50999450683594,196.02999877929688,159844
2023-07-25,196.75,198.139892578125,193.92999267578125,195.50999450683594,106983
2023-07-26,202.66000366210938,205.85000610351562,197.1199951171875,197.8699951171875,259082
2023-07-27,209.5,212.32000732421875,203.99000549316406,204.0,521782
2023-07-28,225.1300048828125,225.22999572753906,216.00999450683594,216.30999755859375,334116
2023-07-31,214.22000122070312,220.9600067138672,213.5800018310547,219.52000427246094,566715
2023-08-01,206.5399932861328,212.38999938964844,203.9600067138672,211.24000549316406,243839
2023-08-02,189.77000427246094,216.42999267578125,186.27000427246094,210.64999389648438,562830
2023-08-03,205.82000732421875,209.63499450683594,195.67999267578125,197.5,298791
2023-08-04,202.27000427246094,208.02999877929688,199.8699951171875,206.25,198897
2023-08-07,187.52000427246094,193.85499572753906,183.8699951171875,191.22000122070312,295617
2023-08-08,191.58999633789062,194.18499755859375,188.00999450683594,188.00999450683594,194776
2023-08-09,200.5800018310547,204.33999633789062,194.60000610351562,197.42999267578125,131014
2023-08-10,197.9199981689453,202.72000122070312,195.4199981689453,200.1999969482422,127940
2023-08-11,197.67999267578125,198.9199981689453,193.2100067138672,193.2100067138672,78648
2023-08-14,204.1300048828125,206.47999572753906,199.1999969482422,200.0,124920
2023-08-15,202.72000122070312,205.63999938964844,199.97000122070312,204.2100067138672,103758
2023-08-16,192.3300018310547,199.30999755859375,190.22000122070312,198.9199981689453,223535
2023-08-17,192.27999877929688,196.35000610351562,190.6699981689453,193.72999572753906,240254
2023-08-18,193.0500030517578,193.72999572753906,188.57000732421875,188.57000732421875,115919
2023-08-21,196.1199951171875,196.6999969482422,190.9600067138672,190.9600067138672,126799
2023-08-22,194.27999877929688,197.52999877929688,191.42999267578125,195.60000610351562,596436
2023-08-23,202.8000030517578,204.66000366210938,195.33999633789062,196.69000244140625,254401
2023-08-24,198.8800048828125,203.85000610351562,193.8300018310547,203.0,262479
2023-08-25,198.41000366210938,200.0,193.0800018310547,193.0800018310547,147221
2023-08-28,202.08999633789062,205.47999572753906,200.1199951171875,200.1199951171875,155907
2023-08-29,213.58999633789062,219.63999938964844,210.16000366210938,211.07000732421875,414615
2023-08-30,211.2100067138672,214.49000549316406,201.39999389648438,201.39999389648438,253815
2023-08-31,207.5500030517578,211.6699981689453,206.61000061035156,206.6699981689453,249706
2023-09-01,208.9199981689453,213.3800048828125,207.5800018310547,208.2899932861328,129492
2023-09-05,204.83999633789062,209.0,204.14999389648438,207.42999267578125,168613
2023-09-06,201.85000610351562,203.4550018310547,198.24000549316406,203.2100067138672,102188
2023-09-07,194.25999450683594,199.0,194.25,197.02000427246094,111281
2023-09-08,192.6300048828125,194.25,191.27920532226562,192.52000427246094,94713
2023-09-11,209.24000549316406,213.8300018310547,206.10000610351562,210.0,363166
2023-09-12,206.72000122070312,211.94000244140625,205.32000732421875,210.5,137159
2023-09-13,200.07000732421875,204.8000030517578,198.1199951171875,204.3300018310547,179029
2023-09-14,198.5,203.3000030517578,198.02999877929688,199.5,209662
2023-09-15,200.32000732421875,204.39999389648438,199.33999633789062,200.5,300133
2023-09-18,208.91000366210938,210.75,204.0500030517578,205.0,272239
2023-09-19,208.86000061035156,211.39999389648438,205.01499938964844,209.25,202671
2023-09-20,192.83999633789062,202.14999389648438,189.5,201.0,322682
2023-09-21,187.77999877929688,189.17999267578125,186.18499755859375,188.7100067138672,201549
2023-09-22,190.5800018310547,193.9499969482422,189.77999877929688,192.38999938964844,166737
2023-09-25,190.3800048828125,192.11000061035156,188.69000244140625,189.6300048828125,126640
2023-09-26,185.55999755859375,190.4499969482422,185.30999755859375,187.35000610351562,132883
2023-09-27,192.17999267578125,196.0500030517578,189.61000061035156,192.88999938964844,162454
2023-09-28,184.1699981689453,189.99000549316406,183.1300048828125,187.7899932861328,169765
2023-09-29,179.8699951171875,182.91000366210938,177.72500610351562,181.3000030517578,277632
2023-10-02,178.5,181.77999877929688,177.92999267578125,180.99000549316406,138113
2023-10-03,174.24000549316406,177.13999938964844,173.2100067138672,177.0,238633
2023-10-04,169.14999389648438,172.76499938964844,167.72000122070312,172.08999633789062,198809
2023-10-05,170.6699981689453,171.0800018310547,167.3000030517578,171.0800018310547,134808
2023-10-06,173.8800048828125,175.28500366210938,171.0,173.44000244140625,190717
2023-10-09,172.7899932861328,174.88499450683594,170.44000244140625,174.61000061035156,308721
2023-10-10,176.6699981689453,178.69000244140625,173.24000549316406,173.24000549316406,136854
2023-10-11,182.1999969482422,187.75,180.22999572753906,184.22999572753906,196587
2023-10-12,176.22999572753906,187.49000549316406,174.8300018310547,187.49000549316406,353810
2023-10-13,178.7899932861328,180.02000427246094,172.85000610351562,177.0,217535
2023-10-16,173.94000244140625,177.27000427246094,172.49000549316406,173.16000366210938,274272
2023-10-17,171.5500030517578,174.14999389648438,169.1699981689453,169.1699981689453,220167
2023-10-18,167.5399932861328,168.85000610351562,166.82000732421875,168.1199951171875,151213
2023-10-19,158.6699981689453,166.5800018310547,157.75,165.19000244140625,168593
2023-10-20,165.2100067138672,165.75,156.55999755859375,156.55999755859375,398327
2023-10-23,168.72999572753906,169.8000030517578,159.55880737304688,161.8800048828125,195571
2023-10-24,172.9600067138672,176.25,168.02000427246094,168.02000427246094,107298
2023-10-25,166.47999572753906,171.5,165.16000366210938,168.1300048828125,162486
2023-10-26,165.85000610351562,168.32000732421875,164.32000732421875,166.0,68586
2023-10-27,170.4499969482422,176.99000549316406,169.85000610351562,174.67999267578125,215890
2023-10-30,186.61000061035156,190.78500366210938,184.64999389648438,187.30999755859375,356933
2023-10-31,186.27999877929688,188.14999389648438,182.4499969482422,186.8800048828125,132335
2023-11-01,181.3000030517578,186.52499389648438,178.77499389648438,184.1999969482422,178522
2023-11-02,182.0500030517578,187.11000061035156,180.2449951171875,182.2100067138672,140992
2023-11-03,183.77999877929688,187.35000610351562,183.50999450683594,185.0,427933
2023-11-06,196.13999938964844,203.58999633789062,194.85000610351562,201.86000061035156,471689
2023-11-07,197.6999969482422,198.52999877929688,193.72999572753906,193.72999572753906,179732
2023-11-08,200.2100067138672,201.99000549316406,196.53500366210938,199.0,293264
2023-11-09,189.5500030517578,194.47000122070312,187.14500427246094,192.0,178317
2023-11-10,199.11000061035156,199.38999938964844,191.77999877929688,194.52999877929688,229096
2023-11-13,198.85000610351562,199.97999572753906,193.0,194.5,130750
2023-11-14,201.5800018310547,205.39999389648438,199.2100067138672,199.3800048828125,205707
2023-11-15,196.5399932861328,201.0,194.6199951171875,200.24000549316406,327688
2023-11-16,189.1699981689453,193.8300018310547,187.02000427246094,190.22999572753906,184006
2023-11-17,186.8800048828125,189.88499450683594,184.8800048828125,189.1699981689453,306034
2023-11-20,187.8800048828125,188.64999389648438,184.4199981689453,186.88999938964844,418343
2023-11-21,184.92999267578125,187.0,183.6750030517578,185.3000030517578,128807
2023-11-22,182.7899932861328,185.22999572753906,181.5500030517578,184.72999572753906,109552
2023-11-24,184.71499633789062,186.8699951171875,181.19000244140625,184.8800048828125,183480
2023-11-27,182.9600067138672,185.10000610351562,180.94000244140625,185.10000610351562,145570
2023-11-28,184.83999633789062,185.0,181.27999877929688,181.60000610351562,104101
2023-11-29,183.1300048828125,186.0,182.76499938964844,183.0800018310547,187468
2023-11-30,186.94000244140625,189.14999389648438,183.97500610351562,186.63999938964844,186819
2023-12-01,187.49000549316406,189.22000122070312,186.11000061035156,186.94000244140625,210015
2023-12-04,181.16000366210938,185.52000427246094,178.63999938964844,184.02000427246094,208676
2023-12-05,184.14999389648438,185.0,180.3000030517578,180.47000122070312,169139
2023-12-06,181.97000122070312,184.35000610351562,180.31500244140625,184.35000610351562,183569
2023-12-07,179.36000061035156,183.10499572753906,178.03500366210938,179.6199951171875,109028
2023-12-08,175.0,178.3800048828125,174.0,177.0,238529
2023-12-11,174.5399932861328,174.86000061035156,171.22999572753906,174.0,248536
2023-12-12,179.5800018310547,180.83999633789062,174.5500030517578,174.5500030517578,209786
2023-12-13,183.3300018310547,184.86000061035156,177.19000244140625,180.02999877929688,178322
2023-12-14,187.5800018310547,188.74000549316406,184.1699981689453,184.99000549316406,287989
2023-12-15,183.07000732421875,186.47999572753906,181.91000366210938,183.39999389648438,464667
2023-12-18,182.4600067138672,184.67999267578125,180.1999969482422,182.4199981689453,248369
2023-12-19,186.1199951171875,188.2899932861328,181.38189697265625,183.49000549316406,322244
2023-12-20,175.25,185.77000427246094,174.97000122070312,182.57000732421875,219993
2023-12-21,177.08999633789062,177.19000244140625,174.0,175.0,212311
2023-12-22,176.11000061035156,179.8699951171875,174.89999389648438,174.89999389648438,191913
2023-12-26,175.69000244140625,178.80999755859375,175.5500030517578,176.74000549316406,244418
2023-12-27,178.92999267578125,180.0,176.51499938964844,178.11000061035156,448292
2023-12-28,179.47999572753906,183.99989318847656,176.99000549316406,181.0,374296
2023-12-29,180.36000061035156,184.07000732421875,177.39999389648438,182.39999389648438,532726
2024-01-02,177.0,177.08999633789062,172.5,176.0500030517578,331946
2024-01-03,181.42999267578125,182.52000427246094,172.5,174.55999755859375,304469
2024-01-04,175.6999969482422,181.83999633789062,174.08999633789062,181.8000030517578,269065
2024-01-05,165.3800048828125,170.25999450683594,165.1300048828125,167.27999877929688,363392
2024-01-08,171.5399932861328,172.02999877929688,163.5500030517578,165.97999572753906,236227
2024-01-09,181.47000122070312,182.2899932861328,171.0,171.0,276056
2024-01-10,175.0500030517578,184.52000427246094,172.02999877929688,183.0,384558
2024-01-11,175.10000610351562,176.0,171.6199951171875,173.72000122070312,154921
2024-01-12,175.2100067138672,177.44000244140625,173.00999450683594,173.49000549316406,172617
2024-01-16,173.25,175.0,171.66000366210938,174.1699981689453,295776
2024-01-17,167.8000030517578,167.8000030517578,163.85000610351562,165.00999450683594,443492
2024-01-18,165.35000610351562,168.85000610351562,164.39999389648438,168.85000610351562,302826
2024-01-19,159.77999877929688,160.5,157.97000122070312,160.5,441807
2024-01-22,156.6199951171875,158.0399932861328,153.1300048828125,157.10000610351562,360408
2024-01-23,162.27000427246094,162.5050048828125,156.86000061035156,157.5399932861328,349150
2024-01-24,160.6999969482422,166.33999633789062,160.5399932861328,164.0,251252
2024-01-25,165.0,166.14999389648438,159.5959930419922,161.3699951171875,330129
2024-01-26,161.89999389648438,163.17999267578125,157.61000061035156,157.97999572753906,555661
2024-01-29,162.0800018310547,162.9499969482422,155.22999572753906,161.6199951171875,366143
2024-01-30,155.0399932861328,158.8000030517578,153.93499755859375,158.8000030517578,384487
2024-01-31,148.22999572753906,153.19000244140625,147.8800048828125,152.8000030517578,402337
2024-02-01,149.92999267578125,152.6300048828125,149.8800048828125,152.6300048828125,291296
2024-02-02,144.47999572753906,147.2100067138672,132.9499969482422,140.41000366210938,736231
2024-02-05,141.80999755859375,146.27499389648438,139.72999572753906,145.25999450683594,425421
2024-02-06,153.5800018310547,155.47000122070312,146.50999450683594,149.8800048828125,324378
2024-02-07,147.75999450683594,150.42999267578125,146.88999938964844,148.16000366210938,277447
2024-02-08,142.8800048828125,145.88800048828125,141.5399932861328,145.0,237902
2024-02-09,146.97999572753906,147.17999267578125,143.01199340820312,144.61000061035156,147319
2024-02-12,146.57000732421875,149.72000122070312,145.8800048828125,147.64999389648438,138052
2024-02-13,141.8000030517578,146.36000061035156,141.33999633789062,144.0,190910
2024-02-14,145.8699951171875,147.63999938964844,143.5,145.85000610351562,285727
2024-02-15,146.07000732421875,149.33999633789062,145.00999450683594,146.75,184301
2024-02-16,148.22999572753906,149.5,146.2100067138672,148.89999389648438,135075
2024-02-20,148.0500030517578,150.89999389648438,147.06500244140625,149.5500030517578,138225
2024-02-21,150.8000030517578,151.85299682617188,148.61000061035156,149.02000427246094,180908
2024-02-22,153.77999877929688,155.50999450683594,151.63999938964844,152.92999267578125,194572
2024-02-23,155.10000610351562,158.47500610351562,154.3800048828125,155.22000122070312,217784
2024-02-26,160.25999450683594,162.11000061035156,154.75999450683594,159.13999938964844,579096
2024-02-27,179.69000244140625,179.8800048828125,164.0749969482422,164.9499969482422,511302
2024-02-28,178.47999572753906,179.11000061035156,173.50999450683594,173.50999450683594,602580
2024-02-29,165.64999389648438,176.0500030517578,165.5800018310547,176.0500030517578,281679
2024-03-01,165.02000427246094,168.11000061035156,161.60130310058594,163.80999755859375,190688
2024-03-04,167.86000061035156,169.03500366210938,160.58999633789062,164.25999450683594,183199
2024-03-05,160.4199981689453,164.6649932861328,159.77999877929688,163.80999755859375,164854
2024-03-06,159.52000427246094,162.02000427246094,158.7899932861328,161.27999877929688,212634
2024-03-07,162.25,163.10000610351562,158.0399932861328,158.0399932861328,138994
2024-03-08,158.52000427246094,166.07000732421875,157.38999938964844,163.8000030517578,188440
2024-03-11,164.52999877929688,167.64149475097656,158.7248992919922,161.7899932861328,126937
2024-03-12,163.75,170.0,162.26499938964844,168.6999969482422,188675
2024-03-13,176.47000122070312,184.8000030517578,175.49000549316406,180.97999572753906,551352
2024-03-14,168.89999389648438,174.7949981689453,165.39500427246094,174.13999938964844,395199
2024-03-15,170.0,171.7899932861328,166.89999389648438,171.7899932861328,350215
2024-03-18,168.5,170.77999877929688,168.3300018310547,168.3300018310547,154842
2024-03-19,168.10000610351562,171.25,165.8300018310547,168.30999755859375,145070
2024-03-20,169.6199951171875,170.35989379882812,166.66000366210938,169.44000244140625,195654
2024-03-21,163.6999969482422,167.8350067138672,162.5,167.10000610351562,192989
2024-03-22,152.02000427246094,158.10000610351562,151.85000610351562,156.47999572753906,445487
2024-03-25,153.9199981689453,155.6300048828125,151.94500732421875,153.13999938964844,122678
2024-03-26,153.80999755859375,155.99000549316406,151.49000549316406,155.9600067138672,104417
2024-03-27,155.0800018310547,155.9149932861328,153.0500030517578,153.0500030517578,76134
2024-03-28,156.38999938964844,157.3800048828125,155.08999633789062,157.0,104129
2024-04-01,159.22999572753906,159.33999633789062,152.77000427246094,156.8699951171875,126964
2024-04-02,153.25,157.32000732421875,152.69500732421875,155.50999450683594,84095
2024-04-03,151.9499969482422,154.12240600585938,150.7899932861328,153.52999877929688,56991
2024-04-04,149.57000732421875,153.27999877929688,149.3000030517578,153.25999450683594,81654
2024-04-05,150.02999877929688,151.44500732421875,148.0,149.57000732421875,90661
2024-04-08,149.75,151.52000427246094,148.5,148.83999633789062,109180
2024-04-09,154.02000427246094,155.3699951171875,150.83999633789062,153.6999969482422,115201
2024-04-10,149.75999450683594,150.97500610351562,147.97500610351562,150.33999633789062,272924
2024-04-11,146.1300048828125,148.92999267578125,145.33999633789062,147.6199951171875,243171
2024-04-12,141.3000030517578,146.80499267578125,140.0800018310547,145.0,139454
2024-04-15,138.39999389648438,142.6300048828125,137.375,140.67999267578125,228159
2024-04-16,134.0500030517578,137.7050018310547,133.7100067138672,137.27999877929688,308982
2024-04-17,131.86000061035156,134.39999389648438,131.27940368652344,134.39999389648438,200058
2024-04-18,131.9600067138672,136.0,131.39999389648438,131.39999389648438,125955
2024-04-19,129.52000427246094,130.85000610351562,126.96810150146484,130.0,296412
2024-04-22,130.94000244140625,133.08999633789062,129.9600067138672,130.5500030517578,152563
2024-04-23,138.99000549316406,142.22000122070312,134.67999267578125,135.75,203615
2024-04-24,144.1199951171875,146.22000122070312,141.77999877929688,143.4499969482422,215690
2024-04-25,148.55999755859375,152.8300018310547,146.16000366210938,148.39999389648438,409342
2024-04-26,153.5800018310547,154.47000122070312,150.7259979248047,152.11000061035156,208460
2024-04-29,156.52999877929688,157.88999938964844,153.0800018310547,155.0,185728
2024-04-30,153.94000244140625,156.63999938964844,150.2899932861328,155.0,205282
2024-05-01,156.52999877929688,157.88999938964844,154.3000030517578,154.3000030517578,176901
2024-05-02,162.00999450683594,164.60000610351562,158.80999755859375,160.99000549316406,268400
2024-05-03,162.25,162.50999450683594,159.2550048828125,162.50999450683594,195009
2024-05-06,162.47999572753906,165.0,161.94500732421875,164.50999450683594,160154
2024-05-07,160.55999755859375,164.39999389648438,158.2100067138672,162.99000549316406,111912
2024-05-08,164.44000244140625,168.4600067138672,161.3800048828125,165.49000549316406,221000
2024-05-09,168.63999938964844,169.3800048828125,165.64999389648438,166.05999755859375,255961
2024-05-10,161.1300048828125,166.3000030517578,161.0,166.3000030517578,196397
2024-05-13,162.1699981689453,164.1699981689453,160.9600067138672,160.9600067138672,108508
2024-05-14,160.77000427246094,163.72000122070312,159.89999389648438,161.75,115859
2024-05-15,164.8800048828125,165.27000427246094,159.7100067138672,162.5399932861328,133253
2024-05-16,171.02999877929688,172.3000030517578,167.55499267578125,168.22999572753906,256229
2024-05-17,172.85000610351562,176.0,169.75999450683594,171.0,275361
2024-05-20,174.32000732421875,175.66000366210938,171.80999755859375,172.8300018310547,127705
2024-05-21,167.38999938964844,171.63499450683594,167.3699951171875,167.91000366210938,91683
2024-05-22,167.9199981689453,171.8300018310547,166.86500549316406,169.25999450683594,102681
2024-05-23,156.1699981689453,164.1300048828125,155.52000427246094,162.8000030517578,153928
2024-05-24,152.7100067138672,156.35000610351562,152.02000427246094,154.3800048828125,144597
2024-05-28,153.11000061035156,154.38999938964844,151.4499969482422,152.77999877929688,119851
2024-05-29,151.27999877929688,152.1199951171875,147.02999877929688,149.36000061035156,73381
2024-05-30,154.25,155.8699951171875,151.27999877929688,151.27999877929688,208503
2024-05-31,148.85000610351562,155.05499267578125,146.94000244140625,150.0,287022
2024-06-03,146.24000549316406,150.94000244140625,144.66000366210938,148.5,271393
2024-06-04,155.08999633789062,155.3800048828125,148.02999877929688,148.99000549316406,175084
2024-06-05,159.02999877929688,159.17999267578125,156.8000030517578,157.27000427246094,101640
2024-06-06,157.60000610351562,159.91000366210938,156.5,157.80999755859375,84336
2024-06-07,156.36000061035156,159.3699951171875,156.08999633789062,157.60000610351562,79617
2024-06-10,156.07000732421875,157.84500122070312,154.5800018310547,155.13999938964844,78315
2024-06-11,158.58999633789062,158.69000244140625,151.68499755859375,155.02000427246094,151711
2024-06-12,168.11000061035156,169.1699981689453,156.5,157.75,401710
2024-06-13,166.3800048828125,168.8000030517578,163.42999267578125,167.0,314022
2024-06-14,162.5800018310547,163.99000549316406,160.63999938964844,163.8699951171875,174057
2024-06-17,159.3800048828125,165.2949981689453,158.11000061035156,165.2949981689453,97166
2024-06-18,154.6999969482422,159.47000122070312,152.7100067138672,158.38999938964844,170761
2024-06-20,155.5399932861328,156.0,152.0,153.6199951171875,129240
2024-06-21,156.11000061035156,158.57000732421875,150.8800048828125,153.4499969482422,217941
2024-06-24,159.14999389648438,162.38999938964844,155.33999633789062,156.30999755859375,139936
2024-06-25,150.99000549316406,155.9499969482422,150.92999267578125,155.9499969482422,332871
2024-06-26,146.44000244140625,150.67999267578125,146.0,150.22000122070312,233169
2024-06-27,145.5800018310547,148.0,141.30999755859375,142.27000427246094,276015
2024-06-28,142.6699981689453,145.0,141.83999633789062,144.69000244140625,318147
2024-07-01,144.88999938964844,148.94000244140625,143.39999389648438,144.3000030517578,153790
2024-07-02,143.92999267578125,145.69000244140625,142.8000030517578,143.0399932861328,243959
2024-07-03,147.97999572753906,148.35000610351562,145.27000427246094,146.74000549316406,91322
2024-07-05,147.0399932861328,149.0,145.52999877929688,149.0,88432
2024-07-08,144.35000610351562,148.99000549316406,142.0,142.11000061035156,334757
2024-07-09,144.52999877929688,146.1999969482422,143.0,144.3800048828125,637097
2024-07-10,146.0399932861328,147.89999389648438,143.29010009765625,143.7100067138672,187543
2024-07-11,150.5,152.6699981689453,147.13999938964844,148.00999450683594,250875
2024-07-12,152.1699981689453,158.99000549316406,151.9199981689453,154.69000244140625,378036
2024-07-15,147.75999450683594,151.22250366210938,146.2100067138672,150.19000244140625,287598
2024-07-16,152.9199981689453,154.97000122070312,146.8699951171875,150.5,422954
2024-07-17,153.63999938964844,156.77000427246094,150.31460571289062,151.27999877929688,304369
2024-07-18,152.02999877929688,155.00999450683594,148.80999755859375,150.74000549316406,240127
2024-07-19,154.74000549316406,155.77000427246094,152.80999755859375,153.52999877929688,119067
2024-07-22,160.92999267578125,161.24000549316406,155.3000030517578,156.1199951171875,127735
2024-07-23,157.52999877929688,158.02999877929688,153.77000427246094,155.0,263471
2024-07-24,163.55999755859375,163.92999267578125,154.42999267578125,157.0,296360
2024-07-25,163.27000427246094,164.61000061035156,158.35000610351562,160.9199981689453,257969
2024-07-26,162.5399932861328,165.5,161.6999969482422,163.82000732421875,101487
2024-07-29,160.94000244140625,161.97999572753906,159.0,159.72000122070312,120521
2024-07-30,156.97999572753906,161.50999450683594,156.7100067138672,161.50999450683594,156361
2024-07-31,166.5800018310547,168.97999572753906,162.89999389648438,163.49000549316406,291687
2024-08-01,162.2899932861328,167.75,161.4600067138672,164.85000610351562,326455
2024-08-02,163.22999572753906,164.94000244140625,155.75,160.02999877929688,177981
2024-08-05,165.66000366210938,167.9949951171875,158.83999633789062,161.00999450683594,302192
2024-08-06,171.32000732421875,175.61000061035156,166.5500030517578,167.0,285213
2024-08-07,176.72999572753906,182.27999877929688,170.36000061035156,180.0,682887
2024-08-08,183.02999877929688,185.66000366210938,176.97999572753906,178.8000030517578,607835
2024-08-09,182.75999450683594,184.64500427246094,178.92410278320312,180.49000549316406,317453
2024-08-12,190.02999877929688,190.72000122070312,183.40499877929688,185.0,453770
2024-08-13,187.1999969482422,191.5,186.03500366210938,188.1300048828125,319582
2024-08-14,186.6999969482422,190.9199981689453,185.0,185.66000366210938,307232
2024-08-15,190.88999938964844,192.47999572753906,187.4499969482422,190.0,277976
2024-08-16,194.65499877929688,197.99000549316406,194.07000732421875,194.22999572753906,376468
2024-08-19,192.5,193.3000030517578,189.97999572753906,192.74000549316406,266328
2024-08-20,194.2100067138672,195.97999572753906,192.84500122070312,194.19000244140625,281077
2024-08-21,197.97999572753906,199.0,195.6300048828125,196.0,336398
2024-08-22,195.6300048828125,199.0,195.36000061035156,199.0,254755
2024-08-23,193.82000732421875,196.32000732421875,191.11000061035156,194.38999938964844,207855
2024-08-26,199.22000122070312,201.27999877929688,197.67999267578125,199.63999938964844,429048
2024-08-27,202.1699981689453,202.58999633789062,199.7449951171875,200.02000427246094,313595
2024-08-28,198.16000366210938,201.55999755859375,196.0,200.91000366210938,163599
2024-08-29,198.5,199.64500427246094,196.75,197.85000610351562,135710
2024-08-30,191.77999877929688,196.3699951171875,190.74000549316406,196.02000427246094,293438
2024-09-03,188.25999450683594,192.97999572753906,187.67999267578125,190.02999877929688,364414
2024-09-04,188.64999389648438,191.1999969482422,186.02999877929688,187.08999633789062,516226
2024-09-05,191.5800018310547,194.57000732421875,190.2100067138672,190.2100067138672,178182
2024-09-06,191.32000732421875,193.03500366210938,188.51499938964844,192.80999755859375,136979
2024-09-09,193.30999755859375,193.47000122070312,189.2100067138672,189.6699981689453,144720
2024-09-10,197.6999969482422,198.52499389648438,191.72999572753906,191.75999450683594,182742
2024-09-11,211.14999389648438,215.0,205.60000610351562,206.6199951171875,602657
2024-09-12,196.27000427246094,200.75,194.11000061035156,199.0,483661
2024-09-13,198.49000549316406,200.61000061035156,195.7100067138672,200.0,212446
2024-09-16,196.4499969482422,197.52999877929688,194.0749969482422,196.42999267578125,204525
2024-09-17,197.50999450683594,200.69000244140625,196.61500549316406,199.0500030517578,103863
2024-09-18,197.27999877929688,199.99000549316406,197.0,198.72000122070312,187755
2024-09-19,198.58999633789062,200.97999572753906,197.72999572753906,198.0,194614
2024-09-20,201.99000549316406,208.27999877929688,200.97999572753906,205.6699981689453,411783
2024-09-23,201.30999755859375,203.3000030517578,200.11500549316406,200.75,189938
2024-09-24,209.30999755859375,210.75999450683594,203.50999450683594,204.5500030517578,312081
2024-09-25,206.72000122070312,210.51010131835938,206.30499267578125,206.72999572753906,178085
2024-09-26,212.52999877929688,213.77000427246094,208.32000732421875,212.0,242138
2024-09-27,218.4199981689453,223.9600067138672,217.7100067138672,218.88999938964844,394253
2024-09-30,224.50999450683594,237.10000610351562,218.0,237.10000610351562,496839
2024-10-01,230.97999572753906,231.33999633789062,221.02999877929688,222.9600067138672,333290
2024-10-02,233.60000610351562,238.8000030517578,227.42999267578125,236.24000549316406,410278
2024-10-03,233.63999938964844,237.94500732421875,232.77499389648438,233.5,303298
2024-10-04,246.0399932861328,248.16000366210938,243.05999755859375,247.0,607526
2024-10-07,243.02000427246094,247.5,239.86000061035156,247.0,594184
2024-10-08,235.42999267578125,239.00999450683594,225.38999938964844,229.0,521860
2024-10-09,240.39999389648438,246.5500030517578,234.86000061035156,241.10000610351562,700020
2024-10-10,239.3800048828125,243.8300018310547,237.5,240.3800048828125,309073
2024-10-11,236.10000610351562,237.67999267578125,233.49000549316406,234.3300018310547,373632
2024-10-14,227.0500030517578,231.4550018310547,221.5,228.72999572753906,574516
2024-10-15,222.60000610351562,225.76499938964844,221.1649932861328,223.42999267578125,276881
2024-10-16,222.16000366210938,224.25999450683594,220.85000610351562,224.25999450683594,164319
2024-10-17,212.38999938964844,220.66000366210938,211.55999755859375,219.39999389648438,397094
2024-10-18,218.97000122070312,222.35000610351562,215.1199951171875,222.35000610351562,528238
2024-10-21,219.9199981689453,221.8404998779297,217.30999755859375,220.0,187949
2024-10-22,220.6300048828125,221.125,218.4499969482422,219.13999938964844,107826
2024-10-23,221.00999450683594,224.0,218.82000732421875,223.8800048828125,145157
2024-10-24,214.14999389648438,221.60000610351562,213.6199951171875,214.75,157964
2024-10-25,212.80999755859375,215.25999450683594,211.3000030517578,213.17999267578125,245775
2024-10-28,217.22000122070312,219.03250122070312,214.3000030517578,215.11000061035156,142696
2024-10-29,216.52999877929688,219.57000732421875,214.8000030517578,217.0,229354
2024-10-30,205.99000549316406,213.8800048828125,205.32000732421875,213.8800048828125,898445
2024-10-31,202.63999938964844,205.99000549316406,202.19000244140625,205.5,216786
2024-11-01,204.2100067138672,209.0500030517578,202.89999389648438,206.6300048828125,463006
2024-11-04,207.25,210.52499389648438,204.86000061035156,204.86000061035156,177228
2024-11-05,208.02999877929688,209.99000549316406,205.625,208.1300048828125,322583
2024-11-06,202.72999572753906,208.02999877929688,196.14999389648438,208.02999877929688,551774
2024-11-07,206.82000732421875,208.05999755859375,202.72999572753906,202.72999572753906,144300
2024-11-08,205.47000122070312,206.35000610351562,202.5854949951172,203.83999633789062,207402
2024-11-11,205.0399932861328,209.2899932861328,204.39999389648438,206.3699951171875,334489
2024-11-12,193.63999938964844,203.0,189.60000610351562,198.0,335253
2024-11-13,195.4499969482422,200.8800048828125,193.27999877929688,197.44000244140625,281526
2024-11-14,193.2899932861328,195.63999938964844,191.2550048828125,193.5800018310547,213477
2024-11-15,189.22999572753906,191.4499969482422,186.16000366210938,187.7899932861328,273933
2024-11-18,187.69000244140625,188.32000732421875,184.49000549316406,186.9199981689453,444597
2024-11-19,187.77000427246094,190.0850067138672,187.19000244140625,188.24000549316406,238525
2024-11-20,194.25999450683594,198.47999572753906,192.0,195.0,344281
2024-11-21,194.55999755859375,197.47999572753906,191.41000366210938,196.08999633789062,221472
2024-11-22,190.50999450683594,192.89999389648438,189.00999450683594,190.94000244140625,222704
2024-11-25,190.3000030517578,194.97999572753906,188.13999938964844,192.02999877929688,276415
2024-11-26,192.11000061035156,192.1699981689453,186.52000427246094,190.1999969482422,308162
2024-11-27,206.16000366210938,210.6199951171875,201.02999877929688,201.30999755859375,341342
2024-11-29,215.0,216.3699951171875,211.36500549316406,215.1300048828125,258633
2024-12-02,205.75,216.72999572753906,200.0,214.88999938964844,2095602
2024-12-03,206.00999450683594,208.22999572753906,202.63499450683594,206.22000122070312,395221
2024-12-04,199.08999633789062,206.4250030517578,198.6999969482422,203.3699951171875,339750
2024-12-05,201.66000366210938,204.99000549316406,200.0050048828125,204.47000122070312,254671
2024-12-06,205.6199951171875,209.4600067138672,204.0850067138672,207.72000122070312,348989
2024-12-09,207.6199951171875,211.0,203.5850067138672,209.10000610351562,513042
2024-12-10,187.5,196.9600067138672,183.2924041748047,195.52000427246094,1260783
2024-12-11,184.3800048828125,187.63999938964844,183.25999450683594,186.9199981689453,483817
2024-12-12,180.27000427246094,186.35000610351562,179.69000244140625,184.02000427246094,387828
2024-12-13,179.35000610351562,179.64999389648438,176.14999389648438,177.14999389648438,368615
2024-12-16,176.3300018310547,180.0,174.5,177.69000244140625,538230
2024-12-17,179.05999755859375,179.5850067138672,176.05499267578125,178.0,366173
2024-12-18,175.8699951171875,178.69000244140625,174.51100158691406,177.55999755859375,592487
2024-12-19,174.72000122070312,177.3000030517578,170.99000549316406,175.17999267578125,296091
2024-12-20,176.5,179.25,175.8000030517578,176.2899932861328,368466
2024-12-23,177.6999969482422,179.92999267578125,176.57000732421875,178.6300048828125,231186
2024-12-24,181.6199951171875,182.3300018310547,177.0850067138672,177.72000122070312,148370
2024-12-26,184.67999267578125,184.97999572753906,180.99000549316406,181.5800018310547,163887
2024-12-27,181.88999938964844,184.91000366210938,180.25999450683594,181.80999755859375,169767
2024-12-30,183.80999755859375,185.24000549316406,179.72999572753906,180.0800018310547,178913
2024-12-31,184.7100067138672,187.4199981689453,183.91000366210938,184.0,331631
2025-01-02,184.0,186.5399932861328,180.33999633789062,182.5,132212
2025-01-03,180.82000732421875,184.75999450683594,179.0500030517578,183.5,189886
2025-01-06,180.63999938964844,182.0,179.00999450683594,182.0,376035
2025-01-07,175.10000610351562,180.39500427246094,175.0,176.11000061035156,432555
2025-01-08,177.8800048828125,177.99000549316406,172.6699981689453,175.0,251735
2025-01-10,176.7100067138672,180.10499572753906,175.9199981689453,179.97999572753906,271466
2025-01-13,184.61000061035156,184.63999938964844,174.74000549316406,176.0,224934
2025-01-14,200.99000549316406,207.6699981689453,191.5,191.5,734665
2025-01-15,201.72000122070312,203.0,196.64999389648438,200.0,354627
2025-01-16,205.33999633789062,206.82290649414062,199.02000427246094,201.72000122070312,293677
2025-01-17,210.0800018310547,211.9600067138672,205.35000610351562,205.35000610351562,490050
2025-01-21,218.6999969482422,221.7899932861328,212.99000549316406,214.50999450683594,521075
2025-01-22,222.22000122070312,223.52000427246094,214.10000610351562,217.3699951171875,477080
2025-01-23,222.24000549316406,223.5,215.6999969482422,217.35000610351562,352001
2025-01-24,222.0800018310547,223.5399932861328,215.4600067138672,217.5800018310547,326547
