Price,Close,High,Low,Open,Volume
Ticker,CDXC,CDXC,CDXC,CDXC,CDXC
Date,,,,,
2020-01-28,4.309999942779541,4.349999904632568,4.159999847412109,4.159999847412109,107600
2020-01-29,4.309999942779541,4.360000133514404,4.25,4.25,73700
2020-01-30,4.289999961853027,4.340000152587891,4.230000019073486,4.25,79100
2020-01-31,4.409999847412109,4.440000057220459,4.190000057220459,4.199999809265137,352100
2020-02-03,4.230000019073486,4.409999847412109,4.170000076293945,4.400000095367432,205300
2020-02-04,4.010000228881836,4.360000133514404,3.950000047683716,4.150000095367432,526000
2020-02-05,4.03000020980835,4.199999809265137,3.940000057220459,4.050000190734863,226900
2020-02-06,4.190000057220459,4.230000019073486,4.0,4.039999961853027,144100
2020-02-07,4.039999961853027,4.300000190734863,3.9700000286102295,4.199999809265137,338100
2020-02-10,4.190000057220459,4.289999961853027,4.03000020980835,4.03000020980835,196100
2020-02-11,4.079999923706055,4.21999979019165,4.03000020980835,4.179999828338623,178300
2020-02-12,4.139999866485596,4.199999809265137,4.079999923706055,4.079999923706055,171400
2020-02-13,4.139999866485596,4.179999828338623,4.059999942779541,4.119999885559082,144600
2020-02-14,4.099999904632568,4.159999847412109,4.059999942779541,4.110000133514404,129700
2020-02-18,4.010000228881836,4.170000076293945,3.9600000381469727,4.019999980926514,198100
2020-02-19,4.039999961853027,4.110000133514404,3.9700000286102295,3.9700000286102295,205100
2020-02-20,4.079999923706055,4.079999923706055,3.9100000858306885,4.010000228881836,128800
2020-02-21,4.010000228881836,4.119999885559082,3.9100000858306885,4.079999923706055,226300
2020-02-24,3.8399999141693115,4.0,3.75,3.9800000190734863,275400
2020-02-25,3.2699999809265137,3.9200000762939453,3.25,3.859999895095825,513900
2020-02-26,3.450000047683716,3.619999885559082,3.319999933242798,3.3499999046325684,394100
2020-02-27,3.4100000858306885,3.559999942779541,3.309999942779541,3.4000000953674316,424100
2020-02-28,3.690000057220459,3.700000047683716,3.200000047683716,3.2799999713897705,615700
2020-03-02,3.640000104904175,3.680000066757202,3.490000009536743,3.6700000762939453,335900
2020-03-03,3.5999999046325684,3.75,3.450000047683716,3.640000104904175,340600
2020-03-04,3.619999885559082,3.75,3.5299999713897705,3.6600000858306885,247800
2020-03-05,3.619999885559082,3.6700000762939453,3.509999990463257,3.559999942779541,195400
2020-03-06,3.569999933242798,3.630000114440918,3.5,3.5199999809265137,302900
2020-03-09,3.509999990463257,3.5899999141693115,3.359999895095825,3.450000047683716,491800
2020-03-10,3.430000066757202,3.6600000858306885,3.180000066757202,3.5999999046325684,386800
2020-03-11,3.680000066757202,3.8299999237060547,3.1600000858306885,3.5,806500
2020-03-12,3.319999933242798,3.609999895095825,3.0799999237060547,3.5899999141693115,996500
2020-03-13,3.3399999141693115,3.5,3.299999952316284,3.440000057220459,713100
2020-03-16,2.930000066757202,3.180000066757202,2.9200000762939453,3.130000114440918,631700
2020-03-17,3.25,3.380000114440918,2.75,2.8399999141693115,604700
2020-03-18,2.7799999713897705,3.180000066757202,2.740000009536743,2.950000047683716,576800
2020-03-19,2.9100000858306885,3.049999952316284,2.700000047683716,2.7799999713897705,532100
2020-03-20,2.740000009536743,3.0999999046325684,2.7200000286102295,2.940000057220459,451800
2020-03-23,2.5399999618530273,2.880000114440918,2.5,2.7300000190734863,335900
2020-03-24,2.9000000953674316,2.950000047683716,2.630000114440918,2.630000114440918,338200
2020-03-25,2.950000047683716,3.140000104904175,2.9000000953674316,2.9000000953674316,285900
2020-03-26,3.0,3.3399999141693115,2.9000000953674316,2.9700000286102295,846100
2020-03-27,2.950000047683716,3.200000047683716,2.9100000858306885,2.9200000762939453,385900
2020-03-30,3.1500000953674316,3.180000066757202,2.9600000381469727,2.990000009536743,381600
2020-03-31,3.259999990463257,3.2799999713897705,2.9600000381469727,3.119999885559082,441000
2020-04-01,3.0,3.2300000190734863,2.950000047683716,3.049999952316284,368400
2020-04-02,3.0999999046325684,3.1500000953674316,2.950000047683716,2.9600000381469727,220200
2020-04-03,3.299999952316284,3.299999952316284,3.0399999618530273,3.059999942779541,276800
2020-04-06,3.5,3.5999999046325684,3.319999933242798,3.319999933242798,459200
2020-04-07,3.369999885559082,3.5899999141693115,3.3399999141693115,3.5199999809265137,320100
2020-04-08,3.4800000190734863,3.559999942779541,3.359999895095825,3.4200000762939453,275000
2020-04-09,3.4800000190734863,3.5999999046325684,3.359999895095825,3.4100000858306885,499600
2020-04-13,3.4800000190734863,3.5,3.2899999618530273,3.450000047683716,285900
2020-04-14,3.5799999237060547,3.740000009536743,3.509999990463257,3.509999990463257,365300
2020-04-15,3.490000009536743,3.609999895095825,3.4600000381469727,3.5199999809265137,318000
2020-04-16,3.619999885559082,3.640000104904175,3.4100000858306885,3.4800000190734863,184800
2020-04-17,3.740000009536743,3.880000114440918,3.5899999141693115,3.5999999046325684,293100
2020-04-20,4.159999847412109,4.730000019073486,3.869999885559082,3.880000114440918,1657000
2020-04-21,4.380000114440918,4.460000038146973,4.010000228881836,4.090000152587891,564400
2020-04-22,4.550000190734863,4.849999904632568,4.449999809265137,4.460000038146973,1078600
2020-04-23,4.900000095367432,5.369999885559082,4.619999885559082,4.619999885559082,2305700
2020-04-24,4.880000114440918,5.099999904632568,4.829999923706055,5.050000190734863,585900
2020-04-27,5.300000190734863,5.380000114440918,4.809999942779541,4.929999828338623,709500
2020-04-28,5.179999828338623,5.480000019073486,5.150000095367432,5.300000190734863,1060200
2020-04-29,4.940000057220459,5.21999979019165,4.590000152587891,5.199999809265137,878700
2020-04-30,5.0,5.170000076293945,4.789999961853027,4.869999885559082,590100
2020-05-01,5.25,5.289999961853027,4.820000171661377,4.869999885559082,915200
2020-05-04,5.119999885559082,5.639999866485596,4.989999771118164,5.159999847412109,1618800
2020-05-05,5.329999923706055,5.480000019073486,5.159999847412109,5.159999847412109,681900
2020-05-06,5.510000228881836,5.800000190734863,5.349999904632568,5.380000114440918,837700
2020-05-07,5.519999980926514,5.739999771118164,5.480000019073486,5.559999942779541,740100
2020-05-08,5.460000038146973,5.590000152587891,5.300000190734863,5.480000019073486,778900
2020-05-11,5.460000038146973,5.630000114440918,5.260000228881836,5.320000171661377,608500
2020-05-12,5.159999847412109,5.579999923706055,5.159999847412109,5.300000190734863,809000
2020-05-13,4.659999847412109,5.170000076293945,4.389999866485596,5.099999904632568,1326300
2020-05-14,4.409999847412109,4.659999847412109,4.400000095367432,4.590000152587891,574200
2020-05-15,4.599999904632568,4.690000057220459,4.389999866485596,4.429999828338623,336900
2020-05-18,4.78000020980835,4.909999847412109,4.579999923706055,4.579999923706055,455600
2020-05-19,4.550000190734863,4.869999885559082,4.550000190734863,4.789999961853027,273700
2020-05-20,4.730000019073486,4.769999980926514,4.5,4.619999885559082,604800
2020-05-21,4.679999828338623,4.809999942779541,4.610000133514404,4.71999979019165,351800
2020-05-22,4.849999904632568,4.909999847412109,4.639999866485596,4.639999866485596,251300
2020-05-26,4.699999809265137,5.0,4.679999828338623,4.829999923706055,316100
2020-05-27,4.78000020980835,4.849999904632568,4.619999885559082,4.71999979019165,266900
2020-05-28,4.769999980926514,4.980000019073486,4.75,4.800000190734863,231600
2020-05-29,4.809999942779541,4.820000171661377,4.619999885559082,4.739999771118164,199700
2020-06-01,4.760000228881836,4.929999828338623,4.710000038146973,4.800000190734863,303100
2020-06-02,4.730000019073486,4.78000020980835,4.489999771118164,4.71999979019165,281300
2020-06-03,4.610000133514404,4.809999942779541,4.599999904632568,4.769999980926514,237600
2020-06-04,4.570000171661377,4.679999828338623,4.480000019073486,4.550000190734863,175000
2020-06-05,4.590000152587891,4.670000076293945,4.480000019073486,4.619999885559082,234300
2020-06-08,4.619999885559082,4.769999980926514,4.53000020980835,4.619999885559082,307000
2020-06-09,4.409999847412109,4.639999866485596,4.389999866485596,4.619999885559082,312900
2020-06-10,4.519999980926514,4.570000171661377,4.400000095367432,4.400000095367432,280700
2020-06-11,4.139999866485596,4.380000114440918,3.9100000858306885,4.360000133514404,619000
2020-06-12,4.199999809265137,4.309999942779541,4.090000152587891,4.130000114440918,192000
2020-06-15,4.199999809265137,4.260000228881836,4.010000228881836,4.090000152587891,197600
2020-06-16,4.360000133514404,4.460000038146973,4.230000019073486,4.260000228881836,242500
2020-06-17,4.25,4.400000095367432,4.21999979019165,4.389999866485596,144500
2020-06-18,4.300000190734863,4.349999904632568,4.210000038146973,4.210000038146973,174400
2020-06-19,4.670000076293945,4.670000076293945,4.309999942779541,4.309999942779541,645000
2020-06-22,4.590000152587891,4.639999866485596,4.53000020980835,4.639999866485596,255800
2020-06-23,4.570000171661377,4.739999771118164,4.550000190734863,4.630000114440918,148500
2020-06-24,4.449999809265137,4.630000114440918,4.380000114440918,4.559999942779541,147000
2020-06-25,4.480000019073486,4.510000228881836,4.329999923706055,4.449999809265137,135600
2020-06-26,4.349999904632568,4.46999979019165,4.300000190734863,4.460000038146973,356400
2020-06-29,4.539999961853027,4.630000114440918,4.289999961853027,4.369999885559082,231400
2020-06-30,4.590000152587891,4.610000133514404,4.480000019073486,4.489999771118164,206000
2020-07-01,4.519999980926514,4.619999885559082,4.5,4.590000152587891,94200
2020-07-02,4.53000020980835,4.570000171661377,4.400000095367432,4.570000171661377,168200
2020-07-06,4.480000019073486,4.559999942779541,4.429999828338623,4.559999942779541,164200
2020-07-07,4.550000190734863,4.800000190734863,4.449999809265137,4.559999942779541,358600
2020-07-08,4.769999980926514,4.78000020980835,4.5,4.550000190734863,210900
2020-07-09,4.989999771118164,5.199999809265137,4.900000095367432,4.900000095367432,1111200
2020-07-10,5.099999904632568,5.550000190734863,5.010000228881836,5.070000171661377,805500
2020-07-13,5.090000152587891,5.409999847412109,5.070000171661377,5.159999847412109,470600
2020-07-14,5.0,5.190000057220459,4.889999866485596,5.110000133514404,449800
2020-07-15,5.179999828338623,5.25,4.960000038146973,5.050000190734863,367200
2020-07-16,5.079999923706055,5.320000171661377,5.010000228881836,5.199999809265137,288100
2020-07-17,5.190000057220459,5.269999980926514,5.039999961853027,5.050000190734863,214600
2020-07-20,5.260000228881836,5.389999866485596,5.119999885559082,5.230000019073486,300800
2020-07-21,5.039999961853027,5.320000171661377,4.989999771118164,5.320000171661377,260400
2020-07-22,4.940000057220459,5.110000133514404,4.929999828338623,5.050000190734863,235700
2020-07-23,5.110000133514404,5.119999885559082,4.929999828338623,4.949999809265137,269700
2020-07-24,5.159999847412109,5.190000057220459,5.03000020980835,5.099999904632568,218500
2020-07-27,5.21999979019165,5.28000020980835,5.150000095367432,5.170000076293945,243600
2020-07-28,5.070000171661377,5.21999979019165,5.039999961853027,5.199999809265137,130600
2020-07-29,5.039999961853027,5.150000095367432,4.989999771118164,5.039999961853027,282900
2020-07-30,5.25,5.25,4.980000019073486,5.010000228881836,275100
2020-07-31,5.059999942779541,5.260000228881836,4.980000019073486,5.230000019073486,302800
2020-08-03,5.159999847412109,5.159999847412109,5.010000228881836,5.090000152587891,222000
2020-08-04,5.099999904632568,5.199999809265137,5.010000228881836,5.119999885559082,276200
2020-08-05,5.139999866485596,5.170000076293945,5.050000190734863,5.130000114440918,150600
2020-08-06,4.920000076293945,5.130000114440918,4.840000152587891,5.130000114440918,503900
2020-08-07,4.96999979019165,5.239999771118164,4.800000190734863,4.940000057220459,422800
2020-08-10,4.829999923706055,4.989999771118164,4.800000190734863,4.949999809265137,360800
2020-08-11,4.769999980926514,4.860000133514404,4.760000228881836,4.820000171661377,277300
2020-08-12,4.880000114440918,4.909999847412109,4.760000228881836,4.789999961853027,228100
2020-08-13,4.849999904632568,4.900000095367432,4.769999980926514,4.880000114440918,353500
2020-08-14,4.800000190734863,4.869999885559082,4.789999961853027,4.829999923706055,148300
2020-08-17,4.929999828338623,4.929999828338623,4.78000020980835,4.800000190734863,116500
2020-08-18,5.139999866485596,5.230000019073486,5.0,5.0,415900
2020-08-19,5.300000190734863,5.320000171661377,4.96999979019165,5.150000095367432,575100
2020-08-20,5.349999904632568,5.440000057220459,5.230000019073486,5.239999771118164,316400
2020-08-21,5.559999942779541,5.730000019073486,5.320000171661377,5.349999904632568,859400
2020-08-24,5.329999923706055,5.650000095367432,5.309999942779541,5.650000095367432,431100
2020-08-25,5.380000114440918,5.420000076293945,5.260000228881836,5.349999904632568,176000
2020-08-26,5.170000076293945,5.380000114440918,5.130000114440918,5.369999885559082,190300
2020-08-27,5.090000152587891,5.21999979019165,5.010000228881836,5.21999979019165,168400
2020-08-28,5.070000171661377,5.150000095367432,4.980000019073486,5.150000095367432,199200
2020-08-31,4.949999809265137,5.090000152587891,4.909999847412109,5.039999961853027,265800
2020-09-01,5.03000020980835,5.03000020980835,4.820000171661377,4.820000171661377,249700
2020-09-02,4.929999828338623,5.059999942779541,4.849999904632568,5.03000020980835,284900
2020-09-03,4.760000228881836,4.96999979019165,4.699999809265137,4.96999979019165,417200
2020-09-04,4.519999980926514,4.78000020980835,4.409999847412109,4.78000020980835,322800
2020-09-08,4.420000076293945,4.5,4.400000095367432,4.489999771118164,126100
2020-09-09,4.489999771118164,4.570000171661377,4.449999809265137,4.449999809265137,194900
2020-09-10,4.449999809265137,4.539999961853027,4.420000076293945,4.489999771118164,170900
2020-09-11,4.389999866485596,4.5,4.369999885559082,4.449999809265137,172400
2020-09-14,4.630000114440918,4.639999866485596,4.440000057220459,4.449999809265137,182900
2020-09-15,4.579999923706055,4.699999809265137,4.550000190734863,4.650000095367432,125400
2020-09-16,4.519999980926514,4.679999828338623,4.489999771118164,4.550000190734863,176200
2020-09-17,4.550000190734863,4.570000171661377,4.449999809265137,4.53000020980835,187400
2020-09-18,4.460000038146973,4.610000133514404,4.429999828338623,4.579999923706055,343700
2020-09-21,4.170000076293945,4.460000038146973,4.150000095367432,4.440000057220459,301300
2020-09-22,4.230000019073486,4.239999771118164,4.059999942779541,4.150000095367432,169400
2020-09-23,4.090000152587891,4.239999771118164,4.079999923706055,4.199999809265137,204400
2020-09-24,4.010000228881836,4.110000133514404,4.0,4.090000152587891,189300
2020-09-25,4.03000020980835,4.090000152587891,3.9600000381469727,4.0,117000
2020-09-28,4.079999923706055,4.110000133514404,4.010000228881836,4.050000190734863,87300
2020-09-29,4.019999980926514,4.119999885559082,3.930000066757202,4.090000152587891,156600
2020-09-30,4.010000228881836,4.079999923706055,3.950000047683716,4.019999980926514,133200
2020-10-01,3.950000047683716,4.019999980926514,3.9200000762939453,4.010000228881836,182900
2020-10-02,3.930000066757202,4.0,3.819999933242798,3.859999895095825,207600
2020-10-05,4.070000171661377,4.090000152587891,3.9700000286102295,3.9700000286102295,183600
2020-10-06,5.190000057220459,5.489999771118164,4.190000057220459,4.300000190734863,3186000
2020-10-07,5.039999961853027,6.0,4.900000095367432,5.519999980926514,2787600
2020-10-08,4.71999979019165,4.949999809265137,4.659999847412109,4.900000095367432,969800
2020-10-09,4.96999979019165,4.980000019073486,4.679999828338623,4.71999979019165,274400
2020-10-12,4.920000076293945,5.079999923706055,4.789999961853027,5.019999980926514,292800
2020-10-13,5.119999885559082,5.150000095367432,4.889999866485596,4.909999847412109,311800
2020-10-14,5.130000114440918,5.179999828338623,5.070000171661377,5.130000114440918,192700
2020-10-15,5.099999904632568,5.159999847412109,4.980000019073486,5.099999904632568,181400
2020-10-16,5.0,5.099999904632568,4.980000019073486,5.070000171661377,285300
2020-10-19,4.949999809265137,5.139999866485596,4.940000057220459,5.039999961853027,204800
2020-10-20,4.940000057220459,5.0,4.840000152587891,4.989999771118164,115600
2020-10-21,4.949999809265137,4.980000019073486,4.880000114440918,4.900000095367432,190800
2020-10-22,4.960000038146973,5.059999942779541,4.920000076293945,4.980000019073486,256300
2020-10-23,4.820000171661377,4.980000019073486,4.760000228881836,4.909999847412109,165000
2020-10-26,4.769999980926514,4.829999923706055,4.690000057220459,4.769999980926514,172200
2020-10-27,4.840000152587891,4.880000114440918,4.650000095367432,4.769999980926514,294600
2020-10-28,4.639999866485596,4.829999923706055,4.619999885559082,4.829999923706055,191900
2020-10-29,4.630000114440918,4.670000076293945,4.559999942779541,4.619999885559082,193900
2020-10-30,4.510000228881836,4.659999847412109,4.449999809265137,4.559999942779541,159300
2020-11-02,4.440000057220459,4.590000152587891,4.360000133514404,4.5,247500
2020-11-03,4.710000038146973,4.730000019073486,4.449999809265137,4.449999809265137,198400
2020-11-04,4.78000020980835,4.920000076293945,4.610000133514404,4.699999809265137,288500
2020-11-05,4.53000020980835,4.71999979019165,4.369999885559082,4.699999809265137,403400
2020-11-06,4.489999771118164,4.559999942779541,4.380000114440918,4.53000020980835,370700
2020-11-09,4.809999942779541,5.239999771118164,4.699999809265137,4.730000019073486,645900
2020-11-10,4.840000152587891,5.0,4.710000038146973,4.840000152587891,234600
2020-11-11,4.849999904632568,4.929999828338623,4.71999979019165,4.900000095367432,231400
2020-11-12,5.059999942779541,5.159999847412109,4.820000171661377,4.820000171661377,255300
2020-11-13,5.130000114440918,5.190000057220459,5.019999980926514,5.110000133514404,261200
2020-11-16,5.070000171661377,5.190000057220459,5.03000020980835,5.079999923706055,238900
2020-11-17,5.059999942779541,5.150000095367432,5.019999980926514,5.019999980926514,245800
2020-11-18,4.929999828338623,5.099999904632568,4.860000133514404,5.090000152587891,224400
2020-11-19,4.909999847412109,4.96999979019165,4.860000133514404,4.940000057220459,81200
2020-11-20,4.869999885559082,4.929999828338623,4.710000038146973,4.869999885559082,350300
2020-11-23,4.800000190734863,5.019999980926514,4.78000020980835,4.889999866485596,328900
2020-11-24,4.880000114440918,4.960000038146973,4.659999847412109,4.849999904632568,298900
2020-11-25,4.860000133514404,4.929999828338623,4.789999961853027,4.889999866485596,134000
2020-11-27,5.010000228881836,5.070000171661377,4.860000133514404,4.860000133514404,167700
2020-11-30,4.960000038146973,5.150000095367432,4.949999809265137,5.0,378700
2020-12-01,5.019999980926514,5.079999923706055,4.860000133514404,5.0,390700
2020-12-02,4.900000095367432,5.079999923706055,4.849999904632568,5.050000190734863,341300
2020-12-03,4.849999904632568,4.909999847412109,4.769999980926514,4.909999847412109,261100
2020-12-04,4.889999866485596,4.909999847412109,4.820000171661377,4.840000152587891,155500
2020-12-07,5.059999942779541,5.099999904632568,4.849999904632568,4.889999866485596,344400
2020-12-08,5.039999961853027,5.179999828338623,4.960000038146973,5.070000171661377,450400
2020-12-09,4.900000095367432,5.070000171661377,4.889999866485596,5.070000171661377,226600
2020-12-10,5.210000038146973,5.300000190734863,4.980000019073486,4.989999771118164,692000
2020-12-11,5.5,6.0,5.21999979019165,5.21999979019165,1557800
2020-12-14,5.119999885559082,5.739999771118164,5.059999942779541,5.639999866485596,792200
2020-12-15,5.21999979019165,5.320000171661377,5.090000152587891,5.119999885559082,202700
2020-12-16,4.849999904632568,5.03000020980835,4.699999809265137,4.730000019073486,684000
2020-12-17,5.079999923706055,5.269999980926514,4.900000095367432,4.920000076293945,607200
2020-12-18,4.960000038146973,5.21999979019165,4.900000095367432,5.110000133514404,494100
2020-12-21,4.920000076293945,5.039999961853027,4.860000133514404,5.0,530600
2020-12-22,4.880000114440918,5.019999980926514,4.880000114440918,4.96999979019165,253800
2020-12-23,5.090000152587891,5.130000114440918,4.949999809265137,4.96999979019165,266300
2020-12-24,4.989999771118164,5.130000114440918,4.909999847412109,5.070000171661377,161500
2020-12-28,4.900000095367432,5.039999961853027,4.869999885559082,5.0,227400
2020-12-29,4.809999942779541,5.0,4.769999980926514,4.960000038146973,377400
2020-12-30,4.860000133514404,4.940000057220459,4.820000171661377,4.880000114440918,157300
2020-12-31,4.800000190734863,4.880000114440918,4.78000020980835,4.869999885559082,166600
2021-01-04,4.75,4.849999904632568,4.679999828338623,4.829999923706055,214200
2021-01-05,4.860000133514404,4.920000076293945,4.78000020980835,4.78000020980835,251200
2021-01-06,4.949999809265137,5.050000190734863,4.840000152587891,4.840000152587891,294800
2021-01-07,5.019999980926514,5.059999942779541,4.920000076293945,4.920000076293945,402000
2021-01-08,4.829999923706055,5.059999942779541,4.659999847412109,5.059999942779541,536600
2021-01-11,4.639999866485596,4.840000152587891,4.599999904632568,4.800000190734863,720400
2021-01-12,4.619999885559082,4.690000057220459,4.519999980926514,4.650000095367432,348900
2021-01-13,4.590000152587891,4.639999866485596,4.539999961853027,4.630000114440918,218900
2021-01-14,4.659999847412109,4.739999771118164,4.610000133514404,4.610000133514404,218400
2021-01-15,4.670000076293945,4.75,4.639999866485596,4.690000057220459,180800
2021-01-19,4.710000038146973,4.71999979019165,4.630000114440918,4.710000038146973,147200
2021-01-20,4.769999980926514,4.809999942779541,4.679999828338623,4.730000019073486,195300
2021-01-21,4.800000190734863,4.929999828338623,4.710000038146973,4.769999980926514,221900
2021-01-22,4.900000095367432,4.929999828338623,4.71999979019165,4.769999980926514,184500
2021-01-25,4.889999866485596,4.929999828338623,4.789999961853027,4.909999847412109,220100
2021-01-26,4.829999923706055,4.900000095367432,4.800000190734863,4.900000095367432,152100
2021-01-27,4.789999961853027,4.900000095367432,4.639999866485596,4.78000020980835,323100
2021-01-28,4.860000133514404,5.019999980926514,4.710000038146973,4.840000152587891,456700
2021-01-29,4.739999771118164,4.920000076293945,4.710000038146973,4.900000095367432,371300
2021-02-01,4.789999961853027,4.820000171661377,4.679999828338623,4.800000190734863,183300
2021-02-02,4.789999961853027,4.849999904632568,4.739999771118164,4.849999904632568,203400
2021-02-03,4.849999904632568,4.849999904632568,4.760000228881836,4.809999942779541,110700
2021-02-04,4.96999979019165,5.0,4.78000020980835,4.880000114440918,366900
2021-02-05,5.28000020980835,5.380000114440918,4.940000057220459,4.989999771118164,517300
2021-02-08,5.75,5.800000190734863,5.269999980926514,5.269999980926514,635200
2021-02-09,6.269999980926514,6.630000114440918,5.760000228881836,5.789999961853027,1215000
2021-02-10,6.090000152587891,6.480000019073486,5.900000095367432,6.349999904632568,532000
2021-02-11,6.039999961853027,6.119999885559082,5.920000076293945,6.099999904632568,250300
2021-02-12,5.409999847412109,6.050000190734863,5.380000114440918,6.050000190734863,496800
2021-02-16,6.380000114440918,6.400000095367432,5.550000190734863,5.550000190734863,1010900
2021-02-17,6.630000114440918,6.989999771118164,6.389999866485596,6.389999866485596,883700
2021-02-18,7.519999980926514,7.71999979019165,6.639999866485596,6.690000057220459,1478800
2021-02-19,8.3100004196167,8.600000381469727,7.619999885559082,7.860000133514404,1405600
2021-02-22,9.609999656677246,9.989999771118164,7.920000076293945,8.84000015258789,3189900
2021-02-23,9.539999961853027,9.649999618530273,8.850000381469727,9.220000267028809,2177400
2021-02-24,9.739999771118164,9.899999618530273,9.100000381469727,9.649999618530273,1115600
2021-02-25,18.739999771118164,23.65999984741211,9.989999771118164,10.0,119405200
2021-02-26,13.930000305175781,20.540000915527344,13.760000228881836,20.350000381469727,28499200
2021-03-01,13.359999656677246,16.81999969482422,13.130000114440918,14.289999961853027,7203100
2021-03-02,12.40999984741211,13.84000015258789,12.369999885559082,13.1899995803833,2900800
2021-03-03,11.40999984741211,13.979999542236328,11.029999732971191,12.479999542236328,3713300
2021-03-04,9.579999923706055,11.550000190734863,9.25,11.539999961853027,3747300
2021-03-05,10.729999542236328,13.199999809265137,9.630000114440918,9.710000038146973,7225300
2021-03-08,10.449999809265137,12.229999542236328,10.369999885559082,10.970000267028809,3055500
2021-03-09,11.460000038146973,11.630000114440918,10.609999656677246,10.609999656677246,1460100
2021-03-10,10.75,14.75,10.65999984741211,14.260000228881836,4226100
2021-03-11,11.3100004196167,11.84000015258789,10.520000457763672,10.859999656677246,1979200
2021-03-12,11.75,11.899999618530273,10.510000228881836,11.029999732971191,1251700
2021-03-15,11.829999923706055,12.130000114440918,10.829999923706055,12.130000114440918,2740500
2021-03-16,13.010000228881836,14.449999809265137,12.369999885559082,12.369999885559082,5708100
2021-03-17,12.319999694824219,12.970000267028809,12.149999618530273,12.880000114440918,1411300
2021-03-18,11.539999961853027,12.449999809265137,11.4399995803833,12.130000114440918,949000
2021-03-19,11.899999618530273,12.279999732971191,11.380000114440918,11.579999923706055,1477400
2021-03-22,10.390000343322754,11.9399995803833,10.079999923706055,11.800000190734863,1907700
2021-03-23,10.119999885559082,10.920000076293945,10.109999656677246,10.25,1557500
2021-03-24,8.90999984741211,10.449999809265137,8.899999618530273,10.220000267028809,1361100
2021-03-25,9.0,9.600000381469727,8.59000015258789,8.960000038146973,1434900
2021-03-26,9.020000457763672,9.6899995803833,8.569999694824219,9.079999923706055,1131600
2021-03-29,8.579999923706055,9.210000038146973,8.529999732971191,8.869999885559082,660200
2021-03-30,8.800000190734863,9.40999984741211,8.399999618530273,8.510000228881836,1008900
2021-03-31,9.34000015258789,9.899999618530273,8.84000015258789,8.84000015258789,3466000
2021-04-01,9.6899995803833,9.960000038146973,8.949999809265137,9.399999618530273,1194000
2021-04-05,10.920000076293945,11.199999809265137,9.75,9.760000228881836,1509700
2021-04-06,9.859999656677246,10.869999885559082,9.819999694824219,10.739999771118164,1067200
2021-04-07,9.5600004196167,10.319999694824219,9.489999771118164,9.949999809265137,521500
2021-04-08,9.680000305175781,9.859999656677246,9.520000457763672,9.649999618530273,483100
2021-04-09,9.470000267028809,9.890000343322754,9.369999885559082,9.609999656677246,557500
2021-04-12,8.979999542236328,9.649999618530273,8.869999885559082,9.390000343322754,818300
2021-04-13,9.039999961853027,9.380000114440918,8.739999771118164,8.920000076293945,758400
2021-04-14,8.680000305175781,9.199999809265137,8.539999961853027,9.0,907700
2021-04-15,8.529999732971191,8.760000228881836,8.449999809265137,8.670000076293945,461400
2021-04-16,8.199999809265137,8.539999961853027,8.170000076293945,8.529999732971191,823600
2021-04-19,7.960000038146973,8.390000343322754,7.940000057220459,8.140000343322754,1573400
2021-04-20,7.389999866485596,8.0,7.349999904632568,7.980000019073486,1279000
2021-04-21,7.619999885559082,7.75,7.190000057220459,7.5,767700
2021-04-22,7.880000114440918,8.289999961853027,7.590000152587891,7.75,663400
2021-04-23,8.149999618530273,8.25,7.78000020980835,7.909999847412109,338300
2021-04-26,8.390000343322754,8.5,7.96999979019165,8.199999809265137,616100
2021-04-27,8.319999694824219,8.600000381469727,8.220000267028809,8.600000381469727,505000
2021-04-28,8.84000015258789,9.050000190734863,8.34000015258789,8.600000381469727,623800
2021-04-29,8.739999771118164,8.960000038146973,8.600000381469727,8.930000305175781,476800
2021-04-30,8.880000114440918,9.039999961853027,8.510000228881836,8.520000457763672,452900
2021-05-03,8.760000228881836,9.039999961853027,8.5600004196167,8.949999809265137,441600
2021-05-04,8.729999542236328,8.90999984741211,8.550000190734863,8.800000190734863,1183100
2021-05-05,8.930000305175781,9.0600004196167,8.600000381469727,8.800000190734863,398300
2021-05-06,8.579999923706055,9.039999961853027,8.329999923706055,8.859999656677246,656400
2021-05-07,7.53000020980835,8.260000228881836,7.5,7.760000228881836,1302900
2021-05-10,7.159999847412109,7.71999979019165,7.130000114440918,7.659999847412109,821500
2021-05-11,7.079999923706055,7.110000133514404,6.860000133514404,7.059999942779541,790300
2021-05-12,6.920000076293945,7.110000133514404,6.670000076293945,7.010000228881836,587800
2021-05-13,6.659999847412109,7.079999923706055,6.550000190734863,6.96999979019165,939900
2021-05-14,6.900000095367432,7.010000228881836,6.769999980926514,6.789999961853027,465200
2021-05-17,7.289999961853027,7.400000095367432,6.949999809265137,6.96999979019165,1082600
2021-05-18,7.769999980926514,8.130000114440918,7.349999904632568,7.369999885559082,541700
2021-05-19,7.739999771118164,7.760000228881836,7.420000076293945,7.559999942779541,713300
2021-05-20,7.889999866485596,8.020000457763672,7.730000019073486,7.860000133514404,378200
2021-05-21,7.880000114440918,8.079999923706055,7.829999923706055,7.949999809265137,401500
2021-05-24,7.940000057220459,8.09000015258789,7.820000171661377,7.900000095367432,373500
2021-05-25,7.769999980926514,8.15999984741211,7.739999771118164,7.929999828338623,324500
2021-05-26,8.09000015258789,8.170000076293945,7.739999771118164,7.75,257700
2021-05-27,8.359999656677246,8.40999984741211,8.050000190734863,8.1899995803833,459600
2021-05-28,8.300000190734863,8.699999809265137,8.260000228881836,8.260000228881836,290500
2021-06-01,8.380000114440918,8.720000267028809,8.180000305175781,8.380000114440918,281500
2021-06-02,8.720000267028809,8.729999542236328,8.329999923706055,8.329999923706055,317100
2021-06-03,8.710000038146973,9.0,8.550000190734863,8.720000267028809,366800
2021-06-04,8.9399995803833,8.989999771118164,8.609999656677246,8.710000038146973,439600
2021-06-07,9.180000305175781,10.390000343322754,9.069999694824219,9.899999618530273,2522400
2021-06-08,10.539999961853027,10.619999885559082,9.1899995803833,9.1899995803833,1490400
2021-06-09,10.229999542236328,10.579999923706055,10.15999984741211,10.5,700300
2021-06-10,10.029999732971191,10.479999542236328,9.930000305175781,10.25,708500
2021-06-11,10.289999961853027,10.779999732971191,10.140000343322754,10.229999542236328,669000
2021-06-14,10.390000343322754,10.600000381469727,10.25,10.4399995803833,472400
2021-06-15,9.9399995803833,10.470000267028809,9.8100004196167,10.470000267028809,481000
2021-06-16,9.770000457763672,10.270000457763672,9.550000190734863,10.010000228881836,445100
2021-06-17,9.989999771118164,10.050000190734863,9.6899995803833,9.869999885559082,1165900
2021-06-18,9.0,10.020000457763672,8.8100004196167,9.920000076293945,1179000
2021-06-21,8.989999771118164,9.15999984741211,8.84000015258789,8.979999542236328,710100
2021-06-22,8.880000114440918,9.109999656677246,8.5600004196167,9.0,590600
2021-06-23,8.9399995803833,9.199999809265137,8.710000038146973,9.119999885559082,580600
2021-06-24,9.140000343322754,9.420000076293945,8.289999961853027,8.680000305175781,1666600
2021-06-25,9.15999984741211,9.40999984741211,8.680000305175781,9.039999961853027,1488000
2021-06-28,9.6899995803833,10.779999732971191,9.149999618530273,9.149999618530273,1985600
2021-06-29,9.520000457763672,9.630000114440918,9.09000015258789,9.609999656677246,667700
2021-06-30,9.859999656677246,9.920000076293945,9.449999809265137,9.600000381469727,1491900
2021-07-01,9.800000190734863,10.34000015258789,9.569999694824219,9.880000114440918,729700
2021-07-02,9.40999984741211,9.9399995803833,9.279999732971191,9.880000114440918,308100
2021-07-06,9.329999923706055,9.5600004196167,9.279999732971191,9.4399995803833,253900
2021-07-07,8.819999694824219,9.300000190734863,8.729999542236328,9.279999732971191,515200
2021-07-08,9.029999732971191,9.09000015258789,8.40999984741211,8.699999809265137,485000
2021-07-09,9.4399995803833,9.479999542236328,8.949999809265137,9.15999984741211,249100
2021-07-12,9.579999923706055,9.609999656677246,9.329999923706055,9.430000305175781,363500
2021-07-13,9.229999542236328,9.550000190734863,9.180000305175781,9.550000190734863,261500
2021-07-14,9.170000076293945,9.430000305175781,9.109999656677246,9.279999732971191,240000
2021-07-15,9.109999656677246,9.359999656677246,8.90999984741211,9.199999809265137,270700
2021-07-16,9.079999923706055,9.430000305175781,9.010000228881836,9.199999809265137,349200
2021-07-19,9.239999771118164,9.329999923706055,8.539999961853027,8.899999618530273,611500
2021-07-20,9.15999984741211,9.260000228881836,8.800000190734863,9.199999809265137,496600
2021-07-21,10.0600004196167,10.100000381469727,9.119999885559082,9.229999542236328,568400
2021-07-22,10.40999984741211,10.539999961853027,9.819999694824219,10.140000343322754,489100
2021-07-23,9.420000076293945,10.390000343322754,9.329999923706055,10.300000190734863,725600
2021-07-26,9.520000457763672,9.9399995803833,9.369999885559082,9.479999542236328,486900
2021-07-27,8.630000114440918,9.539999961853027,8.4399995803833,9.470000267028809,770500
2021-07-28,9.039999961853027,9.300000190734863,8.739999771118164,8.75,288500
2021-07-29,8.930000305175781,9.210000038146973,8.75,9.039999961853027,295200
2021-07-30,8.6899995803833,9.010000228881836,8.65999984741211,8.890000343322754,222200
2021-08-02,8.920000076293945,9.09000015258789,8.699999809265137,8.699999809265137,277900
2021-08-03,8.729999542236328,9.09000015258789,8.630000114440918,8.9399995803833,281600
2021-08-04,8.260000228881836,8.930000305175781,8.180000305175781,8.640000343322754,489300
2021-08-05,8.729999542236328,8.739999771118164,8.15999984741211,8.229999542236328,369900
2021-08-06,8.739999771118164,8.84000015258789,8.510000228881836,8.760000228881836,196900
2021-08-09,8.729999542236328,8.90999984741211,8.640000343322754,8.800000190734863,274200
2021-08-10,8.869999885559082,9.039999961853027,8.539999961853027,8.850000381469727,237900
2021-08-11,8.670000076293945,8.829999923706055,8.470000267028809,8.829999923706055,192800
2021-08-12,8.600000381469727,8.789999961853027,8.420000076293945,8.640000343322754,255500
2021-08-13,8.539999961853027,8.670000076293945,8.289999961853027,8.640000343322754,333700
2021-08-16,8.0600004196167,8.510000228881836,8.029999732971191,8.510000228881836,255500
2021-08-17,7.920000076293945,8.09000015258789,7.679999828338623,8.029999732971191,300500
2021-08-18,7.800000190734863,8.109999656677246,7.710000038146973,7.929999828338623,160700
2021-08-19,7.869999885559082,8.0,7.659999847412109,7.659999847412109,242900
2021-08-20,8.079999923706055,8.119999885559082,7.809999942779541,7.809999942779541,151800
2021-08-23,8.140000343322754,8.329999923706055,8.050000190734863,8.149999618530273,285200
2021-08-24,8.109999656677246,8.180000305175781,7.78000020980835,8.100000381469727,297600
2021-08-25,8.100000381469727,8.3100004196167,8.069999694824219,8.100000381469727,411100
2021-08-26,8.1899995803833,8.390000343322754,8.039999961853027,8.100000381469727,253400
2021-08-27,8.420000076293945,8.449999809265137,8.09000015258789,8.149999618530273,251300
2021-08-30,8.279999732971191,8.529999732971191,8.25,8.5,182700
2021-08-31,8.529999732971191,8.649999618530273,8.180000305175781,8.279999732971191,331500
2021-09-01,8.430000305175781,8.75,8.380000114440918,8.470000267028809,474500
2021-09-02,8.100000381469727,8.520000457763672,8.050000190734863,8.460000038146973,378900
2021-09-03,8.09000015258789,8.239999771118164,7.980000019073486,8.109999656677246,224000
2021-09-07,8.020000457763672,8.210000038146973,7.980000019073486,8.079999923706055,125200
2021-09-08,7.730000019073486,8.079999923706055,7.670000076293945,7.989999771118164,271000
2021-09-09,7.650000095367432,7.849999904632568,7.650000095367432,7.769999980926514,366100
2021-09-10,7.659999847412109,7.889999866485596,7.610000133514404,7.800000190734863,239300
2021-09-13,7.289999961853027,7.679999828338623,7.119999885559082,7.679999828338623,342700
2021-09-14,6.960000038146973,7.389999866485596,6.929999828338623,7.300000190734863,284300
2021-09-15,6.670000076293945,7.110000133514404,5.150000095367432,5.300000190734863,5096500
2021-09-16,6.320000171661377,6.550000190734863,5.920000076293945,6.550000190734863,1255200
2021-09-17,6.769999980926514,6.809999942779541,6.150000095367432,6.309999942779541,626900
2021-09-20,6.5,6.809999942779541,6.369999885559082,6.480000019073486,543700
2021-09-21,6.639999866485596,6.730000019073486,6.5,6.570000171661377,209100
2021-09-22,6.639999866485596,6.820000171661377,6.590000152587891,6.619999885559082,205100
2021-09-23,6.690000057220459,6.75,6.599999904632568,6.679999828338623,172500
2021-09-24,6.449999809265137,6.699999809265137,6.440000057220459,6.699999809265137,136000
2021-09-27,6.760000228881836,6.869999885559082,6.420000076293945,6.489999771118164,280900
2021-09-28,6.300000190734863,6.829999923706055,6.21999979019165,6.829999923706055,446200
2021-09-29,6.050000190734863,6.449999809265137,6.0,6.409999847412109,404200
2021-09-30,6.269999980926514,6.400000095367432,6.039999961853027,6.039999961853027,276000
2021-10-01,6.190000057220459,6.309999942779541,6.050000190734863,6.309999942779541,163600
2021-10-04,6.03000020980835,6.21999979019165,5.980000019073486,6.199999809265137,152700
2021-10-05,6.300000190734863,6.329999923706055,5.949999809265137,6.019999980926514,157600
2021-10-06,6.050000190734863,6.179999828338623,6.010000228881836,6.179999828338623,198900
2021-10-07,6.210000038146973,6.340000152587891,6.039999961853027,6.070000171661377,280300
2021-10-08,6.179999828338623,6.300000190734863,6.170000076293945,6.199999809265137,123000
2021-10-11,6.510000228881836,6.650000095367432,6.139999866485596,6.139999866485596,609400
2021-10-12,6.630000114440918,6.980000019073486,6.429999828338623,6.5,366300
2021-10-13,6.610000133514404,6.71999979019165,6.480000019073486,6.699999809265137,205700
2021-10-14,6.699999809265137,6.840000152587891,6.610000133514404,6.699999809265137,240600
2021-10-15,6.360000133514404,6.869999885559082,6.300000190734863,6.829999923706055,393600
2021-10-18,5.860000133514404,6.480000019073486,5.789999961853027,6.320000171661377,1102800
2021-10-19,6.150000095367432,6.349999904632568,5.900000095367432,5.900000095367432,381600
2021-10-20,6.389999866485596,6.5,6.050000190734863,6.099999904632568,483400
2021-10-21,6.269999980926514,6.380000114440918,6.03000020980835,6.340000152587891,446500
2021-10-22,6.380000114440918,6.460000038146973,6.190000057220459,6.269999980926514,231700
2021-10-25,6.409999847412109,6.539999961853027,6.309999942779541,6.369999885559082,163700
2021-10-26,6.199999809265137,6.460000038146973,6.190000057220459,6.460000038146973,257000
2021-10-27,6.130000114440918,6.309999942779541,6.03000020980835,6.150000095367432,285900
2021-10-28,6.150000095367432,6.269999980926514,6.050000190734863,6.119999885559082,184800
2021-10-29,6.190000057220459,6.25,6.079999923706055,6.119999885559082,138800
2021-11-01,6.420000076293945,6.429999828338623,6.159999847412109,6.170000076293945,194900
2021-11-02,6.409999847412109,6.510000228881836,6.239999771118164,6.360000133514404,359700
2021-11-03,6.550000190734863,6.570000171661377,6.309999942779541,6.409999847412109,282800
2021-11-04,6.239999771118164,6.440000057220459,5.949999809265137,6.320000171661377,863000
2021-11-05,6.230000019073486,6.269999980926514,6.0,6.199999809265137,463300
2021-11-08,6.429999828338623,6.53000020980835,6.230000019073486,6.289999961853027,237100
2021-11-09,6.28000020980835,6.449999809265137,6.110000133514404,6.369999885559082,182600
2021-11-10,6.110000133514404,6.329999923706055,6.079999923706055,6.260000228881836,218200
2021-11-11,6.159999847412109,6.190000057220459,6.050000190734863,6.119999885559082,117800
2021-11-12,6.130000114440918,6.179999828338623,6.0,6.150000095367432,193800
2021-11-15,6.130000114440918,6.179999828338623,6.019999980926514,6.159999847412109,184000
2021-11-16,5.96999979019165,6.159999847412109,5.929999828338623,6.059999942779541,297600
2021-11-17,5.769999980926514,6.019999980926514,5.75,5.960000038146973,347400
2021-11-18,5.489999771118164,5.829999923706055,5.389999866485596,5.829999923706055,534200
2021-11-19,5.389999866485596,5.510000228881836,5.349999904632568,5.440000057220459,284800
2021-11-22,5.119999885559082,5.480000019073486,5.059999942779541,5.380000114440918,363400
2021-11-23,4.940000057220459,5.099999904632568,4.849999904632568,5.079999923706055,978400
2021-11-24,5.0,5.03000020980835,4.869999885559082,4.920000076293945,288100
2021-11-26,4.909999847412109,5.050000190734863,4.829999923706055,4.920000076293945,258300
2021-11-29,4.75,4.989999771118164,4.739999771118164,4.989999771118164,273800
2021-11-30,4.690000057220459,4.920000076293945,4.650000095367432,4.769999980926514,554000
2021-12-01,4.53000020980835,4.900000095367432,4.519999980926514,4.820000171661377,221300
2021-12-02,4.610000133514404,4.610000133514404,4.440000057220459,4.480000019073486,183100
2021-12-03,4.349999904632568,4.590000152587891,4.269999980926514,4.550000190734863,256700
2021-12-06,4.420000076293945,4.5,4.21999979019165,4.360000133514404,535900
2021-12-07,4.619999885559082,4.769999980926514,4.510000228881836,4.519999980926514,196400
2021-12-08,4.739999771118164,4.769999980926514,4.590000152587891,4.590000152587891,161100
2021-12-09,4.539999961853027,4.699999809265137,4.510000228881836,4.690000057220459,188600
2021-12-10,4.400000095367432,4.659999847412109,4.360000133514404,4.559999942779541,289600
2021-12-13,4.239999771118164,4.599999904632568,4.170000076293945,4.380000114440918,573500
2021-12-14,4.079999923706055,4.239999771118164,4.059999942779541,4.190000057220459,288400
2021-12-15,4.170000076293945,4.210000038146973,3.9100000858306885,4.050000190734863,586100
2021-12-16,4.090000152587891,4.409999847412109,4.079999923706055,4.230000019073486,261200
2021-12-17,4.21999979019165,4.300000190734863,3.990000009536743,4.070000171661377,313600
2021-12-20,3.9100000858306885,4.130000114440918,3.809999942779541,4.130000114440918,320400
2021-12-21,4.130000114440918,4.150000095367432,3.930000066757202,4.010000228881836,273300
2021-12-22,4.110000133514404,4.159999847412109,4.039999961853027,4.159999847412109,207700
2021-12-23,4.130000114440918,4.210000038146973,4.019999980926514,4.130000114440918,142600
2021-12-27,4.010000228881836,4.179999828338623,3.990000009536743,4.130000114440918,125000
2021-12-28,3.8499999046325684,4.039999961853027,3.8299999237060547,3.990000009536743,239000
2021-12-29,3.759999990463257,3.880000114440918,3.700000047683716,3.880000114440918,319400
2021-12-30,3.880000114440918,3.9800000190734863,3.700000047683716,3.75,516400
2021-12-31,3.740000009536743,3.940000057220459,3.7300000190734863,3.890000104904175,237200
2022-01-03,3.9200000762939453,3.930000066757202,3.75,3.7799999713897705,334200
2022-01-04,3.7699999809265137,4.03000020980835,3.6500000953674316,3.950000047683716,426700
2022-01-05,3.5299999713897705,3.7799999713897705,3.509999990463257,3.740000009536743,305300
2022-01-06,3.4600000381469727,3.5899999141693115,3.4200000762939453,3.5299999713897705,624300
2022-01-07,3.309999942779541,3.5,3.299999952316284,3.490000009536743,311200
2022-01-10,3.2699999809265137,3.299999952316284,3.130000114440918,3.299999952316284,415100
2022-01-11,3.25,3.3399999141693115,3.25,3.309999942779541,180700
2022-01-12,3.1500000953674316,3.3399999141693115,3.0899999141693115,3.3299999237060547,535200
2022-01-13,3.0999999046325684,3.25,3.0999999046325684,3.1500000953674316,417700
2022-01-14,3.009999990463257,3.119999885559082,2.9600000381469727,3.049999952316284,646200
2022-01-18,2.8499999046325684,2.990000009536743,2.8399999141693115,2.9700000286102295,667200
2022-01-19,2.759999990463257,2.930000066757202,2.75,2.880000114440918,289000
2022-01-20,2.950000047683716,3.130000114440918,2.8399999141693115,2.869999885559082,652200
2022-01-21,2.759999990463257,3.0199999809265137,2.7200000286102295,3.009999990463257,624600
2022-01-24,2.7899999618530273,2.799999952316284,2.509999990463257,2.7200000286102295,599500
2022-01-25,2.809999942779541,2.869999885559082,2.609999895095825,2.7300000190734863,412900
2022-01-26,2.759999990463257,3.0799999237060547,2.7300000190734863,2.8499999046325684,1384000
2022-01-27,2.6500000953674316,2.859999895095825,2.619999885559082,2.759999990463257,291400
2022-01-28,2.5899999141693115,2.6700000762939453,2.5299999713897705,2.6500000953674316,793600
2022-01-31,2.809999942779541,2.8399999141693115,2.559999942779541,2.5999999046325684,469600
2022-02-01,2.859999895095825,2.890000104904175,2.700000047683716,2.799999952316284,285400
2022-02-02,2.609999895095825,2.8399999141693115,2.4100000858306885,2.819999933242798,1086200
2022-02-03,2.4700000286102295,2.6600000858306885,2.450000047683716,2.609999895095825,432600
2022-02-04,2.5,2.549999952316284,2.4200000762939453,2.450000047683716,297900
2022-02-07,2.569999933242798,2.619999885559082,2.5299999713897705,2.5399999618530273,241700
2022-02-08,2.5999999046325684,2.609999895095825,2.5,2.549999952316284,142400
2022-02-09,2.880000114440918,2.890000104904175,2.700000047683716,2.700000047683716,380800
2022-02-10,2.8299999237060547,2.9200000762939453,2.7300000190734863,2.7799999713897705,439500
2022-02-11,2.700000047683716,2.890000104904175,2.6600000858306885,2.859999895095825,198900
2022-02-14,2.5999999046325684,2.740000009536743,2.5999999046325684,2.700000047683716,216200
2022-02-15,2.7699999809265137,2.7799999713897705,2.6500000953674316,2.6500000953674316,195200
2022-02-16,2.75,2.7799999713897705,2.700000047683716,2.7200000286102295,137400
2022-02-17,2.6700000762939453,2.759999990463257,2.6600000858306885,2.740000009536743,175600
2022-02-18,2.7100000381469727,2.759999990463257,2.640000104904175,2.640000104904175,330800
2022-02-22,2.619999885559082,2.75,2.5999999046325684,2.7100000381469727,231900
2022-02-23,2.4700000286102295,2.680000066757202,2.4700000286102295,2.680000066757202,297200
2022-02-24,2.5899999141693115,2.619999885559082,2.359999895095825,2.430000066757202,434300
2022-02-25,2.619999885559082,2.6500000953674316,2.5299999713897705,2.609999895095825,184400
2022-02-28,2.7300000190734863,2.75,2.5899999141693115,2.5999999046325684,208100
2022-03-01,2.7899999618530273,2.8399999141693115,2.6600000858306885,2.7200000286102295,390500
2022-03-02,3.0399999618530273,3.1600000858306885,2.7699999809265137,2.809999942779541,730200
2022-03-03,2.75,3.1500000953674316,2.7300000190734863,3.0999999046325684,482500
2022-03-04,2.549999952316284,2.759999990463257,2.509999990463257,2.740000009536743,321400
2022-03-07,2.5,2.6600000858306885,2.4800000190734863,2.5299999713897705,289100
2022-03-08,2.5999999046325684,2.7300000190734863,2.5799999237060547,2.619999885559082,318200
2022-03-09,2.7200000286102295,2.7899999618530273,2.630000114440918,2.630000114440918,228600
2022-03-10,2.359999895095825,2.619999885559082,2.2200000286102295,2.619999885559082,716700
2022-03-11,2.309999942779541,2.450000047683716,2.299999952316284,2.390000104904175,518000
2022-03-14,2.0899999141693115,2.299999952316284,2.059999942779541,2.299999952316284,500200
2022-03-15,2.0199999809265137,2.109999895095825,1.9299999475479126,2.109999895095825,414500
2022-03-16,2.1700000762939453,2.2699999809265137,2.0899999141693115,2.119999885559082,412900
2022-03-17,2.450000047683716,2.549999952316284,2.2300000190734863,2.25,553800
2022-03-18,2.609999895095825,2.740000009536743,2.450000047683716,2.450000047683716,626700
2022-03-21,2.4700000286102295,2.6600000858306885,2.430000066757202,2.6500000953674316,638900
2022-03-22,2.4700000286102295,2.549999952316284,2.450000047683716,2.4700000286102295,292400
2022-03-23,2.509999990463257,2.5999999046325684,2.359999895095825,2.450000047683716,534800
2022-03-24,2.5199999809265137,2.990000009536743,2.450000047683716,2.5199999809265137,295000
2022-03-25,2.369999885559082,2.5199999809265137,2.3499999046325684,2.509999990463257,221900
2022-03-28,2.390000104904175,2.440000057220459,2.25,2.359999895095825,444300
2022-03-29,2.619999885559082,2.869999885559082,2.4000000953674316,2.4200000762939453,1915700
2022-03-30,2.5799999237060547,2.759999990463257,2.549999952316284,2.6500000953674316,1730300
2022-03-31,2.4600000381469727,2.630000114440918,2.390000104904175,2.630000114440918,738800
2022-04-01,2.549999952316284,2.5899999141693115,2.380000114440918,2.5,452500
2022-04-04,2.700000047683716,2.759999990463257,2.559999942779541,2.5899999141693115,447000
2022-04-05,2.619999885559082,2.7100000381469727,2.569999933242798,2.7100000381469727,253400
2022-04-06,2.5,2.609999895095825,2.4600000381469727,2.569999933242798,313900
2022-04-07,2.4700000286102295,2.5299999713897705,2.390000104904175,2.5,328800
2022-04-08,2.3399999141693115,2.4800000190734863,2.3399999141693115,2.4800000190734863,299200
2022-04-11,2.299999952316284,2.3499999046325684,2.2100000381469727,2.3299999237060547,406100
2022-04-12,2.1500000953674316,2.3499999046325684,2.1500000953674316,2.3299999237060547,442400
2022-04-13,2.2300000190734863,2.2899999618530273,2.119999885559082,2.1500000953674316,623100
2022-04-14,2.140000104904175,2.2300000190734863,2.140000104904175,2.2100000381469727,353800
2022-04-18,2.0399999618530273,2.140000104904175,2.0199999809265137,2.119999885559082,490100
2022-04-19,2.1700000762939453,2.180000066757202,2.0299999713897705,2.0299999713897705,313800
2022-04-20,2.1700000762939453,2.259999990463257,2.0899999141693115,2.180000066757202,489900
2022-04-21,1.9900000095367432,2.190000057220459,1.9600000381469727,2.1700000762939453,1138000
2022-04-22,1.9500000476837158,2.0299999713897705,1.9500000476837158,1.9700000286102295,407500
2022-04-25,1.9800000190734863,2.009999990463257,1.909999966621399,1.9299999475479126,433100
2022-04-26,1.899999976158142,1.9900000095367432,1.8899999856948853,1.9800000190734863,494000
2022-04-27,1.909999966621399,2.0,1.8899999856948853,1.9199999570846558,356600
2022-04-28,2.0,2.0299999713897705,1.850000023841858,1.9299999475479126,438800
2022-04-29,1.8899999856948853,2.0299999713897705,1.8799999952316284,1.9700000286102295,358400
2022-05-02,1.9900000095367432,1.9900000095367432,1.850000023841858,1.9199999570846558,408300
2022-05-03,1.9299999475479126,1.9900000095367432,1.909999966621399,1.9900000095367432,265600
2022-05-04,1.9700000286102295,2.0,1.850000023841858,1.909999966621399,594300
2022-05-05,1.8300000429153442,1.9700000286102295,1.809999942779541,1.9299999475479126,545500
2022-05-06,1.7699999809265137,1.8600000143051147,1.7599999904632568,1.8600000143051147,303900
2022-05-09,1.7100000381469727,1.7999999523162842,1.6699999570846558,1.7999999523162842,477300
2022-05-10,1.7999999523162842,1.8799999952316284,1.7200000286102295,1.75,601300
2022-05-11,1.6299999952316284,1.8200000524520874,1.6100000143051147,1.7999999523162842,399300
2022-05-12,1.6399999856948853,1.7300000190734863,1.5199999809265137,1.6100000143051147,358900
2022-05-13,1.690000057220459,1.7300000190734863,1.5099999904632568,1.6699999570846558,528800
2022-05-16,1.590000033378601,1.690000057220459,1.559999942779541,1.649999976158142,373800
2022-05-17,1.8300000429153442,1.840000033378601,1.6100000143051147,1.6299999952316284,412300
2022-05-18,1.7300000190734863,1.8899999856948853,1.7200000286102295,1.7699999809265137,241100
2022-05-19,1.7599999904632568,1.8200000524520874,1.7100000381469727,1.7200000286102295,241600
2022-05-20,1.909999966621399,2.180000066757202,1.840000033378601,1.8799999952316284,1642200
2022-05-23,1.809999942779541,1.9199999570846558,1.7200000286102295,1.9199999570846558,452600
2022-05-24,1.690000057220459,1.840000033378601,1.6799999475479126,1.7599999904632568,322600
2022-05-25,1.7000000476837158,1.7300000190734863,1.6100000143051147,1.7000000476837158,373300
2022-05-26,1.75,1.7599999904632568,1.690000057220459,1.7000000476837158,156800
2022-05-27,1.7999999523162842,1.7999999523162842,1.7100000381469727,1.7400000095367432,238700
2022-05-31,1.899999976158142,1.9600000381469727,1.7899999618530273,1.809999942779541,486300
2022-06-01,1.7799999713897705,1.9199999570846558,1.7400000095367432,1.9199999570846558,489700
2022-06-02,1.8799999952316284,1.8899999856948853,1.7400000095367432,1.7699999809265137,308300
2022-06-03,1.899999976158142,1.9500000476837158,1.8300000429153442,1.8700000047683716,336300
2022-06-06,1.909999966621399,1.9900000095367432,1.8700000047683716,1.909999966621399,606500
2022-06-07,2.140000104904175,2.1600000858306885,1.8600000143051147,1.8600000143051147,525200
2022-06-08,2.3299999237060547,2.3499999046325684,2.109999895095825,2.140000104904175,576700
2022-06-09,2.299999952316284,2.3499999046325684,2.2100000381469727,2.319999933242798,459200
2022-06-10,2.109999895095825,2.369999885559082,2.0399999618530273,2.369999885559082,647100
2022-06-13,1.7699999809265137,2.049999952316284,1.7599999904632568,2.0199999809265137,610600
2022-06-14,1.7999999523162842,1.8899999856948853,1.7599999904632568,1.7999999523162842,533100
2022-06-15,1.7400000095367432,1.850000023841858,1.7300000190734863,1.7999999523162842,633900
2022-06-16,1.6399999856948853,1.7400000095367432,1.600000023841858,1.7100000381469727,879800
2022-06-17,1.6399999856948853,1.6799999475479126,1.6100000143051147,1.6200000047683716,645900
2022-06-21,1.840000033378601,1.8799999952316284,1.7100000381469727,1.7100000381469727,679800
2022-06-22,1.940000057220459,2.0,1.7899999618530273,1.7999999523162842,589600
2022-06-23,2.109999895095825,2.2799999713897705,2.049999952316284,2.059999942779541,1103600
2022-06-24,1.9199999570846558,2.240000009536743,1.850000023841858,2.0999999046325684,6541100
2022-06-27,1.8600000143051147,1.9800000190734863,1.7999999523162842,1.9800000190734863,646000
2022-06-28,1.7899999618530273,1.9500000476837158,1.7899999618530273,1.850000023841858,522200
2022-06-29,1.75,1.840000033378601,1.7100000381469727,1.7699999809265137,488200
2022-06-30,1.6699999570846558,1.7999999523162842,1.659999966621399,1.7400000095367432,490500
2022-07-01,1.6699999570846558,1.7699999809265137,1.6299999952316284,1.690000057220459,722000
2022-07-05,1.7799999713897705,1.7799999713897705,1.6399999856948853,1.659999966621399,522700
2022-07-06,1.7899999618530273,1.8600000143051147,1.7599999904632568,1.7599999904632568,216100
2022-07-07,1.8799999952316284,1.8899999856948853,1.7799999713897705,1.7999999523162842,360000
2022-07-08,1.899999976158142,1.9199999570846558,1.8200000524520874,1.8700000047683716,189800
2022-07-11,1.7200000286102295,1.8700000047683716,1.7200000286102295,1.8700000047683716,222600
2022-07-12,1.7200000286102295,1.75,1.7100000381469727,1.7100000381469727,95200
2022-07-13,1.7999999523162842,1.850000023841858,1.6799999475479126,1.7000000476837158,273600
2022-07-14,1.7799999713897705,1.809999942779541,1.75,1.7699999809265137,127800
2022-07-15,1.7899999618530273,1.8300000429153442,1.75,1.8200000524520874,117200
2022-07-18,1.7000000476837158,1.8799999952316284,1.690000057220459,1.7999999523162842,206900
2022-07-19,1.690000057220459,1.7699999809265137,1.6799999475479126,1.7699999809265137,403200
2022-07-20,1.9199999570846558,2.0,1.7100000381469727,1.7100000381469727,846900
2022-07-21,2.009999990463257,2.0299999713897705,1.8899999856948853,1.899999976158142,282100
2022-07-22,1.909999966621399,2.0399999618530273,1.8700000047683716,1.9700000286102295,307800
2022-07-25,1.8899999856948853,1.9299999475479126,1.8799999952316284,1.909999966621399,125200
2022-07-26,1.75,1.8700000047683716,1.75,1.8700000047683716,197500
2022-07-27,1.7699999809265137,1.809999942779541,1.75,1.7799999713897705,120600
2022-07-28,1.6699999570846558,1.809999942779541,1.6399999856948853,1.7799999713897705,447100
2022-07-29,1.7200000286102295,1.7599999904632568,1.690000057220459,1.7100000381469727,160300
2022-08-01,1.6799999475479126,1.75,1.649999976158142,1.75,260200
2022-08-02,1.75,1.7699999809265137,1.690000057220459,1.690000057220459,213500
2022-08-03,1.7899999618530273,1.8600000143051147,1.7200000286102295,1.7599999904632568,259600
2022-08-04,1.8200000524520874,1.840000033378601,1.7899999618530273,1.7899999618530273,99300
2022-08-05,1.8899999856948853,1.9600000381469727,1.75,1.7999999523162842,266600
2022-08-08,1.9900000095367432,2.0299999713897705,1.909999966621399,1.9199999570846558,310400
2022-08-09,1.9199999570846558,1.9700000286102295,1.8700000047683716,1.9600000381469727,274800
2022-08-10,2.059999942779541,2.0999999046325684,1.9199999570846558,1.9600000381469727,316500
2022-08-11,1.659999966621399,1.8600000143051147,1.649999976158142,1.809999942779541,1165100
2022-08-12,1.690000057220459,1.7599999904632568,1.6699999570846558,1.7300000190734863,499200
2022-08-15,1.7599999904632568,1.7899999618530273,1.7100000381469727,1.7599999904632568,586800
2022-08-16,1.6699999570846558,1.7400000095367432,1.6299999952316284,1.7300000190734863,512200
2022-08-17,1.6399999856948853,1.6799999475479126,1.6299999952316284,1.6299999952316284,330200
2022-08-18,1.6299999952316284,1.6699999570846558,1.6299999952316284,1.649999976158142,298100
2022-08-19,1.559999942779541,1.6299999952316284,1.5499999523162842,1.6200000047683716,428800
2022-08-22,1.4800000190734863,1.559999942779541,1.4500000476837158,1.559999942779541,441800
2022-08-23,1.5,1.5199999809265137,1.4500000476837158,1.4700000286102295,208100
2022-08-24,1.5499999523162842,1.559999942779541,1.5,1.5499999523162842,157100
2022-08-25,1.6100000143051147,1.6100000143051147,1.5299999713897705,1.5800000429153442,184500
2022-08-26,1.4800000190734863,1.6399999856948853,1.4600000381469727,1.6399999856948853,340900
2022-08-29,1.4500000476837158,1.4900000095367432,1.440000057220459,1.4700000286102295,181100
2022-08-30,1.399999976158142,1.4700000286102295,1.3799999952316284,1.4700000286102295,291600
2022-08-31,1.440000057220459,1.4800000190734863,1.3600000143051147,1.4199999570846558,213300
2022-09-01,1.4199999570846558,1.440000057220459,1.3700000047683716,1.440000057220459,135900
2022-09-02,1.409999966621399,1.4600000381469727,1.3899999856948853,1.4299999475479126,80900
2022-09-06,1.3899999856948853,1.440000057220459,1.3700000047683716,1.409999966621399,121800
2022-09-07,1.440000057220459,1.440000057220459,1.3700000047683716,1.399999976158142,130700
2022-09-08,1.4299999475479126,1.440000057220459,1.3799999952316284,1.4299999475479126,98800
2022-09-09,1.4299999475479126,1.4500000476837158,1.399999976158142,1.4299999475479126,87700
2022-09-12,1.4800000190734863,1.4900000095367432,1.4299999475479126,1.440000057220459,91200
2022-09-13,1.4500000476837158,1.4700000286102295,1.399999976158142,1.4199999570846558,186500
2022-09-14,1.4500000476837158,1.4800000190734863,1.409999966621399,1.4500000476837158,131100
2022-09-15,1.4700000286102295,1.4900000095367432,1.4500000476837158,1.4500000476837158,133300
2022-09-16,1.4600000381469727,1.4700000286102295,1.399999976158142,1.4700000286102295,219000
2022-09-19,1.399999976158142,1.4299999475479126,1.3799999952316284,1.4199999570846558,139200
2022-09-20,1.409999966621399,1.4199999570846558,1.3700000047683716,1.409999966621399,92800
2022-09-21,1.3700000047683716,1.4199999570846558,1.3600000143051147,1.4199999570846558,193000
2022-09-22,1.2899999618530273,1.3799999952316284,1.2799999713897705,1.3799999952316284,161500
2022-09-23,1.2100000381469727,1.2899999618530273,1.2100000381469727,1.25,158600
2022-09-26,1.190000057220459,1.2799999713897705,1.190000057220459,1.2000000476837158,163000
2022-09-27,1.2100000381469727,1.2200000286102295,1.149999976158142,1.2100000381469727,145200
2022-09-28,1.309999942779541,1.3600000143051147,1.2200000286102295,1.2200000286102295,134400
2022-09-29,1.25,1.309999942779541,1.2300000190734863,1.309999942779541,75100
2022-09-30,1.2300000190734863,1.350000023841858,1.2300000190734863,1.25,176400
2022-10-03,1.3200000524520874,1.3300000429153442,1.2599999904632568,1.309999942779541,146500
2022-10-04,1.350000023841858,1.4500000476837158,1.3300000429153442,1.3600000143051147,405000
2022-10-05,1.3600000143051147,1.3700000047683716,1.2799999713897705,1.350000023841858,140100
2022-10-06,1.3700000047683716,1.4199999570846558,1.2999999523162842,1.3799999952316284,116600
2022-10-07,1.2799999713897705,1.4199999570846558,1.2599999904632568,1.3899999856948853,280100
2022-10-10,1.25,1.2999999523162842,1.2100000381469727,1.2899999618530273,178100
2022-10-11,1.309999942779541,1.3700000047683716,1.159999966621399,1.309999942779541,1497300
2022-10-12,1.409999966621399,1.4199999570846558,1.2300000190734863,1.2999999523162842,314100
2022-10-13,1.5,1.5399999618530273,1.350000023841858,1.3700000047683716,521100
2022-10-14,1.3799999952316284,1.5399999618530273,1.3700000047683716,1.5199999809265137,251400
2022-10-17,1.4500000476837158,1.4700000286102295,1.399999976158142,1.399999976158142,125900
2022-10-18,1.4800000190734863,1.5,1.4600000381469727,1.5,87400
2022-10-19,1.4700000286102295,1.6100000143051147,1.3700000047683716,1.4700000286102295,871400
2022-10-20,1.409999966621399,1.4800000190734863,1.399999976158142,1.4600000381469727,175000
2022-10-21,1.4299999475479126,1.4500000476837158,1.409999966621399,1.409999966621399,182800
2022-10-24,1.3600000143051147,1.4299999475479126,1.2799999713897705,1.4299999475479126,221800
2022-10-25,1.4299999475479126,1.440000057220459,1.3200000524520874,1.3200000524520874,95800
2022-10-26,1.4700000286102295,1.5199999809265137,1.3700000047683716,1.4199999570846558,158200
2022-10-27,1.5499999523162842,1.5700000524520874,1.4900000095367432,1.5,160900
2022-10-28,1.5499999523162842,1.5800000429153442,1.5199999809265137,1.5399999618530273,155500
2022-10-31,1.5199999809265137,1.5700000524520874,1.4700000286102295,1.5700000524520874,159600
2022-11-01,1.6399999856948853,1.6699999570846558,1.5199999809265137,1.5299999713897705,181100
2022-11-02,1.6699999570846558,1.7200000286102295,1.6100000143051147,1.6299999952316284,274700
2022-11-03,1.7000000476837158,1.840000033378601,1.5800000429153442,1.659999966621399,505400
2022-11-04,1.899999976158142,1.909999966621399,1.6799999475479126,1.7699999809265137,635000
2022-11-07,2.1600000858306885,2.1600000858306885,1.8799999952316284,1.909999966621399,859000
2022-11-08,1.8200000524520874,2.2100000381469727,1.7100000381469727,2.2100000381469727,1021500
2022-11-09,1.7599999904632568,1.8200000524520874,1.7100000381469727,1.7699999809265137,216600
2022-11-10,1.840000033378601,1.940000057220459,1.7599999904632568,1.7799999713897705,177500
2022-11-11,1.840000033378601,1.9800000190734863,1.7799999713897705,1.809999942779541,995600
2022-11-14,1.7899999618530273,1.850000023841858,1.6299999952316284,1.840000033378601,480500
2022-11-15,1.7699999809265137,1.8700000047683716,1.75,1.7899999618530273,367900
2022-11-16,1.7599999904632568,1.7999999523162842,1.7000000476837158,1.7899999618530273,251900
2022-11-17,1.7300000190734863,1.809999942779541,1.690000057220459,1.7300000190734863,148600
2022-11-18,1.659999966621399,1.75,1.659999966621399,1.7300000190734863,158200
2022-11-21,1.7000000476837158,1.7200000286102295,1.5499999523162842,1.6200000047683716,372400
2022-11-22,1.7000000476837158,1.7200000286102295,1.6200000047683716,1.7000000476837158,264200
2022-11-23,1.7000000476837158,1.7400000095367432,1.6699999570846558,1.7400000095367432,151000
2022-11-25,1.7000000476837158,1.7599999904632568,1.690000057220459,1.7000000476837158,71300
2022-11-28,1.7000000476837158,1.7300000190734863,1.6699999570846558,1.7000000476837158,176000
2022-11-29,1.7000000476837158,1.75,1.6100000143051147,1.7100000381469727,304300
2022-11-30,1.7200000286102295,1.7599999904632568,1.6699999570846558,1.7000000476837158,251300
2022-12-01,1.7000000476837158,1.7400000095367432,1.6799999475479126,1.7100000381469727,93900
2022-12-02,1.75,1.7799999713897705,1.6799999475479126,1.7000000476837158,119900
2022-12-05,1.7000000476837158,1.7799999713897705,1.6799999475479126,1.7599999904632568,148800
2022-12-06,1.659999966621399,1.7200000286102295,1.659999966621399,1.7000000476837158,124700
2022-12-07,1.659999966621399,1.690000057220459,1.6399999856948853,1.6799999475479126,193200
2022-12-08,1.559999942779541,1.6799999475479126,1.5499999523162842,1.649999976158142,170400
2022-12-09,1.5499999523162842,1.6100000143051147,1.5399999618530273,1.5499999523162842,167700
2022-12-12,1.5800000429153442,1.600000023841858,1.5399999618530273,1.5399999618530273,117100
2022-12-13,1.6299999952316284,1.6699999570846558,1.6100000143051147,1.6200000047683716,136100
2022-12-14,1.6299999952316284,1.6799999475479126,1.600000023841858,1.6299999952316284,138600
2022-12-15,1.600000023841858,1.659999966621399,1.5800000429153442,1.600000023841858,91200
2022-12-16,1.5,1.6200000047683716,1.4900000095367432,1.5700000524520874,192400
2022-12-19,1.4700000286102295,1.5399999618530273,1.4700000286102295,1.5,148800
2022-12-20,1.5099999904632568,1.5199999809265137,1.4500000476837158,1.4500000476837158,136300
2022-12-21,1.5199999809265137,1.5700000524520874,1.5199999809265137,1.5299999713897705,93000
2022-12-22,1.4600000381469727,1.5399999618530273,1.4500000476837158,1.5199999809265137,195300
2022-12-23,1.5,1.5499999523162842,1.4800000190734863,1.4800000190734863,109900
2022-12-27,1.4700000286102295,1.559999942779541,1.4600000381469727,1.5499999523162842,177900
2022-12-28,1.5299999713897705,1.5700000524520874,1.4800000190734863,1.4800000190734863,158500
2022-12-29,1.6200000047683716,1.6399999856948853,1.5399999618530273,1.559999942779541,191600
2022-12-30,1.6799999475479126,1.6799999475479126,1.4900000095367432,1.6299999952316284,244000
2023-01-03,1.690000057220459,1.7200000286102295,1.6299999952316284,1.690000057220459,97300
2023-01-04,1.75,1.75,1.649999976158142,1.7000000476837158,179500
2023-01-05,1.840000033378601,1.850000023841858,1.7100000381469727,1.7200000286102295,219700
2023-01-06,1.9199999570846558,1.9299999475479126,1.75,1.8200000524520874,281500
2023-01-09,1.909999966621399,1.9900000095367432,1.8899999856948853,1.9500000476837158,200400
2023-01-10,1.9600000381469727,1.9600000381469727,1.9299999475479126,1.9299999475479126,75400
2023-01-11,2.0,2.0199999809265137,1.9299999475479126,1.9600000381469727,331700
2023-01-12,2.0399999618530273,2.0399999618530273,1.9299999475479126,2.009999990463257,468900
2023-01-13,2.190000057220459,2.200000047683716,2.0,2.0399999618530273,300800
2023-01-17,2.109999895095825,2.240000009536743,2.0399999618530273,2.180000066757202,357700
2023-01-18,1.8300000429153442,2.0999999046325684,1.809999942779541,2.0399999618530273,491600
2023-01-19,1.7599999904632568,1.840000033378601,1.7599999904632568,1.8200000524520874,169400
2023-01-20,1.840000033378601,1.850000023841858,1.7300000190734863,1.7899999618530273,132700
2023-01-23,1.809999942779541,1.8700000047683716,1.7999999523162842,1.850000023841858,96600
2023-01-24,1.899999976158142,1.909999966621399,1.840000033378601,1.8600000143051147,78900
2023-01-25,1.909999966621399,1.909999966621399,1.809999942779541,1.850000023841858,87900
2023-01-26,1.9500000476837158,1.9900000095367432,1.899999976158142,1.909999966621399,174600
2023-01-27,2.109999895095825,2.119999885559082,1.9500000476837158,1.9500000476837158,209200
2023-01-30,1.9700000286102295,2.190000057220459,1.9700000286102295,2.109999895095825,234300
2023-01-31,1.9600000381469727,2.0199999809265137,1.809999942779541,1.9199999570846558,849800
2023-02-01,2.059999942779541,2.0799999237060547,1.9299999475479126,1.9600000381469727,351300
2023-02-02,2.0899999141693115,2.1500000953674316,2.0,2.0999999046325684,246400
2023-02-03,2.069999933242798,2.0999999046325684,1.9600000381469727,2.0899999141693115,333600
2023-02-06,1.8899999856948853,2.0799999237060547,1.8899999856948853,2.059999942779541,143600
2023-02-07,1.8799999952316284,1.9299999475479126,1.850000023841858,1.899999976158142,83300
2023-02-08,1.8200000524520874,1.909999966621399,1.8200000524520874,1.8700000047683716,97900
2023-02-09,1.8200000524520874,1.8899999856948853,1.8200000524520874,1.8700000047683716,100000
2023-02-10,1.8700000047683716,1.8899999856948853,1.7999999523162842,1.8200000524520874,128100
2023-02-13,1.8600000143051147,1.909999966621399,1.8200000524520874,1.8700000047683716,133900
2023-02-14,1.8700000047683716,1.899999976158142,1.8200000524520874,1.8200000524520874,128500
2023-02-15,1.8200000524520874,1.8700000047683716,1.7999999523162842,1.8700000047683716,147300
2023-02-16,1.8200000524520874,1.850000023841858,1.7899999618530273,1.8200000524520874,130000
2023-02-17,1.8200000524520874,1.8700000047683716,1.7599999904632568,1.840000033378601,180600
2023-02-21,1.7200000286102295,1.7899999618530273,1.7100000381469727,1.7899999618530273,171000
2023-02-22,1.7100000381469727,1.7899999618530273,1.690000057220459,1.7799999713897705,201000
2023-02-23,1.75,1.7699999809265137,1.7100000381469727,1.7100000381469727,122900
2023-02-24,1.6200000047683716,1.7200000286102295,1.6100000143051147,1.7000000476837158,187400
2023-02-27,1.7100000381469727,1.7300000190734863,1.6299999952316284,1.690000057220459,119400
2023-02-28,1.6699999570846558,1.75,1.6699999570846558,1.7000000476837158,97800
2023-03-01,1.6399999856948853,1.7000000476837158,1.6200000047683716,1.7000000476837158,126400
2023-03-02,1.6100000143051147,1.6299999952316284,1.600000023841858,1.6200000047683716,96200
2023-03-03,1.6699999570846558,1.7100000381469727,1.6200000047683716,1.659999966621399,84600
2023-03-06,1.6200000047683716,1.6799999475479126,1.600000023841858,1.659999966621399,116800
2023-03-07,1.6200000047683716,1.649999976158142,1.600000023841858,1.6299999952316284,140400
2023-03-08,1.8300000429153442,1.8700000047683716,1.6100000143051147,1.6100000143051147,304000
2023-03-09,1.6399999856948853,1.9900000095367432,1.6100000143051147,1.9900000095367432,222500
2023-03-10,1.4800000190734863,1.649999976158142,1.4800000190734863,1.6399999856948853,364900
2023-03-13,1.600000023841858,1.6699999570846558,1.4800000190734863,1.4800000190734863,256900
2023-03-14,1.649999976158142,1.690000057220459,1.600000023841858,1.649999976158142,185000
2023-03-15,1.6799999475479126,1.7000000476837158,1.5499999523162842,1.5499999523162842,273800
2023-03-16,1.6299999952316284,1.659999966621399,1.5800000429153442,1.6399999856948853,169300
2023-03-17,1.5800000429153442,1.6200000047683716,1.5399999618530273,1.600000023841858,321300
2023-03-20,1.559999942779541,1.590000033378601,1.5399999618530273,1.5800000429153442,121000
2023-03-21,1.6100000143051147,1.6200000047683716,1.5800000429153442,1.5800000429153442,57500
2023-03-22,1.5299999713897705,1.649999976158142,1.5299999713897705,1.6399999856948853,173600
2023-03-23,1.6799999475479126,1.690000057220459,1.559999942779541,1.559999942779541,146700
2023-03-24,1.649999976158142,1.659999966621399,1.590000033378601,1.6399999856948853,111500
2023-03-27,1.600000023841858,1.649999976158142,1.559999942779541,1.649999976158142,105400
2023-03-28,1.5499999523162842,1.6100000143051147,1.5,1.5800000429153442,283200
2023-03-29,1.590000033378601,1.659999966621399,1.5199999809265137,1.5800000429153442,172200
2023-03-30,1.5099999904632568,1.590000033378601,1.5099999904632568,1.5800000429153442,239900
2023-03-31,1.5299999713897705,1.559999942779541,1.5,1.5099999904632568,137200
2023-04-03,1.5099999904632568,1.5499999523162842,1.4700000286102295,1.5499999523162842,272300
2023-04-04,1.4500000476837158,1.5,1.4299999475479126,1.5,142400
2023-04-05,1.4800000190734863,1.5,1.4500000476837158,1.4600000381469727,83500
2023-04-06,1.4500000476837158,1.4800000190734863,1.4299999475479126,1.4600000381469727,90800
2023-04-10,1.4199999570846558,1.4500000476837158,1.399999976158142,1.4299999475479126,75000
2023-04-11,1.4299999475479126,1.4700000286102295,1.4199999570846558,1.4299999475479126,103700
2023-04-12,1.409999966621399,1.4600000381469727,1.399999976158142,1.4500000476837158,60600
2023-04-13,1.4700000286102295,1.5,1.4199999570846558,1.4199999570846558,176900
2023-04-14,1.4299999475479126,1.5099999904632568,1.409999966621399,1.4800000190734863,156700
2023-04-17,1.440000057220459,1.4700000286102295,1.4199999570846558,1.4600000381469727,77700
2023-04-18,1.4199999570846558,1.440000057220459,1.4199999570846558,1.4199999570846558,61500
2023-04-19,1.440000057220459,1.440000057220459,1.409999966621399,1.4199999570846558,43200
2023-04-20,1.4199999570846558,1.4299999475479126,1.399999976158142,1.4199999570846558,150800
2023-04-21,1.399999976158142,1.4199999570846558,1.3899999856948853,1.409999966621399,144600
2023-04-24,1.3700000047683716,1.409999966621399,1.3700000047683716,1.399999976158142,84000
2023-04-25,1.340000033378601,1.3700000047683716,1.3200000524520874,1.3600000143051147,74500
2023-04-26,1.3200000524520874,1.3300000429153442,1.2999999523162842,1.3200000524520874,99600
2023-04-27,1.309999942779541,1.350000023841858,1.2999999523162842,1.340000033378601,88500
2023-04-28,1.3200000524520874,1.340000033378601,1.2999999523162842,1.309999942779541,66900
2023-05-01,1.340000033378601,1.3600000143051147,1.3200000524520874,1.3200000524520874,78100
2023-05-02,1.3799999952316284,1.3799999952316284,1.340000033378601,1.350000023841858,87600
2023-05-03,1.3600000143051147,1.3899999856948853,1.3600000143051147,1.3700000047683716,44300
2023-05-04,1.350000023841858,1.3799999952316284,1.340000033378601,1.3600000143051147,81400
2023-05-05,1.3600000143051147,1.3700000047683716,1.3300000429153442,1.3600000143051147,70300
2023-05-08,1.3600000143051147,1.3700000047683716,1.350000023841858,1.350000023841858,63000
2023-05-09,1.3899999856948853,1.3899999856948853,1.340000033378601,1.3700000047683716,34400
2023-05-10,1.4700000286102295,1.4900000095367432,1.3799999952316284,1.399999976158142,117700
2023-05-11,1.5099999904632568,1.5499999523162842,1.5099999904632568,1.5399999618530273,262400
2023-05-12,1.4299999475479126,1.5499999523162842,1.409999966621399,1.5299999713897705,149500
2023-05-15,1.5199999809265137,1.5199999809265137,1.4299999475479126,1.4299999475479126,59500
2023-05-16,1.5,1.5199999809265137,1.5,1.5099999904632568,52100
2023-05-17,1.5499999523162842,1.559999942779541,1.5099999904632568,1.5099999904632568,51100
2023-05-18,1.559999942779541,1.600000023841858,1.5499999523162842,1.5499999523162842,49300
2023-05-19,1.4800000190734863,1.5800000429153442,1.4600000381469727,1.5700000524520874,63500
2023-05-22,1.5199999809265137,1.5199999809265137,1.4800000190734863,1.4800000190734863,44800
2023-05-23,1.5099999904632568,1.5700000524520874,1.5,1.5700000524520874,60600
2023-05-24,1.5,1.5199999809265137,1.4800000190734863,1.4900000095367432,19800
2023-05-25,1.4299999475479126,1.4900000095367432,1.4299999475479126,1.4900000095367432,53300
2023-05-26,1.4299999475479126,1.4600000381469727,1.409999966621399,1.4500000476837158,76800
2023-05-30,1.399999976158142,1.4700000286102295,1.3600000143051147,1.4500000476837158,84900
2023-05-31,1.409999966621399,1.440000057220459,1.399999976158142,1.409999966621399,65600
2023-06-01,1.4900000095367432,1.5,1.409999966621399,1.4500000476837158,66000
2023-06-02,1.5199999809265137,1.5199999809265137,1.4700000286102295,1.4900000095367432,37300
2023-06-05,1.559999942779541,1.590000033378601,1.4900000095367432,1.5199999809265137,95800
2023-06-06,1.5700000524520874,1.5700000524520874,1.5099999904632568,1.5499999523162842,43800
2023-06-07,1.590000033378601,1.600000023841858,1.559999942779541,1.559999942779541,48400
2023-06-08,1.5700000524520874,1.600000023841858,1.559999942779541,1.600000023841858,53700
2023-06-09,1.590000033378601,1.6100000143051147,1.5700000524520874,1.5700000524520874,68700
2023-06-12,1.7699999809265137,1.7799999713897705,1.6100000143051147,1.6200000047683716,278900
2023-06-13,1.7899999618530273,1.7999999523162842,1.75,1.7999999523162842,80200
2023-06-14,1.7400000095367432,1.7999999523162842,1.7100000381469727,1.7999999523162842,125400
2023-06-15,1.6699999570846558,1.7699999809265137,1.649999976158142,1.7200000286102295,132300
2023-06-16,1.6799999475479126,1.690000057220459,1.6100000143051147,1.649999976158142,69500
2023-06-20,1.659999966621399,1.6699999570846558,1.600000023841858,1.659999966621399,158800
2023-06-21,1.600000023841858,1.6799999475479126,1.600000023841858,1.659999966621399,140000
2023-06-22,1.6100000143051147,1.6200000047683716,1.590000033378601,1.600000023841858,67300
2023-06-23,1.6399999856948853,1.659999966621399,1.5800000429153442,1.5800000429153442,87700
2023-06-26,1.5800000429153442,1.6399999856948853,1.559999942779541,1.6399999856948853,37900
2023-06-27,1.600000023841858,1.600000023841858,1.5499999523162842,1.5700000524520874,35000
2023-06-28,1.5700000524520874,1.590000033378601,1.5700000524520874,1.5800000429153442,24500
2023-06-29,1.5700000524520874,1.590000033378601,1.559999942779541,1.590000033378601,32600
2023-06-30,1.5700000524520874,1.6100000143051147,1.559999942779541,1.5700000524520874,36200
2023-07-03,1.5499999523162842,1.559999942779541,1.5299999713897705,1.5499999523162842,23000
2023-07-05,1.600000023841858,1.6299999952316284,1.5399999618530273,1.5499999523162842,63800
2023-07-06,1.559999942779541,1.590000033378601,1.559999942779541,1.590000033378601,58600
2023-07-07,1.5800000429153442,1.600000023841858,1.5399999618530273,1.5399999618530273,37600
2023-07-10,1.6399999856948853,1.659999966621399,1.590000033378601,1.600000023841858,59600
2023-07-11,1.6699999570846558,1.7200000286102295,1.6399999856948853,1.6399999856948853,62000
2023-07-12,1.659999966621399,1.7100000381469727,1.649999976158142,1.690000057220459,37400
2023-07-13,1.659999966621399,1.7000000476837158,1.6299999952316284,1.6699999570846558,45100
2023-07-14,1.6200000047683716,1.690000057220459,1.600000023841858,1.690000057220459,41400
2023-07-17,1.6399999856948853,1.6699999570846558,1.6200000047683716,1.6200000047683716,48800
2023-07-18,1.7000000476837158,1.7200000286102295,1.649999976158142,1.649999976158142,82900
2023-07-19,1.7699999809265137,1.7799999713897705,1.7100000381469727,1.7300000190734863,184300
2023-07-20,1.6799999475479126,1.7699999809265137,1.6699999570846558,1.7699999809265137,59400
2023-07-21,1.600000023841858,1.6799999475479126,1.559999942779541,1.6799999475479126,105400
2023-07-24,1.6399999856948853,1.6399999856948853,1.559999942779541,1.600000023841858,100300
2023-07-25,1.659999966621399,1.7000000476837158,1.6399999856948853,1.6399999856948853,81200
2023-07-26,1.6100000143051147,1.6399999856948853,1.6100000143051147,1.6200000047683716,53100
2023-07-27,1.7100000381469727,1.7100000381469727,1.6200000047683716,1.6399999856948853,98600
2023-07-28,1.6699999570846558,1.7200000286102295,1.6399999856948853,1.7000000476837158,91000
2023-07-31,1.7200000286102295,1.75,1.6799999475479126,1.6799999475479126,64800
2023-08-01,1.7100000381469727,1.7300000190734863,1.659999966621399,1.6799999475479126,77500
2023-08-02,1.690000057220459,1.7100000381469727,1.6699999570846558,1.7000000476837158,47100
2023-08-03,1.649999976158142,1.690000057220459,1.649999976158142,1.6699999570846558,32200
2023-08-04,1.6399999856948853,1.6799999475479126,1.6399999856948853,1.659999966621399,35500
2023-08-07,1.6200000047683716,1.6399999856948853,1.5499999523162842,1.6399999856948853,98400
2023-08-08,1.659999966621399,1.690000057220459,1.5800000429153442,1.6299999952316284,28000
2023-08-09,1.649999976158142,1.7000000476837158,1.6200000047683716,1.6399999856948853,47000
2023-08-10,1.6100000143051147,1.649999976158142,1.5800000429153442,1.649999976158142,70500
2023-08-11,1.590000033378601,1.6100000143051147,1.559999942779541,1.6100000143051147,80400
2023-08-14,1.590000033378601,1.600000023841858,1.5700000524520874,1.590000033378601,49700
2023-08-15,1.590000033378601,1.600000023841858,1.5800000429153442,1.5800000429153442,35700
2023-08-16,1.5499999523162842,1.590000033378601,1.5399999618530273,1.590000033378601,28900
2023-08-17,1.4800000190734863,1.5399999618530273,1.4700000286102295,1.5399999618530273,198300
2023-08-18,1.5299999713897705,1.5800000429153442,1.4600000381469727,1.4800000190734863,119200
2023-08-21,1.5499999523162842,1.590000033378601,1.5199999809265137,1.5299999713897705,50400
2023-08-22,1.5700000524520874,1.5800000429153442,1.5399999618530273,1.559999942779541,41900
2023-08-23,1.4600000381469727,1.590000033378601,1.4500000476837158,1.5700000524520874,960500
2023-08-24,1.4700000286102295,1.5199999809265137,1.4500000476837158,1.4600000381469727,111200
2023-08-25,1.5,1.5199999809265137,1.4700000286102295,1.4800000190734863,84000
2023-08-28,1.5399999618530273,1.5399999618530273,1.5099999904632568,1.5099999904632568,63700
2023-08-29,1.5700000524520874,1.5700000524520874,1.5099999904632568,1.5299999713897705,37900
2023-08-30,1.5800000429153442,1.600000023841858,1.5399999618530273,1.5399999618530273,64200
2023-08-31,1.590000033378601,1.600000023841858,1.5700000524520874,1.600000023841858,39900
2023-09-01,1.559999942779541,1.600000023841858,1.559999942779541,1.600000023841858,52100
2023-09-05,1.5099999904632568,1.559999942779541,1.4900000095367432,1.559999942779541,89100
2023-09-06,1.5499999523162842,1.559999942779541,1.4800000190734863,1.4800000190734863,74800
2023-09-07,1.5299999713897705,1.559999942779541,1.5099999904632568,1.5299999713897705,90300
2023-09-08,1.5399999618530273,1.5399999618530273,1.5,1.5399999618530273,59500
2023-09-11,1.5299999713897705,1.5399999618530273,1.4900000095367432,1.5399999618530273,81800
2023-09-12,1.440000057220459,1.5199999809265137,1.440000057220459,1.5,265500
2023-09-13,1.399999976158142,1.4500000476837158,1.399999976158142,1.4500000476837158,189400
2023-09-14,1.4700000286102295,1.4900000095367432,1.4199999570846558,1.4299999475479126,95600
2023-09-15,1.4700000286102295,1.5099999904632568,1.4600000381469727,1.4700000286102295,165600
2023-09-18,1.399999976158142,1.5199999809265137,1.399999976158142,1.4600000381469727,92700
2023-09-19,1.4199999570846558,1.4500000476837158,1.3799999952316284,1.3799999952316284,41700
2023-09-20,1.3799999952316284,1.4199999570846558,1.3799999952316284,1.399999976158142,30000
2023-09-21,1.3899999856948853,1.399999976158142,1.3700000047683716,1.399999976158142,51100
2023-09-22,1.3700000047683716,1.399999976158142,1.3700000047683716,1.3799999952316284,48200
2023-09-25,1.3600000143051147,1.3899999856948853,1.3600000143051147,1.3899999856948853,52900
2023-09-26,1.4299999475479126,1.4299999475479126,1.3300000429153442,1.3600000143051147,250100
2023-09-27,1.4500000476837158,1.4600000381469727,1.399999976158142,1.4299999475479126,125600
2023-09-28,1.409999966621399,1.4600000381469727,1.3799999952316284,1.4500000476837158,95500
2023-09-29,1.4600000381469727,1.4800000190734863,1.3899999856948853,1.399999976158142,210600
2023-10-02,1.4600000381469727,1.4800000190734863,1.4199999570846558,1.440000057220459,78900
2023-10-03,1.440000057220459,1.4700000286102295,1.409999966621399,1.4600000381469727,107900
2023-10-04,1.3799999952316284,1.4700000286102295,1.3700000047683716,1.4500000476837158,70200
2023-10-05,1.3799999952316284,1.4500000476837158,1.3799999952316284,1.3799999952316284,81000
2023-10-06,1.440000057220459,1.440000057220459,1.399999976158142,1.399999976158142,70600
2023-10-09,1.3799999952316284,1.4500000476837158,1.350000023841858,1.4500000476837158,65400
2023-10-10,1.3799999952316284,1.399999976158142,1.350000023841858,1.399999976158142,68500
2023-10-11,1.350000023841858,1.399999976158142,1.350000023841858,1.3799999952316284,95100
2023-10-12,1.3200000524520874,1.3700000047683716,1.2999999523162842,1.3600000143051147,88300
2023-10-13,1.309999942779541,1.350000023841858,1.2999999523162842,1.3300000429153442,33900
2023-10-16,1.2999999523162842,1.3600000143051147,1.2899999618530273,1.3600000143051147,62600
2023-10-17,1.2999999523162842,1.340000033378601,1.2999999523162842,1.2999999523162842,79500
2023-10-18,1.2999999523162842,1.309999942779541,1.2899999618530273,1.309999942779541,18800
2023-10-19,1.2899999618530273,1.2999999523162842,1.2799999713897705,1.2899999618530273,61900
2023-10-20,1.2899999618530273,1.2999999523162842,1.2699999809265137,1.2699999809265137,71500
2023-10-23,1.2899999618530273,1.2899999618530273,1.25,1.2899999618530273,57600
2023-10-24,1.309999942779541,1.3200000524520874,1.2699999809265137,1.2699999809265137,47200
2023-10-25,1.2799999713897705,1.3200000524520874,1.2799999713897705,1.2799999713897705,27800
2023-10-26,1.3200000524520874,1.3200000524520874,1.2999999523162842,1.2999999523162842,18300
2023-10-27,1.3200000524520874,1.340000033378601,1.2999999523162842,1.340000033378601,29600
2023-10-30,1.3200000524520874,1.3200000524520874,1.2999999523162842,1.3200000524520874,31200
2023-10-31,1.3200000524520874,1.3200000524520874,1.2899999618530273,1.309999942779541,31400
2023-11-01,1.3300000429153442,1.3300000429153442,1.2799999713897705,1.3200000524520874,45000
2023-11-02,1.409999966621399,1.409999966621399,1.3300000429153442,1.3300000429153442,25400
2023-11-03,1.4800000190734863,1.5499999523162842,1.399999976158142,1.409999966621399,84800
2023-11-06,1.5099999904632568,1.5499999523162842,1.4800000190734863,1.4800000190734863,40000
2023-11-07,1.5299999713897705,1.5399999618530273,1.5099999904632568,1.5399999618530273,99700
2023-11-08,1.600000023841858,1.6399999856948853,1.5399999618530273,1.559999942779541,218000
2023-11-09,1.4199999570846558,1.600000023841858,1.3899999856948853,1.600000023841858,150400
2023-11-10,1.3700000047683716,1.4500000476837158,1.3700000047683716,1.4500000476837158,65600
2023-11-13,1.3600000143051147,1.3700000047683716,1.340000033378601,1.3700000047683716,66500
2023-11-14,1.3700000047683716,1.4199999570846558,1.350000023841858,1.4199999570846558,32800
2023-11-15,1.5,1.5399999618530273,1.3899999856948853,1.3899999856948853,123700
2023-11-16,1.4600000381469727,1.5700000524520874,1.409999966621399,1.5700000524520874,37700
2023-11-17,1.4299999475479126,1.4700000286102295,1.399999976158142,1.440000057220459,27600
2023-11-20,1.4500000476837158,1.4600000381469727,1.399999976158142,1.4299999475479126,24600
2023-11-21,1.440000057220459,1.4600000381469727,1.4199999570846558,1.4600000381469727,38800
2023-11-22,1.4500000476837158,1.4800000190734863,1.4199999570846558,1.4700000286102295,61800
2023-11-24,1.5299999713897705,1.5399999618530273,1.4199999570846558,1.4199999570846558,24500
2023-11-27,1.440000057220459,1.5399999618530273,1.440000057220459,1.5299999713897705,54600
2023-11-28,1.4299999475479126,1.4600000381469727,1.350000023841858,1.4299999475479126,110200
2023-11-29,1.3300000429153442,1.440000057220459,1.3200000524520874,1.440000057220459,144900
2023-11-30,1.3899999856948853,1.4199999570846558,1.350000023841858,1.3899999856948853,100700
2023-12-01,1.409999966621399,1.4500000476837158,1.3600000143051147,1.3799999952316284,111000
2023-12-04,1.399999976158142,1.4299999475479126,1.3700000047683716,1.4299999475479126,66800
2023-12-05,1.4299999475479126,1.4600000381469727,1.3799999952316284,1.399999976158142,130800
2023-12-06,1.399999976158142,1.440000057220459,1.3899999856948853,1.4199999570846558,41900
2023-12-07,1.3899999856948853,1.4199999570846558,1.3899999856948853,1.409999966621399,44900
2023-12-08,1.340000033378601,1.409999966621399,1.3300000429153442,1.399999976158142,85600
2023-12-11,1.350000023841858,1.3899999856948853,1.340000033378601,1.3899999856948853,52400
2023-12-12,1.340000033378601,1.350000023841858,1.3300000429153442,1.340000033378601,64300
2023-12-13,1.340000033378601,1.3700000047683716,1.3200000524520874,1.3700000047683716,131400
2023-12-14,1.3600000143051147,1.3700000047683716,1.3200000524520874,1.3700000047683716,149100
2023-12-15,1.3799999952316284,1.399999976158142,1.340000033378601,1.350000023841858,152100
2023-12-18,1.3799999952316284,1.399999976158142,1.340000033378601,1.3700000047683716,89000
2023-12-19,1.399999976158142,1.4199999570846558,1.3600000143051147,1.3700000047683716,112500
2023-12-20,1.4299999475479126,1.4299999475479126,1.399999976158142,1.399999976158142,98200
2023-12-21,1.4500000476837158,1.4500000476837158,1.409999966621399,1.4500000476837158,26100
2023-12-22,1.4500000476837158,1.4500000476837158,1.409999966621399,1.4500000476837158,79200
2023-12-26,1.4600000381469727,1.4600000381469727,1.4199999570846558,1.4299999475479126,55500
2023-12-27,1.4500000476837158,1.4700000286102295,1.440000057220459,1.4500000476837158,111500
2023-12-28,1.4800000190734863,1.5,1.409999966621399,1.4500000476837158,76800
2023-12-29,1.4299999475479126,1.4800000190734863,1.4199999570846558,1.4800000190734863,70900
2024-01-02,1.4299999475479126,1.4299999475479126,1.3899999856948853,1.4199999570846558,86600
2024-01-03,1.4900000095367432,1.5,1.3799999952316284,1.3899999856948853,61800
2024-01-04,1.4800000190734863,1.5,1.4600000381469727,1.4800000190734863,16200
2024-01-05,1.4600000381469727,1.5,1.4600000381469727,1.5,71200
2024-01-08,1.440000057220459,1.4900000095367432,1.4199999570846558,1.4800000190734863,105700
2024-01-09,1.4800000190734863,1.4900000095367432,1.4199999570846558,1.4199999570846558,17100
2024-01-10,1.5,1.5,1.4700000286102295,1.4800000190734863,33600
2024-01-11,1.4800000190734863,1.5,1.4600000381469727,1.5,40600
2024-01-12,1.4500000476837158,1.5,1.4500000476837158,1.4700000286102295,14300
2024-01-16,1.4199999570846558,1.4700000286102295,1.409999966621399,1.4299999475479126,32500
2024-01-17,1.4299999475479126,1.440000057220459,1.399999976158142,1.409999966621399,36600
2024-01-18,1.4299999475479126,1.4500000476837158,1.399999976158142,1.4500000476837158,21500
2024-01-19,1.399999976158142,1.440000057220459,1.3799999952316284,1.440000057220459,46900
2024-01-22,1.3700000047683716,1.399999976158142,1.3600000143051147,1.399999976158142,142500
2024-01-23,1.3600000143051147,1.399999976158142,1.3600000143051147,1.3600000143051147,27700
2024-01-24,1.4600000381469727,1.4700000286102295,1.3600000143051147,1.3799999952316284,45300
2024-01-25,1.4700000286102295,1.4900000095367432,1.4500000476837158,1.4600000381469727,30600
2024-01-26,1.5299999713897705,1.5499999523162842,1.4900000095367432,1.4900000095367432,98500
2024-01-29,1.5499999523162842,1.5499999523162842,1.4900000095367432,1.5,63800
2024-01-30,1.5199999809265137,1.5499999523162842,1.4800000190734863,1.5499999523162842,27300
2024-01-31,1.4600000381469727,1.4900000095367432,1.4600000381469727,1.4900000095367432,38100
2024-02-01,1.5099999904632568,1.5099999904632568,1.4600000381469727,1.4600000381469727,36700
2024-02-02,1.5199999809265137,1.5499999523162842,1.5,1.5,63000
2024-02-05,1.5499999523162842,1.5700000524520874,1.4900000095367432,1.4900000095367432,53600
2024-02-06,1.5199999809265137,1.5700000524520874,1.5,1.5399999618530273,73500
2024-02-07,1.5399999618530273,1.559999942779541,1.5199999809265137,1.559999942779541,18100
2024-02-08,1.5199999809265137,1.5499999523162842,1.4600000381469727,1.5299999713897705,36300
2024-02-09,1.5299999713897705,1.5499999523162842,1.5199999809265137,1.5499999523162842,20100
2024-02-12,1.559999942779541,1.600000023841858,1.4600000381469727,1.4600000381469727,141300
2024-02-13,1.600000023841858,1.6399999856948853,1.5,1.5,125900
2024-02-14,1.6299999952316284,1.6399999856948853,1.600000023841858,1.600000023841858,48100
2024-02-15,1.6200000047683716,1.6399999856948853,1.6100000143051147,1.6399999856948853,73300
2024-02-16,1.6200000047683716,1.6399999856948853,1.590000033378601,1.590000033378601,63000
2024-02-20,1.590000033378601,1.6200000047683716,1.559999942779541,1.6100000143051147,37100
2024-02-21,1.5199999809265137,1.600000023841858,1.5199999809265137,1.559999942779541,42400
2024-02-22,1.5199999809265137,1.5800000429153442,1.4800000190734863,1.5199999809265137,109700
2024-02-23,1.5199999809265137,1.5399999618530273,1.4800000190734863,1.5399999618530273,107700
2024-02-26,1.649999976158142,1.659999966621399,1.5099999904632568,1.5099999904632568,124300
2024-02-27,1.7300000190734863,1.7799999713897705,1.6699999570846558,1.6699999570846558,216500
2024-02-28,1.7200000286102295,1.7400000095367432,1.6699999570846558,1.7400000095367432,86500
2024-02-29,1.6699999570846558,1.7400000095367432,1.649999976158142,1.7100000381469727,77800
2024-03-01,1.6100000143051147,1.690000057220459,1.6100000143051147,1.690000057220459,37200
2024-03-04,1.659999966621399,1.75,1.600000023841858,1.659999966621399,103100
2024-03-05,1.7300000190734863,1.7699999809265137,1.649999976158142,1.6799999475479126,237500
2024-03-06,1.7400000095367432,1.75,1.6799999475479126,1.7300000190734863,170700
2024-03-07,1.600000023841858,1.75,1.5700000524520874,1.75,231400
2024-03-08,1.7200000286102295,1.7200000286102295,1.6100000143051147,1.6200000047683716,155500
2024-03-11,1.75,1.7999999523162842,1.7200000286102295,1.7400000095367432,277800
2024-03-12,1.9500000476837158,1.9800000190734863,1.7699999809265137,1.7699999809265137,296400
2024-03-13,2.0999999046325684,2.180000066757202,1.9800000190734863,1.9800000190734863,512900
2024-03-14,2.049999952316284,2.140000104904175,1.9800000190734863,2.130000114440918,244800
2024-03-15,2.4000000953674316,2.4000000953674316,2.0199999809265137,2.069999933242798,585800
2024-03-18,2.990000009536743,3.5799999237060547,2.450000047683716,2.450000047683716,2302400
2024-03-19,2.7100000381469727,3.200000047683716,2.5999999046325684,3.1700000762939453,1029500
2024-03-20,3.059999942779541,3.069999933242798,2.3499999046325684,2.6500000953674316,1233700
2024-03-21,3.200000047683716,3.240000009536743,2.950000047683716,2.990000009536743,519400
2024-03-22,3.559999942779541,3.5899999141693115,3.0399999618530273,3.2300000190734863,619400
2024-03-25,3.7899999618530273,4.059999942779541,3.569999933242798,3.609999895095825,894500
2024-03-26,3.8399999141693115,4.039999961853027,3.4200000762939453,3.809999942779541,628600
2024-03-27,3.6700000762939453,3.950000047683716,3.549999952316284,3.869999885559082,434000
2024-03-28,3.4800000190734863,3.7699999809265137,3.1700000762939453,3.609999895095825,489700
2024-04-01,3.609999895095825,3.630000114440918,3.2200000286102295,3.4600000381469727,345200
2024-04-02,3.5899999141693115,3.9000000953674316,3.559999942779541,3.6600000858306885,365500
2024-04-03,3.950000047683716,3.950000047683716,3.609999895095825,3.700000047683716,349800
2024-04-04,4.320000171661377,4.46999979019165,3.859999895095825,3.950000047683716,917500
2024-04-05,4.019999980926514,4.650000095367432,3.880000114440918,4.329999923706055,689000
2024-04-08,4.210000038146973,4.369999885559082,4.059999942779541,4.059999942779541,302600
2024-04-09,3.9800000190734863,4.309999942779541,3.9100000858306885,4.289999961853027,451800
2024-04-10,3.9200000762939453,4.039999961853027,3.7100000381469727,3.990000009536743,287200
2024-04-11,4.090000152587891,4.090000152587891,3.809999942779541,3.990000009536743,270800
2024-04-12,3.8499999046325684,4.190000057220459,3.619999885559082,4.019999980926514,438700
2024-04-15,3.930000066757202,3.9800000190734863,3.75,3.8299999237060547,232900
2024-04-16,3.940000057220459,4.059999942779541,3.819999933242798,3.869999885559082,250600
2024-04-17,3.9700000286102295,4.179999828338623,3.9200000762939453,4.0,296700
2024-04-18,3.7899999618530273,4.010000228881836,3.7699999809265137,3.990000009536743,199400
2024-04-19,3.690000057220459,3.9000000953674316,3.609999895095825,3.7799999713897705,308700
2024-04-22,2.950000047683716,3.7200000286102295,2.890000104904175,3.4100000858306885,878400
2024-04-23,3.4000000953674316,3.440000057220459,2.940000057220459,2.950000047683716,461300
2024-04-24,3.4000000953674316,3.6500000953674316,3.369999885559082,3.4700000286102295,179700
2024-04-25,3.390000104904175,3.509999990463257,3.359999895095825,3.440000057220459,193200
2024-04-26,3.440000057220459,3.5199999809265137,3.380000114440918,3.380000114440918,180300
2024-04-29,3.559999942779541,3.619999885559082,3.4000000953674316,3.440000057220459,159600
2024-04-30,3.5399999618530273,3.640000104904175,3.4600000381469727,3.5299999713897705,145600
2024-05-01,3.6600000858306885,3.680000066757202,3.4200000762939453,3.5299999713897705,140900
2024-05-02,3.759999990463257,3.8499999046325684,3.619999885559082,3.690000057220459,154700
2024-05-03,3.7799999713897705,3.9200000762939453,3.7100000381469727,3.799999952316284,122200
2024-05-06,3.799999952316284,3.9800000190734863,3.740000009536743,3.7699999809265137,240600
2024-05-07,3.75,3.890000104904175,3.630000114440918,3.8499999046325684,213200
2024-05-08,3.8299999237060547,3.8499999046325684,3.7100000381469727,3.75,129900
2024-05-09,3.5199999809265137,3.819999933242798,3.4000000953674316,3.609999895095825,315100
2024-05-10,3.4200000762939453,3.630000114440918,3.380000114440918,3.390000104904175,222200
2024-05-13,3.380000114440918,3.5,3.3299999237060547,3.4100000858306885,170700
2024-05-14,3.6600000858306885,3.6600000858306885,3.390000104904175,3.390000104904175,217300
2024-05-15,3.630000114440918,3.799999952316284,3.609999895095825,3.6500000953674316,173800
2024-05-16,3.4800000190734863,3.680000066757202,3.450000047683716,3.619999885559082,195400
2024-05-17,3.299999952316284,3.5399999618530273,3.25,3.5,258700
2024-05-20,3.1600000858306885,3.390000104904175,2.8499999046325684,3.2899999618530273,368700
2024-05-21,3.1600000858306885,3.240000009536743,3.069999933242798,3.130000114440918,160900
2024-05-22,3.1700000762939453,3.2100000381469727,3.009999990463257,3.1500000953674316,216000
2024-05-23,3.25,3.319999933242798,3.1500000953674316,3.190000057220459,136100
2024-05-24,3.119999885559082,3.3499999046325684,3.059999942779541,3.240000009536743,198400
2024-05-28,2.7699999809265137,3.119999885559082,2.7100000381469727,3.109999895095825,475300
2024-05-29,2.869999885559082,2.890000104904175,2.700000047683716,2.700000047683716,181700
2024-05-30,2.8299999237060547,2.930000066757202,2.75,2.9100000858306885,174000
2024-05-31,2.759999990463257,2.880000114440918,2.759999990463257,2.819999933242798,161800
2024-06-03,2.930000066757202,3.0799999237060547,2.75,2.759999990463257,376700
2024-06-04,2.7899999618530273,2.9700000286102295,2.6600000858306885,2.940000057220459,303500
2024-06-05,2.859999895095825,2.9100000858306885,2.7699999809265137,2.7799999713897705,209900
2024-06-06,2.859999895095825,2.950000047683716,2.809999942779541,2.9000000953674316,147700
2024-06-07,3.200000047683716,3.490000009536743,3.0899999141693115,3.0999999046325684,1227800
2024-06-10,3.0799999237060547,3.319999933242798,3.0299999713897705,3.319999933242798,392400
2024-06-11,3.0799999237060547,3.200000047683716,3.0,3.0799999237060547,301200
2024-06-12,3.0299999713897705,3.190000057220459,2.9800000190734863,3.109999895095825,209100
2024-06-13,3.200000047683716,3.3399999141693115,3.130000114440918,3.1600000858306885,349900
2024-06-14,2.9800000190734863,3.2300000190734863,2.9600000381469727,3.1600000858306885,230200
2024-06-17,2.9600000381469727,3.0199999809265137,2.8499999046325684,2.9600000381469727,239000
2024-06-18,2.75,3.0299999713897705,2.7300000190734863,2.930000066757202,367600
2024-06-20,2.7100000381469727,2.890000104904175,2.7100000381469727,2.799999952316284,236800
2024-06-21,2.7300000190734863,2.7699999809265137,2.6700000762939453,2.700000047683716,277100
2024-06-24,2.549999952316284,2.869999885559082,2.549999952316284,2.75,328400
2024-06-25,2.440000057220459,2.680000066757202,2.4200000762939453,2.5,427100
2024-06-26,2.6700000762939453,2.690000057220459,2.309999942779541,2.430000066757202,398100
2024-06-27,2.6500000953674316,2.8499999046325684,2.5199999809265137,2.640000104904175,472400
2024-06-28,2.7300000190734863,2.799999952316284,2.569999933242798,2.640000104904175,6312500
2024-07-01,2.690000057220459,2.7899999618530273,2.609999895095825,2.7699999809265137,387700
2024-07-02,2.5799999237060547,2.7100000381469727,2.549999952316284,2.680000066757202,233900
2024-07-03,2.5399999618530273,2.619999885559082,2.5,2.569999933242798,133100
2024-07-05,2.509999990463257,2.549999952316284,2.440000057220459,2.490000009536743,253700
2024-07-08,2.509999990463257,2.619999885559082,2.4000000953674316,2.569999933242798,360200
2024-07-09,2.630000114440918,2.6600000858306885,2.4800000190734863,2.5399999618530273,370600
2024-07-10,2.630000114440918,2.6700000762939453,2.559999942779541,2.5999999046325684,146600
2024-07-11,2.880000114440918,2.9200000762939453,2.6500000953674316,2.6500000953674316,331600
2024-07-12,2.609999895095825,3.0799999237060547,2.5199999809265137,2.9000000953674316,708800
2024-07-15,2.7699999809265137,2.869999885559082,2.680000066757202,2.740000009536743,359200
2024-07-16,3.069999933242798,3.109999895095825,2.7899999618530273,2.7899999618530273,515100
2024-07-17,2.9100000858306885,3.0199999809265137,2.8499999046325684,3.0199999809265137,346200
2024-07-18,2.759999990463257,2.9600000381469727,2.740000009536743,2.9000000953674316,282600
2024-07-19,2.7799999713897705,2.8399999141693115,2.740000009536743,2.7899999618530273,167000
2024-07-22,2.9700000286102295,2.990000009536743,2.7799999713897705,2.809999942779541,175800
2024-07-23,3.069999933242798,3.109999895095825,2.950000047683716,2.9800000190734863,235200
2024-07-24,3.200000047683716,3.3499999046325684,2.9600000381469727,3.049999952316284,391700
2024-07-25,3.190000057220459,3.3499999046325684,3.0799999237060547,3.2200000286102295,377300
2024-07-26,3.069999933242798,3.2799999713897705,3.0399999618530273,3.190000057220459,271000
2024-07-29,2.9100000858306885,3.1600000858306885,2.890000104904175,3.069999933242798,282100
2024-07-30,2.990000009536743,3.0199999809265137,2.8299999237060547,2.9000000953674316,197200
2024-07-31,2.990000009536743,3.049999952316284,2.950000047683716,3.0399999618530273,167400
2024-08-01,2.740000009536743,3.0199999809265137,2.700000047683716,2.990000009536743,330800
2024-08-02,2.7699999809265137,2.7699999809265137,2.549999952316284,2.7100000381469727,288800
2024-08-05,2.690000057220459,2.700000047683716,2.5299999713897705,2.5799999237060547,296500
2024-08-06,2.819999933242798,2.869999885559082,2.680000066757202,2.690000057220459,176100
2024-08-07,2.630000114440918,2.9200000762939453,2.619999885559082,2.9000000953674316,189500
2024-08-08,2.880000114440918,2.9700000286102295,2.630000114440918,2.950000047683716,305800
2024-08-09,2.75,2.950000047683716,2.690000057220459,2.950000047683716,290000
2024-08-12,2.819999933242798,2.8499999046325684,2.700000047683716,2.7799999713897705,259100
2024-08-13,3.0399999618530273,3.0799999237060547,2.809999942779541,2.8399999141693115,290000
2024-08-14,3.0199999809265137,3.0399999618530273,2.940000057220459,3.0199999809265137,115600
2024-08-15,3.299999952316284,3.3299999237060547,3.0199999809265137,3.049999952316284,415300
2024-08-16,3.3399999141693115,3.3499999046325684,3.1500000953674316,3.309999942779541,309200
2024-08-19,3.2699999809265137,3.359999895095825,3.259999990463257,3.3499999046325684,325100
2024-08-20,3.3399999141693115,3.390000104904175,3.25,3.25,202300
2024-08-21,3.450000047683716,3.5199999809265137,3.3399999141693115,3.390000104904175,187400
2024-08-22,3.2899999618530273,3.4800000190734863,3.259999990463257,3.440000057220459,225600
2024-08-23,3.509999990463257,3.6700000762939453,3.309999942779541,3.309999942779541,450800
2024-08-26,3.5,3.6500000953674316,3.4800000190734863,3.5199999809265137,546300
2024-08-27,3.490000009536743,3.559999942779541,3.4100000858306885,3.5,164800
2024-08-28,3.369999885559082,3.5,3.2699999809265137,3.490000009536743,254500
2024-08-29,3.359999895095825,3.4700000286102295,3.3299999237060547,3.4000000953674316,234800
2024-08-30,3.450000047683716,3.4700000286102295,3.319999933242798,3.359999895095825,199700
2024-09-03,3.2799999713897705,3.4700000286102295,3.2699999809265137,3.4700000286102295,148400
2024-09-04,3.180000066757202,3.319999933242798,3.0999999046325684,3.25,228200
2024-09-05,3.259999990463257,3.299999952316284,3.140000104904175,3.180000066757202,158000
2024-09-06,3.3299999237060547,3.359999895095825,3.130000114440918,3.259999990463257,249100
2024-09-09,3.369999885559082,3.4600000381469727,3.319999933242798,3.359999895095825,254500
2024-09-10,3.309999942779541,3.4800000190734863,3.2799999713897705,3.380000114440918,224300
2024-09-11,3.319999933242798,3.359999895095825,3.1600000858306885,3.2300000190734863,374600
2024-09-12,3.5,3.5399999618530273,3.3299999237060547,3.359999895095825,131000
2024-09-13,3.549999952316284,3.6600000858306885,3.5,3.5,251900
2024-09-16,3.4200000762939453,3.619999885559082,3.4100000858306885,3.549999952316284,196900
2024-09-17,3.4100000858306885,3.5399999618530273,3.3299999237060547,3.4700000286102295,406800
2024-09-18,3.549999952316284,3.6500000953674316,3.299999952316284,3.440000057220459,348500
2024-09-19,3.700000047683716,3.740000009536743,3.5999999046325684,3.6700000762939453,285900
2024-09-20,3.630000114440918,3.7899999618530273,3.4700000286102295,3.7200000286102295,634600
2024-09-23,3.740000009536743,3.859999895095825,3.509999990463257,3.640000104904175,337200
2024-09-24,3.7799999713897705,3.799999952316284,3.630000114440918,3.759999990463257,282400
2024-09-25,3.7799999713897705,3.869999885559082,3.7200000286102295,3.7899999618530273,170800
2024-09-26,3.7799999713897705,3.869999885559082,3.7300000190734863,3.8499999046325684,242900
2024-09-27,3.799999952316284,3.890000104904175,3.7300000190734863,3.8499999046325684,174200
2024-09-30,3.6500000953674316,3.799999952316284,3.619999885559082,3.740000009536743,343800
2024-10-01,3.559999942779541,3.6600000858306885,3.5,3.6600000858306885,233900
2024-10-02,3.4700000286102295,3.5299999713897705,3.4200000762939453,3.509999990463257,202600
2024-10-03,3.4700000286102295,3.619999885559082,3.4200000762939453,3.430000066757202,196000
2024-10-04,3.380000114440918,3.5399999618530273,3.380000114440918,3.509999990463257,167800
2024-10-07,3.319999933242798,3.390000104904175,3.259999990463257,3.390000104904175,301800
2024-10-08,3.2699999809265137,3.309999942779541,3.2300000190734863,3.2899999618530273,244800
2024-10-09,3.25,3.369999885559082,3.180000066757202,3.25,284200
2024-10-10,3.440000057220459,3.4700000286102295,3.180000066757202,3.25,334100
2024-10-11,3.549999952316284,3.569999933242798,3.430000066757202,3.440000057220459,228900
2024-10-14,3.4100000858306885,3.619999885559082,3.4100000858306885,3.5399999618530273,243500
2024-10-15,3.3499999046325684,3.430000066757202,3.2799999713897705,3.390000104904175,552900
2024-10-16,3.559999942779541,3.5799999237060547,3.2799999713897705,3.359999895095825,392600
2024-10-17,3.440000057220459,3.559999942779541,3.4200000762939453,3.559999942779541,195500
2024-10-18,3.5,3.5299999713897705,3.4100000858306885,3.430000066757202,161600
2024-10-21,3.4600000381469727,3.5,3.430000066757202,3.5,119000
2024-10-22,3.490000009536743,3.5399999618530273,3.4200000762939453,3.4800000190734863,161400
2024-10-23,3.4600000381469727,3.4700000286102295,3.390000104904175,3.4600000381469727,183100
2024-10-24,3.430000066757202,3.5299999713897705,3.4200000762939453,3.4700000286102295,201000
2024-10-25,3.4700000286102295,3.5899999141693115,3.450000047683716,3.450000047683716,206800
2024-10-28,3.6700000762939453,3.740000009536743,3.509999990463257,3.509999990463257,249300
2024-10-29,3.619999885559082,3.6700000762939453,3.549999952316284,3.6700000762939453,98500
2024-10-30,3.5799999237060547,3.680000066757202,3.490000009536743,3.640000104904175,319100
2024-10-31,3.490000009536743,3.619999885559082,3.490000009536743,3.569999933242798,638200
2024-11-01,5.860000133514404,5.980000019073486,3.8299999237060547,4.119999885559082,37879800
2024-11-04,5.739999771118164,6.179999828338623,5.360000133514404,5.71999979019165,3911900
2024-11-05,6.110000133514404,6.380000114440918,5.539999961853027,5.710000038146973,2132100
2024-11-06,6.989999771118164,7.079999923706055,6.130000114440918,6.440000057220459,1909200
2024-11-07,6.769999980926514,7.03000020980835,6.710000038146973,6.980000019073486,993700
2024-11-08,6.5,6.789999961853027,6.380000114440918,6.679999828338623,979300
2024-11-11,7.010000228881836,7.019999980926514,6.21999979019165,6.489999771118164,1268300
2024-11-12,7.25,7.579999923706055,7.019999980926514,7.03000020980835,2144300
2024-11-13,7.010000228881836,7.539999961853027,6.96999979019165,7.349999904632568,1267300
2024-11-14,7.199999809265137,7.420000076293945,6.820000171661377,7.039999961853027,834500
2024-11-15,6.820000171661377,7.130000114440918,6.800000190734863,7.03000020980835,1036300
2024-11-18,7.269999980926514,7.389999866485596,6.849999904632568,6.960000038146973,1436200
2024-11-19,7.519999980926514,7.670000076293945,7.090000152587891,7.230000019073486,1163700
2024-11-20,7.5,7.610000133514404,7.260000228881836,7.519999980926514,578500
2024-11-21,7.630000114440918,7.849999904632568,7.369999885559082,7.559999942779541,1010200
2024-11-22,7.440000057220459,7.519999980926514,7.090000152587891,7.5,1103700
2024-11-25,7.460000038146973,7.519999980926514,7.300000190734863,7.5,871400
2024-11-26,7.590000152587891,7.75,7.150000095367432,7.300000190734863,1030400
2024-11-27,7.639999866485596,7.889999866485596,7.409999847412109,7.619999885559082,668000
2024-11-29,7.71999979019165,7.96999979019165,7.599999904632568,7.599999904632568,483300
2024-12-02,7.559999942779541,7.829999923706055,7.550000190734863,7.760000228881836,718600
2024-12-03,7.610000133514404,7.730000019073486,7.409999847412109,7.440000057220459,608500
2024-12-04,7.53000020980835,7.789999961853027,7.460000038146973,7.579999923706055,570200
2024-12-05,6.659999847412109,7.489999771118164,6.630000114440918,7.449999809265137,1394800
2024-12-06,6.71999979019165,7.050000190734863,6.599999904632568,7.050000190734863,631900
2024-12-09,6.599999904632568,7.0,6.550000190734863,6.679999828338623,585900
2024-12-10,6.710000038146973,6.820000171661377,6.559999942779541,6.590000152587891,531300
2024-12-11,6.449999809265137,6.809999942779541,6.449999809265137,6.760000228881836,525700
2024-12-12,6.380000114440918,6.639999866485596,6.340000152587891,6.400000095367432,493000
2024-12-13,6.119999885559082,6.400000095367432,6.099999904632568,6.300000190734863,685700
2024-12-16,6.150000095367432,6.230000019073486,6.039999961853027,6.099999904632568,642300
2024-12-17,6.0,6.139999866485596,5.869999885559082,6.139999866485596,662200
2024-12-18,5.699999809265137,6.050000190734863,5.619999885559082,6.010000228881836,651000
2024-12-19,5.409999847412109,5.849999904632568,5.400000095367432,5.760000228881836,955700
2024-12-20,5.489999771118164,5.550000190734863,5.25,5.309999942779541,1204900
2024-12-23,5.300000190734863,5.510000228881836,5.25,5.460000038146973,512300
2024-12-24,5.440000057220459,5.460000038146973,5.210000038146973,5.309999942779541,197000
2024-12-26,5.610000133514404,5.760000228881836,5.380000114440918,5.400000095367432,415700
2024-12-27,5.519999980926514,5.650000095367432,5.440000057220459,5.550000190734863,285000
2024-12-30,5.449999809265137,5.550000190734863,5.340000152587891,5.449999809265137,410500
2024-12-31,5.309999942779541,5.559999942779541,5.260000228881836,5.460000038146973,256700
2025-01-02,5.480000019073486,5.53000020980835,5.300000190734863,5.409999847412109,466100
2025-01-03,5.510000228881836,5.679999828338623,5.440000057220459,5.46999979019165,332700
2025-01-06,5.380000114440918,5.639999866485596,5.329999923706055,5.599999904632568,428500
2025-01-07,5.400000095367432,5.409999847412109,5.159999847412109,5.380000114440918,388000
2025-01-08,5.449999809265137,5.480000019073486,5.28000020980835,5.320000171661377,241300
2025-01-10,5.269999980926514,5.440000057220459,5.25,5.389999866485596,303500
2025-01-13,5.260000228881836,5.519999980926514,5.170000076293945,5.230000019073486,554400
2025-01-14,5.440000057220459,5.440000057220459,5.239999771118164,5.340000152587891,323700
2025-01-15,5.769999980926514,5.789999961853027,5.46999979019165,5.550000190734863,462300
2025-01-16,5.650000095367432,5.820000171661377,5.559999942779541,5.820000171661377,414900
2025-01-17,5.940000057220459,6.03000020980835,5.650000095367432,5.690000057220459,364800
2025-01-21,6.090000152587891,6.25,6.010000228881836,6.059999942779541,408600
2025-01-22,5.920000076293945,6.130000114440918,5.789999961853027,6.119999885559082,348900
2025-01-23,5.980000019073486,6.03000020980835,5.78000020980835,5.849999904632568,325600
2025-01-24,5.949999809265137,6.090000152587891,5.869999885559082,5.940000057220459,210200
2025-01-27,5.809999942779541,5.960000038146973,5.599999904632568,5.869999885559082,323278
