Price,Close,High,Low,Open,Volume
Ticker,CLPS,CLPS,CLPS,CLPS,CLPS
Date,,,,,
2020-01-28,2.774111270904541,2.895427972273963,2.749847930630657,2.867120838368375,19700
2020-01-29,2.7498481273651123,2.8582243497765267,2.7498481273651123,2.830725934064362,19700
2020-01-30,2.507214069366455,2.9601303197990845,2.507214069366455,2.77411119027787,38700
2020-01-31,2.4910383224487305,2.5177280132513133,2.345458295977114,2.5072138809455766,8300
2020-02-03,2.4667751789093018,2.668969868866259,2.2645804889523444,2.450599619138976,24500
2020-02-04,2.7498481273651123,3.7122949912256917,2.5072143216115603,2.5072143216115603,744200
2020-02-05,2.4829509258270264,2.741760287315239,2.3495024512494873,2.628531167560659,124300
2020-02-06,2.4344241619110107,2.5153019641693604,2.353546359652661,2.5153019641693604,45900
2020-02-07,2.321194887161255,2.6487504459738456,2.313107107488591,2.4020728767157737,27700
2020-02-10,2.3616340160369873,2.4417030939223854,2.264580465588459,2.2969315847953418,33700
2020-02-11,2.385897159576416,2.410160496989725,2.305019175370855,2.385897159576416,17300
2020-02-12,2.7166876792907715,2.814549945522526,2.4295712198460975,2.4295712198460975,70000
2020-02-13,2.554932117462158,2.808079847900651,2.442511915691855,2.74418632695996,48500
2020-02-14,2.4910383224487305,2.6689696587419065,2.4910383224487305,2.563828528512406,22200
2020-02-18,2.4910383224487305,2.620442983251368,2.4344238677097687,2.4910383224487305,16700
2020-02-19,2.4910383224487305,2.6851452172387527,2.475671676856234,2.5072138809455766,24600
2020-02-20,2.5476531982421875,2.62044321799875,2.4344240857929833,2.495082532004061,19400
2020-02-21,2.588092088699341,2.6042676485864464,2.515301876379483,2.6042676485864464,18900
2020-02-24,2.5153017044067383,2.5759601462500696,2.434423910500877,2.450599469282049,21700
2020-02-25,2.345458507537842,2.571916539748107,2.345458507537842,2.571916539748107,27300
2020-02-26,2.296931505203247,2.3778094932457914,2.1109123833816317,2.3778094932457914,40500
2020-02-27,2.0704734325408936,2.1998780943851504,2.0462100946003208,2.1109123291085146,29700
2020-02-28,1.9734201431274414,2.1028246162322737,1.9653323635583895,2.0462101592489095,28000
2020-03-02,2.1028244495391846,2.216053547357999,1.965332207764454,1.9734199866923792,17400
2020-03-03,2.135176181793213,2.1570131699492605,2.0300348420375784,2.1109126473666064,15300
2020-03-04,1.8035767078399658,2.1109125461870506,1.7631378071137558,2.1109125461870506,113800
2020-03-05,1.585206389427185,1.835119036870001,1.5366796140294445,1.8197521973434334,82500
2020-03-06,1.6175575256347656,2.385897388876856,1.4072750550153614,1.8440155560842868,1098600
2020-03-09,1.358748197555542,1.4881528612571637,1.3102215209778858,1.4558016471247903,104400
2020-03-10,1.5771186351776123,1.6895388344952498,1.3425727270430596,1.358748286966696,135100
2020-03-11,1.4501402378082275,1.8440154670209354,1.4234505460948206,1.8440154670209354,117000
2020-03-12,1.5083723068237305,1.5771185282522768,1.3344848566059613,1.3910994089142823,32800
2020-03-13,1.5124162435531616,1.6579963739360493,1.5043284638882202,1.6094696959463997,41300
2020-03-16,1.4881529808044434,1.5609430015183434,1.3344849664694338,1.4153628636765998,31700
2020-03-17,1.4396260976791382,1.5932941006744075,1.4396260976791382,1.5609428863304926,11700
2020-03-18,1.4962407350540161,1.5285918548128246,1.374923939544543,1.4153628392430533,13500
2020-03-19,1.4234505891799927,1.469551010995767,1.3749239105646007,1.4234505891799927,21500
2020-03-20,1.4396260976791382,1.617557439121891,1.4315383181966437,1.4881528709880418,17300
2020-03-23,1.3886730670928955,1.4558016560531362,1.3797764711001885,1.4558016560531362,7600
2020-03-24,1.4234505891799927,1.5366796023631808,1.3749239105646007,1.3749239105646007,28200
2020-03-25,1.5447673797607422,1.5447673797607422,1.3830116882105044,1.3830116882105044,12100
2020-03-26,1.746962070465088,1.7550498497938576,1.5609428566615797,1.5755008787361522,89300
2020-03-27,1.602190613746643,1.746962118378453,1.6013818936399464,1.6620403366833139,32000
2020-03-30,1.4800652265548706,1.5690309053939666,1.4048487548077813,1.5447674683186166,34500
2020-03-31,1.6539525985717773,1.8601910786929907,1.3910994673500996,1.455801705375911,155700
2020-04-01,1.463889479637146,1.5892502581697259,1.455801699914262,1.5714570656482296,13700
2020-04-02,1.3991873264312744,1.4638895681254267,1.3910995462195055,1.4558017879136576,21000
2020-04-03,1.4202154874801636,1.496240673641299,1.3749238831112345,1.4153627811499432,10700
2020-04-06,1.4881529808044434,1.4905793341110287,1.3910995234386332,1.3910995234386332,7900
2020-04-07,1.552855134010315,1.5932941285440771,1.415362783988975,1.463889461732764,17100
2020-04-08,1.5690308809280396,1.8440155969640093,1.4234506464017556,1.4234506464017556,75100
2020-04-09,1.6175575256347656,1.662040411581529,1.520504070240122,1.520504070240122,12600
2020-04-13,1.5196952819824219,1.6175575557565145,1.4638895416809528,1.6175575557565145,6100
2020-04-14,1.6175575256347656,1.6175575256347656,1.520504070240122,1.5431498732850741,2400
2020-04-15,1.735638976097107,1.8197520330017545,1.5892501358174334,1.6175573626682263,10100
2020-04-16,1.6628490686416626,1.7793132492625447,1.6094696846617376,1.7793132492625447,4800
2020-04-17,1.6757895946502686,1.6757895946502686,1.536679608517278,1.6094697231458162,6300
2020-04-20,1.6418207883834839,1.7631376742478475,1.5771185520973563,1.5771185520973563,34500
2020-04-21,1.5932942628860474,1.7307867209142924,1.5852064825801444,1.6377771509824608,25700
2020-04-22,1.6038082838058472,1.7307865992260287,1.6038082838058472,1.6539525953080536,4200
2020-04-23,1.6393945217132568,1.6903475547589941,1.5771186352857747,1.6418208749847572,8600
2020-04-24,1.6256452798843384,1.7186548438530294,1.5771186011601208,1.6984352979706652,6300
2020-04-27,1.687921166419983,1.6984352994354188,1.6013819419032833,1.6232189280652258,11000
2020-04-28,1.6175575256347656,1.7226988573584094,1.5876327592318376,1.6175575256347656,3800
2020-04-29,1.6935827732086182,1.7388743782852272,1.5884414438372687,1.7307865985511142,32000
2020-04-30,1.657996416091919,1.7558586875054523,1.6337330764801796,1.7469621874961792,12000
2020-05-01,1.553663969039917,1.682259724440688,1.5366795930617592,1.633733046119025,17400
2020-05-04,1.6094696521759033,1.67417188773582,1.520503981867082,1.520503981867082,25500
2020-05-05,1.6337330341339111,1.6822597120995813,1.5609429207714673,1.5609429207714673,25800
2020-05-06,1.663657784461975,1.730786567147799,1.6175574600967606,1.6579963580336046,9100
2020-05-07,1.6660841703414917,1.7065230690725222,1.645864817389916,1.698435289326316,4000
2020-05-08,1.6701281070709229,1.7307865497814938,1.5609428909091074,1.657996341397659,2800
2020-05-11,1.7146109342575073,1.79629764874414,1.6660842533621942,1.674172033511413,31400
2020-05-12,1.6418207883834839,1.74777083528153,1.6256452293119519,1.7226987765690178,10100
2020-05-13,1.6256452798843384,1.6337330596717081,1.5528551653840716,1.6256452798843384,22400
2020-05-14,1.541532278060913,1.6984352603046253,1.520504012514518,1.6418208030485713,28700
2020-05-15,1.5447673797607422,1.5771185952019415,1.5447673797607422,1.5771185952019415,8700
2020-05-18,1.5932942628860474,1.7388745012201956,1.5852064825801444,1.5852064825801444,12000
2020-05-19,1.6499085426330566,1.666084101456685,1.5852063073385434,1.666084101456685,22900
2020-05-20,1.585206389427185,1.6579964079028853,1.5366796140294445,1.6539526144015093,17700
2020-05-21,1.6175575256347656,1.657996425210058,1.552855189900356,1.5852064059745317,12000
2020-05-22,1.520504117012024,1.5690308944090385,1.4800652161927992,1.560943017831249,24500
2020-05-26,1.5609428882598877,1.5690307641663157,1.4986670054504914,1.5609428882598877,2500
2020-05-27,1.4558016061782837,1.5447672738156357,1.4558016061782837,1.536679494613507,21000
2020-05-28,1.5002845525741577,1.5609428991926928,1.4784474706603352,1.4800651037013128,26200
2020-05-29,1.5124162435531616,1.5229303764003734,1.3991872318300405,1.4800651248933954,32500
2020-06-01,1.552855134010315,1.569030789672183,1.484109007206614,1.4962406766425613,15400
2020-06-02,1.5447673797607422,1.5932941547155712,1.5172689671531474,1.5771185952019415,15400
2020-06-03,1.5366795063018799,1.5932940575613406,1.5205039477745863,1.56094284409282,41000
2020-06-04,1.5285917520523071,1.5690307454462236,1.5285917520523071,1.5690307454462236,12700
2020-06-05,1.5771186351776123,1.6094697550248849,1.4962407391454888,1.5366796389545794,36700
2020-06-08,1.6539525985717773,1.8601910786929907,1.5447673790753413,1.601381933761866,137900
2020-06-09,1.6741719245910645,1.7582849869329198,1.4800651172243084,1.6013819079837577,74600
2020-06-10,2.3616340160369873,3.0329203180634403,1.6741719615792123,1.6741719615792123,1143800
2020-06-11,1.900629997253418,2.216053796570019,1.7065230883265592,2.216053796570019,179600
2020-06-12,2.256492853164673,2.7417602557468155,1.981508126680985,2.5638288940828193,812500
2020-06-15,1.9572445154190063,2.1837025282465814,1.8440154125912844,2.1028245425616747,91800
2020-06-16,2.0300347805023193,2.1028248030920027,1.8068118131671524,2.0219470002145767,42100
2020-06-17,2.0381224155426025,2.094736873522153,1.9168055270442588,1.9168055270442588,28700
2020-06-18,1.9168055057525635,2.418248420770808,1.8925421668879852,2.0300346132818046,312600
2020-06-19,1.9087177515029907,2.135175969571707,1.8601910731287852,2.094736878098657,117600
2020-06-22,1.8763664960861206,1.9895955968833594,1.8601909378047816,1.9815078177426897,15400
2020-06-23,1.900629997253418,2.0648121400644723,1.860191098066131,1.8682788779035884,68600
2020-06-24,1.9491567611694336,2.110912348961195,1.8359276568873297,1.868278774445682,202900
2020-06-25,1.94106924533844,2.0785615136301523,1.8844545890963085,1.9491570258261879,30300
2020-06-26,1.6418207883834839,1.9734201350056368,1.6418207883834839,1.9168054854274006,45600
2020-06-29,1.7388744354248047,1.7631377754244397,1.6579964425981362,1.6579964425981362,17300
2020-06-30,1.746962070465088,1.8521032017390944,1.7226987324787786,1.7226987324787786,22400
2020-07-01,1.8682788610458374,1.9232758791410305,1.7388743848141548,1.7469621645786348,47400
2020-07-02,1.746962070465088,1.9248934085258915,1.7388742911363182,1.8197520844240156,22500
2020-07-06,1.8682788610458374,2.2241415563387243,1.7469621645786348,2.2241415563387243,168200
2020-07-07,1.8197522163391113,1.9410691078928721,1.791444890222465,1.8440155560842868,9100
2020-07-08,1.827839970588684,1.9168055484051236,1.8197521907871894,1.8197521907871894,16700
2020-07-09,1.9087177515029907,1.9815079618921778,1.8278399542126482,1.9815079618921778,27800
2020-07-10,1.8698965311050415,2.102824708624698,1.779313318820528,1.9168055775354496,119200
2020-07-13,1.8359278440475464,1.9289374129234305,1.779313382548975,1.868278964903873,22300
2020-07-14,1.7388744354248047,1.8440155754232228,1.7388744354248047,1.7631377754244397,23200
2020-07-15,2.685145139694214,2.9843933488995895,1.7550497816743897,1.7841658246934418,436200
2020-07-16,2.1028244495391846,2.3858970976722906,1.9087175624411168,2.167526873790447,268100
2020-07-17,2.143263578414917,2.248404706509292,2.030034478408495,2.1998780320041957,36500
2020-07-20,2.0704734325408936,2.1594391978175294,2.0381223152867967,2.1594391978175294,26300
2020-07-21,1.989595890045166,2.0704736933689967,1.916805674225825,2.0542981327042305,41700
2020-07-22,1.9572445154190063,2.021946749704637,1.9329811775618948,2.021946749704637,6700
2020-07-23,2.1028244495391846,2.175614652718372,1.9248933131248271,2.038122218115782,68400
2020-07-24,1.9815081357955933,2.078561501061714,1.9491570140402197,2.054298159745184,8000
2020-07-27,2.110912561416626,2.2645805781127795,2.0057714187699194,2.1206179747920935,120500
2020-07-28,2.0947368144989014,2.385897261559768,1.8763665756171881,1.9976834606971947,245600
2020-07-29,2.021946907043457,2.2241415977478027,2.021946907043457,2.070473586533808,39300
2020-07-30,2.0057713985443115,2.139219866971883,1.9653324979341216,1.9653324979341216,11400
2020-07-31,2.054297924041748,2.1028246011070157,1.8763665819745583,1.967758702558141,63100
2020-08-03,1.9976834058761597,2.121426447860329,1.9653322888300466,2.046210081445329,45300
2020-08-04,1.989595890045166,2.0542981327042305,1.9693763428002615,2.021947011374698,33100
2020-08-05,1.9815081357955933,2.0704737206228705,1.9410692336013762,1.9734203553567498,33100
2020-08-06,2.0300347805023193,2.1028248030920027,1.9653325382003783,1.9895958790636064,81400
2020-08-07,2.0138590335845947,2.135175919503183,1.9734201358876902,2.090693035622651,39100
2020-08-10,2.304210662841797,2.5072140724634937,2.0219468948343926,2.1351760057893867,308400
2020-08-11,2.3050193786621094,2.6689698576160956,2.1837026808960354,2.345458470745349,252600
2020-08-12,2.1917903423309326,2.438467903703155,2.0947367965337174,2.2403170188156047,63100
2020-08-13,2.4829509258270264,2.816976665199325,2.191790635187659,2.191790635187659,398800
2020-08-14,2.9116032123565674,2.94395452199295,2.507213866594385,2.547652955432896,403600
2020-08-17,3.2755541801452637,3.809348046138565,2.9116035014314727,3.380695127383861,1452800
2020-08-18,2.871164560317993,3.340256372385311,2.7336723021986415,3.138061682323088,265600
2020-08-19,2.4829509258270264,3.024832797459843,2.4101609013741587,2.782199189789054,222700
2020-08-20,2.5153017044067383,2.5961796911404704,2.3575899098763733,2.4910383662349798,93900
2020-08-21,2.9358670711517334,3.34025646214269,2.5072141470127773,2.5072141470127773,1041600
2020-08-24,2.98439359664917,3.1226947642637795,2.7741111319784575,3.1218858513156387,146800
2020-08-25,3.194675922393799,3.6395041714498766,2.8549888046868923,2.952042349529381,372300
2020-08-26,3.081447124481201,3.328124515062908,2.976305982704778,3.235115139905401,83000
2020-08-27,2.9439549446105957,3.1542374268807887,2.741760242703568,3.081447210784406,113900
2020-08-28,3.041008234024048,3.1057104753348077,2.8711646577554144,2.9116035585746394,32200
2020-08-31,2.9116032123565674,3.1137978852376587,2.7498476283139874,3.073358989227014,59900
2020-09-01,2.6932332515716553,2.9116035047894715,2.482950778368281,2.9116035047894715,110800
2020-09-02,3.0086569786071777,3.0248325382103443,2.6447065018801705,2.6527942816817536,118700
2020-09-03,3.0571835041046143,3.151001783663744,2.8630766057728354,3.0167446071246333,111800
2020-09-04,2.871164560317993,3.154237242101835,2.729628315840013,3.0490959107120954,66000
2020-09-08,2.798374652862549,2.984393790561127,2.580004394316895,2.984393790561127,42200
2020-09-09,2.55574107170105,2.751465431336987,2.5476532914322574,2.7336724304423785,47800
2020-09-10,2.5153017044067383,2.563828573578126,2.4829505868443937,2.563828573578126,22100
2020-09-11,2.46273136138916,2.523389613523019,2.45059959526566,2.515301833716646,15100
2020-09-14,2.410160779953003,2.4667752405641723,2.402072999865693,2.4425119003022426,33000
2020-09-15,2.495082378387451,2.5476530413889202,2.3939850385359525,2.3939850385359525,91500
2020-09-16,2.577577829360962,2.640662625530466,2.4797155618531637,2.49912619420229,30100
2020-09-17,2.5153017044067383,2.6649259123743883,2.442511689891463,2.5880919117498844,37800
2020-09-18,2.385897159576416,2.5266246708358993,2.3454582638875676,2.51530162578073,30700
2020-09-21,2.3131070137023926,2.3131070137023926,2.2241414409102456,2.264580337633949,26800
2020-09-22,2.3131070137023926,2.3778094412881874,2.3050192343576517,2.3131070137023926,11300
2020-09-23,2.3050193786621094,2.4020729297028507,2.2645804794067512,2.272668259257823,32900
2020-09-24,2.296931505203247,2.4263361703745936,2.2403170485529778,2.335752962603013,18200
2020-09-25,2.377809762954712,2.3939853238323985,2.2484050831053213,2.3454586411993383,41300
2020-09-28,2.418248414993286,2.4991262110153185,2.256492630121345,2.385897296584473,39400
2020-09-29,2.3373706340789795,2.393985091660333,2.0559155935785043,2.393985091660333,45100
2020-09-30,2.232229471206665,2.3373708073363613,2.1513516686668153,2.199878350190725,7100
2020-10-01,2.2977404594421387,2.321194885496529,2.1756148514929827,2.20149563073022,13000
2020-10-02,2.2241415977478027,2.3292829294714466,2.1837026981725103,2.264580497323095,9200
2020-10-05,2.1917903423309326,2.2969314747143885,2.151351445260373,2.2945051216073677,43200
2020-10-06,2.1594393253326416,2.2200975773520146,2.130323279519075,2.143263765750425,22000
2020-10-07,2.135176181793213,2.1756150844577267,2.065621037816771,2.1594395233919212,55600
2020-10-08,2.345458507537842,2.5153018870746267,2.127088255305519,2.127088255305519,47800
2020-10-09,2.416630744934082,2.4667750548309963,2.3778094805691548,2.418248377960901,9400
2020-10-12,2.341414451599121,2.4667751339481794,2.224141548987812,2.4505995744726805,34100
2020-10-13,2.499126434326172,2.5880922107278708,2.264580612076427,2.2726683924013185,70500
2020-10-14,2.4344241619110107,2.5719166185780957,2.369721920104331,2.4627314891153786,29800
2020-10-15,2.499126434326172,2.976306051978446,2.4344241917270404,2.450599752376823,326200
2020-10-16,2.9924814701080322,3.1542372617299583,2.5072140952422552,2.5314776278892452,483500
2020-10-19,3.0976223945617676,3.372607279102329,2.9358668069824616,3.0895346151828025,308600
2020-10-20,2.709408760070801,3.1558546711640463,2.677057640628313,3.0248325602908186,155800
2020-10-21,2.8145501613616943,3.008657075691049,2.717496607783074,2.717496607783074,122900
2020-10-22,3.138061761856079,3.3968707248754506,2.749847931671247,2.8307257326148005,1302900
2020-10-23,3.502011775970459,4.893111382423045,3.243202833862625,3.728469985970558,16172300
2020-10-26,2.895427942276001,3.2351150882468427,2.67705768924557,3.194676188209334,543800
2020-10-27,2.5800042152404785,2.8792522551332107,2.4991262259085865,2.8792522551332107,395900
2020-10-28,2.596179723739624,2.6196343421151953,2.4425117205610714,2.5072139564981994,79900
2020-10-29,2.660881996154785,2.6689697757578017,2.499126211266581,2.555740861315572,119400
2020-10-30,2.4910383224487305,2.620442983251368,2.466774984703461,2.620442983251368,66300
2020-11-02,2.474862813949585,2.499126152185027,2.377809461007815,2.499126152185027,103000
2020-11-03,2.442511796951294,2.534712640307607,2.442511796951294,2.4667751361865595,53900
2020-11-04,2.418248414993286,2.547653081456414,2.4101606353910827,2.482950651810912,45800
2020-11-05,2.507214069366455,2.5314776017630325,2.3858973715229777,2.4263362708041365,53500
2020-11-06,2.3373706340789795,2.491038447514082,2.296931542978707,2.462731315137344,109100
2020-11-09,2.3373706340789795,2.563828657232271,2.199878187124958,2.563828657232271,140900
2020-11-10,2.3616340160369873,2.434424034252473,2.3090633509118628,2.4101606948473107,39100
2020-11-11,2.3373706340789795,2.4586873288961657,2.305019322633186,2.4053079446110286,82400
2020-11-12,2.3373706340789795,2.4012641511977275,2.296931542978707,2.296931542978707,67200
2020-11-13,2.264580488204956,2.4125870721652625,2.264580488204956,2.3939851591527384,122000
2020-11-16,2.5233895778656006,2.992481378490266,2.4263362215605597,2.45059956063682,2485200
2020-11-17,2.4020729064941406,2.523389603088059,2.3454584480836456,2.434424025585852,161000
2020-11-18,2.3292829990386963,2.4263363609180306,2.288843905427751,2.4182485807614196,153100
2020-11-19,2.3697216510772705,2.4263361062308535,2.280755885865199,2.3697216510772705,68300
2020-11-20,2.418248414993286,2.580004199865227,2.3292828393690503,2.418248414993286,236300
2020-11-23,2.5233895778656006,2.5880920082301726,2.4263362215605597,2.5072140184814273,258600
2020-11-24,2.5250072479248047,2.652794284628495,2.4829507157787027,2.5719164865228232,132100
2020-11-25,2.5476531982421875,2.709408797701215,2.5233896654954484,2.5314776382962845,206700
2020-11-27,2.5476531982421875,2.6285309979717013,2.5314776382962845,2.5961798780798957,85400
2020-11-30,2.652794361114502,2.660882141158258,2.5153019075427627,2.5153019075427627,109200
2020-12-01,2.4586875438690186,2.7013211475456913,2.402073081337637,2.7013211475456913,217700
2020-12-02,2.563828706741333,2.616399179096675,2.345458459025661,2.4182484773215913,104200
2020-12-03,2.5719165802001953,2.604267700620795,2.499126366425959,2.5880921404104953,50000
2020-12-04,2.6123552322387695,2.6689696875896525,2.4991261287091335,2.604267452902929,234800
2020-12-07,2.5719165802001953,2.647132954460878,2.5314776796744463,2.6204432608310944,138000
2020-12-08,2.7336723804473877,3.582889871623301,2.668969946652471,3.1218860190774467,7410800
2020-12-09,2.4344241619110107,2.6689699812881154,2.426336381685176,2.546844364898484,563300
2020-12-10,2.4910383224487305,2.5880918662576753,2.4263360884613454,2.4263360884613454,206900
2020-12-11,2.563828706741333,2.571916486551992,2.442511816753568,2.5007439085214647,173400
2020-12-14,2.563828706741333,2.571916486551992,2.442511816753568,2.547653147120015,198900
2020-12-15,2.507214069366455,2.5476531614754965,2.4425118305166005,2.515301849222687,135100
2020-12-16,2.4263362884521484,2.5395654000908507,2.3778096089617975,2.499126307687675,403100
2020-12-17,2.4344241619110107,2.4586875025885155,2.4020730410076707,2.4020730410076707,116500
2020-12-18,2.385897159576416,2.4991260675051907,2.3131069545086245,2.426336055265264,279100
2020-12-21,2.4586875438690186,2.5395655403131725,2.34626733899405,2.3616341795295073,325200
2020-12-22,2.353546142578125,2.515301732175627,2.2969314933911265,2.4991261732158763,476100
2020-12-23,2.4263362884521484,2.450599628197324,2.3292829294714466,2.402072948706973,215100
2020-12-24,2.4829509258270264,2.546844449584024,2.418248681868922,2.418248681868922,173900
2020-12-28,2.531477689743042,2.6042677109789025,2.4667752558166103,2.531477689743042,590700
2020-12-29,2.4344241619110107,2.6689699812881154,2.3292830189751563,2.5880921790297657,427500
2020-12-30,2.4829509258270264,2.547653362613028,2.434424242858448,2.458687584342737,179900
2020-12-31,2.4586875438690186,2.5233897867620265,2.450599763507393,2.4667753242306447,126000
2021-01-04,2.4667751789093018,2.494273784781162,2.3939851599428352,2.4667751789093018,276300
2021-01-05,2.55574107170105,2.6042677533138052,2.4505997353788542,2.4505997353788542,359500
2021-01-06,2.507214069366455,2.6285309600378146,2.4748629499415276,2.5233896290789186,166700
2021-01-07,2.6770577430725098,2.8226379789625717,2.5072141666720857,2.539565480180458,745000
2021-01-08,2.98439359664917,3.3806949941039286,2.766023352292194,2.9924813763354328,2546100
2021-01-11,2.6447067260742188,2.976306111704856,2.53228651945389,2.871164772543472,676300
2021-01-12,2.7902867794036865,2.8469012389941017,2.6689698874534846,2.766023439579223,384500
2021-01-13,2.6770577430725098,2.790286858282089,2.668969962902389,2.741760177261365,189800
2021-01-14,2.8145501613616943,2.8226379414242557,2.709408827720513,2.7498479208612054,254300
2021-01-15,2.709408760070801,2.8024183248818937,2.7013209802101787,2.790286751504902,122600
2021-01-19,2.741760015487671,2.8145500327238846,2.717496483581055,2.757935574873496,150000
2021-01-20,2.838813543319702,2.9035157847722206,2.693233307223646,2.7498479613224895,217500
2021-01-21,2.8226377964019775,2.9439546839352286,2.774111118519828,2.798374457460903,197700
2021-01-22,3.0248324871063232,4.197561695490121,2.927778938299147,3.7365576761048174,11356500
2021-01-25,2.903515577316284,3.113798039840195,2.8307255608830415,2.9358668885589347,601100
2021-01-26,2.98439359664917,3.032920274766747,2.8711644882136116,2.919691166331189,213400
2021-01-27,2.919691324234009,2.9358670773092297,2.817785256110234,2.9035157639866758,205900
2021-01-28,2.806462049484253,2.9237349429398716,2.7498475957399906,2.8873398405474853,229700
2021-01-29,2.7579355239868164,2.9196911148605156,2.741759964899446,2.806462201248926,153200
2021-02-01,2.8307254314422607,2.8792521068454398,2.725584108574172,2.7417598598697652,110200
2021-02-02,2.798374652862549,2.911603575827315,2.7417601913801657,2.814550213286087,129100
2021-02-03,2.8549890518188477,2.9358670449931488,2.790286811541716,2.830725711714923,185800
2021-02-04,2.9520423412323,3.0733590309095984,2.879252134598052,2.895427693221692,434900
2021-02-05,3.0248324871063232,3.073359165095973,2.9601302497867907,3.0410080464362066,373200
2021-02-08,3.162324905395508,3.2351149217160846,3.0490957982911797,3.154237125804333,644700
2021-02-09,3.202763795852661,3.348343828152964,3.1137980277301565,3.200337442698202,547600
2021-02-10,3.2189393043518066,3.3159926576916816,3.11379797873907,3.194675966016838,452900
2021-02-11,3.4292218685150146,3.5020120826858734,3.2432031179108702,3.3159929464259505,483600
2021-02-12,3.6314165592193604,3.688031213000516,3.3483440616251383,3.4292218629869478,522000
2021-02-16,3.9630162715911865,4.124771880368055,3.6637682025260845,3.7203824727700923,660400
2021-02-17,8.76716136932373,15.997643492998957,8.49217648358818,10.772932206646473,127547300
2021-02-18,7.521642684936523,7.926032068306105,6.878663503673966,7.6348712186406225,3142000
2021-02-19,6.640073299407959,7.8451534029835415,6.583459036020707,7.618695578123044,1058100
2021-02-22,6.195244789123535,6.761389731306847,6.146718112849744,6.470229673664097,794500
2021-02-23,5.467344760894775,6.114367556220836,5.3055887728214275,6.041577342305041,447500
2021-02-24,5.895997047424316,6.041577083360509,5.297500958475321,5.402641902712468,388100
2021-02-25,5.378378868103027,5.847470490422719,5.265149948908287,5.734241571227979,247800
2021-02-26,4.747530937194824,5.612924296104972,4.747530937194824,5.370290528737793,506900
2021-03-01,3.8093478679656982,4.610038629505312,3.7042065399890562,4.5372488056917355,3166200
2021-03-02,3.8416991233825684,4.003454721683738,3.7365577916589245,3.8497870961255103,1309600
2021-03-03,3.5505387783050537,3.825523690174618,3.493115404027946,3.801260156798453,890600
2021-03-04,3.348343849182129,3.6718554197592446,2.9924813529407532,3.607153182774972,1801800
2021-03-05,3.4534852504730225,4.415932010199047,3.356431892934876,4.205649349877301,18404000
2021-03-08,3.0895347595214844,3.493924325845868,3.0814469797646695,3.3079051986112455,1485800
2021-03-09,3.372607469558716,3.5586265986075776,3.154237221167075,3.210851680016938,1036000
2021-03-10,3.202763795852661,3.550538510286815,3.170412677563705,3.4777486869645386,1167100
2021-03-11,3.590977907180786,3.659724135820789,3.276363004317043,3.383930501082957,934900
2021-03-12,4.424019813537598,5.006340758558366,3.4615733923956515,3.5909778754421424,8031600
2021-03-15,4.4482831954956055,4.650477886199951,3.971103602023504,4.634302326369834,3594700
2021-03-16,4.424019813537598,5.062955412719096,4.197561968206238,4.574452949300501,2583400
2021-03-17,5.402641773223877,5.904084878519428,4.205649238359215,4.229912769928254,10117900
2021-03-18,4.658565998077393,5.782768403985796,4.5534246632135575,5.192359874069511,4382500
2021-03-19,4.852672576904297,5.1680961864194614,4.699004565690302,4.796057924671004,1427600
2021-03-22,5.006340980529785,5.475432638027706,4.537249323031864,4.812233861697937,9829700
2021-03-23,4.302703380584717,5.072660531290693,4.189474070234954,4.925463044885261,2109800
2021-03-24,4.09242057800293,4.5291610880817075,4.02771833734767,4.448283287262633,1045900
2021-03-25,4.0843329429626465,4.100508502937209,3.663767997968248,3.929856210226054,818300
2021-03-26,3.9306650161743164,4.225060368399677,3.8174357082250574,4.225060368399677,402200
2021-03-29,3.88213849067688,4.014778244938261,3.72038249526613,4.014778244938261,326800
2021-03-30,4.019630432128906,4.1166841804019665,3.7325139451442855,3.8093481464581345,323700
2021-03-31,4.100508213043213,4.229912683691195,4.019630033232482,4.027718005475852,319600
2021-04-01,4.367405414581299,4.512985453660227,4.108596070562991,4.108596070562991,675800
2021-04-05,4.124771595001221,4.39166852384604,4.060069355966812,4.330201551025658,355000
2021-04-06,4.351229667663574,4.407843932044159,4.0519816295909745,4.060069216364307,295500
2021-04-07,4.181386470794678,4.424019880160767,4.092420694532552,4.278439834541113,277500
2021-04-08,4.238000392913818,4.2460883653912305,4.027718122025912,4.213737246793091,189700
2021-04-09,4.246088027954102,4.335053789856742,4.136902722120534,4.149034679872524,186200
2021-04-12,3.9064011573791504,4.24608828161312,3.8821380117371507,4.205649191335458,434800
2021-04-13,3.623328685760498,3.9711033969788345,3.5343629184606455,3.8416989250195925,524200
2021-04-14,3.768908977508545,3.882138283963658,3.655680056709205,3.688031176937588,234400
2021-04-15,3.404958486557007,3.9144891793742125,3.364519395766149,3.8659625018186334,380500
2021-04-16,3.534363031387329,3.582889709922524,3.301434665893785,3.4049585552934754,205500
2021-04-19,3.3968706130981445,3.582889741975066,3.315992814815953,3.534363063005751,246700
2021-04-20,3.3645195960998535,3.4373098095952477,3.2512906750615094,3.421134249446913,246000
2021-04-21,3.4453976154327393,3.518187439742839,3.3159927548650234,3.330550873989346,117400
2021-04-22,3.493924140930176,3.566713962061234,3.3726072581707602,3.510099699587715,104900
2021-04-23,3.5424509048461914,3.566714050606978,3.437309578134121,3.5343629324887638,88100
2021-04-26,3.6395044326782227,3.7042066719986906,3.521422807352792,3.550538660784696,97600
2021-04-27,3.5424509048461914,3.7284700268537976,3.4858362553114426,3.7284700268537976,145400
2021-04-28,3.5828895568847656,3.6395042055854967,3.4373095274974133,3.485836203959864,43300
2021-04-29,3.380695104598999,3.5990653560932158,3.340256397673859,3.5828897961920063,223500
2021-04-30,3.404958486557007,3.4130460733217274,3.3443002360264713,3.348343836580956,97400
2021-05-03,3.291729688644409,3.479366258957954,3.235115036666667,3.4292217537518996,149500
2021-05-04,3.2108516693115234,3.315992806825001,3.0652714399265197,3.307905219844153,277400
2021-05-05,3.17041277885437,3.299817256144504,3.073359228058889,3.235115017499437,92500
2021-05-06,3.016744613647461,3.1946759535719718,2.9520423783395917,3.14614927709107,249200
2021-05-07,3.1218857765197754,3.247246455067329,3.0005690841324046,3.0005690841324046,150500
2021-05-10,3.0976223945617676,3.14614926366343,3.000569042014184,3.1218857326986638,98900
2021-05-11,3.1542372703552246,3.2051903033974676,2.960130358443705,2.9843936983291592,122800
2021-05-12,3.0248324871063232,3.21732175882866,2.9601302497867907,3.089534724425856,110100
2021-05-13,2.98439359664917,3.1469581033225684,2.9116033866449262,3.024832495080484,95600
2021-05-14,3.0976223945617676,3.1218857326986638,3.0329201595300455,3.0329201595300455,83500
2021-05-17,3.202763795852661,3.2108515754249,3.0733591298689613,3.1137980277301565,88100
2021-05-18,3.2189393043518066,3.2852589801039978,3.1623248482368798,3.1623248482368798,81700
2021-05-19,3.2108516693115234,3.2108516693115234,3.0490958803090615,3.146149430841691,47600
2021-05-20,3.3321683406829834,3.3386384873487964,3.154237186266449,3.2108516444898916,102000
2021-05-21,3.315992832183838,3.3523879380153883,3.2108516938663003,3.3321683919249976,111900
2021-05-24,3.3402562141418457,4.246088290149745,3.2755539780921024,3.704206484749525,14255600
2021-05-25,3.2189393043518066,3.4211339833044185,3.1623248482368798,3.38878286552446,622500
2021-05-26,3.3564319610595703,3.38069510810869,3.19467616905166,3.218939508928664,304100
2021-05-27,3.348343849182129,3.396870526920333,3.2998171714439244,3.348343849182129,168500
2021-05-28,3.380695104598999,3.4292217843026287,3.31599286499416,3.3645195446977896,184200
2021-06-01,3.5100998878479004,3.5343630343076664,3.3483439069411705,3.437309677157084,227800
2021-06-02,3.502011775970459,3.639504219293118,3.4373095404435006,3.550538452615678,313400
2021-06-03,3.437309741973877,3.510099954037287,3.307905263332941,3.49392439420717,234000
2021-06-04,3.4292218685150146,3.4373098414921226,3.3402564797014964,3.4292218685150146,135100
2021-06-07,3.41304612159729,3.4696607723741226,3.3240807376482406,3.404958534718175,115900
2021-06-08,3.5424509048461914,3.558626463905299,3.404958460015907,3.5100997867279773,223900
2021-06-09,3.6395044326782227,3.7042066719986906,3.481792435092757,3.518187541124462,232500
2021-06-10,3.590977907180786,3.6961192434132353,3.485836570948337,3.6961192434132353,81300
2021-06-11,3.526275396347046,3.619284765856549,3.4939242777649793,3.5748020742201456,70100
2021-06-14,3.5990653038024902,3.704206634460643,3.510099918466296,3.5181875054715124,172400
2021-06-15,3.4453976154327393,3.679943419038545,3.4292216704129888,3.6071532090726897,169100
2021-06-16,3.348343849182129,3.477748708806427,3.2755540254026987,3.449441190883993,162000
2021-06-17,3.4211339950561523,3.429221581701051,3.267465992245622,3.324080641382895,101800
2021-06-18,3.2998170852661133,3.3968704382078827,3.2432028222112854,3.372607292800312,74400
2021-06-21,3.2189393043518066,3.3038610849381334,3.1704126276818694,3.283641539911723,177600
2021-06-22,3.2512905597686768,3.315992798067634,3.1946761012570897,3.1946761012570897,84300
2021-06-23,3.41304612159729,3.4373096535461487,3.2270271883364408,3.259378499992293,192300
2021-06-24,3.4453976154327393,3.4615731747967344,3.333786140124447,3.4130461110489936,125700
2021-06-25,3.404958486557007,3.4696607232977787,3.3321682773957626,3.4615731365330578,144900
2021-06-28,3.372607469558716,3.4453976809078504,3.324080790544547,3.372607469558716,63000
2021-06-29,3.56671404838562,3.696118906433632,3.3240806626501262,3.356431780748192,450500
2021-06-30,3.4777488708496094,3.623328910847419,3.445397750850096,3.6152409380196553,183300
2021-07-01,3.4453976154327393,3.541642251496873,3.3645194329570085,3.518187439742839,100900
2021-07-02,3.3645195960998535,3.4615733426456377,3.3321684758031838,3.429221836693193,71400
2021-07-06,3.348343849182129,3.396870526920333,3.3111400243505966,3.3321682899360607,60200
2021-07-07,3.202763795852661,3.356431800553078,3.194676016280422,3.332168269008486,127600
2021-07-08,3.202763795852661,3.202763795852661,3.0733591298689613,3.162324897991466,90000
2021-07-09,3.372607469558716,3.47774880025063,3.235115019524023,3.235115019524023,328500
2021-07-12,3.3645195960998535,3.6233289441289864,3.2925384884192845,3.3321684758031838,422300
2021-07-13,3.2836415767669678,3.3887829035597994,3.235114899552372,3.3726073444882676,145600
2021-07-14,3.315992832183838,3.3645195114073165,3.2512905932191996,3.3321683919249976,81000
2021-07-15,3.259378671646118,3.3079053524437163,3.1946762377547655,3.299817379482895,138600
2021-07-16,3.194675922393799,3.336212157162387,3.170412584390144,3.3240805845744945,216200
2021-07-19,3.194675922393799,3.194675922393799,3.081446818882207,3.113797936220413,91800
2021-07-20,3.404958486557007,3.4130460733217274,3.113798035567782,3.186588244729026,142700
2021-07-21,3.315992832183838,3.4615732555100394,3.2432030061765023,3.3806950711484762,305400
2021-07-22,3.2432029247283936,3.3313595881242755,3.2027638335631785,3.299817189572789,57000
2021-07-23,3.1299736499786377,3.259378511399169,3.089534751302146,3.259378511399169,96700
2021-07-26,3.202763795852661,3.2836415915750514,3.0895346890134396,3.1057102481579175,244800
2021-07-27,2.9520423412323,3.144531604550335,2.879252134598052,3.138061458232027,177600
2021-07-28,3.0652716159820557,3.1299738581680967,2.9601304724297397,2.9601304724297397,68400
2021-07-29,3.113798141479492,3.2173218394826737,3.0329203428025764,3.0652714622733424,135000
2021-07-30,3.0005691051483154,3.146149329860674,2.9763057665009014,3.0814469006396954,79700
2021-08-02,3.081447124481201,3.1380617782656257,3.0167448833880175,3.0652715642079054,53400
2021-08-03,3.0005691051483154,3.1097542254756156,2.952042427853488,3.0895346801888333,134500
2021-08-04,2.98439359664917,3.0814469528843245,2.9520424779041186,3.0167447153942213,193500
2021-08-05,2.9439549446105957,3.0895349911475716,2.9196914106932055,2.984393846426422,93400
2021-08-06,3.0733590126037598,3.162324777331741,2.9196910137666046,2.976305661439999,282000
2021-08-09,3.081447124481201,3.218939579632105,3.0329204436613133,3.0733593443445533,297600
2021-08-10,3.0005691051483154,3.154237109409812,2.9843935460500397,3.0895346801888333,71300
2021-08-11,3.0248324871063232,3.05718360576609,2.9843935887816153,3.0005691481114987,53000
2021-08-12,2.9682180881500244,3.016744767099318,2.911603436547967,3.016744767099318,90900
2021-08-13,2.960130453109741,2.9763060135506776,2.9116035789590407,2.9763060135506776,49900
2021-08-16,2.6366186141967773,2.9277788679683296,2.6285308347261194,2.9277788679683296,295700
2021-08-17,2.5800042152404785,2.7005121898798237,2.5516968900501347,2.6447064524436903,236100
2021-08-18,2.5800042152404785,2.6285308931428872,2.5072140055589878,2.5800042152404785,71900
2021-08-19,2.353546142578125,2.5395652634431247,2.34545836309825,2.5072139526957518,439000
2021-08-20,2.4020729064941406,2.5476531352347225,2.3535462278565733,2.4263362458129243,222300
2021-08-23,2.5476531982421875,2.5476531982421875,2.337370726117567,2.4020729659011777,110300
2021-08-24,2.6447067260742188,2.6689700675357924,2.4910387039896866,2.547653360227923,84700
2021-08-25,2.685145139694214,2.76602312267063,2.596179570530804,2.612355128560515,121800
2021-08-26,2.6689698696136475,2.749847861315808,2.644706529951364,2.6527943098387916,29300
2021-08-27,2.806462049484253,2.8307253868032225,2.7094085073805103,2.766023153952637,94900
2021-08-30,2.7579355239868164,2.798374421705241,2.636618638003667,2.774111083074186,68400
2021-08-31,2.6770577430725098,2.7741112979418476,2.6123555017115443,2.741760177261365,72100
2021-09-01,2.741760015487671,2.7498477951805835,2.6447064663448416,2.6608820257306665,112000
2021-09-02,2.717496395111084,2.741759926227784,2.6447063802445996,2.6730137046621683,45800
2021-09-03,2.8469011783599854,2.9277789760523056,2.6932331699166974,2.6932331699166974,369500
2021-09-07,2.7498481273651123,2.919691521433537,2.725584592527436,2.854180555855515,59300
2021-09-08,2.6932332515716553,2.757935684515076,2.6285310114561207,2.757935684515076,79300
2021-09-09,2.6932332515716553,2.725584371629423,2.6366187914705623,2.660882131513888,21700
2021-09-10,2.660881996154785,2.741759985012825,2.62853087774272,2.741759985012825,24300
2021-09-13,2.6042678356170654,2.644706738239028,2.5476533719463177,2.644706738239028,35300
2021-09-14,2.5233895778656006,2.6042675676143463,2.4837595923538904,2.5880920082301726,45900
2021-09-15,2.442511796951294,2.531477566975147,2.4182484577160284,2.499126255166914,61500
2021-09-16,2.4263362884521484,2.546844267034885,2.385897388876856,2.4425118482822654,59100
2021-09-17,2.507214069366455,2.507214069366455,2.3858973715229777,2.458687390229064,64400
2021-09-20,2.3697216510772705,2.493464693767175,2.3454583131543063,2.418248326923199,83900
2021-09-21,2.373765468597412,2.410160572268063,2.345458337145013,2.3858972340969196,46200
2021-09-22,2.3939850330352783,2.426336150860965,2.361633915209592,2.361633915209592,31200
2021-09-23,2.3616340160369873,2.426336254450752,2.329282896830105,2.4182484746490314,45800
2021-09-24,2.321194887161255,2.3721481112097043,2.3050193278159266,2.345458419007125,44200
2021-09-27,2.2807559967041016,2.345458427137581,2.2492135980230077,2.3211948952076025,36600
2021-09-28,2.207965850830078,2.33737051133405,2.1837025131408088,2.3292827321042937,83900
2021-09-29,2.2241415977478027,2.264580497323095,2.1998782580026273,2.2241415977478027,72000
2021-09-30,2.3292829990386963,2.35354633950853,2.2322294443314727,2.2322294443314727,72800
2021-10-01,2.288843870162964,2.353546303246856,2.264580530066962,2.353546303246856,69000
2021-10-04,2.2160537242889404,2.3171510653736043,2.1513514876996758,2.280755960878205,135100
2021-10-05,2.1837027072906494,2.2848000530649584,2.159439367444161,2.2079660471371376,102000
2021-10-06,2.199878215789795,2.2484048943489814,2.163483110456465,2.183702656270066,23600
2021-10-07,2.2484047412872314,2.29693141654293,2.199878066031533,2.2160536244500992,57100
2021-10-08,2.377809762954712,2.3858975433935554,2.2484050831053213,2.272668424421852,86800
2021-10-11,2.345458507537842,2.3939851874054945,2.296931634842304,2.3535462875157838,30900
2021-10-12,2.256492853164673,2.3616341912139003,2.2403172923613908,2.3535464108122595,80000
2021-10-13,2.4667751789093018,2.4991262984499536,2.2726682688375077,2.2969316084929967,110900
2021-10-14,2.5476531982421875,2.5880920981069444,2.410160745874129,2.4829507656306915,132600
2021-10-15,2.385897159576416,2.677057401363987,2.353546043025337,2.6042673891240606,1148200
2021-10-18,2.377809762954712,2.4991264695373627,2.2807562048606953,2.3858975433935554,205600
2021-10-19,2.4263362884521484,2.4910385277726164,2.322003869699529,2.3454584893015635,140800
2021-10-20,2.5153017044067383,2.547653014796954,2.38589723415736,2.450599469282049,168000
2021-10-21,2.5476531982421875,2.6285309979717013,2.4829507656306915,2.5233896654954484,119300
2021-10-22,2.4505996704101562,2.5314776637817893,2.4101607701382832,2.4683928636609354,49800
2021-10-25,2.5476531982421875,2.580004318133993,2.4344240857929833,2.4586874257118376,69600
2021-10-26,2.55574107170105,2.7757287721433648,2.4991264169916096,2.523389757797988,437200
2021-10-27,2.5153017044067383,2.628530808702815,2.442511689891463,2.547653014796954,110500
2021-10-28,2.4344241619110107,3.121886059590654,2.4020730410076707,2.4829508432660203,5446300
2021-10-29,2.4910383224487305,2.4910383224487305,2.4101605299644993,2.450599426206615,191800
2021-11-01,2.474862813949585,2.5072139315968416,2.418248358066886,2.4667750345377706,170500
2021-11-02,2.4910383224487305,2.555740749263983,2.4101605299644993,2.4910383224487305,317900
2021-11-03,2.596179723739624,2.6042675032317653,2.4586872795453534,2.4586872795453534,137100
2021-11-04,2.6042678356170654,2.6366189577146355,2.5233898375452424,2.58809227456828,76000
2021-11-05,2.6042678356170654,2.628531177190243,2.474863154398887,2.628531177190243,112800
2021-11-08,2.563828706741333,2.6204431654159452,2.5233896148601573,2.6042676057946275,61900
2021-11-09,2.6042678356170654,2.628531177190243,2.5153020570208495,2.6042678356170654,57500
2021-11-10,2.4910383224487305,2.5800040870092524,2.482950543200307,2.539565190767137,42500
2021-11-11,2.539565324783325,2.5840480165831283,2.4910384539040926,2.4991262335793185,40900
2021-11-12,2.5800042152404785,2.620443113492486,2.5072140055589878,2.539565316988471,30800
2021-11-15,2.4910383224487305,2.5880918662576753,2.482950543200307,2.5880918662576753,29300
2021-11-16,2.4829509258270264,2.6123556065711324,2.434424242858448,2.4910387063217896,184500
2021-11-17,2.4740540981292725,2.5557408053091724,2.4344239210945835,2.450599479946146,197600
2021-11-18,2.3131070137023926,2.5169193231488745,2.3050192343576517,2.4505994553908534,197200
2021-11-19,2.3050193786621094,2.3575900441080155,2.296931598811038,2.3050193786621094,39300
2021-11-22,2.2484047412872314,2.3778094014636277,2.206348212267813,2.280755858124364,52800
2021-11-23,2.2484047412872314,2.309063181770788,2.207965845240816,2.309063181770788,35300
2021-11-24,2.2726683616638184,2.30501948252584,2.207966119939775,2.224141680370786,66700
2021-11-26,2.2403171062469482,2.305019344084935,2.155395322670652,2.2645804454361933,85700
2021-11-29,2.143263578414917,2.248404706509292,2.143263578414917,2.2241413692567438,110500
2021-11-30,2.0623857975006104,2.1998782482766117,1.9976835584662014,2.1190002566557182,115600
2021-12-01,2.021946907043457,2.127088238767101,2.0138591271283985,2.127088238767101,79200
2021-12-02,1.9087177515029907,2.06238575918252,1.884454412315888,1.9653324024341092,80800
2021-12-03,1.795488953590393,1.9329814108703987,1.7631378325428368,1.9329814108703987,165100
2021-12-06,1.8359278440475464,1.8440156242616281,1.7226989210504036,1.7469622616926486,65000
2021-12-07,1.9491567611694336,2.0057712168965502,1.8925421126144462,1.9168054507832104,81000
2021-12-08,1.9491567611694336,2.021946775675726,1.8480594223856472,1.9087176713936223,50900
2021-12-09,1.94106924533844,1.9645236737733807,1.9087179305595516,1.9491570258261879,50300
2021-12-10,1.8682788610458374,1.9257022323531625,1.8326926686477005,1.9168055396327184,28000
2021-12-13,1.746962070465088,1.8723227464749534,1.7226987324787786,1.860190981067864,100800
2021-12-14,1.7307865619659424,1.7793132393448694,1.7000528839292302,1.7146108100117583,143500
2021-12-15,1.7146109342575073,1.779313368279147,1.5730747816461774,1.730786687383834,169300
2021-12-16,1.7146109342575073,1.7388744675330527,1.6256453526160999,1.6984353739590696,105100
2021-12-17,1.7712254524230957,1.8116643500708636,1.6377769937715252,1.7146108028883467,169400
2021-12-20,1.706523060798645,1.787401050696458,1.6579963825566844,1.771225491282471,26200
2021-12-21,1.7226988077163696,1.7793132654903523,1.6741719367965067,1.7065230555244968,40200
2021-12-22,1.6660841703414917,1.7631377201238443,1.6579963905952855,1.7226988213928136,58000
2021-12-23,1.6741719245910645,1.7146108227062347,1.6579963653449963,1.6644667047401493,65300
2021-12-27,1.6256452798843384,1.7065230777580347,1.6175575000969689,1.6741719586085562,75100
2021-12-28,1.6984353065490723,1.7024792928771224,1.5852063889540042,1.6434384808483344,138700
2021-12-29,1.585206389427185,1.6733632474294529,1.5124162745375445,1.6660841877335184,316400
2021-12-30,1.6499085426330566,1.6822596602803133,1.536679534453723,1.536679534453723,259500
2021-12-31,1.585206389427185,1.6741719675641518,1.552855173690711,1.5932941692578184,219400
2022-01-03,1.6175575256347656,1.6499086452949996,1.5609429698154145,1.5609429698154145,46200
2022-01-04,1.6499085426330566,1.674171880868499,1.6256452043976142,1.6579963220448708,32200
2022-01-05,1.6013818979263306,1.698435252793199,1.5892502285679722,1.6579963549320038,35400
2022-01-06,1.6013818979263306,1.6418207957875257,1.5690307796373744,1.6013818979263306,18900
2022-01-07,1.6418207883834839,1.6499085679192498,1.5843975151139706,1.5843975151139706,29000
2022-01-10,1.6337330341339111,1.6547612998179437,1.5876327093493123,1.6256452544729663,100000
2022-01-11,1.6984353065490723,1.6984353065490723,1.6175575082668807,1.6499086275797572,33100
2022-01-12,1.7874010801315308,1.7995326534778653,1.668510542935737,1.6984353090616284,45600
2022-01-13,1.6984353065490723,1.779313297659145,1.6984353065490723,1.779313297659145,13800
2022-01-14,1.763137698173523,1.7631376981735227,1.6822597088904794,1.6984352681815127,69100
2022-01-18,1.657996416091919,1.755049967366759,1.657996416091919,1.7146108751859777,16200
2022-01-19,1.6175575256347656,1.730786637273468,1.6094697457197071,1.6701281914965875,63600
2022-01-20,1.6337330341339111,1.6790246388007788,1.6256452544729663,1.6418208137948562,17400
2022-01-21,1.520504117012024,1.6175575753921083,1.520504117012024,1.6175575753921083,52200
2022-01-24,1.5043284893035889,1.5690308241301951,1.3870555857666915,1.5205040489067554,144400
2022-01-25,1.5447673797607422,1.5771185952019415,1.4558017060218384,1.4962407012198529,40000
2022-01-26,1.5447673797607422,1.5852063749587564,1.5366796000039273,1.5852063749587564,49600
2022-01-27,1.463889479637146,1.5528551530028087,1.4315383607456102,1.5447673732799247,36100
2022-01-28,1.552855134010315,1.601381908168042,1.4315383432369047,1.4396261228608696,28500
2022-01-31,1.552855134010315,1.5932941285440771,1.5285917951384207,1.552855134010315,53200
2022-02-01,1.6175575256347656,1.6377770718363536,1.5609429698154145,1.5609429698154145,31400
2022-02-02,1.706523060798645,1.7793132709894646,1.590867791705851,1.6256452637287104,155800
2022-02-03,1.6256452798843384,1.6903475181832954,1.6175575000969689,1.6660841788211866,21900
2022-02-04,1.746962070465088,1.7631376291226273,1.6579963050207513,1.6579963050207513,48700
2022-02-07,1.9168055057525635,1.9410690374450181,1.7712254725650944,1.8035765910511987,79100
2022-02-08,1.8925422430038452,2.0057713550870306,1.8197522234825805,1.9410691155125728,98600
2022-02-09,1.8925422430038452,1.9248935556189584,1.8359277833761949,1.844015563323002,18400
2022-02-10,1.9127616882324219,1.932981233445171,1.8537208784571033,1.8601910249415736,9400
2022-02-11,1.840780258178711,1.900629783685203,1.8359275522559446,1.8844542258278885,17400
2022-02-14,1.7388744354248047,1.8796017688571103,1.7388744354248047,1.8237962218374697,25400
2022-02-15,1.746962070465088,1.8521032017390944,1.7388742911363182,1.8521032017390944,43500
2022-02-16,1.795488953590393,1.8731316826701063,1.7631378325428368,1.8278400746379493,14100
2022-02-17,1.706523060798645,1.8359277289384186,1.6984352810916514,1.7793132709894646,24200
2022-02-18,1.7388744354248047,1.771225555424318,1.625645322598623,1.7631377754244397,10600
2022-02-22,1.706523060798645,1.844015508645412,1.633733043435704,1.844015508645412,49500
2022-02-23,1.7429182529449463,1.8278400405237762,1.6466736117763758,1.6741720255879993,22300
2022-02-24,1.6499085426330566,1.7170371310339012,1.536679534453723,1.6418207632212425,128800
2022-02-25,1.6822597980499268,1.7307866713228188,1.6256453375307547,1.6256453375307547,23100
2022-02-28,1.7550499439239502,1.8035766224992416,1.6256452748952939,1.6660841737080365,99800
2022-03-01,1.7712254524230957,1.8278399091299706,1.6984352438292396,1.8278399091299706,99200
2022-03-02,1.7307865619659424,1.8278399167237966,1.7307865619659424,1.771225459781715,151300
2022-03-03,1.797106385231018,1.8278400657738891,1.682259828937982,1.7793133844378837,93100
2022-03-04,1.7307865619659424,1.835927696286951,1.6094696756907496,1.835927696286951,121400
2022-03-07,1.6013818979263306,1.698435252793199,1.5528551240789588,1.6822596936487209,41900
2022-03-08,1.6418207883834839,1.7307865561047837,1.5366795580045893,1.5447673375403552,92600
2022-03-09,1.6741719245910645,1.7146108227062347,1.62564524685286,1.6984352634601665,60700
2022-03-10,1.5932942628860474,1.6822598462509812,1.5560904349133147,1.6822598462509812,52200
2022-03-11,1.5690308809280396,1.6984353624377253,1.5447674442310297,1.6984353624377253,39900
2022-03-14,1.4315383434295654,1.5447673545942495,1.4250681004467352,1.5447673545942495,129400
2022-03-15,1.3506604433059692,1.4428612847846916,1.3425726637255813,1.4315383355237858,90200
2022-03-16,1.4072750806808472,1.480065197657841,1.3506605238289757,1.3910995205557248,145700
2022-03-17,1.5124162435531616,1.5205040232181033,1.3749238928352157,1.3749238928352157,126700
2022-03-18,1.6822597980499268,1.6822597980499268,1.4638895432195185,1.57711865708575,130200
2022-03-21,1.6984353065490723,1.7388743985180493,1.577118609125785,1.682259746892634,111800
2022-03-22,1.7307865619659424,1.7307865619659424,1.617557455253904,1.617557455253904,38000
2022-03-23,1.7307865619659424,1.7631376802185603,1.6418207939433676,1.6499085735065222,46900
2022-03-24,1.706523060798645,1.7429181658940547,1.6822597216776647,1.7146108405056384,34000
2022-03-25,1.657996416091919,1.7065230953153978,1.657996416091919,1.7065230953153978,21000
2022-03-28,1.6984353065490723,1.6984353065490723,1.633733067923319,1.690347526720853,42100
2022-03-29,1.8035767078399658,1.8035767078399658,1.698435373123931,1.7631378071137558,97900
2022-03-30,1.795488953590393,1.7962976737682146,1.6919652505414784,1.7631378325428368,54600
2022-03-31,1.7793134450912476,1.7954890060879762,1.7396832628008927,1.7809308854941819,73900
2022-04-01,1.7793134450912476,1.8197523475830695,1.7388745425994254,1.8197523475830695,48700
2022-04-04,1.7550499439239502,1.8035766224992416,1.7146108522833279,1.8035766224992416,42300
2022-04-05,1.6499085426330566,1.7793132060499544,1.6499085426330566,1.7485795285883377,26300
2022-04-06,1.6094696521759033,1.690347446625799,1.5932940932859243,1.6822596671808094,23400
2022-04-07,1.5932942628860474,1.6175576038037567,1.5528552649425857,1.6175576038037567,25000
2022-04-08,1.5447673797607422,1.6054258243507937,1.5366796000039273,1.5423410265509097,23700
2022-04-11,1.6094696521759033,1.617557431620893,1.5237390550795034,1.5447673202020507,21800
2022-04-12,1.5771186351776123,1.5771186351776123,1.4962407391454888,1.5528551988782158,24600
2022-04-13,1.5932942628860474,1.6822598462509812,1.5528552649425857,1.6094698234978535,22100
2022-04-14,1.5277831554412842,1.6175575525582635,1.497049475555784,1.5609429957965892,14200
2022-04-18,1.5932942628860474,1.5932942628860474,1.5205041437189735,1.5205041437189735,8700
2022-04-19,1.5480024814605713,1.601381864074531,1.5480024814605713,1.601381864074531,21000
2022-04-20,1.552855134010315,1.569030789672183,1.512416235890491,1.5431498177443448,25700
2022-04-21,1.4396260976791382,1.5924852841605832,1.4396260976791382,1.536679547883009,42000
2022-04-22,1.5447673797607422,1.5617517558156293,1.4396261465082087,1.4396261465082087,33100
2022-04-25,1.463889479637146,1.5771185885854,1.463889479637146,1.5609429327256927,4200
2022-04-26,1.4396260976791382,1.4638894361266217,1.3102215295452893,1.4477138771616327,50000
2022-04-27,1.4396260976791382,1.4719773120230528,1.374923861819182,1.4558016566441272,14800
2022-04-28,1.4477139711380005,1.4719774075744483,1.3021338345890274,1.4234506311154953,28000
2022-04-29,1.4477139711380005,1.4881529675894516,1.358748294641539,1.3749239510704854,21700
2022-05-02,1.4558016061782837,1.471977260996475,1.3910993725612517,1.3910993725612517,20600
2022-05-03,1.4396260976791382,1.4558016566441272,1.3571306698265448,1.4072749797491602,13600
2022-05-04,1.4153627157211304,1.447713832656583,1.342572606202428,1.3441901427664138,8500
2022-05-05,1.4315383434295654,1.5043284564689832,1.3344848915149878,1.3344848915149878,19700
2022-05-06,1.4072750806808472,1.4881529777204021,1.3425727437664146,1.3854380937947208,28000
2022-05-09,1.358748197555542,1.447713867695181,1.3021337415482763,1.3425726386963233,59500
2022-05-10,1.4881529808044434,1.4881529808044434,1.3263971863901116,1.333676246309868,36200
2022-05-11,1.358748197555542,1.4962406406867732,1.318309300407495,1.4234505294063529,27900
2022-05-12,1.3506604433059692,1.3749238784610707,1.3021337658236418,1.3231620312982255,24600
2022-05-13,1.4153627157211304,1.5043283837075592,1.3021337100331118,1.5043283837075592,45800
2022-05-16,1.4315383434295654,1.4396261230546186,1.415362784179459,1.4396261230546186,2900
2022-05-17,1.4558016061782837,1.496240598602862,1.4291119155284713,1.4396260477740257,23600
2022-05-18,1.463889479637146,1.4800651354968533,1.4153628012998423,1.4169803379616313,8900
2022-05-19,1.4962407350540161,1.4962407350540161,1.4234506191827554,1.4315383991224575,8300
2022-05-20,1.463889479637146,1.525356740510579,1.447713920191378,1.504328474665505,42300
2022-05-23,1.463889479637146,1.463889479637146,1.439626140468494,1.463889479637146,3100
2022-05-24,1.4291120767593384,1.4558017704202528,1.415362869847335,1.4396262101910857,13500
2022-05-25,1.4558016061782837,1.488152819400733,1.4153627101676387,1.488152819400733,14200
2022-05-26,1.4962407350540161,1.4962407350540161,1.4202155457724515,1.488152955114314,19300
2022-05-27,1.4719774723052979,1.4962408133947938,1.4598457053466027,1.4598457053466027,13200
2022-05-31,1.4800652265548706,1.496240786995807,1.439626229038584,1.439626229038584,12700
2022-06-01,1.4153627157211304,1.4962406044736958,1.3749238195518143,1.4962406044736958,41700
2022-06-02,1.4315383434295654,1.4970493969580723,1.3991872249293522,1.3991872249293522,3700
2022-06-03,1.4355822801589966,1.447713949993057,1.4315383902143097,1.4315383902143097,3900
2022-06-06,1.4881529808044434,1.4962407608837656,1.423450643755922,1.4558017640732108,17200
2022-06-07,1.4558016061782837,1.496240598602862,1.4153627101676387,1.4234504893697677,18500
2022-06-08,1.4153627157211304,1.4962406044736958,1.4153627157211304,1.4558016118904462,14200
2022-06-09,1.4315383434295654,1.4962406768439298,1.415362784179459,1.415362784179459,15000
2022-06-10,1.391099452972412,1.4638894699991298,1.3749238936331416,1.4315383513205886,28300
2022-06-13,1.2859582901000977,1.3991873079861397,1.277870509994948,1.3991873079861397,69900
2022-06-14,1.2374314069747925,1.324779540319108,1.2374314069747925,1.3102215180950554,33900
2022-06-15,1.2536070346832275,1.2940460303783279,1.233387585042648,1.233387585042648,11400
2022-06-16,1.2455191612243652,1.2778703746319915,1.2131680442306727,1.2495630508485769,47400
2022-06-17,1.3344849348068237,1.3344849348068237,1.2455192596311766,1.2536070395186043,15300
2022-06-21,1.3830116987228394,1.3830116987228394,1.2940460243077034,1.3344849233991558,13200
2022-06-22,1.310221552848816,1.3830116658998441,1.2940459935961293,1.2940459935961293,5000
2022-06-23,1.358748197555542,1.3668360733990872,1.2697826238298389,1.2697826238298389,12600
2022-06-24,1.3344849348068237,1.374923930657904,1.3102215951445402,1.374923930657904,25300
2022-06-27,1.310221552848816,1.3425726713541892,1.285958213969786,1.3021337732224727,26700
2022-06-28,1.2972811460494995,1.3344849731666701,1.2972811460494995,1.3183094129268471,4700
2022-06-29,1.2859582901000977,1.3183094105206972,1.277870509994948,1.2940460702052476,15200
2022-06-30,1.2455191612243652,1.2980898227530493,1.2455191612243652,1.2980898227530493,14900
2022-07-01,1.2293437719345093,1.2536071130193873,1.2212559915728833,1.2455193326577612,8900
2022-07-05,1.2455191612243652,1.2536069404727883,1.2131680442306727,1.2212558234790958,25200
2022-07-06,1.2131681442260742,1.2859582598755424,1.2050803643110157,1.2131681442260742,21100
2022-07-07,1.2536070346832275,1.285958250522096,1.2131681354020682,1.2131681354020682,8500
2022-07-08,1.2616947889328003,1.2697826650388262,1.2455192295486268,1.2455192295486268,5000
2022-07-11,1.2374314069747925,1.2697826210359848,1.2374314069747925,1.2455191863866066,7700
2022-07-12,1.2536070346832275,1.285958250522096,1.2374314749707638,1.2374314749707638,10600
2022-07-13,1.2616947889328003,1.2778704447309128,1.2455192295486268,1.2697826650388262,4400
2022-07-14,1.249563217163086,1.2536071073255317,1.2455193270006402,1.2536071073255317,6900
2022-07-15,1.2455191612243652,1.2778703746319915,1.2455191612243652,1.2455191612243652,8300
2022-07-18,1.2293437719345093,1.2616948933810133,1.2131682112112574,1.2293437719345093,24600
2022-07-19,1.326397180557251,1.334484960601007,1.2204471270045263,1.2212559435744792,67400
2022-07-20,1.2616947889328003,1.3102215634992598,1.2212558904723667,1.3102215634992598,56100
2022-07-21,1.2374314069747925,1.261694745210235,1.2374314069747925,1.2536069657984208,8200
2022-07-22,1.2131681442260742,1.2536070438013667,1.2050803643110157,1.2495631538438374,23300
2022-07-25,1.188904881477356,1.2382403807198799,1.1646415401608257,1.1646415401608257,23400
2022-07-26,1.1969925165176392,1.2034627593655638,1.180816957604796,1.180816957604796,6600
2022-07-27,1.1808170080184937,1.2050803474236553,1.1808170080184937,1.2010364575227952,3500
2022-07-28,1.188904881477356,1.2091243325744645,1.1808171010385125,1.1808171010385125,10600
2022-07-29,1.188904881477356,1.1969926619161992,1.1808171010385125,1.1969926619161992,8800
2022-08-01,1.1808170080184937,1.1889047878202141,1.172729228216773,1.1808170080184937,4400
2022-08-02,1.172729253768921,1.180817033746863,1.1703029004927497,1.172729253768921,25300
2022-08-03,1.2616947889328003,1.2859582244229997,1.1646414326277594,1.1969925513961064,135000
2022-08-04,1.2697826623916626,1.29404600141734,1.253607006627272,1.2859582217421144,40900
2022-08-05,1.2940460443496704,1.350660503954539,1.2212559284437545,1.2859582644061178,63000
2022-08-08,1.552855134010315,1.9410690380303166,1.294045993215565,1.294045993215565,934100
2022-08-09,1.4153627157211304,1.5043283837075592,1.3344848269685647,1.5043283837075592,126100
2022-08-10,1.3991873264312744,1.4558017879136576,1.318309427899639,1.342572768534946,42300
2022-08-11,1.4881529808044434,1.51241632104241,1.4072750835972776,1.4072750835972776,65200
2022-08-12,1.4072750806808472,1.5285918780332077,1.399187300618286,1.5285918780332077,103900
2022-08-15,1.4072750806808472,1.4396262009310918,1.358748303891537,1.3749239604306027,27900
2022-08-16,1.4315383434295654,1.4638894619297784,1.3749238860541926,1.3749238860541926,33600
2022-08-17,1.419406771659851,1.4638895626584576,1.3749239806612448,1.4638895626584576,27900
2022-08-18,1.391099452972412,1.4396261309902239,1.3425726785406618,1.4396261309902239,37800
2022-08-19,1.3328673839569092,1.3587482600390317,1.3021338014282897,1.350660480237497,32300
2022-08-22,1.3175005912780762,1.3385288580744836,1.277870507408628,1.3021338476749702,20100
2022-08-23,1.3166918754577637,1.3425727525443842,1.3021338519671821,1.3425727525443842,5200
2022-08-24,1.2536070346832275,1.3021338102345597,1.2131681354020682,1.2940460303783279,83700
2022-08-25,1.2940460443496704,1.2940460443496704,1.253607048217965,1.253607048217965,11900
2022-08-26,1.326397180557251,1.334484960601007,1.2778705002947148,1.326397180557251,17900
2022-08-29,1.310221552848816,1.3587482306068759,1.2131681009187578,1.2940459935961293,25800
2022-08-30,1.2940460443496704,1.3102216042367758,1.253607048217965,1.253607048217965,7300
2022-08-31,1.3029425144195557,1.3183093538066206,1.2406666295718185,1.2859582347777763,20200
2022-09-01,1.2536070346832275,1.3021338102345597,1.2536070346832275,1.2940460303783279,29200
2022-09-02,1.2697826623916626,1.2697826623916626,1.253607006627272,1.253607006627272,3300
2022-09-06,1.2859582901000977,1.3021338503103974,1.2536070732655544,1.2536070732655544,10200
2022-09-07,1.277870535850525,1.3021338766569026,1.261694878898994,1.2859583161193175,8500
2022-09-08,1.277870535850525,1.277870535850525,1.2544159152226588,1.261694878898994,4800
2022-09-09,1.3021339178085327,1.3102216983329251,1.2657389054487664,1.2697827957109626,16100
2022-09-12,1.2940460443496704,1.2940460443496704,1.2859582644061178,1.2940460443496704,5200
2022-09-13,1.277870535850525,1.318309437194488,1.237431538092616,1.2697827555817323,10900
2022-09-14,1.3021339178085327,1.3183094788573178,1.277870576235355,1.29404613728414,17200
2022-09-15,1.2859582901000977,1.3749239676706901,1.2859582901000977,1.3183094105206972,8200
2022-09-16,1.2916196584701538,1.3263971306320803,1.277870452196073,1.277870452196073,6300
2022-09-19,1.2697826623916626,1.2859582217421144,1.253607006627272,1.2616947863024979,35400
2022-09-20,1.238240361213684,1.2778705425880852,1.237431544616962,1.2778705425880852,15800
2022-09-21,1.2131681442260742,1.2616948237164252,1.2131681442260742,1.2616948237164252,81700
2022-09-22,1.2616947889328003,1.2616947889328003,1.2010364412421497,1.2212558904723667,12300
2022-09-23,1.1848608255386353,1.2204470159267424,1.1727291565771532,1.2131680531154267,28300
2022-09-26,1.172729253768921,1.2050803736806894,1.172729253768921,1.2050803736806894,5100
2022-09-27,1.1484657526016235,1.1889047466228957,1.1161146345157555,1.1889047466228957,28200
2022-09-28,1.1371428966522217,1.1371428966522217,1.0352367399876454,1.1322901903873581,188200
2022-09-29,1.0797196626663208,1.0934688690284171,1.0514123369835011,1.0918513323529835,22900
2022-09-30,1.0675880908966064,1.0918514324953148,1.0595002139497547,1.063544200630155,12300
2022-10-03,1.083763599395752,1.0918513795363665,1.0635441490442152,1.0675880391145227,7300
2022-10-04,1.0878074169158936,1.116114645520124,1.0837635271152892,1.0837635271152892,35000
2022-10-05,1.0918513536453247,1.0918513536453247,1.0837635736964955,1.0918513536453247,17900
2022-10-06,1.0918513536453247,1.0918513536453247,1.0869986471104502,1.0918513536453247,3800
2022-10-07,1.0675880908966064,1.0918514324953148,1.0595002139497547,1.083763651962412,31000
2022-10-10,1.043324589729309,1.0514123697726414,1.043324589729309,1.0514123697726414,15100
2022-10-11,0.97053462266922,1.0837636459116375,0.97053462266922,1.0352368665712024,102700
2022-10-12,0.9867100715637207,1.0109734102708767,0.9721520490566395,0.9737695856876625,21000
2022-10-13,0.9381832480430603,0.9923714454166923,0.9300954689023908,0.970534461019671,100300
2022-10-14,0.97053462266922,0.9867101836447155,0.9300956238165325,0.9300956238165325,14700
2022-10-17,1.0028856992721558,1.0109734793941938,0.963255518825803,0.9705345787840037,31300
2022-10-18,1.0918513536453247,1.1161146934918127,1.035236797589577,1.0433245775384066,161900
2022-10-19,1.2131681442260742,1.2455192638863082,1.0837635691711967,1.124202468746489,253600
2022-10-20,1.1646414995193481,1.2778705181258496,1.1484658427921812,1.1484658427921812,181000
2022-10-21,1.188904881477356,1.213168222793886,1.1565536633080344,1.1565536633080344,32800
2022-10-24,1.1161147356033325,1.2042715982201364,1.0918513948413775,1.1969926345571282,87100
2022-10-25,1.083763599395752,1.0918513795363665,1.0675880391145227,1.0756758192551372,10700
2022-10-26,1.0675880908966064,1.1161147740940232,1.0595002139497547,1.083763651962412,14000
2022-10-27,1.0514122247695923,1.0958951052871115,1.019061109057891,1.0958951052871115,19300
2022-10-28,1.0109734535217285,1.0433245731819625,1.0109734535217285,1.0433245731819625,12800
2022-10-31,0.9867100715637207,1.0311928591935067,0.9543588568735751,0.9867100715637207,33100
2022-11-01,0.9867100715637207,1.0109734102708767,0.9867100715637207,1.0028856307018248,2900
2022-11-02,0.9867100715637207,1.0231050796244547,0.9867100715637207,0.9867100715637207,17700
2022-11-03,0.9786222577095032,0.9947978162809108,0.9786222577095032,0.986710036995207,9100
2022-11-04,0.994797945022583,1.010973505687349,0.9786223843578169,1.010973505687349,12900
2022-11-07,0.9786222577095032,0.9947978162809108,0.9786222577095032,0.9947978162809108,10200
2022-11-08,0.9786222577095032,0.9786222577095032,0.9705344784237994,0.9786222577095032,3600
2022-11-09,0.9300955533981323,0.9705345491891458,0.905832213771889,0.9705345491891458,33900
2022-11-10,0.9300955533981323,0.9947978888153892,0.9139199936473035,0.9300955533981323,52400
2022-11-11,0.9543588757514954,0.9543588757514953,0.9220077568353584,0.9503149858869782,40800
2022-11-14,0.9179639220237732,0.9786223700433307,0.8411299135760524,0.9786223700433307,74400
2022-11-15,0.913919985294342,0.9543588843018145,0.8896566458898585,0.9220077650958365,23100
2022-11-16,0.9648730754852295,0.9786223791076754,0.9300956009597682,0.9300956009597682,196000
2022-11-17,1.0150173902511597,1.0352368409705162,0.9543589416791439,0.9624468183808327,29300
2022-11-18,1.027148962020874,1.0514123005535079,0.978622284955606,1.00288562348824,8900
2022-11-21,0.9786222577095032,1.0004592424981165,0.9624466991380956,0.986710036995207,3800
2022-11-22,0.9624467492103577,0.9705345289168364,0.946271093383461,0.9705345289168364,3000
2022-11-23,0.9381832480430603,0.9575939758290267,0.9139199106210517,0.9543588063243994,20900
2022-11-25,0.9470800161361694,0.984283845524014,0.9300956382821643,0.9381834188957001,10300
2022-11-28,0.8742898106575012,1.0109734442277505,0.8492176545857341,1.0109734442277505,50500
2022-11-29,0.8573054671287537,0.9220078047364489,0.8532615770541442,0.8896566841395736,27200
2022-11-30,0.8573054671287537,0.9058322444380112,0.8540703936346439,0.9058322444380112,13600
2022-12-01,0.8573054671287537,0.8815689039903547,0.8573054671287537,0.865393343691917,15200
2022-12-02,0.8573054671287537,0.8977444642887924,0.8330421266810971,0.865393343691917,24700
2022-12-05,0.8815688490867615,0.9058321880233113,0.8492176340907563,0.8726722529111177,31900
2022-12-06,0.8977444767951965,0.9381833781046418,0.8653933557476404,0.8653933557476404,8900
2022-12-07,0.8977444767951965,0.9220078175808637,0.8815689162714184,0.8896566965333075,8500
2022-12-08,0.9098761081695557,0.9300955579572019,0.9058322182120264,0.9058322182120264,19500
2022-12-09,0.9300955533981323,0.9624467693137314,0.9139199936473035,0.9139199936473035,33700
2022-12-12,0.8896567225456238,0.9624468434448521,0.8896567225456238,0.9220078445390814,27400
2022-12-13,0.8977444767951965,0.9220078175808637,0.8815689162714184,0.8896566965333075,54700
2022-12-14,0.97053462266922,0.9729608796843855,0.9179639530849109,0.9624468421814723,65000
2022-12-15,0.994797945022583,0.994797945022583,0.954358946946721,0.9705346040254338,34100
2022-12-16,0.994797945022583,1.0028857253549661,0.9624468236930508,0.9867101646901999,29400
2022-12-19,0.9381832480430603,0.9850924827556627,0.9300954689023908,0.9850924827556627,5900
2022-12-20,0.9462711215019226,0.9786223377030936,0.9300955616083082,0.9300955616083082,6500
2022-12-21,0.9624467492103577,0.9705345289168364,0.9357569604822509,0.9543588730899397,5000
2022-12-22,0.9333306550979614,0.9422271544634364,0.9333306550979614,0.9422271544634364,1100
2022-12-23,0.9672992825508118,0.9672992825508118,0.9454622983561598,0.9567851504825922,3100
2022-12-27,0.9300955533981323,0.9462711131489613,0.9139199936473035,0.9462711131489613,29100
2022-12-28,0.9554618000984192,0.963917206230551,0.9385509878341556,0.9385509878341556,6500
2022-12-29,0.9470064043998718,0.9723726230757379,0.9470064043998718,0.9554618106251606,12700
2022-12-30,0.9470064043998718,0.9639172168504492,0.8962738662517465,0.9639172168504492,30200
2023-01-03,0.9131847620010376,0.9639171983806775,0.9131847620010375,0.9131847620010375,13200
2023-01-04,0.9554618000984192,0.9723726123626828,0.9089570663716944,0.9300955817020239,32700
2023-01-05,1.014649748802185,1.0400159673231415,0.9554618047902275,0.9723726171375318,45500
2023-01-06,1.0231051445007324,1.0569267688490571,0.9867468781670052,0.9977388254430977,36500
2023-01-09,1.014649748802185,1.0560811987345238,0.980828023311184,1.016340809877637,15400
2023-01-10,1.0315605401992798,1.0433980682834247,1.006194322193492,1.0146497281954212,5500
2023-01-11,1.3266544342041016,1.3359554208616407,1.0315605110148216,1.0315605110148216,342800
2023-01-12,1.2700031995773315,1.319044575655674,1.1837579757722083,1.3105891694627319,110200
2023-01-13,1.3105891942977905,1.3105891942977905,1.2344905371192776,1.3105891942977905,29700
2023-01-17,1.4746241569519043,1.4966082525681355,1.3105891215334866,1.3105891215334866,130200
2023-01-18,1.382460117340088,1.4543311652887065,1.382460117340088,1.4543311652887065,20300
2023-01-19,1.3359555006027222,1.4374204766079466,1.2598567433997054,1.4374204766079466,32300
2023-01-20,1.3613216876983643,1.3613216876983643,1.3359554694869615,1.3359554694869615,10200
2023-01-23,1.3105891942977905,1.3697771395663618,1.3021337879446224,1.3697771395663618,10600
2023-01-24,1.2598567008972168,1.3105891367901243,1.1922133522436167,1.3105891367901243,28800
2023-01-25,1.242945909500122,1.2683121278663143,1.2175796911339298,1.2598567217442502,12800
2023-01-26,1.3190444707870483,1.3359553826248487,1.2514012266213852,1.259856632142093,23300
2023-01-27,1.3444108963012695,1.3444108963012695,1.3105891707011494,1.319044576902081,7800
2023-01-30,1.2344905138015747,1.335955488919463,1.2175797014146588,1.335955488919463,13900
2023-01-31,1.2514013051986694,1.2514013051986694,1.2344904930953995,1.2514013051986694,9600
2023-02-01,1.2514013051986694,1.2809952263793918,1.2175796809921295,1.2683121173019394,21200
2023-02-02,1.2852230072021484,1.2852230072021484,1.242945974384866,1.259856787511779,22000
2023-02-03,1.2514013051986694,1.2852229294052093,1.2344904930953995,1.2598567112503043,20200
2023-02-06,1.2344905138015747,1.3021337633492385,1.2344905138015747,1.2429459199950326,18800
2023-02-07,1.2852230072021484,1.3105892268925179,1.2640844907935072,1.2683121940752353,15700
2023-02-08,1.2767674922943115,1.3105891156780904,1.2175796513726986,1.293678303986201,7100
2023-02-09,1.242945909500122,1.3105891584766347,1.242945909500122,1.3105891584766347,3200
2023-02-10,1.2514013051986694,1.3021337415084793,1.2175796809921295,1.2243439251963246,26900
2023-02-13,1.2936782836914062,1.2936782836914062,1.2260350379850133,1.2514012551249107,11300
2023-02-14,1.2598567008972168,1.293678324825822,1.2514012949150657,1.293678324825822,9300
2023-02-15,1.2767674922943115,1.2767674922943115,1.234490463064588,1.259856680602422,16500
2023-02-16,1.2725398540496826,1.2936783697389345,1.2683121509118322,1.2784586182833944,3200
2023-02-17,1.2683120965957642,1.2725397995525611,1.2344904729413884,1.2598566906821702,8600
2023-02-21,1.2344905138015747,1.2598567323819485,1.2091241944248081,1.2598567323819485,7500
2023-02-22,1.2294172048568726,1.2598567068551225,1.217579676744437,1.2598567068551225,7300
2023-02-23,1.1710747480392456,1.2175795781932794,1.1499362346948587,1.2175795781932794,17300
2023-02-24,1.1753026247024536,1.2260351650359191,1.0992038646004538,1.2260351650359191,38500
2023-02-27,1.1414809226989746,1.1753025468156761,1.1076591977858823,1.1753025468156761,5800
2023-02-28,1.1414809226989746,1.2175796777579437,1.1076591977858823,1.1583917347573254,26900
2023-03-01,1.1837579011917114,1.2091241181723855,1.1161146559099135,1.1161146559099135,7700
2023-03-02,1.1643104553222656,1.1668470971955327,1.1161146629157381,1.1499362857689344,22200
2023-03-03,1.149936318397522,1.1922133481635968,1.1245701005378772,1.149936318397522,39800
2023-03-06,1.125415563583374,1.2015143168043185,1.1161146776537614,1.124570083478712,23700
2023-03-07,1.1414809226989746,1.1414809226989746,1.05692676161083,1.1245701106406238,15200
2023-03-08,1.107659101486206,1.13302541816478,1.0687642976113407,1.13302541816478,9200
2023-03-09,0.9892834424972534,1.0738376061423403,0.9723726299275147,1.0653821998574708,38100
2023-03-10,0.9808279871940613,1.0121130695216747,0.9554617696071673,0.9808279871940612,25200
2023-03-13,0.9723725914955139,1.0569267517986867,0.9385509676928006,0.9402420287236584,18900
2023-03-14,0.9723725914955139,0.9977388093475488,0.9596894825694964,0.9977388093475488,19600
2023-03-15,0.9470064043998718,0.9808280293010266,0.9300955919492945,0.9808280293010266,39400
2023-03-16,0.9892834424972534,1.0188774652906898,0.9639172236426454,0.9639172236426454,2500
2023-03-17,0.9723725914955139,1.0231051279959735,0.9537707185632995,1.0231051279959735,1700
2023-03-20,0.9470064043998718,0.9723726230757379,0.9385509981745831,0.9470064043998718,6900
2023-03-21,0.9554618000984192,0.9554618000984192,0.9385509878341556,0.9470063939662874,8600
2023-03-22,0.9385509490966797,0.9613805245518959,0.9385509490966797,0.9470063548798255,11900
2023-03-23,0.9216402173042297,0.9892834694243516,0.9216402173042297,0.9554618433642907,23200
2023-03-24,0.9300955533981323,0.9639171768974281,0.9300955533981323,0.9300955533981323,3200
2023-03-27,0.9300955533981323,0.9300955533981323,0.9300955533981323,0.9300955533981323,700
2023-03-28,0.9300955533981323,0.9470063651477801,0.9216401475233084,0.9470063651477801,1100
2023-03-29,0.9723725914955139,0.9892834033968705,0.947006373643479,0.947006373643479,12600
2023-03-30,0.9427787065505981,0.9723726285043264,0.9241768329103905,0.9639172222318325,20800
2023-03-31,0.9470064043998718,0.996893361606911,0.9385509981745831,0.996893361606911,6600
2023-04-03,0.9385509490966797,0.9723725722292631,0.9300955433135338,0.9385509490966797,7100
2023-04-04,0.9385509490966797,0.9867468426977213,0.9300955433135338,0.9867468426977213,17600
2023-04-05,0.9300955533981323,0.9774458666157019,0.9300955533981323,0.9470063651477801,17600
2023-04-06,0.9554618000984192,0.9723726123626828,0.9385509878341556,0.9520796779641233,1400
2023-04-10,0.9300955533981323,0.9554617710226041,0.9300955533981323,0.9300955533981323,6500
2023-04-11,0.9470064043998718,0.9808280293010266,0.9385509981745831,0.9723726230757379,5600
2023-04-12,0.930941104888916,0.9723726573302054,0.9300956247144386,0.9723726573302054,18900
2023-04-13,0.9300955533981323,0.9385509592729563,0.9300955533981323,0.9300955533981323,8600
2023-04-14,0.9385509490966797,0.9470063548798255,0.9300955433135338,0.9300955433135338,8700
2023-04-17,0.9892834424972534,0.9892834424972534,0.9427787079304721,0.9427787079304721,43200
2023-04-18,1.014649748802185,1.0315605611494894,0.980828023311184,0.980828023311184,37400
2023-04-19,1.005348801612854,1.0146497890917507,0.9808280622577613,1.0061943825823525,13900
2023-04-20,0.9723725914955139,1.001966512322888,0.9639171855448355,0.9977388093475488,3000
2023-04-21,0.9554618000984192,0.9935111276930122,0.9300955817020239,0.9935111276930122,5200
2023-04-24,0.9300955533981323,0.9470063651477801,0.9300955533981323,0.9351687364451934,3300
2023-04-25,0.9216402173042297,0.9639172498793059,0.8962738969627876,0.9300956238192449,27900
2023-04-26,0.8962738513946533,0.930095576531555,0.8962738513946533,0.930095576531555,6400
2023-04-27,0.9216402173042297,0.9216402173042297,0.8971194779328476,0.9131848107892145,1000
2023-04-28,0.9639172554016113,1.0315606087056601,0.904729409457416,0.9385510357112419,64100
2023-05-01,1.044243574142456,1.1245700261833487,0.9715270474341362,0.98928333828404,109300
2023-05-02,1.0315605401992798,1.1161147010149632,0.9825190644324213,1.0484713522031384,76200
2023-05-03,1.0231051445007324,1.0992037992844628,0.9808280132689353,1.0907483931973816,21500
2023-05-04,0.9385509490966797,1.01464970194138,0.9047293259640963,1.0061942961582342,29600
2023-05-05,0.9554618000984192,0.963917206230551,0.9385509878341556,0.963917206230551,10600
2023-05-08,0.9554618000984192,0.9977388307590781,0.9470063939662874,0.963917206230551,8100
2023-05-09,1.0569267272949219,1.0611544301722462,0.9300955401788088,0.9300955401788088,19000
2023-05-10,0.9470064043998718,1.0400159736744405,0.9216401857240057,1.0146497549985745,18000
2023-05-11,0.9723725914955139,0.9892834033968705,0.947006373643479,0.947006373643479,3000
2023-05-12,0.9554618000984192,0.9554618000984192,0.9300955817020239,0.9529251580995013,5800
2023-05-15,0.9554618000984192,1.040015962216129,0.9047293633056285,0.9047293633056285,11700
2023-05-16,0.9563074111938477,1.0061943694247848,0.947006423836576,0.9918200979096569,4400
2023-05-17,0.9554618000984192,0.9723726123626828,0.9309410618374019,0.9723726123626828,19400
2023-05-18,1.0569267272949219,1.0907483503135154,0.9300955401788088,0.9300955401788088,74100
2023-05-19,1.014649748802185,1.0315605611494894,0.9892834294848362,0.9977388356584883,2900
2023-05-22,1.014649748802185,1.0484713734967939,0.9892834294848362,1.014649748802185,7900
2023-05-23,0.9892834424972534,1.040015981002863,0.9892834424972534,0.9892834424972534,17200
2023-05-24,0.9554618000984192,1.0146497438197337,0.9554618000984192,1.0146497438197337,6800
2023-05-25,0.9723725914955139,1.0146497220452952,0.9385509676928006,1.0146497220452952,9800
2023-05-26,1.0400159358978271,1.1330255017939992,0.9723725877561412,1.014649718143341,1006500
2023-05-30,1.0061943531036377,1.0992038219820977,0.9554618147371752,1.0400159781503504,79100
2023-05-31,1.1161147356033325,1.1161147356033325,0.9554618149952646,1.014649759639393,52900
2023-06-01,1.0907484292984009,1.1245701555625307,1.0738376165645334,1.1245701555625307,25400
2023-06-02,1.0315605401992798,1.1245701070168925,1.006194322193492,1.090748382212785,35300
2023-06-05,1.0907484292984009,1.0907484292984009,1.0061943656290635,1.0569268038306658,18400
2023-06-06,1.082292914390564,1.0907483199095227,1.0400158867957703,1.0907483199095227,11400
2023-06-07,1.048471450805664,1.1178058671790876,1.040016044008554,1.1178058671790876,7100
2023-06-08,1.0653821229934692,1.0907483400179836,1.0315605002941168,1.0315605002941168,32400
2023-06-09,1.034942626953125,1.1161146629157381,1.03156050498636,1.03156050498636,20600
2023-06-12,1.0653821229934692,1.0907483400179836,1.0315605002941168,1.0400159059689549,15400
2023-06-13,1.082292914390564,1.1076591309474402,1.0653821033526465,1.0907483199095227,24200
2023-06-14,1.1668471097946167,1.18375792140381,1.065382139343068,1.0992037625614548,80900
2023-06-15,1.1668471097946167,1.18375792140381,1.1228789189736033,1.1668471097946167,24100
2023-06-16,1.1245701313018799,1.166847162224495,1.1076592181364413,1.166847162224495,19500
2023-06-20,1.149936318397522,1.1837579422103819,1.0484713461625528,1.0992037818818425,8700
2023-06-21,1.1414809226989746,1.1753025468156761,1.0653821676400055,1.1414809226989746,36900
2023-06-22,1.1414809226989746,1.2006687649032024,1.1068137176607993,1.1330255166697993,20800
2023-06-23,1.1245701313018799,1.1829124944529243,1.0653821872138263,1.1380987207192812,26200
2023-06-26,1.0992038249969482,1.1414809572176885,1.0907484187120788,1.12457014464795,6300
2023-06-27,1.082292914390564,1.1414808538196597,1.0569266978336878,1.1076591309474402,19000
2023-06-28,1.082292914390564,1.133025448300701,1.0653821033526465,1.0738375088716052,21800
2023-06-29,1.0231051445007324,1.1330255244291787,0.8878184455146514,1.0569267688490571,159100
2023-06-30,0.997738778591156,1.014649690767605,0.9808279672110937,1.014649690767605,41500
2023-07-03,0.997738778591156,1.014649690767605,0.9723725615210626,1.0002754204574427,5600
2023-07-05,1.0231051445007324,1.0315605505878136,0.9554617950076919,1.00619433232657,13500
2023-07-06,1.0045031309127808,1.023105104208891,0.9622261021423255,0.9808279746420483,15700
2023-07-07,1.0569267272949219,1.0822929445588672,0.964762744091422,0.964762744091422,37000
2023-07-10,1.0104221105575562,1.0738376609295375,1.006194407199424,1.0400160340644808,10500
2023-07-11,1.0231051445007324,1.0738375810232192,0.9808280132689353,1.048471362761976,30400
2023-07-12,1.0400159358978271,1.0653821536523134,0.9977388055106274,1.014649718143341,10100
2023-07-13,0.9300955533981323,1.082292959941352,0.8878184232276238,1.082292959941352,287800
2023-07-14,0.9300955533981323,0.972372582772252,0.9131847416484844,0.9300955533981323,86800
2023-07-17,0.8624522686004639,0.9300956213364125,0.8286306426306875,0.9216402148439684,220200
2023-07-18,0.8962738513946533,0.9639172008720652,0.862452227054143,0.8709076331392707,73700
2023-07-19,0.9131847620010376,0.9216401680643108,0.8827452598546972,0.9131847620010375,21300
2023-07-20,0.8793630003929138,0.9385509411715386,0.8624521889694173,0.9385509411715386,29300
2023-07-21,0.8666799068450928,0.8709076097742341,0.8379315168472925,0.8709076097742341,65400
2023-07-24,0.8793630003929138,0.8793630003929138,0.8379315023257087,0.8624521889694173,72800
2023-07-25,0.8709076046943665,0.8751353075988483,0.853996793076439,0.853996793076439,5800
2023-07-26,0.8793630003929138,0.8793630003929138,0.8328582689782985,0.8379315023257087,23300
2023-07-27,0.8962738513946533,0.9216401704464274,0.862452227054143,0.9047293582761723,55200
2023-07-28,0.887818455696106,0.9216401812286876,0.8793630495120587,0.887818455696106,24900
2023-07-31,0.8810542225837708,0.8962738732713765,0.8658344710997712,0.8878184669798649,13000
2023-08-01,0.8624522686004639,0.9131848083515244,0.8624522686004639,0.887818488077796,16300
2023-08-02,0.8624522686004639,0.887818488077796,0.8438503944763661,0.8624522686004639,19300
2023-08-03,0.8539968132972717,0.8709076253156113,0.8370860012789321,0.8539968132972717,4900
2023-08-04,0.8709076046943665,0.8793630105033301,0.853996793076439,0.8793630105033301,3000
2023-08-07,0.8624522686004639,0.9047294018590804,0.8539968621080197,0.8709076750929079,39100
2023-08-08,0.8624522686004639,0.9047294018590804,0.8370860491231317,0.8455414556155757,13700
2023-08-09,0.8539968132972717,0.9047293501486808,0.8514601713352427,0.9047293501486808,6800
2023-08-10,0.8666799068450928,0.879363015632517,0.8370859863411031,0.8539967980576686,10000
2023-08-11,0.8709076046943665,0.9047293287266093,0.8370859814585115,0.9047293287266093,13200
2023-08-14,0.8624522686004639,0.8751353783391299,0.8370860491231317,0.8455414556155757,3600
2023-08-15,0.8539968132972717,0.8878184373339508,0.8303216563123182,0.8878184373339508,12400
2023-08-16,0.8303216695785522,0.8455414207975053,0.8303216695785522,0.8455414207975053,5900
2023-08-17,0.8709076046943665,0.8793630105033301,0.830321636652063,0.8624521988854027,11400
2023-08-18,0.8455414175987244,0.8624522298232762,0.8370860114864485,0.8370860114864485,23600
2023-08-21,0.8539968132972717,0.879363031324781,0.8074920298486427,0.8328582982743472,29100
2023-08-22,0.8455414175987244,0.8539968237110003,0.8286306053741725,0.8455414175987244,8800
2023-08-23,0.9216402173042297,0.9470064368492754,0.8286306448426656,0.8286306448426656,41400
2023-08-24,0.887818455696106,0.9216401812286876,0.8455414247758695,0.887818455696106,16800
2023-08-25,0.8793630003929138,0.8793630003929138,0.8624521889694173,0.8624521889694173,3500
2023-08-28,0.8709076046943665,0.8709076046943665,0.8370859814585115,0.8624521988854027,48500
2023-08-29,0.8624522686004639,0.8709076750929079,0.8455414556155757,0.8455414556155757,3000
2023-08-30,0.8962738513946533,0.8962738513946533,0.862452227054143,0.862452227054143,6000
2023-08-31,0.8539968132972717,0.8962738433431205,0.8539968132972717,0.8962738433431205,20300
2023-09-01,0.8962738513946533,0.8962738513946533,0.862452227054143,0.8709076331392707,7400
2023-09-05,0.8624522686004639,0.8962738945702401,0.8624522686004639,0.8928917722918209,2900
2023-09-06,0.8793630003929138,0.8793630003929138,0.8539967832576691,0.8624521889694173,9600
2023-09-07,0.8624522686004639,0.8751353783391299,0.8455414556155757,0.8751353783391299,9800
2023-09-08,0.8624522686004639,0.8793630815853519,0.8624522686004639,0.8793630815853519,4900
2023-09-11,0.8624522686004639,0.8709076750929079,0.8455414556155757,0.8455414556155757,49900
2023-09-12,0.8793630003929138,0.8962738118164104,0.8539967832576691,0.8616067088760747,39600
2023-09-13,0.8793630003929138,0.9216401297480421,0.8539967832576691,0.8624521889694173,23600
2023-09-14,0.9047293663024902,0.9131847724626301,0.8641432957781484,0.9131847724626301,4800
2023-09-15,0.8709076046943665,0.8878184163122939,0.8624521988854027,0.8878184163122939,9200
2023-09-18,0.8455414175987244,0.879363042047828,0.8455414175987244,0.8455414175987244,69400
2023-09-19,0.8624522686004639,0.8700621949215012,0.8455414556155757,0.8455414556155757,11500
2023-09-20,0.7863535284996033,0.8539968281474046,0.7618328405669821,0.845541421991204,105200
2023-09-21,0.7948089241981506,0.8303216598258544,0.7736704090857778,0.7736704090857778,14700
2023-09-22,0.8624522686004639,0.9047294018590804,0.7702882773549858,0.8032643727551573,115400
2023-09-25,0.8286305665969849,0.8455413780301663,0.8286305665969849,0.8455413780301663,15300
2023-09-26,0.8286305665969849,0.8793630008965291,0.8286305665969849,0.8286305665969849,14300
2023-09-27,0.8709076046943665,0.8878184163122939,0.8117197136334264,0.8117197136334264,27600
2023-09-28,0.8709076046943665,0.8962738221212575,0.8497690901719571,0.8869729362092303,7800
2023-09-29,0.8709076046943665,0.8709076046943665,0.8201751698405841,0.8455413872674753,500
2023-10-02,0.8413137197494507,0.8793630474901784,0.8117197477751329,0.8117197477751329,2600
2023-10-03,0.8455414175987244,0.8455414175987244,0.8201751992618966,0.8413137145425864,1700
2023-10-04,0.8455414175987244,0.8455414175987244,0.8455414175987244,0.8455414175987244,400
2023-10-05,0.8709076046943665,0.8709076046943665,0.8125652945328781,0.8201751698405841,14500
2023-10-06,0.837086021900177,0.853996834335107,0.8345493798756589,0.845541428117642,22400
2023-10-09,0.8455414175987244,0.8455414175987244,0.8125653236812092,0.8455414175987244,1400
2023-10-10,0.849769115447998,0.849769115447998,0.837931536883706,0.8455414124177648,1800
2023-10-11,0.8303216695785522,0.8539968269417689,0.8303216695785522,0.8455414207975053,29400
2023-10-12,0.8455414175987244,0.879363042047828,0.8455414175987244,0.8455414175987244,31500
2023-10-13,0.8125653266906738,0.8455414207303212,0.8125653266906738,0.8455414207303212,1900
2023-10-16,0.8201752305030823,0.8413137465889565,0.7804347396245225,0.7804347396245225,14100
2023-10-17,0.8252484202384949,0.8582245136520821,0.8117197303470369,0.8117197303470369,18600
2023-10-18,0.7778981328010559,0.8252484482308893,0.770288257078533,0.8252484482308893,41100
2023-10-19,0.7787436246871948,0.8032643117321145,0.7787436246871948,0.7914267334623402,3900
2023-10-20,0.7652149200439453,0.7914267179852031,0.7609872172015738,0.7609872172015738,34300
2023-10-23,0.7618328332901001,0.777898114913068,0.7618328332901001,0.7626783638180046,16100
2023-10-24,0.7584506273269653,0.7694426748994795,0.7449219378844268,0.7618327996876,16000
2023-10-25,0.753377377986908,0.758450661958608,0.7449219718983355,0.7449219718983355,6600
2023-10-26,0.7449219822883606,0.7584506725373287,0.7449219822883606,0.752531857953856,22300
2023-10-27,0.7449219822883606,0.7643694367226048,0.7449219822883606,0.7609872641603629,3800
2023-10-30,0.746613085269928,0.8032643364475837,0.7440764432775718,0.7440764432775718,5600
2023-10-31,0.7711337208747864,0.786353471002376,0.7635238458109915,0.7635238458109915,11400
2023-11-01,0.7778981328010559,0.8015732905159726,0.7778981328010559,0.7778981328010559,57000
2023-11-02,0.7914267778396606,0.8007277651148527,0.7778981378005592,0.788890186181315,29300
2023-11-03,0.7948089241981506,0.7948089241981506,0.7863535181532015,0.7863535181532015,12900
2023-11-06,0.8201752305030823,0.8201752305030823,0.7762070364073476,0.7762070364073476,27300
2023-11-07,0.8328583240509033,0.8328583240509033,0.8117197579755554,0.8117197579755554,10200
2023-11-08,0.8624522686004639,0.8709076750929079,0.8370860491231317,0.8455414556155757,12900
2023-11-09,0.8709076046943665,0.8709076046943665,0.853996793076439,0.8700621245913028,5800
2023-11-10,0.8201752305030823,0.8624522626748307,0.8201752305030823,0.8370860433717816,97300
2023-11-13,0.8455414175987244,0.8455414175987244,0.803264336639149,0.8370860114864485,66900
2023-11-14,0.8785175681114197,0.8793630482507762,0.8370860173911783,0.8370860173911783,110800
2023-11-15,0.9131847620010376,0.9216401680643108,0.8793630369515532,0.8793630369515532,109600
2023-11-16,0.8709076046943665,0.9216401403445368,0.8709076046943665,0.9047293287266093,156000
2023-11-17,0.8413137197494507,0.8793630474901784,0.8413137197494507,0.8793630474901784,90200
2023-11-20,0.8624522686004639,0.9047294018590804,0.8582245653542417,0.8962738945702401,10200
2023-11-21,0.8793630003929138,0.8793630003929138,0.8539967832576691,0.8539967832576691,7500
2023-11-22,0.9723725914955139,1.006194316094617,0.8962738371430193,0.921640155791444,124600
2023-11-24,0.997738778591156,1.0061942850775738,0.9639171558310314,1.0061942850775738,60200
2023-11-27,0.997738778591156,1.0061942850775738,0.9723725615210626,1.0061942850775738,26600
2023-11-28,1.0653821229934692,1.1245700635137226,0.9892833711235396,0.9892833711235396,66300
2023-11-29,1.0907484292984009,1.0907484292984009,1.0611545070141328,1.0611545070141328,65000
2023-11-30,1.082292914390564,1.0992037254284814,1.0569266978336878,1.0653821033526465,48200
2023-12-01,1.0914649963378906,1.1373248241930733,1.0180891624311441,1.1373248241930733,46700
2023-12-04,1.0547770261764526,1.0822929229276796,1.0428534490498969,1.0731209573439373,20400
2023-12-05,1.0272611379623413,1.0547770349422407,1.0089172066424084,1.0180891723023748,6500
2023-12-06,1.0456050634384155,1.0456050634384155,1.0171719263160495,1.0171719263160495,25700
2023-12-07,1.0364331007003784,1.0456050663344871,1.0272611350662697,1.0456050663344871,31900
2023-12-08,0.9722292423248291,1.036433111788948,0.9722292423248291,1.036433111788948,14600
2023-12-11,0.9814013242721558,0.9997452558651658,0.9447133517476785,0.9997452558651658,8300
2023-12-12,0.9905732870101929,1.0180891843147508,0.9694777438756739,0.9722292461353644,13700
2023-12-13,0.9905732870101929,1.0547770473874947,0.9355413830626206,0.976815338357914,35600
2023-12-14,0.9538853168487549,1.0547770498752127,0.9355413852691183,1.0364331182955762,78600
2023-12-15,1.008917212486267,1.0456050753386368,0.9630572745823492,0.9630572745823492,22000
2023-12-18,1.0098344087600708,1.045605142957483,1.0089172777325246,1.0089172777325246,10700
2023-12-19,1.0272611379623413,1.0272611379623413,0.9630572690041207,0.9905732753224754,19400
2023-12-20,0.9447133541107178,1.0272611558241995,0.9447133541107178,1.0272611558241995,5600
2023-12-21,0.9905732870101929,1.023592407511045,0.9630572803671784,1.0180891843147508,10600
2023-12-22,0.963057279586792,1.0547770465327857,0.9447133480652845,1.008917217729017,51900
2023-12-26,1.008917212486267,1.008917212486267,0.9447133431561644,0.9630572745823492,8700
2023-12-27,0.9859873056411743,1.027261151661433,0.9722292476292982,0.9722292476292982,25300
2023-12-28,0.9722292423248291,1.036433111788948,0.9447133451281164,0.9997452488599978,22800
2023-12-29,0.9538853168487549,1.009834351902029,0.9538853168487549,0.9905732893464848,17800
2024-01-02,0.963057279586792,1.0034139945371823,0.9538853138260383,0.9538853138260383,13500
2024-01-03,0.8805095553398132,0.9630573039435462,0.8805095553398132,0.944713371958101,38300
2024-01-04,0.9447133541107178,0.9905732925464109,0.9006878963096798,0.9355413882912705,13900
2024-01-05,0.9263694286346436,0.979566852609033,0.9263694286346436,0.9768153503156597,2300
2024-01-08,0.9171974658966064,0.9722292613679429,0.8713375816679303,0.9171974658966064,44000
2024-01-09,0.9171974658966064,0.9171974658966064,0.8988535340728276,0.8988535340728276,600
2024-01-10,0.9355413913726807,0.9355413913726807,0.8988535279740524,0.9355413913726807,9000
2024-01-11,0.9538853168487549,0.9630572826385732,0.9263694194793001,0.9538853168487549,11500
2024-01-12,0.963057279586792,0.963057279586792,0.8896815535007623,0.930955399424154,7900
2024-01-16,0.9364586472511292,0.9630573049216553,0.8639999955627243,0.9447133729175795,60100
2024-01-17,0.9171974658966064,0.9355413977203852,0.9171974658966064,0.9355413977203852,800
2024-01-18,0.9080255031585693,0.9263694350464664,0.8805095506574946,0.9080255031585693,18000
2024-01-19,0.9171974658966064,0.9630572954560535,0.8896815681609382,0.8988535340728276,19600
2024-01-22,0.8850955367088318,0.9263694382694265,0.8850955367088318,0.8988535403418497,6800
2024-01-23,0.9263694286346436,0.9355413945151086,0.8896815651127828,0.8896815651127828,15100
2024-01-24,0.9171974658966064,0.9492993465882194,0.9171974658966064,0.9492993465882194,1800
2024-01-25,0.921783447265625,0.9355413961097736,0.9171974643175754,0.9355413961097736,2700
2024-01-26,0.9447133541107178,0.9447133541107178,0.930955405381547,0.9355413882912705,3400
2024-01-29,0.8988535404205322,0.9254521980174679,0.880509553797979,0.9171974723738558,7100
2024-01-30,0.921783447265625,0.9263694302136746,0.8942675495773277,0.8942675495773277,13200
2024-01-31,0.9171974658966064,0.9382930093616437,0.9171974658966064,0.9355413977203852,1400
2024-02-01,0.9181147217750549,0.9181147217750549,0.9171974814329457,0.9171974814329457,1300
2024-02-02,0.9263694286346436,0.9355413945151086,0.9171974627541783,0.9171974627541783,2300
2024-02-05,0.9061910510063171,0.9355413739811399,0.8841783224425069,0.9171974426228361,10600
2024-02-06,0.8896815776824951,0.8896815776824951,0.8832611686739226,0.8832611686739226,1000
2024-02-07,0.8988535404205322,0.9171974723738558,0.8896815744438703,0.8896815744438703,3700
2024-02-08,0.8942675590515137,0.9171974740346891,0.8896815760548786,0.8988535420481488,11700
2024-02-09,0.89701908826828,0.9355413770485602,0.8163057134901841,0.9080254799208863,29000
2024-02-12,0.8805095553398132,0.9171974739799332,0.8713375893470906,0.8713375893470906,9900
2024-02-13,0.8805095553398132,0.8805095553398132,0.8805095553398132,0.8805095553398132,2700
2024-02-14,0.8805095553398132,0.9153631026490806,0.8805095553398132,0.8805095553398132,1200
2024-02-15,0.9355413913726807,0.9722292547713088,0.8621656099061954,0.8621656099061954,39500
2024-02-16,1.0364331007003784,1.0547770319685958,0.9538853006549451,0.9538853006549451,62700
2024-02-20,0.9447133541107178,1.068535002011712,0.9171974566523762,1.0547770532825411,46900
2024-02-21,0.9263694286346436,0.9447133603955739,0.9263694286346436,0.9447133603955739,1600
2024-02-22,0.9171974658966064,0.9703948900532566,0.895184736774226,0.9703948900532566,4100
2024-02-23,0.9171974658966064,0.9282038031231821,0.9171974658966064,0.9263694318084958,3300
2024-02-26,0.9171974658966064,0.9447133636322746,0.9171974658966064,0.9419617519910162,4000
2024-02-27,0.9814013242721558,0.9997452558651658,0.9171974543581632,0.9181146946731965,14300
2024-02-28,0.9548025727272034,0.9630572983372161,0.953885332397887,0.953885332397887,2400
2024-02-29,0.9171974658966064,0.9630572954560535,0.9171974658966064,0.9630572954560535,2500
2024-03-01,0.9263694286346436,0.9988280246933929,0.9171974627541783,0.9190318340625798,12800
2024-03-04,0.99974524974823,1.0089172154886163,0.9447133459674549,0.9447133459674549,41300
2024-03-05,0.9905732870101929,0.9997452527783789,0.8529936364797186,0.8621656022479046,27800
2024-03-06,0.9905732870101929,0.9905732870101929,0.9905732870101929,0.9905732870101929,8300
2024-03-07,1.0318471193313599,1.0547770334488102,0.9905732739199493,0.9951592567434394,45500
2024-03-08,1.008917212486267,1.0456050753386368,1.008917212486267,1.0180891781993595,12800
2024-03-11,0.9814013242721558,1.0272611532546811,0.9171974543581632,1.0089172216616709,25600
2024-03-12,0.963057279586792,0.9859873033271327,0.9282037878282365,0.9282037878282365,2300
2024-03-13,0.963057279586792,0.963057279586792,0.9355413823045309,0.9355413823045309,700
2024-03-14,0.9419617652893066,0.9419617652893066,0.9080255128039072,0.9080255128039072,1400
2024-03-15,0.9309554100036621,0.9447133588011399,0.9171974612061843,0.9171974612061843,2100
2024-03-18,0.9263694286346436,0.9355413945151086,0.9263694286346436,0.9355413945151086,3100
2024-03-19,0.9538853168487549,0.9538853168487549,0.9355413852691183,0.9355413852691183,8500
2024-03-20,0.9447133541107178,0.9447133541107178,0.9355413882912705,0.9355413882912705,16400
2024-03-21,0.9355413913726807,0.9538853230719948,0.9355413913726807,0.9538853230719948,14800
2024-03-22,0.9814013242721558,1.0135032045599235,0.9355413859511734,0.9538853175441836,18700
2024-03-25,0.9447133541107178,0.9676432686593357,0.9447133541107178,0.9538853199301649,4100
2024-03-26,0.9768153429031372,0.9905732916194333,0.9447133532266558,0.9447133532266558,30100
2024-03-27,0.9447133541107178,0.9722292515690593,0.9447133541107178,0.9722292515690593,32100
2024-03-28,0.9447133541107178,0.9814013267269637,0.9447133541107178,0.9658088973631377,1100
2024-04-01,0.9447133541107178,0.9814013267269637,0.9447133541107178,0.9814013267269637,2700
2024-04-02,0.968560516834259,1.0052483804096837,0.9447133617748498,0.9447133617748498,7700
2024-04-03,0.9814013242721558,0.9997452558651658,0.9630572833406886,0.9630572833406886,10000
2024-04-04,0.99974524974823,0.99974524974823,0.9722292431886144,0.9722292431886144,3200
2024-04-05,0.9263694286346436,0.9905732991363575,0.921783445694411,0.9905732991363575,7900
2024-04-08,0.9171974658966064,0.953885329544164,0.9126114829406617,0.9126114829406617,1500
2024-04-09,0.9171974658966064,0.9447133636322746,0.908025499984717,0.908025499984717,4500
2024-04-10,0.9171974658966064,0.9309554147644405,0.9171974658966064,0.9263694318084958,5500
2024-04-11,0.9447133541107178,0.9630572857496121,0.9171974566523762,0.9171974566523762,6500
2024-04-12,0.9263694286346436,0.9263694286346436,0.9171974627541783,0.9227006860178406,1500
2024-04-15,0.9126114845275879,0.9566369428489039,0.9080255015636687,0.9566369428489039,52900
2024-04-16,0.9034395217895508,0.917197470729884,0.8988535388094397,0.912611487749773,13700
2024-04-17,0.8896815776824951,0.8988535436925449,0.8713375909931661,0.8896815776824951,28900
2024-04-18,0.862165629863739,0.8997707344532049,0.8117197618536677,0.8896815827188825,84300
2024-04-19,0.862165629863739,0.8896815827188825,0.8438216977397968,0.8713375959257103,7900
2024-04-22,0.8438217043876648,0.8896815897280479,0.8438217043876648,0.8896815897280479,3100
2024-04-23,0.8896815776824951,0.9080255097025945,0.8245605206065288,0.8245605206065288,3100
2024-04-24,0.8805095553398132,0.9171974739799332,0.8245605190488218,0.8896815760017655,19700
2024-04-25,0.9171974658966064,0.9263694318084958,0.8896815681609382,0.8896815681609382,4900
2024-04-26,0.8575796484947205,0.926369448762047,0.8575796484947205,0.9171974826823008,8900
2024-04-29,0.8575796484947205,0.8988535505228085,0.8575796484947205,0.8594140198429777,10100
2024-04-30,0.8805095553398132,0.9171974739799332,0.8438216913689228,0.8621656233543681,4700
2024-05-01,0.8805095553398132,0.8988535419944881,0.8438216913689228,0.8988535419944881,2900
2024-05-02,0.9171974658966064,0.9171974658966064,0.8621656157560409,0.8713375816679303,4700
2024-05-03,0.8805095553398132,0.8988535419944881,0.8704204036816643,0.8988535419944881,1300
2024-05-06,0.862165629863739,0.862165629863739,0.8438216977397968,0.8438216977397968,1300
2024-05-07,0.8456560373306274,0.9080254807470186,0.8438216660548048,0.8438216660548048,8900
2024-05-08,0.8988535404205322,0.8988535404205322,0.8117197543037857,0.8438216898913317,19100
2024-05-09,0.8805095553398132,0.9080255079872106,0.8438216913689228,0.8438216913689228,5600
2024-05-10,0.8841783404350281,0.8841783404350281,0.8621656114232715,0.8621656114232715,500
2024-05-13,0.8759235739707947,0.880509556975676,0.834649726926862,0.880509556975676,2200
2024-05-14,0.8539108633995056,0.8805095763468338,0.8539108633995056,0.8713376101352883,1400
2024-05-15,0.8896815776824951,0.8988535436925449,0.8713375909931661,0.8713375909931661,5600
2024-05-16,0.9034395217895508,0.9052738931139035,0.8529936543390997,0.8529936543390997,10000
2024-05-17,0.862165629863739,0.9080255148428249,0.8346497316778256,0.9080255148428249,21900
2024-05-20,0.8484076857566833,0.9016051110964374,0.843821702698747,0.8988535540632138,4400
2024-05-21,0.8438217043876648,0.8529936705218953,0.8438217043876648,0.8529936705218953,1600
2024-05-22,0.8438217043876648,0.8438217043876648,0.8438217043876648,0.8438217043876648,0
2024-05-23,0.8438217043876648,0.8896815897280479,0.8438217043876648,0.8896815897280479,4100
2024-05-24,0.8575796484947205,0.880509563694086,0.8438216993751012,0.880509563694086,6100
2024-05-28,0.8713375926017761,0.8713375926017761,0.8419872685138945,0.8713375926017761,1300
2024-05-29,0.8713375926017761,0.8713375926017761,0.8438216945208289,0.8438216945208289,4500
2024-05-30,0.8713375926017761,0.8713375926017761,0.8419872685138945,0.8438216945208289,3600
2024-05-31,0.8438217043876648,0.8713376027903563,0.8419872783592804,0.8419872783592804,1700
2024-06-03,0.8254777193069458,0.8438217062859035,0.8163057531520823,0.8163057531520823,1900
2024-06-04,0.8254777193069458,0.871337604750494,0.8254777193069458,0.871337604750494,8200
2024-06-05,0.8676688075065613,0.9080255241981008,0.8254777194514203,0.8254777194514203,3000
2024-06-06,0.8676688075065613,0.8676688075065613,0.8676688075065613,0.8676688075065613,0
2024-06-07,0.8346497416496277,0.8355669273329367,0.8263949611613853,0.8346497416496277,10200
2024-06-10,0.8263949155807495,0.8346496956136912,0.8263949155807495,0.8346496956136912,7700
2024-06-11,0.8163057565689087,0.8318981318989804,0.8163057565689087,0.8263949631168737,6100
2024-06-12,0.8346497416496277,0.8355669273329367,0.8273121468446943,0.8291465182113124,20200
2024-06-13,0.862165629863739,0.8896815827188825,0.8163057448846532,0.8163057448846532,27500
2024-06-14,0.8713375926017761,0.8805095586287585,0.8374012855004033,0.8493248632031724,9200
2024-06-17,0.8713375926017761,0.8713375926017761,0.8346497284938464,0.8713375926017761,4000
2024-06-18,0.8713375926017761,0.8713375926017761,0.8346497284938464,0.8346497284938464,2300
2024-06-20,0.8254777193069458,0.83464974013104,0.8163057531520823,0.83464974013104,10100
2024-06-21,0.8667516112327576,0.8667516112327576,0.828229321044806,0.828229321044806,8500
2024-06-24,0.8658344149589539,0.8658344149589539,0.8300636822208363,0.8300636822208363,1600
2024-06-25,0.8117197751998901,0.8474905090327929,0.8117197751998901,0.8355669310884919,13100
2024-06-26,0.837401270866394,0.8621656115080151,0.811719744571949,0.811719744571949,17100
2024-06-27,0.8163057565689087,0.8621656422044136,0.8080509760611333,0.8080509760611333,37000
2024-06-28,0.8080509305000305,0.8438216622399061,0.8080509305000305,0.8438216622399061,20600
2024-07-01,0.8163057565689087,0.8163057565689087,0.8080509760611333,0.8080509760611333,1800
2024-07-02,0.7979617714881897,0.8254776682509142,0.7979617714881897,0.8080509227006766,6100
2024-07-03,0.8163057565689087,0.8254777227621636,0.7796178917958896,0.8007134359080679,16400
2024-07-05,0.7805350422859192,0.8163057197605077,0.7796178566417971,0.8163057197605077,13900
2024-07-08,0.7970446348190308,0.8254777189530726,0.7796178881984146,0.7796178881984146,31100
2024-07-09,0.7997961640357971,0.7997961640357971,0.7245860114133751,0.7887898269053103,21500
2024-07-10,0.802547812461853,0.8309809515799478,0.7997962007184144,0.7997962007184144,10300
2024-07-11,0.7383439540863037,0.8447388552645979,0.6200254755570607,0.7502675314372527,92700
2024-07-12,0.7704458236694336,0.8052993696025902,0.7245859955164885,0.7245859955164885,20300
2024-07-15,0.7713630795478821,0.7731974508433596,0.7713630795478821,0.7713630795478821,4500
2024-07-16,0.7576050758361816,0.8236433171532477,0.7521019072828357,0.7521019072828357,14100
2024-07-17,0.8071337938308716,0.843821713430177,0.7704458742315661,0.7704458742315661,3800
2024-07-18,0.8163057565689087,0.8713376083976684,0.794293026771251,0.794293026771251,14900
2024-07-19,0.8484076857566833,0.8529936688146197,0.8071337835660257,0.8071337835660257,9600
2024-07-22,0.7979617714881897,0.8713375508580155,0.7970445858632776,0.8621655852704406,21000
2024-07-23,0.8805095553398132,0.8805095553398132,0.8713375893470906,0.8805095553398132,21300
2024-07-24,0.8713375926017761,0.8896815793249707,0.8713375926017761,0.8713375926017761,28800
2024-07-25,0.8163057565689087,0.8713376083976684,0.8163057565689087,0.8713376083976684,16300
2024-07-26,0.7897070050239563,0.7979617851277176,0.7337579702480336,0.7979617851277176,21800
2024-07-29,0.7337579727172852,0.7722802617747313,0.7245860069420688,0.7722802617747313,15300
2024-07-30,0.8071337938308716,0.8071337938308716,0.7245860430689731,0.7245860430689731,8300
2024-07-31,0.7704458236694336,0.8144713352331793,0.7447642980360933,0.7750318611539555,7900
2024-08-01,0.7475159168243408,0.7704458311226347,0.7337579682453645,0.7704458311226347,1800
2024-08-02,0.724586009979248,0.7796178595304469,0.724586009979248,0.7429299416065716,7500
2024-08-05,0.706242024898529,0.7245860112266612,0.6255286490624334,0.7245860112266612,35000
2024-08-06,0.7044076323509216,0.7044076323509216,0.6695541413827162,0.6695541413827162,9800
2024-08-07,0.6787261366844177,0.7612738849466604,0.6787261366844177,0.7044076632254914,2800
2024-08-08,0.6787261366844177,0.750267547668617,0.6787261366844177,0.6787261366844177,3500
2024-08-09,0.7521018981933594,0.7566878810439288,0.6787261179150196,0.6787261179150196,3600
2024-08-12,0.7300891876220703,0.7924586324682923,0.6787261346907919,0.7924586324682923,9700
2024-08-13,0.724586009979248,0.7521019074202332,0.724586009979248,0.7337579757929098,5100
2024-08-14,0.7521018981933594,0.7521018981933594,0.7135796094470389,0.7521018981933594,2200
2024-08-15,0.7273375988006592,0.759439535224716,0.7273375988006592,0.759439535224716,300
2024-08-16,0.7264204025268555,0.7594395241574466,0.6787261460989071,0.6787261460989071,12300
2024-08-19,0.7594395279884338,0.7594395279884338,0.706242047907546,0.706242047907546,10500
2024-08-20,0.8071337938308716,0.8163057600633902,0.684229326042814,0.7777834690852734,15700
2024-08-21,0.8438217043876648,0.8438217043876648,0.7218344235962457,0.7218344235962457,28100
2024-08-22,0.8805095553398132,0.9355414059653784,0.8163057387215255,0.8346497253762003,38400
2024-08-23,0.9722292423248291,0.9722292423248291,0.7979617840738595,0.8805095303332255,50700
2024-08-26,1.0180891752243042,1.0180891752243042,0.9135286461282955,0.9538853060818177,37200
2024-08-27,1.0364331007003784,1.0639489976027046,0.9593885237707923,1.018089169432161,38500
2024-08-28,1.1143949031829834,1.1189808859393555,0.9722292190585377,1.008917190447969,36600
2024-08-29,1.1373248100280762,1.1648407063984847,1.0364330806647926,1.1098089136576679,79400
2024-08-30,1.1373248100280762,1.1556687409416817,1.0841273885109293,1.1281528445712734,32000
2024-09-03,1.164840817451477,1.164840817451477,1.082293011131899,1.1281529521265372,18500
2024-09-04,1.164840817451477,1.164840817451477,1.1006370531328322,1.1364076780892634,27400
2024-09-05,1.15566885471344,1.15566885471344,1.1125606346902963,1.1464968883536877,22100
2024-09-06,1.0914649963378906,1.1556687553351463,1.0914649963378906,1.1556687553351463,9800
2024-09-09,1.1006369590759277,1.1740126834553537,1.0822929186426173,1.1006369590759277,29500
2024-09-10,1.0731209516525269,1.109808923131372,0.9263693937525083,1.093299363300505,25500
2024-09-11,1.1831847429275513,1.1923567092030778,1.0896305994464104,1.1061401606100507,39500
2024-09-12,1.1923567056655884,1.1923567056655884,1.1464968744240127,1.1923567056655884,48800
2024-09-13,1.2290446758270264,1.2473886082614136,1.1556688367510155,1.19235670161979,60900
2024-09-16,1.2657325267791748,1.2749044928955233,1.1923566885099253,1.2473885945464775,24300
2024-09-17,1.274904489517212,1.284076455609256,1.1281529227060438,1.274904489517212,30000
2024-09-18,1.2657325267791748,1.3024203912445693,1.2198726961974318,1.2198726961974318,15600
2024-09-19,1.2519745826721191,1.2657325319023285,1.2382166334419098,1.2565605657488554,11200
2024-09-20,1.2473886013031006,1.2657325336351597,1.238216635137071,1.238216635137071,7200
2024-09-23,1.2382166385650635,1.3024204019050183,1.2244586892779303,1.274904503330752,24000
2024-09-24,1.2565605640411377,1.3115923608871844,1.1648407932925988,1.2253758135586346,69900
2024-09-25,1.2657325267791748,1.2749044928955233,1.2657325267791748,1.2749044928955233,5400
2024-09-26,1.2611465454101562,1.265732528474473,1.2574778026940872,1.265732528474473,6300
2024-09-27,1.284076452255249,1.302420384391423,1.284076452255249,1.302420384391423,9800
2024-09-30,1.284076452255249,1.3070063674254666,1.274904486187162,1.2932484183233361,27200
2024-10-01,1.2932484149932861,1.329936388509625,1.2840764489488166,1.2840764489488166,38900
2024-10-02,1.3391083478927612,1.375796211888138,1.3115923405577694,1.3115923405577694,41100
2024-10-03,1.2932484149932861,1.3207644224651551,1.2932484149932861,1.302420381037756,22600
2024-10-04,1.3024203777313232,1.329936385133338,1.2932484117101382,1.3207644191121528,25800
2024-10-07,1.3299363851547241,1.3574522832187215,1.3115923437735997,1.3207644191333916,29400
2024-10-08,1.2932484149932861,1.3115923470822255,1.238216618726468,1.3115923470822255,34500
2024-10-09,1.3115923404693604,1.3115923404693604,1.2840764424746827,1.2840764424746827,16700
2024-10-10,1.2932484149932861,1.3088408447396525,1.2932484149932861,1.302420381037756,7100
2024-10-11,1.284076452255249,1.2932484183233361,1.2583949253969133,1.274904486187162,7400
2024-10-14,1.2657325267791748,1.2859108303674496,1.2657325267791748,1.284076459011872,18100
2024-10-15,1.274904489517212,1.284076455609256,1.2565605573331236,1.2657325234251677,9800
2024-10-16,1.2565605640411377,1.2657325301821456,1.24738859790013,1.2657325301821456,16400
2024-10-17,1.2290446758270264,1.2519745913700104,1.2107007433926391,1.2473886082614136,14000
2024-10-18,1.2565605640411377,1.3115923608871844,1.2198726994771065,1.2363822603986128,75600
2024-10-21,1.274904489517212,1.2932484217013003,1.2565605573331236,1.284076455609256,19500
2024-10-22,1.3115923404693604,1.3299363818042715,1.2749044764764565,1.2749044764764565,43500
2024-10-23,1.2895796298980713,1.3253503618981204,1.2840764067170003,1.3253503618981204,40300
2024-10-24,1.274904489517212,1.3207644293158936,1.2657325234251677,1.3207644293158936,14000
2024-10-25,1.2473886013031006,1.2794904828842042,1.2290446689710413,1.2794904828842042,5300
2024-10-28,1.284076452255249,1.284076452255249,1.2473885879829008,1.2473885879829008,12700
2024-10-29,1.3849681615829468,1.4124840592555583,1.2932483933357835,1.302420359226654,101000
2024-10-30,1.3354394435882568,1.3849681236453222,1.3115922891898415,1.3849681236453222,45700
2024-10-31,1.2574777603149414,1.3666242191703328,1.2565605199976062,1.329936355892243,42300
2024-11-01,1.440000057220459,1.5592357223911881,1.2473885560452591,1.2565605218785107,270500
2024-11-04,1.3600000143051147,1.4910000562667847,1.3600000143051147,1.4800000190734863,69600
2024-11-05,1.25,1.350000023841858,1.2200000286102295,1.3300000429153442,21600
2024-11-06,1.1200000047683716,1.25,0.800000011920929,1.25,208900
2024-11-07,1.090000033378601,1.1200000047683716,1.0299999713897705,1.1200000047683716,27000
2024-11-08,1.0499999523162842,1.100000023841858,1.0499999523162842,1.090000033378601,28400
2024-11-11,1.0299999713897705,1.090000033378601,1.0299999713897705,1.0499999523162842,26700
2024-11-12,1.0499999523162842,1.0499999523162842,1.0199999809265137,1.0390000343322754,9100
2024-11-13,1.190000057220459,1.2000000476837158,1.0499999523162842,1.0499999523162842,206300
2024-11-14,1.1100000143051147,1.1690000295639038,1.059999942779541,1.159999966621399,61100
2024-11-15,1.100000023841858,1.1360000371932983,1.0700000524520874,1.0800000429153442,33900
2024-11-18,1.1549999713897705,1.1790000200271606,1.059999942779541,1.090000033378601,64700
2024-11-19,1.190000057220459,1.2000000476837158,1.1059999465942383,1.159999966621399,29900
2024-11-20,1.1649999618530273,1.190000057220459,1.1299999952316284,1.190000057220459,23200
2024-11-21,1.1299999952316284,1.149999976158142,1.1299999952316284,1.1399999856948853,11800
2024-11-22,1.1100000143051147,1.149999976158142,1.100000023841858,1.149999976158142,31900
2024-11-25,1.0950000286102295,1.1050000190734863,1.0700000524520874,1.0800000429153442,29300
2024-11-26,1.100000023841858,1.1299999952316284,1.059999942779541,1.059999942779541,11900
2024-11-27,1.1100000143051147,1.1449999809265137,1.1100000143051147,1.1299999952316284,39900
2024-11-29,1.1100000143051147,1.1460000276565552,1.100000023841858,1.1200000047683716,19600
2024-12-02,1.090000033378601,1.1180000305175781,1.0499999523162842,1.0800000429153442,25200
2024-12-03,1.0789999961853027,1.090000033378601,1.0499999523162842,1.0509999990463257,5400
2024-12-04,1.0700000524520874,1.090000033378601,1.0700000524520874,1.0700000524520874,9800
2024-12-05,1.0700000524520874,1.100000023841858,1.0099999904632568,1.0499999523162842,23200
2024-12-06,1.1150000095367432,1.1200000047683716,1.059999942779541,1.0800000429153442,133400
2024-12-09,1.1699999570846558,1.1699999570846558,1.0920000076293945,1.100000023841858,50300
2024-12-10,1.159999966621399,1.1699999570846558,1.1299999952316284,1.149999976158142,23200
2024-12-11,1.149999976158142,1.159999966621399,1.1399999856948853,1.159999966621399,5800
2024-12-12,1.100000023841858,1.156000018119812,1.0700000524520874,1.1399999856948853,14900
2024-12-13,1.0880000591278076,1.1100000143051147,1.0499999523162842,1.100000023841858,29000
2024-12-16,1.1100000143051147,1.1200000047683716,1.059999942779541,1.0700000524520874,18000
2024-12-17,1.1050000190734863,1.1200000047683716,1.0540000200271606,1.0800000429153442,33700
2024-12-18,1.100000023841858,1.1399999856948853,1.100000023841858,1.1200000047683716,21500
2024-12-19,1.090000033378601,1.1100000143051147,1.0299999713897705,1.1100000143051147,18000
2024-12-20,1.1699999570846558,1.2000000476837158,1.1269999742507935,1.149999976158142,28300
2024-12-23,1.1100000143051147,1.149999976158142,1.090000033378601,1.090999960899353,8100
2024-12-24,1.149999976158142,1.1549999713897705,1.1100000143051147,1.1549999713897705,7600
2024-12-26,1.159999966621399,1.2000000476837158,1.1299999952316284,1.1299999952316284,35000
2024-12-27,1.1299999952316284,1.1549999713897705,1.0800000429153442,1.1399999856948853,34000
2024-12-30,1.149999976158142,1.1699999570846558,1.121000051498413,1.1299999952316284,13100
2024-12-31,1.1699999570846558,1.1699999570846558,1.159999966621399,1.159999966621399,1300
2025-01-02,1.159999966621399,1.1699999570846558,1.159999966621399,1.159999966621399,2200
2025-01-03,1.121000051498413,1.1690000295639038,1.1200000047683716,1.149999976158142,6200
2025-01-06,1.121999979019165,1.1799999475479126,1.0800000429153442,1.1549999713897705,30200
2025-01-07,1.1299999952316284,1.149999976158142,1.090000033378601,1.1100000143051147,16300
2025-01-08,1.1050000190734863,1.1829999685287476,1.1050000190734863,1.1100000143051147,2800
2025-01-10,1.1050000190734863,1.1100000143051147,1.090000033378601,1.1100000143051147,10600
2025-01-13,1.1100000143051147,1.1200000047683716,1.090000033378601,1.090000033378601,10000
2025-01-14,1.1200000047683716,1.156999945640564,1.090000033378601,1.100000023841858,13400
2025-01-15,1.1399999856948853,1.1649999618530273,1.1299999952316284,1.1349999904632568,18200
2025-01-16,1.1399999856948853,1.1649999618530273,1.1399999856948853,1.159999966621399,13300
2025-01-17,1.2100000381469727,1.2100000381469727,1.1200000047683716,1.1399999856948853,39800
2025-01-21,1.2300000190734863,1.2599999904632568,1.1549999713897705,1.2200000286102295,59700
2025-01-22,1.2799999713897705,1.2899999618530273,1.1699999570846558,1.2200000286102295,34200
2025-01-23,1.2599999904632568,1.2960000038146973,1.218000054359436,1.2910000085830688,8000
2025-01-24,1.2300000190734863,1.2599999904632568,1.159999966621399,1.2599999904632568,29300
2025-01-27,1.2699999809265137,1.2999999523162842,1.1201000213623047,1.1201000213623047,77265
