Price,Close,High,Low,Open,Volume
Ticker,CSB,CSB,CSB,CSB,CSB
Date,,,,,
2020-01-28,37.950809478759766,38.228867585968466,37.90418910992355,37.90418910992355,2700
2020-01-29,37.78763961791992,38.17059356950314,37.71271356862976,38.17059356950314,4000
2020-01-30,37.671085357666016,37.67524879775107,37.363057482632286,37.62946048413837,6000
2020-01-31,36.80278778076172,37.662771809642805,36.72952582407028,37.662771809642805,4800
2020-02-03,36.93848419189453,36.980944304031816,36.66375742146372,36.863558131636125,19400
2020-02-04,37.31975173950195,37.48791845388171,37.31975173950195,37.37969445726899,8400
2020-02-05,38.123138427734375,38.23719318729621,37.76765812725118,37.76765812725118,7600
2020-02-06,37.99993896484375,38.13730394800295,37.99993896484375,38.13730394800295,3800
2020-02-07,37.437156677246094,37.88754187290703,37.4046875564623,37.88754187290703,3000
2020-02-10,37.462955474853516,37.579506383762535,37.358059656835394,37.4296543078012,9500
2020-02-11,37.67524337768555,37.964956520750114,37.65442935602895,37.76265655225039,36400
2020-02-12,38.06250762939453,38.13912319777381,37.908440986790154,38.13912319777381,8500
2020-02-13,37.92839813232422,37.99169003557295,37.78349357061742,37.78349357061742,12300
2020-02-14,37.65027618408203,37.95007982665343,37.615299304237254,37.900111493948756,14000
2020-02-18,37.466209411621094,37.60112288341483,37.37793493105378,37.49202748135048,4300
2020-02-19,37.558658599853516,37.65026559563513,37.553664627133,37.56948522773615,5500
2020-02-20,37.73770523071289,37.91508973200254,37.400427838787834,37.400427838787834,13400
2020-02-21,37.3829345703125,37.75852127306799,37.293827755239896,37.75852127306799,6900
2020-02-24,36.44687271118164,36.484349726889306,36.2428410646762,36.484349726889306,6300
2020-02-25,35.157745361328125,36.40942522110493,35.08779160333063,36.40942522110493,5600
2020-02-26,34.777137756347656,35.455860297433816,34.777137756347656,35.235172542415405,3900
2020-02-27,33.75031661987305,34.79213138797202,33.75031661987305,34.60225565728029,34100
2020-02-28,33.08491516113281,33.3097677108327,32.661860452942754,32.661860452942754,28200
2020-03-02,33.889400482177734,33.889400482177734,32.92836580461072,33.28646411055593,77800
2020-03-03,33.1532096862793,34.21168054843467,33.093247090354566,34.110911619018374,31900
2020-03-04,33.98099899291992,33.98099899291992,33.20484313967711,33.56044119398639,19100
2020-03-05,32.461997985839844,33.27812788680942,32.461997985839844,33.27812788680942,3500
2020-03-06,32.34540939331055,32.34540939331055,31.55426203284416,31.72914633595444,11100
2020-03-09,29.08505630493164,31.637547945030434,28.839385910055256,29.189154576013593,40900
2020-03-10,29.524768829345703,29.730468396045676,28.549578157687144,29.3140752901538,11800
2020-03-11,27.93901824951172,29.07767821619375,27.645982167139323,29.07767821619375,6900
2020-03-12,24.97598648071289,30.174469327496617,24.966777005540088,30.174469327496617,51500
2020-03-13,26.867332458496094,28.63392914333199,25.073944138709003,26.044316492413174,14100
2020-03-16,24.12115478515625,25.619831978817704,24.11278209951872,24.67373926182126,13500
2020-03-17,25.6951847076416,25.762164596219417,23.82058302002708,24.715602839111966,194200
2020-03-18,23.4304256439209,25.18446261247686,23.074593680530583,24.514663711982745,25300
2020-03-19,24.695505142211914,24.97514609666886,22.764808496259146,23.49321447960949,12700
2020-03-20,23.459735870361328,24.609278977125335,23.449688005707088,24.422572660546365,10700
2020-03-23,22.92388916015625,23.79211738618737,22.43828454468977,23.47647526444378,13000
2020-03-24,24.849567413330078,24.849567413330078,24.079297747525914,24.588345318371253,24800
2020-03-25,24.981849670410156,25.757979984013254,24.422567625717434,24.90817226481834,27800
2020-03-26,26.4001522064209,26.507320364950576,25.117486253352546,25.117486253352546,17100
2020-03-27,25.39628791809082,26.063574878988927,25.150974440548687,25.57797025808124,110900
2020-03-30,26.117149353027344,26.117149353027344,25.201198927242046,25.393765842312277,11400
2020-03-31,26.210935592651367,26.272891564383425,25.73705233509091,26.147304444633853,21800
2020-04-01,24.656997680664062,25.46996588618424,24.62769407678946,25.06724973183517,17800
2020-04-02,25.14260482788086,25.586346072050944,24.372335169839676,24.456058848185638,41400
2020-04-03,24.245071411132812,25.053854103872318,23.794631086304978,24.883054808166115,53500
2020-04-06,25.720304489135742,25.921244180817265,24.72397871749736,24.72397871749736,45900
2020-04-07,26.005462646484375,27.171315695602836,25.773300238625374,26.362116498086543,17900
2020-04-08,26.835693359375,27.11075409828759,25.976023061282227,26.210707588091164,27400
2020-04-09,28.298480987548828,28.406151966268663,27.43881060817736,27.43881060817736,22300
2020-04-13,27.45899200439453,28.254733401627952,27.203277117269646,28.254733401627952,18700
2020-04-14,27.601980209350586,28.27995881203874,27.464031162986544,27.834142508495326,20500
2020-04-15,26.160234451293945,26.505112007619836,26.072753205486737,26.505112007619836,11300
2020-04-16,25.880970001220703,26.143413768800876,25.327484120579197,26.143413768800876,49600
2020-04-17,26.95682144165039,27.144400918614902,26.446233878890656,26.446233878890656,21400
2020-04-20,26.565675735473633,26.976163414967587,26.23593886268281,26.362113301727426,28300
2020-04-21,26.19472312927246,26.345290797243308,25.73965250002218,26.050882690001536,7500
2020-04-22,26.340242385864258,26.597640297069017,26.219115372704707,26.547169237557075,46500
2020-04-23,26.582496643066406,27.11074849947336,26.471462884909307,26.496698413361365,9100
2020-04-24,26.749048233032227,27.035044481428756,26.37977746524934,26.85840058915768,11300
2020-04-27,28.182403564453125,28.27577296406968,27.11075722694744,27.11075722694744,6500
2020-04-28,28.896543502807617,29.084963652564422,28.532316956848064,28.835136888265794,17200
2020-04-29,30.52420425415039,30.778237812344194,29.566960960814487,29.566960960814487,21200
2020-04-30,29.205257415771484,30.155771802433083,29.205257415771484,30.155771802433083,8800
2020-05-01,28.093231201171875,28.599613595984508,27.8661162375607,28.49867468175406,8700
2020-05-04,27.77527618408203,27.77527618408203,27.514513808514643,27.514513808514643,2900
2020-05-05,27.91490364074707,28.683726508770267,27.859385156686045,28.195852455360814,9200
2020-05-06,27.46067237854004,28.263142578106127,27.421977582224518,28.010793721099606,10400
2020-05-07,27.640684127807617,27.97714822340276,27.623860441709358,27.968737984748643,11800
2020-05-08,29.058042526245117,29.058042526245117,28.338846857548926,28.338846857548926,12800
2020-05-11,28.56092071533203,29.070669165375286,28.23791424279833,29.070669165375286,14600
2020-05-12,27.333656311035156,28.61222752109177,27.333656311035156,28.61222752109177,11400
2020-05-13,26.38704490661621,27.04629902571872,25.989802970026584,27.04629902571872,22400
2020-05-14,26.44620132446289,26.44620132446289,25.08543433730897,25.753138786178212,23800
2020-05-15,26.65327262878418,26.702294505039966,26.243351793034194,26.285612587076923,12400
2020-05-18,28.632726669311523,28.732459902193728,27.71399959111723,27.71399959111723,7900
2020-05-19,27.895709991455078,28.61835257594791,27.895709991455078,28.61835257594791,6500
2020-05-20,28.578645706176758,28.74514832738457,28.411298352256107,28.411298352256107,11200
2020-05-21,28.766273498535156,28.863472550992856,28.500037662243162,28.669074446077452,4500
2020-05-22,28.73668670654297,28.880368592474362,28.39015620169555,28.880368592474362,6000
2020-05-26,30.110980987548828,30.338339779855335,29.869255293948765,29.869255293948765,9700
2020-05-27,31.678817749023438,31.770945172633624,30.465114549737518,31.010266826852433,11400
2020-05-28,30.722049713134766,32.185087368584405,30.722049713134766,32.185087368584405,55000
2020-05-29,30.166765213012695,30.34341103406293,29.86333858274626,30.34341103406293,12600
2020-06-01,30.31635856628418,30.656127984792196,30.105904133613592,30.114357905750463,10300
2020-06-02,30.651052474975586,30.8615068809275,30.486239405094015,30.58766208867445,7400
2020-06-03,31.841089248657227,32.12591877771328,31.5004751492753,31.5004751492753,6200
2020-06-04,32.25017166137695,32.33046315523155,31.45822212340925,31.61880833528797,10700
2020-06-05,33.951534271240234,34.453582376076504,33.66417062065103,33.66417062065103,13700
2020-06-08,34.8415412902832,34.8415412902832,34.4248593142646,34.4248593142646,11900
2020-06-09,33.89068603515625,34.16283809868959,33.60416385259474,33.96844330699885,9900
2020-06-10,32.47953796386719,33.77607079748027,32.41925459939206,33.77607079748027,9700
2020-06-11,29.854206085205078,31.245834392940495,29.759959085297048,31.245834392940495,9200
2020-06-12,30.63705825805664,31.237352649259712,30.11657811982129,31.237352649259712,6100
2020-06-15,31.0505428314209,31.12695939188262,29.556178496664558,29.556178496664558,6200
2020-06-16,31.85548210144043,32.230769796957645,31.801990802869938,31.846140962773926,2300
2020-06-17,31.016576766967773,31.432623172223114,31.016576766967773,31.41564135578919,17900
2020-06-18,31.190656661987305,31.449623849750424,30.94867130084252,30.94867130084252,4400
2020-06-19,30.697341918945312,31.25433476728733,30.519886220032365,31.186407467192375,8700
2020-06-22,30.778841018676758,30.871390794242878,30.108073774990544,30.65147900163991,8000
2020-06-23,30.770355224609375,31.245833232467255,30.646390852710567,31.245833232467255,5800
2020-06-24,29.716659545898438,30.14204398188163,29.553636646786963,30.14204398188163,9500
2020-06-25,30.14969253540039,30.14969253540039,29.40336021586294,29.61562818661775,200300
2020-06-26,29.610523223876953,30.142041575102194,29.46703121283516,30.142041575102194,2900
2020-06-29,30.884979248046875,30.940167735663604,30.812808939867054,30.940167735663604,1600
2020-06-30,31.152427673339844,31.217805884377388,28.792010280438266,30.710910168381588,64800
2020-07-01,30.45704460144043,31.4156477674433,30.448555310966032,31.4156477674433,8100
2020-07-02,30.616682052612305,31.32226189019279,30.61668205261231,31.258580849866913,1800
2020-07-06,30.965641021728516,31.360459429135414,30.82978970084394,31.28828588448503,2400
2020-07-07,30.1929874420166,30.646392015970466,30.1929874420166,30.58355960299671,16000
2020-07-08,30.02777671813965,30.514927462903085,30.009891966527928,30.157229181849118,7200
2020-07-09,29.446081161499023,30.361614321750423,29.30555678714969,30.361614321750423,4600
2020-07-10,30.35991668701172,30.35991668701172,29.53551265494328,29.53551265494328,5300
2020-07-13,30.16573143005371,30.812993471639473,30.16573143005371,30.566011817644426,205000
2020-07-14,30.640106201171875,30.640106201171875,30.08056552445501,30.20320515544274,3700
2020-07-15,31.955068588256836,32.11603129308219,31.2814066118361,31.2814066118361,10000
2020-07-16,31.80517578125,31.979764018816876,31.553934928689305,31.91163305378189,20600
2020-07-17,31.58884620666504,32.03085756168689,31.5198608177906,32.03085756168689,10000
2020-07-20,30.992691040039062,31.59651636217262,30.933075228884697,31.59651636217262,6500
2020-07-21,31.896305084228516,32.00531918757769,31.46025516846873,31.536904542341986,5700
2020-07-22,31.7310848236084,31.805180630028847,31.596522004906756,31.605040407346113,6800
2020-07-23,31.954214096069336,32.13902310843944,31.681683748672338,31.80943052155455,15400
2020-07-24,31.609291076660156,31.97976026231033,31.54541607088048,31.97976026231033,8100
2020-07-27,31.704675674438477,31.728521996202332,31.400631823131636,31.622064738496878,8900
2020-07-28,31.681686401367188,31.877567401908692,31.66550403751571,31.766850923752788,3900
2020-07-29,32.71134567260742,32.742004775208805,31.741306870771506,31.741306870771506,8000
2020-07-30,32.2429313659668,32.94214207647879,31.96273376844418,32.94214207647879,10000
2020-07-31,31.754077911376953,32.0223490921582,31.42619091264432,32.0223490921582,5700
2020-08-03,32.00105667114258,32.04789813081319,31.69871840797109,32.030864577404046,9400
2020-08-04,32.218231201171875,32.23100555433548,32.09474037256,32.09474037256,2400
2020-08-05,32.97025680541992,32.97621838897083,32.53335557603241,32.635553687073774,13300
2020-08-06,32.740291595458984,33.078399300707815,32.63979591802279,33.078399300707815,4200
2020-08-07,33.28281784057617,33.28281784057617,32.71220492016734,32.71220492016734,4100
2020-08-10,34.029701232910156,34.212807843103235,33.70862708461326,33.70862708461326,5300
2020-08-11,34.066307067871094,34.86686411439223,34.066307067871094,34.398453041972246,13700
2020-08-12,34.313018798828125,34.79441893452399,34.09202076470277,34.725893957461864,9700
2020-08-13,34.014076232910156,34.21194617240412,33.99694416961618,34.21194617240412,3500
2020-08-14,34.163116455078125,34.36184574533715,33.78364931578086,33.93783459464834,5200
2020-08-17,34.05177688598633,34.24622244233397,33.992672390326724,34.24622244233397,5900
2020-08-18,33.46586990356445,34.20338854620965,33.46072995679795,34.20338854620965,12800
2020-08-19,33.56694030761719,33.87787925209583,33.56694030761719,33.83505072748117,8500
2020-08-20,33.27313232421875,33.43159818680395,33.18832812321921,33.406757839406794,10100
2020-08-21,33.10866928100586,33.30397088845054,32.96990381122465,33.30397088845054,10600
2020-08-24,33.90015411376953,33.90015411376953,33.38962969233078,33.423893821948454,4000
2020-08-25,33.883026123046875,34.28048157862303,33.663740241777006,34.28048157862303,5600
2020-08-26,33.599483489990234,33.843609635057916,33.53695457307017,33.78364905680315,11100
2020-08-27,33.74083709716797,33.92071892020776,33.646612351497204,33.763965226931376,9400
2020-08-28,33.98408889770508,33.988372729542725,33.75795093725041,33.75795093725041,8100
2020-08-31,33.406761169433594,33.697999730845765,33.406761169433594,33.60377500985842,7600
2020-09-01,33.681732177734375,33.681732177734375,33.118099205048004,33.398205098599675,23100
2020-09-02,34.263336181640625,34.263336181640625,33.753668010304686,33.753668010304686,13800
2020-09-03,33.757965087890625,34.56144040134254,33.63033560056446,34.383270826444395,7200
2020-09-04,33.80849075317383,34.29245918384126,33.40675163402104,34.29245918384126,17400
2020-09-08,33.08125686645508,33.67230162652616,32.97846775202808,33.67230162652616,11800
2020-09-09,33.19558334350586,33.36148887289364,33.017643318074015,33.36148887289364,27800
2020-09-10,32.923954010009766,33.4560526797452,32.90590226087474,33.41307279311254,10700
2020-09-11,32.79758071899414,33.05202667763759,32.5706435836906,32.96606365417168,13700
2020-09-14,33.44228744506836,33.44228744506836,33.0348328937616,33.103600030925634,5000
2020-09-15,33.40189743041992,33.70534061109422,33.40189743041992,33.679553334947144,20900
2020-09-16,33.76206588745117,34.00533321500371,33.50761992350327,33.533407191503606,10700
2020-09-17,33.89959716796875,33.97953965145094,33.41305604469924,33.41305604469924,6100
2020-09-18,33.810211181640625,34.09560258473775,33.60218487842941,34.04058492501301,6500
2020-09-21,32.325653076171875,33.473232328584864,32.123644080150456,33.473232328584864,12100
2020-09-22,32.25259780883789,32.510480394600755,32.02909716312975,32.510480394600755,4900
2020-09-23,31.405010223388672,32.613621060064446,31.405010223388672,32.27837349105962,16900
2020-09-24,31.616470336914062,32.00329568344105,31.246837592360883,31.547703208172337,15000
2020-09-25,31.85803985595703,31.98612038308474,31.560613911321038,31.76176385614983,9700
2020-09-28,32.673797607421875,32.85431832637604,32.312762727821976,32.312762727821976,5200
2020-09-29,32.32309341430664,32.65232392448711,32.06348921683881,32.65232392448711,6000
2020-09-30,32.41420364379883,32.79587104227091,32.29557693571643,32.51907757618193,10800
2020-10-01,32.5766716003418,32.57925229543361,32.295579142952484,32.295579142952484,9500
2020-10-02,33.30216979980469,33.30216979980469,32.046276897849566,32.046276897849566,5000
2020-10-05,34.02769470214844,34.04058834023054,33.63829174795518,33.71393857830005,18800
2020-10-06,33.97783660888672,34.925987876371096,33.97783660888672,34.1781241160775,11700
2020-10-07,34.623897552490234,34.80503823254647,34.41688057256184,34.494512762653876,11100
2020-10-08,35.132816314697266,35.25875267666853,34.91889593311036,35.081060428368886,9500
2020-10-09,35.08623123168945,35.61585619077533,35.08623123168945,35.598604231180616,12200
2020-10-12,35.34328842163086,35.34328842163086,35.13109551897093,35.2535801842308,11500
2020-10-13,34.750701904296875,35.24496103256486,34.71878757635999,35.24496103256486,4600
2020-10-14,34.6109733581543,34.874060147853186,34.58940757258151,34.86543251743331,7600
2020-10-15,35.023292541503906,35.0724588556649,34.33495427181763,34.425524663818784,3000
2020-10-16,35.02499008178711,35.21907216584292,34.78778303301883,35.21044454052046,7600
2020-10-19,34.58940124511719,35.22339705544779,34.58940124511719,35.21908653150328,7800
2020-10-20,34.718780517578125,35.07243752911953,34.718780517578125,34.96030141605261,8800
2020-10-21,34.84815979003906,35.02930041813477,34.84815979003906,34.89128804094643,7200
2020-10-22,35.38900375366211,35.41746965639193,35.003432426639286,35.089688948909476,5600
2020-10-23,35.63224792480469,35.79700202402717,35.55548113561235,35.7021178777284,3000
2020-10-26,34.93013000488281,35.52099770839419,34.68084674134446,35.52099770839419,7000
2020-10-27,34.35477828979492,34.87405161204507,34.35477828979492,34.87405161204507,8500
2020-10-28,33.329158782958984,33.84756977797274,33.329158782958984,33.84756977797274,7800
2020-10-29,33.800140380859375,33.84758246254317,32.959124352308656,33.05400851567625,4700
2020-10-30,33.68110656738281,33.85103333670083,33.45942389870762,33.683692881636404,4300
2020-11-02,34.558345794677734,34.558345794677734,34.054600244969244,34.054600244969244,10400
2020-11-03,35.46492385864258,35.46492385864258,35.13541882936775,35.34847389423275,5900
2020-11-04,34.26593780517578,35.00344549497441,34.24955123154038,34.70154097336361,14000
2020-11-05,35.277732849121094,35.54685756569777,34.736034997439916,34.736034997439916,12000
2020-11-06,34.891300201416016,35.55548602639318,34.783477891331586,35.55548602639318,5700
2020-11-09,37.71277618408203,38.93677335353214,37.59115367714026,38.93677335353214,10700
2020-11-10,38.753074645996094,39.10069707415975,37.91896179463076,37.91896179463076,24900
2020-11-11,38.14322280883789,38.885040854763645,37.96207882076875,38.885040854763645,58200
2020-11-12,37.266902923583984,38.05161234466057,37.0318322986924,38.05161234466057,17000
2020-11-13,38.18815994262695,38.18815994262695,37.749136605326264,37.749136605326264,5700
2020-11-16,39.56487274169922,39.675494825835685,38.9849829084274,39.03683402269646,16500
2020-11-17,39.55708312988281,39.697952751370856,38.829410599975304,39.14917112412671,22800
2020-11-18,38.99189758300781,39.96155433453072,38.99189758300781,39.84920475497927,16700
2020-11-19,39.03078079223633,39.049796382180695,38.46644502824948,38.93312479269889,15600
2020-11-20,39.00225830078125,39.06275345065704,38.69546052734307,39.06275345065704,12900
2020-11-23,40.01856231689453,40.229431502210055,39.35657094454288,39.35657094454288,9600
2020-11-24,41.499847412109375,42.122086906296666,40.63649110294588,42.122086906296666,24400
2020-11-25,40.9908332824707,41.65541957071097,40.76613745260106,41.65541957071097,19000
2020-11-27,40.70650100708008,41.110954769532015,40.40229446721512,41.110954769532015,8700
2020-11-30,39.62450408935547,40.67021328067316,39.56400892499071,40.67021328067316,19500
2020-12-01,40.13092803955078,40.471431652740435,39.81548623076126,40.00475197538263,26100
2020-12-02,40.42131805419922,40.502556305624864,40.097235387688926,40.22946101012946,19800
2020-12-03,40.86292266845703,41.23194306819981,40.7047682427916,40.92946733070573,13700
2020-12-04,42.103939056396484,42.113443551857166,41.32700342121501,41.32700342121501,10900
2020-12-07,41.975181579589844,42.53692611834233,41.60356657027462,42.53692611834233,11700
2020-12-08,42.280242919921875,42.280242919921875,41.7764024114714,41.7764024114714,20800
2020-12-09,42.675193786621094,43.051994500508826,42.48160601182603,42.96038473422411,44000
2020-12-10,42.56283950805664,42.57839681477337,42.114308410211585,42.3467844851731,10100
2020-12-11,42.30097579956055,42.45567192049009,42.027883936773044,42.42456060659502,14700
2020-12-14,42.364078521728516,42.917178973457105,42.29493931689307,42.917178973457105,8600
2020-12-15,43.46164321899414,43.50485357816668,42.449639925673445,42.68384356693205,45500
2020-12-16,43.04203414916992,43.58289379886802,42.885009843165115,43.58289379886802,27100
2020-12-17,43.17375946044922,43.2950168566014,42.893730682008865,43.2950168566014,17600
2020-12-18,43.07692337036133,43.43458905741688,42.815217338233104,43.3909719400243,16500
2020-12-21,42.240333557128906,44.2720485847821,41.82945346634865,44.2720485847821,40200
2020-12-22,42.25254440307617,42.43137556944548,42.02224257945173,42.43137556944548,14500
2020-12-23,42.93733596801758,43.22521153375727,42.605839967911706,42.605839967911706,8700
2020-12-24,43.078670501708984,43.078670501708984,42.84139030293381,42.91990245150684,10200
2020-12-28,43.48431396484375,43.635231791290494,43.38311972029745,43.54799422607029,10400
2020-12-29,42.85011291503906,43.44331508304907,42.63202398055812,43.44331508304907,6100
2020-12-30,43.260128021240234,43.38836377593824,43.10310369734819,43.10310369734819,6100
2020-12-31,43.579402923583984,43.609063363782894,43.13101214233395,43.37352692298421,4600
2021-01-04,43.103092193603516,43.70501638936032,42.55001970088416,43.70501638936032,16900
2021-01-05,43.76260757446289,44.14993381744517,42.77160986108784,42.77160986108784,77400
2021-01-06,46.165061950683594,46.5628572671882,44.40290636878758,44.40290636878758,71500
2021-01-07,46.32906723022461,46.60123911589127,46.14761708793161,46.60123911589127,122100
2021-01-08,45.89812469482422,47.098489072362725,45.25781788140484,46.53145649573962,251300
2021-01-11,46.11272048950195,46.11272048950195,45.37994160565459,45.37994160565459,14200
2021-01-12,46.98200607299805,47.10419540888776,46.08303549004854,46.08303549004854,72800
2021-01-13,46.414710998535156,46.87728602729548,46.20262419664751,46.87728602729548,166100
2021-01-14,46.93400573730469,47.19147566498308,46.763812961182715,46.77253934457439,23600
2021-01-15,46.33528137207031,46.877279420771075,45.916344990636645,46.877279420771075,19400
2021-01-19,46.52382278442383,46.85984367516139,46.213984388457234,46.85984367516139,28600
2021-01-20,46.46533203125,46.73764122089616,46.13542070329591,46.632907941620225,34500
2021-01-21,45.88841247558594,46.90608001258874,45.76011365160373,46.34487795026572,27300
2021-01-22,46.205223083496094,46.205223083496094,45.289672074780476,45.39353300637004,18800
2021-01-25,46.316951751708984,46.64686301974982,45.84739169744648,46.24887529901314,43800
2021-01-26,46.043766021728516,46.60671265351482,45.91023004526911,46.60671265351482,20600
2021-01-27,45.61087417602539,45.93467935607354,45.0793503834698,45.45464823147287,22000
2021-01-28,45.346412658691406,45.873574809776045,45.07061098330978,45.873574809776045,19700
2021-01-29,44.56439208984375,45.43717687032272,44.46838523128551,45.43717687032272,26200
2021-02-01,45.32720947265625,45.369103440962135,44.53821250681407,44.85241560440312,14800
2021-02-02,45.74266052246094,46.02980552810507,45.34118023200231,45.917218183785266,22700
2021-02-03,45.93467712402344,45.995771809854226,45.39704055930181,45.97831570970105,57600
2021-02-04,46.87728500366211,46.92965330610707,46.16160151730168,46.16160151730168,10100
2021-02-05,47.31365966796875,47.322389379784894,46.86854091822192,47.165287861189654,15000
2021-02-08,48.40117645263672,48.40117645263672,47.566792695119055,47.66279959840216,23100
2021-02-09,48.5268440246582,48.6551461880262,48.01190074831111,48.352289690501635,12400
2021-02-10,48.51897430419922,48.911845182054755,48.33872560071711,48.911845182054755,95100
2021-02-11,48.428855895996094,48.7631014264063,47.82248826173271,48.60560325288813,37000
2021-02-12,48.69660186767578,48.81560167382127,48.16810881522301,48.16810881522301,21400
2021-02-16,48.87596893310547,49.585581776288585,48.76221952773553,49.22683673272054,46700
2021-02-17,48.65373229980469,48.78060602543118,48.22936236804409,48.59685925224083,70700
2021-02-18,48.12435531616211,48.62309836786801,48.04560623758668,48.62309836786801,23100
2021-02-19,49.10258102416992,49.20057926173803,48.483089304273314,48.483089304273314,15800
2021-02-22,49.8568229675293,50.096571529577325,49.01596066103129,49.01683516851106,21400
2021-02-23,50.1324462890625,50.32932063271535,49.559330097913026,49.86557796432356,56900
2021-02-24,50.7834358215332,50.880559554428224,50.05806860092424,50.2243184767932,22200
2021-02-25,49.778072357177734,51.019679346634426,49.55932533269527,50.985556866909015,35000
2021-02-26,49.2618408203125,49.84808471933138,48.65547323171122,49.84808471933138,36600
2021-03-01,50.34680938720703,50.6093051147752,50.012564004109365,50.329309226993914,27500
2021-03-02,49.90232849121094,50.530568712406605,49.891827724891485,50.530568712406605,24300
2021-03-03,50.46495056152344,51.204316758165,50.17183027613633,50.17183027613633,34000
2021-03-04,49.75183868408203,50.798324014980395,49.00372403681343,50.6880759622649,57800
2021-03-05,51.04682159423828,51.04682159423828,49.64684153860076,50.57432707377972,17800
2021-03-08,52.45379638671875,52.68129185937992,51.21306037144396,51.42305901666716,42300
2021-03-09,52.1650505065918,52.77929197603763,51.99092669332414,52.77929197603763,54200
2021-03-10,53.365535736083984,53.43553306160046,52.144926706212054,52.49054747132836,40700
2021-03-11,53.782127380371094,53.94701152321172,53.53480283893995,53.88561866926359,30600
2021-03-12,54.38114929199219,54.53463142202425,53.90315826342434,54.06102655307431,46500
2021-03-15,53.90141677856445,54.65742893004418,53.613746874769745,54.65742893004418,23700
2021-03-16,53.06996536254883,54.05225768804566,52.93490108784938,54.05225768804566,28600
2021-03-17,53.265567779541016,53.33134346849831,52.84195360695624,53.12260769870962,20400
2021-03-18,52.684078216552734,54.15751367404183,52.57006146150673,53.29801021478323,20800
2021-03-19,52.6130256652832,52.96559795946473,51.868415676926176,52.56128169475872,24900
2021-03-22,51.31587219238281,52.71037308037961,51.017676928733835,52.71037308037961,27700
2021-03-23,50.03538131713867,51.25447247264686,49.95644718894309,51.25447247264686,19400
2021-03-24,50.00031280517578,51.514969922637455,49.824906555980846,50.737030427037666,28200
2021-03-25,50.83351135253906,51.03523123739119,49.41269983777272,50.210810402039876,71700
2021-03-26,51.97367477416992,51.99998839392691,51.2106467144269,51.71933431802924,50600
2021-03-29,51.15713882446289,52.11399424002695,51.12205957931801,51.79826095976305,16700
2021-03-30,51.4649772644043,51.66757368323348,51.15801299345099,51.30710896915413,18300
2021-03-31,51.74563217163086,51.89472814993755,51.39130673678326,51.66669802262741,18200
2021-04-01,52.019264221191406,52.14906576483365,51.407965428886605,51.93857695598997,31300
2021-04-05,52.719154357910156,58.26207626891086,52.236780470355505,58.26207626891086,50000
2021-04-06,52.289405822753906,52.806862346854174,52.289405822753906,52.806862346854174,62600
2021-04-07,51.96488952636719,53.21029117998553,51.76316968158363,53.21029117998553,45700
2021-04-08,52.15782928466797,52.15782928466797,51.535125244876696,52.15782928466797,43900
2021-04-09,52.2838020324707,52.398305907798516,52.038061710462266,52.36307342924318,30100
2021-04-12,52.494300842285156,52.58766723038498,52.2749832369581,52.468758475712,14500
2021-04-13,51.998416900634766,52.530415154954035,51.85661005866334,52.530415154954035,13800
2021-04-14,52.40711212158203,52.66430316601015,51.96671622140067,52.151681693087866,29000
2021-04-15,52.70656967163086,52.70656967163086,52.18514187578762,52.530410678994365,29100
2021-04-16,53.01485824584961,53.07651340423188,52.57622631335201,53.03247448538085,33200
2021-04-19,52.56300354003906,53.102931286873776,52.36306613997592,53.102931286873776,29600
2021-04-20,51.803749084472656,52.68894545237032,51.535107417399004,52.592057853104045,37000
2021-04-21,52.70656967163086,52.70656967163086,51.869816976572494,51.96670459052024,26800
2021-04-22,52.14462661743164,52.90915379137686,52.12348915011239,52.90915379137686,33900
2021-04-23,53.023658752441406,53.22447981595584,52.310216296260705,52.53041421187719,22900
2021-04-26,52.73298645019531,53.39358007877785,52.667810082970966,53.23503733912181,43700
2021-04-27,52.578853607177734,52.88272778039798,52.46875465861426,52.88272778039798,32900
2021-04-28,52.82107162475586,52.98842081377899,52.578852598581285,52.93557210989912,33500
2021-04-29,53.05889129638672,53.3495507982139,52.8827322916669,53.32312812348967,23500
2021-04-30,52.69776916503906,52.882734616145996,52.600881540186755,52.882734616145996,14500
2021-05-03,53.728302001953125,53.936168929031425,52.931186465470155,53.20863468425738,62900
2021-05-04,53.70011901855469,53.785555940017574,53.2791032875894,53.7811543997031,20400
2021-05-05,53.675437927246094,54.573845746252196,53.217425900304555,54.573845746252196,39900
2021-05-06,54.357177734375,54.371269379667496,53.5697490944576,53.92206710639861,16300
2021-05-07,54.617881774902344,54.661924039750204,54.04536929136389,54.41530012442384,15600
2021-05-10,54.394012451171875,55.19612789056675,54.349940839381745,54.67607480156688,18400
2021-05-11,53.80079650878906,53.90040231412506,53.37946492732782,53.90040231412506,16300
2021-05-12,52.66636657714844,54.667248187840926,52.49889314914157,53.75054409649811,38800
2021-05-13,54.02644348144531,54.21771633909828,52.62230198559241,52.833847042573666,29000
2021-05-14,54.76422119140625,54.82592212018109,54.200096492637186,54.5791150426333,24000
2021-05-17,54.82591247558594,55.39885005091487,54.32613167797929,54.7553952194205,123800
2021-05-18,54.208900451660156,54.852355289299936,54.208900451660156,54.852355289299936,25700
2021-05-19,53.75935745239258,53.970902469463006,53.08064407793405,53.891572247449744,20200
2021-05-20,53.988548278808594,54.02821172071165,53.547825435716284,53.97973530142407,19800
2021-05-21,54.29704666137695,54.60114646401931,53.99735502814265,54.40282255248181,18500
2021-05-24,54.36756134033203,54.63199433064078,54.20890087365721,54.63199433064078,27300
2021-05-25,53.45087432861328,54.7466007682828,53.433245008606676,54.7466007682828,36900
2021-05-26,54.125152587890625,54.22563932507473,53.65357944317392,53.65357944317392,22200
2021-05-27,54.658443450927734,54.79066164382773,54.57470840037617,54.720147740076506,43300
2021-05-28,54.55265808105469,55.01982309116123,54.236218143953245,55.01982309116123,20300
2021-06-01,55.28426742553711,55.354781322918164,54.89642922137325,55.01101808737149,23100
2021-06-02,55.02864456176758,55.52225526774699,54.889375334507804,55.52225526774699,30400
2021-06-03,54.8347282409668,54.94138509197576,54.49978134448486,54.91405847696473,58900
2021-06-04,54.981048583984375,55.26663810635345,54.700748192346886,55.26663810635345,20000
2021-06-07,55.15028381347656,55.7955005601171,54.8999529369248,55.1520457361258,21200
2021-06-08,55.635955810546875,56.27147858217435,55.03745358702697,56.27147858217435,19700
2021-06-09,55.41648483276367,55.813136031711274,55.33715459297415,55.813136031711274,40300
2021-06-10,55.06755828857422,55.791898694105505,55.049891038477924,55.791898694105505,19600
2021-06-11,55.35906982421875,55.45535517582691,55.17798637387679,55.30607143372063,18400
2021-06-14,54.87765121459961,55.51807316057843,54.7672334053147,55.438572203105934,15400
2021-06-15,55.15591049194336,55.32374774181433,54.69657193757135,55.18241306121406,20300
2021-06-16,55.085243225097656,55.253077100374455,54.65240388297345,55.253077100374455,33300
2021-06-17,53.936885833740234,55.01456122393406,53.45104483892089,55.01456122393406,25400
2021-06-18,52.08186340332031,53.34946087054961,52.08186340332031,53.29204483170588,41600
2021-06-21,53.29823303222656,53.41571706155558,52.31153903974194,52.31153903974194,13800
2021-06-22,53.177215576171875,53.362716679897375,52.700209849720025,53.362716679897375,11500
2021-06-23,53.0623893737793,53.40689244643113,53.015570976234166,53.300892278619315,15900
2021-06-24,53.75138854980469,53.75138854980469,53.04471523987721,53.3892182678616,28300
2021-06-25,53.88389587402344,54.13034785389099,53.65422829230351,53.65422829230351,11300
2021-06-28,53.141883850097656,53.866224419412646,52.78854550764363,53.866224419412646,17600
2021-06-29,52.82386779785156,53.38920631926985,52.784119012603426,53.38920631926985,27900
2021-06-30,53.080047607421875,53.150713250723065,52.66487558034386,52.7620437883565,15700
2021-07-01,53.468711853027344,53.66304825009188,53.18515971091008,53.451044601504776,22500
2021-07-02,52.92987823486328,53.67188603113165,52.85921259076746,53.67188603113165,14000
2021-07-06,52.10837173461914,52.770878561012914,51.490031356048156,52.770878561012914,63500
2021-07-07,51.914920806884766,52.213491670356305,51.662285477647686,52.081871807739084,21500
2021-07-08,51.14552688598633,51.81244797935236,50.960022418929796,51.23385977911124,22100
2021-07-09,52.415401458740234,52.44197010286074,51.9106411355648,51.99034031175491,13500
2021-07-12,52.70762634277344,52.70762634277344,52.08331564390894,52.362264414927246,33800
2021-07-13,51.73352813720703,52.67220688745354,51.73352813720703,52.67220688745354,38000
2021-07-14,51.86635208129883,52.34454702333227,51.724665066409464,52.335689684728926,23000
2021-07-15,52.016902923583984,52.043468186538064,51.46786271657399,51.79551672407247,30200
2021-07-16,51.520992279052734,52.273703942729085,51.397016558266984,52.24713868201358,13700
2021-07-19,50.4937744140625,50.97196950689176,50.0510019306471,50.97196950689176,34000
2021-07-20,51.67153549194336,51.91771682758762,50.60002714106864,50.60002714106864,10100
2021-07-21,51.67153549194336,52.194007036449364,51.547559765803825,51.547559765803825,33500
2021-07-22,50.883399963378906,51.76009074257273,50.724001639889124,51.76009074257273,49100
2021-07-23,51.36159133911133,51.36159133911133,50.88339640211027,50.98080685721251,12800
2021-07-26,51.724674224853516,51.830938660314644,51.37931227604072,51.37931227604072,14500
2021-07-27,51.5564079284668,51.683038807019116,51.246465290200426,51.6361070779542,19100
2021-07-28,51.839786529541016,51.99918484265395,51.246469835601786,51.901774387075506,14100
2021-07-29,52.34456253051758,52.56594876799865,52.19844680303946,52.23829808239072,18000
2021-07-30,51.98147964477539,52.55708172916703,51.93011585815754,52.379975474329775,14800
2021-08-02,51.715824127197266,52.80504396180017,51.63966518398938,52.326848899364045,21400
2021-08-03,52.21615219116211,52.39414689510237,51.64940402791858,51.83093896547993,13500
2021-08-04,51.48558044433594,51.927467840161604,51.39702730471225,51.715824012294696,25100
2021-08-05,52.011592864990234,52.140882333552774,51.52100025556844,51.52100025556844,6700
2021-08-06,52.672210693359375,52.839577951212355,52.592511516559995,52.645645427121494,14000
2021-08-09,52.68728256225586,52.93199415171269,52.53300859982365,52.93199415171269,13600
2021-08-10,53.01975631713867,53.0827064903355,52.541859923843035,52.55072814617927,11800
2021-08-11,53.534908294677734,53.534908294677734,52.92312928225083,53.10932480642771,15100
2021-08-12,53.49944305419922,53.685635199256694,53.22458556704034,53.685635199256694,23400
2021-08-13,53.41963195800781,53.596959213568745,53.17137582956415,53.596959213568745,10500
2021-08-16,53.19797897338867,53.41077237746625,52.7901286129961,53.03838476588959,20400
2021-08-17,52.754669189453125,52.93199648502471,52.39114975553797,52.93199648502471,17800
2021-08-18,52.35567092895508,52.91425059082288,52.308681523851085,52.8433183368935,8700
2021-08-19,51.91236877441406,52.19609110373734,51.681845650177756,52.19609110373734,18400
2021-08-20,52.6660041809082,52.728068223426256,51.868033088195155,52.12515748276232,17400
2021-08-23,52.96744918823242,53.06497596293935,52.64826081359597,53.06497596293935,15500
2021-08-24,52.88322448730469,53.118181685799485,52.772395364827034,53.118181685799485,18500
2021-08-25,52.9319953918457,53.3052658068774,52.85663239201119,52.92312716702001,62400
2021-08-26,52.34682083129883,53.08272457077808,52.34682083129883,53.08272457077808,14300
2021-08-27,53.50830841064453,53.694503939725315,52.595077362779,52.595077362779,44500
2021-08-30,53.11375045776367,53.76542627447379,53.09424509936425,53.76542627447379,13000
2021-08-31,53.26004409790039,53.437371374542394,53.06498375537054,53.26004409790039,35800
2021-09-01,53.39303970336914,53.55263391203822,52.896524011705736,53.55263391203822,44200
2021-09-02,53.543766021728516,53.72995813892381,53.2148266146835,53.45510407513165,181200
2021-09-03,53.33452224731445,53.703361909418426,53.24674644392779,53.703361909418426,43900
2021-09-07,53.03839111328125,53.517173793077,53.00292497798449,53.517173793077,15600
2021-09-08,52.74580764770508,52.9630318227006,52.58621340992635,52.81673654103059,14500
2021-09-09,52.574100494384766,53.04113067533052,52.574100494384766,52.876557392045925,17700
2021-09-10,51.84464645385742,52.75201715089175,51.74679225219585,52.75201715089175,15500
2021-09-13,51.74501419067383,52.04035497644604,51.41764919546908,52.04035497644604,14700
2021-09-14,51.168556213378906,52.004758789673666,51.05558072012563,52.004758789673666,13100
2021-09-15,51.4443359375,51.54218674034485,51.150773348545506,51.150773348545506,24600
2021-09-16,50.95507049560547,51.40875756540907,50.843873150149996,51.3375896354502,37300
2021-09-17,50.91058349609375,51.214818539449205,50.70598082279748,50.95506174794544,100100
2021-09-20,50.003231048583984,50.1153175055693,49.31825486242161,49.77194201895188,37500
2021-09-21,49.76302719116211,50.32346267655218,49.634037882982554,50.32346267655218,23300
2021-09-22,50.341270446777344,50.708664933385116,50.19893795749836,50.207832253433324,10000
2021-09-23,51.115196228027344,51.45679687084953,50.3056796685237,50.3056796685237,32500
2021-09-24,51.266422271728516,51.46123819132092,50.84831918996187,50.93727570403101,16700
2021-09-27,52.280540466308594,52.78760005247378,51.23973162548773,51.23973162548773,16900
2021-09-28,51.76459503173828,52.405092926421986,51.71122246949744,52.06705199384179,8800
2021-09-29,52.09374237060547,52.20760700549663,51.54220100120511,51.773493418947,15400
2021-09-30,51.10719680786133,52.16935421572243,51.10719680786133,52.15601107537831,14000
2021-10-01,52.04924011230469,52.31255664231319,51.20414319411153,51.42653783436718,10700
2021-10-04,52.25386047363281,52.43622236396349,51.96029783925692,52.09373601733211,64800
2021-10-05,52.494041442871094,52.60968763252313,52.17379593790754,52.396190629214104,5500
2021-10-06,52.12041091918945,52.26541063096567,51.568873130912706,52.13820289861426,7300
2021-10-07,52.9299430847168,53.227062103318,52.49404794265523,52.49404794265523,6800
2021-10-08,52.96477508544922,53.082653158843954,52.87993748351232,52.94691435837906,8900
2021-10-11,52.48253631591797,53.05406585390953,52.48253631591797,53.05406585390953,17800
2021-10-12,52.53701400756836,52.57987906601966,52.375378364764806,52.420028473730966,8600
2021-10-13,52.43788146972656,52.43788146972656,51.85206136162716,52.38429930291377,13800
2021-10-14,53.0540657043457,53.0540657043457,52.59862916960033,52.59862916960033,10300
2021-10-15,52.8049201965332,53.62560061040678,52.8049201965332,53.34876787970642,5500
2021-10-18,52.61648941040039,52.737048451338985,52.52718919284842,52.68793230970992,8800
2021-10-19,52.54951477050781,52.73258123435401,52.30840010062989,52.73258123435401,11100
2021-10-20,53.08979034423828,53.156767211000506,52.48253932367471,52.51826077349256,18500
2021-10-21,53.188018798828125,53.32196911612426,52.92011135106645,52.99155424555882,9400
2021-10-22,53.313045501708984,53.42913851295063,53.09872020453864,53.15230238047749,12400
2021-10-25,53.59434127807617,53.59434127807617,53.232670978724556,53.232670978724556,9300
2021-10-26,53.11658477783203,53.59881417646119,53.11658477783203,53.518442610022994,9800
2021-10-27,52.125328063964844,52.90225421458992,52.125328063964844,52.90225421458992,92600
2021-10-28,52.59415817260742,52.79955136744541,52.46467049196478,52.46467049196478,10700
2021-10-29,52.58076095581055,52.87545434064776,52.527178791938205,52.830804240712936,42000
2021-11-01,54.05424499511719,54.10782716920151,52.821885650442006,52.821885650442006,17100
2021-11-02,53.822059631347656,54.1078243986619,53.62112904375859,54.1078243986619,76800
2021-11-03,54.991905212402344,55.176756698928784,53.61666029756727,53.61666029756727,20800
2021-11-04,54.62576675415039,55.197299642968524,54.237307118942645,55.15264613431917,13400
2021-11-05,56.007259368896484,56.23140579726422,55.16157483680904,55.16157483680904,15000
2021-11-08,55.826717376708984,56.39432398613337,55.826717376708984,56.31387545623057,10800
2021-11-09,55.94738006591797,56.0278285837411,55.69709730373351,55.92950223864095,7700
2021-11-10,55.92950439453125,56.134200921450145,55.7864851806491,56.05464578044725,12100
2021-11-11,56.21196365356445,56.29330554623536,56.00547697770699,56.072517973380975,9500
2021-11-12,56.112754821777344,56.251303739164065,55.947387455009675,56.251303739164065,5200
2021-11-15,56.01442337036133,56.45688853166957,55.72391463238938,56.45688853166957,5500
2021-11-16,56.08146286010742,56.17084858791199,55.92950303102332,56.14403355154001,8400
2021-11-17,55.50939178466797,55.88481940517055,55.230503766818124,55.88481940517055,8000
2021-11-18,55.2796630859375,55.5719586037677,54.93284411026027,55.5719586037677,8700
2021-11-19,54.86579895019531,55.00881816341483,54.72098956729456,54.928369642863416,7300
2021-11-22,55.643463134765625,56.1619098898562,55.160772033787545,55.30379124039066,9400
2021-11-23,55.804351806640625,55.804351806640625,55.473620580274336,55.473620580274336,9100
2021-11-24,55.38691711425781,55.554071198206145,55.37529635747815,55.554071198206145,7400
2021-11-26,53.3122444152832,54.50824474687803,52.55960599524133,54.50824474687803,15500
2021-11-29,53.09593963623047,54.15070770634661,52.91001430150331,54.15070770634661,10800
2021-11-30,52.00540542602539,52.908213468573074,51.79981554326397,52.908213468573074,12900
2021-12-01,51.755130767822266,53.46242419207462,51.719375110492535,52.872469485522686,13700
2021-12-02,52.9520149230957,53.16743881156637,51.72830616872451,51.72830616872451,11700
2021-12-03,52.763404846191406,53.04229277798577,52.461275400952566,53.03335557042445,16500
2021-12-06,53.775272369384766,54.070251398513285,53.122747031737624,53.122747031737624,9500
2021-12-07,53.87359619140625,54.37148154239871,53.61437282821403,54.286562721045165,9400
2021-12-08,53.982662200927734,54.195406006110986,53.81997836920052,54.195406006110986,10900
2021-12-09,53.488346099853516,53.918297140231815,53.46242444161497,53.918297140231815,7300
2021-12-10,53.54465866088867,53.882540410923376,53.37303423619651,53.882540410923376,12000
2021-12-13,53.149566650390625,53.551809265776456,52.957384256920015,53.38197501032338,7400
2021-12-14,53.09593963623047,53.730587238293495,52.863531262897865,52.863531262897865,8800
2021-12-15,53.84677505493164,53.95403858932727,52.88139301583213,52.88139301583213,19800
2021-12-16,53.651302337646484,54.43228797397273,53.46393698417486,54.155744876795424,12200
2021-12-17,53.542327880859375,53.65132600347437,53.05139648799185,53.570254354456225,10400
2021-12-20,52.72258377075195,52.72258377075195,51.79566713241573,52.66042875027259,20400
2021-12-21,53.82246398925781,53.82246398925781,52.94869234455773,52.94869234455773,13400
2021-12-22,54.22781753540039,54.29087286148601,53.588254407241976,53.804443114890496,17100
2021-12-23,54.51786422729492,54.705229579759695,54.51786422729492,54.64217426270492,10500
2021-12-27,55.07455825805664,55.08356812459294,54.22240769260925,54.76828808471051,30100
2021-12-28,55.22770690917969,55.46191194550138,55.191674307820044,55.191674307820044,17000
2021-12-29,55.47092056274414,55.48893342675966,55.17816169675213,55.33580002882231,30000
2021-12-30,55.30876159667969,55.75915866689285,55.28624036866625,55.56098285639683,15700
2021-12-31,55.36281967163086,55.39885227016697,54.984487695774895,55.11059835439355,11100
2022-01-03,55.77717971801758,56.05642717961646,55.42677080090586,55.76637268834025,13000
2022-01-04,56.407737731933594,56.7410340948415,55.984366750380154,55.984366750380154,28200
2022-01-05,56.00238037109375,56.91939037686465,55.92131218233717,56.56988174619284,23500
2022-01-06,56.43476486206055,56.56988194672473,56.00688550331334,56.173533687615844,14900
2022-01-07,56.20957565307617,56.443780700616635,56.02941607390604,56.443780700616635,8600
2022-01-10,55.90329360961914,56.23658652722615,55.6150397182416,56.23658652722615,25500
2022-01-11,55.71052169799805,56.0203930776508,55.1214028642552,56.0203930776508,13500
2022-01-12,55.47623825073242,56.014212702195934,55.221217735520135,56.014212702195934,22600
2022-01-13,55.95112991333008,56.32059286502318,55.56364395941582,55.987175917772376,80500
2022-01-14,56.12232971191406,56.12232971191406,55.302302215522545,55.302302215522545,30900
2022-01-18,55.34736251831055,56.0953015219537,55.11577230498927,56.0953015219537,45500
2022-01-19,54.40478515625,55.57264667639769,54.40478515625,55.57264667639769,36700
2022-01-20,53.247737884521484,54.85625377136309,53.13059009670912,54.38315944801252,70800
2022-01-21,53.031463623046875,54.22095415173884,53.031463623046875,53.121578625242236,25000
2022-01-24,54.14887237548828,54.157882158069334,52.37364614136394,52.950368477567345,32500
2022-01-25,53.86050033569336,54.31557160874725,52.70705589610826,53.923579113637196,45300
2022-01-26,52.9945182800293,54.40118204514684,52.34660807049447,54.38315904426828,18200
2022-01-27,52.59892272949219,53.85870401042264,52.265505810110156,53.473019357707244,19400
2022-01-28,52.794464111328125,53.00442534146301,51.66805248228048,52.725074019946426,33200
2022-01-31,53.51807403564453,53.51807403564453,52.36462951400871,52.79717120962214,55200
2022-02-01,53.756866455078125,53.77939606224177,52.995414545949785,53.61719251576268,60100
2022-02-02,53.500064849853516,53.81546228098473,53.14411823563303,53.81546228098473,27200
2022-02-03,53.229713439941406,53.74335692348803,53.04948687224143,53.527087792276745,34600
2022-02-04,52.89628982543945,53.40993324393954,52.22494946924819,53.40993324393954,22700
2022-02-07,52.9683837890625,53.12157757098639,52.64397666266912,53.04047578938804,25900
2022-02-08,53.96504211425781,54.058759663798746,53.10626306952635,53.17564973781244,59100
2022-02-09,53.71633529663086,54.238988670209686,53.5270989081387,54.238988670209686,29000
2022-02-10,52.73664474487305,53.78307821759145,52.72762527961477,53.78307821759145,24400
2022-02-11,52.88459014892578,53.627920035533734,52.817833717558706,52.85391846106688,28300
2022-02-14,52.94233703613281,53.28693850878103,52.682534388008484,53.0433715904718,35500
2022-02-15,53.63875198364258,53.81917229116072,53.46735458417748,53.54854355049908,18900
2022-02-16,53.815555572509766,53.97252386976844,53.41141743882146,53.62972567335017,23600
2022-02-17,53.07041549682617,53.73796594514661,52.90803761669849,53.73796594514661,107300
2022-02-18,52.92608642578125,53.24182278107957,52.85662518468637,53.09748724304426,81200
2022-02-22,52.37581253051758,53.00727839455273,52.10879022141781,53.00727839455273,58200
2022-02-23,51.63610076904297,52.763723481632525,51.47372282313156,52.763723481632525,30100
2022-02-24,51.81649398803711,51.97887185979856,50.652790495386505,51.1760054056613,31200
2022-02-25,53.37714385986328,53.47637520319785,52.06820274236543,52.18637462231095,19800
2022-02-28,53.36811828613281,53.51245383049516,52.93781646047177,53.2779098613679,63100
2022-03-01,52.00505065917969,53.35910282333001,51.74254322869959,53.35910282333001,16100
2022-03-02,53.557559967041016,53.80112685213389,52.240497647262615,52.240497647262615,23000
2022-03-03,53.9310188293457,53.96349371912489,53.40689881634276,53.87328530960157,34500
2022-03-04,53.634239196777344,53.80112512736114,53.054188768427075,53.80112512736114,15700
2022-03-07,52.781742095947266,53.95447201852826,52.763703167774416,53.88230254091646,37000
2022-03-08,52.69965362548828,53.53409689736377,52.61034681847539,52.97118733827183,93600
2022-03-09,52.81782913208008,53.47816680427521,52.81782913208008,53.359089914020544,49900
2022-03-10,52.98923110961914,53.09748189192854,52.19538400981281,52.33069662739198,44600
2022-03-11,52.73591232299805,53.52934749958844,52.73591232299805,53.369214403639695,38900
2022-03-14,52.89876174926758,53.30588131239378,52.614678132917085,53.24255144918665,21500
2022-03-15,53.06161117553711,53.26969550568518,52.567634789249766,53.26969550568518,32400
2022-03-16,53.748287200927734,53.748287200927734,53.01456158837599,53.52301236128266,24800
2022-03-17,53.9066047668457,54.18344767768159,53.45967547455568,53.76727909228646,24200
2022-03-18,53.921077728271484,54.07488125861775,53.38277400010457,53.930126821877856,19300
2022-03-21,53.921077728271484,54.40962524647538,53.60442847640859,54.3734357744859,21500
2022-03-22,53.69490432739258,54.30106596742258,53.48682001849224,53.984413231185954,26800
2022-03-23,52.57305908203125,53.58634026253946,52.48258539104579,53.58634026253946,28600
2022-03-24,52.97113800048828,52.97113800048828,52.527828951813675,52.96209235613969,35700
2022-03-25,53.658729553222656,53.658729553222656,53.143041494517504,53.27874688031307,33100
2022-03-28,53.18012619018555,53.75823983937395,52.808288433172784,53.75823983937395,20500
2022-03-29,54.20155334472656,54.24678846944089,53.610773711812996,53.73110045501624,31700
2022-03-30,53.23350143432617,54.27392644653888,53.048940626878235,54.27392644653888,18600
2022-03-31,52.871620178222656,53.45968716314945,52.78024570791899,53.33302743131139,21800
2022-04-01,53.21541976928711,53.23351451190856,52.57307193671229,53.23351451190856,17600
2022-04-04,52.82638168334961,53.36016441292038,52.389405636379685,53.36016441292038,30300
2022-04-05,52.02119445800781,53.186467584891695,51.93072419595986,52.98019511132481,21800
2022-04-06,51.54169464111328,52.21118284740148,51.433126187753686,52.21118284740148,46900
2022-04-07,51.59596633911133,51.82214540032254,50.99885375556248,51.78595937345487,31600
2022-04-08,51.61406326293945,52.18403548765941,51.59596852313039,52.18403548765941,16000
2022-04-11,51.3001823425293,52.043150732093046,51.3001823425293,51.7900522948799,244600
2022-04-12,51.60771560668945,52.270852384904266,51.455312533466056,51.880771112881376,21200
2022-04-13,52.252708435058594,52.27720228036913,51.46347576612004,51.46347576612004,27800
2022-04-14,52.08942794799805,52.615585463704306,52.0712876879593,52.49765301008724,80400
2022-04-18,52.125709533691406,52.397858390992255,51.8354169578291,52.29807312974497,14900
2022-04-19,53.06008529663086,53.096369268604874,52.243635367414775,52.243635367414775,15200
2022-04-20,53.63159942626953,53.84932057163007,53.549954429329354,53.56809814648942,18700
2022-04-21,53.196163177490234,54.00353959721036,52.98751561086506,53.58624446396002,25000
2022-04-22,51.94426727294922,53.20522955156033,51.880765998699154,53.20522955156033,20500
2022-04-25,51.663047790527344,51.726549064110806,50.465590259296484,51.726549064110806,17500
2022-04-26,50.39302062988281,51.48161944236198,50.31137563243286,51.48161944236198,26000
2022-04-27,50.15716552734375,50.73775071078477,50.03197628482317,50.2569542546028,27600
2022-04-28,50.928245544433594,51.09153553089119,49.97572293047098,51.037104381885314,16700
2022-04-29,49.67635726928711,50.98267717324177,49.49039023108028,50.98267717324177,14000
2022-05-02,49.739864349365234,50.22973087585377,48.90527065359026,49.47678563848049,19500
2022-05-03,50.0845832824707,50.31137455267993,49.24999306916963,50.14808456128448,40300
2022-05-04,51.32740783691406,51.32740783691406,48.1160422509449,50.44745649993819,22200
2022-05-05,50.13901138305664,51.14596511522002,49.621927595279764,51.14596511522002,22800
2022-05-06,49.739864349365234,50.37487715417634,49.22277705599581,50.37487715417634,23900
2022-05-09,49.66728210449219,49.94396769717021,49.259057175904964,49.259057175904964,14300
2022-05-10,48.874935150146484,50.21820479066265,48.26229736235552,50.21820479066265,15400
2022-05-11,48.37031555175781,49.65549561297094,48.37031555175781,49.28337450229322,17600
2022-05-12,48.84135437011719,48.85678569478595,48.18968991020496,48.28498881339265,32600
2022-05-13,49.419517517089844,49.691800663890426,49.11092902744437,49.5828880976238,40500
2022-05-16,49.54658126831055,49.73717911912594,49.21076551274038,49.4558213761893,21900
2022-05-17,50.699256896972656,50.70833150252962,50.06392717766421,50.21822317027995,26100
2022-05-18,49.54658126831055,50.45419403859484,49.24162470700592,50.45419403859484,37500
2022-05-19,49.029239654541016,49.58288396888579,48.68888488381442,49.29244817484718,33800
2022-05-20,48.7569694519043,49.70088430155064,47.903811051328965,49.70088430155064,32500
2022-05-23,49.30153274536133,49.6464266188556,48.92941159263041,49.2380001189635,19500
2022-05-24,49.201683044433594,49.25614105219513,48.13977786009088,48.947552599415026,23800
2022-05-25,49.918701171875,50.12745168857615,49.19261166546494,49.19261166546494,14200
2022-05-26,50.7173957824707,50.989678884646956,50.19097878429811,50.44511268029444,15500
2022-05-27,51.2891845703125,51.2891845703125,50.90435703629762,50.91706355682263,14200
2022-05-31,51.234737396240234,51.31642267739419,50.690167701124594,51.18027938804837,16300
2022-06-01,51.01691436767578,51.48887343647088,50.463270008853286,51.48887343647088,17400
2022-06-02,51.679466247558594,51.77022959554439,50.712859961816854,50.889844162554525,100300
2022-06-03,51.352725982666016,51.69761630075413,51.12582281758658,51.69761630075413,12800
2022-06-06,51.71577072143555,52.0969698520622,51.4071822679826,52.0969698520622,15500
2022-06-07,51.87006759643555,51.87006759643555,51.27104334823144,51.49794652500978,14200
2022-06-08,51.08952331542969,51.6132155755671,51.04414336968423,51.6132155755671,11500
2022-06-09,50.50865173339844,51.22475607188954,50.49957366688266,51.12582869028955,14400
2022-06-10,49.630130767822266,50.00376915166226,49.37496410853202,49.97643085999117,12100
2022-06-13,47.90776062011719,48.98766859911087,47.79293559526161,48.95577275887321,20300
2022-06-14,47.8348503112793,48.15380866684031,47.42020097266463,48.144697060846575,28700
2022-06-15,48.19026565551758,48.63680738677196,47.62524870276729,48.18115057245531,38400
2022-06-16,46.376747131347656,47.42475912989365,46.13980713219386,47.42475912989365,40700
2022-06-17,46.48610305786133,47.151365014332995,46.3129547333628,46.68659315303829,22900
2022-06-21,47.12403106689453,47.4521045584178,46.66837421230908,47.18782274842562,27500
2022-06-22,47.02377700805664,47.415642106155886,46.64375943088785,47.415642106155886,47800
2022-06-23,47.16960144042969,47.26984651610096,46.704832925319415,47.21516991219758,39700
2022-06-24,48.500118255615234,48.545683247244426,47.46122115037109,47.46122115037109,31300
2022-06-27,48.88286209106445,49.04689882101183,48.51469199989743,48.901088780657,25500
2022-06-28,48.3087272644043,49.47521091218579,48.299615658983754,49.19270247475724,42800
2022-06-29,47.76194763183594,48.50011293016595,47.52956168074184,48.50011293016595,24800
2022-06-30,47.71456527709961,47.98066871629417,47.064797454921894,47.48855847349241,33700
2022-07-01,48.29962158203125,48.29962158203125,47.34274298181529,47.88952976011425,33800
2022-07-05,48.02622604370117,48.02622604370117,46.8642998463303,47.871300928405205,27800
2022-07-06,47.397422790527344,47.96243977301915,47.02378432217542,47.96243977301915,100500
2022-07-07,47.88041305541992,48.13011137404397,47.679922969077936,47.81662138729023,96800
2022-07-08,47.59791564941406,47.935100755762434,47.37099803028914,47.935100755762434,72600
2022-07-11,47.39046859741211,47.6006457272904,47.23511816215386,47.51840219943114,49100
2022-07-12,47.363067626953125,47.88394227753295,47.107196870122074,47.655488361105654,78900
2022-07-13,47.253395080566406,47.43615886387559,46.75993391141038,47.18942827929757,30000
2022-07-14,46.8604621887207,46.91529237887878,46.24820741863967,46.86960229671196,22600
2022-07-15,47.76512908935547,47.87478595604503,47.07976757217003,47.445291623111565,25400
2022-07-18,47.783416748046875,48.368258152113214,47.70117320772944,48.19463444963406,21500
2022-07-19,49.053619384765625,49.1386028650928,48.295150799114566,48.295150799114566,76000
2022-07-20,49.318626403808594,49.40086994283718,48.816025062006275,49.099309137755796,33200
2022-07-21,49.20896530151367,49.26379548870002,48.643313957870234,49.08103168400849,22800
2022-07-22,48.96223449707031,49.39172539702277,48.570206880062734,49.39172539702277,22000
2022-07-25,49.181556701660156,49.31863043990209,48.97960283483477,49.13586661755617,89000
2022-07-26,49.163272857666016,49.25465649858216,48.85714550393825,49.00792589700278,48700
2022-07-27,49.949161529541016,50.09537188895191,49.245523085523,49.39173344493389,36700
2022-07-28,50.470027923583984,50.53399472752572,49.77552970110392,50.223297328696106,29600
2022-07-29,50.84469985961914,51.009186947895515,50.45175886939557,50.634522688139306,80000
2022-08-01,51.25591278076172,51.53919684758459,50.41520068763586,50.7076248618015,37600
2022-08-02,50.762454986572266,51.63058048843096,50.68935155254648,51.63058048843096,54200
2022-08-03,50.87211227416992,51.03659935941282,50.34667109812549,51.03659935941282,22500
2022-08-04,50.47917175292969,51.26505018587197,50.447188348600235,51.26505018587197,98100
2022-08-05,50.24158477783203,50.268998132248626,49.909870640042854,50.077097679472246,29500
2022-08-08,50.6253776550293,50.99821173964562,50.397837104519304,50.84469141234133,22200
2022-08-09,50.26945114135742,50.73609708438739,50.03155574186984,50.73609708438739,25800
2022-08-10,51.038028717041016,51.175278311034354,50.82758189921281,51.10207759679733,28200
2022-08-11,51.632781982421875,51.86152902168818,51.330834215197,51.86152902168818,39700
2022-08-12,52.44712448120117,52.44712448120117,51.6053369943546,51.79748368282136,17700
2022-08-15,52.6209716796875,52.64842370011804,51.9347305057769,52.27327866466303,36000
2022-08-16,53.133365631103516,53.270615260199996,52.465424649666964,52.61182262518178,36700
2022-08-17,52.556922912597656,52.84057052172694,52.20190703097878,52.84057052172694,33800
2022-08-18,52.84056854248047,52.84056854248047,52.454442712361924,52.69417057011742,27700
2022-08-19,52.245819091796875,52.66671627032528,52.00792372167439,52.66671627032528,29200
2022-08-22,51.230194091796875,51.8798349171609,51.07190081603644,51.8798349171609,16200
2022-08-23,50.89164352416992,51.4040381809457,50.89164352416992,51.29424057249483,15800
2022-08-24,50.7452392578125,51.03803517098135,50.5411973021581,51.03803517098135,25000
2022-08-25,51.3857307434082,51.404030923966985,50.78183874657851,50.873336158969884,31300
2022-08-26,50.10475158691406,51.5046858865699,50.0114251932325,51.5046858865699,26800
2022-08-29,49.665557861328125,50.187100850659014,49.52831172700065,50.187100850659014,25400
2022-08-30,49.04336166381836,49.81195182153862,48.87866352356383,49.81195182153862,129600
2022-08-31,48.36627197265625,49.098261761358806,48.36627197265625,49.098261761358806,27500
2022-09-01,48.0826301574707,48.21987978633093,47.64343623168226,48.21987978633093,62700
2022-09-02,47.68003845214844,48.54927799112333,47.52174517712484,48.36627964232811,16800
2022-09-06,46.98463821411133,47.68917948008544,46.81079172915771,47.68917948008544,26500
2022-09-07,47.6159782409668,47.670875289280616,46.92058537883791,46.95718573798204,24300
2022-09-08,47.57938003540039,47.57938003540039,46.929739337998264,47.46958244340063,24000
2022-09-09,48.40810775756836,48.44765769365376,47.801052027279574,47.801052027279574,23600
2022-09-12,48.99677276611328,49.153133974727744,48.66565078470758,48.66565078470758,26800
2022-09-13,47.221588134765625,48.6932373115604,47.0100387848944,48.6932373115604,33200
2022-09-14,47.04683303833008,47.27677845199017,46.59705776013682,47.27677845199017,34500
2022-09-15,46.78009033203125,47.166396899997565,46.58693704804809,46.96404734431014,21400
2022-09-16,46.55935287475586,46.58694871415544,45.998285425714776,46.292618824279636,130100
2022-09-19,47.138816833496094,47.138816833496094,46.34780393109498,46.34780393109498,27700
2022-09-20,46.57774353027344,46.89046944058871,46.161083244891024,46.89046944058871,18200
2022-09-21,46.16384506225586,47.13513437186206,46.16384506225586,46.918065821345856,24000
2022-09-22,45.326839447021484,45.93389520716236,45.271654792537795,45.93389520716236,51900
2022-09-23,44.36106872558594,45.06010474708511,43.84598973651752,45.06010474708511,26200
2022-09-26,43.882781982421875,44.63700265993462,43.73561705775325,44.01155085292084,118100
2022-09-27,43.37690353393555,44.30588147932006,43.146038839393555,44.19550866105495,43000
2022-09-28,44.28749084472656,44.50823649078297,43.45968590029309,43.74481949419546,49400
2022-09-29,43.23893356323242,43.91957352397137,42.797438794924126,43.91957352397137,32400
2022-09-30,42.613487243652344,43.54706509458406,42.613487243652344,43.22054301673579,31500
2022-10-03,43.84598159790039,44.011542545488076,42.88941152245677,43.22972968863683,28700
2022-10-04,45.354434967041016,45.354434967041016,44.38866141604008,44.6278066127657,38800
2022-10-05,44.96812057495117,45.45560368621185,44.45212235425006,45.45560368621185,35400
2022-10-06,44.61859893798828,44.949720838761,44.40796889067248,44.83934804139942,34400
2022-10-07,43.61604690551758,44.370271134007744,43.42565492699813,44.370271134007744,26700
2022-10-10,43.7816047668457,44.59101359444409,43.46887886813873,44.59101359444409,104500
2022-10-11,44.0047721862793,44.360718196260585,43.4699262560551,43.626692776802,65800
2022-10-12,43.75577926635742,44.07760695841581,43.57134956992806,43.91254222181486,57300
2022-10-13,45.01912307739258,45.1482228273463,42.888966650043,43.331599389462006,24300
2022-10-14,44.3275146484375,45.38798291986983,44.234379907025726,45.34187285073455,39900
2022-10-17,45.36031723022461,45.387983975890364,44.880801345237074,45.09289781862179,33100
2022-10-18,45.904380798339844,46.411563404753245,45.56318810487435,46.27324023614881,39400
2022-10-19,45.43408203125,45.775274677211875,44.926903013154494,45.64617494726434,50600
2022-10-20,44.668701171875,45.78449926131429,44.44001172345199,45.526296277147026,24000
2022-10-21,45.636959075927734,45.66462230115844,44.72403394856919,44.825470464687264,41900
2022-10-24,46.07958984375,46.19946616898475,45.76698202067831,45.88593670740108,26800
2022-10-25,46.88185501098633,47.07919470116758,46.07958979340335,46.07958979340335,40800
2022-10-26,46.974063873291016,47.60849936434474,46.900294104319336,47.30603662792339,29100
2022-10-27,47.38903045654297,48.24939401138151,47.1861574331493,47.1861574331493,21500
2022-10-28,48.69847869873047,48.73444018681177,47.57715074497793,47.67489718626866,27800
2022-10-31,48.78147506713867,48.92901813598833,48.38771732556665,48.587821931138805,15500
2022-11-01,48.818355560302734,49.15032832671686,48.67081249941913,49.095001877450535,25200
2022-11-02,47.23227310180664,48.75381040470672,47.23227310180664,48.72614717739898,47100
2022-11-03,47.02940368652344,47.22305332804236,46.245581698829916,46.798867393942444,41100
2022-11-04,48.04376220703125,48.04376220703125,47.20461023854859,47.453589857905605,18500
2022-11-07,48.43106460571289,48.50206947403257,47.95154869662211,48.135978433611584,17700
2022-11-08,48.42920684814453,48.89096512537948,47.95821495545676,48.660085986762006,27400
2022-11-09,47.60728454589844,48.19833466235101,47.49646352979773,48.19833466235101,32300
2022-11-10,49.93455123901367,50.03613864690945,49.0479759894563,49.149563397352075,41600
2022-11-11,50.063846588134766,50.309504517268316,49.916084036018084,50.1654340032657,30700
2022-11-14,49.62055587768555,50.16543091562998,49.54667636764299,49.86990582958591,30500
2022-11-15,50.02689743041992,50.617951071571746,49.747997109098456,50.22083861284528,117300
2022-11-16,49.42661666870117,49.657495855201304,49.223441857241276,49.657495855201304,25800
2022-11-17,49.2603759765625,49.28808034744317,48.56773852105568,48.97408456002929,27200
2022-11-18,49.602081298828125,49.94378501563301,49.34349774919125,49.94378501563301,31300
2022-11-21,49.78678894042969,49.78678894042969,49.42661796372257,49.61132202234945,26200
2022-11-22,50.350120544433594,50.38706205033563,49.91606665742444,50.054595543089114,32700
2022-11-23,50.285484313964844,50.387071713209195,50.0176636292182,50.285484313964844,44900
2022-11-25,50.53483581542969,50.6521214237294,50.303956636481914,50.350131767684125,7400
2022-11-28,49.777549743652344,50.27624606623207,49.555904193555186,50.26701244965725,22400
2022-11-29,49.8791389465332,49.9622555963323,49.657496895693534,49.657496895693534,24900
2022-11-30,50.77494812011719,50.82112325087259,49.27054143386245,49.906843683931,17300
2022-12-01,50.701072692871094,51.10741880830827,50.62718965937146,51.07047729155845,25300
2022-12-02,50.9411735534668,51.105560798377205,50.24391756089422,50.3962986395311,29200
2022-12-05,49.97148513793945,50.627181096125945,49.78216253882198,50.627181096125945,27800
2022-12-06,49.48202133178711,50.01765913016356,49.181877730909214,50.01765913016356,20100
2022-12-07,49.16802978515625,49.58360947442869,49.14032188905127,49.43584694596955,28700
2022-12-08,49.38966369628906,49.70827802708911,49.15786155411766,49.40813444967677,32900
2022-12-09,48.95561981201172,49.34165264777981,48.92791543773171,49.2788527780042,27700
2022-12-12,49.343502044677734,49.44508945457472,48.71089177946091,49.09415209027702,33300
2022-12-13,49.509727478027344,50.90423604994018,49.37858617089977,50.90423604994018,36400
2022-12-14,49.158782958984375,49.85603890413667,48.946374586361905,49.55589533651992,23800
2022-12-15,48.14292907714844,48.98332917721621,47.96468961194884,48.98332917721621,42700
2022-12-16,47.600154876708984,47.91724068452614,47.24576401912385,47.88926011839747,36600
2022-12-19,47.38565444946289,47.9452159451619,47.15250323332077,47.6467826731084,101800
2022-12-20,47.53487014770508,47.77734584236294,47.227108840818595,47.41363052157357,51700
2022-12-21,48.327579498291016,48.45814359849928,47.814647579927886,47.814647579927886,61500
2022-12-22,47.851951599121094,48.0291452230899,47.12451746589136,48.0291452230899,56200
2022-12-23,48.3648796081543,48.38353212879571,47.73630424871752,47.91722978557417,41400
2022-12-27,48.5047721862793,48.568190050181705,48.15970941989949,48.33690660183886,45500
2022-12-28,47.65610122680664,48.65398802312464,47.572166657134815,48.63533905884626,59700
2022-12-29,48.45814514160156,48.59803728633938,47.879931154721646,47.879931154721646,56900
2022-12-30,48.103759765625,48.252976398995,47.90791004377267,48.0851072417531,41600
2023-01-03,48.588714599609375,48.7472592849548,48.155053172266136,48.50478001503954,19100
2023-01-04,49.055015563964844,49.456035949417625,48.784562850896364,48.784562850896364,114800
2023-01-05,48.77522659301758,48.97107273219346,48.51876242722193,48.97107273219346,23800
2023-01-06,49.88502883911133,49.922330324730694,49.04568315459274,49.28815882033992,20400
2023-01-09,49.60524368286133,50.155480608931704,49.54835758421028,50.155480608931704,26600
2023-01-10,50.267398834228516,50.29537583906648,49.53064020758632,49.69850935182391,30200
2023-01-11,50.67775344848633,50.733711026581176,50.402633136526944,50.51920875602037,24500
2023-01-12,51.125396728515625,51.24290442533493,50.62178926419994,50.96685561434501,34800
2023-01-13,51.237300872802734,51.321235438001324,50.66001904806322,50.743021520858036,25800
2023-01-17,51.050777435302734,51.31190558520676,50.8922328031437,51.31190558520676,66000
2023-01-18,50.304710388183594,51.29420502167508,50.21145131499127,51.2279908662522,46700
2023-01-19,50.00626754760742,50.23941874372704,49.68918177858053,50.23941874372704,89800
2023-01-20,50.66842269897461,50.72437671254501,49.82068452885274,50.27672681595614,54100
2023-01-23,51.15336608886719,51.37626068857474,50.6777392598454,50.91089043355511,61900
2023-01-24,50.95752716064453,51.1720258438686,50.75235296034104,51.1720258438686,53700
2023-01-25,51.237300872802734,51.25595339369182,50.500545864509114,50.78965104427846,46300
2023-01-26,51.48911666870117,51.54507424451885,50.901578131839976,51.526421719246294,40500
2023-01-27,51.750240325927734,51.8332392475697,51.3865214767246,51.41450203903553,16900
2023-01-30,51.48911666870117,51.87148454277507,51.421038331181485,51.54507424451885,56400
2023-01-31,52.794761657714844,52.813414181814714,51.526418479765326,51.526418479765326,31400
2023-02-01,53.54084014892578,53.83927339320075,52.56067375131559,52.69216994346793,66300
2023-02-02,54.56670379638672,54.65063836840474,53.75813847365914,53.8486012506385,53900
2023-02-03,54.57603454589844,54.83716275731643,54.156361664973055,54.389512870197706,42700
2023-02-06,53.82061767578125,54.33354956157938,53.545500990324,54.33354956157938,28400
2023-02-07,53.99781799316406,54.091077047790705,53.303956965539015,53.8672503360399,56300
2023-02-08,53.04655838012695,53.773988935777794,52.91785847118477,53.773988935777794,51800
2023-02-09,52.32845687866211,53.550166912708676,52.04028019702431,53.419602807476686,56200
2023-02-10,52.5545539855957,52.5545539855957,51.90054104540264,52.3770376640923,35600
2023-02-13,53.115135192871094,53.115135192871094,52.39572486934845,52.48915376318458,85900
2023-02-14,52.73206329345703,53.04038501325767,52.29200949008549,52.90958315543315,25800
2023-02-15,53.199222564697266,53.199222564697266,52.218204924156886,52.470467214138786,41000
2023-02-16,52.900245666503906,53.344041820595535,52.40506611587408,52.77878881783716,33500
2023-02-17,53.36740493774414,53.39543646107763,52.897451904850655,53.00302721116783,22600
2023-02-21,51.947265625,52.86288605832998,51.86317817965681,52.86288605832998,32100
2023-02-22,52.19951629638672,52.52652453924029,51.91922606257201,52.18082980558791,47700
2023-02-23,52.28361129760742,52.5078456555957,51.676316297040046,52.5078456555957,21600
2023-02-24,51.947265625,51.95661065452951,51.41471299252134,51.947265625,34900
2023-02-27,51.87250900268555,52.40506148931224,51.7230206479146,52.13411273251381,28500
2023-02-28,51.91923141479492,52.330323562496034,51.77908450139832,51.77908450139832,23600
2023-03-01,52.02200698852539,52.20886835760444,51.63894278575123,52.012661959825145,41300
2023-03-02,52.04069519042969,52.11543760206473,51.461428134942054,51.732373386713896,103600
2023-03-03,52.517173767089844,52.61060621086356,51.89119243218082,52.33965747004474,79100
2023-03-06,51.57353973388672,52.657331353360334,51.3259499447093,52.657331353360334,37600
2023-03-07,50.96623229980469,51.620245168603674,50.79525609072667,51.620245168603674,43700
2023-03-08,51.11573028564453,51.13441677845654,50.68595164322044,51.04098787848055,46200
2023-03-09,50.01325607299805,51.190480263710924,49.935708725596186,51.190480263710924,47600
2023-03-10,48.913883209228516,49.776134038204816,48.44433292634953,49.776134038204816,86200
2023-03-13,47.60177230834961,48.27657348900514,47.329975551088175,48.25783209044204,27300
2023-03-14,48.473392486572266,49.335639804392564,48.02071014204995,49.335639804392564,60700
2023-03-15,47.873565673828125,47.873565673828125,47.07692043228644,47.76109583898873,63100
2023-03-16,48.557743072509766,48.6139744169983,46.93634042705882,47.508046022374735,111700
2023-03-17,47.039432525634766,48.07038460490777,46.84167895661577,48.07038460490777,23700
2023-03-20,47.545528411865234,48.12660818906315,47.41431719526288,47.63925326317942,27800
2023-03-21,48.22032928466797,48.61396290381631,48.04694100466945,48.548357300624915,20000
2023-03-22,46.983192443847656,48.295308152682736,46.983192443847656,48.295308152682736,28200
2023-03-23,46.495845794677734,47.479933720705894,46.17812508985797,47.28311685054793,21300
2023-03-24,47.18939971923828,47.18939971923828,45.858538483375725,46.289662243564536,29700
2023-03-27,47.62051010131836,47.882932544488625,47.320597716198726,47.882932544488625,40500
2023-03-28,47.742347717285156,47.87356251594245,47.45743345010446,47.50804093968224,18300
2023-03-29,48.06100845336914,48.257828877559795,47.742351070438964,48.257828877559795,32400
2023-03-30,47.98603820800781,48.51088320493449,47.78922133416031,48.51088320493449,21900
2023-03-31,48.64209747314453,48.64209747314453,48.20159950555702,48.342185028262335,28100
2023-04-03,48.698326110839844,49.0207339375198,48.36561087254821,48.85765659938464,41800
2023-04-04,47.9672966003418,48.76393842673665,47.75173473643776,48.76393842673665,27700
2023-04-05,47.957916259765625,47.994469495097185,47.64863312901182,47.96729053431955,43300
2023-04-06,47.91105270385742,48.07038318445686,47.77984146997435,48.05163821172528,33800
2023-04-10,48.398406982421875,48.506189672272434,47.82669787807904,47.90167776236424,33100
2023-04-11,48.90503692626953,49.07422627429742,48.60425665990519,48.6982527341338,38400
2023-04-12,48.69824981689453,49.6475868034406,48.64655287556157,49.619389775652955,30700
2023-04-13,48.952030181884766,49.07421968359642,48.42566299364683,48.923829570611744,39100
2023-04-14,48.63246154785156,49.299817598382894,48.336378369996844,49.15882526744409,38700
2023-04-17,48.9708251953125,48.9708251953125,48.54785547292876,48.74524182145225,31100
2023-04-18,48.68885040283203,49.14002079375072,48.40686935670579,49.14002079375072,27600
2023-04-19,48.876827239990234,48.95954304677518,48.493331244728886,48.64184249364413,31100
2023-04-20,48.62305450439453,48.75464541902232,48.404990072380414,48.69825136165813,34200
2023-04-21,48.5384635925293,48.82984605862081,48.209486280477414,48.82984605862081,28100
2023-04-24,48.5478630065918,48.73021144797695,48.275279767426674,48.435067716575006,46400
2023-04-25,47.5985221862793,48.24708255183443,47.52332891214144,48.24708255183443,31700
2023-04-26,47.043949127197266,47.60791471324411,46.92175604571634,47.278933891654376,26000
2023-04-27,47.83350372314453,47.83350372314453,47.09753046480168,47.119151532563905,26800
2023-04-28,48.0684928894043,48.303477702970476,47.795909645127445,47.86170510607928,36900
2023-05-01,47.89930725097656,48.40405707916805,47.76771631886913,47.92750786898814,44200
2023-05-02,46.78077697753906,47.8335079352582,46.216811275287476,47.8335079352582,45100
2023-05-03,46.48939895629883,47.39173986333176,46.39540645641024,46.93117159406005,28500
2023-05-04,45.86902618408203,46.3201965102173,45.34266259638239,46.3201965102173,37300
2023-05-05,46.87476348876953,46.92175972823272,46.4781119289636,46.61158167930906,20600
2023-05-08,46.65858459472656,47.0909557965852,46.51759585616418,47.06275876598947,24500
2023-05-09,46.32020568847656,46.506315412135514,46.045743596053896,46.39540255052406,25400
2023-05-10,46.16778564453125,46.84520284909522,45.697357827823915,46.84520284909522,27300
2023-05-11,45.76321792602539,45.989024859662514,45.59386362306741,45.9702073161028,25400
2023-05-12,45.782039642333984,46.00784659655201,45.44333100554684,45.92316943735522,28300
2023-05-15,46.24304962158203,46.38982141539505,45.783909521148765,45.81966392546151,29000
2023-05-16,45.58445739746094,46.092520314712225,45.58445739746094,46.00784316183701,32200
2023-05-17,46.638214111328125,46.685256175838695,45.800853160169815,45.98902500729156,28300
2023-05-18,46.9769172668457,46.990089186943294,46.337135214323645,46.581756074839,49800
2023-05-19,46.421810150146484,47.08040971280637,46.177189301256234,47.08040971280637,26100
2023-05-22,46.65702819824219,46.75111232029286,46.196007386403814,46.591168594990876,28100
2023-05-23,46.7511100769043,47.20836592272402,46.45944715909536,46.50648921786335,19700
2023-05-24,46.22423553466797,46.5158984667274,46.06428822014704,46.5158984667274,26200
2023-05-25,45.86670684814453,46.12073827060835,45.45084744269888,46.12073827060835,82200
2023-05-26,46.16778564453125,46.22329793579874,45.78391565600637,45.98902436625105,25800
2023-05-30,45.894927978515625,46.318313651377686,45.6879422188443,46.318313651377686,30200
2023-05-31,45.245750427246094,45.77263090747992,44.95408387030028,45.77263090747992,24400
2023-06-01,45.5938606262207,45.75380794142534,45.15166094341092,45.24574506594596,27800
2023-06-02,47.4755744934082,47.49345169799495,46.17719630089841,46.17719630089841,20700
2023-06-05,46.609981536865234,47.240352988362055,46.534711375390415,47.240352988362055,26700
2023-06-06,47.81428527832031,47.88955545533344,46.581763047827124,46.581763047827124,20300
2023-06-07,49.15970230102539,49.25378642003687,48.15298715347043,48.17180469508854,36700
2023-06-08,48.94330978393555,49.131481625754674,48.40702236765263,49.131481625754674,33100
2023-06-09,48.573516845703125,48.94235722143871,48.42030717165129,48.91398599491592,41400
2023-06-12,48.56406021118164,48.828871569274895,48.365454398412965,48.60189092058568,37000
2023-06-13,49.03693389892578,49.30174526049355,48.56406084837593,48.56406084837593,28000
2023-06-14,48.52623748779297,49.29228957979921,48.214139518653134,49.03693767988535,52400
2023-06-15,48.93290710449219,48.93290710449219,48.30871479342319,48.30871479342319,17400
2023-06-16,48.69647216796875,49.00856652988745,48.34654348543505,49.00856652988745,12900
2023-06-20,48.28981018066406,48.45058532928605,48.17631802050451,48.45058532928605,22200
2023-06-21,48.374916076660156,48.58297777236181,47.95878546978649,48.223596839906605,27600
2023-06-22,47.76963424682617,48.34653994896737,47.656145724224075,48.34653994896737,20900
2023-06-23,46.9562873840332,47.552104728917406,46.819153789746835,47.37241429902551,15000
2023-06-26,47.30622100830078,47.54738727729748,47.031953769656305,47.031953769656305,33400
2023-06-27,47.9493293762207,48.10537835308347,47.296762239425526,47.39133901679774,13100
2023-06-28,47.83584213256836,47.83962303912343,47.550224947308685,47.77909606462488,121800
2023-06-29,48.573516845703125,48.573516845703125,47.9966111881742,47.9966111881742,28200
2023-06-30,48.554603576660156,48.980190031447464,48.50731699451378,48.980190031447464,14100
2023-07-03,48.84778594970703,48.95843518051767,48.47894195197678,48.47894195197678,10500
2023-07-05,48.28981018066406,48.59244872561747,48.204692864412415,48.59244872561747,60200
2023-07-06,47.67506408691406,47.86421404167368,47.1738197733761,47.86421404167368,17100
2023-07-07,47.92095947265625,48.34654599530788,47.542663147426886,47.542663147426886,24600
2023-07-10,48.44544219970703,48.60951605754255,47.81947962887416,47.81947962887416,22900
2023-07-11,48.98603057861328,48.98603057861328,48.587691190307844,48.60666007717432,14700
2023-07-12,49.53611755371094,49.7068339304109,49.30849813007465,49.55508644200488,20600
2023-07-13,49.906002044677734,49.906002044677734,49.374887641950906,49.64044484331432,22800
2023-07-14,49.37488555908203,49.90599993940391,49.12734573686389,49.90599993940391,23900
2023-07-17,49.51715087890625,49.77322545540311,49.17571811024378,49.24210741326752,18400
2023-07-18,50.36124038696289,50.36124038696289,49.47920704845475,49.47920704845475,52200
2023-07-19,50.892356872558594,50.90373892790704,50.388746147703806,50.399176683485614,23900
2023-07-20,50.78803634643555,50.863911901267954,50.512992887086455,50.863911901267954,23700
2023-07-21,50.33279037475586,51.044107371140704,50.33279037475586,51.044107371140704,18000
2023-07-24,50.87339401245117,50.92555755137456,50.4181515419843,50.4181515419843,12900
2023-07-25,50.795616149902344,51.082041626433636,50.74060891282194,50.87338749746091,13100
2023-07-26,51.3665771484375,51.43107064941805,50.89236576279168,50.89236576279168,33000
2023-07-27,50.90184783935547,51.49935519172927,50.71880511192029,51.423483252191325,22700
2023-07-28,51.1484375,51.395025814922924,50.969186387673226,51.23379568938593,20700
2023-07-31,51.26224136352539,51.455721833625866,51.13894541116079,51.15791429752036,73700
2023-08-01,51.01565170288086,51.115235640127906,50.74629931254097,50.939776159485945,39800
2023-08-02,50.87339401245117,50.901845536247365,50.62680569767787,50.674226109986705,30500
2023-08-03,50.90184783935547,51.0820504794063,50.59361333642883,50.59835284531227,29600
2023-08-04,50.731136322021484,51.205347714152026,50.588871457204,50.816494517322816,169400
2023-08-07,51.05359649658203,51.06307913183814,50.75958415240531,50.75958415240531,16900
2023-08-08,50.7156867980957,50.7156867980957,49.956328562764604,50.440418306255154,23700
2023-08-09,50.60177230834961,50.83811963054332,50.41193188803349,50.52583469186122,44100
2023-08-10,50.52963638305664,50.94348410937738,50.42142563445133,50.77263170272048,14000
2023-08-11,50.611270904541016,50.763142541232824,50.17464040166526,50.383465259956026,31700
2023-08-14,50.27904510498047,50.4024383014596,50.030354116055676,50.4024383014596,17100
2023-08-15,49.47222137451172,49.91834579725593,49.25390616916372,49.91834579725593,54700
2023-08-16,49.215946197509766,49.59562708769154,49.121027785416985,49.38680223600103,39900
2023-08-17,48.93118667602539,49.46938355205673,48.921696283307085,49.21594552934312,23500
2023-08-18,49.149505615234375,49.282392848719724,48.75084391477834,48.75084391477834,20700
2023-08-21,48.883724212646484,49.231131945829105,48.64642458054626,49.14000824982333,11800
2023-08-22,48.466087341308594,48.93783704258123,48.4281185239655,48.91220827191993,22400
2023-08-23,48.674903869628906,48.76033188990484,48.40438240890602,48.504047829077045,16900
2023-08-24,48.560997009277344,49.12102429095731,48.466078603937035,48.466078603937035,26200
2023-08-25,48.60845947265625,48.87423754306691,48.21928819120685,48.64642828570139,21300
2023-08-28,48.99762725830078,49.1589928917771,48.71286842258938,48.71286842258938,17400
2023-08-29,49.47222137451172,49.47222137451172,48.93117855671349,48.93117855671349,20500
2023-08-30,49.462738037109375,49.662068867691644,49.291882004923096,49.291882004923096,19400
2023-08-31,49.3013801574707,49.67631408595501,49.3013801574707,49.472236216549774,22700
2023-09-01,49.9278450012207,50.05124183329559,49.55765812590135,49.55765812590135,18300
2023-09-05,48.57049560546875,49.60512233041869,48.494561592551534,49.60512233041869,23100
2023-09-06,48.273963928222656,48.64676786888961,48.006991089251215,48.54093313001152,18500
2023-09-07,48.08326721191406,48.216751804839596,47.930712871830266,48.130939761218556,30400
2023-09-08,48.10233688354492,48.21675172913253,47.78769151170104,48.01652484005862,16300
2023-09-11,48.00699234008789,48.25489543722181,47.930716982096236,48.23582568842823,16400
2023-09-12,48.05466842651367,48.22629252810129,47.88304432492606,47.88304432492606,15400
2023-09-13,47.740013122558594,48.073724563526376,47.558856002773496,48.073724563526376,29200
2023-09-14,48.56000518798828,48.56000518798828,48.06420262023934,48.06420262023934,22700
2023-09-15,48.28350067138672,48.37884942015247,48.02892696840703,48.37884942015247,13400
2023-09-18,47.73048782348633,48.25489316042768,47.73048782348633,48.25489316042768,19300
2023-09-19,47.60653305053711,47.9497812149706,47.54932381073744,47.81629662595363,17600
2023-09-20,47.453983306884766,48.10710855169827,47.406310754363055,47.74002225919763,27800
2023-09-21,46.920040130615234,47.24421857200181,46.90097038262984,47.13933677667343,107200
2023-09-22,46.757957458496094,47.11073873895645,46.69121515238691,47.03446337648148,28100
2023-09-25,46.900970458984375,46.97724945105012,46.51958641020327,46.595861765086475,30300
2023-09-26,46.147735595703125,46.78655578940832,46.147735595703125,46.64353449732199,20400
2023-09-27,46.4909782409668,46.719811571473045,46.195406250658294,46.52911773558157,16100
2023-09-28,46.76749038696289,46.9105116923388,46.44331191366934,46.44331191366934,19800
2023-09-29,46.700748443603516,47.086900879060366,46.538661024289794,46.99632411298978,22300
2023-10-02,45.80449676513672,46.51959609734237,45.71582223653578,46.51959609734237,66500
2023-10-03,45.36589813232422,45.60426454881474,45.13801771404448,45.46124324404728,57500
2023-10-04,45.52798080444336,45.53751385974891,44.938739055196244,45.251474917209855,23000
2023-10-05,45.65192794799805,45.670997693954305,45.28007699480644,45.32774954110601,30700
2023-10-06,45.93798065185547,46.109604779794815,45.08272247536157,45.33729620406777,22500
2023-10-09,46.347965240478516,46.5005195970559,45.82355986706769,45.82355986706769,20200
2023-10-10,46.77702331542969,46.95055329687166,46.38610256767447,46.38610256767447,17800
2023-10-11,46.886173248291016,47.0345763407605,46.56064117434159,46.76170413556539,28000
2023-10-12,46.12978744506836,47.039362642027044,45.85212699452008,46.87659478563437,22400
2023-10-13,45.871280670166016,46.29255598981822,45.74681155094398,46.28298312789501,26500
2023-10-16,46.6946907043457,46.71384008266135,46.139369690303326,46.139369690303326,24700
2023-10-17,47.32756042480469,47.541070687723554,46.53192077420473,46.53192077420473,25000
2023-10-18,46.51276779174805,47.135106026944094,46.4457431548552,47.135106026944094,24900
2023-10-19,45.91914749145508,46.52808517351941,45.828192529383344,46.41702026400492,21200
2023-10-20,45.335105895996094,45.823405824154044,45.335105895996094,45.80425644928807,25100
2023-10-23,44.89468765258789,45.54479496065061,44.89468765258789,45.0287296434523,38700
2023-10-24,45.003841400146484,45.28054133982532,44.77979768653121,45.258521197844516,35500
2023-10-25,44.636173248291016,44.69362137687777,44.272346057685084,44.550002881595915,48700
2023-10-26,44.99043273925781,45.248940195648714,44.70319573905427,44.70319573905427,26300
2023-10-27,44.48298645019531,45.009581566249864,44.339371592564305,45.009581566249864,35100
2023-10-30,44.87553024291992,45.0584043922748,44.617019170078116,44.80850925948349,21000
2023-10-31,45.268089294433594,45.33223952382918,44.779792971353196,44.779792971353196,26600
2023-11-01,45.46915054321289,45.49691585784263,44.961701251090844,45.22978884108523,28200
2023-11-02,46.79042434692383,46.822020997282756,45.79468244532823,45.79468244532823,34700
2023-11-03,48.03510284423828,48.264891676781595,47.537233736405334,47.537233736405334,30400
2023-11-06,47.431915283203125,48.025531275721555,47.38021233794357,48.025531275721555,21300
2023-11-07,47.115962982177734,47.25958148394704,46.9053271392517,47.1734111133595,32400
2023-11-08,46.457489013671875,47.071802312762394,46.35094389066603,47.071802312762394,34000
2023-11-09,46.07354736328125,46.62067044529249,45.92956606313237,46.62067044529249,30700
2023-11-10,46.35190963745117,46.44501671568233,45.81438359563063,46.17913354049445,24400
2023-11-13,46.275108337402344,46.397013845733284,45.987149460411075,46.17912326560385,22300
2023-11-14,48.780364990234375,48.780364990234375,47.60932789476405,47.60932789476405,28200
2023-11-15,49.125919342041016,49.50026632221047,48.7611694063082,48.7611694063082,29100
2023-11-16,48.49241256713867,48.9147521305198,48.30043870683931,48.9147521305198,38700
2023-11-17,48.953147888183594,49.16047848666865,48.8475620813928,48.8475620813928,17300
2023-11-20,48.895545959472656,49.01073245277751,48.602786696782836,48.95313920612508,20900
2023-11-21,48.386817932128906,48.66517979569262,48.386817932128906,48.66517979569262,22800
2023-11-22,48.56919860839844,48.722776960189236,48.42522096324274,48.42522096324274,22500
2023-11-24,48.761165618896484,48.77076632418391,48.52119924905782,48.540396998036464,7900
2023-11-27,48.617191314697266,48.64886412415899,48.242840676438504,48.64598610933391,27200
2023-11-28,48.4424934387207,48.67958181283234,48.26203897785053,48.55959861834755,17500
2023-11-29,48.4904899597168,48.962740711232414,48.415617633767454,48.61719218462023,22600
2023-11-30,48.65462112426758,48.79860241268,48.367621547260974,48.42521479494519,25600
2023-12-01,50.101139068603516,50.101139068603516,48.61718928301111,48.61718928301111,15500
2023-12-04,50.66746520996094,50.66746520996094,49.87461601427136,49.87461601427136,29100
2023-12-05,50.11936950683594,50.488916056295785,50.056979577123315,50.412128732156845,21000
2023-12-06,50.287349700927734,51.03124687986768,50.18176391691344,50.31614449235125,34100
2023-12-07,50.824886322021484,50.824886322021484,50.200972191975644,50.364151254650935,29900
2023-12-08,51.00725173950195,51.19922557052409,50.73464955853784,50.83447565774165,15700
2023-12-11,51.218421936035156,51.30385063638366,50.91126527933658,50.97845556913963,56200
2023-12-12,50.94966506958008,51.218426251436725,50.7576912275697,51.218426251436725,25500
2023-12-13,52.64862823486328,52.68510506205295,50.57531862470137,50.88247533275522,28400
2023-12-14,53.94060516357422,54.190172264174734,53.3685246350431,53.3685246350431,31300
2023-12-15,53.40691375732422,53.9511587635422,53.186145140300745,53.867648740016186,20900
2023-12-18,53.252079010009766,53.639157209768726,53.21240329150465,53.561740093236416,46700
2023-12-19,54.27784729003906,54.33881162346951,53.55207825176512,53.55207825176512,26600
2023-12-20,53.51336669921875,55.15844383251395,53.42627427182512,54.24881468419873,43500
2023-12-21,54.15203857421875,54.15203857421875,53.57142490290629,53.86173173856252,36500
2023-12-22,54.49073028564453,54.74232854648396,54.20041977277782,54.20041977277782,31200
2023-12-26,54.98134994506836,55.1148918948275,54.63588176422584,54.66491503033751,10100
2023-12-27,54.862327575683594,55.148765780483814,54.76168752442426,55.09070293463933,16200
2023-12-28,54.655242919921875,54.955228764469545,54.50041234983804,54.56815049353397,16700
2023-12-29,54.16172409057617,54.6745996851188,54.079467462537416,54.6745996851188,10300
2024-01-02,54.16172409057617,54.63589111797728,53.65852379209286,53.65852379209286,58800
2024-01-03,52.98112869262695,53.91011198101508,52.967581065814436,53.91011198101508,23800
2024-01-04,52.856292724609375,53.2182099926786,52.856292724609375,52.95209696012273,20700
2024-01-05,52.69083023071289,53.377890665969545,52.64244636891843,52.816631224540124,39700
2024-01-08,53.30046844482422,53.319819033192616,52.545666297656794,52.748880698587804,16700
2024-01-09,52.58437728881836,52.83597555520722,52.381162878490635,52.83597555520722,11900
2024-01-10,52.483741760253906,52.56502753137973,52.35213411664911,52.56502753137973,18200
2024-01-11,52.12956619262695,52.410197754194655,51.616690621897824,52.410197754194655,14300
2024-01-12,51.89732360839844,52.56502976738557,51.6166920391255,52.52632120097852,11000
2024-01-16,51.16187286376953,51.46185870012906,51.04671802262961,51.394120558282054,16500
2024-01-17,50.81350326538086,50.86189081660904,50.40707441351771,50.619967826275676,17700
2024-01-18,51.113487243652344,51.12316623012677,50.57061127573154,51.055424399161026,25400
2024-01-19,51.61669158935547,51.61669158935547,50.77480058032468,51.31670573949299,18700
2024-01-22,52.56502151489258,52.56502151489258,51.936020329611026,51.936020329611026,19200
2024-01-23,52.29407501220703,52.8804953722402,52.227304029937976,52.78759629330482,19900
2024-01-24,52.052154541015625,52.74889028387985,52.01054449299495,52.7005064212639,9000
2024-01-25,52.23601150512695,52.51664305919228,51.85183841755845,52.390842070912676,25500
2024-01-26,52.38117599487305,52.71986676356163,52.226345401836475,52.4198808745428,17300
2024-01-29,52.95210266113281,52.95210266113281,52.11988702531256,52.342455722330484,20200
2024-01-30,52.84566116333008,52.88436972961016,52.5553542991336,52.79727730120601,17100
2024-01-31,51.40379333496094,52.83597692183387,51.40379333496094,52.49728622919394,16300
2024-02-01,51.98440933227539,51.98440933227539,51.00800561986037,51.73280737453266,17300
2024-02-02,51.5489501953125,51.79958131563048,51.12316706973865,51.29734822316974,22400
2024-02-05,50.72641372680664,51.04575386410944,50.39836914547831,51.04575386410944,27900
2024-02-06,50.96833038330078,51.10381034954122,50.73608639550615,50.73608639550615,11000
2024-02-07,50.842533111572266,51.14251523686095,50.445779581793985,51.14251523686095,14300
2024-02-08,51.16187286376953,51.16187286376953,50.46513716313572,50.774798294851166,36000
2024-02-09,51.50803756713867,51.549731993612845,50.80988895677543,51.314105959117526,18000
2024-02-12,52.46120834350586,52.67162241379832,51.50803648896557,51.60500414041528,13600
2024-02-13,50.48020553588867,51.8086309266143,50.07294879557987,51.8086309266143,31900
2024-02-14,51.071693420410156,51.217143054141076,50.56747640773541,50.92624748561708,32100
2024-02-15,52.50678253173828,52.50678253173828,51.36259014641325,51.36259014641325,22000
2024-02-16,52.04134750366211,52.46411760178883,51.84741959163982,52.0801345656417,14700
2024-02-20,51.76984786987305,52.080136982231934,51.59530978180392,51.59530978180392,15000
2024-02-21,51.85711669921875,51.924992211082625,51.54197828045762,51.76984765554548,28500
2024-02-22,51.818321228027344,51.87650181401566,51.5371243097606,51.857108285352886,48500
2024-02-23,51.98316955566406,52.23527805554419,51.71263664687651,51.954081109238054,21600
2024-02-26,51.605003356933594,52.02680061278852,51.46440303866941,51.79893125901338,56700
2024-02-27,51.87651062011719,52.02486762558067,51.76015312732611,51.847422171653925,14000
2024-02-28,51.599185943603516,51.85226356230996,51.39846678808405,51.56621731185604,30900
2024-02-29,52.390419006347656,52.613439044498136,52.04037375581554,52.09952346523561,28200
2024-03-01,52.34193801879883,52.419512137323565,51.87650440446306,52.25466898492727,19600
2024-03-04,52.43599319458008,52.952819833502566,52.29345463950412,52.29345463950412,28900
2024-03-05,52.7201042175293,52.99160994176231,52.2158835284539,52.2158835284539,12200
2024-03-06,52.7879753112793,52.93342492635083,52.52616822351295,52.93342492635083,12100
2024-03-07,53.08857345581055,53.37946900893157,52.97415421767502,53.03039286561129,22500
2024-03-08,53.22432327270508,53.68006197169269,53.11184228041956,53.53461234892801,14600
2024-03-11,53.013832092285156,53.112256483407975,52.76240305205247,53.07230084978552,12000
2024-03-12,52.70491027832031,53.03819484820265,52.46810213597064,52.85791121574179,25700
2024-03-13,52.8481559753418,53.13076732968718,52.77019640163975,52.78968350694451,30200
2024-03-14,51.97109603881836,52.857908111598476,51.57349139560078,52.857908111598476,15400
2024-03-15,52.32192611694336,52.399889424835514,51.766450559444706,51.766450559444706,10100
2024-03-18,52.02956771850586,52.33166994043624,51.96135168734333,52.33166994043624,53900
2024-03-19,52.28293991088867,52.399881136735154,51.90287442127215,51.90287442127215,23700
2024-03-20,53.16000747680664,53.35491200846436,52.11727250755678,52.11727250755678,37700
2024-03-21,53.47185134887695,53.62777422518836,53.228221622296964,53.228221622296964,140700
2024-03-22,52.92612075805664,53.51083058852996,52.8851911442734,53.51083058852996,14000
2024-03-25,53.06256103515625,53.189249547825575,52.99434500160239,52.99434500160239,22600
2024-03-26,52.916378021240234,53.40363749421205,52.81892761364377,53.24771461156086,15700
2024-03-27,54.29045104980469,54.29045104980469,53.11128398562535,53.11128398562535,12900
2024-03-28,54.61204147338867,54.70754391172157,54.26121406543413,54.34892091742277,17800
2024-04-01,54.05656814575195,54.35866664552421,54.04682087431069,54.35866664552421,13300
2024-04-02,53.47185134887695,53.681373062435526,53.24966041369691,53.637521496048535,20600
2024-04-03,53.494266510009766,53.72522700922021,53.32567441627276,53.32567441627276,39100
2024-04-04,53.208736419677734,53.99907213918255,53.06256079878276,53.93962567663756,36200
2024-04-05,53.11030960083008,53.223354901131465,52.84913700151164,53.13077440987211,19400
2024-04-08,53.5498161315918,53.69989139305006,53.267204748718875,53.267204748718875,8800
2024-04-09,53.77396011352539,53.91039218226837,53.5498211838055,53.78370366808058,9800
2024-04-10,52.273193359375,52.750709257517535,52.0003292561476,52.63376431256757,19400
2024-04-11,52.170711517333984,52.39520617768674,51.887651575560696,52.39520617768674,14800
2024-04-12,51.682682037353516,52.141430406437266,51.51577339465532,51.87789593139113,22900
2024-04-15,51.321533203125,52.092622229916884,51.058970562657755,51.79004426410821,11000
2024-04-16,50.93403244018555,51.15560050416016,50.482116546917084,50.92134311015672,18800
2024-04-17,50.91061019897461,51.39961856856853,50.881329420056076,51.24344820867788,10000
2024-04-18,51.22392654418945,51.47282433564832,50.94086660279664,50.95062934471782,11800
2024-04-19,52.082862854003906,52.0877442247271,51.01895116343572,51.01895116343572,11400
2024-04-22,52.512332916259766,52.766112078532835,51.936454015280205,52.24879473546623,14400
2024-04-23,53.133113861083984,53.2639055642646,52.39520767700799,52.39520767700799,16400
2024-04-24,53.26195526123047,53.27366906269507,52.678268374646336,52.707549154912584,15300
2024-04-25,52.81490707397461,52.84418784874869,52.321992932708426,52.73682004338432,27400
2024-04-26,52.752445220947266,53.04819075803565,52.71730381945612,52.8734741736353,15400
2024-04-29,52.89983367919922,53.03941259953029,52.87445874009883,52.92228575297403,11100
2024-04-30,52.16094207763672,52.512326274250015,52.16094207763672,52.512326274250015,9900
2024-05-01,52.407894134521484,52.90471045217695,52.22927170639844,52.22927170639844,11300
2024-05-02,53.05112075805664,53.10773125446808,52.76610977026987,52.83443406710951,9600
2024-05-03,53.402503967285156,53.683609108447016,53.23461981679113,53.683609108447016,10900
2024-05-06,53.73534393310547,53.86808668786652,53.6836110831251,53.70313284305364,15900
2024-05-07,53.80073928833008,54.079893387961086,53.772434038901686,53.84954182769577,14100
2024-05-08,53.86906433105469,53.95398380390611,53.41031598661632,53.41031598661632,14100
2024-05-09,54.46272659301758,54.46272659301758,53.9764686107088,53.986234891537414,14500
2024-05-10,54.389495849609375,54.58185284976431,54.13269703817934,54.474446106227575,13200
2024-05-13,54.45491027832031,54.88941661248978,54.43635732642412,54.67948629291115,9500
2024-05-14,54.83572006225586,54.991947036375024,54.635555997639834,54.991947036375024,18700
2024-05-15,54.83572006225586,55.11888261682962,54.698046042338525,55.07982494211361,16100
2024-05-16,54.82595443725586,54.832789343711354,54.6707033549825,54.70878141966618,13300
2024-05-17,54.77713394165039,54.874778129138235,54.679493478907446,54.679493478907446,12400
2024-05-20,54.58185577392578,54.92360113553776,54.543773980169696,54.69902508008631,16800
2024-05-21,54.611141204833984,54.654102409960245,54.48420563092226,54.58184981267923,13900
2024-05-22,53.83977508544922,54.43441574243582,53.79095485136178,54.41586278706926,10800
2024-05-23,52.929752349853516,54.03505927581202,52.8096516697435,54.03505927581202,14100
2024-05-24,53.165069580078125,53.22267648629388,53.01958104026258,53.13675034382064,18300
2024-05-28,52.923885345458984,53.454080378076895,52.84381823745897,53.32226539459101,17300
2024-05-29,52.18376541137695,52.35073455090846,52.13884871265497,52.326322572848596,6600
2024-05-30,52.911197662353516,52.980522615368784,52.405414545550244,52.5313705207901,8600
2024-05-31,53.91788864135742,53.91788864135742,53.1367500230328,53.1367500230328,22200
2024-06-03,53.574180603027344,54.25962670600012,53.507783307922914,54.25962670600012,15700
2024-06-04,53.039100646972656,53.2832054930006,52.90728566900508,53.214856434092326,13700
2024-06-05,53.01567077636719,53.312499392711096,52.80476456684239,53.312499392711096,27200
2024-06-06,52.734466552734375,52.951231812283105,52.68076317944113,52.892645298305474,8300
2024-06-07,52.297027587890625,52.50207478043187,52.189620851394366,52.257969915574776,171400
2024-06-10,52.03828048706055,52.140807822231324,51.750238494637884,52.04316362796038,7200
2024-06-11,51.879119873046875,51.92012931249145,51.508079427064054,51.613534399775645,11700
2024-06-12,52.40058517456055,53.11711139565369,52.26433724267103,52.83285583744048,20400
2024-06-13,51.879119873046875,52.274144673516226,51.598782948766605,52.20552713256859,12200
2024-06-14,51.12632751464844,51.49978477339954,51.03517024609719,51.49978477339954,17300
2024-06-17,51.628196716308594,51.628196716308594,50.844032493015845,50.94107522741435,16700
2024-06-18,51.69582748413086,51.90853027708624,51.538995397553954,51.538995397553954,16800
2024-06-20,51.73502731323242,51.95067281200581,51.53899002980734,51.53899002980734,16000
2024-06-21,51.614471435546875,51.715429078242664,51.509587662301804,51.69582833887187,15400
2024-06-24,52.477046966552734,52.60251488356799,51.6762247565967,51.6762247565967,28400
2024-06-25,51.88794708251953,52.32315678506587,51.77522226549891,52.32315678506587,15500
2024-06-26,51.87030029296875,51.87030029296875,51.519390233292704,51.519390233292704,15000
2024-06-27,51.88500213623047,51.90166762493528,51.568398981728855,51.84285419172057,13300
2024-06-28,52.3819580078125,52.58780312997797,52.0692735425718,52.23493005103299,18800
2024-07-01,51.92127227783203,52.60741030512604,51.803645411005796,52.548600610884726,12800
2024-07-02,52.13887405395508,52.19866340769428,51.98007891483084,51.98007891483084,25600
2024-07-03,52.00949478149414,52.41137726118679,51.978126866625736,52.25454516518898,5900
2024-07-05,51.53899383544922,51.92127180119566,51.45175521873074,51.784044196996604,12200
2024-07-08,51.56840133666992,51.98988827936029,51.42136961650465,51.73503379629673,17800
2024-07-09,51.4223518371582,51.71543188983786,51.25473970613898,51.56840390153181,10300
2024-07-10,52.08156204223633,52.09138469325501,51.548103272070875,51.548103272070875,28400
2024-07-11,53.8990592956543,53.95800644834366,52.7761439570877,52.93333261658607,27400
2024-07-12,54.28023910522461,54.61328356304711,54.11224591465498,54.32837796510207,26100
2024-07-15,54.89131164550781,55.27150932149574,54.554335881980016,54.623105681134064,16200
2024-07-16,56.63709259033203,56.656737892931716,55.212568300774315,55.212568300774315,15300
2024-07-17,57.25601577758789,57.62934020461645,56.27358583632428,56.27358583632428,83000
2024-07-18,56.65673828125,57.865130521435155,56.52902507511106,57.30514570167772,22800
2024-07-19,56.42095184326172,56.655751040261244,56.29323490151131,56.655751040261244,4000
2024-07-22,56.97111511230469,57.030058511479844,55.8904399061279,56.38165488684293,33500
2024-07-23,57.121429443359375,57.4122263869715,56.63709141978023,56.63709141978023,20700
2024-07-24,56.46615219116211,57.236374005110974,56.43569485035847,56.84340422725366,23400
2024-07-25,57.4937629699707,57.96336509988045,56.59778811495158,56.59778811495158,22700
2024-07-26,58.18244934082031,58.208975369588856,57.57923890192941,58.12055652291801,27700
2024-07-29,57.81993865966797,58.39564123391411,57.717765843804564,58.39564123391411,14300
2024-07-30,58.49290084838867,58.52335443928058,57.93389794198489,57.93389794198489,17400
2024-07-31,58.446720123291016,59.191401417116545,58.30230355774125,58.75913361070142,19500
2024-08-01,57.182334899902344,58.51352698264243,56.86304442855986,58.51352698264243,13600
2024-08-02,55.72146224975586,56.00636784397618,55.18800348908529,55.9002674746361,30400
2024-08-05,54.013999938964844,54.357852681130645,53.15928690431625,53.719271694017706,16200
2024-08-06,54.348026275634766,54.99642991350435,53.82733958470595,54.25960742739469,31000
2024-08-07,54.157440185546875,55.05538272001395,54.10242434078069,55.05538272001395,10800
2024-08-08,54.89961242675781,54.92520577814947,54.600381240467854,54.65943819919554,7200
2024-08-09,54.85728454589844,54.93504837820245,54.50686667423706,54.93504837820245,20300
2024-08-12,54.45273208618164,54.85630424760007,54.285399027617174,54.85630424760007,22000
2024-08-13,55.10238265991211,55.131911138469874,54.43304294338741,54.70865584453423,9400
2024-08-14,55.02363967895508,55.22050121234653,54.787400582035055,55.22050121234653,20000
2024-08-15,55.94102478027344,56.31309711463544,55.88983808068697,55.9095249839977,14500
2024-08-16,56.34852981567383,56.51980173733828,55.93905500960033,55.93905500960033,7200
2024-08-19,56.68025588989258,56.75604840960253,56.4705939169897,56.55918311280426,17400
2024-08-20,56.10934066772461,56.72651362375006,56.01780013601199,56.72651362375006,35700
2024-08-21,56.43122100830078,56.43122100830078,56.12509584397246,56.43122100830078,8900
2024-08-22,56.07292556762695,56.36231517477641,56.0483197534885,56.36231517477641,10300
2024-08-23,57.64292526245117,57.98153027517424,56.50012724280922,56.50012724280922,10300
2024-08-26,57.693119049072266,58.29158890628063,57.66654191680478,58.02582133849873,13000
2024-08-27,57.41751480102539,57.54252270761879,57.26592975989913,57.41554723695429,11300
2024-08-28,57.3052978515625,57.5533498470691,57.03165625932896,57.287582265743325,16400
2024-08-29,57.50413131713867,57.868333425903295,57.27773754284598,57.75021199635593,11700
2024-08-30,57.90770721435547,57.9569225992021,57.325969124516554,57.730528824993065,86200
2024-09-03,57.04937744140625,57.70099786249624,57.00212961954156,57.435230272592364,10800
2024-09-04,56.840694427490234,57.110400877545764,56.71175140394918,57.110400877545764,15100
2024-09-05,56.53948974609375,57.228516328696585,56.40168518055174,57.159614045925586,14600
2024-09-06,55.752037048339844,56.72651817211413,55.73235014378053,56.52965288141403,21200
2024-09-09,55.51579666137695,55.850466498703916,55.46657752700226,55.83077959593259,27200
2024-09-10,55.51579666137695,55.68312970259405,54.94488774568687,55.68312970259405,14100
2024-09-11,55.105377197265625,55.31305986968895,54.16585549531675,55.31305986968895,20700
2024-09-12,55.42184829711914,55.60975113248845,54.9866993292464,55.36250877260403,13500
2024-09-13,56.774757385253906,56.774757385253906,55.88666025074662,55.88666025074662,12000
2024-09-16,57.291988372802734,57.3404476640839,56.79651522674432,56.90530246873604,30900
2024-09-17,57.713287353515625,58.35908426908501,57.587689322711,57.61735719830416,14700
2024-09-18,57.67570495605469,58.39864056987393,57.53823827392563,57.55801811404865,9800
2024-09-19,58.53709411621094,58.53709411621094,58.24337311839904,58.477758370043844,9800
2024-09-20,57.90415954589844,58.47776362787844,57.815152146026335,58.47776362787844,11100
2024-09-23,58.04360580444336,58.089096043417165,57.775591410914025,57.99316588944256,19100
2024-09-24,57.96250915527344,58.27007568329517,57.92393789969247,58.12173253573068,11800
2024-09-25,57.30088806152344,57.94371970731221,57.26133215106828,57.94371970731221,22100
2024-09-26,57.48879623413086,57.765706477946985,57.4116537182514,57.765706477946985,20500
2024-09-27,57.96250915527344,58.39864276261284,57.787459638552285,57.92393789969247,36800
2024-09-30,58.1088752746582,58.172168501665574,57.655927106275385,57.844822133768915,6300
2024-10-01,57.55109405517578,57.98327393189765,57.392859110394184,57.98327393189765,7200
2024-10-02,57.345394134521484,57.627250276732305,57.27319752366782,57.54813090991289,28700
2024-10-03,57.24155044555664,57.33253469556928,56.692672121787574,56.692672121787574,5200
2024-10-04,58.012943267822266,58.022831301599766,57.65691368993218,57.844820285273485,8200
2024-10-07,57.55109405517578,57.89426653966934,57.35033415277127,57.89426653966934,7700
2024-10-08,57.24873352050781,57.51937676896188,57.13274247637542,57.51937676896188,6400
2024-10-09,57.432132720947266,57.81678534547199,57.10299665816572,57.10299665816572,15000
2024-10-10,57.262611389160156,57.30722129187561,57.10101583617345,57.142653258087414,4500
2024-10-11,58.402687072753906,58.42152413007405,57.44998049172805,57.44998049172805,7600
2024-10-14,58.82996368408203,58.842851997008026,58.24208189633018,58.24208189633018,13300
2024-10-15,58.98263931274414,59.69543720200036,58.59997210834176,58.59997210834176,6900
2024-10-16,59.82927322387695,60.007720410472345,59.32367538304498,59.32367538304498,5000
2024-10-17,59.82927322387695,59.93832470254996,59.51699253822624,59.93832470254996,4100
2024-10-18,59.680564880371094,59.97797557313766,59.57647132699191,59.97797557313766,25000
2024-10-21,58.62971115112305,59.5814269037246,58.62971115112305,59.5814269037246,6900
2024-10-22,58.54048538208008,58.59005319993063,58.37195404503177,58.49091756422952,6600
2024-10-23,58.26587677001953,58.54048710275737,58.14493159345181,58.252988456278786,9300
2024-10-24,58.345184326171875,58.35212389603717,58.04281573270611,58.30255608011107,6200
2024-10-25,57.77613830566406,58.59005345050428,57.74838002500647,58.59005345050428,18100
2024-10-28,58.639625549316406,58.72091495637526,58.005144614657844,58.005144614657844,8300
2024-10-29,58.13600540161133,58.30255886812486,58.06363721889061,58.27281515172131,10400
2024-10-30,58.343204498291016,58.986602862160446,58.09436702044015,58.09436702044015,7500
2024-10-31,57.83958435058594,58.441349073343424,57.83958435058594,58.441349073343424,6200
2024-11-01,57.49062728881836,58.23316510643546,57.40041287324964,58.23316510643546,9600
2024-11-04,57.54515075683594,57.80984524962878,57.489634195597525,57.598681882471475,5100
2024-11-05,58.49884796142578,58.53057333137691,57.5788576142282,57.5788576142282,7900
2024-11-06,62.089595794677734,62.228387194430695,60.78098576588982,60.78098576588982,28100
2024-11-07,61.29045867919922,62.19879347795858,61.29045867919922,62.03499775855968,15300
2024-11-08,61.38874053955078,61.55849309675788,61.230897851446805,61.25075268251442,9100
2024-11-11,62.32487487792969,62.70012095856586,61.89601734544604,61.89601734544604,16600
2024-11-12,61.862266540527344,62.55617449662522,61.86127058012364,62.18390494709812,8400
2024-11-13,61.644859313964844,62.412229763216835,61.61805548228649,62.18390489413197,10200
2024-11-14,61.35995101928711,61.83149093934446,61.220967204850446,61.786820410609685,11300
2024-11-15,61.21997833251953,61.706412241973496,61.07206494866606,61.35002501868436,14500
2024-11-18,61.50885772705078,61.77590009176038,61.39965804996914,61.43936771198461,7000
2024-11-19,61.36491012573242,61.36987477997883,60.972785752541576,60.972785752541576,21100
2024-11-20,61.37980651855469,61.37980651855469,60.94300781369612,61.14155233527531,8000
2024-11-21,62.39535903930664,62.4916528897469,61.637914065668916,61.84638411705859,29100
2024-11-22,63.494293212890625,63.61342219486213,62.54128407864861,62.54128407864861,13800
2024-11-25,64.31229400634766,64.88410405778946,64.07007491107149,64.07007491107149,7200
2024-11-26,63.58860397338867,64.02043423411811,63.543933444453245,64.02043423411811,10200
2024-11-27,63.583641052246094,64.26861186199629,63.583641052246094,63.98072250619387,10100
2024-11-29,63.7921142578125,63.8913846262326,63.648165785836284,63.851674964095835,3100
2024-12-02,63.62036895751953,63.78218412452079,63.18655434785428,63.444659574563964,7900
2024-12-03,63.26597213745117,63.60349669942922,63.176627289076926,63.60349669942922,18600
2024-12-04,63.173648834228516,63.2858250313001,62.86788898250492,63.2858250313001,8400
2024-12-05,62.82917785644531,63.12600058492639,62.79939371539705,63.00488724748132,7100
2024-12-06,62.36259841918945,63.20640793456748,62.303033924357784,63.20640793456748,15900
2024-12-09,62.42216110229492,63.03764571667077,62.35366326064924,62.83910119324965,10200
2024-12-10,62.26332473754883,62.75968414065576,61.83645534792313,62.362595103401524,21400
2024-12-11,62.5472412109375,62.849028574326496,62.491649200515496,62.7398289004485,8600
2024-12-12,62.216312408447266,62.49225268016773,62.011359480235384,62.42626530481795,12100
2024-12-13,61.88638687133789,62.13633188485079,61.66443557729497,62.13633188485079,16000
2024-12-16,61.85939407348633,62.083343835367245,61.77041294449376,61.916380744842336,10400
2024-12-17,61.04956817626953,61.32650767390443,60.91659801094273,61.32650767390443,13800
2024-12-18,58.79306411743164,61.28651499006121,58.79306411743164,61.126550338040445,13100
2024-12-19,58.80606460571289,59.60788636647533,58.80606460571289,59.23696957490502,12300
2024-12-20,59.27696228027344,59.726864082246095,58.55711939711719,58.55711939711719,19300
2024-12-23,59.26696014404297,59.26696014404297,58.82805752588281,59.10699548859601,8000
2024-12-24,59.78684616088867,59.78684616088867,59.22697177437917,59.416928610679435,1800
2024-12-26,59.90681838989258,59.98180265594427,59.336944070072825,59.48691260217621,7100
2024-12-27,59.37493896484375,59.99679999875559,59.057008111017325,59.69686674214621,4100
2024-12-30,59.27696228027344,59.456923001062506,58.71708405850098,59.07700550007911,9800
2024-12-31,59.38693618774414,59.61688514038934,59.212974673521835,59.476916544332106,7700
2025-01-02,59.24696350097656,59.790846375218024,59.077002724803606,59.616884861808614,6000
2025-01-03,59.671875,59.75685539083629,59.0989991572961,59.41093081451311,7900
2025-01-06,59.35694122314453,60.12977383513633,59.306952982807694,59.85683125422946,6900
2025-01-07,59.09700012207031,59.616886212387065,58.71708263032764,59.616886212387065,6400
2025-01-08,59.06999969482422,59.06999969482422,58.5099983215332,58.689998626708984,19400
2025-01-10,58.0099983215332,58.560001373291016,57.720001220703125,58.560001373291016,16300
2025-01-13,58.560001373291016,58.560001373291016,57.75,57.75,9400
2025-01-14,59.97999954223633,59.97999954223633,59.060001373291016,59.060001373291016,7900
2025-01-15,60.72999954223633,60.959999084472656,60.459999084472656,60.959999084472656,5400
2025-01-16,61.119998931884766,61.119998931884766,60.630001068115234,60.630001068115234,6400
2025-01-17,61.38999938964844,61.63999938964844,61.15999984741211,61.63999938964844,10600
2025-01-21,62.029998779296875,62.189998626708984,61.900001525878906,61.900001525878906,9600
2025-01-22,61.310001373291016,62.060001373291016,61.20000076293945,62.060001373291016,11200
2025-01-23,61.369998931884766,61.569000244140625,61.18000030517578,61.27000045776367,13600
2025-01-24,61.400001525878906,61.47999954223633,61.220001220703125,61.41999816894531,11500
2025-01-27,61.45000076293945,61.45000076293945,61.100101470947266,61.2400016784668,25554
