Price,Close,High,Low,Open,Volume
Ticker,CSGS,CSGS,CSGS,CSGS,CSGS
Date,,,,,
2020-01-28,46.04967498779297,46.247160072802046,45.73549728371503,45.906050405317316,139600
2020-01-29,45.87911605834961,46.27408275408875,45.834234024060116,46.22022568265325,244700
2020-01-30,46.17534637451172,46.18432483713336,45.538012499582564,45.77140458782265,163100
2020-01-31,44.721153259277344,46.11251724677149,44.6044571989268,46.10354220718175,282700
2020-02-03,45.187923431396484,45.57391510415896,44.73909622346616,44.90964932973894,265200
2020-02-04,45.726524353027344,46.004798513361365,45.08021536583822,45.654713765242136,254700
2020-02-05,46.61520004272461,46.669060547295416,45.4572248765544,46.42669341314721,169900
2020-02-06,45.69061279296875,49.299180662146426,45.49312771855247,49.299180662146426,381500
2020-02-07,44.918636322021484,45.77140886389566,44.828868808819706,45.448252664930244,205600
2020-02-10,46.02275466918945,46.07661518134337,44.963521900127716,44.963521900127716,236200
2020-02-11,46.45362091064453,46.57929199420878,45.95093315210731,46.381806906161984,139800
2020-02-12,46.47158432006836,47.09994329614356,46.10354602932561,46.776787055631694,150600
2020-02-13,46.83961868286133,46.84859372244249,46.12149566654584,46.12149566654584,135300
2020-02-14,46.95630645751953,47.11788453571466,46.61519680085425,46.839610417871924,225000
2020-02-18,46.94732666015625,47.2435542698499,46.758820049049355,46.91141966062734,211400
2020-02-19,47.34230041503906,47.52182857780813,46.94733023867462,47.10890832459094,144000
2020-02-20,47.37820816040039,47.575693265953355,46.42669648662085,47.467975673961064,268700
2020-02-21,46.42669677734375,47.378208457081634,46.24716517337869,47.216630355941135,188400
2020-02-24,45.062259674072266,45.52006199377335,44.775010488322486,44.97249216335021,232300
2020-02-25,42.863006591796875,44.945564962733364,42.83607804991734,44.945564962733364,305600
2020-02-26,42.521888732910156,43.590099679634676,42.351335626587684,43.16820100828769,282600
2020-02-27,41.615264892578125,42.970721737070086,41.112577119003994,41.71400743955522,360800
2020-02-28,39.72121047973633,41.157456268613636,38.931273583713775,40.08027363909569,428400
2020-03-02,40.89714431762695,40.933047898742586,39.550662433796205,39.900747175707316,258600
2020-03-03,40.663761138916016,41.95638622286732,40.05335561022373,40.90612834215688,513900
2020-03-04,41.04973220825195,41.71399792088689,40.05333535143931,41.24721725714225,206800
2020-03-05,38.50979232788086,40.58506159545734,38.27519466622558,40.188054669075925,278200
2020-03-06,38.86167907714844,38.9789778889566,37.22853087662764,37.31876205569836,244200
2020-03-09,35.72171401977539,38.11278742959014,35.48711978760478,36.948830783666665,296100
2020-03-10,37.43607711791992,37.977450659475814,36.0916612229005,37.30073201154643,875700
2020-03-11,36.73228454589844,37.418027983661275,35.44200748149848,36.948836010973224,325300
2020-03-12,34.557762145996094,36.028498185989,33.56524291918493,34.539715903803504,676800
2020-03-13,36.876644134521484,36.99394296621421,34.10661014387216,36.10067307280794,551600
2020-03-16,36.38039779663086,36.75033722268014,32.78025616492652,34.25098902543231,530400
2020-03-17,37.87819290161133,38.97898952099911,36.07361008528701,37.30974835071797,611300
2020-03-18,39.7098388671875,39.98052901259336,35.66757422887609,36.84957707898136,603500
2020-03-19,37.300724029541016,40.02564428179889,36.822510722100844,39.43915353564267,500200
2020-03-20,34.53970718383789,38.464676099617215,34.16074651937296,37.4450860459406,571100
2020-03-23,34.819419860839844,35.423953352891054,32.93363098977406,34.855512337311914,430400
2020-03-24,35.387874603271484,37.50825830372324,34.42242294984343,36.371372500180414,386300
2020-03-25,35.938262939453125,36.57888891513799,34.55775495569161,35.40591095242688,657700
2020-03-26,38.392494201660156,38.79852597584754,35.956306998504004,36.07360583148439,379600
2020-03-27,37.17439651489258,38.53685465329123,36.488653305154315,37.4901970443986,388300
2020-03-30,37.815025329589844,39.33087487206756,36.94882657445055,37.72479758333412,177400
2020-03-31,37.76088333129883,38.66317448322442,36.84054938526621,37.67967698994682,283300
2020-04-01,36.80446243286133,37.535316172671486,35.69464456258418,36.64204972579949,354900
2020-04-02,36.903717041015625,38.75341359251605,36.263087576180794,36.66911936601462,218300
2020-04-03,37.28266906738281,37.45410314229002,36.100666452693936,36.55181201589263,342800
2020-04-06,40.269264221191406,40.5309260987899,38.1849699476959,38.1849699476959,348200
2020-04-07,39.43012619018555,42.01970097449276,39.24966726150919,41.23470859301355,229900
2020-04-08,41.17155456542969,41.28884996072158,39.33087941659981,39.81811756340212,204100
2020-04-09,41.992637634277344,42.41671220177203,40.82868103934843,41.68585845674495,192200
2020-04-13,41.77608108520508,42.41670699907354,40.7023558165255,41.84826603199078,181600
2020-04-14,42.8227424621582,43.28291293321271,42.29941532009843,43.21072798011866,193900
2020-04-15,42.74153518676758,43.021246711007144,41.63171737170287,41.95654276966677,272400
2020-04-16,42.39866638183594,43.625779562505095,41.893382054288956,43.10245243930276,189900
2020-04-17,43.1475715637207,43.56262475366621,42.624244376826,43.26487040156385,208300
2020-04-20,43.1475715637207,43.59871723330538,42.461831660418056,42.461831660418056,136700
2020-04-21,41.297874450683594,43.03929698718721,41.04523398054819,42.39867097107629,195900
2020-04-22,42.001651763916016,42.191132076726404,41.2527519095841,41.78510381840915,156700
2020-04-23,42.524986267089844,42.80469434311934,41.66780891758505,41.96556323109514,185400
2020-04-24,42.43476104736328,42.85883908287635,41.83022749560225,42.72349400372204,133500
2020-04-27,43.09342956542969,43.33704862150546,42.42573595274915,42.696422645510665,229100
2020-04-28,43.887447357177734,44.943129945772405,43.418255478021,43.69796701423985,236100
2020-04-29,45.57472229003906,46.052938917181294,44.654388390033645,44.816797622647755,227100
2020-04-30,43.833316802978516,45.890540043745006,43.219758390474745,44.97020242498935,348300
2020-05-01,43.48141860961914,43.95061052133428,42.299419152345365,43.26487061465419,228500
2020-05-04,42.88589859008789,44.076922669723174,42.24527267976254,43.337044179100275,294500
2020-05-05,43.20170974731445,44.3025028269086,42.91297679771911,43.19268490653245,290700
2020-05-06,44.104000091552734,44.78071857244167,43.075388551316465,43.21073018231334,195700
2020-05-07,41.85729217529297,44.48295967789626,39.13237208058955,42.488896763410786,528000
2020-05-08,42.55205535888672,43.219752400652425,41.95654326951427,41.95654326951427,206100
2020-05-11,41.803165435791016,42.57913320833898,41.433222628990826,42.073852188258336,271800
2020-05-12,39.998573303222656,42.12797779064185,39.98954846309908,42.12797779064185,232900
2020-05-13,39.16846466064453,40.31437500903824,38.89777796273322,39.70983805646714,257000
2020-05-14,39.00605010986328,39.33087550879106,38.013531117111036,38.708295788824785,177600
2020-05-15,39.31282424926758,39.79103744662272,38.4646718263803,38.81656481628068,761100
2020-05-18,41.180580139160156,41.21667262227897,39.81812160012698,39.81812160012698,249300
2020-05-19,40.50385665893555,41.21666762525349,40.48581041956403,40.98206995539199,234700
2020-05-20,41.15350341796875,41.315916114201116,40.630172854116054,41.14447857819591,200700
2020-05-21,41.34299087524414,41.58660996158159,40.4497243339753,41.31592323519614,330700
2020-05-22,41.830223083496094,41.83924448156961,41.02718441820201,41.703902858659,152200
2020-05-26,42.56108474731445,42.92200269310304,42.100917636304196,42.71447607896362,250200
2020-05-27,43.30997848510742,43.34607095991729,42.14602198724788,42.98515309575426,179500
2020-05-28,42.45280838012695,43.71601767818806,42.36258061968049,43.71601767818806,188300
2020-05-29,42.723487854003906,42.94003926108623,41.72194749190572,42.27234224438626,314500
2020-06-01,43.12952423095703,43.72503636203921,42.71447105152937,42.71447105152937,269800
2020-06-02,43.80624008178711,43.95060654602865,43.12952163528586,43.418254563768954,139900
2020-06-03,43.752105712890625,44.25738662719166,43.67992075829443,44.21227275155308,146800
2020-06-04,43.364112854003906,43.87841852164464,42.98514879039271,43.64382090084545,244200
2020-06-05,44.392730712890625,44.68146364094454,43.77917238028404,44.21227177236492,197300
2020-06-08,43.70698547363281,44.71755411861825,43.42727739819022,44.437842601207805,261400
2020-06-09,42.696434020996094,43.66188566231437,42.47988598587985,43.52654400085895,166900
2020-06-10,42.94004821777344,43.33705519793858,42.43476379049806,42.867863253033285,185200
2020-06-11,40.46910095214844,42.07408247794458,40.414693567544624,41.97433733569551,255900
2020-06-12,40.387489318847656,41.71137113783321,39.81622391951318,41.61162600122969,208600
2020-06-15,40.351219177246094,40.7320604844181,39.254029553384896,39.77995375743897,237500
2020-06-16,41.07664108276367,41.802055698230966,40.61419034635632,41.375876557359405,221800
2020-06-17,40.32401657104492,41.19451393843517,40.106390499672834,41.19451393843517,160400
2020-06-18,40.29681396484375,40.532575846884946,39.80716132339145,40.34215518303965,204300
2020-06-19,39.752750396728516,41.07663221658447,39.37190564390548,40.695790922810424,266000
2020-06-22,39.55324935913086,39.72553762432592,39.00918952778908,39.72553762432592,259000
2020-06-23,39.20868682861328,40.16985960152495,39.12707749326713,39.91596542891412,354300
2020-06-24,38.057090759277344,39.21775381142508,37.73065341109861,39.17241605952219,245800
2020-06-25,37.857601165771484,38.029886009651555,37.422352513562245,38.029886009651555,165600
2020-06-26,36.77854919433594,37.821331392610695,36.74227760681795,37.775993637737706,338000
2020-06-29,37.912017822265625,38.09336887744641,36.80575839860462,37.11406003508147,174000
2020-06-30,37.53116226196289,40.305876196641925,37.177522962837344,37.957344729651965,323400
2020-07-01,37.776004791259766,38.15684965454668,37.47677275350932,37.776004791259766,168200
2020-07-02,37.33167266845703,38.37445825120502,37.21379520602715,38.057090530741924,125700
2020-07-06,36.914573669433594,37.875750276263254,36.914573669433594,37.776005109821966,138100
2020-07-07,35.93524932861328,36.905491689923345,35.86270616262259,36.57905436106229,206400
2020-07-08,35.862709045410156,37.13218687990473,35.61788102908411,35.917116424276664,251900
2020-07-09,34.80179214477539,35.96245525636825,34.647639629551946,35.96245525636825,137200
2020-07-10,36.72414016723633,36.75134212713125,34.4844198945858,34.792721456573936,309300
2020-07-13,36.53371047973633,37.3770056180659,36.39769379585815,36.88734970696203,227800
2020-07-14,37.28633117675781,37.31353659224628,36.08939666671649,36.49744330855975,276600
2020-07-15,38.0389518737793,38.46513085787248,37.55836205734877,37.848531255840946,205400
2020-07-16,37.7125244140625,38.03896182106299,37.37702083866727,37.8576073217239,134000
2020-07-17,37.89387512207031,38.07522960326465,37.55836812119363,37.69438484685164,130900
2020-07-20,37.51302719116211,37.866666497087806,37.15938788523641,37.8303983711573,138700
2020-07-21,38.01174545288086,38.37445434712258,37.56743068943555,37.83039446480837,169200
2020-07-22,37.494895935058594,38.25658201653277,37.28633948476853,38.07523098779299,176400
2020-07-23,36.84202194213867,37.73065506271938,36.69693905426935,37.5493005881205,167300
2020-07-24,36.397708892822266,37.16846465607775,36.28889757601598,36.778553690218374,109500
2020-07-27,37.14125061035156,37.259131527304795,36.13473665116695,36.433972026729336,106800
2020-07-28,37.24099349975586,37.68531172372096,37.02337092972884,37.15938417123363,134100
2020-07-29,37.939208984375,38.020818319585445,37.25006617741354,37.25006617741354,136500
2020-07-30,37.921077728271484,38.05709445624189,37.2954083895156,37.58557418073999,138300
2020-07-31,38.202178955078125,38.21124512310039,37.17752901610059,37.99362250007371,182000
2020-08-03,38.791568756103516,38.9275854618232,38.12056177080932,38.31098239157806,116500
2020-08-04,39.35377502441406,39.380976986855295,38.78250959980426,38.80971156224549,153100
2020-08-05,39.81622314453125,40.01571341385543,39.09987486745708,39.743683429626316,255700
2020-08-06,39.02733612060547,41.013158859689135,37.93014653020509,38.97292873879053,266100
2020-08-07,39.798091888427734,39.91597283001791,38.57395509030829,38.673700236342334,300000
2020-08-10,39.9613037109375,40.396552352218286,39.580462446960084,39.879694374506805,168200
2020-08-11,40.314945220947266,40.94061798748873,40.16079616539577,40.16079616539577,215200
2020-08-12,40.14265823364258,40.78646330026725,38.20217340801399,40.78646330026725,128100
2020-08-13,39.879703521728516,40.34215768725862,39.68928284606295,40.03385606325505,101500
2020-08-14,40.32401657104492,40.66858628373124,39.734615366159346,39.85249629894627,120400
2020-08-17,40.40562438964844,40.71392596133833,40.15172673946039,40.360283176331656,81700
2020-08-18,40.06105041503906,40.27867301471221,39.589530170348766,40.26960684766286,164300
2020-08-19,39.9613037109375,40.577906817514126,39.56232665452563,40.21519788692245,151600
2020-08-20,39.56232833862305,39.97037503814632,39.399109658813735,39.66207347173417,95600
2020-08-21,39.45351791381836,39.83436269489666,39.0908123869882,39.66207782908103,231700
2020-08-24,39.625797271728516,39.961300759363596,39.27215799299851,39.66206885391838,113600
2020-08-25,39.689273834228516,40.0247773474194,39.462581616847075,39.462581616847075,101700
2020-08-26,39.39003372192383,40.22426278052321,39.290292063841406,39.81621614637397,114000
2020-08-27,39.607666015625,40.169861767744216,39.39910958272672,39.607666015625,109600
2020-08-28,39.20868682861328,39.87969384452724,38.936653404760335,39.87969384452724,140300
2020-08-31,38.601158142089844,39.444453634446795,37.63998170482025,37.63998170482025,195900
2020-09-01,38.483272552490234,38.92759085488877,38.07522929689751,38.46513675861183,141200
2020-09-02,39.11800765991211,39.25402437111627,38.383527104745866,38.682759026726906,112900
2020-09-03,37.776004791259766,39.145224763366315,37.57651446005948,39.145224763366315,270500
2020-09-04,37.06871795654297,38.0842982753519,37.032446366108914,38.0842982753519,172500
2020-09-08,35.654151916503906,36.61532817002243,35.53627099412693,36.61532817002243,306400
2020-09-09,35.354923248291016,36.189149030579024,35.28238007119689,36.034999967827616,190100
2020-09-10,35.481868743896484,35.82643844235744,35.12822941918455,35.40025940288228,180900
2020-09-11,35.24611282348633,35.80831213805786,35.09196374175024,35.80831213805786,98800
2020-09-14,35.21417999267578,35.85277983297595,35.21417999267578,35.5882164951233,116400
2020-09-15,35.36927032470703,35.59734144868882,35.15944530825448,35.533481812381055,86500
2020-09-16,35.74330139160156,36.34540892811798,35.36014015195185,35.49698419756003,316300
2020-09-17,36.09909439086914,36.1994462343556,35.46049459784622,35.46049459784622,253000
2020-09-18,36.546112060546875,36.94751591893302,35.907512323955004,36.41838932915763,566400
2020-09-21,36.628211975097656,36.664700698183985,35.871014419625716,36.19943728801894,223400
2020-09-22,36.94752502441406,37.166474852094396,36.5643671760853,36.97489244784056,171200
2020-09-23,36.482261657714844,37.75033665918512,36.42752333042431,37.10261196656025,262300
2020-09-24,36.51874542236328,36.84716838119993,35.95313003774961,36.445764476004584,393800
2020-09-25,37.0843620300293,37.29418702316252,36.31804299941333,36.31804299941333,152800
2020-09-28,37.5405158996582,37.7868297002911,37.26682771212855,37.31244473011007,262400
2020-09-29,37.5405158996582,37.878060256164275,37.248585081043785,37.45841013941728,133200
2020-09-30,37.35804748535156,38.03313600351296,37.23032822408259,37.713837850340525,165700
2020-10-01,37.412784576416016,37.90541902534463,37.05699418999726,37.394541949497835,149900
2020-10-02,37.7411994934082,38.014884079970905,36.79242649199672,37.00225145769774,147000
2020-10-05,38.188228607177734,38.40717493190852,37.741207684044646,37.969278802357856,113900
2020-10-06,37.82331466674805,38.78121269907241,37.64998186397538,38.379808770503985,168100
2020-10-07,37.5405158996582,37.98753344312222,37.41279312143576,37.94191990523056,206500
2020-10-08,37.90542221069336,38.20647778147836,37.531385685835524,37.750335508232745,211900
2020-10-09,37.98752975463867,38.4710394735045,37.969283645235684,38.1426199445193,115100
2020-10-12,38.29769515991211,38.41629309539162,37.58611450721199,37.932783521642925,117400
2020-10-13,37.8780517578125,38.44366715696475,37.750332488335125,38.05138455494763,192000
2020-10-14,38.087867736816406,38.56225596815501,37.78681226150819,37.96014849762683,238300
2020-10-15,38.95453643798828,39.00927126329674,37.64996974011945,37.64996974011945,171700
2020-10-16,38.84506607055664,39.13699675992873,38.62611631348341,38.81769517586728,100100
2020-10-19,37.896297454833984,39.23735324992448,37.74120728636885,38.92717639308326,187600
2020-10-20,37.58612060546875,38.069630257665715,37.33980338262622,37.9054187757707,153500
2020-10-21,37.0569953918457,37.95103378366251,37.0569953918457,37.52226243539772,219200
2020-10-22,36.70120620727539,37.33980607399721,36.47313507488112,37.175594580266186,171400
2020-10-23,36.61910629272461,36.99314287022034,36.52787921727291,36.77419649710032,140300
2020-10-26,36.400146484375,36.57347925579235,35.81628158468212,36.30891596250647,181700
2020-10-27,35.889278411865234,36.54612447608665,35.85278619049965,36.363666849348505,177900
2020-10-28,34.76715850830078,35.68856420694894,34.63031445836124,35.35101995854382,173200
2020-10-29,34.92224884033203,35.10470643266104,34.45698528597772,34.803654363393925,137100
2020-10-30,34.55733871459961,34.90400432776496,34.21979093533806,34.68505799103834,210700
2020-11-02,35.13207244873047,35.19593556156782,34.247158903464914,34.84926649801311,255200
2020-11-03,36.290672302246094,36.48225467102846,35.29628216748439,35.47873974342108,286900
2020-11-04,35.925758361816406,36.74681218155026,35.87102004846538,36.25418128174538,233600
2020-11-05,36.883663177490234,37.412786385936045,36.035238301107654,36.035238301107654,397300
2020-11-06,36.564361572265625,36.94751936187199,36.153832883338154,36.929273255687555,155200
2020-11-09,38.68998336791992,39.109633379510086,37.275943167072796,37.49488948612463,360800
2020-11-10,39.912445068359375,39.948937281928956,38.58051059387092,38.77208949497768,238800
2020-11-11,39.9033203125,40.213497140904025,39.3103340734636,40.058406986657644,245300
2020-11-12,38.16997528076172,39.90331684413936,38.0605021391017,39.602261354463785,224800
2020-11-13,39.228233337402344,39.492796676527156,37.795946956746185,38.40717589876988,142600
2020-11-16,40.19525909423828,40.43245154935312,39.52929178093148,39.71174590944008,315700
2020-11-17,38.93629837036133,39.894196291882274,38.79945431867742,39.894196291882274,319000
2020-11-18,38.68085861206055,39.61138560534726,38.68085861206055,39.00015674896396,205700
2020-11-19,38.717350006103516,39.127878696148656,38.38893053415633,38.726474799265034,137500
2020-11-20,38.88156509399414,39.23735549838783,38.534899483609614,38.67174007294374,163900
2020-11-23,39.2556037902832,39.51104583541228,38.85419983377956,39.091392289875024,266400
2020-11-24,40.51455307006836,40.5601665974341,39.346830065077896,39.72086655761947,295900
2020-11-25,39.86682891845703,40.3320924305462,39.72086355387133,40.3320924305462,102800
2020-11-27,39.87594985961914,40.04928612101047,39.56577302775382,39.79384412529924,56200
2020-11-30,39.57489776611328,39.83945759403489,39.41068629769918,39.66612481297056,233500
2020-12-01,39.38331985473633,39.96718485297334,39.35595243360101,39.91244653061354,219800
2020-12-02,39.672264099121094,39.993309923389795,38.95678854838681,38.95678854838681,251100
2020-12-03,39.54384231567383,40.08503630012849,39.479633156428086,39.69977784551728,88700
2020-12-04,40.433597564697266,40.57118710275557,39.754810613212896,39.76398184942894,94800
2020-12-07,40.5528450012207,40.727129998184374,40.25931642638745,40.32352558343619,132100
2020-12-08,40.369388580322266,40.552844813528104,40.0024796130472,40.286833450336474,134600
2020-12-09,40.34187316894531,40.84637520840543,40.121728478591,40.47029148817479,130200
2020-12-10,39.672264099121094,40.066693825586675,39.57136298316892,40.04834785003745,128800
2020-12-11,39.5897102355957,40.103387070130175,39.46129190174638,39.5621930209529,152100
2020-12-14,41.86455154418945,42.19477205929798,39.71812169512057,39.8006768238977,368500
2020-12-15,42.4057502746582,42.56168931285692,40.78216822531419,42.0480125093876,219800
2020-12-16,42.396575927734375,43.304678880808275,42.378229954048265,42.67175853475263,214800
2020-12-17,42.56168746948242,42.78183216205113,42.121391086071405,42.57085870703245,166200
2020-12-18,42.19477462768555,42.745139853609345,42.1030482564105,42.56168711105926,1025800
2020-12-21,41.16741943359375,42.50664388218338,40.91975406310613,41.67192141089682,236000
2020-12-22,40.782161712646484,41.1765913649919,40.53449633797822,41.1765913649919,194000
2020-12-23,41.13072967529297,41.451775450869505,40.965619419528885,41.103212465711124,142000
2020-12-24,41.442604064941406,42.11221632240354,41.22245589166923,41.415086855458576,66100
2020-12-28,41.708621978759766,41.98380461426798,41.36922667913382,41.690276003174276,120700
2020-12-29,41.33252716064453,42.49747005489092,41.24079730727703,41.91958422565207,118600
2020-12-30,41.011478424072266,41.497637905024746,40.919752068719205,41.497637905024746,75700
2020-12-31,41.341712951660156,41.41509686019056,40.75465567996637,40.75465567996637,88000
2021-01-04,41.194942474365234,41.837037581452265,40.598710553683674,41.47012509193487,170100
2021-01-05,40.96561813354492,42.24980819381109,40.62622639585576,41.378393759997365,165600
2021-01-06,41.97462463378906,42.130563657218595,40.965620596582916,41.075692937209475,454100
2021-01-07,42.24064636230469,42.45161985824512,41.77283617550417,42.148919972465364,145600
2021-01-08,41.7728385925293,42.506660251116095,41.497655907951454,42.506660251116095,188000
2021-01-11,40.98396682739258,41.83703534566593,40.708784224528806,41.42425969180195,171300
2021-01-12,40.98396682739258,41.24080345684722,40.699609488255916,41.084867931574514,184400
2021-01-13,40.31435775756836,41.534335343860064,40.204285407476206,41.12156315623027,152100
2021-01-14,39.99330520629883,40.67209222501082,39.93827078527937,40.52532793706453,181800
2021-01-15,39.608055114746094,40.25015026534633,39.49798276008627,39.828199824065734,162700
2021-01-19,40.727134704589844,40.837207058088055,39.763990239285135,39.98413844541859,182300
2021-01-20,41.46095657348633,41.67193004409744,40.62623392926974,40.62623392926974,192900
2021-01-21,41.60771560668945,41.68109600062488,41.185768718935044,41.36922145334193,173700
2021-01-22,41.99296951293945,42.05717866822667,41.08486660294222,41.396741142538644,175200
2021-01-25,41.3875617980957,42.158075074882895,41.08486202818081,41.809512127603455,222600
2021-01-26,41.488468170166016,41.93793576349229,41.15824765247921,41.763650768526155,147300
2021-01-27,39.76398468017578,41.26832296364705,39.69060428781475,40.928927714175614,170600
2021-01-28,39.71812438964844,40.2134551959151,39.45211301230484,40.16759200995784,220700
2021-01-29,39.52549743652344,39.828197267189594,39.19527689460629,39.76398810616536,387500
2021-02-01,40.204288482666016,40.47029639080734,39.42460023710526,39.80068400289525,144600
2021-02-02,40.782161712646484,40.80968242036722,40.23179654614127,40.745469768443094,187600
2021-02-03,40.433597564697266,41.04817186612421,39.901574886623536,40.70878013995017,202100
2021-02-04,40.77299118041992,43.70828028379944,40.51615106569631,42.653409614118274,235800
2021-02-05,40.993141174316406,42.48830487878786,40.47029313947038,41.20411463582121,189000
2021-02-08,41.286659240722656,41.5710165288921,40.56201266619643,41.433423502553595,164900
2021-02-09,42.11221694946289,42.15808013232936,40.919756699251934,41.433429945974865,272400
2021-02-10,42.62588882446289,42.76347835733994,42.02048578204986,42.442432614824,278100
2021-02-11,42.81851577758789,43.1762534577451,42.42408615609761,42.625888334293414,175700
2021-02-12,43.2404670715332,43.33219693434007,42.543337609883416,42.86438338186625,173900
2021-02-16,43.57068634033203,44.04767111595414,43.112047536749586,43.64407022849068,202500
2021-02-17,43.87338638305664,44.029321885147866,42.61671363487337,43.350534966465275,185800
2021-02-18,43.818363189697266,44.12106305978444,43.48814260477505,43.79084597399952,106400
2021-02-19,42.176422119140625,43.983460046213125,42.16725088308875,43.97428531102502,197800
2021-02-22,43.04783630371094,43.148737395484424,41.53432692538104,41.85537617185452,140200
2021-02-23,42.66258239746094,43.873392127028815,42.57085603117904,43.06618680702909,222100
2021-02-24,43.15791702270508,43.39641119492861,42.14891290706152,42.5433426157,133700
2021-02-25,43.04783630371094,43.827520832465,42.97445241909887,43.15790863149282,228300
2021-02-26,42.332366943359375,43.16708950425569,42.213119863477985,43.16708950425569,159100
2021-03-01,42.589202880859375,43.02032450935838,42.378229434759355,42.378229434759355,146900
2021-03-02,41.81868362426758,43.08452762241432,41.77282044661696,42.72678993794889,145500
2021-03-03,41.89207077026367,42.332367144356795,41.63523413465662,41.9654546656581,195300
2021-03-04,41.791175842285156,42.64424443568877,41.59854485409241,42.10305041943419,186200
2021-03-05,42.4057502746582,42.57086055080416,41.32336224176219,41.74530917007434,218000
2021-03-08,43.18544006347656,43.323029632592096,41.864557805490115,42.708455192441136,179700
2021-03-09,43.43309020996094,43.845865803649346,43.020318115408664,43.39640176762785,243300
2021-03-10,44.304508209228516,44.50631040472841,43.12121924329329,43.74496830289621,170700
2021-03-11,44.68977355957031,44.77232869788526,43.809184251165206,44.14857954153609,176600
2021-03-12,44.79066848754883,45.20344062298434,44.533828370961544,44.891566087878445,189000
2021-03-15,44.04767990112305,44.79984740908475,43.73580531251914,44.79984740908475,183100
2021-03-16,44.36872482299805,44.50631788836328,43.534002190986925,43.800013584486635,163000
2021-03-17,43.900909423828125,44.5613504595998,43.70828195477358,44.12105410299429,104600
2021-03-18,43.71744918823242,44.16691674066851,43.46978382249861,43.845867489175234,139800
2021-03-19,44.261505126953125,44.482814200326786,43.145747196099066,43.431600498787404,751400
2021-03-22,44.36293029785156,44.69489208919634,43.73589214033094,44.26149713743091,99300
2021-03-23,43.957210540771484,44.667239354249766,43.77279039604572,44.16930003886591,119600
2021-03-24,43.72667694091797,44.37215792787201,43.689795026660214,44.1508523719719,139300
2021-03-25,44.04942321777344,44.233846876265694,43.302508983794716,43.579142712738744,100300
2021-03-26,44.870094299316406,44.95308475032822,43.53302748527625,44.270718428943546,118500
2021-03-29,44.40904235839844,45.091408761812865,44.104746346499844,44.8055519478332,134700
2021-03-30,42.70313262939453,44.307610222743676,42.58325673457563,43.64369003682848,327100
2021-03-31,41.39372634887695,42.52792695375188,41.35684091841234,42.50026463969755,308200
2021-04-01,42.30662155151367,42.537150216327255,41.39372649111304,41.39372649111304,216900
2021-04-05,42.334285736083984,42.67546719015751,41.513604215902255,42.509486262751274,150300
2021-04-06,42.500267028808594,42.776900737667376,42.02999007550751,42.41727656439211,157600
2021-04-07,42.38038635253906,42.83222405620497,41.87322402389353,42.35272404004925,115400
2021-04-08,42.76768112182617,42.89677661807123,42.23285290299555,42.38039111550254,209700
2021-04-09,43.03508377075195,43.11807421981903,42.444931029647336,42.905988298333796,226700
2021-04-12,42.933658599853516,43.099639515281915,42.44493545216404,43.099639515281915,172000
2021-04-13,43.08119201660156,43.265612108742694,42.56480661287816,42.961316142639596,138500
2021-04-14,42.979759216308594,43.82810290356297,42.81377831791747,43.18262554047282,105400
2021-04-15,43.25639343261719,43.34860348065201,42.758450731018286,43.1826260977069,88100
2021-04-16,43.33017349243164,43.726679597306045,42.57403616400394,43.385498125973434,187000
2021-04-19,43.17341613769531,43.44083028310289,42.69391600311276,43.339397088804226,184100
2021-04-20,42.500267028808594,43.23795809162816,42.47260471319925,43.099642995992994,183700
2021-04-21,43.07197952270508,43.21029814350716,42.223635633379004,42.39883617115148,162600
2021-04-22,42.804561614990234,43.173408892800516,42.60169877802408,43.118080745852474,83300
2021-04-23,42.970542907714844,43.25639972635508,42.564813712705664,42.8783328462636,116600
2021-04-26,43.08119201660156,43.27483522390242,42.66623977410845,43.016644280834605,166800
2021-04-27,42.38038635253906,43.145743162245715,42.21440544242408,43.08119542137745,139000
2021-04-28,42.2051887512207,42.46337973247798,41.9377746534395,42.3803892717041,88000
2021-04-29,42.61091232299805,42.647797749056146,41.98387415036165,42.3896068018251,112900
2021-04-30,42.40805435180664,42.91521670639374,42.0484266831037,42.49104481110913,185400
2021-05-03,42.72157287597656,43.26561713562644,42.36194521230677,42.6201397029611,290600
2021-05-04,42.74923324584961,42.8783287265132,42.38038600030676,42.59247193533809,102000
2021-05-05,42.36194610595703,42.76767880657806,42.28817876249119,42.675465230260436,107000
2021-05-06,42.186744689941406,42.343502489964436,41.153977280270816,42.343502489964436,182600
2021-05-07,41.946998596191406,42.417275538114225,41.91011316454575,42.23285189747432,88100
2021-05-10,42.36194610595703,42.87833158057095,41.817898317241955,42.06686969691715,142800
2021-05-11,41.34761428833008,42.232843363415945,41.34761428833008,41.965429314404275,135600
2021-05-12,40.71136474609375,41.39372764308239,40.63759388285803,41.18164168766223,139500
2021-05-13,41.92855453491211,42.10375505322437,40.65603532467814,40.65603532467814,161900
2021-05-14,42.103755950927734,42.17752681342468,41.2185267064944,42.05765092066131,97000
2021-05-17,41.41217041015625,42.38039012699936,41.35684226266096,41.91011318484872,112200
2021-05-18,41.09865188598633,41.68880473100552,41.08943228672784,41.310737844815826,138100
2021-05-19,41.20008087158203,41.27384821090566,40.582262256504784,40.77590899710396,89700
2021-05-20,41.24618911743164,41.42138963988842,41.024883564600806,41.1447559400557,75800
2021-05-21,41.08943557739258,41.965441798229776,40.9972219894806,41.29229843562152,159600
2021-05-24,41.33839797973633,41.47671305507904,41.04331808031174,41.27384672347087,78400
2021-05-25,40.905006408691406,41.29229287298279,40.75746820549637,41.227745128934224,87600
2021-05-26,40.97877502441406,41.49516051043123,40.82201721759483,41.070988602768026,105000
2021-05-27,41.015655517578125,41.4121650627906,40.794349991349904,41.16319370759291,96900
2021-05-28,40.60993194580078,41.08020889174503,40.480836451525434,41.08020889174503,103400
2021-06-01,40.314849853515625,40.822012160069825,40.222636286586194,40.62836894589988,204600
2021-06-02,40.07509994506836,40.60992810515784,39.83535169517215,40.526937649888374,240800
2021-06-03,39.86301040649414,40.15808677244205,39.67858679837976,39.97366316432767,251500
2021-06-04,39.89990234375,40.16731644328147,39.715478705535595,40.010555119643314,168600
2021-06-07,39.42961502075195,40.158086330106485,39.374290401238454,39.88145267977587,162900
2021-06-08,39.73392105102539,39.90912157102364,39.26364411966783,39.365073778032105,178000
2021-06-09,40.1580924987793,40.27796838878549,39.752363317142965,39.85379649194911,200000
2021-06-10,40.895782470703125,40.969553329612616,40.12120604009429,40.480833700895815,172600
2021-06-11,42.12915802001953,42.240438097713714,40.89579114942687,40.89579114942687,221300
2021-06-14,42.00859832763672,42.21261473089852,41.48928899210419,42.21261473089852,238300
2021-06-15,42.07351303100586,42.268257574157374,41.86022475758241,42.13842669954649,312200
2021-06-16,42.35171127319336,42.546455799332314,41.962229295974076,42.19406481694631,185000
2021-06-17,43.03794860839844,43.04722047329245,42.07351193306307,42.28680020092059,213900
2021-06-18,42.10132598876953,43.121400719818226,42.0549560611983,43.010120676210626,352100
2021-06-21,42.84320831298828,42.88957471328051,42.008598957609905,42.19406809630839,134200
2021-06-22,42.96376037597656,43.0101267725911,42.425900270165855,42.79683851814078,155700
2021-06-23,42.54645919799805,43.26051308413558,42.4629982622799,43.093591212699295,216400
2021-06-24,42.769020080566406,42.7968427513106,41.563475961697726,42.759748215338114,99100
2021-06-25,43.75199890136719,43.91892075603773,42.527907658802725,42.67628224767329,1021200
2021-06-28,43.46452331542969,43.993108030387326,42.99158040008368,43.91892250176787,237400
2021-06-29,43.96528625488281,44.048747180515484,43.418154306297346,43.49234336798379,128500
2021-06-30,43.75199890136719,44.29913086111412,43.45524972362606,44.29913086111412,119200
2021-07-01,43.6036262512207,44.28985742868512,43.316148924833,43.81691451110988,151700
2021-07-02,43.39033889770508,43.90964822392496,43.31614982965683,43.71490722659251,184000
2021-07-06,43.18632507324219,43.39961335030479,42.73192938570481,43.39961335030479,114500
2021-07-07,42.82466125488281,43.46452607211702,42.66701124808245,42.84320852259636,267200
2021-07-08,42.38880157470703,42.620637072539644,41.81385053059027,42.36098244697639,155300
2021-07-09,42.71337890625,43.28833002456283,42.314621515516905,42.68555623739994,138400
2021-07-12,42.67628479003906,42.73192659075375,42.184794598412374,42.61137112463665,194400
2021-07-13,42.62063980102539,43.28832720953655,42.56500154200226,43.28832720953655,126800
2021-07-14,42.62063980102539,42.806108918670624,41.95295593004342,42.806108918670624,92100
2021-07-15,42.462989807128906,42.731919828397366,42.28679256818045,42.39807615199913,85600
2021-07-16,42.81538391113281,43.09358937669339,42.555729249974355,42.741198381171586,174000
2021-07-19,42.15696716308594,42.657732700313986,41.850946137577054,42.33316440999713,140400
2021-07-20,42.52790832519531,43.05649302742495,41.999323622965676,42.15697007844186,162400
2021-07-21,42.67628479003906,43.08431404935844,42.416630128429404,42.70410392163168,78500
2021-07-22,41.684017181396484,42.61135903843521,41.350173546857995,42.61135903843521,182000
2021-07-23,42.0920524597168,42.24042703696681,41.67474785572335,41.897311490362846,69500
2021-07-26,42.20334243774414,42.32389791560149,42.02714869128324,42.14770416914059,68100
2021-07-27,41.88804244995117,42.342441651638005,41.489288587284925,42.01787332009705,77100
2021-07-28,41.96223449707031,42.333172791614324,41.71185167888257,41.971506362545526,73000
2021-07-29,42.26824951171875,42.620636920143454,42.11059953424122,42.175513190399926,61200
2021-07-30,42.06423568725586,42.444445783843605,41.28526822869449,41.28526822869449,129000
2021-08-02,41.544925689697266,42.64846506114179,41.43364562735585,42.166246740956446,94400
2021-08-03,41.646934509277344,41.9715028365896,41.41509897904589,41.582020843814895,143000
2021-08-04,41.23889923095703,41.51710111912663,41.00706373456087,41.37799840627736,164800
2021-08-05,42.63918685913086,42.93593603090806,41.238901925902766,41.47073743744927,144100
2021-08-06,42.71337890625,43.26051089324219,42.51863437441728,42.9081199005533,87700
2021-08-09,42.37953567504883,42.676284871031456,41.97150287742562,42.60209580327107,111800
2021-08-10,42.731929779052734,43.03795086199264,42.16625047760021,42.41663329320361,115800
2021-08-11,42.991573333740234,42.991573333740234,42.49080783213243,42.62063513902435,84500
2021-08-12,43.15850067138672,43.32542252654266,42.94521242036063,42.963759686214544,97900
2021-08-13,43.99311065673828,44.03948059461424,43.22341850590572,43.34397397682995,125500
2021-08-16,43.918914794921875,43.93746205820443,43.39033017271972,43.928186657798776,108400
2021-08-17,43.8354606628418,43.900374325612326,43.01939863976034,43.659266940683125,104500
2021-08-18,43.14921951293945,43.89109589800135,43.02866760726636,43.82617870740898,120900
2021-08-19,43.17705154418945,43.223417943932986,42.60209686727512,43.01940154002599,139100
2021-08-20,43.98383331298828,44.08584150356175,43.130676795261294,43.13995219669297,160900
2021-08-23,44.076568603515625,44.299132262627445,43.445975696483046,44.280584996240684,133300
2021-08-24,43.87255096435547,44.24348563905512,43.73344825038749,44.10438646261611,95000
2021-08-25,43.78908920288086,44.011649295922474,43.15849637671479,43.96528290466621,73300
2021-08-26,43.62217330932617,43.86328069923508,43.177049525050926,43.86328069923508,98900
2021-08-27,44.79063034057617,44.7999057441702,43.58508611304062,43.84474081319382,159700
2021-08-30,44.79990005493164,45.189382055700264,44.512422718033704,44.874085586613006,96100
2021-08-31,44.7071647644043,45.2172022458089,44.60515656061745,44.78135383535095,139100
2021-09-01,45.16156768798828,45.356308708917474,44.391871932606364,44.80917664711885,82300
2021-09-02,45.2821159362793,45.356301463937115,45.003910479356804,45.226474137388934,107800
2021-09-03,44.90190124511719,45.41194221266066,44.82771571917493,45.291386753284094,171800
2021-09-07,44.88335418701172,45.14300881484046,44.623696021653984,44.901897913974636,128000
2021-09-08,44.79990005493164,45.14301565620821,44.27131531815735,44.92045198610506,133800
2021-09-09,44.08584213256836,44.957542390537604,43.928192143743004,44.744254142444994,145300
2021-09-10,43.761268615722656,44.37331420693804,43.566527640683454,44.31767594980059,114700
2021-09-13,43.97455596923828,44.55878242010846,43.32541939885919,43.9560122422523,110000
2021-09-14,43.9093017578125,44.89749542387184,43.5550466705934,44.133044994831295,110400
2021-09-15,45.10258865356445,45.24242505118827,43.955913122915916,44.011846259454344,158900
2021-09-16,44.56188201904297,45.158525905004815,44.55256101419647,45.05598062658106,113700
2021-09-17,44.58053207397461,45.70856225672368,44.282210100954664,44.58985663603811,561600
2021-09-20,43.573692321777344,44.375430328321286,42.837208462321904,44.03982080655499,122500
2021-09-21,43.154178619384766,43.84404682762586,43.07027534473076,43.7974346875466,98100
2021-09-22,43.769466400146484,43.99320608627359,43.23808020024687,43.405886742981295,73100
2021-09-23,44.22627258300781,44.37543356677107,43.806759761115025,43.806759761115025,116600
2021-09-24,44.794944763183594,45.00004242573732,43.881333398782935,44.17033432726519,142400
2021-09-27,45.14920425415039,45.56872059180166,44.58052694714291,44.71104235079485,199100
2021-09-28,44.74833297729492,45.07462148274317,42.165980834976835,45.02800934714742,134600
2021-09-29,45.12123489379883,45.47548995144181,44.68307301753569,44.77629728401483,83500
2021-09-30,44.93478775024414,45.587368356256874,44.878851050433376,45.06530316019104,113900
2021-10-01,45.88569641113281,46.19333941030616,44.97208486373629,45.13056686652405,172300
2021-10-04,46.28656005859375,46.34249320086709,45.9323014136574,45.94162241861025,138500
2021-10-05,46.74336624145508,46.87388165476935,44.95343447666805,46.32384987274615,148300
2021-10-06,46.631492614746094,47.01371781829819,46.22130084097345,46.35181624370665,114000
2021-10-07,47.5823974609375,47.65697617061866,46.58488276953946,46.85523459294663,114600
2021-10-08,47.591712951660156,47.75019847032118,47.38661885659228,47.67561621300357,46500
2021-10-11,46.93914031982422,47.880721917293606,46.93914031982422,47.824785214897545,59100
2021-10-12,46.61284637451172,47.349330200735714,46.473006412877005,47.153557099469474,131000
2021-10-13,46.426395416259766,46.9391360276976,46.146719042409856,46.67810521960809,71600
2021-10-14,46.56623840332031,47.377301007003766,46.44504399615162,46.81794822300378,101100
2021-10-15,46.79930114746094,47.20949293875319,46.51030020315252,47.00439526496799,128200
2021-10-18,46.361141204833984,46.948464123533796,46.23062579096254,46.75269100272663,88200
2021-10-19,46.39842987060547,46.54759084370529,46.109428929352894,46.39842987060547,74100
2021-10-20,46.752689361572266,46.89252577597802,46.165366463489185,46.38910614904967,62000
2021-10-21,47.01372146606445,47.078979172494364,46.58488409344555,46.659462805246186,87100
2021-10-22,47.19084930419922,47.54510796716346,46.87388177550033,47.116270591946815,84400
2021-10-25,47.33068084716797,47.414584106177735,46.86455242073095,47.20016545677003,93300
2021-10-26,46.81794738769531,47.58239783845277,46.76201068778201,47.58239783845277,72500
2021-10-27,46.01620864868164,46.75269257315574,45.90433879821672,46.75269257315574,100300
2021-10-28,46.99507141113281,47.04168354609165,46.09078105656401,46.18400888275963,100000
2021-10-29,46.659461975097656,46.86455965238736,45.9789147942379,46.86455965238736,149800
2021-11-01,47.61035919189453,47.70358345858724,46.37978037890618,46.69674786445032,113500
2021-11-02,47.26543045043945,48.01123533664628,47.134915039888035,47.72223438736941,78400
2021-11-03,47.84342575073242,47.973941152985404,46.24926724102302,47.08829635105418,164700
2021-11-04,49.66132736206055,50.285937801595935,47.35865159423727,47.98326559005064,319700
2021-11-05,50.80801010131836,51.11565664013818,47.33069167159623,49.36301236015124,235800
2021-11-08,50.5003547668457,50.95716221442485,50.2952606662989,50.95716221442485,131200
2021-11-09,50.34187316894531,51.013099282540175,50.071517811383174,50.33255216460223,195800
2021-11-10,49.95033645629883,50.39781943155467,49.8850751883962,50.18340072817866,134000
2021-11-11,49.66132736206055,50.435098768968416,49.4002965582282,49.87574603039111,113300
2021-11-12,49.03671646118164,49.86642817310337,48.97145875610484,49.73590920667156,85500
2021-11-15,48.32820510864258,49.34436542476267,48.21633525957091,49.11130116470098,114500
2021-11-16,49.15790939331055,49.279103794655526,47.81546064245191,48.514653366992924,173800
2021-11-17,49.20451354980469,49.344353494543284,48.48667537561644,48.90619165355471,281200
2021-11-18,48.785003662109375,49.195195404212136,48.35616279959544,49.16722883615082,130000
2021-11-19,48.934173583984375,49.34436540123716,48.69178476211989,48.738396902854326,333400
2021-11-22,49.56809616088867,49.8570970713734,48.46803632406678,49.120613289229496,239000
2021-11-23,49.43758773803711,49.754555261352834,48.794331686136765,49.38165459386731,151900
2021-11-24,49.02738952636719,49.46555139855624,48.96213182918301,49.26977475072591,90000
2021-11-26,48.24429702758789,48.99942643523631,48.04852392214209,48.37481243121842,117100
2021-11-29,48.682464599609375,49.47488167465373,47.80614069100013,48.63584890178923,164200
2021-11-30,49.13926315307617,49.456230659437296,48.30955503367507,48.328200599493734,375600
2021-12-01,49.43758773803711,50.1274594851166,49.09265364263648,49.70794312245192,332300
2021-12-02,50.26185989379883,50.486662927188256,49.381388790363125,49.671755057634186,215400
2021-12-03,49.97149658203125,51.11423863590428,49.54062791595972,50.34616716225556,201000
2021-12-06,50.748931884765625,51.30156897201245,50.20565995321449,50.355527456207376,144900
2021-12-07,51.048667907714844,51.52636946642018,50.496030809458695,50.964367212281765,386500
2021-12-08,51.39522933959961,51.57319943694334,50.88006007633021,51.14232728531331,100700
2021-12-09,51.53573989868164,51.90104173325715,50.7676684585169,51.12360513690063,112900
2021-12-10,51.938499450683594,52.303801214548685,51.69496255935846,51.76052935937924,203900
2021-12-13,53.0999755859375,53.418444455914255,51.3202995492274,51.74180299083236,303000
2021-12-14,53.17491149902344,53.9055150876092,52.519239871078895,53.3247789934288,473000
2021-12-15,54.120948791503906,54.4394176602486,52.99694438240297,53.24984287326467,714600
2021-12-16,52.837711334228516,54.598657159681686,52.21014228723413,54.15841981003762,371300
2021-12-17,51.68560028076172,54.03664720418806,51.45143210390909,52.81897339917896,640600
2021-12-20,52.85643768310547,53.015670317776845,50.56158898649838,51.02992530935197,356600
2021-12-21,53.465274810791016,53.736907154744046,52.57543510806372,53.57767452460339,246700
2021-12-22,54.120948791503906,54.19588432444284,52.968841770989435,53.24984287326467,98100
2021-12-23,54.177146911621094,54.43941411357515,53.95234390057287,54.392581195100874,106600
2021-12-27,54.29892349243164,54.75789116460714,53.75565155200151,54.392589343411856,211200
2021-12-28,54.186519622802734,55.188759225037515,53.54958183798322,54.22398739205639,280500
2021-12-29,54.280189514160156,54.692324260136,53.502749374494776,54.37385536497911,145400
2021-12-30,54.01791763305664,55.71329665512158,53.39971373974465,54.43005594401337,121600
2021-12-31,53.9710807800293,54.533086552301164,53.92424785895402,54.11158311637798,148000
2022-01-03,55.235591888427734,55.61025883558353,53.93361736879978,53.99918417388012,277100
2022-01-04,54.86091232299805,55.49784995858347,54.608010299475396,54.95457815106319,374300
2022-01-05,54.37385177612305,55.357357437300095,54.092850669090026,54.72978841736378,269200
2022-01-06,55.08572769165039,55.12319188742206,53.708817556313754,54.26145464158084,406700
2022-01-07,54.57054901123047,55.51659042325435,53.34351008168401,55.020155044010224,400200
2022-01-10,54.65485763549805,54.65485763549805,53.652618003622464,54.24272288088859,170900
2022-01-11,54.16777801513672,54.570543944689575,53.605772312902175,54.570543944689575,155300
2022-01-12,53.84931945800781,54.598656964094054,53.74628488096038,54.214621268904665,340300
2022-01-13,54.1115837097168,54.93585670754673,54.008549138347696,54.0741159431966,157400
2022-01-14,53.877418518066406,54.69232283292024,53.512116707032725,53.989818250740676,197100
2022-01-18,53.071876525878906,54.31765296687816,52.922009032605295,53.624513577285896,129600
2022-01-19,52.725311279296875,53.92425128601007,52.42557627761858,53.29668224284709,208100
2022-01-20,52.49113845825195,53.54957602637434,52.19140348299855,52.84707150816365,167500
2022-01-21,52.63163375854492,53.886775224839184,52.26633200478628,52.26633200478628,335600
2022-01-24,53.28730773925781,53.40907618709417,52.228866619406034,52.247600501621065,258400
2022-01-25,52.33189392089844,52.996934141289174,51.826093463792915,52.90326474321616,324600
2022-01-26,52.13520812988281,53.015679279355076,51.348402831565174,52.772145922479154,217900
2022-01-27,52.30379867553711,53.558940115627124,52.19139896283242,52.25696575967036,226600
2022-01-28,53.399715423583984,53.399715423583984,52.191410212047856,52.191410212047856,213900
2022-01-31,53.17491149902344,54.654852559636005,52.42557402699664,53.08124208181827,414100
2022-02-01,53.231109619140625,53.79311179260887,52.74403940134423,52.959473686944484,298300
2022-02-02,54.63612365722656,55.60089545400192,52.38810761009452,55.263692689619816,422400
2022-02-03,53.61515426635742,54.23335819013691,52.341278648115264,53.5121196835403,463600
2022-02-04,53.6900749206543,54.06474540228645,52.88453588633094,53.46527549017303,225800
2022-02-07,53.9710807800293,54.13968215439858,52.46303713879457,53.8212132887147,454000
2022-02-08,56.5656623840332,56.724898597123655,53.16553956654759,53.92424572113047,439800
2022-02-09,56.22846221923828,57.68030779324695,55.8163275089015,57.68030779324695,323700
2022-02-10,56.125431060791016,56.48136771638627,55.56342882406004,55.56342882406004,223300
2022-02-11,56.9122314453125,57.118300581862655,56.03176039726478,56.303396336694945,337400
2022-02-14,56.36896514892578,57.52107217747213,56.275299305222006,57.03400192934212,310800
2022-02-15,55.73202133178711,57.01526183088505,55.60088773564721,56.53756036307221,179000
2022-02-16,56.53756332397461,56.84666344918889,55.46038831677463,55.81632493431103,439700
2022-02-17,55.750762939453125,56.42516846806231,55.638363209059264,56.162897666312624,215600
2022-02-18,55.1231803894043,56.09732073873615,54.97331291820881,55.6758173593981,175000
2022-02-22,55.82568359375,56.087954342373145,54.69231064462437,55.12317916812501,262500
2022-02-23,55.29179382324219,56.56566939332631,55.02016142886615,56.256569229683535,249500
2022-02-24,56.191001892089844,56.34086939462561,54.36448924841312,54.45815509757681,262900
2022-02-25,57.72713851928711,57.98004057275889,56.37832756743761,56.37832756743761,245700
2022-02-28,57.81143569946289,58.70127183688615,57.015261822396674,57.305631623179295,409800
2022-03-01,56.884132385253906,58.33597434907072,56.247194666281416,57.680306320530896,506000
2022-03-02,58.50457763671875,58.88861331163966,56.71553287211801,56.94970105373132,345700
2022-03-03,58.5888786315918,59.619220779955356,58.364079177015576,58.95418042512034,308700
2022-03-04,60.480960845947266,60.51842861452781,58.09244598234542,58.19548055938037,472400
2022-03-07,60.84626007080078,61.48319781710749,59.96578541219409,60.20932232449408,469800
2022-03-08,60.07818603515625,61.76419974323881,59.740983293539735,60.84625735856152,487500
2022-03-09,60.11565017700195,60.996124743290615,59.33821017256601,60.76195658385172,220600
2022-03-10,61.12725830078125,61.13661988185619,59.87211325096464,59.87211325096464,224800
2022-03-11,59.67542266845703,60.97739727649597,59.41315543032634,60.79006557675871,239100
2022-03-14,59.188350677490234,59.787824247940975,58.888615678826376,59.675420943599754,133200
2022-03-15,58.60761642456055,59.216455169804156,58.317246572146594,59.17898740050111,165500
2022-03-16,60.14375305175781,60.19058954513324,58.4952106762542,58.91671410477361,326900
2022-03-17,60.44943618774414,61.07020561889771,59.26433906447545,60.24252021988784,135800
2022-03-18,59.83807373046875,60.6845705915674,59.45244654545113,60.6845705915674,490200
2022-03-21,59.63115310668945,60.534084510643815,59.13265681222948,59.819261124898766,268200
2022-03-22,59.42423629760742,60.063813673707884,59.264340159616886,59.85689052616631,344800
2022-03-23,59.179691314697266,59.68759163924519,58.9445526742137,59.16088338083779,203000
2022-03-24,57.90053176879883,59.668771506753245,57.797070207847476,59.52769049558082,259200
2022-03-25,58.42723846435547,59.04800422633607,57.79706873704151,58.0980458587333,265700
2022-03-28,58.77524948120117,58.850491971889554,57.95696452190809,58.13567216466269,230100
2022-03-29,60.57170486450195,60.722189837226686,58.972761665085756,58.972761665085756,382200
2022-03-30,60.026187896728516,60.84447289495358,59.70639922324452,60.5152730792987,181600
2022-03-31,59.791046142578125,60.59992354423025,59.58412301529117,59.932130745352055,308400
2022-04-01,61.03257369995117,61.12662770363563,59.59352663358353,60.11083082970854,312000
2022-04-04,61.40879821777344,61.65334437332679,60.39299773396168,61.3147442120562,298700
2022-04-05,60.317752838134766,62.01075367758247,60.11083330392591,61.4746379410675,280400
2022-04-06,60.03559494018555,60.88209541806783,59.781644796820856,60.1390529204328,380800
2022-04-07,60.03559494018555,60.345979644719264,59.659371708253275,59.84748332421941,236300
2022-04-08,59.791046142578125,60.67516962249114,59.71580365224773,60.073211760195484,242200
2022-04-11,59.26433563232422,60.08262060531177,59.21730862636564,59.61234336986491,227500
2022-04-12,59.94154357910156,60.43063239636315,59.49007780653649,59.62175487504326,256600
2022-04-13,60.53409194946289,60.98555411898819,59.95094912790666,59.95094912790666,142000
2022-04-14,60.57170486450195,61.04198206504023,60.440027822420085,60.684566800080354,251500
2022-04-18,60.223697662353516,60.97614405992553,60.07320910042518,60.36478225888085,248400
2022-04-19,61.013771057128906,61.22068701282224,60.25191705678192,60.25191705678192,220300
2022-04-20,61.474639892578125,62.029563577875976,61.19247068509245,61.39939381380047,212200
2022-04-21,60.778629302978516,61.94491477644238,60.70338322704904,61.474637565674286,225000
2022-04-22,59.96034240722656,60.88208886749276,59.80044988301382,60.778627310446744,262800
2022-04-25,60.063812255859375,60.270735398516386,59.16088077724277,59.54650798714761,202800
2022-04-26,58.10744857788086,59.81925726626493,58.098044612749185,59.72520326322721,208300
2022-04-27,57.95696258544922,58.93514004722879,57.80647402117008,58.26734726748578,132000
2022-04-28,59.05741882324219,59.189095881195875,58.022806704591844,58.427245432838596,156000
2022-04-29,57.815879821777344,58.83167670288182,57.63717219041182,58.77524573544452,184200
2022-05-02,57.27035903930664,58.22032102899618,56.32980460321901,57.86290933866236,207600
2022-05-03,57.2985725402832,57.7406342580757,55.38924824927359,57.251545537693225,194900
2022-05-04,58.210914611816406,58.48367626471011,56.71543288572433,57.110467622317024,185100
2022-05-05,55.84071350097656,57.59014525207776,55.3986553745298,57.166895056177424,221400
2022-05-06,54.119503021240234,55.55855015786109,53.9313914167576,55.55855015786109,197400
2022-05-09,54.79670333862305,55.01303403000446,53.385871595128904,53.7244717876364,170200
2022-05-10,54.3264274597168,55.44568963403444,54.175938880135945,55.01303541623084,168900
2022-05-11,53.62101745605469,54.95660688587881,53.38587880040329,53.97842921726553,163100
2022-05-12,54.60858917236328,54.73085865974747,52.746291910806704,53.63041174570823,168700
2022-05-13,54.89076232910156,55.37044355533092,54.48632359870411,54.72146222856632,170400
2022-05-16,54.871952056884766,55.66201801471857,54.194751639332694,54.561567336196454,204100
2022-05-17,55.6055793762207,56.09466813217896,55.248171260195136,55.332821306186574,109500
2022-05-18,54.458106994628906,55.46450002276921,54.09128772570344,55.041249780109574,211200
2022-05-19,54.48632049560547,55.23876335072533,54.128908793949584,54.34523589055088,158400
2022-05-20,55.07887268066406,55.15411517476116,53.658633379800555,54.937788070827324,132700
2022-05-23,55.87834548950195,56.12288809301377,54.91897942108323,55.2481756652667,148200
2022-05-24,56.508506774902344,56.53672225711726,54.85312911831222,55.41746029019107,169900
2022-05-25,56.508506774902344,56.93175335984644,56.31098763560767,56.33920670575267,124000
2022-05-26,57.22333526611328,57.60896246316582,56.61197341296457,56.61197341296457,128900
2022-05-27,57.844093322753906,58.003985842252604,57.1010545149031,57.561927731448456,162300
2022-05-31,58.493080139160156,58.784653311238884,57.20452154319834,57.58074475956247,285100
2022-06-01,57.56193923950195,58.62476688676581,57.37382761171344,58.50249379051365,188100
2022-06-02,58.56832504272461,58.69059812377973,57.26095495337738,57.67479761273184,184900
2022-06-03,58.521305084228516,58.91633627190853,57.90994319327895,58.27675889267634,162300
2022-06-06,56.555545806884766,58.521304949848734,55.8689414194479,58.521304949848734,315300
2022-06-07,57.3173942565918,57.3926403444675,55.266985005081146,56.34862419674325,287900
2022-06-08,55.55855941772461,57.298583976352845,55.46450539377266,56.92236429261403,141800
2022-06-09,55.31401062011719,56.3204036332265,55.19173753230158,55.49271468082414,152800
2022-06-10,54.3264274597168,54.78730075289419,53.9313962837911,54.78730075289419,148700
2022-06-13,53.282413482666016,53.90317930475066,52.49234756474641,53.23538288765469,251100
2022-06-14,53.320037841796875,53.818534208926856,52.567594895478294,53.26360686327985,177500
2022-06-15,53.75944137573242,54.45872204506423,53.15466004267848,53.65549390821732,259500
2022-06-16,52.36088180541992,53.5987960313849,51.88839595494518,53.10741031431745,257600
2022-06-17,52.908966064453125,53.560995227351064,52.50262795278631,53.00346179074643,697700
2022-06-21,53.75944137573242,54.231927242778454,53.211359644445196,53.44760257796821,246700
2022-06-22,54.0240364074707,54.723317129868825,53.060168337759094,53.419255028521704,209900
2022-06-23,54.260284423828125,54.79892171981368,54.07129292885125,54.16578867633969,147600
2022-06-24,56.95344924926758,57.40703526819562,54.449272606355606,54.6099196824154,725200
2022-06-27,57.57712936401367,57.851172038318104,56.84950067954044,57.312538425943835,121200
2022-06-28,55.87617874145508,58.36145176643327,55.80057927365689,57.718874314053885,123400
2022-06-29,56.18802261352539,56.348669694728386,55.432045891109006,55.819484186646235,109100
2022-06-30,56.39591979980469,56.59436302140979,55.6021433086028,55.734438789672865,158700
2022-07-01,56.78335189819336,56.86839949883094,56.01792349245516,56.01792349245516,132800
2022-07-05,56.77390670776367,57.029045918111336,55.4131450270759,56.11242573573837,188000
2022-07-06,56.93455505371094,57.35034137795857,56.21637802005019,56.603816341784594,158300
2022-07-07,56.802249908447266,57.416479355387246,56.70775057483889,57.34088349328154,97600
2022-07-08,56.93455505371094,57.26529376563728,56.47151725223246,56.613264474361806,139000
2022-07-11,56.755001068115234,57.22748691368961,56.64160186973511,56.84949679531774,117100
2022-07-12,55.6115837097168,57.16134034263805,55.53598784737827,56.83059808116163,119700
2022-07-13,55.866729736328125,56.04627667873446,54.88396184038177,55.1580009125925,109700
2022-07-14,56.38646697998047,56.50931432637869,54.98790911372387,55.24305193865184,124900
2022-07-15,57.48263931274414,57.614934794857,56.65106307617278,57.199144874180554,114700
2022-07-18,56.802249908447266,58.03071240710822,56.764450175003915,57.775569613537094,136700
2022-07-19,58.45595932006836,58.69220228298181,56.811706712086895,56.896754322926995,158500
2022-07-20,58.62604904174805,58.815044115304545,58.14411142393991,58.39925423252401,128900
2022-07-21,59.731666564941406,59.76001817016998,58.342560471306925,58.399256472201394,109700
2022-07-22,60.10965347290039,60.308096674852244,59.13633372589554,59.78836293435784,118200
2022-07-25,59.67497253417969,60.11910684323495,59.24973448952553,60.11910684323495,94900
2022-07-26,60.12855529785156,60.20415116567367,59.11743578285974,59.523773936149674,125000
2022-07-27,61.67831039428711,62.23584754304902,60.005713367127726,60.175808591039115,129200
2022-07-28,61.8011589050293,62.33979255783908,60.865638815320274,61.470420207613266,186500
2022-07-29,61.659400939941406,62.73666805775936,61.32866230018355,61.75389666422056,190500
2022-08-01,61.895660400390625,62.91623179835644,60.723897245076294,61.64996568394029,166100
2022-08-02,61.3853645324707,61.82005067598862,60.71443544946072,61.82005067598862,108300
2022-08-03,62.11299133300781,62.273634787367435,60.75222981475754,61.30975964208625,151700
2022-08-04,53.03181457519531,61.13022593791365,52.89951910452918,61.13022593791365,550600
2022-08-05,52.00179672241211,53.31530694062365,51.02847692714656,52.70107743677679,368100
2022-08-08,53.201908111572266,53.409803047396295,52.07739304143007,52.30418423980073,251100
2022-08-09,53.57045364379883,54.44927776523152,52.70108125967877,52.99402383508353,218100
2022-08-10,53.59880065917969,54.50597270527025,52.81447234937675,54.033486814000426,216000
2022-08-11,53.77833938598633,54.51541615959644,53.636592188854706,53.721639786177484,191900
2022-08-12,54.30752944946289,54.402025185723225,53.61770048137489,53.86339155852052,164200
2022-08-15,54.76111602783203,54.987907239070815,51.652157969248435,53.929539842133465,148800
2022-08-16,54.420928955078125,54.93121461893864,53.85394728730968,54.761119397651804,157700
2022-08-17,54.60047149658203,54.86506606174883,53.674399530451936,54.31698066691469,175000
2022-08-18,55.58323669433594,55.64938442684414,54.335874303065445,54.600465233098255,193500
2022-08-19,56.31086730957031,56.499862382482846,55.6777343560305,56.08407250111903,277300
2022-08-22,55.432044982910156,55.92343074562528,55.214701904075234,55.92343074562528,247300
2022-08-23,54.24138259887695,55.75333603241988,53.40980640803768,55.602140689065585,544700
2022-08-24,53.89173889160156,54.57211971955721,53.64604781749604,54.30752877747722,1657800
2022-08-25,54.883968353271484,54.98791223173782,53.561006283394526,53.957892741488635,177800
2022-08-26,53.87284469604492,55.24305462782594,53.71220120851927,55.025711530406845,152600
2022-08-29,54.373680114746094,54.58157146667356,53.32476080376044,53.57990363114464,179200
2022-08-30,54.56267547607422,54.97846178679741,53.73109924984635,54.26973290876697,255900
2022-08-31,54.666622161865234,54.83671738972365,53.65550253225222,54.515426804300155,263300
2022-09-01,54.392574310302734,55.32809430834624,54.01458417476569,54.43982217604959,202700
2022-09-02,53.768898010253906,55.12965613359431,53.50430344935165,54.51542300856361,154000
2022-09-06,53.16411590576172,53.96734415942496,52.76722945001737,53.693301451535795,153000
2022-09-07,52.77667236328125,53.52320093310383,52.408133946599065,53.04126691239203,164700
2022-09-08,52.68217849731445,52.97512105663517,52.001797639424474,52.68217849731445,154100
2022-09-09,53.44760513305664,53.98623875885627,52.823923902931746,53.003467243271196,151000
2022-09-12,54.12798309326172,54.789464068630586,53.5232017231352,53.70274867067866,127800
2022-09-13,52.52153396606445,53.8822920497665,52.28529101790068,53.372006416585236,152700
2022-09-14,52.34198760986328,52.493182954205345,51.756106101135444,52.38923547907367,149700
2022-09-15,51.596622467041016,52.37522413355056,51.36873737391376,52.1188547620739,150900
2022-09-16,51.881473541259766,52.0618836208115,50.78953400078307,51.38772554908794,407900
2022-09-19,51.86248779296875,52.09986644917142,51.387730480563405,51.57763412994771,143800
2022-09-20,51.093379974365234,51.70106871556828,50.67559124820518,51.70106871556828,116900
2022-09-21,51.596622467041016,52.546137047868335,51.33075954348478,51.33075954348478,146100
2022-09-22,51.04590606689453,51.4067226486272,50.80852740403821,51.4067226486272,128600
2022-09-23,50.988929748535156,51.055395474254,50.21982169393237,50.74205394834199,169500
2022-09-26,49.792545318603516,51.121867234106666,49.77355459156937,50.73256638518387,162000
2022-09-27,50.31477737426758,50.96044393305187,50.067901563984556,50.2198237464239,171600
2022-09-28,51.311767578125,51.63460267269481,50.191340110036286,50.476193752983626,212400
2022-09-29,51.169334411621094,51.38772230593365,50.43820783216934,50.97943079244618,175400
2022-09-30,50.210330963134766,51.48268061882828,50.172349511416016,51.0459011682838,196800
2022-10-03,51.49217224121094,51.67257869694902,50.78953352129592,50.799027072814575,138900
2022-10-04,52.73603439331055,53.03038156007971,52.147332815551735,52.147332815551735,137900
2022-10-05,53.22978591918945,53.524133105689494,52.35623066705106,52.35623066705106,112500
2022-10-06,53.09685134887695,53.68555297171505,52.91644489020042,52.91644489020042,107800
2022-10-07,52.59361267089844,52.992410683032645,52.090371096218114,52.992410683032645,164500
2022-10-10,53.448177337646484,53.72353743906922,52.793009949977865,52.793009949977865,106600
2022-10-11,53.69504165649414,54.13181743608639,53.30574087518623,53.45766304296224,149300
2022-10-12,53.43867874145508,54.150814667634855,53.27726300346743,53.62858237952515,93600
2022-10-13,55.119319915771484,55.67953365544857,52.60310848530809,53.07786576903069,133600
2022-10-14,54.67304229736328,55.69851599225177,54.5496044079964,55.26174022631982,145200
2022-10-17,56.21125793457031,56.42964583029434,55.09083055851813,55.09083055851813,137600
2022-10-18,56.76197814941406,57.16077614046533,56.220755150359906,56.629046693100484,108600
2022-10-19,56.182777404785156,57.179770637112405,55.8314580153416,56.306215317550475,167300
2022-10-20,56.31570816040039,56.961378331510986,55.85044444629316,56.4486396152566,161200
2022-10-21,57.853919982910156,58.1482707880167,56.201763124680234,56.47712320473696,151300
2022-10-24,58.09130096435547,58.39514533323108,57.78745659547986,58.28120460043037,108800
2022-10-25,59.92386245727539,60.04730036013858,57.9298797746881,57.9298797746881,149400
2022-10-26,59.52506637573242,60.65499101863728,59.240212732569475,59.952348651532134,304400
2022-10-27,60.13276290893555,60.97783034521317,59.44911122021169,59.525070506674986,134600
2022-10-28,61.72793960571289,61.96531823045266,60.1422485089538,60.1422485089538,132700
2022-10-31,61.40510940551758,61.92734534989364,60.67398632761283,61.85138244085317,199800
2022-11-01,60.13276290893555,61.803903432236424,59.89538425280763,61.52855056604313,203300
2022-11-02,57.90139389038086,60.29417086978789,57.90139389038086,59.68648216811824,198800
2022-11-03,55.10982131958008,58.57554700026805,54.88193625052306,57.920383312658345,183500
2022-11-04,55.04336166381836,55.660543970939784,53.72353696991131,55.2237681310488,162100
2022-11-07,55.91691207885742,56.26823145324865,53.9229329438567,54.83446605573642,152100
2022-11-08,55.03386306762695,56.21126271659712,54.730018697978636,56.05934053177296,208000
2022-11-09,53.98939514160156,55.22376326928436,53.827975792828916,55.08133464519734,125200
2022-11-10,56.382171630859375,56.78096597946434,55.29022851463281,55.584579311539095,138500
2022-11-11,56.591064453125,56.87592170938034,56.078329360508434,56.591064453125,143400
2022-11-14,57.23673629760742,57.95836938881415,55.964386647216116,56.20176528630322,124100
2022-11-15,57.06582260131836,58.11029077217501,56.48662177250021,57.749474231543765,116800
2022-11-16,57.32219314575195,57.6355346901093,56.88541731614225,56.999358049494646,150400
2022-11-17,56.69551086425781,57.08481167081807,55.622562069415174,56.667026587861585,143900
2022-11-18,56.47712326049805,57.72098858666104,55.309220834609334,57.34118132951053,165400
2022-11-21,56.382171630859375,57.160773225658886,56.23974300800883,56.4296466311061,93900
2022-11-22,58.41413879394531,58.50908880537294,56.553091041922045,57.22724554054617,111000
2022-11-23,58.214744567871094,58.945871283933826,57.71149933970968,58.100800201809484,338000
2022-11-25,57.97736358642578,58.56606163242357,57.815944218682844,57.863419224921074,63900
2022-11-28,57.79694366455078,59.65799474280768,57.58805294819811,57.73047794269627,120200
2022-11-29,57.44563293457031,58.005846689891044,57.31270147095365,57.68301158306027,89200
2022-11-30,58.71798324584961,58.936371170077656,56.923401224145024,57.17977060183293,287100
2022-12-01,58.803436279296875,59.15475564805644,58.21473827340859,58.869902007924075,209200
2022-12-02,58.404640197753906,59.01233257127385,58.05332081749117,58.16726155285274,142300
2022-12-05,55.77448654174805,57.9298813936507,55.54660145487121,57.83493138701652,170900
2022-12-06,54.843955993652344,55.56558904292074,54.61607454175418,55.50861686889102,175800
2022-12-07,54.435672760009766,55.3946808947236,54.169806213841916,54.77749496717869,192300
2022-12-08,54.69203186035156,54.95789837419512,53.94191818408825,54.37869396968162,206700
2022-12-09,53.666561126708984,54.41667846711818,53.5716075014044,54.4071812935325,221900
2022-12-12,55.328208923339844,55.328208923339844,52.8499755626889,53.685549315339436,238500
2022-12-13,55.04336166381836,57.1133037493495,54.94840803203074,56.52460209859832,268200
2022-12-14,54.017879486083984,55.3187133407611,53.5431222346723,54.95790043760769,208500
2022-12-15,53.459815979003906,54.47100929618521,53.0877728801118,53.660146318551725,231100
2022-12-16,52.71572494506836,53.53612952351399,52.33414387446069,53.15454845290633,1186800
2022-12-19,53.12593078613281,53.32626477358667,52.23874937003999,52.43908335749385,209800
2022-12-20,52.906524658203125,53.47890180231372,52.849289491135465,53.040078233443666,133600
2022-12-21,53.612449645996094,53.812779987440145,52.92559860211752,53.04961418260928,128400
2022-12-22,53.440731048583984,53.52658741969214,52.61078855391259,53.3357950795561,146500
2022-12-23,54.20390319824219,54.451934361552034,53.28810422385576,53.364418985523805,90600
2022-12-27,54.69042205810547,54.76673681719603,53.574289139031116,54.10850700891115,63300
2022-12-28,53.612449645996094,55.024307294698595,53.55521084598568,54.652264192284896,69200
2022-12-29,54.566410064697266,55.014767946574715,53.469356673103725,53.774623007639676,265400
2022-12-30,54.566410064697266,54.80489961599484,54.02265417886374,54.499633281458884,130000
2023-01-03,55.577598571777344,55.97826287522292,54.556863672633256,55.00522515435388,259300
2023-01-04,56.12136459350586,56.75097688171628,55.38681631741673,55.57760505276509,143700
2023-01-05,55.94010925292969,56.178598807138336,55.22464059030376,55.882874088919166,107600
2023-01-06,56.369388580322266,56.82728806661142,56.03550467544318,56.29307017974325,155500
2023-01-09,54.8812141418457,56.598341814983186,54.8812141418457,56.598341814983186,84500
2023-01-10,54.356536865234375,55.415431031287916,54.34699888458544,54.99569074056308,105400
2023-01-11,54.78581619262695,54.99568814762516,54.4328527002712,54.6427210162079,95800
2023-01-12,55.52037048339844,55.61576485209599,54.461476251170865,55.01477013992809,102900
2023-01-13,55.70161437988281,55.97826310972303,55.367730491497355,55.38681009069959,113200
2023-01-17,55.58714294433594,55.86379168672082,55.30095622144817,55.86379168672082,75900
2023-01-18,55.44404983520508,56.09274170549067,55.2723370672435,55.52036823832656,89500
2023-01-19,54.3660774230957,55.82563225100729,54.30883862313504,55.07200442730249,138700
2023-01-20,55.27233123779297,55.405888429169586,54.27067595636728,54.766734607153445,106600
2023-01-23,55.71116256713867,56.102285299242645,55.22464182777648,55.22464182777648,89400
2023-01-24,55.53944396972656,55.653917927371744,54.94798730392656,55.56806154937249,81400
2023-01-25,56.13090515136719,56.159522735170775,54.95753690761378,55.21510607903214,107500
2023-01-26,56.69373321533203,56.69373321533203,55.930567422205996,56.46478165786345,86200
2023-01-27,55.94010925292969,56.836832305753745,55.91149167092443,56.684195497560886,69900
2023-01-30,55.56806945800781,56.47433054607957,55.50129266995577,55.8160970080494,107200
2023-01-31,56.92268371582031,57.16117326443172,55.806554375068565,55.806554375068565,207700
2023-02-01,58.13420867919922,58.24868627796994,56.62695668600035,56.922681385170804,164200
2023-02-02,59.069087982177734,59.58422626597921,56.932223724948926,57.95295867300281,200500
2023-02-03,58.80198287963867,59.20264721604541,58.36316298090984,58.80198287963867,176300
2023-02-06,58.02927780151367,58.85922039868104,57.87664099930558,58.74474643608663,121000
2023-02-07,58.3631591796875,58.60164871421089,55.6920771208379,57.60953137721885,129900
2023-02-08,57.79078674316406,58.449016559670504,57.724006324416116,58.019734662356925,117400
2023-02-09,57.50459289550781,58.3440770394086,57.50459289550781,58.20098186930163,108400
2023-02-10,57.88618469238281,58.200989010558736,56.10228385188781,57.07532166644739,87400
2023-02-13,58.191444396972656,58.334539568327465,57.86709849575494,57.93387527197082,136500
2023-02-14,57.056236267089844,58.15328591780417,56.78912551986518,57.991114784722605,113000
2023-02-15,57.11347961425781,57.437825565988426,55.57760624397643,56.90361127306408,93000
2023-02-16,57.16117477416992,57.95296184322205,56.111822188188974,56.71281688550044,152200
2023-02-17,57.752628326416016,57.962496648677195,57.14209568154419,57.3138084427971,138400
2023-02-21,57.03715896606445,57.49505844381913,56.703271428346845,57.32334568477843,133200
2023-02-22,56.07365798950195,57.075316942120686,55.358189388523705,56.83682740846127,171600
2023-02-23,55.00522994995117,56.42662927646466,54.909835585084174,56.14043890374016,206400
2023-02-24,54.34699630737305,54.804895777102715,54.041729994219935,54.57594422270713,157600
2023-02-27,54.213443756103516,54.74765799450228,53.90817379822506,54.566407254911496,162600
2023-02-28,53.612449645996094,54.22298228986079,53.49797568503687,54.07988710936554,299300
2023-03-01,54.55686950683594,54.72858227823789,53.1450117723569,53.55521409969913,138400
2023-03-02,54.39469528198242,54.53778682402413,53.755541415865615,54.26114172045219,131700
2023-03-03,54.471012115478516,54.804899671067695,54.03219221402483,54.595027701215166,115600
2023-03-06,53.297637939453125,54.74765468572977,53.04006881619399,54.40422918805092,302300
2023-03-07,52.77296447753906,53.58382744804179,52.391379762560405,53.545671887793155,181700
2023-03-08,53.297637939453125,53.41211553138698,52.14334951374691,52.916056883524334,115300
2023-03-09,50.89366912841797,53.14501108983075,50.855513565644536,53.0496167243045,127200
2023-03-10,50.016029357910156,50.60748243055033,49.710763021124144,50.56932322868663,125700
2023-03-13,47.92686080932617,49.72984119649077,47.70744722443056,49.72984119649077,174300
2023-03-14,48.174888610839844,49.1288468011535,47.78376589837371,48.92851645456244,153800
2023-03-15,48.05087661743164,48.19397181229517,46.93474719811921,47.33540792123794,194900
2023-03-16,49.57614517211914,49.95026797095961,47.02443197911611,47.52326359737131,236000
2023-03-17,49.52818298339844,50.67933262774325,49.3651016512427,49.652888147477945,873000
2023-03-20,51.01508331298828,51.18775594390611,48.76075147292217,49.854342362465864,272200
2023-03-21,51.11101150512695,51.897629650708566,50.679333582344874,51.31246534974969,375400
2023-03-22,49.91189193725586,51.73454565751741,49.88311438842549,50.947927607990664,174800
2023-03-23,49.4994010925293,50.43950924507527,49.39388218423484,49.91189640658402,181400
2023-03-24,49.81596755981445,50.017417733475206,49.08690456075121,49.37469470529937,168400
2023-03-27,50.12294006347656,50.53543536536369,49.988639948332604,50.31479893914094,179900
2023-03-28,50.420318603515625,50.64095501704722,49.902300766839645,50.12293718037123,186100
2023-03-29,50.63136291503906,51.20693954136768,49.96945363713501,50.61217666155441,385900
2023-03-30,50.813636779785156,51.3316510503416,50.439513939059445,50.80404182215396,132900
2023-03-31,51.513916015625,51.696179947846865,50.804039222806246,51.245312106756415,165500
2023-04-03,51.64821243286133,51.715362490407216,50.27642641258909,51.42757600672432,145200
2023-04-04,52.060707092285156,52.521166192377564,51.15897514536298,51.99355703556774,144500
2023-04-05,51.590660095214844,52.108678025977625,51.11101467622801,51.849669060596234,136400
2023-04-06,52.21419143676758,52.29093278744236,51.437164677040734,51.72495114602729,80400
2023-04-10,51.964778900146484,52.223787845409305,51.6194372991999,51.86885128756197,106500
2023-04-11,51.820884704589844,52.43483017480342,51.76332594448095,52.05111242621811,84100
2023-04-12,51.350830078125,52.13744816056961,51.33164382496737,52.051111851062096,135800
2023-04-13,52.569129943847656,52.588316197091316,51.32205275823847,51.71536180122453,118800
2023-04-14,51.80169677734375,53.11592398576559,51.42757399723416,52.69383740348362,72800
2023-04-17,52.108673095703125,52.21419566340085,51.5810639166183,52.012745484743625,83200
2023-04-18,51.465946197509766,52.645873289089835,51.15897347414277,52.16622795140346,61500
2023-04-19,50.688926696777344,51.293280933498906,50.669740441392086,51.20694461396726,96200
2023-04-20,50.669734954833984,51.05345270218186,50.266834613582,50.5833986446509,79900
2023-04-21,50.23805618286133,50.78485162446594,50.103756061681786,50.669737757655454,63900
2023-04-24,50.103755950927734,50.97671039606893,49.969455830045064,50.45869250746105,109400
2023-04-25,49.288360595703125,49.9310836525917,49.13487421947572,49.90230610061277,89200
2023-04-26,48.97179412841797,49.82556234655028,48.69359892088606,48.97179412841797,163600
2023-04-27,50.11335372924805,50.13253632525086,49.115690404515675,49.21161802214593,111200
2023-04-28,50.53543472290039,52.02233458643974,49.44184390274118,50.20927573623855,132200
2023-05-01,50.48747253417969,51.14938182560276,50.055790970467356,50.44910002642665,88700
2023-05-02,49.21161651611328,50.257243617661246,48.81830744081931,50.257243617661246,108600
2023-05-03,48.962196350097656,50.03660086873392,48.94301009769658,49.07731020510067,252000
2023-05-04,47.66716003417969,50.09416832292585,46.611941584745075,49.22121381383967,227900
2023-05-05,47.84941864013672,48.684000480890454,47.36977331520184,48.26191391233299,127000
2023-05-08,46.75583267211914,47.811051031258316,46.611937596143896,47.811051031258316,176600
2023-05-09,47.19710159301758,47.26425164701895,46.21862467262169,46.77501135711926,158000
2023-05-10,47.59041976928711,47.83024248236805,47.235483178560486,47.667161134582834,104600
2023-05-11,47.081993103027344,47.187512014623515,46.47763888873852,47.14914316468123,81400
2023-05-12,47.73430252075195,47.88778888283526,47.38896095061715,47.43692475263002,112300
2023-05-15,47.34099197387695,47.94534610622444,47.07239176367959,47.76308220064814,90900
2023-05-16,47.293033599853516,47.408147466088764,46.957283298582446,47.19710598789145,80400
2023-05-17,46.966880798339844,47.66716270447104,46.73665303546608,47.59042133664789,168900
2023-05-18,47.081993103027344,47.177920716988915,46.62153030968087,46.77501668766173,140700
2023-05-19,47.36017608642578,47.49447618545738,47.18750348498423,47.44651238714656,198600
2023-05-22,47.50408172607422,47.571231790553036,46.6790910374441,47.50408172607422,151000
2023-05-23,47.6287841796875,47.99331200679109,47.23547514351521,47.47529781580084,158100
2023-05-24,47.01483917236328,47.59041583177833,46.71746137476587,47.59041583177833,150100
2023-05-25,45.911651611328125,46.93809232563041,45.81572034960618,46.93809232563041,114200
2023-05-26,46.35292434692383,46.42007440029691,45.75816516301791,45.76775645946972,115000
2023-05-30,45.854095458984375,46.4392633808159,45.66223658404563,46.40089087394742,99900
2023-05-31,46.02676773071289,46.304962914289774,45.12503578257817,45.88287632015507,624200
2023-06-01,47.02442932128906,47.09157937577773,45.53752950712021,46.19943875539572,160200
2023-06-02,48.779937744140625,48.82790521365794,46.98606489819803,47.52326908591637,302500
2023-06-05,47.26425552368164,48.49214650830929,47.13954670199171,48.49214650830929,179500
2023-06-06,47.94534683227539,48.10842814765296,46.91890611701642,47.245065088368094,269700
2023-06-07,48.54011154174805,49.10609324293153,48.031688604201555,48.223547490254305,291600
2023-06-08,47.67675018310547,48.54010964754576,47.590413870721065,48.54010964754576,169000
2023-06-09,47.96453857421875,48.175583714954556,47.427334424802105,47.47530189089943,152900
2023-06-12,48.63603973388672,48.684003537510925,47.20669496570199,47.88779049161522,139400
2023-06-13,48.952606201171875,49.45143783437312,48.405810761959785,48.71278351171381,209500
2023-06-14,47.6287841796875,49.40347049083974,47.44651660673214,49.0197527514213,259100
2023-06-15,48.709285736083984,48.718931429968954,47.5419580474756,47.619138319186995,144300
2023-06-16,48.892581939697266,49.674015607345716,48.31374463932213,48.689989252581746,420100
2023-06-20,48.950469970703125,49.10482683840081,48.14009549525076,48.88293539093724,214800
2023-06-21,50.4747428894043,50.658040517240956,48.77681736793379,49.182002760043645,182100
2023-06-22,49.722251892089844,50.63874735956125,49.39424310415769,50.50368188675332,147500
2023-06-23,49.42318344116211,50.436150557500646,49.39424268017346,49.39424268017346,475100
2023-06-26,49.56789779663086,49.77049049690595,48.77681838399265,49.27847912764386,194600
2023-06-27,50.06955337524414,50.34932264098178,49.210939470928444,49.67401370972782,123000
2023-06-28,49.58719253540039,50.166029869523996,49.17235776322053,50.10814466404843,229300
2023-06-29,50.7255744934082,50.81239677912195,49.32671334554604,49.62577769898116,112100
2023-06-30,50.87993240356445,51.24652766242165,50.667690331478084,51.00534482783549,158000
2023-07-03,50.754512786865234,51.09216725985657,50.25285208402257,50.66768682521636,86200
2023-07-05,50.30109405517578,50.513336138497294,49.664371485369436,50.513336138497294,331300
2023-07-06,49.85731506347656,50.339680724941964,49.56789640262891,50.00202623397936,108500
2023-07-07,49.84766387939453,50.079201007760325,49.59683536380958,49.74154652905793,93600
2023-07-10,50.08884811401367,50.7834558385431,49.789783761630765,49.789783761630765,91700
2023-07-11,50.02131652832031,50.32038455674742,49.78978307676721,50.088847425036455,87200
2023-07-12,49.98273468017578,50.677338779016004,49.91520377723518,50.677338779016004,143800
2023-07-13,50.35897445678711,50.648393109955286,49.94413970452152,49.94413970452152,136100
2023-07-14,50.542274475097656,50.83169314198983,49.72225430554348,50.29144594516657,133500
2023-07-17,50.0984992980957,50.7448675360964,49.953788123537734,50.36862289843533,88800
2023-07-18,50.185325622558594,50.725576507225696,49.77049084472027,49.98273292086771,69800
2023-07-19,50.696632385253906,50.706281759771606,49.9827332375839,50.10814566504928,113600
2023-07-20,50.62910079956055,50.85098856841169,50.24321046770736,50.85098856841169,76500
2023-07-21,50.97640609741211,51.063232068530596,50.09850069172882,50.90887519544864,126500
2023-07-24,51.24652862548828,51.420180564066364,50.725576489912115,50.84134322224481,86200
2023-07-25,51.391239166259766,51.420179928945956,50.73522155754722,51.07287605607955,117000
2023-07-26,51.17899703979492,51.59383181193811,50.928168509739,51.25617731375552,78000
2023-07-27,49.85731506347656,51.45876891233538,49.76084340324666,51.130760115332585,95500
2023-07-28,49.54859924316406,50.31073783934834,49.461773280558795,50.07920071234836,86500
2023-07-31,49.77049255371094,49.98273463714623,49.49071956739318,49.519664011598664,160700
2023-08-01,49.731895446777344,50.11778942074388,49.45212249965949,49.69330531334916,81700
2023-08-02,50.7352180480957,50.82204401030639,49.02764324472408,49.64507067370772,262100
2023-08-03,57.46904373168945,66.90411474768133,56.359601255261396,66.07444523385276,585900
2023-08-04,52.6357421875,57.44974941738482,52.55856191536049,57.38221851934172,559200
2023-08-07,52.65503692626953,53.7548300362747,52.327028132043615,52.63574185835531,206900
2023-08-08,52.62609100341797,52.81903799697272,51.95077836605525,52.288436524815516,112200
2023-08-09,52.96375274658203,53.4171739799402,52.047257225290075,52.36561665806674,203800
2023-08-10,53.09881591796875,53.754833549293046,52.88657383719967,52.88657383719967,115200
2023-08-11,54.00565719604492,54.034597957106996,52.77080232195891,52.77080232195891,163600
2023-08-14,53.12775421142578,54.16966581749314,52.59715271433206,53.812712574586,191300
2023-08-15,52.42350387573242,53.436471099122066,52.42350387573242,52.78045345956039,140200
2023-08-16,52.41385269165039,53.16634191933095,52.30773166104768,52.30773166104768,94000
2023-08-17,51.921836853027344,52.90586319376164,51.79642075700965,52.25949132673912,110900
2023-08-18,51.57453536987305,52.29808385827247,51.53594523392051,51.74818730150154,116400
2023-08-21,51.57453536987305,52.191962824481955,51.34300191447367,51.43947357419709,154400
2023-08-22,52.018314361572266,52.19196630478034,51.51665728136915,51.51665728136915,83100
2023-08-23,52.13408279418945,52.22090876249099,51.65171712143824,52.18231862543297,165500
2023-08-24,52.48138427734375,52.57785593543737,51.873602526911924,51.873602526911924,122700
2023-08-25,52.62609100341797,52.99268992315621,52.15337473337453,52.72256634027425,95600
2023-08-28,52.89622116088867,53.32070162581004,52.61644818893326,52.61644818893326,90000
2023-08-29,52.51997756958008,53.11811370413153,52.433151593929594,52.819045636855805,135900
2023-08-30,53.50400161743164,53.51365099215012,52.29808738869314,52.55856530371964,136300
2023-08-31,52.394561767578125,53.77412791419279,52.26914565966095,53.28211285706437,204900
2023-09-01,52.80939865112305,53.32070511736869,52.70327760790416,52.70327760790416,99300
2023-09-05,50.61945724487305,52.46209405380155,50.57121773121416,52.46209405380155,199400
2023-09-06,51.72888946533203,51.88324632072408,49.12411431045312,49.259179779059174,718400
2023-09-07,51.960426330566406,52.375261067402874,50.860633281337705,51.92183619687052,5395200
2023-09-08,51.34300231933594,53.30140573239605,50.85098728245614,51.960429778813534,502300
2023-09-11,51.97007369995117,52.26914172550267,51.246525230528555,51.70959580934009,291000
2023-09-12,51.86395263671875,52.65503568187448,51.661359948644176,51.69995008356061,184400
2023-09-13,51.07843017578125,52.174285172228046,50.661427204862456,51.28208726320995,227000
2023-09-14,51.59241485595703,52.251867061665386,51.25298885922226,51.553622679285816,184500
2023-09-15,51.10752487182617,52.01911884713017,50.70991430075015,51.59241599262258,849800
2023-09-18,50.83598709106445,51.427554894127525,50.82629089567818,51.28208976677778,217200
2023-09-19,51.08812713623047,51.49543388884554,50.90386984806063,50.91356604241671,241000
2023-09-20,50.855384826660156,51.893051639583746,50.73901198112999,51.3402759990329,363600
2023-09-21,50.234718322753906,50.85537835246915,50.2056260399315,50.564444425968325,455900
2023-09-22,49.97288131713867,50.47716856294242,49.97288131713867,50.137746233760055,354100
2023-09-25,49.711036682128906,50.04076279626586,49.44919872920241,49.681944398342786,171900
2023-09-26,49.42010498046875,49.71103892976135,48.4988110581873,49.59466608992948,277600
2023-09-27,49.78861999511719,50.93296332612432,49.38130953351561,49.45889388788758,296600
2023-09-28,49.86620330810547,51.86395614656328,49.507384898572916,49.982579845866695,354600
2023-09-29,49.57526779174805,50.38018883834284,49.46859115189324,50.03106663497284,278100
2023-10-02,50.671119689941406,50.96205360856315,49.148561939709644,49.29403074873326,382000
2023-10-03,49.70134353637695,50.71961422504192,49.43950186796151,50.53535691738333,189400
2023-10-04,49.827415466308594,50.95236278309108,49.294035942730204,49.80801937643336,149200
2023-10-05,49.1679573059082,51.21419829928193,49.12916513081452,50.00197057329517,237100
2023-10-06,49.895301818847656,50.26382014156752,48.925519484951394,49.00310014796157,204600
2023-10-09,50.78749465942383,50.971755651881516,49.138864118470394,49.555870775871135,626300
2023-10-10,51.19480895996094,51.70879239971374,50.632333445236355,51.01054795369037,779300
2023-10-11,51.175411224365234,51.660302363084526,50.01167175155377,51.38876450921798,629400
2023-10-12,49.827415466308594,51.25299292759254,49.332824423054795,51.107527802667086,722000
2023-10-13,49.43949890136719,50.21532396525291,48.49880893047878,49.78862110497219,674800
2023-10-16,50.031063079833984,51.08812580962383,49.50737981199121,49.86619818465735,183600
2023-10-17,50.583839416503906,51.09782279881456,49.80801439619758,49.943783312323,214300
2023-10-18,50.53535461425781,50.90387291220589,50.225024584225466,50.48686624070759,214600
2023-10-19,49.711036682128906,50.71961111353909,48.95460770828412,50.4771655501862,271500
2023-10-20,49.57526779174805,49.99227445694824,49.52677941893015,49.81771335526324,259900
2023-10-23,48.0333137512207,49.361918099866784,48.0333137512207,49.29403363819006,192900
2023-10-24,48.275760650634766,48.93521289611528,47.48053947804223,48.31455282964558,470600
2023-10-25,47.32536697387695,48.58608299685852,47.13140980893551,47.965423028586066,304700
2023-10-26,46.8986701965332,47.83936016274161,46.69501681191871,47.55812242241168,218600
2023-10-27,45.220947265625,46.74350509921767,45.153062804210734,46.74350509921767,223000
2023-10-30,45.434295654296875,45.66704501549507,44.79423953528384,45.66704501549507,278000
2023-10-31,45.443992614746094,46.12284086670941,45.240339248984704,45.570065331399725,171000
2023-11-01,45.191856384277344,46.47196880035208,44.83303794780554,45.27913694443817,215400
2023-11-02,46.976253509521484,48.61518797215452,45.92889054411024,48.03331636965858,566300
2023-11-03,48.11090087890625,48.809145324295585,46.92776527964674,47.57752134953425,365300
2023-11-06,48.81884002685547,48.87702829533396,47.83936155373538,48.04301494427137,234800
2023-11-07,49.22614288330078,49.34251941097946,48.40182949241711,48.55699449656317,247900
2023-11-08,48.82853698730469,49.40070868832193,48.42123019984794,49.40070868832193,172200
2023-11-09,48.11090087890625,48.64428040827825,47.664801905207916,48.46971929693092,240500
2023-11-10,48.35334396362305,48.634581706234464,47.596914986389585,48.10119850492808,196300
2023-11-13,48.48911666870117,48.78005062882818,47.558126516524354,48.08180986440857,236900
2023-11-14,49.594661712646484,49.720734436002104,48.93520951276015,49.614057800810855,338900
2023-11-15,49.78861999511719,50.33169937744408,48.93521059415367,49.48798617106425,217800
2023-11-16,49.49768829345703,49.60436493580825,48.964308781126725,49.48798839901103,226700
2023-11-17,49.3231315612793,50.13774889396479,49.02249769703396,49.6625539084707,301200
2023-11-20,50.08925247192383,50.137740842389306,49.32312364052247,49.44919636327313,119400
2023-11-21,49.720733642578125,50.215320934887664,49.59466092123432,50.040759843619476,118600
2023-11-22,49.80801773071289,50.4286777885095,49.526779985953254,49.95348285083198,136500
2023-11-24,49.623756408691406,49.89529795677377,49.56557184079398,49.75952903244546,87300
2023-11-27,49.66254425048828,50.001970231096905,49.30372588189096,49.42009870695015,211500
2023-11-28,49.38131332397461,49.77892762151298,49.26494048290963,49.49768986446551,312700
2023-11-29,48.3824348449707,50.46746811847295,48.295154296325826,49.76922372931394,483200
2023-11-30,47.70358657836914,48.285458136225316,47.32537210044672,48.25636215370585,294700
2023-12-01,51.165706634521484,51.272383267158325,47.897541695306685,48.34364061412849,348500
2023-12-04,51.039642333984375,51.52453347305092,50.01167178737,51.19480735050864,462800
2023-12-05,50.11834716796875,51.26269052330704,49.62375614689547,51.1075255106896,462700
2023-12-06,51.32087707519531,51.97063313400855,50.292910214143525,50.525655892355836,221900
2023-12-07,51.039642333984375,51.514833578591144,50.583843479445555,51.04933852901835,225600
2023-12-08,50.64202880859375,50.971754911998275,49.70133886958732,50.719609462640086,395100
2023-12-11,50.671119689941406,51.010541978429195,50.47716251105175,50.85537697520257,221500
2023-12-12,50.54437255859375,51.119626945828564,50.1348676073188,50.67112453391186,217400
2023-12-13,51.4316291809082,51.49013095117263,49.91061662824828,50.554121223728,329200
2023-12-14,52.133636474609375,53.118392115766724,51.74363210461909,51.92888213471795,400600
2023-12-15,51.81188201904297,52.29938561910074,51.44137824157902,52.29938561910074,1096900
2023-12-18,51.47063446044922,52.16288872660508,51.32438188281852,52.10438695168129,590100
2023-12-19,51.88988494873047,52.51388896854241,50.778377323520786,51.636380991083534,358200
2023-12-20,51.14887619018555,52.7771401282225,51.11962716473967,52.09463435274636,257600
2023-12-21,52.250633239746094,52.32863187756466,51.60712867047519,51.60712867047519,139500
2023-12-22,52.338382720947266,52.80638569420772,52.25063193100112,52.51388430083956,132300
2023-12-26,52.396888732910156,52.81613840844882,51.98738377352829,52.484639529966465,178700
2023-12-27,52.10438537597656,52.65039076734736,51.724133148865135,52.279886976082985,106700
2023-12-28,52.016632080078125,52.67963726658863,51.88988382336087,51.899632258740176,124900
2023-12-29,51.880130767822266,54.00564670190195,51.3633781564746,52.10438197122516,156100
2024-01-02,51.79237747192383,52.22138298758851,51.39262469919075,51.42187744212235,224400
2024-01-03,50.739376068115234,51.64613307037533,50.71987547760501,51.5486301178242,221600
2024-01-04,50.661373138427734,51.148876737649,50.368871722766436,50.90512493803836,333800
2024-01-05,49.60837173461914,50.73938003718349,49.54012152217317,50.35912779088237,270900
2024-01-08,49.881370544433594,50.10562176463606,48.799111906540055,49.37436633031421,348700
2024-01-09,49.48161315917969,50.03736694046328,49.08186037405715,49.28661098413908,227300
2024-01-10,49.432861328125,49.84236252992215,49.05260914949709,49.28660877356489,242300
2024-01-11,50.066619873046875,50.09587261916852,48.88686201502945,49.19886403170584,244800
2024-01-12,51.22687911987305,51.25612814564401,50.38837233377064,50.61262354318172,469700
2024-01-16,50.339622497558594,51.02212827763569,49.764368103982406,51.02212827763569,426300
2024-01-17,50.30061721801758,50.36886741852769,49.52061226978983,50.01786426198596,202400
2024-01-18,50.827125549316406,50.85637457464553,50.09587016123042,50.25187116191447,173000
2024-01-19,50.77837371826172,51.7631292947304,50.515121343714945,51.187874932429764,391400
2024-01-22,51.538883209228516,52.50413829226027,51.00262997206005,51.00262997206005,257600
2024-01-23,51.139129638671875,52.27988630537111,50.99287706734036,52.0751356809929,329000
2024-01-24,50.963626861572266,51.967883088781925,50.77837683228191,51.50963223330423,293600
2024-01-25,50.8953742980957,51.5388788724208,50.710120558027015,51.5388788724208,204700
2024-01-26,50.5736198425293,51.33412794889438,50.5736198425293,51.31462735956634,285500
2024-01-29,51.10013198852539,51.129381017070095,50.24212453075677,50.50537694573207,633800
2024-01-30,50.87587356567383,51.77287836157588,50.066615843001344,50.91487474445839,259900
2024-01-31,49.0526123046875,50.88562311543152,48.92586033053953,50.88562311543152,437800
2024-02-01,49.47186279296875,49.5401129936652,48.68210568859374,49.03310884609374,399100
2024-02-02,46.858848571777344,48.84786048403638,46.800346799309544,48.789362430925976,478100
2024-02-05,45.172080993652344,46.702841852096164,45.12332766288041,46.34208654503995,501600
2024-02-06,45.269588470458984,45.571842067312765,44.86008347732297,45.14283648218384,450100
2024-02-07,45.20132827758789,45.3768298474153,44.138570424458244,45.103825339152216,514600
2024-02-08,52.00688171386719,52.02638230325907,46.800343365662904,47.94109994990952,1014400
2024-02-09,52.35788345336914,52.38713247697908,50.69062215917607,52.00688029262175,428700
2024-02-12,53.323143005371094,54.08365115875396,52.64064093348015,52.64064093348015,324300
2024-02-13,51.18788146972656,52.5626415661392,50.827129822693365,51.81188552492697,345300
2024-02-14,51.597381591796875,52.621142173971116,50.749126330532405,51.74363416620962,236500
2024-02-15,52.289634704589844,52.61138513130814,51.529126595392086,51.958132123492646,282000
2024-02-16,51.76313018798828,52.250633767186,51.6071291914193,52.153134539089315,167500
2024-02-20,50.77837371826172,51.4218782829237,50.65162174843763,51.158625908376926,171700
2024-02-21,51.73387908935547,51.78262870144938,50.56386980231663,50.85637119423709,177700
2024-02-22,51.0513801574707,51.97763778797808,50.92462817366885,51.47063357212817,225100
2024-02-23,52.58213806152344,52.855138884566884,51.04162491581882,51.04162491581882,216200
2024-02-26,51.97763442993164,52.96239005137492,51.77288009413924,52.250635251845175,157900
2024-02-27,53.42064666748047,53.664398473352136,52.29938687272784,52.50413749701427,347900
2024-02-28,53.20614242553711,54.249399828441184,52.98189121662249,53.24514360605025,360400
2024-02-29,53.19639205932617,54.015398223589834,52.90388693545139,53.92764743029883,215100
2024-03-01,53.15739059448242,53.58639240417838,52.73813721982988,53.186639618969814,227600
2024-03-04,52.64064025878906,53.17689347384054,52.036133118065955,52.95264226461383,269100
2024-03-05,51.997135162353516,52.68938937373392,51.7241306203352,52.3968879609746,189000
2024-03-06,51.92888259887695,53.09889199994844,51.714383540886615,52.0653867331438,189800
2024-03-07,51.93863296508789,52.69913737588169,51.831381580107795,52.07513337529629,162800
2024-03-08,51.75338363647461,52.59188669895183,51.67538127567267,52.37738764546104,156100
2024-03-11,52.61138916015625,52.621141315281946,51.49988151470128,51.64613408672742,210800
2024-03-12,51.919132232666016,52.46513759135842,51.714381617915315,52.34813405205184,232200
2024-03-13,50.963626861572266,52.182385863276146,50.680873880531216,51.792381494987985,197500
2024-03-14,49.924156188964844,51.30685217835006,49.649579429345245,50.73808549901978,244000
2024-03-15,49.953575134277344,50.00260990597475,49.24752005993464,49.71822468977239,777200
2024-03-18,49.786861419677734,50.5713690185011,49.639764608286406,49.904536624294416,473500
2024-03-19,50.06144332885742,50.35563324128163,49.325966677383036,49.767253416433206,296500
2024-03-20,50.53214645385742,50.76750062138611,48.923904821698734,49.7966698239682,286800
2024-03-21,50.394859313964844,51.06169177397241,50.26737564756784,50.54195613987122,297600
2024-03-22,49.77705383300781,50.72827141727909,49.70840965072302,50.72827141727909,134000
2024-03-25,49.74763870239258,50.375244826841175,49.45344879916074,49.98299286947459,124000
2024-03-26,49.32596206665039,50.13989128046416,49.28673575110645,50.02221233383233,155400
2024-03-27,49.502479553222656,50.38505299887836,49.21809436064164,50.218343018775585,300400
2024-03-28,50.541954040527344,50.82633923035915,49.28673806985945,49.70841162972661,311500
2024-04-01,50.159507751464844,51.149947968994056,49.97318461073743,50.649825505669476,147700
2024-04-02,49.36519241333008,49.84570546591346,49.012163026261085,49.77705753769214,303200
2024-04-03,48.404170989990234,49.365193373012076,48.266882612533934,49.10042132756304,222500
2024-04-04,48.374752044677734,49.66919063308203,48.345330435286066,48.94351870160562,223600
2024-04-05,47.7275276184082,48.4335863699847,47.71772290944854,48.16881433814351,128700
2024-04-08,48.46300506591797,48.561070861328155,47.77656320218465,47.77656320218465,117300
2024-04-09,49.031776428222656,49.20829112263047,48.44339660741505,48.44339660741505,138000
2024-04-10,47.6981086730957,48.35513638337513,47.34507930528317,48.04133333217009,166100
2024-04-11,47.53140640258789,48.36494512545824,47.4137274429517,47.786370000144125,120100
2024-04-12,47.23720932006836,47.67849603464551,47.10972940094523,47.26663092825849,119400
2024-04-15,46.61941146850586,47.22740441673758,46.30560841517159,47.188178099863926,191700
2024-04-16,46.84495544433594,46.90379491746723,45.77606266449506,46.19773620320101,215400
2024-04-17,47.07050704956055,47.4235364509647,46.727286098655284,47.20779542992265,176700
2024-04-18,47.46276092529297,47.83539973154593,47.04108735010829,47.16856727501331,181400
2024-04-19,47.95307922363281,48.04133657153703,47.21760257137358,47.29605146905083,187700
2024-04-22,48.27668380737305,48.44339378273874,47.296048335988274,47.98249391412311,217500
2024-04-23,48.59048843383789,49.28673874328897,47.82559393843122,48.12959229111141,216400
2024-04-24,48.86507034301758,48.98274555939659,48.07075421559695,48.29629993900159,178200
2024-04-25,47.2568244934082,48.433587868843446,47.11953611875916,48.433587868843446,225300
2024-04-26,47.12934494018555,47.639275864919526,47.050892302152164,47.266633315916295,132900
2024-04-29,47.40392303466797,47.6588866338446,46.69786423567455,46.913605255550934,280800
2024-04-30,46.32522201538086,47.2960490518833,46.246769380885404,47.20779170848967,255500
2024-05-01,44.932716369628906,46.639023711880114,44.89349005352488,46.44289587218738,360200
2024-05-02,41.22591781616211,44.128598033452825,40.715986901098454,43.72653762322558,1183600
2024-05-03,40.89249801635742,42.45170849348273,40.81404538667267,41.64758774335041,451900
2024-05-06,42.07906723022461,42.1182935462286,40.67675823011488,40.84346820271813,348600
2024-05-07,41.118045806884766,42.196743334125934,40.765016437001485,41.95158446513226,427800
2024-05-08,40.7650146484375,42.21635464030323,40.73559678251376,40.94152932563456,409500
2024-05-09,42.70668029785156,42.75571133045062,40.470832292048115,40.765022228470464,531400
2024-05-10,41.21611022949219,42.51054883298722,40.706179303747525,42.51054883298722,405600
2024-05-13,42.41248321533203,42.74589941798739,41.34359042512756,41.63778031198173,413200
2024-05-14,42.36345291137695,42.8635753534508,41.74565151989844,42.73609543617022,246000
2024-05-15,42.71648406982422,43.23621969193425,42.37325939757068,42.559582538196985,379000
2024-05-16,42.3830680847168,42.912608418905116,41.588751972192895,42.912608418905116,319800
2024-05-17,41.95158386230469,42.794930958056746,41.657393971905165,42.53996738393114,374900
2024-05-20,41.9417839050293,42.15752492814865,41.69662501178561,42.08887699647881,185300
2024-05-21,41.25533676147461,42.08887547198046,40.92192052910673,41.90255606656194,326000
2024-05-22,41.39262771606445,41.81430132269769,40.99056727030113,41.402436166913375,297000
2024-05-23,41.2651481628418,41.686818032542305,40.91211874557814,41.39262809843191,243300
2024-05-24,41.40243148803711,41.608364042656895,40.843469559310556,41.608364042656895,235900
2024-05-28,41.86332702636719,42.01042384375603,41.265142529693655,41.72603865857892,372300
2024-05-29,41.87313461303711,42.14771134295511,41.353395278914256,41.353395278914256,747600
2024-05-30,42.0300407409668,43.04990262215632,41.42204774060788,42.35364853085075,1855200
2024-05-31,42.314422607421875,42.34384047486073,41.62797702083775,42.1673257885726,439500
2024-06-03,41.490692138671875,42.65764711535956,41.38282162789369,42.65764711535956,318300
2024-06-04,40.42179489135742,41.68681179276424,40.31392439213673,41.23572037859352,392000
2024-06-05,40.215858459472656,41.010174526614406,40.1570227261619,40.59830943012954,265800
2024-06-06,40.029541015625,40.323730918965296,39.74515582137076,40.09818520171015,242300
2024-06-07,40.00992965698242,40.186444355094885,39.470580853117795,39.6569002607575,424100
2024-06-10,39.28425979614258,39.55883654131051,38.86258622844748,39.53922338225172,231900
2024-06-11,39.83341598510742,39.9020601760499,39.0194904035775,39.2058098160174,319100
2024-06-12,40.176639556884766,40.67676203988097,39.794192292094536,40.647344170536414,299600
2024-06-13,39.911865234375,40.029540445870694,39.313676986294986,40.029540445870694,202200
2024-06-14,39.99089813232422,40.13908725803944,39.21044243828862,39.6846423645289,198500
2024-06-17,39.625370025634766,40.09956995542338,39.08201617495653,40.020534749488924,206200
2024-06-18,39.40802764892578,40.19836087869722,39.23020220115144,39.76367854447445,309200
2024-06-20,40.84050750732422,40.85038502363119,39.338872532062915,39.51669797443636,225600
2024-06-21,40.90966033935547,41.117122093738665,40.178599788083304,40.850383937272035,415500
2024-06-24,40.37618637084961,41.42338025682657,40.32679125054825,40.76147358524878,165400
2024-06-25,40.51449203491211,40.751593875647934,39.92174308598141,40.534250835690585,158600
2024-06-26,40.58365249633789,40.7614741782887,40.05017614466696,40.25763791411472,189800
2024-06-27,40.504615783691406,40.860266671598346,40.37618545892367,40.60340602206288,133800
2024-06-28,40.67256164550781,40.988698712465684,40.17860289575752,40.80099197565262,457000
2024-07-01,40.00078201293945,40.67256245891707,39.59573598078796,40.64292613929334,160300
2024-07-02,39.94150161743164,40.079809453342456,39.684640977649366,40.030414336032294,99300
2024-07-03,39.813072204589844,40.24775829147674,39.57597412865696,39.89210740897145,83300
2024-07-05,39.7834358215332,40.099569101325486,39.38826733748987,39.68464181621939,111700
2024-07-08,40.00078201293945,40.326792834619305,39.87235168022617,40.0205370469511,125600
2024-07-09,39.595733642578125,39.951380762880014,39.51669843677368,39.90198564355526,222500
2024-07-10,39.694522857666016,39.783435577600294,39.37838957981211,39.783435577600294,250900
2024-07-11,41.40361785888672,41.52216689103467,40.39594166411469,40.39594166411469,256300
2024-07-12,41.709877014160156,42.18407695008325,41.50241148020135,41.73951333246595,180600
2024-07-15,42.5989990234375,42.697793028753786,41.94697366277387,41.94697366277387,187100
2024-07-16,43.626434326171875,43.86353617173305,42.68791199742644,42.96453144534881,295600
2024-07-17,43.90304946899414,44.278459149626016,43.41897203610588,43.41897203610588,241100
2024-07-18,43.11271667480469,44.2784595607978,43.053444040042784,43.922808677802486,149600
2024-07-19,43.33005905151367,43.54740209191075,42.86573665379479,43.211510015208866,196300
2024-07-22,43.547401428222656,43.66595046272071,42.81634088350532,43.23126438855142,149800
2024-07-23,44.0018424987793,44.35749337059218,43.270781954652165,43.270781954652165,290200
2024-07-24,44.505680084228516,44.792177047362216,43.78450080257215,43.833895921035136,155000
2024-07-25,45.08855056762695,45.78009351721629,44.23894098115485,44.51556042215412,263600
2024-07-26,45.394805908203125,45.96779604841055,44.970001118870755,45.70105789450842,250600
2024-07-29,45.59239196777344,45.82949004609686,44.93048531452471,45.46396164366141,151400
2024-07-30,46.254295349121094,46.94583832743493,45.61214749027124,45.8690081412536,181900
2024-07-31,46.27405548095703,47.04462991884521,45.67142520779581,46.29381428303188,193300
2024-08-01,45.049034118652344,46.46175637069599,44.584715480772296,46.362966133344315,215600
2024-08-02,44.505680084228516,44.821813364718814,43.85365472214153,43.85365472214153,182400
2024-08-05,42.490325927734375,43.201627665235854,42.29274546163359,42.78670416409721,275300
2024-08-06,43.08308029174805,43.90304980975421,41.956855009716996,42.361901010598444,231700
2024-08-07,42.54960250854492,43.23126416412736,42.23346923912067,43.07319752941524,270500
2024-08-08,46.353084564208984,47.23233425311366,43.33993712018771,46.76801184947485,467500
2024-08-09,46.30369186401367,46.82729069820818,45.35529197474212,46.254296743061104,218800
2024-08-12,45.859127044677734,46.74825427310783,45.76033680534375,46.333330745577825,228300
2024-08-13,46.185142517089844,46.23453763771845,45.65166616964622,46.046834671887304,162400
2024-08-14,46.185142517089844,46.48151700946759,45.77021898148223,46.07647099054324,152100
2024-08-15,46.6889762878418,46.96559573210382,46.24441645728192,46.600063568008636,182600
2024-08-16,46.41236114501953,47.094022825828915,46.204899385895715,46.66922179131128,142900
2024-08-19,46.61982345581055,47.143422270859965,46.32344897232572,46.60994593942366,147700
2024-08-20,46.76801300048828,46.827289405158254,46.13574642509947,46.48151603082583,130500
2024-08-21,45.77021408081055,46.80752657736943,45.62202496618539,46.77788649328096,254000
2024-08-22,46.00731658935547,46.64946445666582,45.770218505362116,45.78997353852315,188100
2024-08-23,46.5803108215332,46.97547555349013,45.98755807068863,46.20490112285892,168900
2024-08-26,47.02486801147461,47.54846681036667,46.787769939445596,46.95571409308232,178200
2024-08-27,47.1137809753418,47.56822585820191,46.84704281646931,46.995231938711555,131600
2024-08-28,47.03474807739258,47.24220982719367,46.61982080918459,46.985352961050296,136800
2024-08-29,47.23233413696289,47.607740050558874,47.074267497394594,47.37064197550941,176400
2024-08-30,47.933753967285156,47.933753967285156,47.271847332113694,47.31136493362367,217400
2024-09-03,47.31136703491211,48.04242762089243,47.17305919209028,47.834962088053615,186500
2024-09-04,46.629703521728516,47.420036713227795,46.46175559869409,47.084144635764865,198100
2024-09-05,46.323448181152344,47.094022578773206,46.23453546076486,46.61982265957529,437700
2024-09-06,46.10610580444336,46.807530061459346,46.096228288082465,46.27405373142668,248200
2024-09-09,45.26637649536133,45.93816065153897,44.97987953521964,45.88876553359184,250400
2024-09-10,45.16758728027344,45.780095047593896,45.00952063810668,45.46396176326037,166900
2024-09-11,44.87120819091797,44.95024339482874,44.03147987669871,44.821813072776706,175600
2024-09-12,45.463958740234375,45.53311265604622,44.61434918185368,44.940363729485895,166700
2024-09-13,46.66718673706055,46.98539439563832,45.792113779304415,45.96116373167452,201800
2024-09-16,47.20416259765625,47.43287411039948,46.89589727526263,46.9655049620395,257300
2024-09-17,48.039459228515625,48.18861693345961,47.25388241847339,47.32349010611415,295600
2024-09-18,47.58203125,48.65598490755537,47.373208192142364,48.158784983131824,304600
2024-09-19,48.14883804321289,48.347718768273864,47.60191889429596,48.347718768273864,181600
2024-09-20,47.333431243896484,48.208504172204115,47.27376968075499,48.14883881572824,573700
2024-09-23,46.766624450683594,47.58203203675397,46.716905216086026,47.54225892507659,185100
2024-09-24,46.94561767578125,47.19421764711244,46.72685228047728,46.925729222874615,181700
2024-09-25,46.35892105102539,46.94561712825778,46.319147939010506,46.94561712825778,306200
2024-09-26,47.78091049194336,47.9400143110757,46.88595293182427,46.88595293182427,225400
2024-09-27,47.8206901550293,48.59632084389819,47.591978638909865,47.97979398334431,181500
2024-09-30,48.37755584716797,48.546602006553876,47.6914174998535,47.84057899970478,202100
2024-10-01,48.06929016113281,48.61620933430642,47.47265175282243,48.13889784899121,190600
2024-10-02,47.28371047973633,48.3576641015352,47.174325893071526,48.0792295736609,134300
2024-10-03,47.064945220947266,47.40303751756842,46.6870722278596,47.00527986624892,172900
2024-10-04,47.9897346496582,48.00962310167504,47.18427320631537,47.53231163327408,161900
2024-10-07,47.88035583496094,48.08917889977772,47.4925366945854,47.94001740014601,186500
2024-10-08,48.32783126831055,48.347719720541804,47.45276213014162,47.9300736036886,197600
2024-10-09,48.43721389770508,48.91452535192584,48.15878316440986,48.17867161583584,248300
2024-10-10,47.403038024902344,48.148837896609436,47.04505727288375,48.12895323816477,219900
2024-10-11,48.07923126220703,48.198561975487316,47.47265053970368,47.47265053970368,108400
2024-10-14,48.307945251464844,48.437214497332626,47.91018380468967,48.08917607640507,89300
2024-10-15,48.83497619628906,49.07363003091913,48.13889555750514,48.13889555750514,126600
2024-10-16,48.85486602783203,49.33217750390679,48.81508912315886,49.04380063502796,102200
2024-10-17,48.79520034790039,48.854865704515284,48.029512008014045,48.854865704515284,122500
2024-10-18,48.45710372924805,49.09351901966827,48.417326825263196,48.95430364905564,157800
2024-10-21,47.910186767578125,48.6957635872073,47.85052140887171,48.317890568735685,170800
2024-10-22,47.979793548583984,48.268170420208904,47.10472060411347,47.72125125241525,157800
2024-10-23,47.48259353637695,48.1587857477963,47.31354738018934,47.63175503340616,156400
2024-10-24,47.850521087646484,47.920128775669426,47.313548036231545,47.48259419476313,186100
2024-10-25,46.885955810546875,48.13889798897595,46.82629045220854,48.039459518413224,159700
2024-10-28,47.14449691772461,47.94996216491666,47.13455458825358,47.293658413130906,134200
2024-10-29,47.35332107543945,47.36326719847568,47.025171088599194,47.0550018710389,173500
2024-10-30,47.025169372558594,47.959903857125894,46.985392468534194,47.14449629129744,204100
2024-10-31,46.348976135253906,47.631752811187994,46.29925690300859,47.025168315126095,271000
2024-11-01,46.3290901184082,47.01522466345398,46.19981707310933,46.488193945955096,282000
2024-11-04,47.393096923828125,48.16872759663627,45.91143947124049,46.02082406219229,346900
2024-11-05,48.64603805541992,48.785257218572,47.28371134505922,47.28371134505922,283000
2024-11-06,50.80388641357422,51.161870951888844,49.72993279863035,50.21719037429953,468100
2024-11-07,55.616783142089844,56.83989448541478,50.85360701629528,53.269998921726156,621200
2024-11-08,55.26874542236328,55.9747684046782,54.14507253097874,55.25879929960708,387500
2024-11-11,55.915103912353516,56.01454617478056,54.93065017099964,55.378127075250795,188800
2024-11-12,55.616783142089844,56.38247147116337,54.91076016878863,55.86538310113965,226200
2024-11-13,54.980369567871094,56.32280787125689,54.940592662782834,56.044377122308,246400
2024-11-14,54.174903869628906,54.940592216351035,53.89647312294247,54.940592216351035,171800
2024-11-15,54.174903869628906,54.662161469664596,52.951792498112084,54.36383847726121,204000
2024-11-18,53.618038177490234,54.41356109343803,53.608095848041366,54.264399598364214,272600
2024-11-19,53.916358947753906,53.93624739916718,53.05122838128063,53.359493688185,129700
2024-11-20,54.174903869628906,54.204734651535475,53.33960783623517,53.87658467055995,243600
2024-11-21,54.890872955322266,55.01019987622484,54.115238486119516,54.443392260269604,153500
2024-11-22,55.199134826660156,56.07420776982857,55.01020021794623,55.15936171500184,181200
2024-11-25,54.91075897216797,55.94493189634428,54.781485934145586,55.65655883306485,357300
2024-11-26,54.51300048828125,55.13947346757654,54.393673566193634,54.76160045540889,380300
2024-11-27,54.28428649902344,55.378124787185584,54.28428649902344,54.79142873977716,137700
2024-11-29,54.503055572509766,54.76159785698759,54.28428639795095,54.62238248893536,124000
2024-12-02,55.398014068603516,55.537229439000136,53.94619121541831,54.691991093972476,239700
2024-12-03,54.41355895996094,55.36818186966763,54.1649590068081,55.20907805138318,230400
2024-12-04,54.64227294921875,55.059919068728185,54.25445761157874,54.25445761157874,277000
2024-12-05,54.51300048828125,55.04997732767721,54.105296693925304,54.52294661123366,190600
2024-12-06,53.95613479614258,54.970423109700874,53.90641556175269,54.93064999818962,135700
2024-12-09,53.38932800292969,54.40361633214549,53.250112627155175,54.005858657551805,166100
2024-12-10,53.40921401977539,53.81691779880671,52.643525694602545,53.439048594176725,169100
2024-12-11,54.21467971801758,54.43344889662814,53.657814442160834,53.88652595010172,232900
2024-12-12,54.27434539794922,54.55277614087228,53.846753160840585,53.946191628074715,103800
2024-12-13,53.45893478393555,54.53288845312229,53.13078480279589,54.09535388049126,181800
2024-12-16,53.737369537353516,53.97602338034139,52.85235426571581,53.54843113554247,157500
2024-12-17,53.27000045776367,54.00585802683663,53.03134661446151,53.419161954828354,150700
2024-12-18,50.88999938964844,53.58000183105469,50.7599983215332,53.369998931884766,230200
2024-12-19,51.45000076293945,51.79999923706055,51.029998779296875,51.5,203300
2024-12-20,51.220001220703125,52.029998779296875,51.02000045776367,51.02000045776367,531700
2024-12-23,51.04999923706055,51.68000030517578,50.70000076293945,51.31999969482422,123300
2024-12-24,51.66999816894531,51.779998779296875,50.810001373291016,50.900001525878906,53400
2024-12-26,51.84000015258789,52.06999969482422,51.27000045776367,51.54999923706055,99200
2024-12-27,51.22999954223633,51.970001220703125,50.83000183105469,51.54999923706055,141000
2024-12-30,50.81999969482422,51.2400016784668,50.33000183105469,50.790000915527344,125800
2024-12-31,51.11000061035156,51.68000030517578,50.529998779296875,50.93000030517578,191700
2025-01-02,50.560001373291016,51.65999984741211,50.380001068115234,51.59000015258789,181800
2025-01-03,51.349998474121094,51.540000915527344,50.31999969482422,50.779998779296875,168200
2025-01-06,51.2400016784668,51.689998626708984,51.029998779296875,51.470001220703125,147400
2025-01-07,50.400001525878906,51.40999984741211,50.22999954223633,51.209999084472656,220800
2025-01-08,50.5,50.65999984741211,49.939998626708984,50.119998931884766,315500
2025-01-10,49.810001373291016,50.2400016784668,49.22999954223633,49.83000183105469,148600
2025-01-13,50.790000915527344,50.79999923706055,49.4900016784668,49.59000015258789,182800
2025-01-14,51.06999969482422,51.13999938964844,50.33000183105469,50.959999084472656,140800
2025-01-15,51.54999923706055,52.06999969482422,50.83000183105469,51.790000915527344,206500
2025-01-16,52.08000183105469,52.290000915527344,51.2599983215332,51.33000183105469,194000
2025-01-17,52.849998474121094,52.880001068115234,52.040000915527344,52.529998779296875,148000
2025-01-21,54.040000915527344,54.529998779296875,53.029998779296875,53.29999923706055,320900
2025-01-22,54.060001373291016,54.630001068115234,52.939998626708984,53.75,453200
2025-01-23,54.97999954223633,55.119998931884766,53.68000030517578,53.810001373291016,220900
2025-01-24,54.56999969482422,55.029998779296875,54.09000015258789,54.7599983215332,107000
2025-01-27,55.689998626708984,55.79999923706055,53.689998626708984,54.5099983215332,193747
