Price,Close,High,Low,Open,Volume
Ticker,DADA,DADA,DADA,DADA,DADA
Date,,,,,
2020-06-05,15.989999771118164,18.5,15.239999771118164,18.299999237060547,7825900
2020-06-08,17.0,17.489999771118164,16.25,17.079999923706055,2676100
2020-06-09,16.040000915527344,17.489999771118164,15.699999809265137,17.299999237060547,1749100
2020-06-10,15.25,16.75,14.800000190734863,16.149999618530273,3954000
2020-06-11,14.75,15.100000381469727,14.670000076293945,14.75,1108000
2020-06-12,14.75,15.100000381469727,14.699999809265137,15.010000228881836,652900
2020-06-15,15.0,15.300000190734863,14.600000381469727,14.6899995803833,1456800
2020-06-16,16.75,16.75,15.109999656677246,15.479999542236328,1085500
2020-06-17,20.1200008392334,20.18000030517578,16.75,16.75,3992300
2020-06-18,22.469999313354492,23.0,19.3799991607666,21.274999618530273,4652100
2020-06-19,22.1200008392334,23.959999084472656,20.950000762939453,22.31999969482422,1797800
2020-06-22,20.1299991607666,22.700000762939453,20.000999450683594,22.579999923706055,1457400
2020-06-23,21.950000762939453,21.979999542236328,20.562000274658203,20.709999084472656,1293400
2020-06-24,20.899999618530273,24.6200008392334,20.19499969482422,21.5,2631900
2020-06-25,24.59000015258789,24.889999389648438,20.25,21.25,2210000
2020-06-26,24.940000534057617,25.059999465942383,22.299999237060547,23.809999465942383,1325100
2020-06-29,21.1200008392334,25.5,21.0,25.1299991607666,2393400
2020-06-30,22.299999237060547,23.56999969482422,21.65999984741211,22.0,1954300
2020-07-01,23.149999618530273,23.93000030517578,21.56999969482422,22.420000076293945,1675700
2020-07-02,26.3799991607666,26.399999618530273,23.700000762939453,23.700000762939453,2028600
2020-07-06,27.690000534057617,29.0,26.610000610351562,27.690000534057617,2358200
2020-07-07,26.260000228881836,27.770000457763672,25.6299991607666,27.68000030517578,1150000
2020-07-08,29.780000686645508,30.59000015258789,26.799999237060547,27.0,1668600
2020-07-09,32.41999816894531,34.939998626708984,30.399999618530273,30.399999618530273,2611100
2020-07-10,30.84000015258789,32.59000015258789,30.600000381469727,32.2400016784668,1142600
2020-07-13,27.780000686645508,31.75,27.5,30.850000381469727,1549200
2020-07-14,26.68000030517578,27.780000686645508,25.0,27.290000915527344,1114700
2020-07-15,29.479999542236328,29.632999420166016,27.100000381469727,27.290000915527344,795400
2020-07-16,26.600000381469727,28.15999984741211,26.350000381469727,27.299999237060547,1079200
2020-07-17,26.93000030517578,27.31999969482422,26.232999801635742,27.31999969482422,451300
2020-07-20,27.329999923706055,27.8799991607666,25.56999969482422,27.024999618530273,722600
2020-07-21,27.889999389648438,28.309999465942383,27.010000228881836,27.3700008392334,471200
2020-07-22,26.989999771118164,27.489999771118164,25.889999389648438,27.0,547800
2020-07-23,25.59000015258789,27.270000457763672,25.280000686645508,27.030000686645508,696800
2020-07-24,22.920000076293945,24.389999389648438,21.809999465942383,24.389999389648438,1351400
2020-07-27,21.889999389648438,23.200000762939453,21.520000457763672,23.1200008392334,492000
2020-07-28,22.770000457763672,23.780000686645508,21.889999389648438,21.889999389648438,565000
2020-07-29,23.540000915527344,24.200000762939453,23.0,23.0,358900
2020-07-30,23.239999771118164,23.899999618530273,22.600000381469727,23.399999618530273,252100
2020-07-31,23.149999618530273,24.100000381469727,22.65999984741211,23.06999969482422,336700
2020-08-03,25.700000762939453,25.799999237060547,23.5,23.579999923706055,606500
2020-08-04,27.700000762939453,28.489999771118164,26.0,26.1299991607666,961000
2020-08-05,27.940000534057617,28.39900016784668,26.18000030517578,28.0,498600
2020-08-06,27.34000015258789,27.850000381469727,26.899999618530273,27.600000381469727,302100
2020-08-07,24.700000762939453,27.34000015258789,24.110000610351562,26.40999984741211,854700
2020-08-10,24.6299991607666,25.950000762939453,23.549999237060547,24.8799991607666,534700
2020-08-11,25.5,26.5,24.700000762939453,25.299999237060547,398000
2020-08-12,26.010000228881836,27.100000381469727,25.940000534057617,26.290000915527344,353800
2020-08-13,26.049999237060547,26.829999923706055,26.030000686645508,26.459999084472656,338300
2020-08-14,24.809999465942383,26.610000610351562,24.6299991607666,26.139999389648438,483700
2020-08-17,27.020000457763672,27.450000762939453,25.600000381469727,25.989999771118164,548200
2020-08-18,27.739999771118164,28.049999237060547,26.799999237060547,27.010000228881836,1307800
2020-08-19,28.18000030517578,29.709999084472656,27.790000915527344,28.0,638000
2020-08-20,26.3799991607666,28.299999237060547,26.329999923706055,28.280000686645508,571900
2020-08-21,29.260000228881836,29.799999237060547,27.0,27.0,964400
2020-08-24,29.950000762939453,31.450000762939453,29.719999313354492,30.100000381469727,1577600
2020-08-25,26.209999084472656,27.729999542236328,26.200000762939453,27.700000762939453,2193500
2020-08-26,26.959999084472656,28.8799991607666,26.94499969482422,27.219999313354492,1608300
2020-08-27,26.219999313354492,27.399999618530273,25.600000381469727,27.0,985300
2020-08-28,25.700000762939453,26.479999542236328,24.700000762939453,26.440000534057617,1281900
2020-08-31,22.760000228881836,25.229999542236328,22.700000762939453,25.100000381469727,2006500
2020-09-01,24.290000915527344,24.350000381469727,23.510000228881836,23.632999420166016,1339000
2020-09-02,24.3799991607666,24.940000534057617,23.700000762939453,24.5,1211700
2020-09-03,24.270000457763672,24.8799991607666,23.5,23.799999237060547,1066400
2020-09-04,23.450000762939453,24.14299964904785,22.299999237060547,23.799999237060547,659900
2020-09-08,21.520000457763672,23.06999969482422,21.479999542236328,22.56999969482422,876100
2020-09-09,22.200000762939453,22.459999084472656,21.6299991607666,22.229999542236328,544200
2020-09-10,22.649999618530273,23.06999969482422,22.09000015258789,22.299999237060547,517300
2020-09-11,24.649999618530273,24.649999618530273,22.469999313354492,22.579999923706055,711100
2020-09-14,25.799999237060547,25.81999969482422,24.030000686645508,24.850000381469727,1245100
2020-09-15,27.5,27.5,25.829999923706055,26.0,1092300
2020-09-16,27.65999984741211,29.489999771118164,26.354999542236328,27.0,1339600
2020-09-17,28.18000030517578,28.729999542236328,26.260000228881836,26.5,556400
2020-09-18,28.6299991607666,28.7549991607666,27.600000381469727,28.639999389648438,538600
2020-09-21,26.920000076293945,27.68000030517578,26.25,27.420000076293945,381200
2020-09-22,26.229999542236328,27.010000228881836,25.809999465942383,26.809999465942383,530700
2020-09-23,24.309999465942383,26.600000381469727,24.219999313354492,26.399999618530273,481500
2020-09-24,23.649999618530273,24.450000762939453,23.31999969482422,24.0,217700
2020-09-25,24.68000030517578,24.850000381469727,23.360000610351562,23.719999313354492,377400
2020-09-28,26.739999771118164,26.8700008392334,25.010000228881836,25.25,718200
2020-09-29,28.559999465942383,28.799999237060547,26.219999313354492,26.459999084472656,1505700
2020-09-30,26.469999313354492,28.489999771118164,26.31999969482422,28.399999618530273,878700
2020-10-01,25.950000762939453,27.479999542236328,25.799999237060547,26.6200008392334,603500
2020-10-02,25.09000015258789,26.889999389648438,24.700000762939453,25.0,530300
2020-10-05,26.100000381469727,26.690000534057617,25.850000381469727,26.489999771118164,470900
2020-10-06,27.1200008392334,28.25,26.139999389648438,26.139999389648438,924000
2020-10-07,27.100000381469727,28.040000915527344,26.729999542236328,27.976999282836914,510400
2020-10-08,27.1299991607666,27.690000534057617,26.530000686645508,27.350000381469727,764900
2020-10-09,29.690000534057617,31.149999618530273,27.309999465942383,27.469999313354492,4003800
2020-10-12,33.400001525878906,34.33000183105469,30.81999969482422,30.81999969482422,2665200
2020-10-13,34.04999923706055,34.5,31.010000228881836,33.0,2364500
2020-10-14,32.75,36.13999938964844,31.81999969482422,34.349998474121094,2580500
2020-10-15,33.709999084472656,34.36000061035156,31.600000381469727,31.75,1280200
2020-10-16,36.90999984741211,37.380001068115234,34.45000076293945,34.45000076293945,2446400
2020-10-19,35.0,37.29999923706055,34.5,36.81999969482422,1686600
2020-10-20,35.0,35.81999969482422,33.959999084472656,35.0,1180300
2020-10-21,35.599998474121094,35.900001525878906,33.06999969482422,35.0,1485100
2020-10-22,34.47999954223633,35.75,33.63999938964844,35.599998474121094,925800
2020-10-23,32.900001525878906,34.36000061035156,31.170000076293945,34.36000061035156,1695500
2020-10-26,32.72999954223633,33.65999984741211,31.34000015258789,32.310001373291016,585600
2020-10-27,32.68000030517578,32.869998931884766,31.5,32.849998474121094,441600
2020-10-28,33.36000061035156,33.470001220703125,30.479999542236328,31.450000762939453,985500
2020-10-29,34.529998779296875,35.349998474121094,33.099998474121094,33.66999816894531,1372900
2020-10-30,33.0099983215332,34.189998626708984,31.81999969482422,33.869998931884766,862300
2020-11-02,32.220001220703125,34.0,31.90999984741211,33.70000076293945,533300
2020-11-03,30.729999542236328,33.108001708984375,30.510000228881836,32.507999420166016,997500
2020-11-04,33.9900016784668,34.349998474121094,31.649999618530273,31.690000534057617,1724200
2020-11-05,37.029998779296875,37.25,35.0,35.0,1674200
2020-11-06,36.290000915527344,37.099998474121094,35.0099983215332,36.34000015258789,1389500
2020-11-09,33.02000045776367,35.275001525878906,31.079999923706055,35.0,1223700
2020-11-10,28.040000915527344,32.630001068115234,27.90999984741211,32.29999923706055,2803400
2020-11-11,31.1200008392334,31.780000686645508,29.149999618530273,29.510000228881836,1979500
2020-11-12,31.959999084472656,32.70000076293945,31.25,32.099998474121094,965000
2020-11-13,34.31999969482422,35.939998626708984,32.15999984741211,32.15999984741211,2980000
2020-11-16,33.59000015258789,34.5,33.099998474121094,33.86000061035156,1149500
2020-11-17,33.45000076293945,34.220001220703125,33.11000061035156,33.20000076293945,814500
2020-11-18,31.889999389648438,33.77000045776367,31.290000915527344,33.5,1315100
2020-11-19,33.58000183105469,34.65999984741211,32.31999969482422,32.4900016784668,1651800
2020-11-20,43.810001373291016,44.900001525878906,34.29999923706055,34.5,3943800
2020-11-23,52.029998779296875,52.369998931884766,44.849998474121094,45.393001556396484,3162300
2020-11-24,48.0,56.90999984741211,46.529998779296875,53.5099983215332,2036200
2020-11-25,56.529998779296875,56.790000915527344,44.72999954223633,46.16999816894531,2883300
2020-11-27,55.77000045776367,56.29999923706055,52.63999938964844,53.9900016784668,1000700
2020-11-30,57.95000076293945,59.47999954223633,53.900001525878906,53.900001525878906,1895400
2020-12-01,56.40999984741211,61.27000045776367,53.79999923706055,54.59000015258789,1837500
2020-12-02,53.599998474121094,53.80500030517578,49.529998779296875,53.79999923706055,2450200
2020-12-03,45.209999084472656,51.08000183105469,44.959999084472656,50.29999923706055,8606000
2020-12-04,43.65999984741211,47.970001220703125,42.97999954223633,46.4739990234375,5575500
2020-12-07,42.83000183105469,43.75,41.599998474121094,43.599998474121094,4793800
2020-12-08,39.90999984741211,44.02000045776367,39.220001220703125,42.0,5956100
2020-12-09,39.4900016784668,41.54999923706055,39.0099983215332,40.599998474121094,3446900
2020-12-10,42.18000030517578,42.29999923706055,38.79999923706055,39.0,3715000
2020-12-11,44.25,44.630001068115234,41.86000061035156,42.630001068115234,4876500
2020-12-14,42.599998474121094,45.0,41.06999969482422,44.61000061035156,3992000
2020-12-15,37.02000045776367,42.599998474121094,36.11000061035156,42.599998474121094,5838200
2020-12-16,38.5099983215332,39.529998779296875,37.7400016784668,38.0,2633400
2020-12-17,38.31999969482422,39.599998474121094,37.75,39.529998779296875,2401000
2020-12-18,40.38999938964844,41.0,37.54199981689453,38.540000915527344,3575500
2020-12-21,37.83000183105469,39.27899932861328,37.540000915527344,38.709999084472656,3752800
2020-12-22,37.0,38.869998931884766,36.400001525878906,38.5099983215332,3480100
2020-12-23,38.09000015258789,38.880001068115234,37.099998474121094,37.790000915527344,1819200
2020-12-24,37.47999954223633,38.88999938964844,36.900001525878906,37.9900016784668,1722100
2020-12-28,37.09000015258789,38.369998931884766,35.720001220703125,37.689998626708984,1733100
2020-12-29,35.84000015258789,37.86000061035156,35.0099983215332,37.2400016784668,1301300
2020-12-30,37.59000015258789,38.81999969482422,35.65999984741211,35.709999084472656,1883000
2020-12-31,36.5,37.849998474121094,34.619998931884766,37.70000076293945,2642500
2021-01-04,37.4900016784668,38.41999816894531,35.88999938964844,37.47999954223633,1660800
2021-01-05,38.63999938964844,40.5,37.70500183105469,37.70500183105469,3754400
2021-01-06,39.900001525878906,40.939998626708984,37.619998931884766,38.0099983215332,3326700
2021-01-07,41.75,43.59000015258789,40.29999923706055,41.720001220703125,3139400
2021-01-08,43.16999816894531,44.29999923706055,41.0099983215332,42.79999923706055,2548000
2021-01-11,45.2400016784668,45.369998931884766,41.15999984741211,41.970001220703125,1968400
2021-01-12,45.18000030517578,46.400001525878906,44.10200119018555,45.0,1731500
2021-01-13,41.220001220703125,45.62799835205078,40.810001373291016,44.95000076293945,3291800
2021-01-14,41.63999938964844,43.7400016784668,41.29999923706055,41.310001373291016,1422700
2021-01-15,43.0,44.380001068115234,41.400001525878906,42.400001525878906,1897000
2021-01-19,44.88999938964844,47.0,43.90999984741211,44.56999969482422,2301800
2021-01-20,43.0099983215332,47.130001068115234,41.63999938964844,46.97999954223633,3268900
2021-01-21,42.90999984741211,43.849998474121094,42.20000076293945,43.529998779296875,977900
2021-01-22,44.95000076293945,44.97999954223633,41.83000183105469,42.4900016784668,1550700
2021-01-25,44.54999923706055,48.709999084472656,43.599998474121094,46.72999954223633,3942800
2021-01-26,45.029998779296875,45.29999923706055,44.099998474121094,45.060001373291016,1894700
2021-01-27,42.83000183105469,44.369998931884766,41.5,43.400001525878906,2397600
2021-01-28,44.68000030517578,45.20000076293945,42.88999938964844,43.189998626708984,1899100
2021-01-29,41.34000015258789,45.099998474121094,41.34000015258789,44.900001525878906,2199200
2021-02-01,43.66999816894531,44.5,42.0099983215332,43.2400016784668,1162100
2021-02-02,44.7400016784668,46.34000015258789,44.31999969482422,44.54999923706055,1379700
2021-02-03,46.099998474121094,47.02000045776367,45.11000061035156,46.02000045776367,1952700
2021-02-04,45.45000076293945,47.29999923706055,44.5,47.18000030517578,1515200
2021-02-05,46.439998626708984,46.529998779296875,44.470001220703125,45.65999984741211,913200
2021-02-08,46.36000061035156,50.5,45.83599853515625,47.29999923706055,2559600
2021-02-09,44.66999816894531,46.29999923706055,43.959999084472656,46.060001373291016,1628800
2021-02-10,44.560001373291016,45.49700164794922,42.6150016784668,44.939998626708984,1673300
2021-02-11,44.93000030517578,46.95000076293945,44.41999816894531,44.86000061035156,1350700
2021-02-12,44.560001373291016,45.27000045776367,44.06999969482422,44.650001525878906,427000
2021-02-16,45.18000030517578,47.0,44.560001373291016,45.779998779296875,1019200
2021-02-17,43.93000030517578,46.0,43.16999816894531,45.029998779296875,997000
2021-02-18,41.72999954223633,43.63999938964844,40.130001068115234,42.880001068115234,1128800
2021-02-19,41.369998931884766,42.70000076293945,41.15999984741211,42.70000076293945,1084700
2021-02-22,39.150001525878906,40.6150016784668,38.38999938964844,40.5,2348800
2021-02-23,37.97999954223633,38.33000183105469,35.0,37.0,2669200
2021-02-24,38.31999969482422,38.47999954223633,36.36000061035156,37.04999923706055,1435300
2021-02-25,36.619998931884766,39.970001220703125,36.42900085449219,37.790000915527344,1209300
2021-02-26,35.459999084472656,36.4900016784668,33.79999923706055,35.755001068115234,1708300
2021-03-01,36.689998626708984,37.0,34.630001068115234,35.689998626708984,958200
2021-03-02,36.15999984741211,38.277000427246094,36.0099983215332,37.0,872900
2021-03-03,34.88999938964844,37.178001403808594,34.34000015258789,36.08000183105469,914500
2021-03-04,32.220001220703125,34.88999938964844,31.040000915527344,33.810001373291016,2213800
2021-03-05,32.5099983215332,33.20000076293945,29.389999389648438,33.02000045776367,1869000
2021-03-08,29.440000534057617,32.68000030517578,29.0,31.06999969482422,1999800
2021-03-09,32.689998626708984,34.43000030517578,31.0,31.0,2250900
2021-03-10,29.489999771118164,33.2599983215332,29.450000762939453,33.2400016784668,2029400
2021-03-11,31.43000030517578,32.0,29.809999465942383,30.549999237060547,1860900
2021-03-12,30.520000457763672,30.864999771118164,29.38599967956543,30.200000762939453,1563500
2021-03-15,30.25,30.889999389648438,29.639999389648438,30.889999389648438,961400
2021-03-16,30.59000015258789,31.479999542236328,30.079999923706055,30.579999923706055,1018600
2021-03-17,31.139999389648438,31.739999771118164,29.350000381469727,29.84000015258789,1248000
2021-03-18,29.459999084472656,31.034000396728516,29.209999084472656,30.739999771118164,771500
2021-03-19,29.299999237060547,29.78499984741211,28.6200008392334,29.6299991607666,1001900
2021-03-22,30.5,33.400001525878906,30.1299991607666,32.45000076293945,3694800
2021-03-23,31.90999984741211,32.59000015258789,30.030000686645508,30.829999923706055,2360100
2021-03-24,27.530000686645508,32.22999954223633,27.299999237060547,31.229999542236328,2772900
2021-03-25,26.280000686645508,26.84000015258789,24.459999084472656,26.0,3210000
2021-03-26,25.709999084472656,26.84000015258789,24.409000396728516,26.1299991607666,1871400
2021-03-29,25.260000228881836,26.790000915527344,24.760000228881836,25.90999984741211,1184300
2021-03-30,26.350000381469727,27.110000610351562,25.260000228881836,25.440000534057617,1152400
2021-03-31,27.139999389648438,27.549999237060547,26.239999771118164,26.8799991607666,970200
2021-04-01,26.809999465942383,27.100000381469727,26.045000076293945,27.100000381469727,1702700
2021-04-05,26.079999923706055,27.079999923706055,25.700000762939453,27.020000457763672,602400
2021-04-06,26.56999969482422,27.139999389648438,25.889999389648438,26.18000030517578,659800
2021-04-07,26.25,26.829999923706055,25.760000228881836,26.829999923706055,697600
2021-04-08,26.170000076293945,27.18000030517578,26.030000686645508,26.940000534057617,567800
2021-04-09,25.639999389648438,26.6299991607666,25.200000762939453,26.170000076293945,726800
2021-04-12,24.81999969482422,26.44499969482422,24.6200008392334,25.540000915527344,790500
2021-04-13,24.969999313354492,25.219999313354492,24.334999084472656,24.969999313354492,706800
2021-04-14,24.899999618530273,25.59000015258789,24.579999923706055,25.0,736000
2021-04-15,24.549999237060547,25.399999618530273,24.18000030517578,25.049999237060547,708400
2021-04-16,24.68000030517578,24.780000686645508,23.739999771118164,24.56999969482422,908400
2021-04-19,23.399999618530273,24.75,23.1299991607666,24.700000762939453,958100
2021-04-20,22.540000915527344,23.530000686645508,22.209999084472656,23.200000762939453,981300
2021-04-21,23.850000381469727,24.030000686645508,22.270000457763672,22.690000534057617,792600
2021-04-22,24.09000015258789,24.770000457763672,23.540000915527344,24.239999771118164,923400
2021-04-23,25.860000610351562,26.079999923706055,24.264999389648438,24.5,1270500
2021-04-26,25.6299991607666,26.270000457763672,25.200000762939453,25.610000610351562,870000
2021-04-27,25.829999923706055,26.209999084472656,24.90999984741211,26.0,962600
2021-04-28,25.040000915527344,25.93000030517578,24.700000762939453,25.5,732100
2021-04-29,24.780000686645508,25.559999465942383,24.360000610351562,25.200000762939453,1046000
2021-04-30,24.040000915527344,24.549999237060547,23.75,24.420000076293945,545200
2021-05-03,24.030000686645508,24.579999923706055,23.610000610351562,24.059999465942383,651100
2021-05-04,23.299999237060547,24.079999923706055,22.940000534057617,24.079999923706055,1268800
2021-05-05,23.010000228881836,23.610000610351562,22.81999969482422,23.399999618530273,678500
2021-05-06,22.65999984741211,23.440000534057617,22.100000381469727,23.18000030517578,990800
2021-05-07,23.34000015258789,23.93000030517578,22.860000610351562,22.950000762939453,577800
2021-05-10,20.959999084472656,23.094999313354492,20.8799991607666,22.950000762939453,1378300
2021-05-11,20.81999969482422,21.100000381469727,19.530000686645508,19.549999237060547,2431000
2021-05-12,21.350000381469727,23.0,20.5,20.5,2917100
2021-05-13,19.920000076293945,21.920000076293945,19.610000610351562,21.3799991607666,1687600
2021-05-14,21.969999313354492,22.219999313354492,20.43000030517578,20.59000015258789,691600
2021-05-17,22.229999542236328,22.649999618530273,21.739999771118164,22.0,727800
2021-05-18,22.899999618530273,23.65999984741211,22.030000686645508,22.549999237060547,835500
2021-05-19,23.469999313354492,23.549999237060547,21.899999618530273,22.200000762939453,847700
2021-05-20,24.219999313354492,24.940000534057617,23.55500030517578,23.829999923706055,1199900
2021-05-21,23.959999084472656,25.0,23.790000915527344,24.600000381469727,968700
2021-05-24,24.8799991607666,25.299999237060547,24.010000228881836,24.31999969482422,1353900
2021-05-25,24.489999771118164,26.020000457763672,24.209999084472656,25.299999237060547,1250300
2021-05-26,25.25,25.8799991607666,24.5,24.690000534057617,931100
2021-05-27,25.510000228881836,25.700000762939453,24.520000457763672,25.25,6374100
2021-05-28,25.1299991607666,25.649999618530273,24.670000076293945,25.520000457763672,1153900
2021-06-01,26.8799991607666,26.969999313354492,25.559999465942383,26.06999969482422,1522300
2021-06-02,25.799999237060547,26.90999984741211,25.559999465942383,26.90999984741211,1190300
2021-06-03,25.43000030517578,25.780000686645508,24.6299991607666,25.760000228881836,809100
2021-06-04,25.40999984741211,26.139999389648438,25.290000915527344,25.899999618530273,743600
2021-06-07,25.739999771118164,26.0049991607666,25.059999465942383,25.700000762939453,794800
2021-06-08,29.329999923706055,29.520000457763672,27.350000381469727,29.0,3214600
2021-06-09,30.889999389648438,31.100000381469727,29.31999969482422,29.655000686645508,2458600
2021-06-10,30.989999771118164,31.010000228881836,29.399999618530273,30.68000030517578,1986200
2021-06-11,31.549999237060547,32.040000915527344,30.8700008392334,31.309999465942383,1149200
2021-06-14,31.989999771118164,32.0,30.795000076293945,30.989999771118164,931800
2021-06-15,29.889999389648438,31.924999237060547,29.75200080871582,31.649999618530273,1612600
2021-06-16,29.770000457763672,30.030000686645508,28.850000381469727,28.8700008392334,915300
2021-06-17,28.5,30.225000381469727,28.329999923706055,29.719999313354492,1717800
2021-06-18,30.15999984741211,31.15999984741211,29.149999618530273,29.389999389648438,4906000
2021-06-21,29.020000457763672,30.04199981689453,28.719999313354492,30.040000915527344,1174300
2021-06-22,29.829999923706055,30.040000915527344,28.790000915527344,28.920000076293945,655200
2021-06-23,30.0,30.600000381469727,29.780000686645508,29.780000686645508,823200
2021-06-24,31.450000762939453,31.489999771118164,30.0,30.0,951300
2021-06-25,31.8799991607666,32.255001068115234,30.770000457763672,31.670000076293945,1087300
2021-06-28,31.790000915527344,32.5,31.559999465942383,31.899999618530273,1137100
2021-06-29,30.989999771118164,31.75,30.809999465942383,31.469999313354492,847700
2021-06-30,29.010000228881836,30.600000381469727,28.93000030517578,30.559999465942383,1152800
2021-07-01,27.530000686645508,29.360000610351562,27.389999389648438,29.110000610351562,1142500
2021-07-02,27.110000610351562,27.90999984741211,26.84000015258789,27.40999984741211,780700
2021-07-06,25.65999984741211,26.739999771118164,25.540000915527344,26.149999618530273,1193700
2021-07-07,25.739999771118164,26.190000534057617,25.40999984741211,25.649999618530273,531900
2021-07-08,24.649999618530273,25.0,23.93000030517578,24.979999542236328,1716300
2021-07-09,26.209999084472656,26.28499984741211,24.850000381469727,25.0,1147600
2021-07-12,26.540000915527344,26.770000457763672,25.700000762939453,26.299999237060547,792100
2021-07-13,26.520000457763672,27.06999969482422,26.25,26.600000381469727,923200
2021-07-14,25.68000030517578,26.78499984741211,25.59000015258789,26.610000610351562,891900
2021-07-15,26.520000457763672,26.584999084472656,25.100000381469727,25.540000915527344,1193300
2021-07-16,25.209999084472656,26.989999771118164,25.0,26.610000610351562,1085700
2021-07-19,25.290000915527344,25.540000915527344,23.86400032043457,24.559999465942383,960700
2021-07-20,24.670000076293945,25.520000457763672,23.530000686645508,25.170000076293945,938000
2021-07-21,25.59000015258789,25.8700008392334,24.540000915527344,24.540000915527344,935200
2021-07-22,24.8700008392334,25.93000030517578,24.799999237060547,25.639999389648438,288100
2021-07-23,23.469999313354492,24.489999771118164,22.700000762939453,23.799999237060547,1213600
2021-07-26,20.989999771118164,22.389999389648438,20.510000228881836,22.030000686645508,2364800
2021-07-27,19.010000228881836,20.959999084472656,18.729999542236328,20.049999237060547,2812600
2021-07-28,21.15999984741211,22.0,20.110000610351562,20.18000030517578,1950100
2021-07-29,21.440000534057617,22.600000381469727,20.739999771118164,21.90999984741211,1261800
2021-07-30,21.59000015258789,21.90999984741211,20.780000686645508,21.040000915527344,582600
2021-08-02,21.770000457763672,22.549999237060547,21.209999084472656,21.65999984741211,1334700
2021-08-03,21.510000228881836,22.149999618530273,21.18000030517578,21.56999969482422,774700
2021-08-04,20.790000915527344,22.520000457763672,20.739999771118164,21.459999084472656,835400
2021-08-05,20.440000534057617,20.790000915527344,19.549999237060547,20.610000610351562,1171000
2021-08-06,20.43000030517578,20.850000381469727,20.040000915527344,20.739999771118164,465500
2021-08-09,21.139999389648438,21.3700008392334,20.165000915527344,20.510000228881836,1074700
2021-08-10,21.520000457763672,21.809999465942383,20.799999237060547,21.540000915527344,1086100
2021-08-11,22.209999084472656,22.43000030517578,21.059999465942383,21.5,927900
2021-08-12,22.030000686645508,22.31999969482422,21.229999542236328,21.540000915527344,653900
2021-08-13,21.350000381469727,22.010000228881836,21.25,21.90999984741211,418700
2021-08-16,19.1299991607666,20.93000030517578,19.06999969482422,20.93000030517578,856500
2021-08-17,18.780000686645508,19.1299991607666,18.3799991607666,18.829999923706055,908800
2021-08-18,19.489999771118164,19.829999923706055,18.65999984741211,19.309999465942383,658800
2021-08-19,17.889999389648438,19.489999771118164,17.56999969482422,18.729999542236328,1456700
2021-08-20,19.5,20.440000534057617,18.190000534057617,18.200000762939453,1257200
2021-08-23,20.059999465942383,20.6200008392334,19.559999465942383,19.8799991607666,1189700
2021-08-24,22.729999542236328,23.125,20.579999923706055,20.579999923706055,1982700
2021-08-25,22.780000686645508,23.010000228881836,21.75,22.030000686645508,713000
2021-08-26,22.579999923706055,23.079999923706055,22.034000396728516,22.270000457763672,465700
2021-08-27,22.18000030517578,22.610000610351562,21.579999923706055,22.260000228881836,575200
2021-08-30,22.700000762939453,22.969999313354492,21.209999084472656,22.239999771118164,571700
2021-08-31,23.68000030517578,23.739999771118164,22.530000686645508,23.0,1801900
2021-09-01,25.31999969482422,25.829999923706055,23.489999771118164,23.600000381469727,2791300
2021-09-02,25.020000457763672,25.440000534057617,24.889999389648438,25.229999542236328,580400
2021-09-03,25.479999542236328,25.600000381469727,24.700000762939453,24.790000915527344,376700
2021-09-07,26.40999984741211,26.899999618530273,25.8799991607666,26.049999237060547,1068100
2021-09-08,25.18000030517578,26.049999237060547,23.6200008392334,24.600000381469727,1083100
2021-09-09,26.010000228881836,26.75,24.360000610351562,24.540000915527344,646900
2021-09-10,25.790000915527344,26.799999237060547,25.709999084472656,26.34000015258789,605500
2021-09-13,21.290000915527344,24.1299991607666,21.15999984741211,23.989999771118164,3025900
2021-09-14,19.510000228881836,21.8799991607666,19.260000228881836,21.709999084472656,2622400
2021-09-15,21.829999923706055,22.09000015258789,19.1200008392334,19.40999984741211,2324600
2021-09-16,21.850000381469727,22.010000228881836,20.719999313354492,21.329999923706055,926600
2021-09-17,21.84000015258789,22.139999389648438,21.229999542236328,22.020000457763672,1362000
2021-09-20,20.040000915527344,20.579999923706055,19.6200008392334,20.40999984741211,952300
2021-09-21,20.299999237060547,20.43000030517578,19.899999618530273,20.149999618530273,768500
2021-09-22,20.5,21.149999618530273,20.149999618530273,20.34000015258789,992000
2021-09-23,22.0,22.049999237060547,20.510000228881836,21.010000228881836,1359300
2021-09-24,20.040000915527344,21.40999984741211,19.950000762939453,21.260000228881836,1157600
2021-09-27,20.610000610351562,20.799999237060547,19.75,20.149999618530273,1191800
2021-09-28,19.780000686645508,20.5,19.600000381469727,20.229999542236328,1091900
2021-09-29,19.540000915527344,20.110000610351562,19.399999618530273,19.8799991607666,786300
2021-09-30,20.040000915527344,20.600000381469727,19.65999984741211,19.65999984741211,1029600
2021-10-01,19.889999389648438,20.40999984741211,19.25,20.09000015258789,468000
2021-10-04,18.440000534057617,19.530000686645508,18.110000610351562,19.399999618530273,986900
2021-10-05,18.829999923706055,19.25,18.450000762939453,18.520000457763672,634600
2021-10-06,18.899999618530273,19.100000381469727,18.219999313354492,18.25,449200
2021-10-07,20.270000457763672,20.424999237060547,19.469999313354492,19.600000381469727,633800
2021-10-08,20.56999969482422,20.940000534057617,19.93000030517578,19.950000762939453,616700
2021-10-11,20.1299991607666,21.520000457763672,20.09000015258789,21.235000610351562,531200
2021-10-12,20.190000534057617,20.790000915527344,20.049999237060547,20.420000076293945,542100
2021-10-13,21.440000534057617,21.540000915527344,20.360000610351562,20.440000534057617,502000
2021-10-14,20.700000762939453,21.270000457763672,20.209999084472656,21.190000534057617,643200
2021-10-15,21.899999618530273,22.030000686645508,20.610000610351562,20.899999618530273,883200
2021-10-18,22.1299991607666,22.329999923706055,21.635000228881836,21.889999389648438,554900
2021-10-19,22.799999237060547,22.959999084472656,22.299999237060547,22.5,1160500
2021-10-20,23.1299991607666,23.43000030517578,22.829999923706055,22.940000534057617,649700
2021-10-21,23.200000762939453,23.34000015258789,22.540000915527344,22.700000762939453,775000
2021-10-22,22.81999969482422,23.5,22.540000915527344,23.25,580700
2021-10-25,23.139999389648438,23.850000381469727,22.781999588012695,22.90999984741211,1161100
2021-10-26,21.639999389648438,23.34000015258789,20.84000015258789,23.100000381469727,915300
2021-10-27,21.959999084472656,22.5,21.3700008392334,21.399999618530273,415000
2021-10-28,21.719999313354492,21.8799991607666,20.8799991607666,21.5,772800
2021-10-29,20.309999465942383,21.850000381469727,20.25,21.5,1128100
2021-11-01,21.90999984741211,21.969999313354492,20.533000946044922,20.65999984741211,847300
2021-11-02,20.760000228881836,21.65999984741211,20.5,21.510000228881836,708500
2021-11-03,20.989999771118164,21.242000579833984,20.68000030517578,20.959999084472656,468100
2021-11-04,20.579999923706055,21.709999084472656,20.549999237060547,21.200000762939453,746500
2021-11-05,20.360000610351562,21.200000762939453,20.260000228881836,20.649999618530273,640400
2021-11-08,20.579999923706055,21.239999771118164,20.489999771118164,20.690000534057617,413900
2021-11-09,20.969999313354492,21.204999923706055,20.34000015258789,20.649999618530273,1314900
2021-11-10,21.65999984741211,22.760000228881836,21.0,21.25,1450200
2021-11-11,23.139999389648438,23.239999771118164,22.06999969482422,22.25,1123400
2021-11-12,24.1200008392334,24.280000686645508,22.709999084472656,23.040000915527344,675600
2021-11-15,23.979999542236328,24.829999923706055,23.860000610351562,24.110000610351562,613100
2021-11-16,24.200000762939453,24.809999465942383,23.739999771118164,24.31999969482422,596700
2021-11-17,23.229999542236328,24.0,22.600000381469727,24.0,603500
2021-11-18,23.06999969482422,23.700000762939453,22.5,22.760000228881836,606600
2021-11-19,23.469999313354492,24.149999618530273,22.920000076293945,23.229999542236328,765200
2021-11-22,21.799999237060547,24.079999923706055,21.65999984741211,23.540000915527344,987300
2021-11-23,21.799999237060547,22.520000457763672,20.90999984741211,21.8799991607666,877300
2021-11-24,23.610000610351562,24.010000228881836,21.420000076293945,21.799999237060547,1980100
2021-11-26,22.790000915527344,23.110000610351562,22.200000762939453,22.770000457763672,752400
2021-11-29,21.360000610351562,22.899999618530273,20.920000076293945,22.75,853200
2021-11-30,18.06999969482422,21.479999542236328,16.739999771118164,21.049999237060547,4548400
2021-12-01,17.850000381469727,19.290000915527344,17.78499984741211,18.600000381469727,1555100
2021-12-02,18.280000686645508,19.030000686645508,17.760000228881836,18.0,1523000
2021-12-03,14.720000267028809,17.950000762939453,14.640000343322754,17.8700008392334,2333400
2021-12-06,15.15999984741211,15.529999732971191,14.399999618530273,14.789999961853027,1368400
2021-12-07,17.260000228881836,17.68000030517578,16.25,16.31999969482422,1017500
2021-12-08,17.329999923706055,17.770000457763672,16.229999542236328,17.079999923706055,730300
2021-12-09,16.93000030517578,18.0,16.729999542236328,17.350000381469727,520200
2021-12-10,16.8700008392334,17.2549991607666,16.360000610351562,16.860000610351562,768100
2021-12-13,15.640000343322754,16.709999084472656,15.329999923706055,16.56999969482422,752800
2021-12-14,15.1899995803833,15.4399995803833,14.75,15.199999809265137,969900
2021-12-15,14.15999984741211,15.079999923706055,13.40999984741211,14.710000038146973,1310500
2021-12-16,13.949999809265137,14.704999923706055,13.520000457763672,14.15999984741211,1062900
2021-12-17,14.3100004196167,14.42300033569336,12.729999542236328,13.720000267028809,1599700
2021-12-20,13.25,13.819999694824219,12.869999885559082,13.819999694824219,1288900
2021-12-21,14.329999923706055,14.470000267028809,13.319999694824219,13.510000228881836,3662300
2021-12-22,14.09000015258789,14.329999923706055,13.510000228881836,14.0,591600
2021-12-23,14.010000228881836,14.140000343322754,13.09000015258789,13.850000381469727,785300
2021-12-27,13.420000076293945,14.140000343322754,13.329999923706055,13.699999809265137,731100
2021-12-28,12.970000267028809,13.4399995803833,12.84000015258789,13.4399995803833,985300
2021-12-29,11.90999984741211,12.970000267028809,11.75,12.9399995803833,2080400
2021-12-30,13.479999542236328,14.0,11.989999771118164,12.079999923706055,2165400
2021-12-31,13.15999984741211,13.479999542236328,12.819999694824219,13.100000381469727,2038200
2022-01-03,13.170000076293945,13.479999542236328,12.380000114440918,13.0,950400
2022-01-04,11.449999809265137,12.880000114440918,11.039999961853027,12.880000114440918,1925700
2022-01-05,10.619999885559082,11.600000381469727,10.520000457763672,11.489999771118164,1579500
2022-01-06,11.069999694824219,11.329999923706055,10.270000457763672,10.739999771118164,1896800
2022-01-07,11.470000267028809,11.65999984741211,10.619000434875488,10.829999923706055,1017300
2022-01-10,11.319999694824219,11.600000381469727,10.920000076293945,11.5,917500
2022-01-11,12.180000305175781,12.420000076293945,11.25,11.350000381469727,1039500
2022-01-12,12.319999694824219,13.020000457763672,12.050000190734863,12.539999961853027,1130200
2022-01-13,11.489999771118164,12.085000038146973,11.420000076293945,12.0,748800
2022-01-14,11.899999618530273,12.399999618530273,11.510000228881836,11.829999923706055,822600
2022-01-18,11.4399995803833,12.069999694824219,11.25,11.300000190734863,776200
2022-01-19,11.279999732971191,11.6899995803833,11.079999923706055,11.5600004196167,996800
2022-01-20,11.449999809265137,12.75,11.359999656677246,11.979999542236328,2281700
2022-01-21,11.260000228881836,11.869999885559082,11.130000114440918,11.5,1078400
2022-01-24,10.9399995803833,11.039999961853027,10.225000381469727,10.829999923706055,1826900
2022-01-25,10.819999694824219,11.170000076293945,10.3100004196167,10.65999984741211,784600
2022-01-26,10.3100004196167,11.319999694824219,10.220000267028809,11.199999809265137,826600
2022-01-27,9.3100004196167,10.48799991607666,9.229999542236328,10.430000305175781,1117300
2022-01-28,9.199999809265137,9.359999656677246,8.680000305175781,9.335000038146973,903000
2022-01-31,10.920000076293945,11.119999885559082,9.375,9.460000038146973,1364800
2022-02-01,11.329999923706055,11.479999542236328,10.850000381469727,10.960000038146973,585100
2022-02-02,10.239999771118164,11.390000343322754,10.15999984741211,11.390000343322754,767700
2022-02-03,9.699999809265137,10.130000114440918,9.65999984741211,10.010000228881836,568000
2022-02-04,9.819999694824219,10.125,9.420000076293945,9.65999984741211,799700
2022-02-07,9.649999618530273,10.25,9.460000038146973,9.75,633000
2022-02-08,10.239999771118164,10.265000343322754,9.529999732971191,9.529999732971191,691000
2022-02-09,11.079999923706055,11.1899995803833,10.4399995803833,10.5600004196167,1029400
2022-02-10,10.520000457763672,11.239999771118164,10.460000038146973,10.550000190734863,606900
2022-02-11,10.079999923706055,11.0600004196167,9.9350004196167,10.529999732971191,644500
2022-02-14,10.079999923706055,10.430000305175781,9.890000343322754,9.979999542236328,411800
2022-02-15,10.850000381469727,10.904999732971191,10.180000305175781,10.390000343322754,496500
2022-02-16,10.800000190734863,11.0,10.460000038146973,10.770000457763672,578200
2022-02-17,10.399999618530273,11.15999984741211,10.279999732971191,10.779999732971191,417900
2022-02-18,9.880000114440918,10.3100004196167,9.680000305175781,10.109999656677246,522300
2022-02-22,9.119999885559082,9.9399995803833,9.050000190734863,9.34000015258789,679900
2022-02-23,8.970000267028809,9.670000076293945,8.90999984741211,9.279999732971191,2381500
2022-02-24,9.270000457763672,9.300000190734863,8.119999885559082,8.260000228881836,705400
2022-02-25,9.630000114440918,10.1899995803833,9.029999732971191,10.1899995803833,1008500
2022-02-28,8.3100004196167,9.626999855041504,8.180000305175781,9.626999855041504,2235200
2022-03-01,8.010000228881836,8.520000457763672,7.880000114440918,8.350000381469727,1437100
2022-03-02,8.220000267028809,8.279999732971191,7.829999923706055,8.109999656677246,1261700
2022-03-03,7.170000076293945,8.380000114440918,7.010000228881836,8.239999771118164,1164600
2022-03-04,6.909999847412109,7.559999942779541,6.840000152587891,7.21999979019165,1251800
2022-03-07,6.739999771118164,7.079999923706055,6.71999979019165,6.860000133514404,1609000
2022-03-08,6.440000057220459,6.900000095367432,6.309999942779541,6.579999923706055,2040700
2022-03-09,8.100000381469727,8.1899995803833,6.800000190734863,6.800000190734863,3399200
2022-03-10,7.099999904632568,7.46999979019165,6.699999809265137,7.400000095367432,1564500
2022-03-11,7.050000190734863,7.980000019073486,6.869999885559082,7.980000019073486,3517600
2022-03-14,5.150000095367432,6.565000057220459,5.0,6.565000057220459,3332700
2022-03-15,5.889999866485596,5.989999771118164,5.0,5.099999904632568,4021800
2022-03-16,8.869999885559082,9.199999809265137,7.480000019073486,7.71999979019165,7791100
2022-03-17,8.649999618530273,8.899999618530273,8.210000038146973,8.229999542236328,2638000
2022-03-18,9.529999732971191,10.28499984741211,8.739999771118164,8.8100004196167,3702100
2022-03-21,8.760000228881836,9.699999809265137,8.710000038146973,9.260000228881836,1592800
2022-03-22,9.989999771118164,10.359999656677246,9.289999961853027,9.289999961853027,2262300
2022-03-23,10.149999618530273,10.789999961853027,9.600000381469727,9.760000228881836,1694500
2022-03-24,10.239999771118164,10.350000381469727,9.710000038146973,10.0,3458300
2022-03-25,9.199999809265137,9.880000114440918,9.104999542236328,9.75,2376400
2022-03-28,9.569999694824219,9.930000305175781,9.220000267028809,9.279999732971191,2271100
2022-03-29,10.0,10.569999694824219,9.881999969482422,9.881999969482422,2281400
2022-03-30,9.579999923706055,10.239999771118164,9.510000228881836,9.829999923706055,764700
2022-03-31,9.130000114440918,9.710000038146973,9.109999656677246,9.5,2042200
2022-04-01,9.979999542236328,10.5,9.819999694824219,10.039999961853027,3040400
2022-04-04,10.229999542236328,10.760000228881836,9.949999809265137,10.760000228881836,4026000
2022-04-05,9.609999656677246,10.15999984741211,9.529999732971191,10.109999656677246,1465800
2022-04-06,9.380000114440918,9.4399995803833,8.899999618530273,9.420000076293945,1741300
2022-04-07,8.8100004196167,9.260000228881836,8.5600004196167,9.140000343322754,1459400
2022-04-08,8.859999656677246,9.050000190734863,8.569999694824219,8.739999771118164,803700
2022-04-11,8.649999618530273,8.989999771118164,8.25,8.550000190734863,949300
2022-04-12,8.90999984741211,9.4399995803833,8.729999542236328,8.729999542236328,1280200
2022-04-13,9.100000381469727,9.350000381469727,8.640000343322754,9.0,760700
2022-04-14,9.180000305175781,9.489999771118164,9.09000015258789,9.15999984741211,931400
2022-04-18,8.170000076293945,8.949999809265137,8.050000190734863,8.859999656677246,1032000
2022-04-19,8.149999618530273,8.229999542236328,7.739999771118164,8.010000228881836,725400
2022-04-20,7.590000152587891,8.149999618530273,7.579999923706055,8.149999618530273,581400
2022-04-21,7.260000228881836,7.949999809265137,7.139999866485596,7.800000190734863,747400
2022-04-22,7.46999979019165,8.020000457763672,7.269999980926514,7.28000020980835,1240600
2022-04-25,7.690000057220459,7.739999771118164,7.010000228881836,7.224999904632568,838000
2022-04-26,7.110000133514404,7.739999771118164,7.070000171661377,7.599999904632568,1034000
2022-04-27,6.920000076293945,7.619999885559082,6.809999942779541,7.239999771118164,1504900
2022-04-28,7.090000152587891,7.28000020980835,6.630000114440918,7.050000190734863,645400
2022-04-29,7.630000114440918,8.095000267028809,7.440000057220459,7.900000095367432,2155100
2022-05-02,8.0,8.109999656677246,7.489999771118164,7.519999980926514,881900
2022-05-03,8.1899995803833,8.449999809265137,7.889999866485596,7.920000076293945,604000
2022-05-04,8.289999961853027,8.3100004196167,7.610000133514404,7.989999771118164,615200
2022-05-05,7.599999904632568,7.989999771118164,7.400000095367432,7.880000114440918,653700
2022-05-06,6.940000057220459,7.449999809265137,6.860000133514404,7.409999847412109,2284700
2022-05-09,5.989999771118164,6.75,5.940000057220459,6.699999809265137,940500
2022-05-10,6.090000152587891,6.360000133514404,5.75,6.21999979019165,1947500
2022-05-11,5.679999828338623,6.460000038146973,5.574999809265137,6.239999771118164,2149700
2022-05-12,5.909999847412109,6.019999980926514,5.309999942779541,5.579999923706055,1926500
2022-05-13,6.550000190734863,6.709000110626221,6.079999923706055,6.099999904632568,3034900
2022-05-16,6.929999828338623,7.539999961853027,6.820000171661377,7.039999961853027,2094400
2022-05-17,6.820000171661377,8.130000114440918,6.570000171661377,7.449999809265137,3203600
2022-05-18,6.630000114440918,7.28000020980835,6.46999979019165,6.570000171661377,2167500
2022-05-19,7.139999866485596,7.360000133514404,6.510000228881836,6.519999980926514,1581100
2022-05-20,6.730000019073486,7.420000076293945,6.599999904632568,7.230000019073486,1289700
2022-05-23,6.550000190734863,6.769999980926514,6.2270002365112305,6.730000019073486,824500
2022-05-24,5.730000019073486,6.329999923706055,5.559999942779541,6.329999923706055,1588800
2022-05-25,6.010000228881836,6.079999923706055,5.605000019073486,5.800000190734863,1132200
2022-05-26,6.579999923706055,6.679999828338623,6.099999904632568,6.099999904632568,1378800
2022-05-27,6.840000152587891,6.869999885559082,6.300000190734863,6.619999885559082,1504100
2022-05-31,7.550000190734863,7.800000190734863,7.0,7.1620001792907715,8072200
2022-06-01,7.420000076293945,7.659999847412109,7.170000076293945,7.659999847412109,1594800
2022-06-02,7.760000228881836,7.880000114440918,7.429999828338623,7.429999828338623,1092000
2022-06-03,7.46999979019165,7.699999809265137,7.210000038146973,7.690000057220459,825500
2022-06-06,7.909999847412109,8.489999771118164,7.880000114440918,8.010000228881836,1207700
2022-06-07,7.889999866485596,8.210000038146973,7.75,7.829999923706055,1205600
2022-06-08,8.6899995803833,8.765000343322754,8.15999984741211,8.199999809265137,2221000
2022-06-09,8.069999694824219,8.520000457763672,8.010000228881836,8.460000038146973,1254600
2022-06-10,7.630000114440918,8.4399995803833,7.610000133514404,8.069999694824219,2533900
2022-06-13,6.869999885559082,7.409999847412109,6.695000171661377,7.239999771118164,1256000
2022-06-14,6.989999771118164,7.28000020980835,6.78000020980835,7.070000171661377,1799700
2022-06-15,7.579999923706055,7.75,7.110000133514404,7.110000133514404,1605600
2022-06-16,7.059999942779541,7.184999942779541,6.889999866485596,7.050000190734863,1342200
2022-06-17,7.659999847412109,7.869999885559082,7.260000228881836,7.53000020980835,1054700
2022-06-21,8.0,8.380000114440918,7.809999942779541,8.0,957700
2022-06-22,8.0600004196167,8.220000267028809,7.5920000076293945,7.650000095367432,626400
2022-06-23,8.5600004196167,8.585000038146973,8.029999732971191,8.260000228881836,1169000
2022-06-24,8.84000015258789,9.15999984741211,8.630000114440918,8.699999809265137,1700100
2022-06-27,8.609999656677246,9.130000114440918,8.510000228881836,9.0,1745100
2022-06-28,8.600000381469727,9.130000114440918,8.470000267028809,8.630000114440918,777900
2022-06-29,8.09000015258789,8.539999961853027,8.041999816894531,8.380000114440918,830200
2022-06-30,8.109999656677246,8.220000267028809,7.699999809265137,7.980000019073486,1327100
2022-07-01,8.680000305175781,8.720000267028809,8.15999984741211,8.15999984741211,481400
2022-07-05,9.430000305175781,9.449999809265137,8.460000038146973,8.600000381469727,857800
2022-07-06,8.869999885559082,9.380000114440918,8.699999809265137,9.350000381469727,768600
2022-07-07,8.989999771118164,9.359999656677246,8.680000305175781,9.0,550600
2022-07-08,8.510000228881836,8.890000343322754,8.430000305175781,8.880000114440918,574500
2022-07-11,7.829999923706055,8.220000267028809,7.770999908447266,8.109999656677246,944400
2022-07-12,8.010000228881836,8.119999885559082,7.630000114440918,7.800000190734863,516700
2022-07-13,8.069999694824219,8.319999694824219,7.730000019073486,7.75,574000
2022-07-14,7.619999885559082,8.180000305175781,7.480000019073486,8.0,536300
2022-07-15,7.360000133514404,7.789999961853027,7.125,7.599999904632568,565300
2022-07-18,7.519999980926514,7.90500020980835,7.460000038146973,7.539999961853027,685000
2022-07-19,7.929999828338623,7.980000019073486,7.5,7.599999904632568,717400
2022-07-20,7.690000057220459,8.119999885559082,7.559999942779541,7.949999809265137,617100
2022-07-21,7.940000057220459,8.270000457763672,7.739999771118164,7.739999771118164,527300
2022-07-22,7.489999771118164,7.929999828338623,7.449999809265137,7.900000095367432,621800
2022-07-25,7.585000038146973,7.599999904632568,7.329999923706055,7.539999961853027,286700
2022-07-26,7.230000019073486,7.610000133514404,7.130000114440918,7.590000152587891,419100
2022-07-27,7.320000171661377,7.400000095367432,7.019999980926514,7.400000095367432,465000
2022-07-28,6.929999828338623,7.420000076293945,6.849999904632568,7.199999809265137,562600
2022-07-29,6.429999828338623,6.710000038146973,6.349999904632568,6.679999828338623,683500
2022-08-01,6.010000228881836,6.53000020980835,5.889999866485596,6.260000228881836,1133700
2022-08-02,6.210000038146973,6.440000057220459,5.889999866485596,5.900000095367432,932200
2022-08-03,6.329999923706055,6.400000095367432,6.039999961853027,6.210000038146973,664800
2022-08-04,6.820000171661377,7.010000228881836,6.550000190734863,6.610000133514404,934800
2022-08-05,6.659999847412109,6.78000020980835,6.519999980926514,6.630000114440918,434700
2022-08-08,6.639999866485596,6.880000114440918,6.599999904632568,6.670000076293945,447700
2022-08-09,6.320000171661377,6.679999828338623,6.260000228881836,6.53000020980835,574700
2022-08-10,6.650000095367432,6.739999771118164,6.309999942779541,6.380000114440918,477100
2022-08-11,6.820000171661377,7.300000190734863,6.789999961853027,6.789999961853027,654400
2022-08-12,6.829999923706055,6.909999847412109,6.590000152587891,6.610000133514404,406300
2022-08-15,7.0,7.039999961853027,6.559999942779541,6.679999828338623,479100
2022-08-16,6.960000038146973,7.070000171661377,6.769999980926514,6.869999885559082,306200
2022-08-17,6.679999828338623,7.070000171661377,6.659999847412109,6.929999828338623,356500
2022-08-18,6.449999809265137,6.650000095367432,6.380000114440918,6.599999904632568,446300
2022-08-19,6.25,6.53000020980835,6.179999828338623,6.409999847412109,459400
2022-08-22,6.53000020980835,6.579999923706055,6.110000133514404,6.260000228881836,753800
2022-08-23,6.300000190734863,7.28000020980835,5.829999923706055,6.760000228881836,1373000
2022-08-24,6.690000057220459,6.96999979019165,6.340000152587891,6.360000133514404,833100
2022-08-25,7.179999828338623,7.25,6.78000020980835,7.110000133514404,1385600
2022-08-26,7.199999809265137,7.880000114440918,7.039999961853027,7.675000190734863,1495600
2022-08-29,6.690000057220459,7.668000221252441,6.625,7.179999828338623,1259800
2022-08-30,6.190000057220459,6.829999923706055,6.119999885559082,6.699999809265137,690100
2022-08-31,6.46999979019165,6.53000020980835,6.199999809265137,6.300000190734863,686800
2022-09-01,6.150000095367432,6.34499979019165,5.980000019073486,6.309999942779541,971400
2022-09-02,5.820000171661377,6.130000114440918,5.619999885559082,6.130000114440918,1814200
2022-09-06,5.639999866485596,5.869999885559082,5.614999771118164,5.820000171661377,537700
2022-09-07,5.920000076293945,5.929999828338623,5.610000133514404,5.619999885559082,415800
2022-09-08,5.800000190734863,5.90500020980835,5.670000076293945,5.78000020980835,426400
2022-09-09,6.170000076293945,6.260000228881836,5.980000019073486,5.980000019073486,649600
2022-09-12,6.300000190734863,6.340000152587891,6.079999923706055,6.25,562800
2022-09-13,5.949999809265137,6.170000076293945,5.940000057220459,6.050000190734863,353100
2022-09-14,5.739999771118164,5.980000019073486,5.690000057220459,5.980000019073486,513700
2022-09-15,5.639999866485596,5.804999828338623,5.619999885559082,5.659999847412109,348900
2022-09-16,5.329999923706055,5.625,5.25,5.599999904632568,1344500
2022-09-19,5.300000190734863,5.420000076293945,5.170000076293945,5.420000076293945,763200
2022-09-20,5.349999904632568,5.369999885559082,5.199999809265137,5.28000020980835,722200
2022-09-21,4.869999885559082,5.429999828338623,4.849999904632568,5.289999961853027,820600
2022-09-22,4.760000228881836,4.960000038146973,4.699999809265137,4.849999904632568,593100
2022-09-23,4.739999771118164,4.760000228881836,4.579999923706055,4.619999885559082,813300
2022-09-26,4.78000020980835,5.039999961853027,4.739999771118164,4.800000190734863,1044200
2022-09-27,4.829999923706055,5.059999942779541,4.695000171661377,4.880000114440918,694400
2022-09-28,4.820000171661377,4.860000133514404,4.619999885559082,4.699999809265137,1245100
2022-09-29,4.630000114440918,4.769999980926514,4.429999828338623,4.639999866485596,780200
2022-09-30,4.730000019073486,4.849999904632568,4.570000171661377,4.570000171661377,802500
2022-10-03,4.889999866485596,4.965000152587891,4.670000076293945,4.71999979019165,601200
2022-10-04,5.420000076293945,5.590000152587891,5.0,5.019999980926514,1261900
2022-10-05,5.429999828338623,5.739999771118164,5.335000038146973,5.400000095367432,879500
2022-10-06,5.400000095367432,5.550000190734863,5.355000019073486,5.360000133514404,349300
2022-10-07,5.059999942779541,5.28000020980835,5.039999961853027,5.239999771118164,358000
2022-10-10,4.829999923706055,5.059999942779541,4.775000095367432,4.960000038146973,366300
2022-10-11,4.489999771118164,4.739999771118164,4.420000076293945,4.710000038146973,451400
2022-10-12,4.420000076293945,4.559999942779541,4.309999942779541,4.460000038146973,453300
2022-10-13,4.170000076293945,4.210000038146973,3.9200000762939453,4.170000076293945,818400
2022-10-14,4.079999923706055,4.289999961853027,4.045000076293945,4.289999961853027,568100
2022-10-17,4.159999847412109,4.389999866485596,4.050000190734863,4.239999771118164,621800
2022-10-18,4.139999866485596,4.409999847412109,4.110000133514404,4.329999923706055,464200
2022-10-19,3.759999990463257,4.03000020980835,3.740000009536743,4.0,798000
2022-10-20,3.7799999713897705,4.125,3.759999990463257,3.819999933242798,703500
2022-10-21,3.869999885559082,3.9000000953674316,3.4700000286102295,3.7200000286102295,763900
2022-10-24,3.309999942779541,3.369999885559082,3.015000104904175,3.2899999618530273,1571400
2022-10-25,3.359999895095825,3.430000066757202,3.1500000953674316,3.3499999046325684,1425400
2022-10-26,3.5999999046325684,3.9100000858306885,3.390000104904175,3.4600000381469727,1229300
2022-10-27,3.369999885559082,3.5989999771118164,3.365000009536743,3.490000009536743,826100
2022-10-28,3.140000104904175,3.369999885559082,3.049999952316284,3.240000009536743,1202100
2022-10-31,3.0899999141693115,3.1500000953674316,3.0,3.0899999141693115,1399900
2022-11-01,3.130000114440918,3.700000047683716,3.0850000381469727,3.359999895095825,2341300
2022-11-02,3.059999942779541,3.25,3.0,3.1500000953674316,851700
2022-11-03,3.1700000762939453,3.319999933242798,2.9800000190734863,2.9800000190734863,532000
2022-11-04,3.7100000381469727,3.7200000286102295,3.309999942779541,3.5899999141693115,1491300
2022-11-07,3.5899999141693115,3.799999952316284,3.5,3.759999990463257,713900
2022-11-08,3.490000009536743,3.559999942779541,3.299999952316284,3.5299999713897705,696900
2022-11-09,3.109999895095825,3.4000000953674316,3.0899999141693115,3.4000000953674316,957500
2022-11-10,3.5899999141693115,3.619999885559082,3.3499999046325684,3.3499999046325684,608600
2022-11-11,4.019999980926514,4.059999942779541,3.6600000858306885,3.6600000858306885,1286200
2022-11-14,4.099999904632568,4.260000228881836,4.09499979019165,4.099999904632568,990300
2022-11-15,5.03000020980835,5.130000114440918,4.494999885559082,4.5,1915700
2022-11-16,5.139999866485596,5.179999828338623,4.829999923706055,4.849999904632568,1667000
2022-11-17,5.579999923706055,5.599999904632568,4.849999904632568,4.980000019073486,1586200
2022-11-18,5.369999885559082,5.559999942779541,5.019999980926514,5.300000190734863,1882500
2022-11-21,4.849999904632568,5.28000020980835,4.84499979019165,5.050000190734863,789800
2022-11-22,4.340000152587891,4.920000076293945,4.210000038146973,4.849999904632568,1615400
2022-11-23,4.650000095367432,4.670000076293945,4.400000095367432,4.460000038146973,468500
2022-11-25,4.650000095367432,4.670000076293945,4.429999828338623,4.440000057220459,251300
2022-11-28,5.010000228881836,5.050000190734863,4.650000095367432,4.670000076293945,681100
2022-11-29,5.650000095367432,5.920000076293945,5.269999980926514,5.320000171661377,1701700
2022-11-30,6.230000019073486,6.679999828338623,5.909999847412109,6.0,2034100
2022-12-01,6.260000228881836,6.420000076293945,5.860000133514404,5.96999979019165,1010800
2022-12-02,6.880000114440918,7.179999828338623,6.050000190734863,6.090000152587891,1646800
2022-12-05,7.0,7.929999828338623,6.5,7.75,3440000
2022-12-06,7.110000133514404,7.170000076293945,6.800000190734863,7.0,1734700
2022-12-07,6.980000019073486,7.03000020980835,6.25,6.409999847412109,1785500
2022-12-08,7.460000038146973,8.050000190734863,7.320000171661377,7.320000171661377,2307300
2022-12-09,7.389999866485596,7.539999961853027,6.900000095367432,7.53000020980835,2788900
2022-12-12,6.590000152587891,6.900000095367432,6.21999979019165,6.900000095367432,1653000
2022-12-13,7.840000152587891,8.168999671936035,7.019999980926514,7.119999885559082,3236600
2022-12-14,7.960000038146973,8.100000381469727,7.510000228881836,7.880000114440918,2269400
2022-12-15,7.630000114440918,8.229999542236328,7.271999835968018,7.929999828338623,1392500
2022-12-16,7.860000133514404,8.289999961853027,7.690000057220459,7.75,1638400
2022-12-19,7.349999904632568,7.820000171661377,7.099999904632568,7.820000171661377,953500
2022-12-20,7.289999961853027,7.369999885559082,6.880000114440918,6.980000019073486,686400
2022-12-21,7.389999866485596,7.510000228881836,7.210000038146973,7.400000095367432,1389700
2022-12-22,7.610000133514404,8.039999961853027,7.110000133514404,7.400000095367432,2340400
2022-12-23,6.300000190734863,7.590000152587891,6.255000114440918,7.590000152587891,1572000
2022-12-27,7.079999923706055,7.110000133514404,6.454999923706055,6.519999980926514,1307200
2022-12-28,6.590000152587891,7.001999855041504,6.329999923706055,6.96999979019165,979500
2022-12-29,7.119999885559082,7.190000057220459,6.510000228881836,6.699999809265137,653300
2022-12-30,6.96999979019165,7.329999923706055,6.659999847412109,6.664999961853027,1310600
2023-01-03,8.819999694824219,9.15999984741211,7.179999828338623,7.230000019073486,3403600
2023-01-04,10.260000228881836,10.800000190734863,9.289999961853027,9.5,5890500
2023-01-05,13.1899995803833,13.529999732971191,9.8100004196167,9.949999809265137,9769800
2023-01-06,11.90999984741211,12.859999656677246,11.61299991607666,12.192000389099121,5397000
2023-01-09,12.359999656677246,12.58899974822998,11.600000381469727,12.390000343322754,2966900
2023-01-10,13.8100004196167,13.920000076293945,12.15999984741211,12.260000228881836,3281000
2023-01-11,13.029999732971191,13.75,12.510000228881836,13.680000305175781,2721300
2023-01-12,13.470000267028809,13.520000457763672,12.649999618530273,12.869999885559082,1912400
2023-01-13,14.0,14.630000114440918,13.0600004196167,13.819999694824219,3445700
2023-01-17,13.850000381469727,13.899999618530273,12.569999694824219,13.25,2843800
2023-01-18,13.0600004196167,14.350000381469727,12.925000190734863,13.970000267028809,3268200
2023-01-19,12.8100004196167,13.239999771118164,12.579999923706055,12.970000267028809,1909900
2023-01-20,14.180000305175781,15.289999961853027,13.229999542236328,13.390000343322754,4289300
2023-01-23,14.6899995803833,14.970000267028809,14.15999984741211,14.399999618530273,2075200
2023-01-24,14.220000267028809,14.75,13.920000076293945,14.75,1070500
2023-01-25,14.670000076293945,14.720000267028809,13.8100004196167,14.199999809265137,1259100
2023-01-26,14.729999542236328,15.59000015258789,14.4399995803833,15.25,1431200
2023-01-27,15.180000305175781,15.460000038146973,13.819999694824219,14.680000305175781,2445400
2023-01-30,12.779999732971191,14.09000015258789,12.649999618530273,14.069999694824219,3110500
2023-01-31,13.010000228881836,13.454999923706055,12.399999618530273,12.899999618530273,1858100
2023-02-01,14.460000038146973,14.5600004196167,13.350000381469727,13.5,2317700
2023-02-02,13.930000305175781,14.670000076293945,13.649999618530273,14.359999656677246,1388400
2023-02-03,12.930000305175781,13.399999618530273,12.670000076293945,13.199999809265137,1589700
2023-02-06,12.319999694824219,12.609999656677246,12.010000228881836,12.34000015258789,1495400
2023-02-07,12.760000228881836,13.1899995803833,12.319999694824219,13.119999885559082,2014700
2023-02-08,12.829999923706055,13.380000114440918,12.520000457763672,12.5600004196167,1725800
2023-02-09,12.600000381469727,13.34000015258789,12.430000305175781,13.300000190734863,1628800
2023-02-10,12.100000381469727,12.229999542236328,11.649999618530273,12.199999809265137,1336300
2023-02-13,12.420000076293945,12.635000228881836,11.800000190734863,12.15999984741211,1288900
2023-02-14,11.899999618530273,12.114999771118164,11.699999809265137,11.9399995803833,1040900
2023-02-15,11.640000343322754,11.854999542236328,11.010000228881836,11.800000190734863,1760100
2023-02-16,11.3100004196167,11.75,11.225000381469727,11.6899995803833,818900
2023-02-17,10.779999732971191,11.135000228881836,10.699999809265137,11.0600004196167,953100
2023-02-21,10.010000228881836,10.4350004196167,9.819999694824219,10.359999656677246,2082700
2023-02-22,9.739999771118164,10.185999870300293,9.539999961853027,10.109999656677246,1103700
2023-02-23,9.600000381469727,9.84000015258789,9.380000114440918,9.720000267028809,955700
2023-02-24,8.899999618530273,9.229999542236328,8.829999923706055,9.220000267028809,1148400
2023-02-27,8.869999885559082,9.15999984741211,8.710000038146973,9.100000381469727,1022100
2023-02-28,8.960000038146973,9.109999656677246,8.8100004196167,8.899999618530273,1580300
2023-03-01,9.550000190734863,10.03499984741211,9.414999961853027,9.664999961853027,2436100
2023-03-02,10.470000267028809,10.609999656677246,9.210000038146973,9.3100004196167,2198800
2023-03-03,10.6899995803833,11.140000343322754,10.460000038146973,10.460000038146973,1914000
2023-03-06,10.210000038146973,10.75,10.0600004196167,10.75,1156400
2023-03-07,9.75,10.1899995803833,9.539999961853027,10.020000457763672,1572800
2023-03-08,9.720000267028809,9.829999923706055,9.109999656677246,9.510000228881836,1219200
2023-03-09,8.949999809265137,9.569999694824219,8.75,9.399999618530273,2003900
2023-03-10,8.619999885559082,9.010000228881836,8.539999961853027,8.859999656677246,3274700
2023-03-13,8.130000114440918,8.430000305175781,7.619999885559082,8.180000305175781,2933100
2023-03-14,7.590000152587891,8.173999786376953,7.480000019073486,8.15999984741211,2731200
2023-03-15,6.989999771118164,7.35099983215332,6.920000076293945,7.340000152587891,3212400
2023-03-16,7.110000133514404,7.159999847412109,6.610000133514404,6.980000019073486,3313800
2023-03-17,6.860000133514404,7.360000133514404,6.800000190734863,7.090000152587891,2577200
2023-03-20,6.789999961853027,6.929999828338623,6.46999979019165,6.659999847412109,1969900
2023-03-21,7.179999828338623,7.199999809265137,6.880000114440918,6.949999809265137,1548500
2023-03-22,6.889999866485596,7.340000152587891,6.889999866485596,7.340000152587891,1263300
2023-03-23,8.0,8.0600004196167,7.130000114440918,7.230000019073486,3209000
2023-03-24,8.180000305175781,8.210000038146973,7.761000156402588,7.869999885559082,1952800
2023-03-27,7.960000038146973,8.039999961853027,7.679999828338623,7.889999866485596,1279400
2023-03-28,7.989999771118164,8.329999923706055,7.864999771118164,8.199999809265137,1251500
2023-03-29,8.270000457763672,8.319999694824219,7.769999980926514,8.010000228881836,1752700
2023-03-30,8.739999771118164,8.829999923706055,8.289999961853027,8.34000015258789,2403300
2023-03-31,8.470000267028809,8.920000076293945,8.380000114440918,8.75,2614900
2023-04-03,8.4399995803833,8.619999885559082,8.199999809265137,8.460000038146973,1624100
2023-04-04,8.029999732971191,8.255000114440918,7.75,8.1899995803833,2480600
2023-04-05,7.800000190734863,8.199999809265137,7.519999980926514,8.020000457763672,1352000
2023-04-06,7.739999771118164,7.889999866485596,7.630000114440918,7.809999942779541,1100700
2023-04-10,7.340000152587891,7.567999839782715,7.204999923706055,7.550000190734863,1024000
2023-04-11,7.820000171661377,7.940000057220459,7.429999828338623,7.550000190734863,1219800
2023-04-12,7.309999942779541,7.900000095367432,7.300000190734863,7.710000038146973,1630400
2023-04-13,7.239999771118164,7.789000034332275,7.21999979019165,7.449999809265137,1205900
2023-04-14,6.840000152587891,7.26800012588501,6.784999847412109,7.21999979019165,1351400
2023-04-17,6.809999942779541,6.931000232696533,6.644999980926514,6.920000076293945,1438900
2023-04-18,6.739999771118164,6.949999809265137,6.46999979019165,6.949999809265137,1326500
2023-04-19,6.679999828338623,6.728000164031982,6.429999828338623,6.550000190734863,1151400
2023-04-20,6.679999828338623,6.76800012588501,6.599999904632568,6.679999828338623,940400
2023-04-21,6.369999885559082,6.619999885559082,6.195000171661377,6.550000190734863,1977400
2023-04-24,6.130000114440918,6.349999904632568,6.0,6.349999904632568,1603000
2023-04-25,5.710000038146973,6.0,5.630000114440918,6.0,1985300
2023-04-26,5.650000095367432,5.90500020980835,5.619999885559082,5.820000171661377,1865300
2023-04-27,5.78000020980835,5.925000190734863,5.650000095367432,5.739999771118164,1783100
2023-04-28,6.059999942779541,6.090000152587891,5.710000038146973,5.789999961853027,1413200
2023-05-01,5.900000095367432,6.179999828338623,5.885000228881836,6.019999980926514,951700
2023-05-02,5.590000152587891,5.849999904632568,5.579999923706055,5.849999904632568,1169500
2023-05-03,5.449999809265137,5.630000114440918,5.349999904632568,5.630000114440918,1502700
2023-05-04,5.559999942779541,5.599999904632568,5.400000095367432,5.559999942779541,1655800
2023-05-05,5.820000171661377,5.84499979019165,5.429999828338623,5.610000133514404,2361700
2023-05-08,5.960000038146973,5.980000019073486,5.659999847412109,5.880000114440918,1467800
2023-05-09,5.929999828338623,5.940000057220459,5.579999923706055,5.78000020980835,1597100
2023-05-10,5.760000228881836,6.070000171661377,5.679999828338623,5.929999828338623,2189000
2023-05-11,6.619999885559082,7.03000020980835,5.599999904632568,5.599999904632568,4499100
2023-05-12,5.989999771118164,6.610000133514404,5.960000038146973,6.579999923706055,2299500
2023-05-15,6.429999828338623,6.599999904632568,5.889999866485596,6.03000020980835,1257300
2023-05-16,6.190000057220459,6.289999961853027,5.940000057220459,6.21999979019165,2166800
2023-05-17,6.099999904632568,6.110000133514404,5.889999866485596,6.079999923706055,1466300
2023-05-18,5.849999904632568,6.139999866485596,5.71999979019165,6.139999866485596,1460800
2023-05-19,5.619999885559082,5.820000171661377,5.554999828338623,5.820000171661377,1377000
2023-05-22,5.849999904632568,5.949999809265137,5.630000114440918,5.710000038146973,986100
2023-05-23,5.510000228881836,5.824999809265137,5.5,5.71999979019165,1115500
2023-05-24,5.28000020980835,5.619999885559082,5.21999979019165,5.519999980926514,1230600
2023-05-25,5.130000114440918,5.284999847412109,5.079999923706055,5.28000020980835,1968700
2023-05-26,5.210000038146973,5.309999942779541,5.039999961853027,5.28000020980835,1291600
2023-05-30,4.869999885559082,5.195000171661377,4.809999942779541,5.139999866485596,2378900
2023-05-31,4.659999847412109,4.920000076293945,4.53000020980835,4.920000076293945,2309700
2023-06-01,5.0,5.050000190734863,4.644999980926514,4.690000057220459,2110000
2023-06-02,5.360000133514404,5.449999809265137,5.125,5.170000076293945,1830800
2023-06-05,5.190000057220459,5.380000114440918,5.179999828338623,5.260000228881836,1164000
2023-06-06,5.489999771118164,5.639999866485596,5.159999847412109,5.210000038146973,1390000
2023-06-07,5.5,5.710000038146973,5.309999942779541,5.409999847412109,2110400
2023-06-08,5.46999979019165,5.639999866485596,5.454999923706055,5.570000171661377,2128000
2023-06-09,5.449999809265137,5.619999885559082,5.239999771118164,5.550000190734863,7373800
2023-06-12,5.659999847412109,6.010000228881836,5.329999923706055,5.409999847412109,2366300
2023-06-13,6.059999942779541,6.199999809265137,5.849999904632568,5.849999904632568,2130400
2023-06-14,6.119999885559082,6.159999847412109,5.933000087738037,6.070000171661377,1655800
2023-06-15,6.599999904632568,6.829999923706055,6.260000228881836,6.289999961853027,2428900
2023-06-16,6.570000171661377,6.940000057220459,6.369999885559082,6.789999961853027,2618200
2023-06-20,6.099999904632568,6.28000020980835,5.994999885559082,6.28000020980835,1280400
2023-06-21,5.860000133514404,6.099999904632568,5.784999847412109,6.039999961853027,1447700
2023-06-22,5.820000171661377,5.885000228881836,5.610000133514404,5.880000114440918,768800
2023-06-23,5.559999942779541,5.78000020980835,5.514999866485596,5.699999809265137,938200
2023-06-26,5.599999904632568,5.71999979019165,5.519999980926514,5.699999809265137,871300
2023-06-27,5.559999942779541,5.760000228881836,5.519999980926514,5.710000038146973,1494300
2023-06-28,5.380000114440918,5.519000053405762,5.235000133514404,5.5,999100
2023-06-29,5.309999942779541,5.377999782562256,5.21999979019165,5.320000171661377,585500
2023-06-30,5.309999942779541,5.460000038146973,5.275000095367432,5.409999847412109,704400
2023-07-03,5.590000152587891,5.679999828338623,5.465000152587891,5.46999979019165,559400
2023-07-05,5.389999866485596,5.519999980926514,5.309999942779541,5.519999980926514,945600
2023-07-06,5.199999809265137,5.364999771118164,5.119999885559082,5.25,1284000
2023-07-07,5.5,5.610000133514404,5.230000019073486,5.28000020980835,1063500
2023-07-10,5.690000057220459,5.78000020980835,5.389999866485596,5.449999809265137,805300
2023-07-11,5.800000190734863,5.889999866485596,5.690000057220459,5.75,583700
2023-07-12,6.199999809265137,6.304999828338623,6.019999980926514,6.019999980926514,2359300
2023-07-13,6.269999980926514,6.460000038146973,6.159999847412109,6.409999847412109,1431500
2023-07-14,5.940000057220459,6.170000076293945,5.889999866485596,6.119999885559082,904900
2023-07-17,5.880000114440918,5.949999809265137,5.75,5.949999809265137,700200
2023-07-18,5.559999942779541,5.789999961853027,5.550000190734863,5.789999961853027,759700
2023-07-19,5.670000076293945,5.879000186920166,5.670000076293945,5.730000019073486,874900
2023-07-20,5.420000076293945,5.583000183105469,5.414999961853027,5.550000190734863,773900
2023-07-21,5.449999809265137,5.590000152587891,5.442999839782715,5.550000190734863,597900
2023-07-24,5.449999809265137,5.664999961853027,5.059999942779541,5.289999961853027,2119200
2023-07-25,5.590000152587891,6.21999979019165,5.429999828338623,5.739999771118164,2620900
2023-07-26,5.96999979019165,5.980000019073486,5.480000019073486,5.550000190734863,2206900
2023-07-27,5.659999847412109,6.079999923706055,5.630000114440918,6.039999961853027,1714300
2023-07-28,6.519999980926514,6.590000152587891,5.940000057220459,5.960000038146973,3259300
2023-07-31,6.690000057220459,6.829999923706055,6.360000133514404,6.5,1793400
2023-08-01,6.429999828338623,6.710000038146973,6.340000152587891,6.449999809265137,1061400
2023-08-02,5.860000133514404,6.25,5.829999923706055,6.150000095367432,1817800
2023-08-03,6.260000228881836,6.380000114440918,6.03000020980835,6.079999923706055,1348800
2023-08-04,6.090000152587891,6.260000228881836,6.03000020980835,6.260000228881836,1442400
2023-08-07,5.929999828338623,6.210000038146973,5.829999923706055,6.210000038146973,813200
2023-08-08,5.699999809265137,5.730000019073486,5.586999893188477,5.690000057220459,812300
2023-08-09,5.599999904632568,5.840000152587891,5.5,5.840000152587891,963900
2023-08-10,5.690000057220459,5.989999771118164,5.579999923706055,5.579999923706055,1245000
2023-08-11,5.440000057220459,5.630000114440918,5.360000133514404,5.630000114440918,1088700
2023-08-14,5.329999923706055,5.380000114440918,5.170000076293945,5.369999885559082,1594200
2023-08-15,5.21999979019165,5.329999923706055,5.110000133514404,5.329999923706055,1398200
2023-08-16,5.489999771118164,5.820000171661377,5.300000190734863,5.380000114440918,2545000
2023-08-17,5.559999942779541,5.741000175476074,5.519999980926514,5.550000190734863,1474200
2023-08-18,4.96999979019165,5.320000171661377,4.940000057220459,5.269999980926514,2567500
2023-08-21,5.159999847412109,5.179999828338623,4.859000205993652,4.960000038146973,1269800
2023-08-22,5.150000095367432,5.215000152587891,5.039999961853027,5.210000038146973,935000
2023-08-23,5.099999904632568,5.230000019073486,4.960000038146973,5.159999847412109,1167500
2023-08-24,5.03000020980835,5.179999828338623,5.03000020980835,5.130000114440918,690900
2023-08-25,4.940000057220459,5.0,4.755000114440918,5.0,945300
2023-08-28,5.210000038146973,5.25,5.0,5.0,799900
2023-08-29,5.519999980926514,5.614999771118164,4.920000076293945,5.260000228881836,1330600
2023-08-30,5.510000228881836,5.559999942779541,5.300000190734863,5.414999961853027,1460200
2023-08-31,5.400000095367432,5.525000095367432,5.349999904632568,5.440000057220459,1474600
2023-09-01,5.760000228881836,5.820000171661377,5.474999904632568,5.474999904632568,1899100
2023-09-05,5.730000019073486,5.739999771118164,5.545000076293945,5.639999866485596,1016400
2023-09-06,5.630000114440918,5.795000076293945,5.5,5.690000057220459,1117800
2023-09-07,5.099999904632568,5.410999774932861,5.050000190734863,5.409999847412109,1171700
2023-09-08,4.900000095367432,5.130000114440918,4.809999942779541,5.079999923706055,939600
2023-09-11,4.610000133514404,5.010000228881836,4.590000152587891,5.010000228881836,1804200
2023-09-12,4.579999923706055,4.699999809265137,4.510000228881836,4.590000152587891,762000
2023-09-13,4.5,4.590000152587891,4.494999885559082,4.53000020980835,840100
2023-09-14,4.440000057220459,4.605000019073486,4.440000057220459,4.53000020980835,762600
2023-09-15,4.329999923706055,4.480000019073486,4.324999809265137,4.46999979019165,881900
2023-09-18,4.28000020980835,4.380000114440918,4.241000175476074,4.300000190734863,771200
2023-09-19,4.380000114440918,4.420000076293945,4.269999980926514,4.269999980926514,782800
2023-09-20,4.389999866485596,4.480000019073486,4.340000152587891,4.349999904632568,729600
2023-09-21,4.230000019073486,4.340000152587891,4.144999980926514,4.28000020980835,813500
2023-09-22,4.409999847412109,4.5,4.320000171661377,4.449999809265137,721400
2023-09-25,4.309999942779541,4.360000133514404,4.199999809265137,4.269999980926514,284400
2023-09-26,4.260000228881836,4.315000057220459,4.150000095367432,4.210000038146973,528900
2023-09-27,4.320000171661377,4.364999771118164,4.28000020980835,4.320000171661377,496500
2023-09-28,4.349999904632568,4.409999847412109,4.199999809265137,4.199999809265137,619800
2023-09-29,4.449999809265137,4.550000190734863,4.414999961853027,4.550000190734863,750600
2023-10-02,4.179999828338623,4.400000095367432,4.159999847412109,4.389999866485596,1347700
2023-10-03,3.9600000381469727,4.090000152587891,3.930000066757202,4.090000152587891,1003700
2023-10-04,4.0,4.019000053405762,3.8499999046325684,3.9600000381469727,554900
2023-10-05,4.210000038146973,4.28000020980835,4.019999980926514,4.019999980926514,775700
2023-10-06,4.489999771118164,4.5,4.239999771118164,4.239999771118164,706200
2023-10-09,4.230000019073486,4.440000057220459,4.170000076293945,4.349999904632568,711500
2023-10-10,4.46999979019165,4.539999961853027,4.304999828338623,4.320000171661377,1083200
2023-10-11,4.659999847412109,4.980000019073486,4.639999866485596,4.639999866485596,1507100
2023-10-12,4.269999980926514,4.699999809265137,4.244999885559082,4.650000095367432,1284600
2023-10-13,4.170000076293945,4.315000057220459,3.890000104904175,4.179999828338623,1465600
2023-10-16,4.289999961853027,4.355000019073486,4.139999866485596,4.159999847412109,492400
2023-10-17,4.130000114440918,4.21999979019165,3.990000009536743,4.050000190734863,899400
2023-10-18,4.039999961853027,4.119999885559082,4.014999866485596,4.039999961853027,634900
2023-10-19,3.6600000858306885,3.880000114440918,3.549999952316284,3.869999885559082,2416100
2023-10-20,3.4700000286102295,3.740000009536743,3.434999942779541,3.6500000953674316,1164600
2023-10-23,3.6600000858306885,3.7079999446868896,3.384999990463257,3.4700000286102295,851100
2023-10-24,3.9000000953674316,4.039999961853027,3.700000047683716,3.700000047683716,906000
2023-10-25,3.759999990463257,3.819999933242798,3.7100000381469727,3.759999990463257,821100
2023-10-26,3.9700000286102295,4.050000190734863,3.7699999809265137,3.7699999809265137,639800
2023-10-27,3.9200000762939453,4.171000003814697,3.880000114440918,4.079999923706055,723200
2023-10-30,4.019999980926514,4.099999904632568,3.950000047683716,3.950000047683716,631400
2023-10-31,3.8399999141693115,3.984999895095825,3.7799999713897705,3.9100000858306885,765900
2023-11-01,3.859999895095825,3.884000062942505,3.7049999237060547,3.8399999141693115,419000
2023-11-02,3.930000066757202,4.03000020980835,3.8949999809265137,3.9200000762939453,592800
2023-11-03,4.190000057220459,4.224999904632568,4.054999828338623,4.059999942779541,639200
2023-11-06,3.990000009536743,4.340000152587891,3.9800000190734863,4.340000152587891,760300
2023-11-07,4.010000228881836,4.034999847412109,3.880000114440918,3.9800000190734863,428600
2023-11-08,3.869999885559082,4.039999961853027,3.8499999046325684,3.9700000286102295,1155000
2023-11-09,3.640000104904175,3.930000066757202,3.630000114440918,3.869999885559082,2867100
2023-11-10,3.6600000858306885,3.680000066757202,3.5299999713897705,3.640000104904175,986100
2023-11-13,3.559999942779541,3.7799999713897705,3.5399999618530273,3.7200000286102295,902100
2023-11-14,3.740000009536743,3.765000104904175,3.509999990463257,3.569999933242798,1528400
2023-11-15,4.110000133514404,4.547999858856201,4.079999923706055,4.079999923706055,3232900
2023-11-16,3.9100000858306885,4.059999942779541,3.8399999141693115,4.059999942779541,953300
2023-11-17,3.950000047683716,4.025000095367432,3.8989999294281006,3.950000047683716,611200
2023-11-20,4.010000228881836,4.119999885559082,3.9800000190734863,4.019999980926514,878700
2023-11-21,3.8299999237060547,3.944999933242798,3.799999952316284,3.940000057220459,642000
2023-11-22,3.809999942779541,3.9000000953674316,3.680000066757202,3.9000000953674316,742900
2023-11-24,3.7699999809265137,3.869999885559082,3.75,3.75,506800
2023-11-27,3.6700000762939453,3.7699999809265137,3.6600000858306885,3.7200000286102295,624200
2023-11-28,3.5399999618530273,3.7200000286102295,3.5,3.7200000286102295,935100
2023-11-29,3.380000114440918,3.559999942779541,3.369999885559082,3.5,1324800
2023-11-30,3.0799999237060547,3.4000000953674316,3.0799999237060547,3.380000114440918,3173200
2023-12-01,3.2699999809265137,3.299999952316284,2.9800000190734863,3.0999999046325684,2108900
2023-12-04,3.299999952316284,3.380000114440918,3.2100000381469727,3.240000009536743,1569800
2023-12-05,3.1500000953674316,3.259999990463257,3.1500000953674316,3.2200000286102295,1026200
2023-12-06,3.119999885559082,3.2699999809265137,3.109999895095825,3.25,2487100
2023-12-07,3.109999895095825,3.177999973297119,3.0950000286102295,3.119999885559082,785200
2023-12-08,3.049999952316284,3.109999895095825,3.0399999618530273,3.0999999046325684,857600
2023-12-11,3.049999952316284,3.109999895095825,2.990000009536743,3.0199999809265137,929500
2023-12-12,3.0899999141693115,3.259999990463257,3.0850000381469727,3.0899999141693115,2007900
2023-12-13,3.2699999809265137,3.2799999713897705,2.880000114440918,3.069999933242798,2156900
2023-12-14,3.130000114440918,3.4000000953674316,3.059999942779541,3.2899999618530273,2098900
2023-12-15,3.130000114440918,3.2699999809265137,3.109999895095825,3.2100000381469727,1884200
2023-12-18,3.0299999713897705,3.119999885559082,3.009999990463257,3.119999885559082,1354500
2023-12-19,3.1500000953674316,3.1700000762939453,3.0,3.0,1121100
2023-12-20,3.009999990463257,3.200000047683716,3.0,3.119999885559082,1418800
2023-12-21,3.1700000762939453,3.190000057220459,3.059999942779541,3.130000114440918,1068700
2023-12-22,3.0999999046325684,3.180000066757202,3.0399999618530273,3.0799999237060547,1175400
2023-12-26,3.309999942779541,3.3399999141693115,3.109999895095825,3.140000104904175,1136100
2023-12-27,3.380000114440918,3.515000104904175,3.309999942779541,3.3299999237060547,1273800
2023-12-28,3.490000009536743,3.6700000762939453,3.4700000286102295,3.4800000190734863,3043300
2023-12-29,3.319999933242798,3.5999999046325684,3.309999942779541,3.4600000381469727,2826900
2024-01-02,3.2899999618530273,3.365000009536743,3.2300000190734863,3.2300000190734863,869600
2024-01-03,3.390000104904175,3.430000066757202,3.2100000381469727,3.2899999618530273,884100
2024-01-04,3.240000009536743,3.359999895095825,3.2300000190734863,3.359999895095825,792300
2024-01-05,3.1500000953674316,3.240000009536743,3.119999885559082,3.200000047683716,955000
2024-01-08,1.7050000429153442,2.25,1.590000033378601,2.140000104904175,27652200
2024-01-09,1.600000023841858,1.7999999523162842,1.5499999523162842,1.7799999713897705,14455000
2024-01-10,1.5099999904632568,1.6150000095367432,1.4900000095367432,1.600000023841858,10219800
2024-01-11,1.409999966621399,1.534999966621399,1.3550000190734863,1.5299999713897705,7528500
2024-01-12,1.4800000190734863,1.5399999618530273,1.4149999618530273,1.4199999570846558,5729300
2024-01-16,1.440000057220459,1.534999966621399,1.4149999618530273,1.4800000190734863,7604200
2024-01-17,1.5,1.5099999904632568,1.3600000143051147,1.3600000143051147,6160700
2024-01-18,1.7999999523162842,1.840000033378601,1.5199999809265137,1.5199999809265137,15181800
2024-01-19,1.8899999856948853,1.9199999570846558,1.6749999523162842,1.7999999523162842,7641600
2024-01-22,1.9900000095367432,2.119999885559082,1.7599999904632568,1.7899999618530273,7236000
2024-01-23,2.180000066757202,2.319999933242798,2.1449999809265137,2.190000057220459,7140800
2024-01-24,2.2100000381469727,2.3299999237060547,2.1700000762939453,2.309999942779541,5520400
2024-01-25,2.0799999237060547,2.265000104904175,2.049999952316284,2.259999990463257,4591900
2024-01-26,2.009999990463257,2.0999999046325684,2.005000114440918,2.0399999618530273,1855900
2024-01-29,1.9700000286102295,1.9900000095367432,1.8600000143051147,1.9900000095367432,1923900
2024-01-30,1.8899999856948853,1.940000057220459,1.8700000047683716,1.899999976158142,2296800
2024-01-31,1.8899999856948853,1.9850000143051147,1.8600000143051147,1.8600000143051147,2106100
2024-02-01,1.9199999570846558,1.9950000047683716,1.8739999532699585,1.909999966621399,1710400
2024-02-02,1.8200000524520874,1.909999966621399,1.7949999570846558,1.8899999856948853,1440100
2024-02-05,1.6799999475479126,1.840000033378601,1.6699999570846558,1.840000033378601,3342200
2024-02-06,2.0199999809265137,2.0299999713897705,1.7599999904632568,1.7999999523162842,2993400
2024-02-07,1.8550000190734863,2.0,1.850000023841858,1.909999966621399,1647500
2024-02-08,1.7400000095367432,1.8350000381469727,1.715000033378601,1.8200000524520874,1956300
2024-02-09,1.7400000095367432,1.7599999904632568,1.7000000476837158,1.7400000095367432,1308400
2024-02-12,1.8300000429153442,1.8799999952316284,1.7400000095367432,1.7400000095367432,1185200
2024-02-13,1.7300000190734863,1.7799999713897705,1.7100000381469727,1.7699999809265137,1024000
2024-02-14,1.850000023841858,1.8600000143051147,1.7699999809265137,1.7699999809265137,1999000
2024-02-15,2.059999942779541,2.0799999237060547,1.8600000143051147,1.8799999952316284,2574200
2024-02-16,2.0999999046325684,2.119999885559082,2.0,2.059999942779541,2605900
2024-02-20,2.0899999141693115,2.180000066757202,2.069999933242798,2.1500000953674316,2233900
2024-02-21,2.2100000381469727,2.2300000190734863,2.109999895095825,2.130000114440918,2906200
2024-02-22,2.240000009536743,2.2799999713897705,2.1600000858306885,2.240000009536743,1353600
2024-02-23,2.190000057220459,2.315000057220459,2.1500000953674316,2.1600000858306885,1245200
2024-02-26,2.190000057220459,2.2249999046325684,2.0999999046325684,2.1500000953674316,561800
2024-02-27,2.2699999809265137,2.3499999046325684,2.2100000381469727,2.240000009536743,987700
2024-02-28,2.140000104904175,2.2300000190734863,2.140000104904175,2.2100000381469727,777900
2024-02-29,2.0999999046325684,2.240000009536743,2.0999999046325684,2.180000066757202,1429600
2024-03-01,2.180000066757202,2.2200000286102295,2.109999895095825,2.1600000858306885,790100
2024-03-04,2.109999895095825,2.1600000858306885,2.049999952316284,2.1600000858306885,1654300
2024-03-05,1.9700000286102295,2.069999933242798,1.9600000381469727,2.069999933242798,1354900
2024-03-06,2.559999942779541,2.8299999237060547,2.3910000324249268,2.430000066757202,12392800
2024-03-07,2.4600000381469727,2.559999942779541,2.3399999141693115,2.5399999618530273,3054600
2024-03-08,2.309999942779541,2.515000104904175,2.265000104904175,2.5,2383800
2024-03-11,2.5199999809265137,2.5799999237060547,2.319999933242798,2.319999933242798,1980400
2024-03-12,2.490000009536743,2.690000057220459,2.4600000381469727,2.6700000762939453,1924600
2024-03-13,2.5399999618530273,2.640000104904175,2.494999885559082,2.5199999809265137,1238200
2024-03-14,2.490000009536743,2.559999942779541,2.4100000858306885,2.4800000190734863,2056900
2024-03-15,2.5399999618530273,2.5999999046325684,2.450000047683716,2.4600000381469727,2582900
2024-03-18,2.440000057220459,2.5799999237060547,2.4200000762939453,2.5799999237060547,1196600
2024-03-19,2.430000066757202,2.4649999141693115,2.365000009536743,2.450000047683716,652200
2024-03-20,2.4600000381469727,2.490000009536743,2.3949999809265137,2.4600000381469727,620400
2024-03-21,2.390000104904175,2.4700000286102295,2.359999895095825,2.4600000381469727,894400
2024-03-22,2.309999942779541,2.4049999713897705,2.2200000286102295,2.380000114440918,1411500
2024-03-25,2.5299999713897705,2.559999942779541,2.369999885559082,2.380000114440918,2916500
2024-03-26,2.119999885559082,2.244999885559082,2.049999952316284,2.1600000858306885,2975500
2024-03-27,2.0999999046325684,2.1549999713897705,2.069999933242798,2.140000104904175,1597700
2024-03-28,2.049999952316284,2.1549999713897705,2.009999990463257,2.119999885559082,2304300
2024-04-01,2.130000114440918,2.2750000953674316,2.0199999809265137,2.119999885559082,2995900
2024-04-02,2.059999942779541,2.130000114440918,2.0199999809265137,2.109999895095825,1060900
2024-04-03,2.049999952316284,2.075000047683716,1.9900000095367432,2.059999942779541,1124200
2024-04-04,1.9700000286102295,2.0899999141693115,1.9700000286102295,2.069999933242798,1471000
2024-04-05,1.9800000190734863,2.0199999809265137,1.940000057220459,1.9600000381469727,825400
2024-04-08,1.9600000381469727,2.0199999809265137,1.9600000381469727,2.0,764700
2024-04-09,1.9900000095367432,2.059999942779541,1.9700000286102295,2.0,1384500
2024-04-10,2.009999990463257,2.0299999713897705,1.9420000314712524,1.9700000286102295,2657800
2024-04-11,2.059999942779541,2.119999885559082,2.003000020980835,2.0299999713897705,2743600
2024-04-12,1.909999966621399,2.0199999809265137,1.899999976158142,2.0,1259100
2024-04-15,1.8899999856948853,2.0,1.8799999952316284,1.9700000286102295,1056300
2024-04-16,1.899999976158142,1.9299999475479126,1.850000023841858,1.8700000047683716,854600
2024-04-17,1.8300000429153442,1.9299999475479126,1.8300000429153442,1.909999966621399,1244400
2024-04-18,1.840000033378601,1.8849999904632568,1.8200000524520874,1.8600000143051147,1999800
2024-04-19,1.8600000143051147,1.909999966621399,1.809999942779541,1.809999942779541,596900
2024-04-22,1.899999976158142,1.9800000190734863,1.8700000047683716,1.8799999952316284,2254300
2024-04-23,1.8600000143051147,1.9500000476837158,1.850000023841858,1.9299999475479126,1642500
2024-04-24,2.0,2.005000114440918,1.8700000047683716,1.8799999952316284,1427900
2024-04-25,2.0,2.0399999618530273,1.9700000286102295,1.9800000190734863,756000
2024-04-26,2.009999990463257,2.1500000953674316,1.9900000095367432,2.0399999618530273,4438900
2024-04-29,2.0999999046325684,2.140000104904175,2.0,2.0,2544700
2024-04-30,2.0299999713897705,2.0999999046325684,2.0299999713897705,2.069999933242798,1327100
2024-05-01,2.0199999809265137,2.069999933242798,2.009999990463257,2.0399999618530273,599000
2024-05-02,2.1600000858306885,2.2300000190734863,2.0810000896453857,2.119999885559082,2365100
2024-05-03,2.1700000762939453,2.190000057220459,2.115000009536743,2.180000066757202,1418300
2024-05-06,2.049999952316284,2.2100000381469727,2.0399999618530273,2.2100000381469727,1689800
2024-05-07,2.0,2.069999933242798,1.9900000095367432,2.0299999713897705,1173900
2024-05-08,2.0,2.0299999713897705,1.9500000476837158,1.9700000286102295,1387000
2024-05-09,2.0,2.069999933242798,2.0,2.069999933242798,1914700
2024-05-10,1.8799999952316284,2.049999952316284,1.8650000095367432,2.009999990463257,2151300
2024-05-13,1.909999966621399,1.9700000286102295,1.8899999856948853,1.899999976158142,1908200
2024-05-14,1.9299999475479126,1.940000057220459,1.8650000095367432,1.9149999618530273,2777900
2024-05-15,2.009999990463257,2.0299999713897705,1.940000057220459,1.9800000190734863,3418700
2024-05-16,1.8200000524520874,1.940000057220459,1.7999999523162842,1.875,5868700
2024-05-17,1.9299999475479126,1.9299999475479126,1.809999942779541,1.8300000429153442,3117900
2024-05-20,1.8899999856948853,1.9600000381469727,1.8899999856948853,1.909999966621399,942900
2024-05-21,1.8600000143051147,1.909999966621399,1.840000033378601,1.8600000143051147,1998700
2024-05-22,1.8700000047683716,1.9199999570846558,1.8300000429153442,1.8600000143051147,2017200
2024-05-23,1.7999999523162842,1.8799999952316284,1.781999945640564,1.8700000047683716,1948700
2024-05-24,1.7899999618530273,1.8200000524520874,1.7799999713897705,1.809999942779541,787200
2024-05-28,1.7300000190734863,1.850000023841858,1.7300000190734863,1.809999942779541,1700700
2024-05-29,1.6799999475479126,1.7200000286102295,1.659999966621399,1.7100000381469727,1542300
2024-05-30,1.7100000381469727,1.7599999904632568,1.690000057220459,1.690000057220459,1536600
2024-05-31,1.659999966621399,1.7200000286102295,1.6200000047683716,1.7000000476837158,1906800
2024-06-03,1.690000057220459,1.7400000095367432,1.6699999570846558,1.690000057220459,2222800
2024-06-04,1.659999966621399,1.690000057220459,1.649999976158142,1.690000057220459,598800
2024-06-05,1.649999976158142,1.690000057220459,1.649999976158142,1.6699999570846558,662600
2024-06-06,1.6299999952316284,1.6699999570846558,1.6299999952316284,1.659999966621399,1075600
2024-06-07,1.590000033378601,1.649999976158142,1.590000033378601,1.6299999952316284,1153700
2024-06-10,1.600000023841858,1.6200000047683716,1.559999942779541,1.590000033378601,579300
2024-06-11,1.559999942779541,1.6050000190734863,1.5299999713897705,1.590000033378601,1098900
2024-06-12,1.5,1.6100000143051147,1.4900000095367432,1.559999942779541,1792100
2024-06-13,1.5199999809265137,1.5449999570846558,1.5,1.5099999904632568,1045600
2024-06-14,1.440000057220459,1.5149999856948853,1.440000057220459,1.5,1226300
2024-06-17,1.399999976158142,1.4600000381469727,1.3899999856948853,1.4600000381469727,1509300
2024-06-18,1.3899999856948853,1.4299999475479126,1.3700000047683716,1.399999976158142,1977600
2024-06-20,1.409999966621399,1.440000057220459,1.3899999856948853,1.399999976158142,1204700
2024-06-21,1.3899999856948853,1.409999966621399,1.3799999952316284,1.3799999952316284,1100500
2024-06-24,1.409999966621399,1.4299999475479126,1.3899999856948853,1.399999976158142,1088200
2024-06-25,1.3300000429153442,1.4199999570846558,1.3300000429153442,1.409999966621399,1777800
2024-06-26,1.3799999952316284,1.440000057220459,1.2999999523162842,1.340000033378601,1738000
2024-06-27,1.309999942779541,1.409999966621399,1.309999942779541,1.399999976158142,1616500
2024-06-28,1.2599999904632568,1.350000023841858,1.2549999952316284,1.350000023841858,2355900
2024-07-01,1.3799999952316284,1.434999942779541,1.309999942779541,1.309999942779541,2756100
2024-07-02,1.440000057220459,1.4700000286102295,1.3650000095367432,1.3799999952316284,1676400
2024-07-03,1.5199999809265137,1.5499999523162842,1.440000057220459,1.4500000476837158,1282300
2024-07-05,1.5,1.559999942779541,1.4700000286102295,1.5299999713897705,1448400
2024-07-08,1.440000057220459,1.4900000095367432,1.440000057220459,1.4900000095367432,417300
2024-07-09,1.440000057220459,1.4800000190734863,1.4299999475479126,1.4600000381469727,516200
2024-07-10,1.440000057220459,1.4800000190734863,1.409999966621399,1.4199999570846558,909600
2024-07-11,1.5499999523162842,1.5950000286102295,1.4600000381469727,1.4800000190734863,2129100
2024-07-12,1.5199999809265137,1.5800000429153442,1.5099999904632568,1.5700000524520874,596400
2024-07-15,1.4299999475479126,1.4800000190734863,1.409999966621399,1.4800000190734863,1243600
2024-07-16,1.399999976158142,1.4600000381469727,1.3650000095367432,1.4299999475479126,2247200
2024-07-17,1.399999976158142,1.4199999570846558,1.3550000190734863,1.3700000047683716,2189600
2024-07-18,1.3300000429153442,1.4500000476837158,1.3200000524520874,1.3899999856948853,1780300
2024-07-19,1.350000023841858,1.409999966621399,1.3300000429153442,1.3799999952316284,1336300
2024-07-22,1.440000057220459,1.4500000476837158,1.3700000047683716,1.3700000047683716,1070000
2024-07-23,1.399999976158142,1.440000057220459,1.3799999952316284,1.440000057220459,464000
2024-07-24,1.350000023841858,1.3899999856948853,1.3300000429153442,1.3899999856948853,830300
2024-07-25,1.340000033378601,1.3799999952316284,1.3300000429153442,1.340000033378601,796100
2024-07-26,1.340000033378601,1.3700000047683716,1.3300000429153442,1.350000023841858,804400
2024-07-29,1.340000033378601,1.3600000143051147,1.3200000524520874,1.340000033378601,1157100
2024-07-30,1.3200000524520874,1.3350000381469727,1.2899999618530273,1.3300000429153442,758900
2024-07-31,1.3200000524520874,1.350000023841858,1.309999942779541,1.3200000524520874,1150800
2024-08-01,1.2599999904632568,1.309999942779541,1.25,1.2999999523162842,1137700
2024-08-02,1.2799999713897705,1.2899999618530273,1.2200000286102295,1.2300000190734863,1457700
2024-08-05,1.3300000429153442,1.3350000381469727,1.2100000381469727,1.2200000286102295,1631200
2024-08-06,1.340000033378601,1.350000023841858,1.3300000429153442,1.340000033378601,425700
2024-08-07,1.2799999713897705,1.3600000143051147,1.2699999809265137,1.350000023841858,605300
2024-08-08,1.2999999523162842,1.309999942779541,1.2799999713897705,1.2999999523162842,485000
2024-08-09,1.2699999809265137,1.315000057220459,1.2599999904632568,1.309999942779541,285900
2024-08-12,1.2799999713897705,1.2899999618530273,1.2599999904632568,1.2699999809265137,513600
2024-08-13,1.3300000429153442,1.3300000429153442,1.2799999713897705,1.309999942779541,603300
2024-08-14,1.2799999713897705,1.3350000381469727,1.2699999809265137,1.3300000429153442,494300
2024-08-15,1.309999942779541,1.340000033378601,1.2799999713897705,1.2999999523162842,1009600
2024-08-16,1.399999976158142,1.4299999475479126,1.3200000524520874,1.3200000524520874,1371000
2024-08-19,1.3700000047683716,1.4390000104904175,1.3700000047683716,1.409999966621399,1104300
2024-08-20,1.3200000524520874,1.3799999952316284,1.2999999523162842,1.3700000047683716,1668400
2024-08-21,1.309999942779541,1.3300000429153442,1.2649999856948853,1.2799999713897705,1740800
2024-08-22,1.159999966621399,1.3200000524520874,1.1200000047683716,1.2799999713897705,2353300
2024-08-23,1.1749999523162842,1.2350000143051147,1.1699999570846558,1.2200000286102295,992900
2024-08-26,1.159999966621399,1.159999966621399,1.0700000524520874,1.159999966621399,1671000
2024-08-27,1.149999976158142,1.190000057220459,1.1399999856948853,1.1399999856948853,615100
2024-08-28,1.0700000524520874,1.1399999856948853,1.0700000524520874,1.1399999856948853,939100
2024-08-29,1.1100000143051147,1.1100000143051147,1.0750000476837158,1.0800000429153442,809800
2024-08-30,1.090000033378601,1.25,1.090000033378601,1.1299999952316284,5421700
2024-09-03,1.1100000143051147,1.149999976158142,1.0850000381469727,1.100000023841858,857800
2024-09-04,1.100000023841858,1.1299999952316284,1.100000023841858,1.1100000143051147,378400
2024-09-05,1.1200000047683716,1.1399999856948853,1.090000033378601,1.100000023841858,693500
2024-09-06,1.090000033378601,1.1200000047683716,1.090000033378601,1.1200000047683716,675800
2024-09-09,1.090000033378601,1.1100000143051147,1.090000033378601,1.100000023841858,288600
2024-09-10,1.090000033378601,1.1100000143051147,1.0800000429153442,1.100000023841858,599800
2024-09-11,1.100000023841858,1.1100000143051147,1.0800000429153442,1.1100000143051147,197300
2024-09-12,1.0399999618530273,1.100000023841858,1.0399999618530273,1.100000023841858,1573500
2024-09-13,1.0700000524520874,1.0800000429153442,1.0399999618530273,1.0700000524520874,647600
2024-09-16,1.059999942779541,1.0800000429153442,1.0499999523162842,1.0800000429153442,443700
2024-09-17,1.2899999618530273,1.2999999523162842,1.1699999570846558,1.1799999475479126,4773600
2024-09-18,1.2300000190734863,1.2999999523162842,1.2000000476837158,1.2899999618530273,1533400
2024-09-19,1.309999942779541,1.3200000524520874,1.25,1.2799999713897705,1192200
2024-09-20,1.1799999475479126,1.2899999618530273,1.1799999475479126,1.2899999618530273,1970100
2024-09-23,1.2599999904632568,1.309999942779541,1.1399999856948853,1.2100000381469727,1886600
2024-09-24,1.4299999475479126,1.440000057220459,1.3350000381469727,1.3700000047683716,2671100
2024-09-25,1.3600000143051147,1.4199999570846558,1.340000033378601,1.4199999570846558,1093600
2024-09-26,1.600000023841858,1.6050000190734863,1.440000057220459,1.5199999809265137,3857500
2024-09-27,1.809999942779541,1.8300000429153442,1.7000000476837158,1.7200000286102295,6751900
2024-09-30,1.899999976158142,2.0899999141693115,1.8600000143051147,2.0899999141693115,8964400
2024-10-01,2.140000104904175,2.1449999809265137,1.8700000047683716,1.8899999856948853,4818100
2024-10-02,2.2799999713897705,2.5199999809265137,2.200000047683716,2.3399999141693115,8133500
2024-10-03,2.1600000858306885,2.2249999046325684,2.0399999618530273,2.130000114440918,2942900
2024-10-04,2.259999990463257,2.2699999809265137,2.109999895095825,2.2100000381469727,3055200
2024-10-07,2.490000009536743,2.5,2.25,2.3499999046325684,5195900
2024-10-08,2.0799999237060547,2.2300000190734863,2.049999952316284,2.130000114440918,3328700
2024-10-09,2.015000104904175,2.0950000286102295,1.840000033378601,1.909999966621399,3739000
2024-10-10,1.850000023841858,2.059999942779541,1.809999942779541,2.059999942779541,4510000
2024-10-11,1.850000023841858,1.8949999809265137,1.7599999904632568,1.7799999713897705,2838100
2024-10-14,1.7300000190734863,1.940000057220459,1.7100000381469727,1.850000023841858,2290700
2024-10-15,1.559999942779541,1.6699999570846558,1.5149999856948853,1.659999966621399,4307800
2024-10-16,1.559999942779541,1.6200000047683716,1.559999942779541,1.6100000143051147,1271200
2024-10-17,1.5,1.5399999618530273,1.465000033378601,1.5199999809265137,1583800
2024-10-18,1.6399999856948853,1.7100000381469727,1.600000023841858,1.6299999952316284,1928400
2024-10-21,1.600000023841858,1.649999976158142,1.5700000524520874,1.6100000143051147,1029500
2024-10-22,1.6799999475479126,1.7899999618530273,1.6100000143051147,1.6100000143051147,1406600
2024-10-23,1.649999976158142,1.7400000095367432,1.6200000047683716,1.7000000476837158,805600
2024-10-24,1.6299999952316284,1.649999976158142,1.590000033378601,1.6200000047683716,700300
2024-10-25,1.6799999475479126,1.725000023841858,1.649999976158142,1.649999976158142,852800
2024-10-28,1.8300000429153442,1.8700000047683716,1.7050000429153442,1.7200000286102295,1257000
2024-10-29,1.7599999904632568,1.840000033378601,1.75,1.8300000429153442,765600
2024-10-30,1.75,1.805999994277954,1.690000057220459,1.7300000190734863,893000
2024-10-31,1.6699999570846558,1.75,1.659999966621399,1.75,691200
2024-11-01,1.6699999570846558,1.7400000095367432,1.649999976158142,1.7000000476837158,642300
2024-11-04,1.6399999856948853,1.7400000095367432,1.6299999952316284,1.6799999475479126,868500
2024-11-05,1.7699999809265137,1.8009999990463257,1.659999966621399,1.7200000286102295,1188900
2024-11-06,1.6799999475479126,1.7200000286102295,1.649999976158142,1.7000000476837158,1154800
2024-11-07,1.809999942779541,1.840000033378601,1.7450000047683716,1.7699999809265137,1544300
2024-11-08,1.7000000476837158,1.7599999904632568,1.6699999570846558,1.690000057220459,1566500
2024-11-11,1.7000000476837158,1.7200000286102295,1.6699999570846558,1.7100000381469727,691400
2024-11-12,1.5549999475479126,1.6649999618530273,1.5299999713897705,1.649999976158142,1766200
2024-11-13,1.5700000524520874,1.6100000143051147,1.5049999952316284,1.6100000143051147,1699100
2024-11-14,1.3700000047683716,1.5149999856948853,1.3600000143051147,1.5099999904632568,2614400
2024-11-15,1.3799999952316284,1.440000057220459,1.3600000143051147,1.440000057220459,1020000
2024-11-18,1.440000057220459,1.4600000381469727,1.350000023841858,1.3899999856948853,1598700
2024-11-19,1.3899999856948853,1.4900000095367432,1.3700000047683716,1.399999976158142,1158500
2024-11-20,1.399999976158142,1.440000057220459,1.3600000143051147,1.3899999856948853,652000
2024-11-21,1.3700000047683716,1.4149999618530273,1.3600000143051147,1.409999966621399,831900
2024-11-22,1.350000023841858,1.3700000047683716,1.3250000476837158,1.350000023841858,653700
2024-11-25,1.3700000047683716,1.399999976158142,1.3350000381469727,1.3700000047683716,935000
2024-11-26,1.340000033378601,1.3700000047683716,1.3200000524520874,1.3600000143051147,625700
2024-11-27,1.4299999475479126,1.4450000524520874,1.3650000095367432,1.399999976158142,780000
2024-11-29,1.4600000381469727,1.4600000381469727,1.4049999713897705,1.4500000476837158,419900
2024-12-02,1.4600000381469727,1.5169999599456787,1.4299999475479126,1.4800000190734863,704500
2024-12-03,1.4500000476837158,1.4780000448226929,1.4199999570846558,1.4600000381469727,457800
2024-12-04,1.399999976158142,1.4600000381469727,1.371000051498413,1.4500000476837158,846800
2024-12-05,1.3899999856948853,1.4199999570846558,1.3600000143051147,1.3899999856948853,785100
2024-12-06,1.4199999570846558,1.4600000381469727,1.3899999856948853,1.3899999856948853,780800
2024-12-09,1.590000033378601,1.75,1.5700000524520874,1.5800000429153442,4236600
2024-12-10,1.5099999904632568,1.5499999523162842,1.4600000381469727,1.5499999523162842,1429400
2024-12-11,1.4800000190734863,1.5199999809265137,1.4700000286102295,1.5,809300
2024-12-12,1.4700000286102295,1.5,1.4500000476837158,1.4900000095367432,729000
2024-12-13,1.4299999475479126,1.4600000381469727,1.399999976158142,1.4600000381469727,867700
2024-12-16,1.409999966621399,1.5,1.409999966621399,1.409999966621399,1083600
2024-12-17,1.4500000476837158,1.4700000286102295,1.4199999570846558,1.4299999475479126,598200
2024-12-18,1.3600000143051147,1.4500000476837158,1.350000023841858,1.440000057220459,1188400
2024-12-19,1.350000023841858,1.409999966621399,1.350000023841858,1.3799999952316284,491400
2024-12-20,1.350000023841858,1.3799999952316284,1.3200000524520874,1.350000023841858,398300
2024-12-23,1.350000023841858,1.3899999856948853,1.340000033378601,1.3600000143051147,1055400
2024-12-24,1.3799999952316284,1.3899999856948853,1.3300000429153442,1.350000023841858,627200
2024-12-26,1.3700000047683716,1.3899999856948853,1.3600000143051147,1.3799999952316284,654300
2024-12-27,1.3600000143051147,1.3799999952316284,1.3300000429153442,1.340000033378601,879100
2024-12-30,1.2899999618530273,1.3600000143051147,1.2799999713897705,1.340000033378601,2071700
2024-12-31,1.2100000381469727,1.309999942779541,1.190000057220459,1.309999942779541,3691800
2025-01-02,1.3300000429153442,1.3799999952316284,1.2100000381469727,1.2100000381469727,1747400
2025-01-03,1.3200000524520874,1.350000023841858,1.309999942779541,1.309999942779541,557300
2025-01-06,1.3200000524520874,1.3799999952316284,1.309999942779541,1.340000033378601,476800
2025-01-07,1.2899999618530273,1.3300000429153442,1.2799999713897705,1.3200000524520874,856600
2025-01-08,1.2899999618530273,1.350000023841858,1.284999966621399,1.2999999523162842,1012800
2025-01-10,1.2400000095367432,1.2899999618530273,1.2200000286102295,1.2899999618530273,1149800
2025-01-13,1.2200000286102295,1.25,1.1699999570846558,1.25,1206200
2025-01-14,1.2400000095367432,1.2899999618530273,1.2300000190734863,1.2699999809265137,913400
2025-01-15,1.2599999904632568,1.3200000524520874,1.2400000095367432,1.2400000095367432,687600
2025-01-16,1.2899999618530273,1.3250000476837158,1.2589999437332153,1.2799999713897705,1127700
2025-01-17,1.3300000429153442,1.3799999952316284,1.309999942779541,1.3300000429153442,1190000
2025-01-21,1.3600000143051147,1.3700000047683716,1.2799999713897705,1.3700000047683716,1107300
2025-01-22,1.3799999952316284,1.4199999570846558,1.315000057220459,1.340000033378601,1133900
2025-01-23,1.3600000143051147,1.3799999952316284,1.340000033378601,1.3700000047683716,390900
2025-01-24,1.409999966621399,1.465000033378601,1.375,1.3799999952316284,1235100
2025-01-27,1.7999999523162842,1.8899999856948853,1.75,1.8250000476837158,32105125
