Price,Close,High,Low,Open,Volume
Ticker,DRIO,DRIO,DRIO,DRIO,DRIO
Date,,,,,
2020-01-28,7.820000171661377,8.182000160217285,6.992000102996826,7.284999847412109,9500
2020-01-29,8.335000038146973,8.57800006866455,7.699999809265137,7.699999809265137,31800
2020-01-30,8.380000114440918,8.510000228881836,8.378000259399414,8.510000228881836,9300
2020-01-31,7.670000076293945,8.460000038146973,7.670000076293945,8.460000038146973,13300
2020-02-03,8.140000343322754,8.65999984741211,7.079999923706055,7.449999809265137,18700
2020-02-04,8.994999885559082,9.25,8.503000259399414,8.529999732971191,58800
2020-02-05,9.109999656677246,9.720000267028809,8.890000343322754,9.0,43100
2020-02-06,9.739999771118164,9.75,9.109999656677246,9.489999771118164,22800
2020-02-07,9.380000114440918,9.88599967956543,9.199999809265137,9.75,25100
2020-02-10,9.149999618530273,9.829999923706055,9.0,9.65999984741211,16500
2020-02-11,9.237000465393066,9.420000076293945,8.848999977111816,9.112000465393066,6800
2020-02-12,8.399999618530273,9.550000190734863,8.213000297546387,9.239999771118164,14300
2020-02-13,8.99899959564209,9.0,8.399999618530273,8.970000267028809,10000
2020-02-14,8.805000305175781,9.25,8.539999961853027,9.0,8900
2020-02-18,9.180000305175781,9.229999542236328,8.699999809265137,8.699999809265137,11100
2020-02-19,8.880000114440918,9.5,8.87600040435791,9.5,7800
2020-02-20,9.100000381469727,9.359999656677246,8.774999618530273,8.800000190734863,35500
2020-02-21,8.899999618530273,9.25,8.899999618530273,9.25,6100
2020-02-24,8.800000190734863,8.899999618530273,8.350000381469727,8.5,13200
2020-02-25,8.319999694824219,8.800000190734863,8.130000114440918,8.680000305175781,8900
2020-02-26,7.849999904632568,8.319999694824219,7.822999954223633,8.319999694824219,15700
2020-02-27,7.400000095367432,7.900000095367432,7.130000114440918,7.900000095367432,20300
2020-02-28,7.300000190734863,7.300000190734863,7.0,7.099999904632568,18800
2020-03-02,7.980000019073486,8.5,6.800000190734863,7.210000038146973,23000
2020-03-03,7.900000095367432,8.539999961853027,7.74399995803833,8.539999961853027,4700
2020-03-04,8.0,8.460000038146973,7.75,8.050000190734863,20500
2020-03-05,8.300000190734863,8.503000259399414,8.100000381469727,8.503000259399414,8800
2020-03-06,8.218000411987305,8.350000381469727,8.189000129699707,8.289999961853027,5800
2020-03-09,6.860000133514404,7.829999923706055,6.769999980926514,7.829999923706055,15100
2020-03-10,6.900000095367432,7.599999904632568,6.861000061035156,7.0,12600
2020-03-11,6.550000190734863,7.0920000076293945,6.550000190734863,7.0,11100
2020-03-12,6.099999904632568,6.25,5.949999809265137,6.0,10200
2020-03-13,5.699999809265137,6.855999946594238,5.5,6.699999809265137,22900
2020-03-16,4.599999904632568,5.5,4.010000228881836,5.5,21800
2020-03-17,4.75,5.190000057220459,4.699999809265137,4.699999809265137,6200
2020-03-18,3.799999952316284,4.960000038146973,3.799999952316284,4.960000038146973,10100
2020-03-19,3.5,3.880000114440918,3.0199999809265137,3.799999952316284,33400
2020-03-20,4.300000190734863,4.300000190734863,3.3499999046325684,3.3499999046325684,45100
2020-03-23,4.559999942779541,5.0,4.300000190734863,4.300000190734863,15800
2020-03-24,5.349999904632568,5.995999813079834,4.831999778747559,5.0,25700
2020-03-25,6.5,6.900000095367432,5.739999771118164,5.739999771118164,29400
2020-03-26,7.050000190734863,7.25,6.373000144958496,6.809999942779541,17700
2020-03-27,6.849999904632568,7.300000190734863,6.550000190734863,7.300000190734863,12100
2020-03-30,6.550000190734863,7.132999897003174,6.400000095367432,6.809999942779541,18400
2020-03-31,6.789999961853027,7.375,6.639999866485596,6.639999866485596,6800
2020-04-01,5.750999927520752,6.765999794006348,5.750999927520752,6.599999904632568,14000
2020-04-02,5.840000152587891,6.309999942779541,5.820000171661377,6.150000095367432,5700
2020-04-03,5.119999885559082,5.849999904632568,5.110000133514404,5.849999904632568,12900
2020-04-06,5.960000038146973,6.409999847412109,5.199999809265137,5.659999847412109,33900
2020-04-07,6.215000152587891,6.510000228881836,5.949999809265137,5.949999809265137,3000
2020-04-08,5.949999809265137,6.059999942779541,5.775000095367432,5.88700008392334,5700
2020-04-09,6.578000068664551,6.656000137329102,5.599999904632568,5.929999828338623,12000
2020-04-13,6.639999866485596,7.0,6.0,6.599999904632568,18900
2020-04-14,6.659999847412109,7.349999904632568,6.0,7.119999885559082,34000
2020-04-15,6.203000068664551,6.730000019073486,5.809999942779541,6.730000019073486,27400
2020-04-16,6.150000095367432,6.550000190734863,5.900000095367432,6.550000190734863,13900
2020-04-17,6.179999828338623,6.4120001792907715,5.885000228881836,6.230000019073486,37300
2020-04-20,6.25,6.989999771118164,5.880000114440918,5.880000114440918,17600
2020-04-21,6.318999767303467,6.349999904632568,6.09499979019165,6.349999904632568,9500
2020-04-22,6.670000076293945,6.670000076293945,5.951000213623047,6.050000190734863,25200
2020-04-23,6.005000114440918,6.690000057220459,5.960000038146973,6.318999767303467,54400
2020-04-24,7.449999809265137,7.699999809265137,5.949999809265137,6.079999923706055,216000
2020-04-27,9.449999809265137,9.600000381469727,7.853000164031982,8.109999656677246,303600
2020-04-28,7.440000057220459,9.52400016784668,7.25,9.180000305175781,215600
2020-04-29,8.199999809265137,8.739999771118164,7.599999904632568,8.020000457763672,173300
2020-04-30,7.7220001220703125,8.10200023651123,7.25,7.900000095367432,90400
2020-05-01,7.019999980926514,7.640999794006348,6.85099983215332,7.300000190734863,68000
2020-05-04,7.205999851226807,7.440000057220459,6.88100004196167,7.019999980926514,71300
2020-05-05,7.099999904632568,7.619999885559082,6.789999961853027,7.190000057220459,81200
2020-05-06,8.0,8.25,7.300000190734863,7.519999980926514,182100
2020-05-07,7.769999980926514,8.890000343322754,7.510000228881836,8.890000343322754,197200
2020-05-08,7.849999904632568,8.144000053405762,7.53000020980835,8.0,65600
2020-05-11,7.949999809265137,8.0,7.619999885559082,7.619999885559082,58600
2020-05-12,7.0,7.5,6.829999923706055,7.300000190734863,148800
2020-05-13,6.900000095367432,7.119999885559082,6.699999809265137,7.119999885559082,49800
2020-05-14,6.849999904632568,6.96999979019165,6.5,6.670000076293945,31300
2020-05-15,6.949999809265137,7.449999809265137,6.920000076293945,6.920000076293945,33400
2020-05-18,6.860000133514404,7.440000057220459,6.699999809265137,7.440000057220459,104800
2020-05-19,7.0,7.289999961853027,6.889999866485596,6.889999866485596,18500
2020-05-20,7.0,7.28000020980835,6.860000133514404,6.929999828338623,24300
2020-05-21,6.900000095367432,6.980000019073486,6.539999961853027,6.869999885559082,14900
2020-05-22,6.900000095367432,7.0,6.760000228881836,6.760000228881836,9700
2020-05-26,6.5,7.0,6.449999809265137,7.0,82900
2020-05-27,6.385000228881836,6.820000171661377,5.96999979019165,6.820000171661377,38900
2020-05-28,6.329999923706055,6.610000133514404,6.289999961853027,6.289999961853027,11100
2020-05-29,6.39900016784668,6.619999885559082,6.090000152587891,6.619999885559082,8900
2020-06-01,6.369999885559082,6.400000095367432,6.010000228881836,6.400000095367432,36100
2020-06-02,6.159999847412109,6.460000038146973,6.130000114440918,6.389999866485596,16400
2020-06-03,5.860000133514404,6.409999847412109,5.559999942779541,6.25,66000
2020-06-04,5.75,5.849999904632568,5.679999828338623,5.739999771118164,21500
2020-06-05,5.699999809265137,5.75,5.550000190734863,5.75,41000
2020-06-08,5.889999866485596,6.0,5.550000190734863,5.940000057220459,39400
2020-06-09,6.050000190734863,6.618000030517578,5.703999996185303,5.909999847412109,63700
2020-06-10,5.900000095367432,6.5,5.809999942779541,6.25,44900
2020-06-11,6.829999923706055,7.559999942779541,6.239999771118164,7.449999809265137,1010000
2020-06-12,6.440000057220459,7.0,6.300000190734863,6.681000232696533,95800
2020-06-15,6.730000019073486,6.789999961853027,6.099999904632568,6.309999942779541,60100
2020-06-16,6.739999771118164,6.785999774932861,6.25,6.730000019073486,28200
2020-06-17,6.730000019073486,6.900000095367432,6.550000190734863,6.809999942779541,24200
2020-06-18,6.639999866485596,6.840000152587891,6.550000190734863,6.840000152587891,13100
2020-06-19,6.53000020980835,7.119999885559082,6.53000020980835,6.809999942779541,51500
2020-06-22,6.639999866485596,7.0,6.639999866485596,6.800000190734863,29600
2020-06-23,6.5,6.849999904632568,6.434999942779541,6.849999904632568,31000
2020-06-24,6.380000114440918,6.784999847412109,6.199999809265137,6.5,19000
2020-06-25,6.300000190734863,6.429999828338623,6.170000076293945,6.289999961853027,21500
2020-06-26,6.199999809265137,6.389999866485596,6.099999904632568,6.320000171661377,23000
2020-06-29,6.199999809265137,6.388999938964844,6.050000190734863,6.159999847412109,25300
2020-06-30,6.349999904632568,6.409999847412109,6.110000133514404,6.110000133514404,16300
2020-07-01,6.690000057220459,6.927000045776367,6.285999774932861,6.285999774932861,20400
2020-07-02,6.300000190734863,6.699999809265137,6.260000228881836,6.690000057220459,23400
2020-07-06,6.449999809265137,6.670000076293945,6.309999942779541,6.670000076293945,29000
2020-07-07,6.880000114440918,7.179999828338623,6.5,6.5,53600
2020-07-08,6.840000152587891,6.949999809265137,6.699999809265137,6.90500020980835,14500
2020-07-09,6.909999847412109,6.920000076293945,6.570000171661377,6.735000133514404,35100
2020-07-10,6.900000095367432,7.019999980926514,6.75,6.940000057220459,49100
2020-07-13,7.0,7.139999866485596,6.849999904632568,6.949999809265137,55400
2020-07-14,6.400000095367432,6.889999866485596,6.360000133514404,6.869999885559082,52500
2020-07-15,6.300000190734863,6.639999866485596,6.300000190734863,6.599999904632568,16900
2020-07-16,6.199999809265137,6.377999782562256,6.110000133514404,6.260000228881836,29300
2020-07-17,6.119999885559082,6.289999961853027,6.099999904632568,6.260000228881836,12000
2020-07-20,6.909999847412109,6.953000068664551,6.150000095367432,6.300000190734863,124500
2020-07-21,6.820000171661377,7.0,6.708000183105469,7.0,58300
2020-07-22,6.949999809265137,7.25,6.849999904632568,6.869999885559082,107200
2020-07-23,7.510000228881836,7.699999809265137,7.0,7.0,100400
2020-07-24,8.0,8.0,7.099999904632568,7.610000133514404,82600
2020-07-27,7.980000019073486,8.5,7.809999942779541,8.289999961853027,101600
2020-07-28,8.050000190734863,8.300000190734863,7.75,7.889999866485596,64100
2020-07-29,8.149999618530273,8.4399995803833,7.769999980926514,8.0,139400
2020-07-30,8.069999694824219,8.149999618530273,7.809999942779541,8.119999885559082,47500
2020-07-31,12.399999618530273,14.65999984741211,7.260000228881836,7.949999809265137,5732200
2020-08-03,14.1899995803833,14.619999885559082,10.630999565124512,11.0,1340200
2020-08-04,13.84000015258789,14.600000381469727,13.149999618530273,14.010000228881836,284600
2020-08-05,17.530000686645508,18.722999572753906,15.5600004196167,16.959999084472656,1480600
2020-08-06,17.989999771118164,18.834999084472656,16.280000686645508,17.062999725341797,393100
2020-08-07,17.299999237060547,18.5,16.42799949645996,17.940000534057617,641800
2020-08-10,15.289999961853027,17.0,14.0,17.0,468400
2020-08-11,13.59000015258789,15.550000190734863,13.359999656677246,15.399999618530273,181700
2020-08-12,14.699999809265137,17.25,14.282999992370605,16.010000228881836,677300
2020-08-13,16.299999237060547,16.649999618530273,15.0,15.479999542236328,192300
2020-08-14,16.5,16.75,16.0,16.420000076293945,86100
2020-08-17,18.68000030517578,18.75,16.100000381469727,16.5,263400
2020-08-18,18.75,18.8700008392334,17.850000381469727,18.799999237060547,112500
2020-08-19,20.649999618530273,22.489999771118164,18.799999237060547,18.799999237060547,473100
2020-08-20,20.200000762939453,21.582000732421875,19.5,20.1200008392334,274800
2020-08-21,18.610000610351562,19.989999771118164,17.40999984741211,19.989999771118164,203900
2020-08-24,16.729999542236328,19.469999313354492,16.030000686645508,18.850000381469727,203900
2020-08-25,17.75,18.049999237060547,16.010000228881836,16.010000228881836,117500
2020-08-26,16.5,18.549999237060547,16.200000762939453,18.549999237060547,132700
2020-08-27,16.649999618530273,17.149999618530273,16.149999618530273,16.290000915527344,65400
2020-08-28,15.529999732971191,17.229999542236328,15.140000343322754,17.229999542236328,144100
2020-08-31,16.31999969482422,16.3439998626709,15.359999656677246,16.239999771118164,62200
2020-09-01,15.5600004196167,16.549999237060547,15.300000190734863,16.549999237060547,124900
2020-09-02,16.25,16.469999313354492,15.399999618530273,15.5,103500
2020-09-03,16.010000228881836,16.219999313354492,15.850000381469727,15.949999809265137,72700
2020-09-04,15.75,16.139999389648438,14.0,16.139999389648438,118300
2020-09-08,15.970000267028809,16.469999313354492,14.600000381469727,15.329999923706055,63900
2020-09-09,15.430000305175781,16.440000534057617,15.279999732971191,15.789999961853027,83200
2020-09-10,15.180000305175781,15.920000076293945,15.180000305175781,15.760000228881836,145800
2020-09-11,15.050000190734863,15.460000038146973,14.75,15.260000228881836,110200
2020-09-14,16.920000076293945,17.5,14.99899959564209,15.479999542236328,104000
2020-09-15,17.829999923706055,18.899999618530273,17.0,17.0,98000
2020-09-16,18.399999618530273,18.7189998626709,18.0,18.040000915527344,63900
2020-09-17,17.40999984741211,18.881999969482422,16.729999542236328,18.110000610351562,49200
2020-09-18,18.950000762939453,18.989999771118164,17.131999969482422,17.540000915527344,162200
2020-09-21,18.549999237060547,18.549999237060547,17.56999969482422,18.0,53800
2020-09-22,18.600000381469727,18.770000457763672,17.854999542236328,18.43000030517578,36800
2020-09-23,17.09000015258789,18.709999084472656,16.850000381469727,18.690000534057617,324900
2020-09-24,15.770000457763672,16.715999603271484,15.609999656677246,16.690000534057617,65300
2020-09-25,16.469999313354492,17.899999618530273,15.75,15.75,33900
2020-09-28,17.600000381469727,17.8700008392334,16.540000915527344,16.540000915527344,66000
2020-09-29,16.600000381469727,17.940000534057617,16.059999465942383,17.559999465942383,86800
2020-09-30,16.780000686645508,17.295000076293945,16.25,16.399999618530273,66800
2020-10-01,17.1200008392334,18.0,16.83799934387207,17.010000228881836,150800
2020-10-02,16.5,16.850000381469727,15.899999618530273,16.780000686645508,122000
2020-10-05,16.360000610351562,16.510000228881836,16.1299991607666,16.399999618530273,155400
2020-10-06,15.34000015258789,16.600000381469727,15.300000190734863,16.459999084472656,54600
2020-10-07,15.890000343322754,16.174999237060547,15.350000381469727,15.510000228881836,55700
2020-10-08,15.289999961853027,16.0,14.90999984741211,15.819999694824219,52400
2020-10-09,14.970000267028809,15.979999542236328,14.869999885559082,15.319999694824219,51000
2020-10-12,13.119999885559082,15.166999816894531,13.109999656677246,15.130000114440918,237000
2020-10-13,12.899999618530273,14.1899995803833,12.800000190734863,13.75,202300
2020-10-14,13.199999809265137,13.65999984741211,12.949999809265137,13.130000114440918,79000
2020-10-15,12.670000076293945,13.109999656677246,12.369999885559082,12.869999885559082,137700
2020-10-16,13.329999923706055,13.640000343322754,12.640000343322754,12.710000038146973,77000
2020-10-19,13.1899995803833,14.460000038146973,12.899999618530273,13.5,57500
2020-10-20,12.869999885559082,13.239999771118164,12.329999923706055,13.069999694824219,86900
2020-10-21,12.600000381469727,13.0,12.380000114440918,12.869999885559082,43600
2020-10-22,12.9399995803833,13.069999694824219,12.170000076293945,12.489999771118164,37600
2020-10-23,12.470000267028809,13.15999984741211,12.350000381469727,13.039999961853027,31800
2020-10-26,12.420000076293945,13.15999984741211,12.25,12.920000076293945,59900
2020-10-27,12.550000190734863,12.85099983215332,12.25,12.6899995803833,51600
2020-10-28,11.5,12.430000305175781,11.300000190734863,12.270000457763672,64800
2020-10-29,11.25,11.520000457763672,10.6899995803833,11.199999809265137,94400
2020-10-30,10.170000076293945,11.333999633789062,10.010000228881836,11.079999923706055,84500
2020-11-02,10.829999923706055,11.038999557495117,10.260000228881836,10.260000228881836,62000
2020-11-03,11.9399995803833,12.390000343322754,11.109000205993652,11.109999656677246,92800
2020-11-04,11.779999732971191,12.380000114440918,11.600000381469727,12.09000015258789,60100
2020-11-05,12.260000228881836,12.635000228881836,11.960000038146973,11.960000038146973,39800
2020-11-06,11.640000343322754,12.260000228881836,11.517999649047852,12.239999771118164,57800
2020-11-09,11.270000457763672,11.8100004196167,10.5,11.8100004196167,68200
2020-11-10,10.829999923706055,11.369999885559082,10.710000038146973,11.369999885559082,67900
2020-11-11,10.920000076293945,11.149999618530273,10.5600004196167,10.9399995803833,91800
2020-11-12,11.609999656677246,12.399999618530273,10.0600004196167,10.899999618530273,196000
2020-11-13,13.100000381469727,13.989999771118164,11.489999771118164,11.489999771118164,209800
2020-11-16,12.680000305175781,13.6899995803833,12.149999618530273,13.09000015258789,145600
2020-11-17,12.350000381469727,12.78499984741211,12.0,12.680000305175781,174900
2020-11-18,13.029999732971191,13.369999885559082,12.053000450134277,12.3100004196167,76600
2020-11-19,13.25,13.430000305175781,12.779999732971191,13.0,60900
2020-11-20,14.010000228881836,14.270000457763672,13.289999961853027,13.289999961853027,47500
2020-11-23,13.390000343322754,14.619999885559082,12.899999618530273,14.350000381469727,77600
2020-11-24,12.729999542236328,13.859999656677246,12.4399995803833,13.600000381469727,145400
2020-11-25,12.90999984741211,13.25,12.170000076293945,12.729999542236328,70800
2020-11-27,12.890000343322754,13.640000343322754,12.725000381469727,12.890000343322754,63600
2020-11-30,12.5600004196167,12.859999656677246,12.34000015258789,12.850000381469727,70800
2020-12-01,12.449999809265137,13.029999732971191,12.170000076293945,12.800000190734863,62400
2020-12-02,12.270000457763672,12.5,12.0,12.449999809265137,72200
2020-12-03,11.5,12.34000015258789,11.5,12.15999984741211,60300
2020-12-04,11.949999809265137,12.109999656677246,11.109999656677246,11.539999961853027,52400
2020-12-07,11.510000228881836,12.260000228881836,11.460000038146973,12.0,51200
2020-12-08,11.510000228881836,11.875,11.510000228881836,11.59000015258789,52800
2020-12-09,10.96500015258789,11.670000076293945,10.800000190734863,11.520000457763672,96900
2020-12-10,11.239999771118164,11.399999618530273,10.899999618530273,11.0,20400
2020-12-11,12.289999961853027,12.890000343322754,11.260000228881836,11.289999961853027,123200
2020-12-14,13.0,14.239999771118164,12.960000038146973,13.0,262100
2020-12-15,13.0,13.404999732971191,12.5,13.149999618530273,105800
2020-12-16,13.300000190734863,13.40999984741211,12.779999732971191,13.039999961853027,61100
2020-12-17,13.100000381469727,13.300000190734863,12.920000076293945,13.180000305175781,43800
2020-12-18,13.550000190734863,13.975000381469727,13.119999885559082,13.119999885559082,113600
2020-12-21,13.800000190734863,14.149999618530273,13.319999694824219,13.619999885559082,109600
2020-12-22,13.970000267028809,14.149999618530273,13.029999732971191,14.130000114440918,143700
2020-12-23,13.25,13.960000038146973,13.15999984741211,13.960000038146973,70900
2020-12-24,13.170000076293945,13.449999809265137,13.038000106811523,13.300000190734863,28700
2020-12-28,13.789999961853027,13.970000267028809,13.170000076293945,13.170000076293945,92000
2020-12-29,12.4399995803833,13.930000305175781,12.430000305175781,13.859999656677246,99300
2020-12-30,13.979999542236328,14.069999694824219,12.699999809265137,12.699999809265137,108200
2020-12-31,14.289999961853027,15.239999771118164,13.869999885559082,13.970000267028809,119900
2021-01-04,15.40999984741211,15.510000228881836,13.510000228881836,14.199999809265137,146300
2021-01-05,17.209999084472656,17.860000610351562,15.020000457763672,15.449999809265137,365700
2021-01-06,16.790000915527344,18.15999984741211,16.790000915527344,17.010000228881836,309900
2021-01-07,19.760000228881836,20.614999771118164,16.65999984741211,17.059999465942383,526600
2021-01-08,16.639999389648438,20.329999923706055,16.639999389648438,20.209999084472656,222500
2021-01-11,16.020000457763672,17.309999465942383,15.779999732971191,16.450000762939453,108000
2021-01-12,15.9399995803833,16.5,15.850000381469727,16.079999923706055,57400
2021-01-13,15.680000305175781,16.2450008392334,15.270000457763672,15.989999771118164,66800
2021-01-14,17.389999389648438,17.868999481201172,15.550000190734863,15.8100004196167,109500
2021-01-15,17.889999389648438,18.06999969482422,16.799999237060547,17.639999389648438,81500
2021-01-19,19.770000457763672,20.479999542236328,18.059999465942383,18.059999465942383,224700
2021-01-20,20.489999771118164,20.799999237060547,19.799999237060547,20.5,173800
2021-01-21,21.420000076293945,22.200000762939453,20.600000381469727,20.790000915527344,222600
2021-01-22,21.989999771118164,21.989999771118164,20.27199935913086,21.420000076293945,117800
2021-01-25,23.06999969482422,23.950000762939453,21.389999389648438,22.5,212500
2021-01-26,23.489999771118164,24.889999389648438,22.510000228881836,23.0,141300
2021-01-27,21.920000076293945,23.59000015258789,20.510000228881836,22.770000457763672,296600
2021-01-28,23.0,24.075000762939453,22.200000762939453,23.0,382300
2021-01-29,21.65999984741211,23.165000915527344,20.81999969482422,22.81999969482422,274900
2021-02-01,24.479999542236328,24.959999084472656,21.510000228881836,21.549999237060547,293400
2021-02-02,23.5,26.5,23.1299991607666,24.479999542236328,303100
2021-02-03,24.5,24.5,22.520000457763672,23.8799991607666,166200
2021-02-04,24.889999389648438,25.926000595092773,24.149999618530273,24.209999084472656,173500
2021-02-05,24.989999771118164,25.65999984741211,24.549999237060547,25.43000030517578,91900
2021-02-08,27.110000610351562,27.59000015258789,25.600000381469727,25.770000457763672,290000
2021-02-09,28.010000228881836,31.479999542236328,27.299999237060547,27.3799991607666,301100
2021-02-10,28.899999618530273,30.0,26.610000610351562,29.420000076293945,298200
2021-02-11,30.049999237060547,30.899999618530273,28.329999923706055,29.520000457763672,293700
2021-02-12,30.420000076293945,31.420000076293945,29.489999771118164,30.0,251400
2021-02-16,28.5,31.850000381469727,28.329999923706055,31.389999389648438,361700
2021-02-17,27.90999984741211,28.489999771118164,25.860000610351562,28.1299991607666,325900
2021-02-18,27.010000228881836,28.8799991607666,26.540000915527344,27.0,309300
2021-02-19,28.0,29.15999984741211,27.209999084472656,27.93000030517578,180900
2021-02-22,27.75,30.420000076293945,27.209999084472656,27.700000762939453,373400
2021-02-23,28.959999084472656,29.489999771118164,24.190000534057617,26.5,380400
2021-02-24,29.15999984741211,29.725000381469727,27.850000381469727,29.6200008392334,151300
2021-02-25,26.969999313354492,29.75,26.209999084472656,29.43000030517578,198200
2021-02-26,26.600000381469727,27.652999877929688,24.100000381469727,27.190000534057617,178200
2021-03-01,27.170000076293945,29.899999618530273,27.15999984741211,27.549999237060547,163700
2021-03-02,27.700000762939453,29.190000534057617,26.809999465942383,27.719999313354492,171400
2021-03-03,25.5,27.649999618530273,23.770000457763672,27.56999969482422,612300
2021-03-04,24.3799991607666,25.81999969482422,20.649999618530273,25.030000686645508,775400
2021-03-05,21.8799991607666,24.420000076293945,18.100000381469727,23.809999465942383,691200
2021-03-08,21.149999618530273,22.600000381469727,20.889999389648438,21.100000381469727,161300
2021-03-09,21.020000457763672,23.489999771118164,20.020000457763672,20.510000228881836,342100
2021-03-10,19.68000030517578,22.825000762939453,18.90999984741211,21.209999084472656,686800
2021-03-11,19.690000534057617,20.450000762939453,18.110000610351562,20.450000762939453,342500
2021-03-12,18.690000534057617,19.579999923706055,18.665000915527344,19.34000015258789,190900
2021-03-15,19.8799991607666,19.889999389648438,18.139999389648438,18.799999237060547,386100
2021-03-16,19.5,19.979999542236328,18.6200008392334,19.75,237400
2021-03-17,19.6299991607666,19.770000457763672,18.489999771118164,19.06999969482422,170300
2021-03-18,18.8799991607666,19.65999984741211,18.530000686645508,19.579999923706055,206900
2021-03-19,19.770000457763672,20.469999313354492,18.6200008392334,18.940000534057617,198300
2021-03-22,24.219999313354492,25.940000534057617,20.700000762939453,20.700000762939453,1332200
2021-03-23,22.700000762939453,26.649999618530273,22.184999465942383,24.649999618530273,758200
2021-03-24,19.790000915527344,22.969999313354492,19.329999923706055,22.68000030517578,557300
2021-03-25,20.739999771118164,21.0,18.809999465942383,19.030000686645508,263200
2021-03-26,20.739999771118164,21.729999542236328,19.645000457763672,20.809999465942383,187600
2021-03-29,19.229999542236328,20.75,18.95199966430664,20.639999389648438,129100
2021-03-30,19.649999618530273,19.979999542236328,18.100000381469727,18.66200065612793,193100
2021-03-31,19.260000228881836,20.218000411987305,19.030000686645508,19.90999984741211,143400
2021-04-01,20.3799991607666,20.5,19.260000228881836,19.540000915527344,132400
2021-04-05,18.059999465942383,20.114999771118164,17.75,19.860000610351562,398400
2021-04-06,19.1299991607666,20.200000762939453,17.850000381469727,18.450000762939453,441400
2021-04-07,18.899999618530273,19.75,18.700000762939453,18.8799991607666,139300
2021-04-08,19.809999465942383,19.979999542236328,18.559999465942383,19.170000076293945,120000
2021-04-09,20.6200008392334,20.670000076293945,19.40999984741211,19.639999389648438,135900
2021-04-12,19.020000457763672,20.389999389648438,19.020000457763672,20.389999389648438,223000
2021-04-13,18.56999969482422,19.540000915527344,18.0,19.040000915527344,306400
2021-04-14,18.579999923706055,19.1200008392334,18.25200080871582,18.670000076293945,149500
2021-04-15,19.43000030517578,19.549999237060547,18.399999618530273,18.950000762939453,217700
2021-04-16,18.239999771118164,19.229999542236328,18.174999237060547,19.229999542236328,243400
2021-04-19,17.229999542236328,18.520000457763672,16.65999984741211,18.25,292000
2021-04-20,16.520000457763672,17.621000289916992,16.15999984741211,16.950000762939453,166100
2021-04-21,17.219999313354492,17.239999771118164,16.121999740600586,16.549999237060547,115800
2021-04-22,18.5,19.079999923706055,17.770000457763672,18.020000457763672,329600
2021-04-23,18.549999237060547,18.829999923706055,18.219999313354492,18.469999313354492,98100
2021-04-26,20.940000534057617,21.020000457763672,18.350000381469727,18.549999237060547,222500
2021-04-27,19.959999084472656,21.1200008392334,19.75,20.850000381469727,174200
2021-04-28,21.780000686645508,21.809999465942383,19.350000381469727,19.899999618530273,230000
2021-04-29,20.889999389648438,21.799999237060547,20.18000030517578,21.799999237060547,166000
2021-04-30,21.68000030517578,21.969999313354492,20.30500030517578,20.30500030517578,146800
2021-05-03,21.760000228881836,22.0,20.780000686645508,21.700000762939453,149800
2021-05-04,20.020000457763672,21.9060001373291,19.56999969482422,21.479999542236328,162200
2021-05-05,18.8700008392334,20.239999771118164,18.649999618530273,20.0,130400
2021-05-06,18.09000015258789,19.038000106811523,17.420000076293945,18.780000686645508,159300
2021-05-07,18.549999237060547,19.231000900268555,17.760000228881836,17.920000076293945,156700
2021-05-10,17.43000030517578,18.40999984741211,16.68000030517578,18.40999984741211,171500
2021-05-11,15.890000343322754,17.15999984741211,15.510000228881836,16.5,417400
2021-05-12,15.149999618530273,15.979999542236328,14.970000267028809,15.069999694824219,270300
2021-05-13,13.899999618530273,15.770000457763672,13.779999732971191,15.770000457763672,284200
2021-05-14,14.520000457763672,15.335000038146973,14.300000190734863,14.600000381469727,309500
2021-05-17,14.640000343322754,14.6850004196167,14.050000190734863,14.180000305175781,127500
2021-05-18,14.8100004196167,16.510000228881836,14.579999923706055,14.65999984741211,403700
2021-05-19,15.600000381469727,16.219999313354492,14.079999923706055,14.75,312300
2021-05-20,17.540000915527344,17.670000076293945,15.619999885559082,15.649999618530273,318100
2021-05-21,17.8799991607666,18.200000762939453,17.059999465942383,17.639999389648438,255400
2021-05-24,18.15999984741211,18.420000076293945,17.5,18.040000915527344,213600
2021-05-25,17.579999923706055,18.21500015258789,17.5,18.049999237060547,187500
2021-05-26,17.200000762939453,17.6299991607666,16.610000610351562,17.6299991607666,317700
2021-05-27,16.649999618530273,17.239999771118164,16.389999389648438,17.18000030517578,266000
2021-05-28,16.270000457763672,17.1299991607666,16.1299991607666,16.760000228881836,268200
2021-06-01,16.68000030517578,17.40999984741211,16.0,16.649999618530273,222500
2021-06-02,17.719999313354492,18.309999465942383,16.511999130249023,16.549999237060547,368200
2021-06-03,18.510000228881836,18.549999237060547,17.139999389648438,17.40999984741211,376100
2021-06-04,19.989999771118164,20.280000686645508,18.25,18.440000534057617,436700
2021-06-07,20.530000686645508,21.510000228881836,19.913000106811523,19.950000762939453,392600
2021-06-08,21.0,22.202999114990234,19.739999771118164,20.3700008392334,282600
2021-06-09,20.59000015258789,21.549999237060547,20.59000015258789,20.954999923706055,141100
2021-06-10,19.979999542236328,20.780000686645508,19.780000686645508,20.459999084472656,187900
2021-06-11,19.739999771118164,20.55500030517578,19.510000228881836,20.219999313354492,130900
2021-06-14,20.59000015258789,20.809999465942383,19.802000045776367,20.270000457763672,352400
2021-06-15,21.149999618530273,22.700000762939453,20.260000228881836,20.75,446800
2021-06-16,21.229999542236328,21.979999542236328,20.040000915527344,20.739999771118164,277200
2021-06-17,21.93000030517578,22.790000915527344,20.889999389648438,20.979999542236328,342800
2021-06-18,21.690000534057617,23.09000015258789,21.399999618530273,21.75,494300
2021-06-21,20.68000030517578,21.700000762939453,19.75,21.700000762939453,323900
2021-06-22,20.110000610351562,20.739999771118164,19.93000030517578,20.450000762939453,234000
2021-06-23,21.790000915527344,21.989999771118164,20.219999313354492,20.219999313354492,206600
2021-06-24,22.559999465942383,23.799999237060547,21.84000015258789,21.860000610351562,316700
2021-06-25,22.579999923706055,23.458999633789062,21.90999984741211,22.579999923706055,1803600
2021-06-28,22.479999542236328,23.360000610351562,22.139999389648438,22.68000030517578,162000
2021-06-29,21.950000762939453,22.610000610351562,21.579999923706055,22.610000610351562,131400
2021-06-30,21.360000610351562,21.829999923706055,21.100000381469727,21.719999313354492,135500
2021-07-01,20.8700008392334,21.68000030517578,20.420000076293945,21.469999313354492,111700
2021-07-02,20.65999984741211,21.239999771118164,20.049999237060547,20.959999084472656,181300
2021-07-06,20.299999237060547,20.969999313354492,20.010000228881836,20.860000610351562,161800
2021-07-07,19.209999084472656,20.399999618530273,18.75,20.079999923706055,410000
2021-07-08,18.639999389648438,19.219999313354492,18.020000457763672,18.530000686645508,155300
2021-07-09,18.6200008392334,19.01300048828125,18.5,18.780000686645508,109100
2021-07-12,20.229999542236328,21.0,18.690000534057617,18.889999389648438,214000
2021-07-13,19.3799991607666,20.239999771118164,19.100000381469727,20.09000015258789,139300
2021-07-14,17.520000457763672,19.489999771118164,17.270000457763672,19.489999771118164,271000
2021-07-15,16.56999969482422,18.420000076293945,16.200000762939453,18.200000762939453,543300
2021-07-16,16.059999465942383,17.030000686645508,16.040000915527344,16.809999465942383,236100
2021-07-19,15.949999809265137,16.2549991607666,15.152000427246094,15.699999809265137,228500
2021-07-20,16.149999618530273,16.43000030517578,15.699999809265137,15.850000381469727,208500
2021-07-21,16.639999389648438,16.84000015258789,15.859999656677246,15.930000305175781,157700
2021-07-22,15.789999961853027,16.850000381469727,15.760000228881836,16.600000381469727,124600
2021-07-23,15.510000228881836,15.880000114440918,15.329999923706055,15.8100004196167,93600
2021-07-26,15.029999732971191,15.649999618530273,14.789999961853027,15.489999771118164,129700
2021-07-27,14.520000457763672,15.277000427246094,14.3100004196167,15.140000343322754,137600
2021-07-28,14.710000038146973,15.0,14.329999923706055,14.449999809265137,334000
2021-07-29,14.619999885559082,15.100000381469727,14.449999809265137,14.770000457763672,138000
2021-07-30,14.84000015258789,15.0,14.15999984741211,14.539999961853027,168700
2021-08-02,14.770000457763672,15.520000457763672,14.550000190734863,14.760000228881836,170600
2021-08-03,14.399999618530273,14.739999771118164,14.09000015258789,14.729999542236328,100800
2021-08-04,14.010000228881836,14.520000457763672,13.850000381469727,14.210000038146973,139100
2021-08-05,14.680000305175781,14.84000015258789,14.010000228881836,14.010000228881836,100100
2021-08-06,14.829999923706055,14.899999618530273,14.140000343322754,14.710000038146973,102700
2021-08-09,14.680000305175781,15.060999870300293,14.539999961853027,14.819999694824219,157500
2021-08-10,13.989999771118164,14.989999771118164,13.920000076293945,14.75,164900
2021-08-11,13.479999542236328,13.970000267028809,13.0600004196167,13.970000267028809,235600
2021-08-12,12.640000343322754,13.430000305175781,11.859999656677246,13.430000305175781,533200
2021-08-13,11.9399995803833,12.779999732971191,11.899999618530273,12.680000305175781,198100
2021-08-16,10.470000267028809,12.020000457763672,10.09000015258789,11.579999923706055,700100
2021-08-17,10.5600004196167,10.979999542236328,10.020000457763672,10.609999656677246,364600
2021-08-18,10.960000038146973,11.739999771118164,10.25,10.420000076293945,497300
2021-08-19,10.510000228881836,11.140000343322754,10.347999572753906,10.970000267028809,248900
2021-08-20,11.329999923706055,11.4399995803833,10.350000381469727,10.380000114440918,236200
2021-08-23,11.529999732971191,12.029999732971191,11.25,11.420000076293945,237400
2021-08-24,12.3100004196167,12.539999961853027,11.420000076293945,11.5600004196167,291900
2021-08-25,12.220000267028809,12.819999694824219,11.890000343322754,12.3100004196167,210100
2021-08-26,12.34000015258789,12.579999923706055,11.899999618530273,12.170000076293945,149000
2021-08-27,12.90999984741211,13.050000190734863,12.220000267028809,12.329999923706055,190800
2021-08-30,12.449999809265137,13.09000015258789,12.390000343322754,13.09000015258789,111100
2021-08-31,13.489999771118164,13.859999656677246,12.420000076293945,12.479999542236328,192900
2021-09-01,13.380000114440918,13.789999961853027,13.119999885559082,13.489999771118164,195500
2021-09-02,13.960000038146973,14.539999961853027,13.369999885559082,13.369999885559082,211300
2021-09-03,13.90999984741211,14.041000366210938,13.579999923706055,13.850000381469727,122600
2021-09-07,12.720000267028809,14.083999633789062,12.4399995803833,13.869999885559082,280100
2021-09-08,13.079999923706055,13.260000228881836,12.489999771118164,12.880000114440918,108300
2021-09-09,13.350000381469727,13.539999961853027,12.550000190734863,12.850000381469727,86500
2021-09-10,13.0600004196167,13.529999732971191,12.954999923706055,13.125,78900
2021-09-13,12.670000076293945,13.180000305175781,12.00100040435791,13.180000305175781,235400
2021-09-14,12.609999656677246,12.920000076293945,12.5,12.739999771118164,99100
2021-09-15,13.029999732971191,13.069999694824219,12.5,12.619999885559082,80800
2021-09-16,13.130000114440918,13.170000076293945,12.71500015258789,12.869999885559082,83500
2021-09-17,14.369999885559082,14.619000434875488,13.220000267028809,13.300000190734863,242400
2021-09-20,13.170000076293945,13.859999656677246,12.510000228881836,13.59000015258789,184100
2021-09-21,13.369999885559082,14.0,13.119999885559082,13.170000076293945,73500
2021-09-22,13.670000076293945,13.946999549865723,13.170000076293945,13.510000228881836,174600
2021-09-23,13.84000015258789,14.020000457763672,13.25,13.6899995803833,77500
2021-09-24,13.880000114440918,14.350000381469727,13.5,13.649999618530273,139500
2021-09-27,14.270000457763672,14.359999656677246,13.510000228881836,13.84000015258789,99900
2021-09-28,13.039999961853027,14.1899995803833,12.90999984741211,14.09000015258789,435000
2021-09-29,12.75,13.303999900817871,12.600000381469727,13.039999961853027,140900
2021-09-30,13.649999618530273,13.880000114440918,12.75,12.75,215700
2021-10-01,13.399999618530273,13.836000442504883,13.109999656677246,13.489999771118164,122600
2021-10-04,12.520000457763672,13.239999771118164,12.420000076293945,13.239999771118164,97100
2021-10-05,12.529999732971191,12.800000190734863,12.430000305175781,12.5,120600
2021-10-06,12.899999618530273,13.34000015258789,12.5,12.5,115800
2021-10-07,13.140000343322754,13.399999618530273,12.607000350952148,12.930000305175781,61400
2021-10-08,12.770000457763672,13.1899995803833,12.529999732971191,13.119999885559082,56100
2021-10-11,12.550000190734863,12.888999938964844,12.479999542236328,12.6899995803833,54300
2021-10-12,13.430000305175781,13.529999732971191,12.649999618530273,12.649999618530273,105700
2021-10-13,13.479999542236328,13.760000228881836,13.1899995803833,13.270000457763672,104400
2021-10-14,16.200000762939453,16.540000915527344,14.670000076293945,15.04699993133545,773900
2021-10-15,16.170000076293945,16.81999969482422,15.555000305175781,16.149999618530273,320000
2021-10-18,15.369999885559082,16.399999618530273,15.260000228881836,16.190000534057617,218800
2021-10-19,16.649999618530273,17.09000015258789,15.475000381469727,15.65999984741211,186200
2021-10-20,16.510000228881836,17.100000381469727,16.010000228881836,16.5,108700
2021-10-21,16.1299991607666,17.260000228881836,15.859999656677246,16.520000457763672,112600
2021-10-22,15.960000038146973,16.40999984741211,15.430000305175781,15.5,145200
2021-10-25,15.869999885559082,16.03700065612793,15.220000267028809,15.989999771118164,116800
2021-10-26,16.049999237060547,16.40999984741211,15.460000038146973,16.010000228881836,102100
2021-10-27,15.520000457763672,16.059999465942383,15.300000190734863,16.020000457763672,83500
2021-10-28,16.06999969482422,16.469999313354492,15.270000457763672,15.619999885559082,97100
2021-10-29,16.350000381469727,16.360000610351562,15.579999923706055,15.979999542236328,92600
2021-11-01,18.100000381469727,18.40999984741211,16.489999771118164,16.489999771118164,287300
2021-11-02,18.65999984741211,19.174999237060547,17.440000534057617,18.010000228881836,297500
2021-11-03,19.020000457763672,19.389999389648438,18.399999618530273,18.639999389648438,215100
2021-11-04,18.690000534057617,19.375,18.020000457763672,19.375,131000
2021-11-05,18.709999084472656,19.09000015258789,18.25,18.770000457763672,110400
2021-11-08,18.920000076293945,19.274999618530273,18.489999771118164,18.770000457763672,79200
2021-11-09,18.559999465942383,18.920000076293945,18.010000228881836,18.899999618530273,71500
2021-11-10,17.610000610351562,18.780000686645508,16.809999465942383,18.270000457763672,234800
2021-11-11,17.479999542236328,18.09000015258789,17.1299991607666,17.59000015258789,331700
2021-11-12,17.020000457763672,17.889999389648438,16.940000534057617,17.889999389648438,227200
2021-11-15,16.700000762939453,17.290000915527344,16.600000381469727,17.059999465942383,202700
2021-11-16,16.270000457763672,16.75,15.510000228881836,16.75,266400
2021-11-17,16.530000686645508,16.950000762939453,15.739999771118164,16.1299991607666,219400
2021-11-18,15.970000267028809,16.937999725341797,15.720000267028809,16.773000717163086,232800
2021-11-19,16.610000610351562,17.045000076293945,15.729999542236328,15.75,133400
2021-11-22,16.06999969482422,16.6200008392334,15.640000343322754,16.6200008392334,170800
2021-11-23,16.15999984741211,16.770000457763672,15.329999923706055,15.84000015258789,257400
2021-11-24,16.010000228881836,16.606000900268555,15.79800033569336,16.149999618530273,126200
2021-11-26,15.630000114440918,15.9399995803833,15.390000343322754,15.649999618530273,105600
2021-11-29,15.550000190734863,15.970000267028809,15.260000228881836,15.65999984741211,114100
2021-11-30,15.630000114440918,16.149999618530273,15.152999877929688,15.40999984741211,123800
2021-12-01,14.869999885559082,16.360000610351562,14.75,16.040000915527344,194400
2021-12-02,15.239999771118164,15.380000114440918,14.59000015258789,14.930000305175781,123500
2021-12-03,15.010000228881836,15.279999732971191,13.760000228881836,15.210000038146973,331700
2021-12-06,14.5,15.451000213623047,13.819999694824219,14.8100004196167,500700
2021-12-07,14.420000076293945,15.0,14.15999984741211,14.649999618530273,201400
2021-12-08,14.449999809265137,14.760000228881836,14.15999984741211,14.390000343322754,107100
2021-12-09,13.789999961853027,14.444999694824219,13.5600004196167,14.220000267028809,173400
2021-12-10,13.9399995803833,14.289999961853027,13.430000305175781,13.859999656677246,223100
2021-12-13,14.399999618530273,14.859999656677246,13.880999565124512,14.140000343322754,186100
2021-12-14,13.720000267028809,14.399999618530273,13.40999984741211,14.15999984741211,109300
2021-12-15,14.069999694824219,14.210000038146973,13.180000305175781,13.649999618530273,135800
2021-12-16,13.319999694824219,14.399999618530273,13.09000015258789,13.5600004196167,122900
2021-12-17,13.489999771118164,14.1899995803833,12.779999732971191,13.555000305175781,323600
2021-12-20,13.15999984741211,13.460000038146973,12.949999809265137,13.1899995803833,81400
2021-12-21,13.569999694824219,13.854999542236328,13.25,13.25,68900
2021-12-22,13.600000381469727,13.859999656677246,13.3100004196167,13.630000114440918,73900
2021-12-23,13.649999618530273,13.817000389099121,13.449999809265137,13.5,85500
2021-12-27,13.3100004196167,13.84000015258789,13.142999649047852,13.640000343322754,70800
2021-12-28,12.880000114440918,13.510000228881836,12.65999984741211,13.149999618530273,101300
2021-12-29,12.569999694824219,12.979999542236328,12.260000228881836,12.739999771118164,178300
2021-12-30,12.850000381469727,13.15999984741211,12.350000381469727,12.960000038146973,96800
2021-12-31,12.970000267028809,13.3100004196167,12.6899995803833,12.859999656677246,130900
2022-01-03,13.609999656677246,13.710000038146973,12.5,12.989999771118164,103000
2022-01-04,12.880000114440918,13.609999656677246,12.649999618530273,13.609999656677246,89700
2022-01-05,12.119999885559082,13.010000228881836,12.09000015258789,12.859999656677246,126100
2022-01-06,11.40999984741211,12.109999656677246,11.380000114440918,11.84000015258789,173200
2022-01-07,11.34000015258789,11.753999710083008,11.050000190734863,11.550000190734863,136600
2022-01-10,10.989999771118164,11.220000267028809,10.619999885559082,11.220000267028809,127500
2022-01-11,11.109999656677246,11.329999923706055,10.729000091552734,10.890000343322754,73500
2022-01-12,10.850000381469727,11.229999542236328,10.699999809265137,11.229999542236328,81700
2022-01-13,10.359999656677246,10.890000343322754,10.100000381469727,10.425000190734863,148900
2022-01-14,10.289999961853027,10.670000076293945,9.920000076293945,10.140000343322754,77800
2022-01-18,9.979999542236328,10.279999732971191,9.670000076293945,10.15999984741211,156700
2022-01-19,9.649999618530273,10.300000190734863,9.5600004196167,10.0,177200
2022-01-20,8.90999984741211,9.9350004196167,8.800000190734863,9.59000015258789,190600
2022-01-21,8.15999984741211,8.914999961853027,8.0600004196167,8.729999542236328,348800
2022-01-24,8.979999542236328,8.989999771118164,7.690000057220459,7.96999979019165,327900
2022-01-25,8.609999656677246,9.020000457763672,8.489999771118164,8.699999809265137,96800
2022-01-26,8.239999771118164,8.949999809265137,7.960000038146973,8.819999694824219,104100
2022-01-27,7.920000076293945,8.449999809265137,7.809999942779541,8.369999885559082,109000
2022-01-28,8.369999885559082,8.390000343322754,7.559999942779541,7.900000095367432,119900
2022-01-31,8.770000457763672,8.8100004196167,8.130000114440918,8.369999885559082,256600
2022-02-01,8.770000457763672,9.0,8.449999809265137,8.789999961853027,173100
2022-02-02,8.4399995803833,8.850000381469727,8.25,8.829999923706055,91900
2022-02-03,8.119999885559082,8.399999618530273,8.050000190734863,8.390000343322754,63000
2022-02-04,8.380000114440918,8.5,7.960000038146973,8.270000457763672,95900
2022-02-07,8.529999732971191,8.710000038146973,8.15999984741211,8.430000305175781,104400
2022-02-08,8.800000190734863,8.880000114440918,8.520000457763672,8.520000457763672,114400
2022-02-09,9.0600004196167,9.149999618530273,8.800000190734863,8.890000343322754,120700
2022-02-10,8.949999809265137,9.199999809265137,8.739999771118164,8.800000190734863,92100
2022-02-11,8.8100004196167,9.3100004196167,8.600000381469727,8.930000305175781,103800
2022-02-14,8.609999656677246,9.015000343322754,8.539999961853027,8.84000015258789,72000
2022-02-15,8.739999771118164,9.010000228881836,8.526000022888184,8.800000190734863,130900
2022-02-16,8.819999694824219,8.90999984741211,8.40999984741211,8.75,143300
2022-02-17,8.079999923706055,8.680000305175781,8.029999732971191,8.640000343322754,135300
2022-02-18,7.849999904632568,8.100000381469727,7.599999904632568,8.010000228881836,133400
2022-02-22,7.579999923706055,7.940000057220459,7.534999847412109,7.659999847412109,136500
2022-02-23,7.21999979019165,7.860000133514404,7.130000114440918,7.679999828338623,188300
2022-02-24,7.300000190734863,7.329999923706055,6.670000076293945,6.789999961853027,264500
2022-02-25,7.489999771118164,7.519999980926514,7.150000095367432,7.369999885559082,160300
2022-02-28,7.300000190734863,7.559999942779541,7.159999847412109,7.269999980926514,130500
2022-03-01,7.659999847412109,8.029999732971191,7.2820000648498535,7.929999828338623,593800
2022-03-02,7.949999809265137,8.621999740600586,7.559999942779541,7.789999961853027,349700
2022-03-03,7.739999771118164,8.100000381469727,7.639999866485596,8.010000228881836,173100
2022-03-04,7.260000228881836,7.789000034332275,7.03000020980835,7.610000133514404,185500
2022-03-07,6.829999923706055,7.75,6.760000228881836,7.75,255300
2022-03-08,6.670000076293945,6.986000061035156,6.369999885559082,6.820000171661377,463800
2022-03-09,6.900000095367432,7.099999904632568,6.510000228881836,6.929999828338623,194100
2022-03-10,6.699999809265137,6.869999885559082,6.46999979019165,6.869999885559082,161600
2022-03-11,6.460000038146973,6.769999980926514,6.440000057220459,6.699999809265137,112900
2022-03-14,5.880000114440918,6.449999809265137,5.820000171661377,6.449999809265137,263700
2022-03-15,5.840000152587891,5.96999979019165,5.59499979019165,5.849999904632568,218500
2022-03-16,6.460000038146973,6.46999979019165,6.0,6.0,327700
2022-03-17,7.059999942779541,7.235000133514404,6.400000095367432,6.429999828338623,190800
2022-03-18,7.050000190734863,7.239999771118164,6.900000095367432,6.940000057220459,234500
2022-03-21,6.489999771118164,7.119999885559082,6.480000019073486,7.119999885559082,189800
2022-03-22,6.599999904632568,6.980000019073486,6.440000057220459,6.5,287800
2022-03-23,6.960000038146973,7.300000190734863,6.53000020980835,6.670000076293945,288500
2022-03-24,6.559999942779541,7.133999824523926,6.510000228881836,6.940000057220459,194300
2022-03-25,6.139999866485596,6.625,6.050000190734863,6.53000020980835,146700
2022-03-28,6.179999828338623,6.300000190734863,5.920000076293945,6.170000076293945,127100
2022-03-29,6.28000020980835,6.484000205993652,6.210000038146973,6.230000019073486,140400
2022-03-30,5.940000057220459,6.289999961853027,5.860000133514404,6.210000038146973,130700
2022-03-31,5.840000152587891,6.070000171661377,5.78000020980835,6.070000171661377,126600
2022-04-01,6.03000020980835,6.360000133514404,5.909999847412109,5.96999979019165,144500
2022-04-04,6.099999904632568,6.241000175476074,5.889999866485596,6.0,149700
2022-04-05,5.840000152587891,6.050000190734863,5.71999979019165,6.050000190734863,148600
2022-04-06,5.710000038146973,5.840000152587891,5.369999885559082,5.659999847412109,167500
2022-04-07,5.869999885559082,5.909999847412109,5.59499979019165,5.659999847412109,181900
2022-04-08,5.760000228881836,5.869999885559082,5.619999885559082,5.75,83900
2022-04-11,5.5,5.824999809265137,5.389999866485596,5.699999809265137,143100
2022-04-12,5.300000190734863,5.630000114440918,5.275000095367432,5.610000133514404,116700
2022-04-13,5.650000095367432,5.679999828338623,5.28000020980835,5.28000020980835,167400
2022-04-14,6.019999980926514,6.059999942779541,5.650000095367432,5.690000057220459,331300
2022-04-18,5.929999828338623,5.989999771118164,5.420000076293945,5.920000076293945,366900
2022-04-19,5.869999885559082,6.179999828338623,5.639999866485596,5.869999885559082,260000
2022-04-20,6.070000171661377,6.099999904632568,5.710000038146973,5.860000133514404,156000
2022-04-21,5.900000095367432,6.209000110626221,5.809999942779541,6.119999885559082,222200
2022-04-22,5.599999904632568,5.849999904632568,5.5,5.789999961853027,233500
2022-04-25,5.78000020980835,5.840000152587891,5.46999979019165,5.519999980926514,121600
2022-04-26,5.300000190734863,5.730000019073486,5.300000190734863,5.659999847412109,195000
2022-04-27,5.039999961853027,5.4120001792907715,4.960000038146973,5.309999942779541,240900
2022-04-28,5.03000020980835,5.110000133514404,4.650000095367432,5.110000133514404,320600
2022-04-29,4.960000038146973,5.28000020980835,4.880000114440918,5.0,191400
2022-05-02,5.090000152587891,5.361000061035156,4.769999980926514,4.889999866485596,291300
2022-05-03,4.869999885559082,5.440000057220459,4.809999942779541,5.099999904632568,241600
2022-05-04,5.110000133514404,5.139999866485596,4.610000133514404,4.900000095367432,249900
2022-05-05,4.769999980926514,5.170000076293945,4.639999866485596,5.170000076293945,175600
2022-05-06,4.429999828338623,4.829999923706055,4.420000076293945,4.71999979019165,148500
2022-05-09,4.329999923706055,4.440000057220459,4.110000133514404,4.289999961853027,320600
2022-05-10,4.670000076293945,4.789999961853027,4.329999923706055,4.5,268300
2022-05-11,4.570000171661377,5.010000228881836,4.409999847412109,4.650000095367432,350500
2022-05-12,5.179999828338623,5.677000045776367,4.579999923706055,4.949999809265137,429400
2022-05-13,5.860000133514404,5.889999866485596,4.400000095367432,4.650000095367432,595600
2022-05-16,6.53000020980835,6.739999771118164,5.739999771118164,5.800000190734863,455700
2022-05-17,7.190000057220459,7.691999912261963,6.449999809265137,6.710000038146973,1040600
2022-05-18,6.449999809265137,7.25,6.369999885559082,7.050000190734863,439900
2022-05-19,6.369999885559082,6.618000030517578,6.0,6.369999885559082,315000
2022-05-20,6.190000057220459,6.480000019073486,5.760000228881836,6.449999809265137,354300
2022-05-23,6.53000020980835,6.53000020980835,5.835000038146973,6.300000190734863,268300
2022-05-24,6.380000114440918,6.650000095367432,6.269999980926514,6.400000095367432,222600
2022-05-25,6.300000190734863,6.525000095367432,6.010000228881836,6.349999904632568,130200
2022-05-26,6.269999980926514,6.579999923706055,6.119999885559082,6.300000190734863,191100
2022-05-27,6.829999923706055,6.875,6.21999979019165,6.25,210600
2022-05-31,6.650000095367432,6.900000095367432,6.389999866485596,6.78000020980835,106000
2022-06-01,6.28000020980835,6.989999771118164,6.210000038146973,6.670000076293945,178400
2022-06-02,6.440000057220459,6.610000133514404,6.139999866485596,6.21999979019165,149100
2022-06-03,7.019999980926514,7.394999980926514,6.25,6.25,300700
2022-06-06,6.800000190734863,7.300000190734863,6.789999961853027,7.130000114440918,243700
2022-06-07,7.230000019073486,7.28000020980835,6.78000020980835,6.78000020980835,252200
2022-06-08,7.199999809265137,7.650000095367432,7.179999828338623,7.260000228881836,230000
2022-06-09,7.449999809265137,7.690000057220459,7.0,7.170000076293945,218100
2022-06-10,7.099999904632568,7.369999885559082,6.900000095367432,7.28000020980835,181500
2022-06-13,6.519999980926514,6.929999828338623,6.440000057220459,6.690000057220459,228400
2022-06-14,6.199999809265137,6.5,6.119999885559082,6.489999771118164,241300
2022-06-15,6.03000020980835,6.260000228881836,5.869999885559082,6.21999979019165,380200
2022-06-16,5.989999771118164,6.079999923706055,5.590000152587891,5.849999904632568,201900
2022-06-17,5.460000038146973,6.28000020980835,5.389999866485596,6.170000076293945,642100
2022-06-21,5.199999809265137,5.71999979019165,5.190000057220459,5.670000076293945,441200
2022-06-22,5.190000057220459,5.409999847412109,5.099999904632568,5.099999904632568,351800
2022-06-23,5.210000038146973,5.324999809265137,5.070000171661377,5.239999771118164,486800
2022-06-24,5.309999942779541,5.329999923706055,5.074999809265137,5.300000190734863,1963700
2022-06-27,5.949999809265137,6.059999942779541,5.21999979019165,5.300000190734863,314700
2022-06-28,5.630000114440918,5.960000038146973,5.550000190734863,5.920000076293945,156400
2022-06-29,5.53000020980835,5.570000171661377,5.260000228881836,5.570000171661377,179000
2022-06-30,6.139999866485596,6.289999961853027,5.28000020980835,5.360000133514404,421000
2022-07-01,5.929999828338623,6.275000095367432,5.820000171661377,6.070000171661377,263200
2022-07-05,6.170000076293945,6.25,5.800000190734863,5.960000038146973,280200
2022-07-06,6.28000020980835,6.449999809265137,6.110000133514404,6.179999828338623,176200
2022-07-07,6.5,6.579999923706055,6.235000133514404,6.320000171661377,185900
2022-07-08,6.75,6.75,6.329999923706055,6.46999979019165,148200
2022-07-11,6.019999980926514,6.699999809265137,6.010000228881836,6.679999828338623,168800
2022-07-12,6.119999885559082,6.199999809265137,5.949999809265137,6.019999980926514,133400
2022-07-13,6.190000057220459,6.335999965667725,6.0,6.0,108600
2022-07-14,6.199999809265137,6.25,5.84499979019165,6.110000133514404,179100
2022-07-15,6.139999866485596,6.309999942779541,5.78000020980835,6.289999961853027,185800
2022-07-18,6.179999828338623,6.380000114440918,6.050000190734863,6.179999828338623,156500
2022-07-19,6.389999866485596,6.409999847412109,6.199999809265137,6.25,104800
2022-07-20,6.539999961853027,6.619999885559082,6.239999771118164,6.340000152587891,156800
2022-07-21,6.510000228881836,6.739999771118164,6.389999866485596,6.539999961853027,216700
2022-07-22,6.179999828338623,6.579999923706055,6.059999942779541,6.559999942779541,134200
2022-07-25,6.190000057220459,6.369999885559082,5.869999885559082,6.199999809265137,144400
2022-07-26,6.090000152587891,6.199999809265137,5.914999961853027,6.110000133514404,109300
2022-07-27,6.139999866485596,6.159999847412109,6.0,6.159999847412109,108900
2022-07-28,6.090000152587891,6.179999828338623,6.0,6.099999904632568,168500
2022-07-29,6.110000133514404,6.170000076293945,5.949999809265137,6.059999942779541,116900
2022-08-01,5.789999961853027,6.144999980926514,5.760000228881836,6.130000114440918,216900
2022-08-02,5.820000171661377,5.949999809265137,5.550000190734863,5.739999771118164,137100
2022-08-03,5.820000171661377,6.079999923706055,5.730000019073486,5.900000095367432,189900
2022-08-04,5.96999979019165,6.004000186920166,5.789999961853027,5.829999923706055,109900
2022-08-05,6.289999961853027,6.460000038146973,5.880000114440918,5.940000057220459,262200
2022-08-08,6.510000228881836,6.690000057220459,6.369999885559082,6.369999885559082,150200
2022-08-09,6.065000057220459,6.449999809265137,5.909999847412109,6.440000057220459,196200
2022-08-10,6.380000114440918,6.525000095367432,6.046000003814697,6.179999828338623,215600
2022-08-11,6.989999771118164,7.239999771118164,6.5,6.5,568600
2022-08-12,7.159999847412109,7.329999923706055,7.0,7.300000190734863,535600
2022-08-15,6.739999771118164,6.829999923706055,5.909999847412109,6.53000020980835,678400
2022-08-16,5.860000133514404,6.659999847412109,5.75,6.659999847412109,615300
2022-08-17,5.489999771118164,5.920000076293945,5.244999885559082,5.71999979019165,627700
2022-08-18,5.110000133514404,5.458000183105469,5.099999904632568,5.429999828338623,261100
2022-08-19,4.900000095367432,5.139999866485596,4.840000152587891,5.059999942779541,406100
2022-08-22,5.269999980926514,5.289999961853027,4.849999904632568,4.860000133514404,269000
2022-08-23,5.210000038146973,5.440000057220459,5.099999904632568,5.260000228881836,281500
2022-08-24,5.199999809265137,5.309999942779541,5.099999904632568,5.230000019073486,140700
2022-08-25,5.179999828338623,5.239999771118164,5.045000076293945,5.239999771118164,125200
2022-08-26,4.869999885559082,5.276000022888184,4.849999904632568,5.170000076293945,195500
2022-08-29,4.760000228881836,5.039999961853027,4.730000019073486,4.869999885559082,139200
2022-08-30,4.550000190734863,5.006999969482422,4.510000228881836,4.760000228881836,193000
2022-08-31,4.769999980926514,4.789999961853027,4.510000228881836,4.579999923706055,276900
2022-09-01,4.579999923706055,4.800000190734863,4.409999847412109,4.730000019073486,252000
2022-09-02,4.449999809265137,4.715000152587891,4.369999885559082,4.610000133514404,208100
2022-09-06,4.119999885559082,4.579999923706055,4.090000152587891,4.46999979019165,230100
2022-09-07,4.25,4.275000095367432,4.019999980926514,4.079999923706055,170800
2022-09-08,4.21999979019165,4.25600004196167,4.079999923706055,4.199999809265137,154600
2022-09-09,4.309999942779541,4.400000095367432,4.21999979019165,4.289999961853027,118800
2022-09-12,4.380000114440918,4.5,4.320000171661377,4.329999923706055,65100
2022-09-13,4.110000133514404,4.329999923706055,4.019999980926514,4.320000171661377,159200
2022-09-14,4.159999847412109,4.260000228881836,4.059999942779541,4.070000171661377,93600
2022-09-15,4.139999866485596,4.289000034332275,4.059999942779541,4.139999866485596,101600
2022-09-16,3.8499999046325684,4.150000095367432,3.75,4.059999942779541,232500
2022-09-19,3.740000009536743,3.8010001182556152,3.6600000858306885,3.799999952316284,140700
2022-09-20,3.869999885559082,3.9600000381469727,3.680000066757202,3.930000066757202,269400
2022-09-21,3.9800000190734863,4.255000114440918,3.880000114440918,3.9800000190734863,306600
2022-09-22,4.0,4.125,3.8299999237060547,4.0,210200
2022-09-23,4.070000171661377,4.119999885559082,3.799999952316284,3.950000047683716,210600
2022-09-26,4.079999923706055,4.239999771118164,4.014999866485596,4.019999980926514,89400
2022-09-27,4.090000152587891,4.175000190734863,4.045000076293945,4.139999866485596,51800
2022-09-28,4.559999942779541,4.650000095367432,4.039999961853027,4.079999923706055,268600
2022-09-29,4.480000019073486,4.53000020980835,4.123000144958496,4.460000038146973,180700
2022-09-30,4.630000114440918,4.860000133514404,4.480000019073486,4.480000019073486,369300
2022-10-03,4.730000019073486,4.829999923706055,4.422999858856201,4.650000095367432,119400
2022-10-04,5.139999866485596,5.360000133514404,4.820000171661377,4.840000152587891,240800
2022-10-05,5.150000095367432,5.21999979019165,4.929999828338623,5.079999923706055,132400
2022-10-06,5.489999771118164,5.699999809265137,5.210000038146973,5.210000038146973,133200
2022-10-07,5.159999847412109,5.46999979019165,5.099999904632568,5.460000038146973,165600
2022-10-10,5.269999980926514,5.46999979019165,4.900000095367432,5.150000095367432,120100
2022-10-11,5.090000152587891,5.300000190734863,5.059999942779541,5.190000057220459,110900
2022-10-12,4.949999809265137,5.130000114440918,4.840000152587891,5.079999923706055,99700
2022-10-13,4.809999942779541,5.0,4.480000019073486,4.710000038146973,215000
2022-10-14,4.710000038146973,5.159999847412109,4.679999828338623,4.929999828338623,113400
2022-10-17,4.800000190734863,5.079999923706055,4.7230000495910645,4.75,154600
2022-10-18,4.730000019073486,5.079999923706055,4.730000019073486,4.860000133514404,103100
2022-10-19,4.25,4.690000057220459,4.25,4.690000057220459,191200
2022-10-20,4.25,4.670000076293945,4.25,4.260000228881836,167400
2022-10-21,4.5,4.550000190734863,4.135000228881836,4.230000019073486,88700
2022-10-24,4.389999866485596,4.519999980926514,4.130000114440918,4.519999980926514,100900
2022-10-25,4.539999961853027,4.599999904632568,4.329999923706055,4.329999923706055,103800
2022-10-26,4.414999961853027,4.650000095367432,4.400000095367432,4.5,135400
2022-10-27,4.449999809265137,4.579999923706055,4.309999942779541,4.429999828338623,92000
2022-10-28,4.5,4.550000190734863,4.383999824523926,4.449999809265137,47000
2022-10-31,4.429999828338623,4.670000076293945,4.400000095367432,4.510000228881836,73900
2022-11-01,4.449999809265137,4.564000129699707,4.329999923706055,4.539999961853027,107900
2022-11-02,4.139999866485596,4.449999809265137,4.139999866485596,4.420000076293945,106100
2022-11-03,4.019999980926514,4.216000080108643,4.010000228881836,4.079999923706055,89100
2022-11-04,4.010000228881836,4.190000057220459,3.8499999046325684,4.099999904632568,102000
2022-11-07,4.019999980926514,4.110000133514404,3.9000000953674316,4.110000133514404,101000
2022-11-08,4.03000020980835,4.198999881744385,3.9749999046325684,4.0,78200
2022-11-09,3.799999952316284,4.059999942779541,3.7899999618530273,3.9600000381469727,154400
2022-11-10,3.9600000381469727,4.054999828338623,3.880000114440918,3.9100000858306885,168100
2022-11-11,4.079999923706055,4.260000228881836,3.859999895095825,3.9200000762939453,147400
2022-11-14,3.9200000762939453,4.099999904632568,3.9000000953674316,4.010000228881836,128100
2022-11-15,4.909999847412109,5.199999809265137,4.335000038146973,4.550000190734863,746100
2022-11-16,5.159999847412109,5.465000152587891,4.769999980926514,4.789999961853027,385000
2022-11-17,5.230000019073486,5.339000225067139,4.980000019073486,5.25,198800
2022-11-18,5.110000133514404,5.5,5.019999980926514,5.360000133514404,251800
2022-11-21,4.760000228881836,5.010000228881836,4.650000095367432,5.010000228881836,162300
2022-11-22,4.769999980926514,4.840000152587891,4.611000061035156,4.760000228881836,102100
2022-11-23,4.980000019073486,4.989999771118164,4.739999771118164,4.739999771118164,39600
2022-11-25,4.960000038146973,5.170000076293945,4.920000076293945,4.929999828338623,53300
2022-11-28,4.880000114440918,5.0329999923706055,4.760000228881836,4.949999809265137,56800
2022-11-29,4.989999771118164,5.085000038146973,4.840000152587891,4.840000152587891,98500
2022-11-30,4.960000038146973,5.03000020980835,4.619999885559082,4.96999979019165,216500
2022-12-01,4.840000152587891,5.260000228881836,4.75,4.989999771118164,166400
2022-12-02,4.889999866485596,5.0,4.764999866485596,4.769999980926514,77000
2022-12-05,4.820000171661377,5.099999904632568,4.809999942779541,4.889999866485596,194300
2022-12-06,4.75,4.835000038146973,4.510000228881836,4.829999923706055,107500
2022-12-07,4.690000057220459,4.789999961853027,4.570000171661377,4.730000019073486,91800
2022-12-08,4.300000190734863,4.849999904632568,4.289999961853027,4.679999828338623,152500
2022-12-09,4.360000133514404,4.46999979019165,4.170000076293945,4.300000190734863,98600
2022-12-12,4.150000095367432,4.349999904632568,4.119999885559082,4.349999904632568,146500
2022-12-13,4.090000152587891,4.360000133514404,4.010000228881836,4.21999979019165,236600
2022-12-14,4.300000190734863,4.409999847412109,4.090000152587891,4.170000076293945,162500
2022-12-15,3.950000047683716,4.289999961853027,3.865000009536743,4.25,155900
2022-12-16,3.9800000190734863,4.074999809265137,3.880000114440918,3.950000047683716,64800
2022-12-19,4.039999961853027,4.070000171661377,3.9000000953674316,4.010000228881836,138800
2022-12-20,3.950000047683716,4.119999885559082,3.9200000762939453,4.039999961853027,71400
2022-12-21,4.0,4.169000148773193,3.9100000858306885,4.010000228881836,82400
2022-12-22,4.199999809265137,4.230000019073486,4.010000228881836,4.019999980926514,110800
2022-12-23,3.990000009536743,4.28000020980835,3.930000066757202,4.179999828338623,84100
2022-12-27,3.7200000286102295,4.059999942779541,3.7200000286102295,3.990000009536743,152000
2022-12-28,3.5299999713897705,3.8489999771118164,3.5299999713897705,3.75,143200
2022-12-29,3.7799999713897705,3.819999933242798,3.559999942779541,3.5799999237060547,78800
2022-12-30,4.28000020980835,4.289999961853027,3.75,3.75,170200
2023-01-03,4.349999904632568,4.539999961853027,4.21999979019165,4.340000152587891,59800
2023-01-04,4.550000190734863,4.639999866485596,4.269999980926514,4.429999828338623,67600
2023-01-05,4.400000095367432,4.590000152587891,4.329999923706055,4.539999961853027,64800
2023-01-06,4.300000190734863,4.480000019073486,4.210000038146973,4.480000019073486,102400
2023-01-09,4.800000190734863,4.940000057220459,4.300000190734863,4.300000190734863,225600
2023-01-10,5.230000019073486,5.369999885559082,4.755000114440918,4.849999904632568,276600
2023-01-11,5.199999809265137,5.599999904632568,5.0,5.300000190734863,230200
2023-01-12,5.409999847412109,5.480000019073486,5.011000156402588,5.179999828338623,147300
2023-01-13,5.940000057220459,6.25,5.197000026702881,5.409999847412109,311000
2023-01-17,6.21999979019165,6.369999885559082,5.860000133514404,6.050000190734863,271900
2023-01-18,6.119999885559082,6.78000020980835,5.96999979019165,6.46999979019165,313100
2023-01-19,5.739999771118164,6.21999979019165,5.650000095367432,6.21999979019165,227400
2023-01-20,5.820000171661377,5.96999979019165,5.550000190734863,5.849999904632568,115200
2023-01-23,5.96999979019165,6.064000129699707,5.710999965667725,5.809999942779541,161600
2023-01-24,5.809999942779541,6.070000171661377,5.699999809265137,5.829999923706055,119400
2023-01-25,5.960000038146973,6.079999923706055,5.710000038146973,5.730000019073486,74100
2023-01-26,5.96999979019165,6.070000171661377,5.880000114440918,6.039999961853027,56000
2023-01-27,5.809999942779541,6.070000171661377,5.760000228881836,5.880000114440918,106800
2023-01-30,5.480000019073486,5.849999904632568,5.460000038146973,5.710000038146973,131400
2023-01-31,5.539999961853027,5.659999847412109,5.460000038146973,5.460000038146973,115400
2023-02-01,5.429999828338623,5.599999904632568,5.289999961853027,5.550000190734863,208800
2023-02-02,5.340000152587891,5.659999847412109,5.289999961853027,5.53000020980835,132300
2023-02-03,5.130000114440918,5.489999771118164,5.110000133514404,5.25,139000
2023-02-06,5.670000076293945,5.75,5.170000076293945,5.170000076293945,254200
2023-02-07,5.769999980926514,5.940000057220459,5.570000171661377,5.71999979019165,118000
2023-02-08,5.639999866485596,5.960000038146973,5.610000133514404,5.949999809265137,159700
2023-02-09,5.590000152587891,5.840000152587891,5.460000038146973,5.659999847412109,94800
2023-02-10,5.550000190734863,5.570000171661377,5.28000020980835,5.5,126700
2023-02-13,5.239999771118164,5.570000171661377,5.21999979019165,5.559999942779541,61800
2023-02-14,5.21999979019165,5.389999866485596,5.150000095367432,5.21999979019165,50700
2023-02-15,5.159999847412109,5.314000129699707,5.090000152587891,5.230000019073486,73700
2023-02-16,5.260000228881836,5.429999828338623,5.039999961853027,5.059999942779541,128500
2023-02-17,5.170000076293945,5.3379998207092285,5.139999866485596,5.21999979019165,63800
2023-02-21,4.920000076293945,5.126999855041504,4.880000114440918,5.110000133514404,119800
2023-02-22,4.699999809265137,4.960000038146973,4.610000133514404,4.940000057220459,138400
2023-02-23,4.559999942779541,4.760000228881836,4.460000038146973,4.760000228881836,61900
2023-02-24,4.480000019073486,4.699999809265137,4.369999885559082,4.46999979019165,103500
2023-02-27,4.480000019073486,4.681000232696533,4.400000095367432,4.519999980926514,88300
2023-02-28,4.599999904632568,4.670000076293945,4.449999809265137,4.480000019073486,103700
2023-03-01,4.590000152587891,4.679999828338623,4.539999961853027,4.650000095367432,63600
2023-03-02,4.360000133514404,4.519999980926514,4.150000095367432,4.519999980926514,266400
2023-03-03,4.78000020980835,4.889999866485596,4.392000198364258,4.429999828338623,154800
2023-03-06,4.869999885559082,5.0,4.710000038146973,4.809999942779541,166900
2023-03-07,4.869999885559082,4.927000045776367,4.716000080108643,4.8470001220703125,79600
2023-03-08,4.929999828338623,5.03000020980835,4.823999881744385,4.960000038146973,149100
2023-03-09,4.440000057220459,5.460000038146973,4.409999847412109,5.190000057220459,582900
2023-03-10,4.0,4.539999961853027,3.890000104904175,4.369999885559082,417800
2023-03-13,3.7899999618530273,4.099999904632568,3.765000104904175,4.0,307300
2023-03-14,4.190000057220459,4.230000019073486,3.880000114440918,3.880000114440918,332200
2023-03-15,4.070000171661377,4.239999771118164,4.010000228881836,4.059999942779541,104600
2023-03-16,4.03000020980835,4.150000095367432,3.9260001182556152,4.0,148800
2023-03-17,4.03000020980835,4.079999923706055,3.869999885559082,3.9200000762939453,162700
2023-03-20,4.0,4.039999961853027,3.799999952316284,4.039999961853027,68500
2023-03-21,4.300000190734863,4.420000076293945,3.950000047683716,3.950000047683716,92100
2023-03-22,4.320000171661377,4.570000171661377,4.275000095367432,4.400000095367432,137400
2023-03-23,4.099999904632568,4.5,3.994999885559082,4.320000171661377,179600
2023-03-24,4.070000171661377,4.239999771118164,3.9800000190734863,4.03000020980835,204500
2023-03-27,4.050000190734863,4.239999771118164,3.9800000190734863,4.199999809265137,227200
2023-03-28,3.9100000858306885,4.098999977111816,3.880000114440918,4.050000190734863,147900
2023-03-29,3.950000047683716,4.179999828338623,3.8399999141693115,3.950000047683716,246500
2023-03-30,4.119999885559082,4.150000095367432,3.9600000381469727,3.990000009536743,76100
2023-03-31,4.119999885559082,4.199999809265137,4.045000076293945,4.130000114440918,61300
2023-04-03,3.930000066757202,4.199999809265137,3.9100000858306885,4.170000076293945,140000
2023-04-04,3.8499999046325684,4.0,3.75,4.0,145200
2023-04-05,3.869999885559082,3.9200000762939453,3.700000047683716,3.8499999046325684,89100
2023-04-06,3.7899999618530273,3.9100000858306885,3.75,3.880000114440918,74700
2023-04-10,3.890000104904175,3.940000057220459,3.7300000190734863,3.8399999141693115,160000
2023-04-11,4.079999923706055,4.179999828338623,3.9000000953674316,3.9200000762939453,74100
2023-04-12,3.9200000762939453,4.110000133514404,3.9200000762939453,4.110000133514404,29400
2023-04-13,4.019999980926514,4.119999885559082,3.930000066757202,3.930000066757202,44600
2023-04-14,3.7100000381469727,4.050000190734863,3.6600000858306885,4.019999980926514,176100
2023-04-17,3.5399999618530273,3.812000036239624,3.509999990463257,3.7200000286102295,172500
2023-04-18,3.4000000953674316,3.6500000953674316,3.309999942779541,3.5799999237060547,343100
2023-04-19,3.5899999141693115,3.609999895095825,3.4000000953674316,3.440000057220459,245600
2023-04-20,3.6500000953674316,3.690000057220459,3.513000011444092,3.559999942779541,54100
2023-04-21,3.549999952316284,3.7300000190734863,3.4600000381469727,3.6600000858306885,233500
2023-04-24,3.450000047683716,3.5899999141693115,3.299999952316284,3.5299999713897705,292800
2023-04-25,3.2699999809265137,3.450000047683716,3.180000066757202,3.4200000762939453,227100
2023-04-26,3.259999990463257,3.3499999046325684,3.184999942779541,3.259999990463257,96400
2023-04-27,3.319999933242798,3.390000104904175,3.2300000190734863,3.25,86800
2023-04-28,3.369999885559082,3.5399999618530273,3.319999933242798,3.319999933242798,114600
2023-05-01,3.2300000190734863,3.440000057220459,3.200000047683716,3.3299999237060547,83500
2023-05-02,3.200000047683716,3.490000009536743,3.130000114440918,3.299999952316284,251500
2023-05-03,3.509999990463257,3.569999933242798,3.2200000286102295,3.2200000286102295,209600
2023-05-04,3.6500000953674316,3.6500000953674316,3.434999942779541,3.509999990463257,94300
2023-05-05,3.819999933242798,3.9100000858306885,3.5209999084472656,3.740000009536743,125500
2023-05-08,3.690000057220459,3.869999885559082,3.5399999618530273,3.869999885559082,106800
2023-05-09,3.5799999237060547,3.8299999237060547,3.4600000381469727,3.690000057220459,57400
2023-05-10,3.700000047683716,3.759999990463257,3.5799999237060547,3.5799999237060547,82800
2023-05-11,3.859999895095825,4.09499979019165,3.7200000286102295,3.9000000953674316,583900
2023-05-12,4.010000228881836,4.050000190734863,3.799999952316284,3.8399999141693115,187100
2023-05-15,3.7899999618530273,4.050000190734863,3.7730000019073486,4.0,75600
2023-05-16,3.7799999713897705,3.859999895095825,3.7200000286102295,3.759999990463257,75200
2023-05-17,3.7200000286102295,3.890000104904175,3.690000057220459,3.890000104904175,75300
2023-05-18,3.7699999809265137,3.865000009536743,3.5399999618530273,3.75,167600
2023-05-19,3.75,3.8299999237060547,3.619999885559082,3.7200000286102295,50300
2023-05-22,4.0,4.139999866485596,3.759999990463257,3.759999990463257,297800
2023-05-23,4.079999923706055,4.190000057220459,3.9800000190734863,3.9800000190734863,151500
2023-05-24,3.869999885559082,4.065000057220459,3.759999990463257,4.019999980926514,73100
2023-05-25,3.7699999809265137,3.944000005722046,3.6500000953674316,3.9200000762939453,106900
2023-05-26,3.8399999141693115,3.9800000190734863,3.7799999713897705,3.8350000381469727,44700
2023-05-30,3.8399999141693115,3.950000047683716,3.809999942779541,3.8499999046325684,37600
2023-05-31,3.9000000953674316,4.0,3.809999942779541,3.809999942779541,86100
2023-06-01,4.0,4.050000190734863,3.9000000953674316,3.9000000953674316,97800
2023-06-02,4.010000228881836,4.070000171661377,3.869999885559082,4.010000228881836,96700
2023-06-05,4.159999847412109,4.324999809265137,3.880000114440918,3.9800000190734863,170900
2023-06-06,4.260000228881836,4.28000020980835,4.104000091552734,4.21999979019165,69800
2023-06-07,4.139999866485596,4.300000190734863,4.09499979019165,4.28000020980835,87400
2023-06-08,4.170000076293945,4.21999979019165,4.070000171661377,4.179999828338623,59300
2023-06-09,4.099999904632568,4.25,4.070000171661377,4.190000057220459,113500
2023-06-12,4.239999771118164,4.269999980926514,4.099999904632568,4.119999885559082,97400
2023-06-13,4.329999923706055,4.53000020980835,4.140999794006348,4.21999979019165,136100
2023-06-14,4.099999904632568,4.579999923706055,4.099999904632568,4.389999866485596,81800
2023-06-15,4.099999904632568,4.190000057220459,4.019999980926514,4.150000095367432,122000
2023-06-16,4.050000190734863,4.184999942779541,4.019999980926514,4.099999904632568,204500
2023-06-20,3.8499999046325684,4.070000171661377,3.8499999046325684,3.9100000858306885,117900
2023-06-21,3.7100000381469727,3.859999895095825,3.6449999809265137,3.819999933242798,126200
2023-06-22,3.7300000190734863,3.7699999809265137,3.5769999027252197,3.7200000286102295,119900
2023-06-23,3.619999885559082,3.7100000381469727,3.549999952316284,3.680000066757202,62900
2023-06-26,3.549999952316284,3.680000066757202,3.4700000286102295,3.5799999237060547,102600
2023-06-27,3.7100000381469727,3.799999952316284,3.5199999809265137,3.609999895095825,93700
2023-06-28,3.7899999618530273,3.890000104904175,3.680000066757202,3.7200000286102295,57200
2023-06-29,4.0,4.099999904632568,3.76200008392334,3.819999933242798,117100
2023-06-30,4.010000228881836,4.099999904632568,3.7799999713897705,3.9700000286102295,131300
2023-07-03,4.150000095367432,4.150000095367432,3.9189999103546143,3.9700000286102295,34800
2023-07-05,4.059999942779541,4.150000095367432,3.950000047683716,4.150000095367432,26600
2023-07-06,3.819999933242798,4.010000228881836,3.7899999618530273,3.890000104904175,96400
2023-07-07,3.809999942779541,3.9200000762939453,3.7899999618530273,3.7899999618530273,50500
2023-07-10,3.859999895095825,4.019999980926514,3.799999952316284,3.869999885559082,97500
2023-07-11,4.0,4.0,3.819999933242798,3.8399999141693115,45900
2023-07-12,3.9800000190734863,4.130000114440918,3.9600000381469727,4.019999980926514,71100
2023-07-13,4.150000095367432,4.150000095367432,3.9800000190734863,4.0,58200
2023-07-14,3.9200000762939453,4.150000095367432,3.890000104904175,4.150000095367432,35400
2023-07-17,3.9800000190734863,4.039999961853027,3.9100000858306885,3.9200000762939453,42500
2023-07-18,4.199999809265137,4.199999809265137,3.940000057220459,3.9800000190734863,111800
2023-07-19,4.110000133514404,4.199999809265137,4.059999942779541,4.090000152587891,78400
2023-07-20,4.130000114440918,4.199999809265137,4.03000020980835,4.110000133514404,47500
2023-07-21,4.230000019073486,4.260000228881836,4.019999980926514,4.170000076293945,64500
2023-07-24,3.690000057220459,3.9800000190734863,3.440000057220459,3.880000114440918,506600
2023-07-25,3.4600000381469727,3.700000047683716,3.440000057220459,3.700000047683716,250500
2023-07-26,3.609999895095825,3.7200000286102295,3.259999990463257,3.4200000762939453,189400
2023-07-27,3.509999990463257,3.7100000381469727,3.450000047683716,3.7100000381469727,91000
2023-07-28,3.740000009536743,3.7890000343322754,3.4600000381469727,3.490000009536743,82100
2023-07-31,3.7300000190734863,3.819999933242798,3.6500000953674316,3.740000009536743,72000
2023-08-01,3.680000066757202,3.7799999713897705,3.6050000190734863,3.690000057220459,33100
2023-08-02,3.690000057220459,3.809999942779541,3.5999999046325684,3.680000066757202,197300
2023-08-03,3.5799999237060547,3.75,3.4800000190734863,3.6600000858306885,153500
2023-08-04,3.4600000381469727,3.5899999141693115,3.450000047683716,3.5899999141693115,74500
2023-08-07,3.369999885559082,3.509999990463257,3.3399999141693115,3.4600000381469727,61700
2023-08-08,3.4600000381469727,3.509999990463257,3.319999933242798,3.3499999046325684,50700
2023-08-09,3.440000057220459,3.549999952316284,3.3299999237060547,3.5,42500
2023-08-10,3.1500000953674316,3.5399999618530273,3.059999942779541,3.4100000858306885,341800
2023-08-11,3.1600000858306885,3.25,3.0899999141693115,3.119999885559082,68000
2023-08-14,3.1700000762939453,3.2100000381469727,3.0899999141693115,3.140000104904175,85400
2023-08-15,2.819999933242798,3.1500000953674316,2.75,3.1500000953674316,372000
2023-08-16,2.6500000953674316,2.8499999046325684,2.5899999141693115,2.799999952316284,266800
2023-08-17,2.5999999046325684,2.7300000190734863,2.549999952316284,2.680000066757202,161100
2023-08-18,2.805000066757202,2.8350000381469727,2.5899999141693115,2.5999999046325684,233900
2023-08-21,2.7200000286102295,3.0,2.7100000381469727,2.7799999713897705,77600
2023-08-22,2.809999942779541,2.8499999046325684,2.680000066757202,2.700000047683716,71300
2023-08-23,2.799999952316284,2.859999895095825,2.75,2.8299999237060547,64800
2023-08-24,2.859999895095825,2.880000114440918,2.690000057220459,2.819999933242798,119200
2023-08-25,3.0399999618530273,3.0999999046325684,2.8259999752044678,2.8499999046325684,123600
2023-08-28,3.0,3.1449999809265137,2.869999885559082,3.059999942779541,62500
2023-08-29,3.119999885559082,3.1500000953674316,2.9639999866485596,2.9800000190734863,74900
2023-08-30,3.1500000953674316,3.1500000953674316,3.049999952316284,3.0999999046325684,38600
2023-08-31,3.130000114440918,3.240000009536743,3.069999933242798,3.130000114440918,109900
2023-09-01,3.200000047683716,3.25,3.119999885559082,3.1500000953674316,95500
2023-09-05,3.119999885559082,3.259999990463257,3.0299999713897705,3.259999990463257,79800
2023-09-06,3.130000114440918,3.259999990463257,3.059999942779541,3.1500000953674316,59200
2023-09-07,3.0399999618530273,3.2899999618530273,3.0,3.069999933242798,74600
2023-09-08,3.009999990463257,3.109999895095825,2.940000057220459,3.009999990463257,71400
2023-09-11,3.059999942779541,3.130000114440918,2.9100000858306885,2.990000009536743,101500
2023-09-12,2.9600000381469727,3.0999999046325684,2.940000057220459,3.0299999713897705,76700
2023-09-13,2.9100000858306885,3.049999952316284,2.9100000858306885,2.950000047683716,69000
2023-09-14,2.940000057220459,3.049999952316284,2.859999895095825,2.9100000858306885,114000
2023-09-15,3.069999933242798,3.140000104904175,2.799999952316284,2.9200000762939453,143500
2023-09-18,3.140000104904175,3.2100000381469727,3.0199999809265137,3.0999999046325684,164000
2023-09-19,3.1500000953674316,3.200000047683716,2.9600000381469727,3.130000114440918,68200
2023-09-20,3.0399999618530273,3.2090001106262207,2.950000047683716,3.1500000953674316,292400
2023-09-21,3.130000114440918,3.1600000858306885,2.9600000381469727,2.990000009536743,120700
2023-09-22,3.180000066757202,3.2100000381469727,3.0999999046325684,3.0999999046325684,53600
2023-09-25,3.234999895095825,3.25,3.1059999465942383,3.1500000953674316,58800
2023-09-26,3.3399999141693115,3.390000104904175,3.1610000133514404,3.200000047683716,94800
2023-09-27,3.25,3.490000009536743,3.180000066757202,3.380000114440918,84400
2023-09-28,3.2300000190734863,3.3320000171661377,3.0950000286102295,3.25,49800
2023-09-29,3.2799999713897705,3.299999952316284,3.1600000858306885,3.25,45500
2023-10-02,3.390000104904175,3.4200000762939453,3.1500000953674316,3.25,63600
2023-10-03,3.309999942779541,3.430000066757202,3.180000066757202,3.4000000953674316,52400
2023-10-04,3.2799999713897705,3.3399999141693115,3.1500000953674316,3.25,40600
2023-10-05,3.190000057220459,3.369999885559082,3.1549999713897705,3.2799999713897705,68500
2023-10-06,2.940000057220459,3.319999933242798,2.9100000858306885,3.190000057220459,98500
2023-10-09,2.940000057220459,2.9600000381469727,2.7249999046325684,2.9000000953674316,119600
2023-10-10,2.869999885559082,3.009999990463257,2.7699999809265137,2.859999895095825,94600
2023-10-11,2.759999990463257,3.069999933242798,2.740000009536743,2.8299999237060547,57500
2023-10-12,2.5999999046325684,2.9200000762939453,2.5199999809265137,2.799999952316284,106200
2023-10-13,2.630000114440918,2.680000066757202,2.5299999713897705,2.5999999046325684,81200
2023-10-16,2.6600000858306885,2.752000093460083,2.609999895095825,2.6500000953674316,35600
2023-10-17,2.759999990463257,3.0399999618530273,2.690000057220459,2.869999885559082,184200
2023-10-18,2.7249999046325684,2.880000114440918,2.700000047683716,2.75,19400
2023-10-19,2.7300000190734863,2.8299999237060547,2.630000114440918,2.759999990463257,34500
2023-10-20,2.509999990463257,2.7699999809265137,2.359999895095825,2.75,135400
2023-10-23,2.2699999809265137,2.615000009536743,2.259999990463257,2.5199999809265137,90000
2023-10-24,2.059999942779541,2.2799999713897705,2.0299999713897705,2.259999990463257,227400
2023-10-25,1.5299999713897705,2.059999942779541,1.4600000381469727,2.059999942779541,691700
2023-10-26,1.4500000476837158,1.600000023841858,1.440000057220459,1.5299999713897705,459700
2023-10-27,1.2999999523162842,1.5,1.2899999618530273,1.5,246800
2023-10-30,1.3899999856948853,1.4600000381469727,1.3300000429153442,1.3300000429153442,163300
2023-10-31,1.2799999713897705,1.3899999856948853,1.25,1.3600000143051147,248500
2023-11-01,1.0099999904632568,1.343999981880188,0.968999981880188,1.340000033378601,709300
2023-11-02,1.0099999904632568,1.0099999904632568,0.6800000071525574,0.7400000095367432,1672800
2023-11-03,1.3350000381469727,1.4079999923706055,1.0240000486373901,1.059999942779541,893200
2023-11-06,1.2999999523162842,1.4199999570846558,1.2999999523162842,1.340000033378601,428900
2023-11-07,1.2999999523162842,1.3600000143051147,1.2400000095367432,1.2899999618530273,284500
2023-11-08,1.2000000476837158,1.340000033378601,1.1699999570846558,1.2999999523162842,149600
2023-11-09,1.0800000429153442,1.2699999809265137,1.059999942779541,1.25,193300
2023-11-10,1.0700000524520874,1.1399999856948853,1.0299999713897705,1.0499999523162842,76000
2023-11-13,1.0399999618530273,1.090000033378601,0.9900000095367432,1.0700000524520874,120400
2023-11-14,1.0099999904632568,1.090000033378601,1.0,1.0,115500
2023-11-15,1.0399999618530273,1.1100000143051147,0.9900000095367432,1.0099999904632568,128300
2023-11-16,1.0099999904632568,1.059999942779541,1.0099999904632568,1.0199999809265137,68800
2023-11-17,1.190000057220459,1.2300000190734863,1.0440000295639038,1.0449999570846558,154900
2023-11-20,1.1399999856948853,1.3300000429153442,1.1200000047683716,1.3300000429153442,103700
2023-11-21,1.0399999618530273,1.1920000314712524,1.0399999618530273,1.1100000143051147,50600
2023-11-22,1.0,1.0609999895095825,1.0,1.0199999809265137,92900
2023-11-24,1.0700000524520874,1.0700000524520874,0.9900000095367432,1.0499999523162842,100700
2023-11-27,1.0700000524520874,1.1200000047683716,1.0199999809265137,1.0299999713897705,106400
2023-11-28,1.0299999713897705,1.1399999856948853,1.0219999551773071,1.059999942779541,88300
2023-11-29,1.2899999618530273,1.2999999523162842,1.0399999618530273,1.0399999618530273,324700
2023-11-30,1.2100000381469727,1.2999999523162842,1.1799999475479126,1.2899999618530273,89400
2023-12-01,1.409999966621399,1.4199999570846558,1.1799999475479126,1.1799999475479126,156200
2023-12-04,1.600000023841858,1.6299999952316284,1.3799999952316284,1.3799999952316284,215100
2023-12-05,1.850000023841858,1.9800000190734863,1.5499999523162842,1.600000023841858,357000
2023-12-06,1.7999999523162842,1.9900000095367432,1.649999976158142,1.8799999952316284,357300
2023-12-07,1.7999999523162842,1.8350000381469727,1.690000057220459,1.7699999809265137,131700
2023-12-08,1.8700000047683716,1.9299999475479126,1.7510000467300415,1.7799999713897705,108000
2023-12-11,1.6399999856948853,1.940000057220459,1.600000023841858,1.8899999856948853,222100
2023-12-12,1.600000023841858,1.7000000476837158,1.5520000457763672,1.600000023841858,93100
2023-12-13,1.7400000095367432,1.7599999904632568,1.5269999504089355,1.600000023841858,95900
2023-12-14,1.7899999618530273,1.9199999570846558,1.75,1.7599999904632568,133100
2023-12-15,1.7699999809265137,1.840000033378601,1.74399995803833,1.7899999618530273,39500
2023-12-18,1.7200000286102295,1.850000023841858,1.6799999475479126,1.7799999713897705,63600
2023-12-19,1.6799999475479126,1.8459999561309814,1.6799999475479126,1.7000000476837158,68400
2023-12-20,1.6299999952316284,1.7300000190734863,1.6200000047683716,1.690000057220459,47400
2023-12-21,1.6399999856948853,1.7000000476837158,1.559999942779541,1.6699999570846558,84000
2023-12-22,1.6699999570846558,1.6699999570846558,1.590000033378601,1.6299999952316284,103400
2023-12-26,1.75,1.7799999713897705,1.6699999570846558,1.6699999570846558,124600
2023-12-27,1.690000057220459,1.75,1.6419999599456787,1.75,84700
2023-12-28,1.7799999713897705,1.7799999713897705,1.659999966621399,1.7300000190734863,77600
2023-12-29,1.7200000286102295,1.784999966621399,1.659999966621399,1.7400000095367432,62900
2024-01-02,1.690000057220459,1.7890000343322754,1.6799999475479126,1.6799999475479126,100000
2024-01-03,1.590000033378601,1.7000000476837158,1.5499999523162842,1.690000057220459,57300
2024-01-04,1.6200000047683716,1.649999976158142,1.559999942779541,1.590000033378601,61900
2024-01-05,1.6299999952316284,1.6699999570846558,1.590000033378601,1.6100000143051147,44300
2024-01-08,1.7200000286102295,1.7300000190734863,1.600000023841858,1.6030000448226929,44400
2024-01-09,1.9500000476837158,1.9500000476837158,1.7000000476837158,1.7200000286102295,174700
2024-01-10,2.200000047683716,2.359999895095825,1.9800000190734863,1.9800000190734863,594000
2024-01-11,2.069999933242798,2.3499999046325684,2.0199999809265137,2.3299999237060547,159200
2024-01-12,2.140000104904175,2.3399999141693115,2.071000099182129,2.0799999237060547,93000
2024-01-16,2.009999990463257,2.200000047683716,1.9199999570846558,2.1600000858306885,212800
2024-01-17,2.059999942779541,2.0889999866485596,1.9900000095367432,2.009999990463257,24600
2024-01-18,2.4700000286102295,2.5399999618530273,2.049999952316284,2.049999952316284,453900
2024-01-19,2.299999952316284,2.4700000286102295,2.2100000381469727,2.4600000381469727,190900
2024-01-22,2.1600000858306885,2.3529999256134033,2.0999999046325684,2.2799999713897705,67100
2024-01-23,2.240000009536743,2.2799999713897705,2.130000114440918,2.1600000858306885,71300
2024-01-24,2.0999999046325684,2.3499999046325684,2.009999990463257,2.2699999809265137,94200
2024-01-25,2.0799999237060547,2.130000114440918,2.0399999618530273,2.0799999237060547,61600
2024-01-26,2.380000114440918,2.490000009536743,2.0799999237060547,2.0799999237060547,410200
2024-01-29,2.1500000953674316,2.3399999141693115,2.1500000953674316,2.299999952316284,256000
2024-01-30,2.0199999809265137,2.2100000381469727,1.9800000190734863,2.2100000381469727,146500
2024-01-31,1.8899999856948853,2.069999933242798,1.7999999523162842,2.049999952316284,111500
2024-02-01,1.909999966621399,1.9600000381469727,1.899999976158142,1.909999966621399,32100
2024-02-02,1.7999999523162842,1.9900000095367432,1.7599999904632568,1.9299999475479126,63400
2024-02-05,1.9500000476837158,1.9500000476837158,1.7000000476837158,1.8600000143051147,314000
2024-02-06,1.8600000143051147,2.059999942779541,1.7999999523162842,1.9299999475479126,176400
2024-02-07,1.8700000047683716,1.8899999856948853,1.809999942779541,1.8899999856948853,26100
2024-02-08,1.940000057220459,1.9700000286102295,1.8600000143051147,1.8600000143051147,26800
2024-02-09,2.049999952316284,2.109999895095825,1.940000057220459,1.940000057220459,79600
2024-02-12,2.0399999618530273,2.119999885559082,2.0,2.049999952316284,50800
2024-02-13,2.0399999618530273,2.0899999141693115,1.9670000076293945,1.9900000095367432,36300
2024-02-14,2.0199999809265137,2.130000114440918,2.0,2.059999942779541,87600
2024-02-15,2.549999952316284,2.5999999046325684,2.049999952316284,2.049999952316284,196600
2024-02-16,2.3499999046325684,2.549999952316284,2.0999999046325684,2.549999952316284,163900
2024-02-20,2.440000057220459,2.509000062942505,2.3499999046325684,2.369999885559082,89500
2024-02-21,2.0299999713897705,2.4800000190734863,1.9500000476837158,2.4800000190734863,295700
2024-02-22,2.0250000953674316,2.069999933242798,2.0,2.0199999809265137,156200
2024-02-23,2.0299999713897705,2.130000114440918,1.9800000190734863,2.0799999237060547,91400
2024-02-26,2.0199999809265137,2.140000104904175,1.9900000095367432,2.049999952316284,132100
2024-02-27,2.1500000953674316,2.259999990463257,2.059999942779541,2.059999942779541,216500
2024-02-28,2.2100000381469727,2.240000009536743,2.119999885559082,2.1500000953674316,59800
2024-02-29,2.0299999713897705,2.259999990463257,1.9800000190734863,2.2300000190734863,258200
2024-03-01,1.9950000047683716,2.0980000495910645,1.9850000143051147,2.069999933242798,45600
2024-03-04,1.7400000095367432,2.0299999713897705,1.7200000286102295,2.0299999713897705,153100
2024-03-05,1.6799999475479126,1.940000057220459,1.6200000047683716,1.75,230000
2024-03-06,1.6799999475479126,1.7569999694824219,1.6299999952316284,1.7200000286102295,162200
2024-03-07,1.7200000286102295,1.7400000095367432,1.6200000047683716,1.7200000286102295,130400
2024-03-08,1.75,1.7999999523162842,1.7000000476837158,1.7000000476837158,108500
2024-03-11,1.7699999809265137,1.8700000047683716,1.7300000190734863,1.7999999523162842,132800
2024-03-12,1.600000023841858,1.840000033378601,1.5800000429153442,1.7999999523162842,193500
2024-03-13,1.6200000047683716,1.6699999570846558,1.590000033378601,1.590000033378601,57400
2024-03-14,1.5,1.6490000486373901,1.4550000429153442,1.6200000047683716,79200
2024-03-15,1.5199999809265137,1.559999942779541,1.5,1.5299999713897705,56600
2024-03-18,1.5,1.5499999523162842,1.4900000095367432,1.5499999523162842,57000
2024-03-19,1.4299999475479126,1.4900000095367432,1.409999966621399,1.4700000286102295,147300
2024-03-20,1.399999976158142,1.4600000381469727,1.3200000524520874,1.409999966621399,71000
2024-03-21,1.4600000381469727,1.4700000286102295,1.3450000286102295,1.4500000476837158,126600
2024-03-22,1.4500000476837158,1.5499999523162842,1.4199999570846558,1.4700000286102295,84300
2024-03-25,1.4900000095367432,1.5800000429153442,1.440000057220459,1.4900000095367432,104500
2024-03-26,1.5149999856948853,1.5499999523162842,1.4800000190734863,1.4800000190734863,36500
2024-03-27,1.5199999809265137,1.6399999856948853,1.4800000190734863,1.5199999809265137,139800
2024-03-28,1.5299999713897705,1.659999966621399,1.4199999570846558,1.4500000476837158,164400
2024-04-01,1.4800000190734863,1.5199999809265137,1.4299999475479126,1.5199999809265137,110800
2024-04-02,1.3300000429153442,1.5099999904632568,1.2599999904632568,1.5099999904632568,240800
2024-04-03,1.4299999475479126,1.4700000286102295,1.2200000286102295,1.350000023841858,319800
2024-04-04,1.3799999952316284,1.496999979019165,1.2999999523162842,1.4299999475479126,86000
2024-04-05,1.350000023841858,1.4220000505447388,1.3200000524520874,1.3899999856948853,89900
2024-04-08,1.4299999475479126,1.4700000286102295,1.2899999618530273,1.350000023841858,186800
2024-04-09,1.2899999618530273,1.4700000286102295,1.2599999904632568,1.4199999570846558,174100
2024-04-10,1.309999942779541,1.3200000524520874,1.2599999904632568,1.2999999523162842,52000
2024-04-11,1.4450000524520874,1.4600000381469727,1.25,1.309999942779541,192400
2024-04-12,1.2300000190734863,1.440000057220459,1.149999976158142,1.440000057220459,209800
2024-04-15,1.1399999856948853,1.2699999809265137,1.0499999523162842,1.2000000476837158,164600
2024-04-16,1.1699999570846558,1.2400000095367432,1.149999976158142,1.149999976158142,39200
2024-04-17,1.2100000381469727,1.2640000581741333,1.190000057220459,1.2000000476837158,59900
2024-04-18,1.149999976158142,1.2599999904632568,1.100000023841858,1.2599999904632568,95700
2024-04-19,1.159999966621399,1.190000057220459,1.1100000143051147,1.1200000047683716,49500
2024-04-22,1.3200000524520874,1.3799999952316284,1.1749999523162842,1.190000057220459,179300
2024-04-23,1.4500000476837158,1.5199999809265137,1.2999999523162842,1.2999999523162842,166600
2024-04-24,1.5,1.5140000581741333,1.4299999475479126,1.4800000190734863,40400
2024-04-25,1.4700000286102295,1.5019999742507935,1.440000057220459,1.4700000286102295,44600
2024-04-26,1.4800000190734863,1.5099999904632568,1.4500000476837158,1.4500000476837158,73100
2024-04-29,1.4800000190734863,1.5499999523162842,1.4600000381469727,1.4800000190734863,98800
2024-04-30,1.4199999570846558,1.4900000095367432,1.2109999656677246,1.4500000476837158,217600
2024-05-01,1.4600000381469727,1.4700000286102295,1.3949999809265137,1.399999976158142,79100
2024-05-02,1.5199999809265137,1.5199999809265137,1.4500000476837158,1.4800000190734863,63400
2024-05-03,1.5700000524520874,1.590999960899353,1.5049999952316284,1.5499999523162842,52600
2024-05-06,1.600000023841858,1.6100000143051147,1.4700000286102295,1.559999942779541,161700
2024-05-07,1.6299999952316284,1.6399999856948853,1.5099999904632568,1.6100000143051147,70700
2024-05-08,1.6100000143051147,1.6200000047683716,1.5199999809265137,1.6100000143051147,96300
2024-05-09,1.659999966621399,1.659999966621399,1.5399999618530273,1.6100000143051147,128800
2024-05-10,1.5700000524520874,1.649999976158142,1.5499999523162842,1.649999976158142,120900
2024-05-13,1.75,1.7799999713897705,1.5850000381469727,1.6200000047683716,152700
2024-05-14,1.7300000190734863,1.840000033378601,1.7000000476837158,1.75,268700
2024-05-15,1.850000023841858,1.8700000047683716,1.559999942779541,1.6399999856948853,426000
2024-05-16,1.8799999952316284,1.899999976158142,1.7940000295639038,1.8200000524520874,380200
2024-05-17,1.899999976158142,1.9299999475479126,1.840999960899353,1.8799999952316284,153100
2024-05-20,1.7599999904632568,1.909999966621399,1.659999966621399,1.909999966621399,233100
2024-05-21,1.809999942779541,1.809999942779541,1.722000002861023,1.7549999952316284,118100
2024-05-22,1.7400000095367432,1.8700000047683716,1.6799999475479126,1.7999999523162842,211800
2024-05-23,1.600000023841858,1.75,1.5700000524520874,1.75,291800
2024-05-24,1.7599999904632568,1.7599999904632568,1.6100000143051147,1.6100000143051147,124200
2024-05-28,1.600000023841858,1.7300000190734863,1.5499999523162842,1.7300000190734863,95200
2024-05-29,1.475000023841858,1.6100000143051147,1.4500000476837158,1.5800000429153442,81000
2024-05-30,1.4600000381469727,1.5700000524520874,1.4500000476837158,1.5199999809265137,50600
2024-05-31,1.4299999475479126,1.5299999713897705,1.4299999475479126,1.4700000286102295,19800
2024-06-03,1.4700000286102295,1.5099999904632568,1.350000023841858,1.4299999475479126,57000
2024-06-04,1.409999966621399,1.475000023841858,1.3899999856948853,1.4500000476837158,29100
2024-06-05,1.350000023841858,1.409999966621399,1.3300000429153442,1.3700000047683716,42000
2024-06-06,1.340000033378601,1.440000057220459,1.3200000524520874,1.3899999856948853,36700
2024-06-07,1.309999942779541,1.3890000581741333,1.2999999523162842,1.3300000429153442,38500
2024-06-10,1.309999942779541,1.3769999742507935,1.2799999713897705,1.2999999523162842,44500
2024-06-11,1.2999999523162842,1.3380000591278076,1.2699999809265137,1.2899999618530273,37700
2024-06-12,1.149999976158142,1.3600000143051147,1.1200000047683716,1.3600000143051147,228400
2024-06-13,1.0950000286102295,1.2599999904632568,1.090000033378601,1.159999966621399,195700
2024-06-14,1.159999966621399,1.1699999570846558,1.0,1.0700000524520874,149500
2024-06-17,1.1699999570846558,1.190000057220459,1.149999976158142,1.149999976158142,44800
2024-06-18,1.100000023841858,1.1699999570846558,1.0800000429153442,1.1699999570846558,52500
2024-06-20,1.090000033378601,1.1200000047683716,1.0700000524520874,1.090000033378601,39400
2024-06-21,1.2100000381469727,1.2300000190734863,1.100000023841858,1.100000023841858,187600
2024-06-24,1.2000000476837158,1.25,1.149999976158142,1.2100000381469727,113200
2024-06-25,1.1299999952316284,1.2200000286102295,1.1200000047683716,1.2200000286102295,56800
2024-06-26,1.100000023841858,1.159999966621399,1.0700000524520874,1.159999966621399,87100
2024-06-27,1.1699999570846558,1.1979999542236328,1.1200000047683716,1.1200000047683716,72600
2024-06-28,1.190000057220459,1.1990000009536743,1.149999976158142,1.1799999475479126,31000
2024-07-01,1.1699999570846558,1.2000000476837158,1.1100000143051147,1.1699999570846558,95800
2024-07-02,1.1799999475479126,1.190000057220459,1.149999976158142,1.159999966621399,61200
2024-07-03,1.190000057220459,1.190000057220459,1.1399999856948853,1.1799999475479126,57500
2024-07-05,1.1699999570846558,1.2000000476837158,1.149999976158142,1.1799999475479126,24200
2024-07-08,1.1299999952316284,1.2400000095367432,1.1100000143051147,1.1699999570846558,112700
2024-07-09,1.2000000476837158,1.2000000476837158,1.149999976158142,1.190000057220459,122000
2024-07-10,1.2999999523162842,1.340000033378601,1.2100000381469727,1.2100000381469727,134800
2024-07-11,1.350000023841858,1.3700000047683716,1.2699999809265137,1.2999999523162842,120100
2024-07-12,1.4299999475479126,1.4299999475479126,1.3200000524520874,1.3600000143051147,78600
2024-07-15,1.4500000476837158,1.5199999809265137,1.399999976158142,1.440000057220459,77100
2024-07-16,1.350000023841858,1.4900000095367432,1.25,1.440000057220459,246600
2024-07-17,1.2699999809265137,1.3200000524520874,1.25,1.309999942779541,68600
2024-07-18,1.1699999570846558,1.2599999904632568,1.149999976158142,1.2599999904632568,113700
2024-07-19,1.2000000476837158,1.2599999904632568,1.1549999713897705,1.159999966621399,39100
2024-07-22,1.2100000381469727,1.2400000095367432,1.1890000104904175,1.190000057220459,46900
2024-07-23,1.2200000286102295,1.2200000286102295,1.1799999475479126,1.2000000476837158,15400
2024-07-24,1.2000000476837158,1.2200000286102295,1.149999976158142,1.2000000476837158,50700
2024-07-25,1.1699999570846558,1.2400000095367432,1.1699999570846558,1.2000000476837158,53200
2024-07-26,1.2100000381469727,1.2259999513626099,1.1799999475479126,1.2000000476837158,14400
2024-07-29,1.1299999952316284,1.225000023841858,1.1299999952316284,1.225000023841858,78800
2024-07-30,1.1699999570846558,1.190000057220459,1.1299999952316284,1.1829999685287476,78000
2024-07-31,1.0800000429153442,1.159999966621399,1.0700000524520874,1.159999966621399,126000
2024-08-01,1.0399999618530273,1.1200000047683716,0.9900000095367432,1.100000023841858,162200
2024-08-02,0.9200000166893005,1.0099999904632568,0.8999999761581421,1.0099999904632568,184500
2024-08-05,0.9700000286102295,0.9800000190734863,0.8600000143051147,0.8899999856948853,214800
2024-08-06,0.9990000128746033,1.0099999904632568,0.9200000166893005,0.949999988079071,62000
2024-08-07,0.9269999861717224,1.0,0.8830000162124634,0.9800000190734863,62600
2024-08-08,0.8349999785423279,0.9900000095367432,0.8119999766349792,0.9900000095367432,338900
2024-08-09,0.7910000085830688,0.8610000014305115,0.7599999904632568,0.8550000190734863,144300
2024-08-12,0.9549999833106995,0.9800000190734863,0.7710000276565552,0.7710000276565552,119500
2024-08-13,0.9139999747276306,0.9800000190734863,0.8899999856948853,0.949999988079071,54800
2024-08-14,0.9150000214576721,0.9150000214576721,0.859000027179718,0.9100000262260437,85500
2024-08-15,0.8709999918937683,0.9300000071525574,0.8700000047683716,0.9300000071525574,110500
2024-08-16,0.8830000162124634,0.8999999761581421,0.8500000238418579,0.8629999756813049,23200
2024-08-19,0.9539999961853027,0.9570000171661377,0.8569999933242798,0.9100000262260437,26200
2024-08-20,0.9200000166893005,0.949999988079071,0.9039999842643738,0.9300000071525574,37800
2024-08-21,0.9290000200271606,0.949999988079071,0.8899999856948853,0.949999988079071,80800
2024-08-22,0.9100000262260437,0.949999988079071,0.8999999761581421,0.949999988079071,48300
2024-08-23,0.9300000071525574,0.949999988079071,0.9010000228881836,0.9100000262260437,15600
2024-08-26,0.8930000066757202,0.949999988079071,0.8899999856948853,0.9300000071525574,72000
2024-08-27,0.8500000238418579,0.925000011920929,0.8500000238418579,0.8899999856948853,81500
2024-08-28,0.8199999928474426,0.8790000081062317,0.8199999928474426,0.8299999833106995,59000
2024-08-29,0.8100000023841858,0.8690000176429749,0.7799999713897705,0.8650000095367432,159900
2024-08-30,0.8100000023841858,0.8510000109672546,0.800000011920929,0.800000011920929,50900
2024-09-03,0.8299999833106995,0.8500000238418579,0.7850000262260437,0.8209999799728394,65000
2024-09-04,0.7820000052452087,0.8479999899864197,0.7799999713897705,0.8199999928474426,75900
2024-09-05,0.800000011920929,0.8190000057220459,0.7820000052452087,0.8190000057220459,46800
2024-09-06,0.8349999785423279,0.8579999804496765,0.7900000214576721,0.8510000109672546,84100
2024-09-09,0.8159999847412109,0.8339999914169312,0.7049999833106995,0.8199999928474426,300600
2024-09-10,0.7870000004768372,0.843999981880188,0.7509999871253967,0.8040000200271606,81900
2024-09-11,0.7900000214576721,0.8389999866485596,0.7300000190734863,0.7889999747276306,96500
2024-09-12,0.8299999833106995,0.8299999833106995,0.7799999713897705,0.7940000295639038,69900
2024-09-13,0.9480000138282776,0.9480000138282776,0.8299999833106995,0.8299999833106995,106700
2024-09-16,0.9139999747276306,1.0399999618530273,0.9100000262260437,0.9399999976158142,176800
2024-09-17,0.8740000128746033,0.949999988079071,0.8709999918937683,0.9229999780654907,76200
2024-09-18,0.8999999761581421,0.9800000190734863,0.8659999966621399,0.8700000047683716,255600
2024-09-19,1.0,1.0099999904632568,0.9100000262260437,0.9100000262260437,67400
2024-09-20,1.0,1.0,0.9330000281333923,0.9950000047683716,79500
2024-09-23,0.9300000071525574,0.9800000190734863,0.9229999780654907,0.9800000190734863,40200
2024-09-24,0.9559999704360962,0.9639999866485596,0.9380000233650208,0.9399999976158142,48800
2024-09-25,0.9169999957084656,0.9850000143051147,0.9100000262260437,0.949999988079071,47700
2024-09-26,0.9700000286102295,0.9890000224113464,0.9129999876022339,0.9599999785423279,107600
2024-09-27,1.065000057220459,1.0829999446868896,0.9800000190734863,0.9800000190734863,324300
2024-09-30,1.1200000047683716,1.149999976158142,1.0199999809265137,1.090000033378601,278600
2024-10-01,1.0,1.159999966621399,0.949999988079071,1.149999976158142,134100
2024-10-02,1.0299999713897705,1.0499999523162842,1.0,1.0,51700
2024-10-03,1.0399999618530273,1.0800000429153442,1.0199999809265137,1.0499999523162842,33000
2024-10-04,1.1299999952316284,1.149999976158142,1.059999942779541,1.0800000429153442,89800
2024-10-07,1.0700000524520874,1.149999976158142,1.0700000524520874,1.1100000143051147,53300
2024-10-08,1.0549999475479126,1.1239999532699585,1.0199999809265137,1.0700000524520874,84900
2024-10-09,1.0099999904632568,1.0499999523162842,0.9800000190734863,1.0499999523162842,108300
2024-10-10,1.0199999809265137,1.0390000343322754,1.0,1.0,20600
2024-10-11,1.0199999809265137,1.0399999618530273,0.9700000286102295,1.0199999809265137,85700
2024-10-14,1.0399999618530273,1.059999942779541,0.9700000286102295,1.0099999904632568,65200
2024-10-15,1.0,1.0479999780654907,0.9290000200271606,1.0299999713897705,52800
2024-10-16,1.0169999599456787,1.0399999618530273,0.9599999785423279,1.0,41200
2024-10-17,1.0,1.0369999408721924,0.9700000286102295,1.0149999856948853,62200
2024-10-18,1.0299999713897705,1.0479999780654907,0.9399999976158142,1.0199999809265137,30200
2024-10-21,0.9679999947547913,1.0399999618530273,0.921999990940094,1.0399999618530273,112300
2024-10-22,0.9509999752044678,0.9589999914169312,0.9300000071525574,0.9399999976158142,63900
2024-10-23,0.9300000071525574,0.9599999785423279,0.9200000166893005,0.9300000071525574,26300
2024-10-24,0.9350000023841858,0.9549999833106995,0.9300000071525574,0.9300000071525574,32600
2024-10-25,0.9700000286102295,0.996999979019165,0.9390000104904175,0.9399999976158142,30400
2024-10-28,0.9950000047683716,1.0,0.9700000286102295,0.9800000190734863,124900
2024-10-29,0.949999988079071,1.0,0.9449999928474426,1.0,73500
2024-10-30,0.9980000257492065,1.0,0.949999988079071,0.949999988079071,77800
2024-10-31,0.9599999785423279,1.0,0.949999988079071,1.0,27200
2024-11-01,0.9480000138282776,0.9599999785423279,0.9200000166893005,0.9599999785423279,53100
2024-11-04,0.9200000166893005,0.9399999976158142,0.8999999761581421,0.9399999976158142,31600
2024-11-05,0.8930000066757202,0.9200000166893005,0.8889999985694885,0.9200000166893005,23200
2024-11-06,0.9649999737739563,0.9800000190734863,0.8999999761581421,0.9100000262260437,76400
2024-11-07,0.9700000286102295,1.0,0.9300000071525574,1.0,105800
2024-11-08,0.9200000166893005,1.0,0.8870000243186951,0.9700000286102295,83400
2024-11-11,0.8899999856948853,0.9700000286102295,0.8429999947547913,0.8999999761581421,64000
2024-11-12,0.8650000095367432,0.9100000262260437,0.8610000014305115,0.8629999756813049,34000
2024-11-13,0.8629999756813049,0.949999988079071,0.8399999737739563,0.8820000290870667,64500
2024-11-14,0.8059999942779541,0.8920000195503235,0.7900000214576721,0.8600000143051147,113800
2024-11-15,0.7710000276565552,0.8330000042915344,0.7599999904632568,0.7900000214576721,96500
2024-11-18,0.800000011920929,0.8199999928474426,0.75,0.7710000276565552,64800
2024-11-19,0.7900000214576721,0.8100000023841858,0.7799999713897705,0.8100000023841858,32500
2024-11-20,0.7799999713897705,0.800000011920929,0.7760000228881836,0.7799999713897705,13400
2024-11-21,0.8299999833106995,0.9350000023841858,0.8009999990463257,0.9139999747276306,44600
2024-11-22,0.8450000286102295,0.9229999780654907,0.800000011920929,0.8299999833106995,162100
2024-11-25,0.734000027179718,0.8949999809265137,0.7310000061988831,0.8809999823570251,402900
2024-11-26,0.6740000247955322,0.7409999966621399,0.6710000038146973,0.7400000095367432,412900
2024-11-27,0.7200000286102295,0.7699999809265137,0.699999988079071,0.699999988079071,70900
2024-11-29,0.7889999747276306,0.8399999737739563,0.7450000047683716,0.75,68100
2024-12-02,0.7710000276565552,0.7900000214576721,0.7599999904632568,0.7699999809265137,76500
2024-12-03,0.75,0.7699999809265137,0.7310000061988831,0.75,73900
2024-12-04,0.7689999938011169,0.7900000214576721,0.7400000095367432,0.7400000095367432,85400
2024-12-05,0.7670000195503235,0.800000011920929,0.7350000143051147,0.800000011920929,48700
2024-12-06,0.7699999809265137,0.7699999809265137,0.7400000095367432,0.7509999871253967,51900
2024-12-09,0.6800000071525574,0.7599999904632568,0.6610000133514404,0.7599999904632568,334400
2024-12-10,0.7099999785423279,0.7300000190734863,0.6899999976158142,0.6899999976158142,100300
2024-12-11,0.777999997138977,0.7799999713897705,0.699999988079071,0.7129999995231628,223000
2024-12-12,0.75,0.7799999713897705,0.7099999785423279,0.7799999713897705,16800
2024-12-13,0.7319999933242798,0.75,0.7200000286102295,0.7400000095367432,35800
2024-12-16,0.7039999961853027,0.7450000047683716,0.7009999752044678,0.7099999785423279,97100
2024-12-17,0.7149999737739563,0.7390000224113464,0.699999988079071,0.699999988079071,29200
2024-12-18,0.6499999761581421,0.7450000047683716,0.6499999761581421,0.7200000286102295,173100
2024-12-19,0.7400000095367432,0.7829999923706055,0.6700000166893005,0.699999988079071,621100
2024-12-20,0.800000011920929,0.8299999833106995,0.7200000286102295,0.7300000190734863,295700
2024-12-23,0.6980000138282776,0.8199999928474426,0.6800000071525574,0.7900000214576721,211600
2024-12-24,0.699999988079071,0.7440000176429749,0.6800000071525574,0.699999988079071,142700
2024-12-26,0.6930000185966492,0.7710000276565552,0.6549999713897705,0.6809999942779541,356300
2024-12-27,0.6949999928474426,0.7269999980926514,0.6309999823570251,0.6729999780654907,403600
2024-12-30,0.7860000133514404,0.8100000023841858,0.6700000166893005,0.6919999718666077,317100
2024-12-31,0.7860000133514404,0.8489999771118164,0.7609999775886536,0.8009999990463257,239100
2025-01-02,0.8209999799728394,0.8500000238418579,0.7649999856948853,0.7699999809265137,151500
2025-01-03,0.8949999809265137,0.8999999761581421,0.800000011920929,0.8370000123977661,90000
2025-01-06,0.8519999980926514,0.9300000071525574,0.828000009059906,0.8999999761581421,292000
2025-01-07,1.5299999713897705,1.5499999523162842,0.8230000138282776,0.8399999737739563,2503300
2025-01-08,0.8999999761581421,1.1699999570846558,0.8849999904632568,1.0800000429153442,1020900
2025-01-10,0.9200000166893005,0.9800000190734863,0.8550000190734863,0.9100000262260437,348600
2025-01-13,0.7900000214576721,0.9300000071525574,0.7699999809265137,0.9300000071525574,290300
2025-01-14,0.6919999718666077,1.3799999952316284,0.6399999856948853,0.8100000023841858,16653800
2025-01-15,0.7400000095367432,0.8100000023841858,0.7099999785423279,0.718999981880188,1340800
2025-01-16,0.6499999761581421,0.7279999852180481,0.6499999761581421,0.7099999785423279,725200
2025-01-17,0.6940000057220459,0.7450000047683716,0.6600000262260437,0.6800000071525574,452300
2025-01-21,0.7099999785423279,0.7599999904632568,0.6710000038146973,0.7599999904632568,1161700
2025-01-22,0.7549999952316284,0.7749999761581421,0.6700000166893005,0.7200000286102295,843700
2025-01-23,0.699999988079071,0.75,0.6909999847412109,0.75,334800
2025-01-24,0.7009999752044678,0.7300000190734863,0.6800000071525574,0.6899999976158142,174700
2025-01-27,0.6807000041007996,0.7200000286102295,0.680400013923645,0.6949999928474426,196409
