Price,Close,High,Low,Open,Volume
Ticker,EML,EML,EML,EML,EML
Date,,,,,
2020-01-28,26.064132690429688,26.064132690429688,25.43772320466681,25.610211869782116,7200
2020-01-29,26.100444793701172,26.191229295819422,25.682838508155722,25.864405780821865,6800
2020-01-30,26.0550537109375,26.46358137785727,25.464955306102766,25.937033337342402,16400
2020-01-31,25.1472110748291,26.409110247486872,25.1472110748291,25.864404983146798,11600
2020-02-03,25.26523208618164,25.710074269919154,25.26523208618164,25.54666250210324,4800
2020-02-04,25.428646087646484,25.8008610441134,25.192607039131016,25.69191927880987,6000
2020-02-05,26.08228874206543,26.554366789454864,25.664682437385075,25.80085833101691,9900
2020-02-06,25.59205436706543,26.56344457082231,25.59205436706543,25.927954778600046,13800
2020-02-07,25.691911697387695,25.846244809276033,25.546657207559857,25.546657207559857,4800
2020-02-10,25.601131439208984,25.90071907017212,25.047347560446415,25.691914205536385,5000
2020-02-11,25.64652442932129,26.018739335610586,25.410485412625814,25.410485412625814,6600
2020-02-12,26.1276798248291,26.236619838616573,25.31062106357156,25.31062106357156,8600
2020-02-13,26.018741607666016,26.200310630693334,25.546663533051415,25.67376254179875,6700
2020-02-14,25.619291305541992,26.227545293740604,25.619291305541992,25.85533034754435,6700
2020-02-18,25.501270294189453,25.891642453296093,25.346937155276837,25.64652480945187,5400
2020-02-19,25.501270294189453,25.64652480945187,25.501270294189453,25.510348917839654,2500
2020-02-20,25.09273910522461,25.501268482610218,24.983799092301968,25.237993610168317,2800
2020-02-21,25.192602157592773,25.455877029312344,25.092739036379108,25.165366288651697,5400
2020-02-24,24.765918731689453,24.965643254358987,24.529879714950706,24.529879714950706,6700
2020-02-25,22.432769775390625,25.927961009410033,22.432769775390625,24.829473275856653,5800
2020-02-26,23.694664001464844,23.821761260071977,22.15133272593419,23.140880120556147,13700
2020-02-27,22.87761116027832,23.622041065110878,22.015160866687083,23.09549295694366,13700
2020-02-28,23.224105834960938,23.424707789070574,22.540239331396172,22.540239331396172,8700
2020-03-02,23.23322105407715,23.83502335494316,22.193744668792622,23.379112415549987,9000
2020-03-03,22.27580451965332,24.163275169740754,22.002256964800633,23.43381850179069,12400
2020-03-04,23.114683151245117,23.59794759580698,22.357871121133787,22.768189890714876,14700
2020-03-05,22.686124801635742,22.704361654377763,22.33963329534735,22.649652835313702,4000
2020-03-06,23.707365036010742,24.600949916123053,18.601162988114503,18.601162988114503,8100
2020-03-09,21.181617736816406,23.616181752648693,20.862479793031586,22.79554256803192,14900
2020-03-10,24.555362701416016,24.920091093622947,19.16649570646741,21.57370483419531,22800
2020-03-11,23.032617568969727,23.588829391921383,21.218092498693,23.57059253955793,12600
2020-03-12,19.558576583862305,21.874602847611015,19.43092036047008,21.83813088318603,10900
2020-03-13,23.315282821655273,24.072094835504302,19.713587805524465,19.713587805524465,9200
2020-03-16,19.202966690063477,22.749954687444028,18.427917809445,21.47340277152556,19400
2020-03-17,20.971900939941406,21.117792285608036,19.558577876610165,19.558577876610165,17500
2020-03-18,19.157377243041992,20.871601552754193,18.728821600404483,18.728821600404483,6000
2020-03-19,19.221200942993164,19.978012867754227,17.096656498363053,18.719699714705914,26800
2020-03-20,17.415802001953125,18.692352560705363,17.32461944650741,18.60117000525965,14300
2020-03-23,17.005474090576172,17.835231685435275,15.683333689800229,17.516093747605964,11800
2020-03-24,19.622400283813477,19.622400283813477,17.54344651201709,18.692341880181285,13100
2020-03-25,20.04184341430664,20.953665244684508,19.10266804208119,20.060080268313108,10000
2020-03-26,20.971900939941406,20.971900939941406,19.038838001115515,19.695350795777376,19300
2020-03-27,18.427915573120117,19.257674913436272,18.25467070371822,19.184729247592877,4700
2020-03-30,18.664989471435547,18.874709783058492,16.786637266611926,16.786637266611926,12900
2020-03-31,17.780527114868164,17.926418480267436,16.70457699067685,17.807882398066376,10500
2020-04-01,16.07541847229004,17.816999808204983,16.07541847229004,16.595158388398232,30100
2020-04-02,16.49485969543457,16.49485969543457,15.865702044630066,15.89305733002588,13800
2020-04-03,15.273017883300781,16.850469462206906,15.273017883300781,16.850469462206906,31000
2020-04-06,17.114898681640625,17.114898681640625,15.528328672983665,16.5039778961955,10900
2020-04-07,16.4310302734375,18.20908185032173,16.157482672958423,18.163491453156304,9000
2020-04-08,16.09365463256836,16.668103348009183,15.601271758495454,16.12100991302433,30600
2020-04-09,18.12701416015625,18.12701416015625,16.166597903884842,16.184834754810225,20500
2020-04-13,18.0814266204834,18.51910067667118,17.005476594650197,18.054071339785875,8400
2020-04-14,18.318500518798828,18.76529300228635,18.30938209189148,18.58292794246356,7800
2020-04-15,17.060184478759766,18.60116375674128,16.859584315495038,18.236435396640864,8500
2020-04-16,16.184837341308594,17.94465373612245,15.601271931731313,17.24255051574847,19000
2020-04-17,17.142248153686523,18.190844554417904,16.449265156196553,16.449265156196553,16800
2020-04-20,16.57691764831543,17.972003640652115,16.549562373091703,17.124010978657665,8900
2020-04-21,16.102773666381836,16.640748694827025,15.783635672347245,15.783635672347245,3500
2020-04-22,17.534332275390625,17.671105193492618,16.412791912127464,16.412791912127464,4100
2020-04-23,17.069303512573242,17.689342616389208,16.412792441030373,17.689342616389208,5500
2020-04-24,17.671110153198242,17.671110153198242,17.133136756227042,17.133136756227042,2300
2020-04-27,17.4522647857666,17.862585199510384,17.27901993477405,17.78052111676163,11300
2020-04-28,17.725812911987305,18.747052160074464,17.725812911987305,18.063185939973305,9300
2020-04-29,18.418800354003906,19.148257070550557,18.37320822224349,18.62851894261582,12800
2020-04-30,16.412790298461914,17.935532579052357,16.412790298461914,17.935532579052357,11300
2020-05-01,17.17872428894043,17.17872428894043,16.193956732084835,16.193956732084835,10700
2020-05-04,16.695453643798828,17.543448042305595,16.649863257730146,17.543448042305595,6700
2020-05-05,16.485740661621094,17.114898289323243,16.4219134038703,17.114898289323243,22400
2020-05-06,15.956881523132324,16.595157479722445,15.783634893915794,16.595157479722445,24800
2020-05-07,16.175724029541016,16.50398054581188,15.683340994297373,16.41279798694079,20700
2020-05-08,16.184837341308594,16.859585280922854,15.98423716655693,16.35808397446264,13900
2020-05-11,15.546565055847168,16.321614136159752,15.546565055847168,16.184841178260477,18400
2020-05-12,15.07241439819336,16.06630026095509,15.07241439819336,15.947762457600758,17200
2020-05-13,14.525320053100586,15.063294998708894,14.133236441301795,15.063294998708894,14200
2020-05-14,14.782405853271484,14.782405853271484,14.029512555206567,14.066238993480903,6600
2020-05-15,15.250666618347168,15.250666618347168,14.718132894682205,14.791585761696183,8600
2020-05-18,16.54527473449707,16.618727602578726,16.12291942958667,16.214735952502366,11900
2020-05-19,15.691384315490723,16.618727885333737,15.60874961858608,16.33409823558138,5700
2020-05-20,17.013540267944336,17.44507572112032,15.746475892760273,15.746475892760273,15900
2020-05-21,16.70136833190918,17.197174932770587,16.306558366613807,16.995179910383367,10900
2020-05-22,16.89417839050293,16.940087535660044,16.499368498425845,16.93090570662862,3200
2020-05-26,17.37162208557129,17.812339348539187,15.663840502502266,17.408347648524582,5200
2020-05-27,18.09697151184082,18.363239322621215,17.371624469249866,17.85825094175112,10600
2020-05-28,17.53689193725586,18.546870337020188,17.53689193725586,18.546870337020188,5600
2020-05-29,17.17880630493164,17.904154961940698,17.11453525962798,17.582797984167758,3400
2020-06-01,16.618730545043945,18.280603074171893,16.618730545043945,17.316533790997987,9900
2020-06-02,16.646276473999023,17.0135426790748,16.61873273449688,16.9584516975604,7900
2020-06-03,17.307353973388672,17.90415892048724,17.022724245004127,17.18799193321594,11600
2020-06-04,17.793975830078125,17.8766105364353,17.334894906429255,17.334894906429255,12300
2020-06-05,18.39078712463379,19.281403713321037,18.041884552927932,18.52851108662076,19900
2020-06-08,18.482601165771484,18.904956616449425,18.33569537890658,18.904956616449425,19600
2020-06-09,18.583595275878906,18.638684495466407,17.738886320100104,18.106150702774645,11400
2020-06-10,17.53689193725586,18.73968348768863,17.50016462212581,18.730501658906118,15300
2020-06-11,15.663841247558594,17.01354033757197,15.663841247558596,17.01354033757197,15400
2020-06-12,16.554458618164062,16.866633784100394,16.52691313249154,16.554458618164062,10800
2020-06-15,16.793182373046875,16.793182373046875,16.178013816023586,16.178013816023586,11400
2020-06-16,17.5277099609375,17.812339645780483,17.31653315448157,17.60116283932455,5700
2020-06-17,15.948472023010254,17.738886570547187,15.948472023010254,17.683797350181905,4500
2020-06-18,16.21473503112793,16.62790848514344,16.021921920090303,16.058647476417008,7000
2020-06-19,16.021926879882812,16.618731802789274,15.902564844548547,16.4534623700218,20400
2020-06-22,16.178014755249023,16.44428081710279,15.976018000130662,15.976018000130662,7100
2020-06-23,15.847471237182617,16.52691068867772,15.847471237182617,16.52691068867772,10000
2020-06-24,15.443483352661133,16.02192634815002,15.278213925378592,15.838293262001667,21000
2020-06-25,16.58200454711914,16.58200454711914,15.27821449073405,15.324123639597412,9200
2020-06-26,16.343280792236328,17.03190220344721,15.930108996262685,16.104560244120787,27000
2020-06-29,17.224716186523438,18.298965600515857,16.63709317417022,16.63709317417022,13600
2020-06-30,16.407554626464844,17.00435953678147,16.15965048254327,17.00435953678147,13300
2020-07-01,16.70136833190918,17.059450974267705,16.21474181052684,16.591188114353784,9000
2020-07-02,16.710552215576172,17.086998565650486,16.481011672786693,16.70137038371395,16800
2020-07-06,16.756454467773438,17.187989924984908,16.74727263873641,17.187989924984908,5600
2020-07-07,15.443483352661133,16.94926835456001,15.434301523228225,16.75645519023365,16000
2020-07-08,15.526119232177734,16.545279609446805,15.443484512331322,16.545279609446805,12900
2020-07-09,15.278209686279297,15.562841065960779,14.837492503310719,15.562841065960779,15100
2020-07-10,16.33409881591797,16.33409881591797,14.865039625841009,14.865039625841009,4700
2020-07-13,15.443483352661133,16.398372598624743,15.333304901976037,16.398372598624743,12900
2020-07-14,15.38839054107666,15.70056566402397,14.874220471444705,15.2690285375209,11100
2020-07-15,16.31574058532715,17.151267938202174,15.599573532324904,15.774024817912988,22400
2020-07-16,15.599570274353027,16.14128592862982,15.553662880433228,16.14128592862982,16700
2020-07-17,14.855859756469727,16.508550468655315,14.727317651440023,15.63629771826758,14800
2020-07-20,16.03110694885254,16.03110694885254,15.287396253095194,15.599571458969626,7900
2020-07-21,16.517730712890625,16.517730712890625,16.067831637199596,16.067831637199596,8600
2020-07-22,15.829109191894531,16.481004979313308,15.62711422672846,16.481004979313308,7200
2020-07-23,15.608749389648438,16.067830254049863,15.379208957447725,15.663838603025344,5900
2020-07-24,14.727316856384277,15.507753024795365,14.48859369055002,15.507753024795365,53800
2020-07-27,15.516935348510742,15.516935348510742,14.461049541745373,14.800770206294041,11700
2020-07-28,15.38839054107666,15.48020706275313,14.892582374776406,15.351663231904274,8500
2020-07-29,15.627114295959473,16.067831540776805,15.333302799414586,15.406755673550808,7600
2020-07-30,15.131305694580078,15.718930423875204,15.131305694580078,15.718930423875204,5000
2020-07-31,14.9752197265625,16.049469192921045,14.828313966313024,16.049469192921045,13600
2020-08-03,15.425117492675781,15.516934022648005,14.975218422191992,14.975218422191992,8200
2020-08-04,15.957653045654297,16.021925849685033,15.360848161121941,15.360848161121941,7500
2020-08-05,16.25146484375,16.25146484375,15.893380544655754,16.031104466805225,5300
2020-08-06,16.710552215576172,16.728914128045254,15.856661116198454,16.08620165898793,11100
2020-08-07,17.812339782714844,17.9041563192182,16.69218294088727,16.783999477390626,22900
2020-08-10,18.243877410888672,18.363237685290944,17.86742942718578,17.86742942718578,10200
2020-08-11,18.005157470703125,18.36324009209741,17.858251690066748,18.36324009209741,12400
2020-08-12,18.50096321105957,18.50096321105957,18.041882229389334,18.041882229389334,11200
2020-08-13,18.233234405517578,18.417875458274914,18.0393628849032,18.417875458274914,8000
2020-08-14,18.464033126831055,18.464033126831055,18.094752816467917,18.297856546950786,5900
2020-08-17,18.454803466796875,18.62098006979924,18.334788009554977,18.334788009554977,4500
2020-08-18,17.780868530273438,18.54712602498641,17.780868530273438,18.54712602498641,4100
2020-08-19,18.288623809814453,18.45480038506733,16.8945891362532,18.14091168978242,14000
2020-08-20,18.537891387939453,18.75022737147794,18.094754962937145,18.094754962937145,11000
2020-08-21,19.27644920349121,19.525714065473597,18.574817516297433,18.61174466573888,25100
2020-08-24,19.387237548828125,19.701126297630946,19.31338147621968,19.618037995837984,12400
2020-08-25,19.341075897216797,20.107333221058084,18.8517783729837,19.66419507647053,14800
2020-08-26,19.414936065673828,19.581110924049227,19.110279517350516,19.32261552599783,9400
2020-08-27,19.830371856689453,19.830371856689453,19.479555989658614,19.479555989658614,4900
2020-08-28,20.633556365966797,20.633556365966797,19.571874865081544,19.76574635824986,14100
2020-08-31,20.21811866760254,20.772040088811032,20.21811866760254,20.772040088811032,7700
2020-09-01,20.845895767211914,21.870650289050392,20.310438814358974,20.310438814358974,9400
2020-09-02,20.55046844482422,20.99360480353185,20.31043581030741,20.781268851759528,9600
2020-09-03,19.996549606323242,20.716647599552758,19.516484277503565,20.550471004125363,11700
2020-09-04,20.12579917907715,20.12579917907715,19.571879490062422,20.116568710345618,7400
2020-09-08,19.387237548828125,20.070406660673186,19.387237548828125,19.46109362143657,10700
2020-09-09,19.60880470275879,20.181190555069666,19.368772039587622,19.839605137246348,11700
2020-09-10,18.999492645263672,20.347368165624264,18.740995511818003,19.608805681865636,6100
2020-09-11,19.710351943969727,19.913455635593653,18.925630334043298,19.2672156563173,6300
2020-09-14,19.9411563873291,20.27350779052517,18.971793579099682,19.738050893349207,6200
2020-09-15,20.615097045898438,20.772041429354942,20.04271112950773,20.04271112950773,6300
2020-09-16,19.95039176940918,21.07669734888118,19.95039176940918,20.596631982863194,7400
2020-09-17,20.301206588745117,20.541239258803795,20.16272667625255,20.16272667625255,1700
2020-09-18,19.119508743286133,20.633560917264514,19.036422199935075,20.633560917264514,23300
2020-09-21,18.925636291503906,18.944100749518483,18.307091034956635,18.944100749518483,11700
2020-09-22,19.285680770874023,19.285680770874023,18.925632712025227,19.20259248639087,8000
2020-09-23,19.174901962280273,19.387237955373735,19.101045888123082,19.110278117501192,9900
2020-09-24,18.64867401123047,19.082578152280345,18.64867401123047,19.082578152280345,2200
2020-09-25,18.011667251586914,18.879477432885416,18.002435022322626,18.879477432885416,5100
2020-09-28,18.09475326538086,18.45480135680893,18.076288809187762,18.260929849383803,3600
2020-09-29,18.34402084350586,18.464036304704642,18.011667626543506,18.464036304704642,3200
2020-09-30,18.020896911621094,18.41787390905023,18.020896911621094,18.41787390905023,1600
2020-10-01,17.87318992614746,18.159382031370328,17.780869380984875,17.854725464941357,8800
2020-10-02,18.33478355407715,19.193361287037337,17.947038828252133,17.947038828252133,4100
2020-10-05,19.479555130004883,19.479555130004883,18.74099275489368,18.74099275489368,4500
2020-10-06,19.54418182373047,19.57187851114301,19.28568469048307,19.49802243891056,4700
2020-10-07,20.17195701599121,20.39352520740182,19.516482908975803,20.39352520740182,4100
2020-10-08,19.77497673034668,20.20888081306189,19.77497673034668,20.20888081306189,2900
2020-10-09,19.904226303100586,20.264276129919686,19.904226303100586,20.015011271552773,2000
2020-10-12,20.005779266357422,20.43968339580852,19.470322394769266,19.784211087858946,8200
2020-10-13,19.581104278564453,19.922689631177196,19.581104278564453,19.922689631177196,1300
2020-10-14,19.53494644165039,19.98731503117025,19.53494644165039,19.89499451556332,2000
2020-10-15,20.2642765045166,20.310435881719016,19.664194035681007,19.664194035681007,3200
2020-10-16,20.43968391418457,21.732167629505728,20.0611713795417,20.0611713795417,8800
2020-10-19,19.571876525878906,20.49507821557381,19.571876525878906,20.49507821557381,6600
2020-10-20,20.12579917907715,20.12579917907715,19.68266272351827,19.848839334569785,1700
2020-10-21,20.532007217407227,20.532007217407227,19.848838116784798,20.107335247101787,4200
2020-10-22,20.633556365966797,21.19670815150381,20.310435449818936,20.310435449818936,7100
2020-10-23,20.430452346801758,21.187479201425155,20.430452346801758,20.864358262150255,6000
2020-10-26,20.17195701599121,20.55970179117664,20.079636496019926,20.31043691551441,3100
2020-10-27,19.710351943969727,19.93192008779594,19.710351943969727,19.894991183391365,4100
2020-10-28,19.304149627685547,19.774982760173938,18.694836576434145,19.553414537979585,4400
2020-10-29,20.107332229614258,20.504307453247456,18.805618066078697,19.30414603296573,8200
2020-10-30,18.897939682006836,20.051941899637466,18.897939682006836,19.719590458349842,6400
2020-11-02,19.6180362701416,19.6180362701416,19.101043807359595,19.608804041769197,7100
2020-11-03,20.753572463989258,20.77203691941469,19.71035538459586,19.784211445430195,7100
2020-11-04,20.153491973876953,20.53200450997356,19.93192378890826,20.31043632500487,3300
2020-11-05,20.301206588745117,21.058231753847608,20.0427094607894,20.485847645980293,6500
2020-11-06,19.95039176940918,20.772040820613558,19.87653569470393,20.31043991348881,8600
2020-11-09,20.855125427246094,22.71076095619592,20.550468952992684,21.22440573530062,22300
2020-11-10,21.787559509277344,22.341480856970417,21.095158264877856,21.298261995989435,9800
2020-11-11,20.504308700561523,21.335191630696308,20.402757711997534,21.335191630696308,7900
2020-11-12,19.396467208862305,20.411989393368682,19.38723498090064,20.411989393368682,11100
2020-11-13,20.07963752746582,20.07963752746582,19.719589418037152,19.719589418037152,2900
2020-11-16,20.947444915771484,21.178245317079647,20.356594691032818,20.467379658442354,9800
2020-11-17,20.64130401611328,21.43912577127326,20.64130401611328,20.94744463411377,12100
2020-11-18,20.64130401611328,21.068044732955254,20.64130401611328,21.03093769079077,6300
2020-11-19,21.04021644592285,21.04021644592285,20.186733179828156,20.882507523836473,10500
2020-11-20,19.982641220092773,20.73407706170992,19.982641220092773,20.622752381366826,13200
2020-11-23,20.66913604736328,21.040215323821798,20.038300392661025,20.4928727275034,11500
2020-11-24,20.919612884521484,21.225753500460243,20.18673155461467,20.984553304401658,19100
2020-11-25,20.845401763916016,20.966003658771868,20.73407884345237,20.873233378754886,8400
2020-11-27,20.87322998046875,20.928891431638554,20.65058240634389,20.771182512119413,4600
2020-11-30,20.502151489257812,21.216480256650296,20.502151489257812,20.780460525398563,13700
2020-12-01,19.722883224487305,20.882507108080546,19.722883224487305,20.882507108080546,18500
2020-12-02,19.713605880737305,20.4743188598474,19.5837285729221,19.5837285729221,13000
2020-12-03,19.843482971191406,20.0661305404839,19.657944214837126,19.834205767956853,15300
2020-12-04,20.706241607666016,21.10515246483796,20.11251480784476,20.11251480784476,14900
2020-12-07,21.36490821838379,22.53380914945554,20.279500337348978,20.826842878948735,24900
2020-12-08,21.61539077758789,21.726715460789713,20.69696877659467,21.633945186362496,13100
2020-12-09,21.374191284179688,22.03285689355836,21.16081911474742,21.541175660617387,20000
2020-12-10,21.43912696838379,21.671051745559915,21.03093886510903,21.03093886510903,7700
2020-12-11,22.21839141845703,22.246221255586942,21.40201532003536,21.40201532003536,7300
2020-12-14,22.7100772857666,23.192481321929755,22.255504864190286,22.255504864190286,12100
2020-12-15,23.368741989135742,24.036684737425386,22.98838548073454,22.98838548073454,14100
2020-12-16,23.257413864135742,23.851140663459198,23.127536569145093,23.331629714051175,12800
2020-12-17,23.628498077392578,23.656329690499536,23.229588906200984,23.30380477170707,7300
2020-12-18,23.340909957885742,24.027407101418188,23.19247823871363,23.841868337175878,43000
2020-12-21,23.071876525878906,23.600664709835332,22.9141676140458,23.192476625776905,11700
2020-12-22,22.589475631713867,22.951277749612434,22.41321229015871,22.626582679204237,7300
2020-12-23,22.997661590576172,23.034768634548747,22.70079639156749,22.81212106237645,4700
2020-12-24,22.775014877319336,22.9234466092307,22.775014877319336,22.775014877319336,1400
2020-12-28,22.775014877319336,23.1832030247985,22.775014877319336,22.78429208174452,5800
2020-12-29,22.941997528076172,23.006936179728008,22.35754789376411,23.006936179728008,8400
2020-12-30,23.19247817993164,23.19247817993164,22.821398882941867,22.821398882941867,4600
2020-12-31,22.357545852661133,23.67487847979813,22.107066702489323,23.28524483601267,30600
2021-01-04,21.25358772277832,22.357550224271026,20.62275200763963,22.357550224271026,12800
2021-01-05,21.65250015258789,21.986472441345768,21.151541719451078,21.151541719451078,12500
2021-01-06,22.403932571411133,22.904890927149243,21.578280951152674,22.236946452831763,14800
2021-01-07,22.264780044555664,22.802845491521264,21.921530573645974,22.43176617800115,17700
2021-01-08,22.144182205200195,22.608031837094707,21.429853347415627,22.36682981617605,21900
2021-01-11,21.902976989746094,22.144178975485595,21.457680063294738,21.912254193364422,9800
2021-01-12,22.27405548095703,22.4874258481178,21.652497016594126,21.81020593350548,13000
2021-01-13,23.16464614868164,24.426317504993452,22.29261025894436,22.29261025894436,21000
2021-01-14,23.77692985534668,24.222226818708148,23.1646485213512,23.758377216017887,11500
2021-01-15,23.23886489868164,23.767654943726022,23.192480645169642,23.517175728091186,7400
2021-01-19,23.10898780822754,23.786207825284404,23.10898780822754,23.266696748995866,11100
2021-01-20,23.211027145385742,23.74909244223451,22.988379619390933,23.201749943955303,12400
2021-01-21,22.775014877319336,23.795484361294342,22.75646223791478,23.1832030247985,22100
2021-01-22,23.65632438659668,23.65632438659668,22.292607500134395,22.329714539844893,18400
2021-01-25,22.821399688720703,23.313079111050268,22.505981832781195,23.313079111050268,15000
2021-01-26,22.29261016845703,23.248139115803774,22.29261016845703,22.923444074606707,9200
2021-01-27,21.81948471069336,22.47815026625221,21.39274217614399,22.29261149555548,19100
2021-01-28,21.902976989746094,22.348272146751786,21.902976989746094,22.181286020513234,7600
2021-01-29,21.83803939819336,22.005023763124633,21.09587899756722,21.977193920358964,11200
2021-02-01,21.893699645996094,22.18128587854085,21.0866006308242,21.513343147307516,21200
2021-02-02,22.21839141845703,23.090427191138527,22.21839141845703,22.747179557270066,9500
2021-02-03,22.524534225463867,22.72862738539353,22.227669034504043,22.26477784691611,9200
2021-02-04,23.424402236938477,23.600665561096843,22.598750605502644,22.756459523024212,14200
2021-02-05,22.66368865966797,23.452233226413124,22.617302644303216,23.452233226413124,12000
2021-02-08,25.01076889038086,25.029323298534273,22.960554564463717,22.960554564463717,45000
2021-02-09,24.519088745117188,25.00149272635786,24.519088745117188,25.00149272635786,6300
2021-02-10,25.354015350341797,25.60449452230848,24.59330240091309,24.815949963957184,18200
2021-02-11,25.04787826538086,25.76220707020871,24.82523067091097,25.27052585985075,9000
2021-02-12,24.398488998413086,25.15920385201289,24.296443286515316,24.982940503177314,8300
2021-02-16,24.036684036254883,24.74173557916096,24.036684036254883,24.33354747127941,6600
2021-02-17,23.92535972595215,24.667518269872055,23.656326147877717,24.667518269872055,7800
2021-02-18,23.749095916748047,24.101620775453213,23.65632565831653,23.702709902809534,11300
2021-02-19,24.027408599853516,24.120178872482988,23.74909955141087,23.74909955141087,7000
2021-02-22,23.674882888793945,24.203671124669793,23.674882888793945,24.203671124669793,6400
2021-02-23,23.693431854248047,23.786200332994515,23.62849144190208,23.74909329538499,8000
2021-02-24,24.073789596557617,24.33354418237299,23.42439959312837,23.42439959312837,5900
2021-02-25,24.045961380004883,24.481979331559103,23.72126633251122,24.157286053511097,10400
2021-02-26,23.75714683532715,24.25092346809035,23.75714683532715,24.21365650245385,4600
2021-03-01,24.399993896484375,24.399993896484375,22.825499743174312,23.850318454387736,14300
2021-03-02,23.990066528320312,24.409311120192637,23.589455424306138,24.22297979558556,19000
2021-03-03,24.222976684570312,24.44657317918945,23.813048889275077,24.26955862124585,15900
2021-03-04,24.80060577392578,24.958986868620926,23.850319205754918,24.409311409207614,26500
2021-03-05,25.135995864868164,25.154629350122903,24.549055295239558,25.108047413973015,16000
2021-03-08,24.614269256591797,25.126677631793715,24.325457360222725,25.11736088971899,7200
2021-03-09,25.08009910583496,25.154631275571987,24.139129352288077,24.726071743830865,10400
2021-03-10,25.247798919677734,25.247798919677734,24.60495779446989,25.15463325592501,28300
2021-03-11,25.08009910583496,25.806789093511284,24.76333694020583,25.806789093511284,8000
2021-03-12,24.921714782714844,25.201209938642133,24.623586142529238,25.10804607132428,11100
2021-03-15,24.679487228393555,24.74470265267941,24.34409158693824,24.74470265267941,11200
2021-03-16,25.806785583496094,26.058330511528663,24.577002284618988,25.899949450255715,26200
2021-03-17,25.49002456665039,25.90926731621505,24.92171571443311,24.968297649833538,14400
2021-03-18,25.611143112182617,25.778840951923485,25.01488570598152,25.27574743270088,21300
2021-03-19,25.54592514038086,25.788155131811077,24.968299502818482,25.788155131811077,39300
2021-03-22,24.241607666015625,25.070778136703044,24.241607666015625,25.06146139493291,11500
2021-03-23,23.71988296508789,24.92171610890077,23.66398428632521,24.2229764049129,20300
2021-03-24,22.872079849243164,24.39999193818344,22.825497911239527,24.1018632701913,25500
2021-03-25,23.058414459228516,23.254060759262014,22.406256571808957,22.55532092716418,16100
2021-03-26,24.51178550720215,24.632901370449225,23.179521673404807,23.207471898074154,38100
2021-03-29,24.921714782714844,25.4341231609105,24.511787013966202,24.511787013966202,18600
2021-03-30,24.931034088134766,25.443442519013825,24.502472791065166,24.51178953415223,24900
2021-03-31,24.96829605102539,25.24779297649159,24.539736586425434,25.182577560312186,76700
2021-04-01,24.772653579711914,25.042832027506023,24.362725759382936,24.86581923573947,19400
2021-04-05,25.154630661010742,25.49002630512674,24.92171741414953,24.92171741414953,12400
2021-04-06,25.09872817993164,25.629770018069358,24.949663866664448,25.43412199628943,8000
2021-04-07,25.042827606201172,25.20120866038975,24.781965947763588,25.14530998743695,19000
2021-04-08,24.949665069580078,25.862684476608365,24.781967264822462,24.781967264822462,3500
2021-04-09,23.999378204345703,25.620453988953813,23.682616085596052,24.781966759258147,15900
2021-04-12,24.288188934326172,24.577000813362886,24.204340037672488,24.418619761571122,19100
2021-04-13,24.26024627685547,25.210531037419706,23.88758363523652,24.372043647751415,9800
2021-04-14,24.53974151611328,25.061466727342538,23.81305149630358,23.98074932987406,34800
2021-04-15,24.381357192993164,24.809916686851828,24.372040450476202,24.54905500432462,11400
2021-04-16,23.82236099243164,24.828545910749497,23.738512101156267,24.558367532074005,17600
2021-04-19,22.918663024902344,23.682618162901257,22.825497374100454,23.663984677343482,15300
2021-04-20,23.496286392211914,23.496286392211914,22.31308851470663,22.76959823983633,25300
2021-04-21,23.328594207763672,23.56150748007607,23.11431264672596,23.198161566917403,13700
2021-04-22,22.983877182006836,23.524235794524355,22.983877182006836,23.514919052258396,13700
2021-04-23,23.19816017150879,23.449706916952156,23.002513887488707,23.10499451279045,12700
2021-04-26,23.077041625976562,23.524234569534446,22.99319272693611,23.4497024122748,18500
2021-04-27,23.104991912841797,23.486969471315543,23.05840997721795,23.198157561076428,21500
2021-04-28,26.198083877563477,26.691858844157835,24.213661936724588,24.213661936724588,49300
2021-04-29,27.93095588684082,28.05207176923613,26.132865352866354,26.82229012114647,44500
2021-04-30,26.337825775146484,28.778755180228977,26.06764560308729,27.297427047111963,31000
2021-05-03,26.915454864501953,27.12041966377751,26.086284255031465,26.384412933628177,34000
2021-05-04,27.13904571533203,27.465124555934395,26.701169532057655,26.822285393103513,24300
2021-05-05,26.840919494628906,27.437178557717875,26.673221688665976,27.437178557717875,19800
2021-05-06,26.4962100982666,26.766388526701945,25.937217979141145,26.55210877708306,17500
2021-05-07,28.080018997192383,28.583112436926058,26.68253958947034,27.00861847333621,38300
2021-05-10,29.076885223388672,29.347065408676194,28.126600646379625,28.126600646379625,24400
2021-05-11,29.478912353515625,29.768745746701143,28.525264924395948,28.98338925016398,13900
2021-05-12,28.740306854248047,29.843545992548947,28.51591950492327,29.563062251711013,8900
2021-05-13,29.104928970336914,29.84353870862122,28.646804687704446,28.992736214693537,21900
2021-05-14,29.217126846313477,29.908988196041552,29.03948621577176,29.441514166500536,10500
2021-05-17,29.413469314575195,29.525663882446526,28.824452737249153,29.263877746261528,13000
2021-05-18,29.469566345214844,29.68460399340222,29.03013957000263,29.245179001462095,13100
2021-05-19,29.09558868408203,29.46956760634074,28.80575345896839,29.422819126513296,16700
2021-05-20,29.90898895263672,29.918338647456682,29.123632420479225,29.123632420479225,21300
2021-05-21,30.339067459106445,30.49800692888442,29.40411933134689,30.095978948624285,11500
2021-05-24,29.918338775634766,30.853286862373352,29.79679630899841,30.245569179375707,9900
2021-05-25,29.516311645507812,30.161424559596746,29.14233275691886,30.161424559596746,13600
2021-05-26,29.77810287475586,29.91834475915996,29.450870622298087,29.544365806324922,12000
2021-05-27,30.301671981811523,30.301671981811523,29.59111111324929,29.59111111324929,16400
2021-05-28,29.806142807006836,30.077276812000868,29.76874581261229,30.03053012318972,9500
2021-06-01,30.516704559326172,30.58215063917111,29.927686274177866,30.226872939025405,10600
2021-06-02,30.498004913330078,30.80653948704143,30.217521206847653,30.74109340774699,15000
2021-06-03,31.4049072265625,31.4049072265625,29.684602557721004,30.469959114508296,18900
2021-06-04,30.395160675048828,31.32076084850793,30.292319381592396,31.274014157565208,22800
2021-06-07,30.469959259033203,31.5544989314985,30.413861088088023,30.675648985954837,27900
2021-06-08,30.825241088867188,30.825241088867188,30.507358580958993,30.68499744228789,16200
2021-06-09,31.283361434936523,31.750835467974586,30.507356394696135,30.507356394696135,15800
2021-06-10,30.871986389160156,31.2740143535662,30.610202065005122,31.077676110449925,14600
2021-06-11,31.115066528320312,31.217911373115616,30.741089489525013,31.124418005052636,12000
2021-06-14,30.85329246520996,31.115076835741725,30.591508094678193,31.115076835741725,39300
2021-06-15,31.217914581298828,31.217914581298828,30.66629509333465,31.040275737106338,18300
2021-06-16,30.61954689025879,31.14311905233798,30.610198979571468,30.946777262468554,26200
2021-06-17,30.56344985961914,31.02157596424103,30.56344985961914,30.853285033281455,26600
2021-06-18,29.207778930664062,30.984179994459332,28.871197038247608,30.180124044029807,39300
2021-06-21,29.740697860717773,30.22687307251624,29.123632271923306,29.609805700449837,30500
2021-06-22,29.65655517578125,30.0959801717083,29.28257626613354,29.78744913161203,32900
2021-06-23,29.15167999267578,29.51630915537925,28.805748435370344,29.058184832598215,32900
2021-06-24,29.217126846313477,29.31062200887606,28.366324255210582,29.170380156668138,47200
2021-06-25,29.291927337646484,30.367117422113143,28.693561054104453,29.151685462850345,695300
2021-06-28,30.049232482910156,30.544753853077943,29.4508662472636,29.4508662472636,30000
2021-06-29,28.60941505432129,30.395164176509702,28.272833134289883,30.05858582302261,30300
2021-06-30,28.356979370117188,29.142336015608386,27.83340886754712,28.609415816869117,41100
2021-07-01,29.11428451538086,29.413467634923382,28.59071405618144,28.59071405618144,44200
2021-07-02,28.7777042388916,29.656554201885008,28.160638612418765,29.114284354885484,39900
2021-07-06,28.833803176879883,29.207782107309985,28.79640439220077,28.974045052882147,28300
2021-07-07,28.637460708618164,29.13298386419149,28.039094470395323,28.843150440461308,13500
2021-07-08,28.22608184814453,28.60941040217108,27.83340359971833,28.169983681746597,14500
2021-07-09,28.48786735534668,28.48786735534668,28.0951890904196,28.42242127507082,3500
2021-07-12,28.001697540283203,28.48786921838631,27.702512637171676,28.235434575566796,9100
2021-07-13,27.160242080688477,28.09519019752143,27.122845083316605,28.039093809827616,10100
2021-07-14,27.178945541381836,27.39398321247259,26.842363598267767,27.216344327626633,8600
2021-07-15,27.637065887451172,27.6557652778091,27.06674874771051,27.07609665961746,14000
2021-07-16,27.309833526611328,27.693163893577566,27.309833526611328,27.53422264302591,5700
2021-07-19,27.076095581054688,27.646414481348994,26.926504030694204,27.019999195487493,14900
2021-07-20,28.011045455932617,28.609413478958754,27.954949066773686,28.441122528209902,20100
2021-07-21,28.13258934020996,28.51591793038285,27.95494869640944,28.30088028872919,12500
2021-07-22,27.496824264526367,28.422422695998403,27.16959206351576,28.076492887739903,5100
2021-07-23,27.51552391052246,27.618368776064923,27.24438809528216,27.534223301216006,5300
2021-07-26,27.141544342041016,27.44072745265343,26.99195278673481,27.34723228476905,9000
2021-07-27,28.03909683227539,28.506570941082792,26.92650795399755,26.92650795399755,17800
2021-07-28,27.618370056152344,27.777309534598064,27.37528331568551,27.76796162209007,2600
2021-07-29,27.562273025512695,28.151291401204283,27.31918627495594,27.53422572028028,8600
2021-07-30,27.450077056884766,28.198034830939395,27.272436416819794,27.272436416819794,7500
2021-08-02,27.77730941772461,28.123241027045164,27.235039547663934,27.35658380902202,16600
2021-08-03,28.17933464050293,28.833799011668543,27.422027192870452,27.674463603171926,26100
2021-08-04,28.394376754760742,28.730956883895452,27.580971060868283,28.19803671143272,18600
2021-08-05,28.46917152404785,28.71225647072221,27.365932435549546,28.300880573833258,18700
2021-08-06,28.51592254638672,29.600462408767836,28.08584719346111,28.60006803426735,14400
2021-08-09,28.43177604675293,28.562668230677264,28.00170070913168,28.272834773442412,10100
2021-08-10,28.254131317138672,28.84314962663279,28.254131317138672,28.300879792725826,6300
2021-08-11,28.78705406188965,28.78705406188965,28.095190869603417,28.525267940936153,8900
2021-08-12,29.537691116333008,30.46660992854485,28.10209289497334,28.78705164043682,11000
2021-08-13,25.56868553161621,29.80042048940692,25.221513601165096,29.80042048940692,68100
2021-08-16,26.17858123779297,26.272411637287913,24.864961013861777,25.427941621165434,10600
2021-08-17,25.89708709716797,26.25364040250163,25.32472337552809,25.850171011159794,17300
2021-08-18,26.056596755981445,26.08474461634966,25.803255274673997,25.94399994551183,8600
2021-08-19,25.09014892578125,25.718810176281963,24.405190160364786,24.480254110141033,16500
2021-08-20,25.146448135375977,25.249661744398775,24.348894286378957,25.02446987989382,5700
2021-08-23,25.0526180267334,25.334107393011674,24.799276523283503,25.334107393011674,10900
2021-08-24,25.681278228759766,25.756342176000487,25.02446734815419,25.061998426941717,14400
2021-08-25,26.253643035888672,26.49760133860448,25.756345001980097,25.756345001980097,10500
2021-08-26,25.728193283081055,26.263024146645254,25.343490318423797,26.178576979801882,18500
2021-08-27,25.390403747558594,26.309939334005,25.212127992243282,26.065981059206212,16900
2021-08-30,25.512388229370117,25.859558373146783,25.41855783198027,25.512388229370117,9300
2021-08-31,25.53114891052246,25.62497929333455,25.26842598624745,25.26842598624745,3300
2021-09-01,25.343488693237305,25.737574850013136,25.03384969788955,25.737574850013136,1200
2021-09-02,25.2684268951416,25.531149828866642,24.921255003148964,25.324724410987574,6500
2021-09-03,24.57408905029297,25.287197600195384,24.489641867431757,25.287197600195384,8500
2021-09-07,25.42793846130371,25.465469542638193,24.395807774451452,24.82742505295986,27400
2021-09-08,25.080766677856445,25.1370659846142,24.752361213766097,24.958788425879586,4100
2021-09-09,24.76174545288086,25.399789971792398,24.395808892191074,25.146448449930602,17000
2021-09-10,24.377038955688477,24.771125114333895,24.19876320486398,24.771125114333895,2500
2021-09-13,23.94542121887207,24.395804879434195,23.617015795254265,24.395804879434195,10300
2021-09-14,23.138486862182617,23.879745009715005,23.09157255978995,23.804681052087187,10400
2021-09-15,23.438739776611328,23.513803724900217,22.95082321790068,23.513803724900217,6600
2021-09-16,23.03527069091797,23.992337386625927,22.988356393735817,23.570103342989395,8500
2021-09-17,22.988357543945312,23.016507197462488,22.697484949597737,22.86637929136917,7700
2021-09-20,22.36907958984375,22.960207999177804,22.059440558351472,22.059440558351472,13300
2021-09-21,22.800695419311523,23.007122620242395,22.519206059434868,22.519206059434868,3300
2021-09-22,22.922679901123047,23.01651030250602,22.622424048430382,22.622424048430382,6300
2021-09-23,22.96959114074707,23.100954401013833,22.70686819954517,22.988357576451723,8800
2021-09-24,22.75377655029297,22.98835156627537,22.519201534310568,22.98835156627537,10800
2021-09-27,23.457508087158203,24.058019721496382,22.828846798835727,22.9977411434098,5900
2021-09-28,23.410594940185547,23.579487503414363,22.988359057948692,23.35429562944335,5400
2021-09-29,23.41997718811035,23.41997718811035,23.391829321420683,23.391829321420683,1000
2021-09-30,23.607637405395508,23.62640384250561,23.457509487846565,23.62640384250561,2500
2021-10-01,23.5888671875,23.5888671875,23.457505728115564,23.457505728115564,9200
2021-10-04,23.56072235107422,23.56072235107422,23.457508739925462,23.46689195818134,2100
2021-10-05,23.654550552368164,23.654550552368164,23.55133873263905,23.55133873263905,1000
2021-10-06,22.838232040405273,23.044657485582828,22.800699165100628,23.044657485582828,3000
2021-10-07,23.21354866027832,23.419974077134803,22.678717788226628,23.147867927172427,5700
2021-10-08,23.354290008544922,23.354290008544922,22.688097765427713,22.688097765427713,3700
2021-10-11,22.988357543945312,23.607635603996695,22.87576071954242,23.110335796521454,2300
2021-10-12,23.08218765258789,23.176018040174117,23.00712370045207,23.11033551609771,1400
2021-10-13,22.894527435302734,23.129102515151462,22.894527435302734,22.98835782517539,2000
2021-10-14,22.960206985473633,23.2698460032952,22.960206985473633,22.988356637881317,9000
2021-10-15,23.269845962524414,23.307378832335566,23.22293166492621,23.22293166492621,9800
2021-10-18,23.100954055786133,23.36367699306182,23.007123668330905,23.36367699306182,1900
2021-10-19,23.448122024536133,23.448122024536133,23.09156873231984,23.09156873231984,1500
2021-10-20,23.204164505004883,23.448122782157665,23.129100557393695,23.241697373643316,1700
2021-10-21,22.932058334350586,23.410591670835284,22.932058334350586,23.129100525433046,11600
2021-10-22,23.054035186767578,23.176015212647567,22.84760979099488,23.12909912974543,12100
2021-10-25,22.922679901123047,23.01651030250602,22.847615937949882,22.988360645191314,13700
2021-10-26,22.978975296020508,22.978975296020508,22.8476138200607,22.941444212745942,4300
2021-10-27,22.4722957611084,22.89452987605028,22.0875927323172,22.89452987605028,15500
2021-10-28,22.4722957611084,22.960210619063506,22.4722957611084,22.706870865964785,13400
2021-10-29,22.5473575592041,22.5473575592041,22.453527168333252,22.453527168333252,2000
2021-11-01,22.641185760498047,22.978974445800407,22.49105785362274,22.49105785362274,1500
2021-11-02,22.74439811706543,22.875759580942347,22.519206269133974,22.753781334437456,2400
2021-11-03,22.894527435302734,22.98835782517539,22.528590883431786,22.56612196558135,15700
2021-11-04,23.166635513305664,23.166635513305664,22.753782869413985,22.800697169773244,5200
2021-11-05,22.75377655029297,23.17601229492743,22.284626518328164,23.035265853605715,23000
2021-11-08,23.044654846191406,23.119718798537342,22.519207179769865,22.885143723748072,2900
2021-11-09,22.88514518737793,23.04465632002287,22.753783709787708,23.04465632002287,2700
2021-11-10,22.875761032104492,23.1197193302559,22.63180452361892,22.63180452361892,12000
2021-11-11,24.24567985534668,24.846191473667208,22.7256325843906,23.438741025979123,28100
2021-11-12,24.132604598999023,24.990108151492866,23.670872055142112,24.990108151492866,5000
2021-11-15,24.820493698120117,24.933570111004432,24.29279957758656,24.518954200672372,3700
2021-11-16,23.79336929321289,24.820489141140897,23.717984432691427,24.820489141140897,4900
2021-11-17,23.2939453125,24.028949108742715,23.2939453125,23.454138378450963,4000
2021-11-18,23.152597427368164,23.925292708631403,22.90759617766962,23.51067686820329,13400
2021-11-19,23.086637496948242,23.5577933642329,22.832212897258447,22.851059563305913,3200
2021-11-22,23.020675659179688,23.143175392236973,22.634327996892196,23.03009899207901,5100
2021-11-23,23.180866241455078,23.46355900889412,22.615478909260215,23.46355900889412,12900
2021-11-24,23.73682975769043,23.925290999700874,23.133749110233474,23.27509728838724,13500
2021-11-26,23.42586898803711,23.46356052070971,22.012401465135117,23.19971440005082,11400
2021-11-29,23.48240852355957,24.99010766001603,22.45528858794769,23.36933032446561,28500
2021-11-30,23.66144371032715,24.547215277552453,22.8887485231526,23.058363093228728,22700
2021-12-01,23.46356201171875,24.358758885369372,23.33163894300616,24.358758885369372,10700
2021-12-02,22.99240493774414,23.897025097157105,22.99240493774414,23.218559528268152,16500
2021-12-03,23.529523849487305,23.623755384347273,22.71913696325246,23.02067643695073,15400
2021-12-06,23.604907989501953,24.179718716824684,22.89817419583642,23.548369789257464,7400
2021-12-07,23.925294876098633,24.245681016474055,23.001829787871607,23.001829787871607,2200
2021-12-08,24.77337646484375,25.2822238689666,23.906449593637223,24.02894932880774,20100
2021-12-09,24.104331970214844,24.77337417729405,24.104331970214844,24.179716830431968,2000
2021-12-10,24.801645278930664,24.895876814558594,24.02894992195234,24.434144267030497,8800
2021-12-13,24.236251831054688,24.924140611828864,23.868750910610675,24.613177879764713,35700
2021-12-14,23.84048843383789,24.25510613974348,22.79452353112942,22.79452353112942,11700
2021-12-15,23.91586685180664,24.632023860565642,23.60490410565098,24.06663835651294,6000
2021-12-16,23.74625587463379,24.4341429934232,23.35048488347933,23.35048488347933,16600
2021-12-17,23.435293197631836,24.11375698698313,23.171445269781184,23.699139328165522,10100
2021-12-20,23.91586685180664,24.25509959209161,23.463557729637806,23.520095920579738,1900
2021-12-21,23.74625587463379,24.094910201771672,23.510677946501776,23.652024343917592,12100
2021-12-22,23.774524688720703,24.518951823524052,23.557793420607197,24.09491082302632,5900
2021-12-23,23.322216033935547,24.000679853343172,23.237407831844962,23.55779397367227,13900
2021-12-27,23.46356201171875,23.755678148432494,23.180869208101193,23.180869208101193,4200
2021-12-28,23.369325637817383,23.80278988387777,23.2374025964287,23.416442293539514,3400
2021-12-29,23.322216033935547,23.322216033935547,23.22798449857745,23.27510116491502,1600
2021-12-30,23.727407455444336,23.8310623113032,23.227981637680614,23.322213161432593,8000
2021-12-31,23.623754501342773,23.623754501342773,23.41644657025319,23.41644657025319,800
2022-01-03,24.09490966796875,24.170294531408228,23.548368958703318,24.170294531408228,10500
2022-01-04,24.37760353088379,24.81106603347628,23.953562563289516,24.358756866253632,11400
2022-01-05,24.283370971679688,24.792218313822136,23.90644668170069,24.15144612219945,16000
2022-01-06,24.311643600463867,24.500106678455758,24.311643600463867,24.452991807616343,3200
2022-01-07,25.319915771484375,25.338760639227036,24.31164075860042,24.31164075860042,5500
2022-01-10,26.290498733520508,26.290498733520508,25.074917451998193,25.272802066329945,12000
2022-01-11,25.951265335083008,26.686267318004564,24.933566963683408,24.933566963683408,15400
2022-01-12,26.102035522460938,26.37530498832632,25.913572458382273,26.37530498832632,1400
2022-01-13,26.02665138244629,26.02665138244629,25.442417305355665,25.922996514579314,7600
2022-01-14,25.696840286254883,26.007803072892333,25.31991596871205,25.31991596871205,2700
2022-01-18,25.01837158203125,25.668567071632502,24.67914063741395,25.01837158203125,9800
2022-01-19,24.75452995300293,25.263377360297177,24.735683286761695,25.263377360297177,1100
2022-01-20,23.868757247924805,24.73568415496285,23.548371099846587,24.500106210629873,4700
2022-01-21,22.851058959960938,23.55779274222777,22.803944093403263,23.416446345237794,1200
2022-01-24,22.851058959960938,22.851058959960938,21.7862475188317,22.32336490578378,5800
2022-01-25,22.511825561523438,22.672018619738132,22.229132775176048,22.229132775176048,5400
2022-01-26,22.672016143798828,23.096057074328645,22.624901283658495,22.841632516010755,5000
2022-01-27,21.965286254882812,23.114907733133123,21.93701805283864,22.72856006178189,4600
2022-01-28,22.4175968170166,22.577788084960595,21.965285822721683,22.012402487396667,8100
2022-01-31,22.549518585205078,22.549518585205078,21.88047636387567,22.25740247030643,700
2022-02-01,23.114904403686523,23.454135360573293,22.992402888083358,23.048941081345028,6600
2022-02-02,23.64259910583496,23.64259910583496,23.388174532599557,23.604905777659283,2700
2022-02-03,23.227981567382812,23.55779100085819,23.190290036386184,23.190290036386184,1600
2022-02-04,23.55779457092285,23.56721790442927,23.55779457092285,23.55779457092285,1000
2022-02-07,23.435293197631836,23.435293197631836,23.011252205964173,23.011252205964173,600
2022-02-08,23.93471908569336,23.93471908569336,23.74625780624774,23.74625780624774,3800
2022-02-09,23.604907989501953,23.93471745267593,23.275100323644956,23.38817672413393,17100
2022-02-10,23.765098571777344,23.915868288222367,23.284519426615038,23.284519426615038,12200
2022-02-11,23.57663917541504,23.57663917541504,23.57663917541504,23.57663917541504,300
2022-02-14,23.699138641357422,23.699138641357422,23.54836891475982,23.54836891475982,1100
2022-02-15,23.54836654663086,24.047792339083998,23.133748941524797,24.047792339083998,14200
2022-02-16,23.55779457092285,23.736834312910652,23.463563033175742,23.463563033175742,2400
2022-02-17,23.086637496948242,23.840486165676896,22.935867763202513,23.49183183038377,53900
2022-02-18,22.42701530456543,23.6991363208235,22.23855406343033,23.2656738486277,75400
2022-02-22,22.577787399291992,22.672018928463242,21.984131820951898,22.615480729887263,12100
2022-02-23,22.42701530456543,22.65317166963433,22.06893768828702,22.455285299528224,10600
2022-02-24,22.266822814941406,22.61547890555476,22.16316975879969,22.61547890555476,6700
2022-02-25,22.624902725219727,23.322213124163152,22.285669959181426,22.42701634592511,15200
2022-02-28,22.691165924072266,23.02249328981789,22.056911300132548,22.984628285338072,22400
2022-03-01,22.8804988861084,23.013029124784264,22.34090942225485,22.85209877542539,16900
2022-03-02,23.30649185180664,23.741949388307454,22.28411132525136,23.4200886849855,13500
2022-03-03,23.84608268737793,24.03541135536869,23.02249747457103,23.38222501325513,16000
2022-03-04,23.240224838256836,23.940746464436526,23.06982958913137,23.88394624247227,8200
2022-03-07,22.710102081298828,23.70408429899443,22.710102081298828,23.382223596760323,18500
2022-03-08,22.71957015991211,23.01303076891266,22.71957015991211,22.946765644840525,5300
2022-03-09,22.766902923583984,23.495822933111743,22.738504615153875,23.495822933111743,4600
2022-03-10,22.785829544067383,22.785829544067383,21.886514535135074,22.00011134618881,12000
2022-03-11,22.785829544067383,22.785829544067383,22.785829544067383,22.785829544067383,500
2022-03-14,22.416641235351562,23.741949038297946,22.416641235351562,23.741949038297946,5500
2022-03-15,22.549171447753906,23.3822233038985,22.340909386512298,22.397707802198358,16300
2022-03-16,22.5870361328125,23.77981358331931,22.435572501534388,23.77981358331931,6300
2022-03-17,22.95623207092285,23.268626084612873,22.95623207092285,23.268626084612873,7900
2022-03-18,22.61543846130371,23.04143112860393,22.24624602003634,22.710103699102564,6400
2022-03-21,22.61543846130371,23.65675246591262,22.075848953116257,22.88050076602265,20300
2022-03-22,22.530237197875977,22.530237197875977,22.38824026117795,22.530237197875977,600
2022-03-23,22.198909759521484,22.624900534026533,22.198909759521484,22.378771688371035,15400
2022-03-24,22.246246337890625,22.63437219338115,22.10424938195811,22.246246337890625,15500
2022-03-25,22.293577194213867,22.95623203710834,21.971716476875315,22.41664254203759,17900
2022-03-28,21.92438507080078,22.653305047136186,21.820253129727377,22.123182248705533,13000
2022-03-29,21.990650177001953,22.482907963652817,21.924385052950726,21.924385052950726,6100
2022-03-30,22.170513153076172,22.170513153076172,21.820252331293485,21.895984156869588,13800
2022-03-31,22.047447204589844,22.17997743346978,21.84865005568099,22.08531221044599,9600
2022-04-01,22.00958251953125,22.113714455476693,22.00958251953125,22.01904922330712,5600
2022-04-04,22.075849533081055,22.4261103804619,21.92438587085941,21.92438587085941,13000
2022-04-05,22.056915283203125,22.246245756558455,22.056915283203125,22.246245756558455,5500
2022-04-06,21.971715927124023,22.33144345189662,21.877052499584106,21.971715927124023,5300
2022-04-07,22.208375930786133,22.937295807181663,22.151577518710457,22.937295807181663,7400
2022-04-08,22.340909957885742,22.634370552956298,22.19891301224445,22.19891301224445,2600
2022-04-11,21.96225357055664,22.142115548169418,21.877055031439284,22.142115548169418,4800
2022-04-12,22.12318229675293,22.274645953776353,22.12318229675293,22.274645953776353,2200
2022-04-13,22.047447204589844,22.142110622024685,22.047447204589844,22.056912101862167,1000
2022-04-14,22.075849533081055,22.075849533081055,22.075849533081055,22.075849533081055,800
2022-04-18,21.96225357055664,22.037985404706586,21.96225357055664,21.96225357055664,1200
2022-04-19,22.056915283203125,22.198914041014227,21.867586615437006,21.971716750752147,22300
2022-04-20,22.189449310302734,22.189449310302734,21.96225380542324,21.96225380542324,1300
2022-04-21,22.23677635192871,22.23677635192871,22.151577829824124,22.161044532901187,2000
2022-04-22,22.246246337890625,22.246246337890625,22.198914621109537,22.22731292894249,1300
2022-04-25,22.198909759521484,22.681698942842768,22.179976354719784,22.227308061135172,3200
2022-04-26,22.047447204589844,22.246242547909745,22.047447204589844,22.246242547909745,3300
2022-04-27,21.829721450805664,22.26518085024684,21.829721450805664,21.829721450805664,6400
2022-04-28,21.848655700683594,22.019052785033846,21.82025558476208,22.019052785033846,4500
2022-04-29,21.867586135864258,21.895984442332313,21.8013210133199,21.810787717338975,15800
2022-05-02,21.791851043701172,21.90544786372878,21.78238434110072,21.810784448902073,5700
2022-05-03,21.73505210876465,21.820250631599848,21.72558721119541,21.782385624555875,4400
2022-05-04,22.019046783447266,22.019046783447266,21.877049853721694,21.877049853721694,800
2022-05-05,21.356393814086914,21.72558802879636,21.29959539858895,21.469992450671914,4200
2022-05-06,21.356393814086914,21.356393814086914,21.356393814086914,21.356393814086914,0
2022-05-09,21.06293296813965,22.123180276051254,21.015601256739,22.123180276051254,8400
2022-05-10,19.680828094482422,20.977735852091566,19.40629909427091,20.977735852091566,17400
2022-05-11,19.690290451049805,20.47600872852946,19.59562703411093,20.239346575004397,8200
2022-05-12,19.081214904785156,20.841826186381077,19.033631551980626,20.78472579997793,18300
2022-05-13,19.052669525146484,19.31913925978223,19.033635454047094,19.31913925978223,15300
2022-05-16,18.938465118408203,19.509474490936785,18.938465118408203,19.223970712266873,11000
2022-05-17,19.50947380065918,19.699810856497187,19.176384860537016,19.27155338845602,9400
2022-05-18,19.233484268188477,19.737876169747608,19.22396904955272,19.22396904955272,2400
2022-05-19,20.070966720581055,20.756176874806965,19.60464291650094,20.004349293596572,3400
2022-05-20,19.652225494384766,19.994831465495604,19.347687660147873,19.994831465495604,4000
2022-05-23,20.59439468383789,20.59439468383789,19.814015856104895,20.175655976149844,1400
2022-05-24,19.985315322875977,20.48019023318297,19.852080468250538,20.48019023318297,3700
2022-05-25,19.528505325317383,19.871109439930848,19.518988292246387,19.871109439930848,3000
2022-05-26,19.975797653198242,20.01386579056032,19.490439792963944,19.680776849396935,8400
2022-05-27,20.51825523376465,20.66100711383001,19.7664276973198,19.975797000403087,11100
2022-05-31,20.537288665771484,20.537288665771484,19.85207857356593,20.37550272265771,1600
2022-06-01,19.985315322875977,20.223235743386407,19.79497826039213,19.833046398964402,8800
2022-06-02,19.985315322875977,20.0804838541179,19.766428971651685,19.852080468250538,5900
2022-06-03,19.79497718811035,20.356469495314368,19.79497718811035,20.137583155947013,15300
2022-06-06,20.175649642944336,20.242267061201947,19.94724447293465,19.975795572982985,5100
2022-06-07,20.175649642944336,20.3374355795079,20.07096409128894,20.07096409128894,7000
2022-06-08,19.975797653198242,20.01386579056032,18.995564898389123,19.99483172187928,11000
2022-06-09,20.042415618896484,20.36598753444543,20.042415618896484,20.27081900366243,1200
2022-06-10,20.1661376953125,20.22323809462087,20.1661376953125,20.1661376953125,500
2022-06-13,19.45237159729004,20.175649800810717,19.014597135732654,20.175649800810717,7200
2022-06-14,19.414304733276367,20.27081783037014,19.414304733276367,20.27081783037014,4200
2022-06-15,19.176382064819336,19.69029095154615,19.01459613550035,19.414302442336172,5200
2022-06-16,18.91942596435547,19.290582955101243,18.786191145476007,18.843291522826025,5200
2022-06-17,19.081214904785156,19.100248971982392,18.74812780477634,19.081214904785156,9500
2022-06-21,18.767160415649414,19.338169736165348,18.614891505536978,19.338169736165348,12000
2022-06-22,18.38648796081543,18.738610946504657,18.22470201850231,18.652959458504267,2700
2022-06-23,18.28180694580078,18.42456067138062,18.272291724938547,18.37697549112433,1900
2022-06-24,18.129533767700195,18.519723078781592,18.129533767700195,18.386488235540703,11400
2022-06-27,18.700544357299805,18.852813278509846,18.081951637985416,18.081951637985416,6100
2022-06-28,18.767160415649414,19.499955680058385,18.767160415649414,18.767160415649414,8200
2022-06-29,18.795711517333984,18.795711517333984,18.795711517333984,18.795711517333984,200
2022-06-30,19.35720443725586,19.680776335631908,19.03363253887981,19.052666607063966,3100
2022-07-01,19.4047908782959,19.4047908782959,19.27155601019697,19.30010711701343,900
2022-07-05,19.4238224029541,19.7473943103631,18.862330082167233,19.29058755232288,8900
2022-07-06,20.128070831298828,20.413576476360312,19.281074562846822,19.281074562846822,11000
2022-07-07,20.27081871032715,20.36598723973298,20.080483466704205,20.16613496165058,1600
2022-07-08,20.28985023498535,20.29936726825141,19.937729080083603,20.080480948697513,3200
2022-07-11,19.909175872802734,19.909175872802734,19.71883885800662,19.71883885800662,900
2022-07-12,19.890146255493164,20.213718163880536,19.47140581842915,20.080483312846454,12200
2022-07-13,20.1471004486084,20.1471004486084,19.47140553839188,19.499956641140866,5300
2022-07-14,20.156618118286133,20.175652187385495,19.642709143735757,19.899663631010945,5800
2022-07-15,19.918701171875,20.28985650806006,19.642712567396533,20.175655703936524,12700
2022-07-18,20.023380279541016,20.556321428542063,19.642706215066088,19.985312147018135,20100
2022-07-19,20.346954345703125,20.603908845379515,19.899664591413313,19.899664591413313,7400
2022-07-20,20.01386833190918,20.27082103097611,19.91869979160824,20.128069128119165,4000
2022-07-21,21.289119720458984,22.04094729458512,20.175652095840803,20.175652095840803,13300
2022-07-22,21.688825607299805,22.592922082873244,21.117816256038918,21.117816256038918,11400
2022-07-25,20.613422393798828,21.3367005954465,20.613422393798828,21.3367005954465,6800
2022-07-26,19.86159896850586,20.613426608898962,19.728362288859962,20.5563262120158,8300
2022-07-27,19.690292358398438,20.470670961980808,19.50947235031347,20.032896492173286,16400
2022-07-28,19.290584564208984,19.680773836493227,19.138315668448715,19.138315668448715,1500
2022-07-29,19.4238224029541,19.890146195352077,19.41430536859634,19.890146195352077,5200
2022-08-01,20.023380279541016,20.080480663136868,19.604639897731673,19.604639897731673,8300
2022-08-02,20.680038452148438,21.289115843319067,20.175648421483803,20.175648421483803,15600
2022-08-03,20.01386833190918,20.67052744808891,19.861599393503248,20.137586163668153,8100
2022-08-04,20.327919006347656,20.756174625636646,19.985313058765623,20.08999861279092,6600
2022-08-05,20.128070831298828,20.451642806588396,20.080487464716455,20.24227345236124,4600
2022-08-08,20.128070831298828,20.128070831298828,20.128070831298828,20.128070831298828,4500
2022-08-09,20.699073791503906,20.832308628152113,20.17564966308151,20.43260230301898,52300
2022-08-10,20.575361251831055,21.774478718801777,20.508742001275813,20.936999536043196,16000
2022-08-11,20.651493072509766,20.99409724116374,20.128067062173532,20.613424934221133,43700
2022-08-12,21.51236915588379,21.51236915588379,20.756711064746444,20.852362648215138,10500
2022-08-15,21.45497703552246,21.512368348336683,21.139322078388833,21.139322078388833,3100
2022-08-16,21.627153396606445,21.646282618449007,21.61758787346667,21.646282618449007,1600
2022-08-17,21.14888572692871,21.359321738222107,21.043666809063623,21.359321738222107,3200
2022-08-18,20.804536819458008,21.29236755691567,20.536707642686054,21.091495218227454,11900
2022-08-19,19.934093475341797,20.708882580468906,19.934093475341797,20.708882580468906,8200
2022-08-22,19.417570114135742,20.747148865740094,19.35061326520464,19.752356183228557,22700
2022-08-23,19.40800666809082,19.800184066486153,19.40800666809082,19.45583246811471,2600
2022-08-24,19.60887336730957,19.790614655702594,19.226261568932387,19.446263124944647,7300
2022-08-25,19.580177307128906,19.580177307128906,19.4462636303259,19.513220468727404,1700
2022-08-26,19.25495719909668,19.541917429404947,19.130609043069033,19.522786382496985,9100
2022-08-29,19.08278465270996,19.408005176298918,19.08278465270996,19.188001769562494,9800
2022-08-30,19.08278465270996,19.369743079670954,19.08278465270996,19.092348352429767,2700
2022-08-31,19.159305572509766,19.159305572509766,18.939302182412206,18.948867705845757,1100
2022-09-01,18.566253662109375,19.082780918898028,18.518427875119386,19.082780918898028,8300
2022-09-02,18.547122955322266,19.121041531838582,18.346252456981826,19.121041531838582,6100
2022-09-06,18.336687088012695,19.19756404777486,18.298424997854127,18.62364546645446,8200
2022-09-07,18.298425674438477,18.52799457500445,18.20277409437909,18.26973093019544,4000
2022-09-08,18.22190284729004,18.22190284729004,18.20277362643209,18.20277362643209,1800
2022-09-09,18.795822143554688,18.814953189570645,18.499298228055203,18.499298228055203,3000
2022-09-12,18.61408233642578,18.661909955271387,18.556691018248166,18.623647860194904,4200
2022-09-13,18.183643341064453,18.556689617719712,18.183643341064453,18.441906990027466,2200
2022-09-14,17.944515228271484,18.365389225473727,17.944515228271484,17.992341031037395,4500
2022-09-15,18.17407989501953,18.327124632391037,17.934947264821904,18.078426478053043,2000
2022-09-16,17.982770919799805,18.298425881096772,17.82016067765064,17.858422769656073,23000
2022-09-19,17.848859786987305,18.107123471470373,17.437551361574393,17.734077143508536,12600
2022-09-20,17.791467666625977,17.791467666625977,17.600160836832426,17.6958142517292,2000
2022-09-21,17.361026763916016,17.647986984674134,17.361026763916016,17.647986984674134,2700
2022-09-22,17.408855438232422,17.50450702653141,17.227114136477564,17.50450702653141,2900
2022-09-23,16.739280700683594,17.217545863560268,16.500148119245257,17.083632201774577,10500
2022-09-26,16.61493492126465,16.98798121748047,16.595803874167153,16.978415693931723,9200
2022-09-27,16.595806121826172,16.643631921610147,16.595806121826172,16.643631921610147,2700
2022-09-28,16.643627166748047,16.643627166748047,16.59580138062726,16.59580138062726,1700
2022-09-29,16.643627166748047,16.643627166748047,16.59580138062726,16.59580138062726,1900
2022-09-30,16.595806121826172,16.710588771082637,16.595806121826172,16.643631921610147,3700
2022-10-03,16.586238861083984,16.595804384927124,16.35667176215998,16.595804384927124,5300
2022-10-04,17.361026763916016,17.925379857859625,16.60536868057065,16.86363050748487,25600
2022-10-05,18.269731521606445,19.140174064270035,17.22711321016333,17.303635571350117,40900
2022-10-06,17.7723388671875,18.250604177740918,17.28450803149053,18.183647326173418,5300
2022-10-07,17.561901092529297,18.07842662937223,17.121896100575423,17.695814782740946,24100
2022-10-10,17.71494483947754,18.078425617319862,17.657551697367886,17.982772204907537,8700
2022-10-11,16.987979888916016,18.145380781242608,16.758412815010832,17.56189848589744,14400
2022-10-12,16.83493423461914,17.21754600313477,16.83493423461914,17.21754600313477,1300
2022-10-13,17.12189483642578,17.217548247130587,16.614934861233323,16.614934861233323,3600
2022-10-14,16.99754524230957,16.99754524230957,16.99754524230957,16.99754524230957,600
2022-10-17,17.542770385742188,18.76713014324448,17.08363616084279,18.76713014324448,7500
2022-10-18,18.202774047851562,18.413210077656046,17.762769118067897,18.269730883496766,6700
2022-10-19,18.61408233642578,18.901042576188082,18.174079189668873,18.22190498407737,9800
2022-10-20,19.2932186126709,20.39322822897574,18.83408444969032,18.83408444969032,4900
2022-10-21,20.010618209838867,20.096706101124504,18.862780875655133,19.063653230134005,13400
2022-10-24,20.02974510192871,20.096701931383492,19.60887125679425,19.60887125679425,5000
2022-10-25,19.895832061767578,20.077573352917295,18.45147272903997,19.63757023421871,5100
2022-10-26,19.867137908935547,20.37409788042282,18.126252779692436,19.704527659256957,11300
2022-10-27,20.02974510192871,20.02974510192871,19.22625949959781,19.22625949959781,5700
2022-10-28,20.498445510864258,20.517576555559668,19.867135631410438,19.867135631410438,6600
2022-10-31,20.00105094909668,21.426281056880022,20.00105094909668,20.087138832906955,19000
2022-11-01,20.57497215270996,20.57497215270996,19.895834519996004,20.182794776914648,5100
2022-11-02,19.895832061767578,20.479316203416303,19.398437628551132,19.398437628551132,7900
2022-11-03,20.268878936767578,20.374096036256763,19.58974142919268,19.647134564663382,5400
2022-11-04,19.637571334838867,20.852363653143087,19.637571334838867,20.421926033479057,2500
2022-11-07,20.18279266357422,20.374097657051212,19.70452744322619,20.010616892339005,4900
2022-11-08,21.09149742126465,21.502805840383083,20.22105478638307,21.474111092171132,4600
2022-11-09,20.890626907348633,21.464545589856776,20.469752963584366,20.469752963584366,11700
2022-11-10,21.655847549438477,21.71324068670779,20.81410160496161,20.8810584406722,6400
2022-11-11,21.38802146911621,21.560197242213675,21.38802146911621,21.560197242213675,2000
2022-11-14,21.1861572265625,21.27266888239507,20.7343641528391,20.7343641528391,900
2022-11-15,21.3399600982666,21.53221088436261,19.08100006907626,19.08100006907626,11000
2022-11-16,21.37841033935547,21.43608539404338,20.897780605556676,21.33996091404917,5400
2022-11-17,21.109254837036133,21.109254837036133,20.993904739634775,20.993904739634775,1200
2022-11-18,21.532209396362305,21.532209396362305,20.26334732867829,20.26334732867829,1700
2022-11-21,21.96477699279785,22.003226414238167,20.98429199440374,21.19576839596734,8200
2022-11-22,21.532209396362305,21.637948513154882,21.205381065782273,21.637948513154882,1400
2022-11-23,21.62833595275879,22.108965640597873,21.003517725259332,21.243832569178874,3600
2022-11-25,21.62833595275879,21.62833595275879,21.62833595275879,21.62833595275879,1200
2022-11-28,21.50337028503418,21.50337028503418,21.23421703429123,21.23421703429123,1600
2022-11-29,21.532209396362305,21.618722885836824,21.339958623551937,21.42647211302646,4300
2022-11-30,22.108964920043945,22.108964920043945,20.570949602393025,20.79203881156386,6300
2022-12-01,22.108964920043945,22.108964920043945,21.17654401606911,22.108964920043945,9900
2022-12-02,22.041677474975586,22.041677474975586,22.041677474975586,22.041677474975586,1800
2022-12-05,21.830198287963867,21.830198287963867,21.282280768645283,21.628334710722978,1900
2022-12-06,21.84942626953125,21.84942626953125,20.724752670007923,20.724752670007923,2100
2022-12-07,21.3399600982666,21.3399600982666,21.3399600982666,21.3399600982666,1000
2022-12-08,21.263057708740234,21.263057708740234,20.792039012025747,20.984291616131934,1200
2022-12-09,21.147706985473633,21.147706985473633,20.8304914540298,20.926617761564227,2100
2022-12-12,20.763200759887695,20.917002097605216,20.75358794709828,20.917002097605216,2300
2022-12-13,20.426761627197266,20.897778498821356,20.426761627197266,20.86894005765618,12500
2022-12-14,20.119157791137695,20.42676047911722,19.81155510315817,20.407534852754342,3900
2022-12-15,20.0518741607666,20.5709533478288,19.55201877066446,20.263350594983493,7800
2022-12-16,19.378990173339844,20.426763110136328,19.378990173339844,19.994195628538925,7800
2022-12-19,19.850008010864258,20.330637753662216,19.330928842040088,19.753881695613273,2600
2022-12-20,19.609689712524414,19.965356466760525,19.609689712524414,19.850004541926566,4600
2022-12-21,19.628917694091797,20.590177127037613,19.465503517152733,19.686592746700626,12100
2022-12-22,19.552019119262695,19.89807313911207,19.225190730173185,19.23480354555312,3600
2022-12-23,19.513565063476562,19.60969137005393,19.340539911785463,19.340539911785463,3100
2022-12-27,19.494338989257812,20.311407915975355,19.398212693921458,19.561626845956283,4400
2022-12-28,18.97525978088379,19.667365868592498,18.89835910447171,18.89835910447171,2100
2022-12-29,19.013713836669922,19.340542217929528,19.013713836669922,19.340542217929528,1300
2022-12-30,18.533079147338867,19.004095963567565,18.504240709565323,19.004095963567565,3600
2023-01-03,19.042551040649414,20.90739506814126,19.01371442776106,19.01371442776106,2000
2023-01-04,18.994483947753906,19.17712372773463,18.850295419750854,18.850295419750854,1300
2023-01-05,18.725332260131836,19.292475440334826,18.629205955554642,19.157899714000816,18600
2023-01-06,18.869522094726562,19.225188896024036,18.504244312423136,18.888747723652237,68400
2023-01-09,20.561338424682617,20.561338424682617,19.032935798898627,19.032935798898627,38300
2023-01-10,21.974390029907227,21.993613824094435,20.272960486007705,20.272960486007705,24000
2023-01-11,22.368507385253906,22.368507385253906,21.734076307871668,21.974391165469694,3900
2023-01-12,22.464632034301758,23.406665766417166,22.13780370545246,22.13780370545246,16400
2023-01-13,22.301219940185547,22.926038215064075,20.984293688924865,22.5319219878273,19100
2023-01-17,22.3973445892334,22.64727226778386,22.25315603753884,22.25315603753884,5700
2023-01-18,21.330347061157227,22.1185794928689,20.9554546402904,21.8686518234433,10500
2023-01-19,21.24383544921875,21.388024008426857,21.099646890010643,21.359185563202434,8500
2023-01-20,21.50337028503418,21.839809556642216,21.23421703429123,21.23421703429123,10600
2023-01-23,20.907390594482422,21.868649932159773,20.590175086387163,21.791749258483854,13900
2023-01-24,21.0323543548584,21.0323543548584,20.907391442612035,20.907391442612035,2300
2023-01-25,21.099641799926758,21.099641799926758,20.301796675760162,20.301796675760162,1500
2023-01-26,21.109254837036133,21.33995869875233,20.878552808776675,21.147706091807745,3100
2023-01-27,20.96506690979004,21.388021557325274,20.96506690979004,21.388021557325274,1400
2023-01-30,20.782426834106445,20.878551297162552,20.782426834106445,20.878551297162552,3000
2023-01-31,20.859329223632812,21.147706303479374,20.724751664041893,21.051579999044932,4600
2023-02-01,21.138093948364258,21.5610485969794,20.580563570694807,21.099644525830225,13700
2023-02-02,21.05158042907715,21.339959348271343,20.87855344425199,21.013131006592,5300
2023-02-03,21.061193466186523,21.38802181132831,20.695915698152252,20.705528512239578,8200
2023-02-06,20.868940353393555,21.282282182001577,20.868940353393555,21.09964421907083,8500
2023-02-07,21.484148025512695,21.484148025512695,21.0419677466987,21.0419677466987,2800
2023-02-08,21.09003257751465,21.09003257751465,19.513565852860573,21.03235569116094,4000
2023-02-09,20.84971809387207,20.955455387179256,20.570951971841975,20.907393147808435,5600
2023-02-10,21.041969299316406,21.09964618784585,20.734366560987137,20.83049287507927,2200
2023-02-13,21.099641799926758,21.099641799926758,21.099641799926758,21.099641799926758,800
2023-02-14,20.86777687072754,21.012691616787883,20.77116642579032,20.77116642579032,3100
2023-02-15,20.51032257080078,21.099644735495374,20.51032257080078,20.94506873208225,5000
2023-02-16,20.771167755126953,20.771167755126953,20.33642164643158,20.433032097551784,8400
2023-02-17,20.568286895751953,20.88710008572284,20.462015218197976,20.693879188841255,6400
2023-02-21,20.278459548950195,20.288120779968388,20.094899844987367,20.094899844987367,2300
2023-02-22,20.09489631652832,20.5006587345876,20.09489631652832,20.19150676705502,1500
2023-02-23,20.23981285095215,20.38472760494765,20.23981285095215,20.307439613303977,3400
2023-02-24,20.28812026977539,20.33642458096022,20.094899339653367,20.33642458096022,1200
2023-02-27,20.15286636352539,20.606933145684614,20.15286636352539,20.539306374159978,1200
2023-02-28,20.09489631652832,20.365405209464864,20.09489631652832,20.172184308411467,2500
2023-03-01,20.28812026977539,20.48134119989741,20.104560570428603,20.33642458096022,7000
2023-03-02,20.384727478027344,20.471676698421494,20.326761945328265,20.45235423995811,1900
2023-03-03,20.462017059326172,20.462017059326172,20.307441064988904,20.307441064988904,3600
2023-03-06,20.336423873901367,20.36540756521937,20.336423873901367,20.36540756521937,900
2023-03-07,20.384727478027344,20.519981001888883,20.384727478027344,20.519981001888883,800
2023-03-08,21.080320358276367,21.080320358276367,20.2687954927763,20.2687954927763,5500
2023-03-09,20.539304733276367,20.70354195501158,20.30744074541921,20.693880725181135,5800
2023-03-10,20.462017059326172,20.59727059369848,20.462017059326172,20.490998906582405,2200
2023-03-13,20.771167755126953,21.08031972455873,20.529642548671987,20.529642548671987,5400
2023-03-14,20.30743980407715,20.77116775829556,20.30743980407715,20.30743980407715,5400
2023-03-15,15.322360038757324,19.66981503746662,15.119478811626527,19.322018121616328,109700
2023-03-16,16.037275314331055,16.665240531019634,14.781343959608277,15.312699639069331,52800
2023-03-17,16.288463592529297,16.42371714405437,16.230496205283035,16.230496205283035,11900
2023-03-20,16.897104263305664,16.897104263305664,16.288461516331644,16.38507013071172,11000
2023-03-21,17.843883514404297,17.90185089694421,17.00337673717971,17.00337673717971,12500
2023-03-22,17.843883514404297,18.558797981508313,17.322189970384084,17.67964628259045,15000
2023-03-23,18.404220581054688,18.72303379002333,17.98879876057948,17.98879876057948,15100
2023-03-24,19.12879753112793,19.12879753112793,17.95981629922947,17.96947752957879,13900
2023-03-27,19.225404739379883,19.379980713435305,19.196422895926343,19.196422895926343,3000
2023-03-28,18.945240020751953,18.945240020751953,18.761680326220763,18.83896832770369,1400
2023-03-29,18.665069580078125,19.03218896356212,18.665069580078125,19.03218896356212,2400
2023-03-30,18.45252799987793,18.742357539733458,18.25930707818006,18.742357539733458,3600
2023-03-31,18.819644927978516,18.819644927978516,18.25930648450289,18.25930648450289,1800
2023-04-03,18.491167068481445,18.723031018620514,17.940489956564793,18.723031018620514,2900
2023-04-04,18.52015495300293,18.52015495300293,18.16269679713064,18.16269679713064,700
2023-04-05,18.355918884277344,18.4911724337634,18.355918884277344,18.45252935220656,2200
2023-04-06,18.45252799987793,18.549138460726866,18.027443077757386,18.037104308111406,3900
2023-04-10,18.935577392578125,19.11913707356061,18.259306047500232,18.674729715817406,11300
2023-04-11,18.713375091552734,19.01286585216286,18.645746481242252,18.887271704277467,6800
2023-04-12,18.529813766479492,18.97421925304923,18.249643648057745,18.97421925304923,3100
2023-04-13,18.529813766479492,18.529813766479492,18.365576555640448,18.365576555640448,900
2023-04-14,18.307613372802734,18.452528143861255,18.307613372802734,18.452528143861255,1800
2023-04-17,17.19659423828125,18.616763654332544,17.19659423828125,18.288289220871096,8500
2023-04-18,16.423715591430664,17.389816508573645,16.249817131514323,17.389816508573645,4400
2023-04-19,16.964731216430664,17.0806641347254,16.42371523066808,16.42371523066808,6200
2023-04-20,16.906766891479492,17.14829213278634,16.67490288094788,16.76185211523365,3500
2023-04-21,17.27388572692871,18.35591969891199,17.01303984744234,18.35591969891199,2200
2023-04-24,16.906766891479492,17.14829213278634,16.906766891479492,17.14829213278634,3900
2023-04-25,16.33676528930664,16.694223415974072,16.327104059646317,16.694223415974072,20700
2023-04-26,16.761852264404297,16.761852264404297,16.50100455922558,16.63625810589986,4000
2023-04-27,16.761852264404297,17.07100428119772,16.713546110098218,16.713546110098218,1100
2023-04-28,17.06134033203125,17.06134033203125,17.06134033203125,17.06134033203125,800
2023-05-01,17.051679611206055,17.37049281757295,16.90676485243767,17.37049281757295,7900
2023-05-02,16.394729614257812,16.945408608096287,16.385068385310714,16.60727296571193,9800
2023-05-03,16.249814987182617,16.636254934506795,16.249814987182617,16.46235834022918,5300
2023-05-04,16.23049545288086,16.327105917787925,16.046937596517925,16.327105917787925,4900
2023-05-05,16.52032470703125,16.964730208253364,16.278799497404158,16.278799497404158,2600
2023-05-08,16.182188034057617,16.42371322859579,16.095238816608596,16.42371322859579,3100
2023-05-09,16.13388442993164,16.423713938834645,16.13388442993164,16.18218873385178,3800
2023-05-10,16.143545150756836,16.327104837667726,15.660494700869085,15.660494700869085,2200
2023-05-11,16.23049545288086,16.28846283743991,16.23049545288086,16.28846283743991,600
2023-05-12,16.06517791748047,16.46388980079158,15.948480896953116,15.948480896953116,4300
2023-05-15,16.288843154907227,16.444437926209012,16.269393344785506,16.269393344785506,1200
2023-05-16,16.288843154907227,16.288843154907227,16.288843154907227,16.288843154907227,600
2023-05-17,16.366641998291016,16.697281380465473,16.113800008696657,16.50278697159715,13100
2023-05-18,16.31801986694336,16.434715032281822,16.269395335688827,16.424990126030913,2500
2023-05-19,16.20132064819336,16.775077055282658,16.20132064819336,16.531959996510444,2300
2023-05-22,16.93067169189453,17.06681665019306,16.49306024759791,16.49306024759791,6000
2023-05-23,16.93067169189453,17.47525337992459,16.775076923885944,17.47525337992459,3800
2023-05-24,16.45416259765625,16.872324235156302,16.395815022955485,16.687554751295266,12000
2023-05-25,16.19159698486328,16.28884418679645,16.14297431131475,16.28884418679645,4800
2023-05-26,16.055448532104492,16.463885207751595,16.055448532104492,16.14297080937428,22600
2023-05-30,16.094350814819336,16.19159802298751,16.045728138153358,16.104075721119774,12400
2023-05-31,15.841507911682129,16.152697439760164,15.802608293254425,15.948478152686517,10900
2023-06-01,15.87067985534668,16.045724418504086,15.763707765675866,15.763707765675866,5500
2023-06-02,15.899855613708496,15.9971028057322,15.734535943718972,15.79288351699883,9400
2023-06-05,16.035999298095703,16.045724202010547,15.753984503908297,15.899854352959423,3100
2023-06-06,16.035999298095703,16.045724202010547,15.851229833385204,15.851229833385204,19100
2023-06-07,16.356914520263672,16.843148611138744,15.880405333786406,15.89013023818421,25900
2023-06-08,16.619482040405273,16.619482040405273,16.376364985226537,16.609757135617812,2000
2023-06-09,16.677831649780273,16.92094873463082,16.493062145939735,16.502787051914094,3400
2023-06-12,16.551410675048828,16.551410675048828,16.551410675048828,16.551410675048828,300
2023-06-13,17.057096481323242,17.16406674312525,16.969574177680347,16.969574177680347,2500
2023-06-14,17.747547149658203,17.990664233900095,17.329385467988363,17.329385467988363,4100
2023-06-15,18.476896286010742,18.661665768224914,17.737820211989998,17.864242120023462,5200
2023-06-16,19.128450393676758,19.128450393676758,17.65029822072687,18.476896597365688,16700
2023-06-20,17.873966217041016,19.0409288980289,17.873966217041016,19.0409288980289,5200
2023-06-21,17.990663528442383,18.078185823724393,17.397457272605656,17.397457272605656,8300
2023-06-22,17.873966217041016,17.873966217041016,17.65029895721642,17.65029895721642,1900
2023-06-23,17.407180786132812,18.28240181412596,17.407180786132812,18.28240181412596,7100
2023-06-26,17.154338836669922,17.504427990017778,17.12516597711489,17.504427990017778,2000
2023-06-27,17.689197540283203,17.796167783794225,17.21268833239319,17.4558053887556,12400
2023-06-28,17.766996383666992,17.766996383666992,17.348834715598322,17.397457388930732,5600
2023-06-29,17.49470329284668,17.7767199707985,17.45580552803302,17.7767199707985,1800
2023-06-30,17.591951370239258,17.591951370239258,17.04736965165873,17.31965958353097,4400
2023-07-03,17.232135772705078,17.232135772705078,16.794526197220566,17.222410868160637,7000
2023-07-05,17.51415252685547,17.51415252685547,17.1737882854554,17.1737882854554,3400
2023-07-06,17.58222770690918,17.58222770690918,17.50443031304465,17.50443031304465,4700
2023-07-07,17.51415252685547,17.7086450542013,17.504427622262792,17.51415252685547,5000
2023-07-10,17.553050994873047,17.553050994873047,17.397456224817308,17.543327944726034,1300
2023-07-11,17.51415252685547,17.796167340699483,17.426630240357284,17.796167340699483,2000
2023-07-12,17.796167373657227,17.893414564928186,17.455804986462716,17.611399750561894,2300
2023-07-13,17.69892120361328,17.942038242922056,17.60167401692261,17.621123825227905,7600
2023-07-14,17.407180786132812,17.95176247057629,17.407180786132812,17.95176247057629,5200
2023-07-17,17.50442886352539,17.737821025792073,17.50442886352539,17.50442886352539,2700
2023-07-18,17.72809410095215,17.72809410095215,17.708644292603278,17.71836919677771,1300
2023-07-19,17.72809410095215,18.07818323188856,17.72809410095215,17.72809410095215,2100
2023-07-20,18.34075355529785,18.34075355529785,17.87396734065735,17.93231677676002,3400
2023-07-21,17.990663528442383,18.651942268423767,17.990663528442383,18.651942268423767,5400
2023-07-24,17.805892944335938,18.204604774109242,17.52387811942027,18.185156818996276,4400
2023-07-25,17.689197540283203,18.428273614205253,17.689197540283203,18.15598184333841,4100
2023-07-26,17.84479331970215,18.0490107683037,17.54332867207489,18.0490107683037,3900
2023-07-27,17.71837043762207,17.71837043762207,17.51415300016472,17.51415300016472,1000
2023-07-28,17.815616607666016,17.815616607666016,17.60167427764618,17.718369419534877,4400
2023-07-31,17.922590255737305,18.0392854077549,17.67947319172532,17.67947319172532,1600
2023-08-01,17.71837043762207,17.893415015348914,17.708645532766585,17.796167821630007,1800
2023-08-02,17.971214294433594,17.971214294433594,17.67947453734866,17.67947453734866,900
2023-08-03,18.253231048583984,18.574145524157704,17.81561955696703,17.844794274686873,10700
2023-08-04,17.98093605041504,18.486619938623637,17.98093605041504,18.486619938623637,1300
2023-08-07,17.903141021728516,18.282403060247518,17.903141021728516,18.136533188112214,1600
2023-08-08,17.971214294433594,17.971214294433594,17.971214294433594,17.971214294433594,700
2023-08-09,18.875606536865234,18.875606536865234,17.87396368026244,18.272677325967077,5000
2023-08-10,18.350479125976562,18.350479125976562,18.33102931323786,18.33102931323786,1200
2023-08-11,18.661664962768555,18.661664962768555,17.942038729479826,17.942038729479826,2300
2023-08-14,18.21175193786621,18.994210960377657,18.21175193786621,18.573638536204207,4500
2023-08-15,17.879209518432617,18.827941482587878,17.879209518432617,18.319342096110304,14100
2023-08-16,18.07482147216797,18.13350730210218,17.673810961932144,17.673810961932144,900
2023-08-17,17.69337272644043,17.859645511847884,17.69337272644043,17.859645511847884,1200
2023-08-18,17.595563888549805,17.64446874358848,17.45863402550045,17.58578291754207,6400
2023-08-21,17.409730911254883,17.65424961430919,17.409730911254883,17.65424961430919,2300
2023-08-22,17.468416213989258,19.170266111828642,17.429292327231533,17.429292327231533,5900
2023-08-23,17.742277145385742,17.742277145385742,17.5173203780775,17.556444267450964,700
2023-08-24,17.58578109741211,17.58578109741211,17.458632218530415,17.458632218530415,3500
2023-08-25,17.624908447265625,17.624908447265625,17.595565531502583,17.61512747534461,1100
2023-08-28,17.810739517211914,17.84986340094209,17.605344724216856,17.722714509877928,2500
2023-08-29,17.624908447265625,17.79118123886359,17.624908447265625,17.624908447265625,9300
2023-08-30,17.497756958007812,17.732494677866708,17.46841590898143,17.527099872563763,14900
2023-08-31,17.69337272644043,17.898767532545747,17.458635005664533,17.703153697997287,11900
2023-09-01,17.849863052368164,18.162846653979773,17.849863052368164,17.888986935334323,8200
2023-09-05,17.800960540771484,18.094382208755736,17.800960540771484,17.918328461753397,9800
2023-09-06,17.65424919128418,18.02591865571752,17.61512716980834,17.859645867003575,8700
2023-09-07,17.9965763092041,18.113946108400047,17.732495660160474,17.89876845412909,4500
2023-09-08,18.143285751342773,18.7594738846355,17.95745289320137,18.534517141287786,24400
2023-09-11,17.85964584350586,18.53451796922508,17.85964584350586,18.192191420496222,17900
2023-09-12,17.937889099121094,18.319337612863414,17.8107383508541,18.094380892734833,10600
2023-09-13,17.820520401000977,18.241092821396467,17.703152481443297,18.182408861617628,12100
2023-09-14,18.35846519470215,18.35846519470215,17.90854979822241,18.35846519470215,11500
2023-09-15,18.172630310058594,18.397587073767223,18.172630310058594,18.231314277650043,5500
2023-09-18,18.38780403137207,18.524735761041786,18.12372527417726,18.260655138317496,6000
2023-09-19,18.094383239746094,18.329120960614386,18.045480247472124,18.329120960614386,5800
2023-09-20,18.006357192993164,18.387805773833115,18.006357192993164,18.123726991613736,4600
2023-09-21,17.898767471313477,18.201971991950114,17.849864479226056,18.201971991950114,3900
2023-09-22,17.888988494873047,18.153067265799002,17.85964558009035,18.153067265799002,2500
2023-09-25,17.752056121826172,18.319339395252406,17.654248274918988,17.654248274918988,3800
2023-09-26,17.624908447265625,17.849865204860034,17.556443509348167,17.849865204860034,6000
2023-09-27,17.742277145385742,18.05526079825455,17.742277145385742,18.05526079825455,700
2023-09-28,17.605344772338867,17.732493663750574,17.56622088850175,17.615125743298144,3400
2023-09-29,17.752056121826172,17.86942591122069,17.507537437322974,17.800960978044518,2400
2023-10-02,17.58578109741211,17.61512400739832,17.390167294091867,17.605343037402918,12600
2023-10-03,17.605344772338867,17.78139851854697,17.4586339390086,17.703152616402196,11900
2023-10-04,17.439071655273438,17.605344427263212,17.311922766353927,17.4781955383437,7300
2023-10-05,17.292362213134766,17.654248832941626,17.292362213134766,17.654248832941626,8600
2023-10-06,17.458635330200195,17.898767865262958,17.174992746367423,17.898767865262958,8900
2023-10-09,17.321704864501953,17.83030423911657,17.174994008698054,17.45863661337804,5200
2023-10-10,17.36082649230957,17.6542481656861,17.1749917708887,17.546661213730438,6400
2023-10-11,17.507537841796875,17.566221805085146,17.223897131295608,17.556442699145066,5200
2023-10-12,17.41950798034668,17.468412829318055,17.17498933207752,17.468412829318055,2900
2023-10-13,17.126089096069336,17.14565103879609,17.126089096069336,17.14565103879609,3100
2023-10-16,16.9695987701416,17.448855215704405,16.9695987701416,17.22389845125181,15700
2023-10-17,16.85222625732422,17.21411470908397,16.783761328336283,16.950034098248157,13800
2023-10-18,16.793542861938477,17.21411528613935,16.754418978045624,16.871788764194722,8000
2023-10-19,16.578367233276367,16.871788902764834,16.07954890272239,16.871788902764834,8100
2023-10-20,16.15779685974121,16.81310707940171,16.15779685974121,16.81310707940171,7500
2023-10-23,16.38275146484375,16.773980977465467,16.148013757270718,16.148013757270718,1400
2023-10-24,16.099109649658203,17.03806238907184,16.020863743501195,16.500122017433615,7800
2023-10-25,16.15779685974121,16.20669985569644,16.128453942850246,16.128453942850246,1700
2023-10-26,16.21647834777832,16.50990000969199,16.19691640617623,16.19691640617623,2100
2023-10-27,15.77634334564209,16.00130193382811,15.74700229996561,16.00130193382811,7500
2023-10-30,16.12845230102539,16.12845230102539,16.001303405167324,16.001303405167324,1600
2023-10-31,15.903494834899902,16.881569534225633,15.795906021004651,16.138232538874544,3100
2023-11-01,15.903494834899902,16.284943370667516,15.756784003106931,15.883932893186323,8900
2023-11-02,17.05762481689453,17.05762481689453,16.1088910790502,16.1088910790502,3700
2023-11-03,17.321704864501953,17.957455015535096,17.116310039482443,17.116310039482443,7400
2023-11-06,17.243457794189453,17.243457794189453,17.165211885305148,17.165211885305148,2100
2023-11-07,17.2141170501709,17.47819769692117,17.2141170501709,17.47819769692117,2300
2023-11-08,17.439071655273438,18.182408643843637,17.116307082061454,17.116307082061454,10600
2023-11-09,17.849863052368164,17.898766040546445,17.566220497451756,17.859644023109706,11100
2023-11-10,17.888988494873047,18.378025881407186,17.507538064816302,18.094383301763187,12900
2023-11-13,18.319339752197266,18.319339752197266,17.810740430793683,17.810740430793683,6100
2023-11-14,18.69320297241211,18.791588626524334,18.348854121294465,18.348854121294465,10500
2023-11-15,18.53578758239746,18.860458943251064,18.466918184117965,18.860458943251064,4800
2023-11-16,18.034021377563477,18.496431508482964,17.53225623471029,18.25046831354808,10500
2023-11-17,17.90612030029297,18.801426127652604,17.86676529064852,18.152083480920343,44500
2023-11-20,18.57513999938965,18.69320316082435,17.896282919928552,18.102891106751418,3500
2023-11-21,18.053699493408203,18.506270886632723,18.053699493408203,18.36853209331227,5000
2023-11-22,18.358692169189453,18.683363501703727,18.201275879276483,18.29966152960964,14200
2023-11-24,18.417724609375,19.116261106137532,18.417724609375,19.116261106137532,1600
2023-11-27,18.22095489501953,18.53578750094249,17.955314180065653,18.29966304650027,19700
2023-11-28,18.18160057067871,18.39804940287397,18.004506753991837,18.06353927725441,3400
2023-11-29,18.043859481811523,18.18159826552682,17.955312584694493,18.053698234441214,12000
2023-11-30,17.8569278717041,18.250468614785543,17.71918908076317,17.748705340200633,13400
2023-12-01,17.896284103393555,17.896284103393555,17.719190287805592,17.719190287805592,8800
2023-12-04,17.778221130371094,17.87660679306701,17.71919048337372,17.73886799122299,5100
2023-12-05,17.90612030029297,18.427561042230913,17.70934900517101,17.729026509993236,9700
2023-12-06,18.14224624633789,18.929327739574767,17.965152441222017,18.191438135958833,18500
2023-12-07,18.57513999938965,18.57513999938965,18.181599255524457,18.260307404297496,2800
2023-12-08,18.594818115234375,18.97852199506175,18.30950177028617,18.35869366117541,16300
2023-12-11,19.027713775634766,19.047391282496516,18.644011774582314,18.712881172048103,2500
2023-12-12,19.9820499420166,20.454300714545216,19.037552150059973,19.037552150059973,6500
2023-12-13,25.61952781677246,25.61952781677246,20.129627390420968,20.13946614360855,62700
2023-12-14,22.569583892822266,23.514081685743886,21.802178028660723,23.514081685743886,15000
2023-12-15,22.431842803955078,22.60893660594977,21.261059337968444,22.60893660594977,10100
2023-12-18,20.719940185546875,21.743148034981466,20.710101432008038,21.664439883221142,8100
2023-12-19,21.388959884643555,21.762825003668826,20.660909029734196,20.660909029734196,9300
2023-12-20,20.631391525268555,21.18235041727468,20.326397697709943,20.857679084312235,14700
2023-12-21,20.611717224121094,20.621554100906454,20.45430092385084,20.621554100906454,3900
2023-12-22,21.064289093017578,21.064289093017578,20.414946370630002,20.414946370630002,13000
2023-12-26,21.89072608947754,22.08749741168851,21.18235270730877,21.18235270730877,5000
2023-12-27,21.743148803710938,22.392491547828737,21.251222368679244,21.831695712140675,12600
2023-12-28,21.693954467773438,21.79234012752067,21.54637691642777,21.66444008343453,7700
2023-12-29,21.644763946533203,21.644763946533203,21.152837493202902,21.644763946533203,3000
2024-01-02,21.40863609313965,21.40863609313965,20.168981401334985,20.168981401334985,900
2024-01-03,22.11701202392578,22.11701202392578,20.857681553783653,21.408638634470837,10000
2024-01-04,22.658132553100586,22.658132553100586,22.0383041864333,22.077659202466346,3100
2024-01-05,21.84153175354004,22.530227551125417,21.84153175354004,22.32361937481486,9400
2024-01-08,22.254751205444336,22.431843133490325,21.18235150121152,21.664439148973475,7600
2024-01-09,22.235074996948242,22.48103821178937,21.841534228512515,22.11701182814232,3300
2024-01-10,22.185880661010742,22.38265197847462,22.136688769919953,22.24491318218012,9100
2024-01-11,23.02215576171875,23.04183326861821,21.72347033116005,21.89072538670475,7100
2024-01-12,24.104393005371094,24.104393005371094,23.02215457675867,23.24844026480438,6500
2024-01-16,24.448741912841797,24.586480701289556,23.31731159325601,24.074876806268946,8500
2024-01-17,23.956815719604492,24.566803396188604,23.84859131262494,24.566803396188604,6900
2024-01-18,23.956815719604492,23.956815719604492,23.956815719604492,23.956815719604492,1400
2024-01-19,24.261810302734375,24.419226603237167,23.917461441678142,24.05520211203083,5700
2024-01-22,24.429065704345703,24.59632076057966,22.825386416438064,24.045363700976775,4400
2024-01-23,24.00600814819336,24.704544617921137,23.868269355521818,24.261810103547877,9300
2024-01-24,24.448741912841797,24.675027601448903,24.22245622423469,24.39954814800313,5100
2024-01-25,24.82260513305664,24.84228263898433,24.497933791450734,24.547127556269963,4700
2024-01-26,24.59632110595703,24.59632110595703,24.251972235163556,24.251972235163556,4200
2024-01-29,24.517614364624023,24.66519192444371,23.799402197364508,23.799402197364508,4000
2024-01-30,24.114233016967773,24.153586154244877,23.89778607056784,24.124071770424635,5000
2024-01-31,24.19293975830078,24.19293975830078,23.69117462054175,23.907621554328884,5100
2024-02-01,23.760046005249023,23.956817326308595,23.612468452729544,23.70101535955131,7400
2024-02-02,23.661659240722656,24.56680389757408,23.435373545647376,23.878108059099276,9700
2024-02-05,23.789560317993164,23.986329746386804,23.612466518853722,23.76004405928651,5900
2024-02-06,23.937137603759766,23.9666538621524,23.6124662676417,23.86826821072718,3400
2024-02-07,23.907621383666992,23.907621383666992,23.41569500230306,23.41569500230306,700
2024-02-08,23.907621383666992,23.907621383666992,23.612466305468722,23.651821316721943,2800
2024-02-09,23.996170043945312,24.00600879748086,23.97649441342458,23.996170043945312,3600
2024-02-12,23.622304916381836,23.622304916381836,22.805707203285056,22.805707203285056,3000
2024-02-13,23.317312240600586,23.317312240600586,23.317312240600586,23.317312240600586,1100
2024-02-14,23.920259475708008,24.117946433135852,23.87083632237565,23.87083632237565,2800
2024-02-15,24.572629928588867,24.711010986818888,23.613841495707963,23.613841495707963,4500
2024-02-16,24.374942779541016,24.493556470048315,24.276098351668374,24.276098351668374,2600
2024-02-20,23.880722045898438,24.69124294463579,22.36840742012956,23.27777274475453,11200
2024-02-21,24.09817886352539,24.41448141115573,23.781878201195706,23.781878201195706,5300
2024-02-22,24.315637588500977,24.315637588500977,23.95979839186659,23.95979839186659,3500
2024-02-23,24.276098251342773,24.276098251342773,24.276098251342773,24.276098251342773,1400
2024-02-26,24.2167911529541,24.2167911529541,23.732455556131086,23.870836616566073,3000
2024-02-27,23.949913024902344,24.187138520274598,23.949913024902344,24.187138520274598,1100
2024-02-28,24.127832412719727,24.463902332966345,23.771993230034923,23.771993230034923,4200
2024-02-29,24.661592483520508,24.70112912517519,23.74234247011519,24.216793481775763,3700
2024-03-01,24.00922203063965,24.315638075376498,23.959798871617096,24.315638075376498,1500
2024-03-04,23.8411865234375,24.18713920229755,23.771994102364786,23.771994102364786,1600
2024-03-05,24.869165420532227,24.95812522562585,22.991128651901736,24.078413692256493,9100
2024-03-06,23.40627098083496,24.85927781472829,22.694592625213243,23.83130069093113,12800
2024-03-07,23.90049171447754,24.078411307040003,23.376617568077013,23.376617568077013,6600
2024-03-08,23.99933624267578,23.99933624267578,23.722572221384723,23.86095328937993,2400
2024-03-11,23.94002914428711,24.20690854193718,23.72257290470226,24.16737190078571,2000
2024-03-12,24.760433197021484,24.879046883804723,23.416155430181465,23.416155430181465,7500
2024-03-13,25.274423599243164,25.50176446461242,22.971357280870418,24.365058252465474,11500
2024-03-14,25.73899269104004,25.995985573618448,25.14592798711133,25.40292275499046,16900
2024-03-15,28.190322875976562,28.190322875976562,26.144251388821917,26.144251388821917,24200
2024-03-18,27.72575569152832,30.157320338775772,27.72575569152832,28.26939910595673,21900
2024-03-19,28.210092544555664,28.654889634742673,27.676333773970505,27.676333773970505,13500
2024-03-20,30.14743423461914,30.14743423461914,27.874021915309072,28.219974570416703,25800
2024-03-21,30.760269165039062,30.760269165039062,29.50494927856647,29.841019199122922,16200
2024-03-22,30.730615615844727,30.730615615844727,29.49506497797802,30.64165581909427,18500
2024-03-25,31.97604751586914,33.29067514344133,30.256163219308384,30.730614189759667,36900
2024-03-26,33.083106994628906,33.16218027930132,31.600444258355488,32.36154583296106,15300
2024-03-27,33.80466842651367,35.36640257464243,30.938189250146127,33.16218054438253,30500
2024-03-28,33.69593811035156,33.70582085667254,32.539460719523035,33.69593811035156,12700
2024-04-01,32.549346923828125,33.8540881205486,31.23472109558089,33.70582053294798,32900
2024-04-02,32.3022346496582,33.80466460668895,31.551019671142832,32.618535296338244,23200
2024-04-03,31.491716384887695,32.48015693044926,30.88876704879891,32.16385625751768,26200
2024-04-04,31.13587760925293,31.63009788876488,30.641657329740976,31.63009788876488,21500
2024-04-05,31.788246154785156,31.788246154785156,30.364891314709524,30.997494513243485,21500
2024-04-08,32.707496643066406,33.06333583014041,31.67951760720846,32.07489531964654,77300
2024-04-09,31.62021255493164,33.28079107357232,31.48183148303676,33.06333671942382,37500
2024-04-10,32.351654052734375,32.351654052734375,30.40442713060976,31.412636797726254,33800
2024-04-11,32.3022346496582,33.083103520787546,31.72893737092493,32.47026771856898,35500
2024-04-12,31.79813003540039,32.25281554478865,31.10622279568549,31.96616688618769,14200
2024-04-15,31.5609073638916,31.99581985261935,30.750386406816272,31.827786767406867,31500
2024-04-16,30.977725982666016,32.262697901851254,30.671309949992736,31.758594896772916,33100
2024-04-17,29.040382385253906,30.878882402420196,28.457204198126625,30.839345760972915,27800
2024-04-18,29.05026626586914,29.554371157068623,28.743850232697145,29.02061425687549,23200
2024-04-19,29.257841110229492,29.584026421369686,28.160671479439397,29.129342780970795,26500
2024-04-22,30.710847854614258,30.977727257913305,29.406106618886568,29.69275528583016,37500
2024-04-23,31.63998031616211,31.81789991663999,30.434085410324908,31.09633876830256,51200
2024-04-24,31.630096435546875,31.798129512972082,31.333565035583888,31.630096435546875,19100
2024-04-25,31.748706817626953,31.748706817626953,31.333563630416315,31.66963354079685,13400
2024-04-26,31.936513900756836,32.17373750913352,30.443966634765033,31.659747996849013,14700
2024-04-29,31.1556453704834,31.639979109512193,31.0172624168888,31.610327100763865,17300
2024-04-30,31.42252540588379,31.551021845465108,30.898651245404608,31.04691694809096,26400
2024-05-01,31.610328674316406,32.07489694437326,31.471947599133895,31.491716862817327,14500
2024-05-02,30.602115631103516,32.05512430888418,30.424197932569655,32.05512430888418,14800
2024-05-03,30.730615615844727,32.07489531313991,30.236395360698044,31.046916277490496,18800
2024-05-06,31.165529251098633,31.34344695520477,30.4835047868063,30.4835047868063,60400
2024-05-07,27.735641479492188,31.610328535264713,27.686220205801764,31.610328535264713,39100
2024-05-08,28.832809448242188,28.961305883655672,27.56760493006798,27.735639890409082,38800
2024-05-09,28.81304168701172,29.327031226047097,28.09148053719324,29.010730551348626,20500
2024-05-10,28.595584869384766,29.297376741595393,28.30893621039122,28.81304110754143,13200
2024-05-13,27.923444747924805,28.388011114580266,27.775179046677373,28.308935948228257,17800
2024-05-14,27.943288803100586,28.002826530868504,27.744827186980544,27.893674345405696,9700
2024-05-15,28.46921157836914,28.965363740244733,27.615829254288627,28.965363740244733,23000
2024-05-16,28.766902923583984,28.876057007906226,28.52875010633847,28.52875010633847,14100
2024-05-17,29.4019775390625,29.888208344072453,28.43944298516625,28.43944298516625,14400
2024-05-20,27.62575340270996,29.421823755838638,27.397523855233956,29.421823755838638,31000
2024-05-21,28.270750045776367,28.340211045830927,27.556291611781912,27.814290963891928,11900
2024-05-22,28.83636474609375,29.173748386628308,28.062368541184213,28.062368541184213,18100
2024-05-23,28.092134475708008,29.163823054402755,27.82421375053702,29.163823054402755,11300
2024-05-24,28.022674560546875,28.53867327575047,27.556292198345748,28.53867327575047,13200
2024-05-28,27.268522262573242,28.19136558310926,26.990678264249475,27.744827881988513,28000
2024-05-29,28.568443298339844,28.58828794701691,27.30821631283394,27.784521949149912,15100
2024-05-30,27.63567543029785,28.102057774944775,27.33798300149895,27.93336596642648,11300
2024-05-31,26.871601104736328,27.913519891223054,26.77237029348276,27.615829350132646,7900
2024-06-03,27.77459716796875,29.014977544669765,26.931138133278008,27.149446290886345,21800
2024-06-04,27.705137252807617,28.201289422884635,27.18913854168664,27.367753625741617,14000
2024-06-05,27.556291580200195,28.03259720231728,27.496751957932837,28.03259720231728,30000
2024-06-06,28.022674560546875,28.052444372348354,27.357830571676566,27.546368927745252,24600
2024-06-07,27.52652359008789,28.002829243715052,27.52652359008789,27.844060692505998,14700
2024-06-10,27.63567543029785,27.89367477818879,27.169291192980655,27.35782954195293,14800
2024-06-11,27.427291870117188,27.665444689096063,27.030370505152394,27.32806294837876,21300
2024-06-12,26.792217254638672,27.87382913966549,26.70290971237625,27.586059971782056,14600
2024-06-13,26.524295806884766,27.22883290575349,26.425064989663344,27.22883290575349,10900
2024-06-14,26.286142349243164,26.425064354411255,26.157143614825706,26.315912161495056,12400
2024-06-17,25.214454650878906,26.22660559305127,25.194608108639347,26.008297413756974,16300
2024-06-18,23.904611587524414,25.115222195164975,23.67638204465838,25.115222195164975,48100
2024-06-20,25.37322235107422,25.720529257917466,24.05345761920618,24.05345761920618,28600
2024-06-21,25.65106773376465,25.660991004349395,24.20230240378742,25.105299207625624,47700
2024-06-24,24.07330322265625,25.452605632821818,24.07330322265625,25.353374821494945,22700
2024-06-25,23.448150634765625,24.867146138548566,23.41838271598465,24.053456885583046,28500
2024-06-26,24.668685913085938,24.668685913085938,22.97184454773457,23.368765895788307,59200
2024-06-27,24.67860984802246,26.077758820513097,24.341226219922703,24.75799411977121,47700
2024-06-28,25.273990631103516,26.663218208743913,24.619069924008038,24.619069924008038,679000
2024-07-01,26.454833984375,26.812064158254717,24.75799444378706,25.115222724996418,50300
2024-07-02,26.395296096801758,27.86390608102088,26.157143279847602,26.157143279847602,38900
2024-07-03,26.742603302001953,27.308216485282756,26.305988852953288,26.7227567605292,18400
2024-07-05,25.512144088745117,27.427291798987692,25.46252962800457,26.5838346103763,50100
2024-07-08,26.454833984375,26.454833984375,24.976300720785577,25.839606343438106,38200
2024-07-09,25.83960723876953,26.68306445661263,25.83960723876953,26.057913523332267,13800
2024-07-10,25.99837303161621,26.14721829587538,24.91676120923857,25.859449144660125,10400
2024-07-11,27.397523880004883,27.844059704687265,25.899144075040578,26.305988709664025,20800
2024-07-12,28.75697898864746,29.034824882017354,27.248675954931425,27.248675954931425,15900
2024-07-15,28.449365615844727,28.965364328923126,28.131828528618122,28.76690270307133,23300
2024-07-16,30.265281677246094,30.513357756567782,28.52874912199427,28.826439660112182,26400
2024-07-17,29.620285034179688,30.06682085318521,29.312671217619837,29.42182340839701,18100
2024-07-18,28.637903213500977,30.26528168881905,28.637903213500977,29.560746531757786,18200
2024-07-19,27.238754272460938,28.80659501840515,27.169291380392853,28.737132126337066,9300
2024-07-22,28.876056671142578,28.876056671142578,26.673139825139724,27.109754264666375,12700
2024-07-23,29.709592819213867,29.769130550366903,28.62798092447024,28.62798092447024,22100
2024-07-24,28.97528839111328,30.49351286747852,28.47913620559881,28.885980846307046,37600
2024-07-25,28.60813331604004,29.570667819902273,28.60813331604004,29.203516283372156,25500
2024-07-26,29.41189956665039,29.41189956665039,28.191365702000066,29.153900215211493,15500
2024-07-29,27.834136962890625,29.302748876383905,27.82421558469014,29.302748876383905,12300
2024-07-30,28.012752532958984,28.032599075040622,27.328063865176272,27.784522977031415,17200
2024-07-31,29.21343994140625,29.332515400851065,27.635675908735184,28.082211720658695,9400
2024-08-01,28.54859733581543,29.401977811682915,27.576139502119478,29.401977811682915,30500
2024-08-02,27.457059860229492,28.20128807990394,27.16929070680699,27.78452020117944,20600
2024-08-05,26.425064086914062,26.643372255877296,26.02814272425866,26.415142708934233,14200
2024-08-06,27.38759994506836,27.685290487636475,26.157142800358994,26.305988071643053,14900
2024-08-07,26.921215057373047,28.77682494708039,26.63344779209078,28.77682494708039,40800
2024-08-08,27.288368225097656,27.754750564310765,26.921214801657797,27.437213491427777,16000
2024-08-09,27.218908309936523,27.576138477477986,26.573910868396908,27.18913849841796,35700
2024-08-12,28.627979278564453,30.761433133481546,27.76467370946281,27.76467370946281,77500
2024-08-13,29.044748306274414,29.33251557890477,28.64782695126514,29.33251557890477,46700
2024-08-14,28.588287353515625,29.07451625041105,28.379904351704866,28.915747708268476,12700
2024-08-15,28.67793846130371,29.245719484273902,28.448832271395577,29.136147041271077,37400
2024-08-16,29.215835571289062,29.215835571289062,28.00058499410643,28.468754877955803,47400
2024-08-19,30.162137985229492,30.5506193306054,29.80353865108286,29.80353865108286,15400
2024-08-20,28.93692398071289,30.371319405173065,28.807430833330617,30.371319405173065,24300
2024-08-21,29.684005737304688,29.684005737304688,28.658016124659277,28.936925036869926,29700
2024-08-22,29.434978485107422,30.132254557143327,29.086342349013915,29.67404597832075,50300
2024-08-23,30.968984603881836,31.088516448712408,29.126185213411503,29.126185213411503,100200
2024-08-26,30.251787185668945,31.09847708480244,29.883226555517503,31.09847708480244,36100
2024-08-27,30.032642364501953,30.58050265899946,29.484783969928827,29.763692869017234,26600
2024-08-28,30.12229347229004,30.12229347229004,29.474823914934237,29.823461953487197,38000
2024-08-29,29.833423614501953,30.08245051645965,29.713889865595487,30.042605300182668,27300
2024-08-30,29.992799758911133,30.00276106267454,29.156069242028913,30.00276106267454,17300
2024-09-03,29.71388816833496,29.84338131398953,29.046496033212865,29.84338131398953,29000
2024-09-04,29.90315055847168,29.90315055847168,29.405096759296303,29.484785291167384,33300
2024-09-05,29.982837677001953,31.22797211624685,29.773654103248134,29.86330393486772,20000
2024-09-06,29.644161224365234,30.640268784727272,29.18595075863801,29.68400453881903,33100
2024-09-09,29.45490074157715,30.1422155015384,29.44493943781836,29.883227303583084,25700
2024-09-10,29.44493865966797,29.484783873650137,28.60820816528622,29.34532752463693,14600
2024-09-11,29.28556251525879,29.405096261002043,28.568365740572556,29.325407730481352,12700
2024-09-12,30.490854263305664,30.500815567302915,29.494746662674174,29.584396498724967,24300
2024-09-13,31.337543487548828,31.506881851782207,30.48089226253683,30.560580792768747,16200
2024-09-16,31.407272338867188,31.865480908706562,30.899257250616312,31.068595613366604,13200
2024-09-17,30.2418270111084,31.76587040638181,30.2418270111084,30.381281465597613,38600
2024-09-18,30.879335403442383,31.048673770361464,29.614278303513036,29.972877645206257,75700
2024-09-19,31.666261672973633,32.57271944147414,31.12836265434284,31.53676662037386,47200
2024-09-20,31.77583122253418,32.05474202715604,30.769762345059103,31.128361679583723,89200
2024-09-23,31.237934112548828,31.83559713670189,30.949062004273685,31.775831214271467,33900
2024-09-24,31.88540267944336,32.184238000028955,30.570542848247424,31.128362573587253,63600
2024-09-25,32.473106384277344,33.399486760379425,31.885402745673325,32.024861002165785,49300
2024-09-26,32.682289123535156,33.40944715769597,32.19419476643751,32.85162557813418,30800
2024-09-27,32.65240478515625,33.52898050686178,32.532872941239205,33.170381175261845,39400
2024-09-30,32.323692321777344,32.57271922132902,31.457077875370747,32.20416047395024,23000
2024-10-01,32.12446975708008,32.473105893418904,31.37738906505496,32.06470193377246,30500
2024-10-02,32.303768157958984,32.871549157602395,31.925246224913792,31.925246224913792,20900
2024-10-03,31.367427825927734,32.55279639170027,31.337543914212233,31.994974772557633,16900
2024-10-04,31.59653091430664,31.92524633097777,31.128361048115757,31.835596499165245,17600
2024-10-07,30.60042381286621,31.55668806635312,30.14221524343195,31.55668806635312,28100
2024-10-08,31.27777671813965,31.427192470789127,30.331475684743374,30.331475684743374,13600
2024-10-09,31.915287017822266,31.97505103930081,31.467037857489327,31.656298825177057,6000
2024-10-10,32.014896392822266,32.2440006758007,31.367426858354168,31.486960601604526,22400
2024-10-11,32.61256408691406,32.82174576832681,32.2539647474357,32.2539647474357,9200
2024-10-14,32.17427444458008,32.52291438150467,31.835597711485597,32.52291438150467,14000
2024-10-15,31.78579330444336,32.612564434821586,31.78579330444336,32.21411987562865,21100
2024-10-16,32.67232894897461,32.67232894897461,31.835598401995487,32.2240797631199,21900
2024-10-17,34.22625732421875,34.22625732421875,32.79185996590714,32.801823169700356,28200
2024-10-18,33.27995300292969,34.22625593282393,33.27995300292969,34.22625593282393,10200
2024-10-21,32.71217346191406,33.269995081185954,32.71217346191406,33.110618018515254,14300
2024-10-22,32.752017974853516,33.22018594898919,32.2639235934815,32.4432232601203,28600
2024-10-23,32.22407913208008,32.283846955639945,31.795754462781122,32.18423771622241,11200
2024-10-24,32.134429931640625,32.62252433406864,32.074665906748734,32.62252433406864,14800
2024-10-25,31.028751373291016,32.26392456982856,30.859413005221583,32.26392456982856,12700
2024-10-28,31.875442504882812,31.875442504882812,31.118400517400914,31.37738871574402,13800
2024-10-29,31.516843795776367,31.8156772151598,30.919180756858438,31.8156772151598,11000
2024-10-30,31.247896194458008,31.68618216976187,31.088517230800417,31.676220865787993,16300
2024-10-31,31.018789291381836,32.45318663192591,30.85941223130459,30.988907280070116,12000
2024-11-01,30.700035095214844,31.646338049514352,30.301592446008257,30.978945899621664,8800
2024-11-04,30.371320724487305,30.96898566896833,29.9230734410699,30.57054300595581,15000
2024-11-05,31.39731216430664,31.39731216430664,30.411165863387634,30.411165863387634,15200
2024-11-06,30.490854263305664,34.893648034169345,30.092409703113493,33.86765842147057,52200
2024-11-07,28.827354431152344,31.297700819329084,28.747665899273237,30.490854196562584,29100
2024-11-08,29.195913314819336,29.604317280095497,28.12011717947063,28.926965705925515,17900
2024-11-11,27.143932342529297,29.166031472569433,26.95467136485941,29.13614756032961,29500
2024-11-12,26.655839920043945,27.13397111773118,26.47654024593011,27.13397111773118,19900
2024-11-13,26.954669952392578,27.323230584339257,26.446654870483343,26.446654870483343,9600
2024-11-14,28.149999618530273,28.60820818001484,27.09412614647613,27.333191730719083,11300
2024-11-15,27.5,28.5,27.5,28.5,9600
2024-11-18,27.5,27.979999542236328,26.989999771118164,27.670000076293945,21200
2024-11-19,27.350000381469727,27.780000686645508,26.75,26.75,14900
2024-11-20,28.209999084472656,28.440000534057617,26.920000076293945,27.0,12000
2024-11-21,28.190000534057617,28.829999923706055,28.110000610351562,28.81999969482422,13200
2024-11-22,28.540000915527344,28.940000534057617,28.0,28.0,11000
2024-11-25,28.1200008392334,29.190000534057617,28.110000610351562,28.799999237060547,16000
2024-11-26,28.43000030517578,28.850000381469727,27.969999313354492,27.969999313354492,13000
2024-11-27,28.510000228881836,28.639999389648438,28.270000457763672,28.540000915527344,8600
2024-11-29,28.719999313354492,29.06999969482422,28.469999313354492,28.520000457763672,8200
2024-12-02,29.729999542236328,30.0,28.280000686645508,28.280000686645508,24300
2024-12-03,29.6200008392334,30.200000762939453,29.31999969482422,30.0,23600
2024-12-04,29.239999771118164,29.84000015258789,28.809999465942383,29.84000015258789,12600
2024-12-05,29.200000762939453,29.260000228881836,28.770000457763672,29.229999542236328,10200
2024-12-06,29.920000076293945,30.15999984741211,29.0,29.040000915527344,14200
2024-12-09,29.399999618530273,29.920000076293945,29.3700008392334,29.920000076293945,13700
2024-12-10,30.3700008392334,31.670000076293945,29.280000686645508,29.280000686645508,30200
2024-12-11,28.969999313354492,30.399999618530273,28.920000076293945,30.049999237060547,29100
2024-12-12,28.93000030517578,28.979999542236328,28.600000381469727,28.760000228881836,4600
2024-12-13,28.989999771118164,29.049999237060547,28.209999084472656,28.399999618530273,10300
2024-12-16,28.719999313354492,29.549999237060547,28.649999618530273,28.709999084472656,16500
2024-12-17,30.239999771118164,30.450000762939453,28.739999771118164,28.739999771118164,23800
2024-12-18,29.139999389648438,30.719999313354492,29.139999389648438,30.309999465942383,26900
2024-12-19,27.989999771118164,30.030000686645508,27.989999771118164,29.5,17100
2024-12-20,27.59000015258789,27.770000457763672,27.549999237060547,27.549999237060547,19200
2024-12-23,27.040000915527344,27.149999618530273,26.34000015258789,27.149999618530273,9800
2024-12-24,27.40999984741211,27.40999984741211,26.75,26.75,2700
2024-12-26,27.040000915527344,27.780000686645508,26.8799991607666,27.68000030517578,7700
2024-12-27,26.56999969482422,27.0,26.459999084472656,27.0,8600
2024-12-30,26.350000381469727,26.760000228881836,26.260000228881836,26.75,8600
2024-12-31,26.540000915527344,27.079999923706055,26.049999237060547,26.260000228881836,7300
2025-01-02,26.6200008392334,26.860000610351562,26.43000030517578,26.43000030517578,5700
2025-01-03,26.790000915527344,26.899999618530273,26.780000686645508,26.899999618530273,3800
2025-01-06,26.059999465942383,26.799999237060547,26.049999237060547,26.540000915527344,11200
2025-01-07,26.0,26.34000015258789,25.979999542236328,26.170000076293945,10100
2025-01-08,25.770000457763672,26.09000015258789,25.65999984741211,25.68000030517578,11600
2025-01-10,25.520000457763672,25.940000534057617,25.459999084472656,25.459999084472656,14800
2025-01-13,26.56999969482422,26.56999969482422,25.309999465942383,25.309999465942383,7800
2025-01-14,26.65999984741211,27.59000015258789,26.170000076293945,26.5,9500
2025-01-15,27.8799991607666,27.8799991607666,26.889999389648438,27.209999084472656,6100
2025-01-16,28.299999237060547,29.389999389648438,27.3700008392334,27.479999542236328,24900
2025-01-17,27.700000762939453,28.600000381469727,27.6200008392334,28.5,10900
2025-01-21,28.149999618530273,28.489999771118164,27.770000457763672,27.770000457763672,12500
2025-01-22,27.6200008392334,28.489999771118164,27.6200008392334,28.489999771118164,10300
2025-01-23,28.309999465942383,28.549999237060547,27.389999389648438,27.389999389648438,14100
2025-01-24,27.290000915527344,28.600000381469727,27.290000915527344,28.600000381469727,9600
2025-01-27,27.700000762939453,28.55660057067871,27.700000762939453,28.290000915527344,12628
