Price,Close,High,Low,Open,Volume
Ticker,FBIZ,FBIZ,FBIZ,FBIZ,FBIZ
Date,,,,,
2020-01-28,23.08559799194336,23.29388890001613,22.599585873106896,23.08559799194336,8500
2020-01-29,22.521472930908203,23.189738865403942,22.521472930908203,22.912017699585135,9400
2020-01-30,22.885986328125,22.885986328125,22.026784046853077,22.564870140085603,16000
2020-01-31,21.99081039428711,23.082490801741613,21.807407219633255,23.00388967914312,18900
2020-02-03,22.04320526123047,22.55847842230768,21.755001769930647,21.94713687553996,13700
2020-02-04,22.121807098388672,22.506078988121327,21.999539451289454,21.999539451289454,11000
2020-02-05,22.471141815185547,22.724412387097193,22.226606549363616,22.26153944486465,8800
2020-02-06,22.462413787841797,22.549748547075197,22.348879766878763,22.532281262074118,12100
2020-02-07,22.375080108642578,22.453679557545872,22.375080108642578,22.410013011958274,7000
2020-02-10,22.63707733154297,22.951481715491422,22.270272772193625,22.401274043581633,11100
2020-02-11,22.287744522094727,22.890350824478535,22.148009582489333,22.768083168766783,12300
2020-02-12,22.156740188598633,22.506077489747167,22.156740188598633,22.506077489747167,3900
2020-02-13,22.549745559692383,22.549745559692383,22.261542058443656,22.261542058443656,3500
2020-02-14,22.549745559692383,22.785548878651824,22.410010629739773,22.48861173605959,10800
2020-02-18,21.903470993041992,22.680746745605433,21.903470993041992,22.66328112876926,7000
2020-02-19,22.20040512084961,22.340140031202168,22.043202930260097,22.043202930260097,4700
2020-02-20,22.279010772705078,22.28774441460978,22.182942377525215,22.20040966133462,2300
2020-02-21,22.27027702331543,22.427479245297626,22.182942270461783,22.322677208718876,11900
2020-02-24,21.99081039428711,22.340147791518127,21.868542721699278,22.165478260016567,15200
2020-02-25,21.57160758972168,22.069413636815334,21.362003465476942,21.824876602377984,16300
2020-02-26,21.466800689697266,21.833605325801607,21.204798092096404,21.65893581688644,6300
2020-02-27,20.968996047973633,21.562870415983827,20.968996047973633,21.126198282537743,19400
2020-02-28,20.96025848388672,21.28339653511951,19.440639943697533,21.28339653511951,25400
2020-03-02,20.829259872436523,21.204798151617943,20.051982387931293,21.0737951866779,12100
2020-03-03,19.536712646484375,20.846729091290676,19.44064424081819,20.74192704276647,15000
2020-03-04,21.20479393005371,21.91220213734461,19.868576946707282,19.964645324331666,7600
2020-03-05,19.431907653808594,21.204796906845157,19.19610432968501,20.820525008173963,13100
2020-03-06,19.667709350585938,19.8860453735744,18.829298156108976,18.829298156108976,8500
2020-03-09,17.22234535217285,19.56290784744682,16.63720472835436,18.88170050368049,23800
2020-03-10,17.790021896362305,17.790021896362305,16.637206165463585,17.58915146652753,16500
2020-03-11,16.811874389648438,19.475573301959372,16.750740567482282,17.266013733985194,15700
2020-03-12,14.558646202087402,17.624084190549436,13.807570576521828,16.017130914561847,24400
2020-03-13,15.405791282653809,15.667795544288719,14.846851523067674,15.667795544288719,18200
2020-03-16,13.554301261901855,14.593579574525515,13.545567620732111,13.763903652660536,39100
2020-03-17,13.563035011291504,14.008441580109633,13.117630108245217,13.178763934903627,39200
2020-03-18,12.113282203674316,13.702768151468774,12.10454856304371,12.680956351376489,22100
2020-03-19,13.135092735290527,13.135092735290527,11.746475746837099,11.929878006309924,22000
2020-03-20,12.759560585021973,14.034643362478208,12.025952034592665,12.87309544985755,42000
2020-03-23,11.493208885192871,13.405833040850274,11.231205473514146,12.951693682889031,27500
2020-03-24,12.22681999206543,13.05649689637838,11.606745516295243,11.606745516295243,40300
2020-03-25,13.257366180419922,14.689650238861034,12.034683712344783,12.034683712344783,21800
2020-03-26,15.24858570098877,16.71580391258319,13.187494958494643,13.187494958494643,29800
2020-03-27,13.702767372131348,16.628471019007215,13.35343009563362,14.261707847413481,31800
2020-03-30,14.314107894897461,15.178718271189437,13.528098613338528,14.060838996357717,27000
2020-03-31,13.536834716796875,14.21804377319096,12.462621780991133,14.06084155511757,33100
2020-04-01,12.235550880432129,14.296643462449316,11.833812566385205,13.71150202360632,32200
2020-04-02,12.034683227539062,13.484434512625658,11.440809718915444,12.899294646173876,31300
2020-04-03,11.650411605834961,13.100162825232248,11.467009292966273,11.65914524761107,30900
2020-04-06,12.916759490966797,12.942959581337423,11.964814267680204,12.925493132052292,35200
2020-04-07,12.951695442199707,13.414567671545923,12.235553408167522,13.100164034555549,30600
2020-04-08,12.523752212524414,12.92549045758746,11.58927446476533,12.92549045758746,103500
2020-04-09,14.322844505310059,14.567381480278785,12.654757221409183,12.68969095599244,34500
2020-04-13,13.44950008392334,14.09577457939679,12.680957935887077,14.09577457939679,36200
2020-04-14,13.414566993713379,14.322844954232211,13.143830750428913,13.894906483952925,22200
2020-04-15,12.951695442199707,13.493168789015016,12.322887335332961,13.004096464807768,31500
2020-04-16,12.36655044555664,13.187494241357474,11.93861210140818,12.934224524118006,44000
2020-04-17,13.868704795837402,13.886171245225283,12.794491089692293,12.794491089692293,27200
2020-04-20,13.231161117553711,13.746434205001416,12.506285672363603,13.362163215807012,35600
2020-04-21,13.257366180419922,13.414567581415902,12.488823128943375,12.637291720301686,26600
2020-04-22,12.672223091125488,13.545567191141538,12.672223091125488,13.100161500240752,17200
2020-04-23,13.01282787322998,13.432033510294712,12.462621775966753,12.462621775966753,13700
2020-04-24,12.777026176452637,12.881827384037475,12.488822647372846,12.811959912314249,28000
2020-04-27,14.838117599487305,15.047720005354023,13.187497612179497,13.187497612179497,21500
2020-04-28,14.47131061553955,15.67652633516988,14.244240963061785,15.292254487455846,27400
2020-04-29,15.545522689819336,15.71145851790189,14.733314160910151,15.073917791284051,39700
2020-04-30,15.004054069519043,16.375204237844372,14.768250728708823,14.995320427366229,21100
2020-05-01,14.285375595092773,14.814462209638533,13.32419815875314,14.814462209638533,32600
2020-05-04,14.047285079956055,14.435283373668081,13.553469299130558,13.941467592842585,24900
2020-05-05,13.244834899902344,14.726281370986658,12.856836614159969,14.285374763255623,25100
2020-05-06,12.936200141906738,13.54465090013775,12.539384356889764,13.183107610656448,24900
2020-05-07,13.262471199035645,13.606378668054997,12.839201244208114,13.20956203420088,30600
2020-05-08,13.491744041442871,13.659288203178592,13.147836541927166,13.403562372552878,35000
2020-05-11,13.28892707824707,13.932651268936505,12.812747897050027,13.218382076659564,26600
2020-05-12,13.077293395996094,13.544654289018391,13.03320255530429,13.544654289018391,27400
2020-05-13,13.094928741455078,13.191927908375673,12.698112056410027,12.980292903660148,26900
2020-05-14,12.160204887390137,12.909746498820477,11.842752414823403,12.70692901062529,40500
2020-05-15,12.169025421142578,12.521750454408178,11.957390401183218,12.151388748997892,11900
2020-05-18,14.25892162322998,14.355921627813151,12.62756662521762,12.698111624389348,33300
2020-05-19,12.839200973510742,14.135466654524658,12.795110143905143,14.135466654524658,13900
2020-05-20,13.571105003356934,13.721013309692013,13.112561750811375,13.139015910469752,13800
2020-05-21,13.41238021850586,13.932650195865396,13.34183522235162,13.756287705479796,15400
2020-05-22,13.41238021850586,13.641651876488485,13.253653556677476,13.535834382257125,14600
2020-05-26,13.92383098602295,14.426465103235808,13.509378528942209,14.05610263525849,11000
2020-05-27,14.849736213684082,14.973189538358582,14.382374555819267,14.426466230292592,30900
2020-05-28,13.888559341430664,15.255369270515596,13.888559341430664,15.202460943963535,33400
2020-05-29,14.594009399414062,14.779191066471983,13.55347028032142,13.632833611642617,18700
2020-06-01,13.659287452697754,14.946735711134444,13.659287452697754,14.788009052238449,27700
2020-06-02,13.368290901184082,13.888560937524769,13.227200892880733,13.888560937524769,24100
2020-06-03,14.929098129272461,15.034914774117285,13.482924141312116,13.765104103465307,29800
2020-06-04,14.849736213684082,15.034916200695832,14.267739566039431,14.673372879641592,22500
2020-06-05,15.8109130859375,16.04018475081237,15.017281434863216,15.511096422787704,20500
2020-06-08,16.1812744140625,16.410546074214864,15.819731095109843,16.25181941088435,10600
2020-06-09,14.990827560424805,15.881459282022288,14.990827560424805,15.881459282022288,8900
2020-06-10,14.779192924499512,15.255371290366039,14.673374575459396,15.255371290366039,8500
2020-06-11,13.624015808105469,14.073740809154126,13.27129081177087,14.073740809154126,20300
2020-06-12,14.373557090759277,14.408830432472548,13.659288740320573,14.2324670877572,20300
2020-06-15,14.241283416748047,14.285375087677615,13.668105150065825,13.668105150065825,13400
2020-06-16,14.355921745300293,14.929100078502096,14.23246673429534,14.726283414464229,24700
2020-06-17,14.38237476348877,14.999644759624944,14.241284766987716,14.999644759624944,21200
2020-06-18,14.435284614562988,14.673372929831702,13.906196292551181,14.109012950045994,13800
2020-06-19,13.809196472167969,14.840918125004675,13.703378974564552,14.638101464838806,39900
2020-06-22,14.461737632751465,14.461737632751465,12.257204405748944,13.615196839943989,19900
2020-06-23,14.461737632751465,14.594009289986541,13.985558489357429,14.45291929801241,19500
2020-06-24,13.368290901184082,14.197195961410433,13.359472565424426,14.197195961410433,21600
2020-06-25,13.91501522064209,13.91501522064209,13.13901932749726,13.227201003908434,15300
2020-06-26,13.659287452697754,13.78274161416827,13.209562479800883,13.64165162446635,46200
2020-06-29,14.170740127563477,14.585193474464704,13.500562627213489,13.791560962606141,18800
2020-06-30,14.505829811096191,14.646919807978763,13.676924817967013,14.0208314751276,17000
2020-07-01,14.267738342285156,14.461736647552197,14.020830032188256,14.461736647552197,21100
2020-07-02,14.214831352233887,14.770372999635688,14.214831352233887,14.664554661979173,7600
2020-07-06,14.267738342285156,14.726281625925717,13.985557536597646,14.726281625925717,8000
2020-07-07,13.35947036743164,14.144285301662084,13.35947036743164,14.11783029873568,13500
2020-07-08,13.491744041442871,13.579924869370142,13.200745711453704,13.35065404398906,13500
2020-07-09,12.680475234985352,13.668106020728954,12.40711274454719,13.368289367010547,28300
2020-07-10,13.306563377380371,13.31538171257314,12.68929421025294,12.68929421025294,7500
2020-07-13,13.271289825439453,13.500561476498678,13.271289825439453,13.412379813487387,4700
2020-07-14,13.10374641418457,13.32419975733617,12.900929742147225,13.209563917981807,12100
2020-07-15,13.879739761352539,14.329464701507812,13.491742317919877,13.491742317919877,17000
2020-07-16,13.685741424560547,14.020829704355036,13.676923090628426,13.923830553989538,5200
2020-07-17,13.35947036743164,13.826831994246387,13.35947036743164,13.650468671920933,6900
2020-07-20,13.306563377380371,13.306563377380371,13.059655878721944,13.262472542379255,5900
2020-07-21,13.306563377380371,13.641652546041028,13.227200042570908,13.465290046999296,22300
2020-07-22,12.918564796447754,13.315381463059207,12.812747299005604,13.315381463059207,17600
2020-07-23,12.980293273925781,13.156655782886164,12.971474938237067,13.103746609716659,15600
2020-07-24,12.980293273925781,13.438835797222774,12.980293273925781,13.165474118574876,9900
2020-07-27,12.786293029785156,13.227199685984644,12.680475533212805,12.97147385902745,16800
2020-07-28,12.830382347106934,13.07728980992579,12.706928195216202,12.706928195216202,16200
2020-07-29,12.751020431518555,13.147836250811908,12.706929598049804,12.856837927265936,18100
2020-07-30,13.015564918518066,13.729833243006889,12.918564914256153,13.13901824617836,21700
2020-07-31,13.260802268981934,13.876132512293902,12.743568619790052,13.465912633575872,33100
2020-08-03,13.367817878723145,13.778037813883005,12.877337392047446,13.376735906773785,27200
2020-08-04,13.278636932373047,13.564006957092117,13.11811586823369,13.341061412662905,23400
2020-08-05,13.965312004089355,13.992065237490651,13.323228449168594,13.323228449168594,13700
2020-08-06,13.983146667480469,14.36661332674766,13.635351266019303,14.125831698704575,30200
2020-08-07,14.188258171081543,14.544970799018166,13.822627514829005,14.50038235837858,15700
2020-08-10,15.77563190460205,15.99857751551696,14.179340514000103,14.179340514000103,53200
2020-08-11,15.77563190460205,16.453386765896173,15.775631904602053,16.212605097882467,19200
2020-08-12,16.836849212646484,16.836849212646484,16.08775363941306,16.150178128770865,34800
2020-08-13,16.694164276123047,16.76550679307888,16.18584863019526,16.720918357833902,10000
2020-08-14,16.84577178955078,17.148977991984367,15.971825300625845,16.46230502171182,15200
2020-08-17,16.68524742126465,17.03304370418433,16.257192289452618,16.899276688110557,25900
2020-08-18,15.864812850952148,16.230443571208873,13.75128739642449,15.285152815527328,8200
2020-08-19,14.999781608581543,16.283948904598297,14.32202669404326,15.953988626109073,21900
2020-08-20,14.491464614868164,15.258398055709684,14.18825844992803,14.607395583373505,16200
2020-08-21,14.215010643005371,14.830340105804641,13.697776935008898,14.27743598739801,27500
2020-08-24,14.295273780822754,14.51821940104241,14.099081396897844,14.51821940104241,11300
2020-08-25,14.143667221069336,14.357695623198031,14.081242731119657,14.250680996898739,4100
2020-08-26,14.134750366210938,14.41120241411606,14.099079106788666,14.22392808953166,11800
2020-08-27,14.116912841796875,14.35769445568602,14.116912841796875,14.18825535321518,6300
2020-08-28,14.286355018615723,14.384449929838123,14.223929669838736,14.286355018615723,5100
2020-08-31,13.822627067565918,14.464709777075768,13.822627067565918,14.232847001654415,35800
2020-09-01,14.009902000427246,14.197176344627191,13.822627656227302,13.911806239358704,11500
2020-09-02,13.965312004089355,14.107997049522869,13.849380192057138,13.885051453415516,13500
2020-09-03,13.688858985900879,14.116914092329544,13.492666636886128,14.009900315722378,20400
2020-09-04,13.706695556640625,14.054491003141104,12.743570620683899,13.83154540036464,31100
2020-09-08,13.644270896911621,13.831545235023995,13.5105030265628,13.733448626674198,12500
2020-09-09,13.5818452835083,13.760202440466456,13.43916023831774,13.644270628631636,11000
2020-09-10,13.590764045715332,13.760203183885839,13.590764045715332,13.751285155462128,4900
2020-09-11,13.430243492126465,13.626435010328738,13.109201279668234,13.617517832570439,28300
2020-09-14,13.608599662780762,13.822627235213206,13.49266784842903,13.51050305423008,6800
2020-09-15,13.537257194519043,13.679942243396349,13.49266790412739,13.608599718957697,9800
2020-09-16,13.234052658081055,13.599683353139428,12.89517520033986,13.465916316083465,16500
2020-09-17,13.608599662780762,13.608599662780762,13.234050985789,13.234050985789,4700
2020-09-18,13.439160346984863,13.769119729273527,13.439160346984863,13.769119729273527,40100
2020-09-21,12.591967582702637,13.171626662042232,12.547378291911901,13.135954549033656,25900
2020-09-22,12.404692649841309,12.76140610867587,12.404692649841309,12.707898792186205,23200
2020-09-23,12.25308895111084,12.62763759594566,12.181746433091817,12.493870587277469,24100
2020-09-24,12.9308443069458,13.100282582278318,12.253089504675856,12.618720138659134,26500
2020-09-25,12.752490043640137,13.13595594403551,12.502791179352673,13.037860174254382,28400
2020-09-28,12.948680877685547,13.180543655712638,12.797077801396696,12.797077801396696,14600
2020-09-29,12.779239654541016,13.055692527980078,12.743568398336281,12.904089476492501,11600
2020-09-30,12.743569374084473,12.779240633020478,12.6187195425735,12.779240633020478,18100
2020-10-01,12.707901000976562,12.797079593803032,12.663311704563329,12.663311704563329,12600
2020-10-02,13.109200477600098,13.153789765543383,12.591966778585816,12.591966778585816,9800
2020-10-05,13.37673568725586,13.42132497630737,13.171626148276845,13.37673568725586,21800
2020-10-06,13.37673568725586,13.635352543190674,12.975433786732173,13.242968670571281,27000
2020-10-07,14.215010643005371,14.482545524841118,13.662105674128794,13.662105674128794,15100
2020-10-08,14.562807083129883,14.776834663235098,14.330943446114231,14.366615559935104,12600
2020-10-09,14.598478317260742,14.830340239364613,14.536052121835956,14.536052121835956,22700
2020-10-12,14.910600662231445,15.071121761500404,14.625230575059918,14.625230575059918,6300
2020-10-13,14.669820785522461,14.874930324055772,14.651984729752634,14.866012296170858,13700
2020-10-14,14.598478317260742,14.705491250394852,14.384449049112714,14.384449049112714,6100
2020-10-15,15.053284645080566,15.053284645080566,14.161503185509334,14.616311517273191,10700
2020-10-16,15.062203407287598,15.187054093424766,14.732244888997592,14.937354422090282,8700
2020-10-19,14.999781608581543,15.097878229391343,14.999781608581543,15.097878229391343,1300
2020-10-20,15.240561485290527,15.240561485290527,15.053286295164815,15.053286295164815,4000
2020-10-21,15.124629974365234,15.222726591012158,15.09787758869068,15.151384060979874,6300
2020-10-22,15.766712188720703,16.123424787821655,15.026532907733785,15.026532907733785,7000
2020-10-23,15.713202476501465,15.927229991727042,15.60618786841893,15.73995485281748,13600
2020-10-26,15.062203407287598,15.713205818098954,14.937354422090282,15.713205818098954,27400
2020-10-27,14.937352180480957,15.18705181434367,14.937352180480957,15.115709304802838,27300
2020-10-28,14.580641746520996,15.276230890148227,14.375532214473985,14.714408758684707,37400
2020-10-29,15.11571216583252,15.490260837049572,14.38444917845453,14.446875374440637,13000
2020-10-30,15.444408416748047,15.489436878132139,15.264299724192195,15.264299724192195,7500
2020-11-02,15.687562942504883,16.11982603080723,15.435408615498101,15.561486637831905,13700
2020-11-03,15.561483383178711,16.11982265937849,15.354355860400922,15.741592106804896,20800
2020-11-04,14.516847610473633,15.912697582515472,13.508232184897327,15.264303055998198,28600
2020-11-05,15.102205276489258,15.201264486241918,14.120606850344545,14.408782219917178,9900
2020-11-06,14.633918762207031,15.138225635528887,14.633918762207031,14.886073057698265,20100
2020-11-09,17.16445541381836,17.200478181411185,15.381369641815906,15.381369641815906,34500
2020-11-10,18.353181838989258,18.560309346412822,16.98434911379115,17.236501651708,17400
2020-11-11,17.344568252563477,18.281138011939913,16.9663377280156,18.209094184295573,23900
2020-11-12,16.597116470336914,17.416615830369267,16.27291831730057,17.236505363646696,16500
2020-11-13,16.642139434814453,17.101419474375085,16.227887860501127,16.957331820904336,13700
2020-11-16,17.623741149902344,17.73180777031112,17.110428567697134,17.245510554962614,11000
2020-11-17,17.812849044799805,17.902902516103875,17.110420632072945,17.29953498300333,9300
2020-11-18,17.43462562561035,18.137052602715034,17.43462562561035,18.04699909525278,11000
2020-11-19,17.5697078704834,17.641751708140333,17.42562019516953,17.641751708140333,9900
2020-11-20,17.61473274230957,17.62373843576177,17.26351928597576,17.335563115932963,13400
2020-11-23,17.497663497924805,17.9209208165128,17.35357582701568,17.713795004288496,10600
2020-11-24,18.389204025268555,18.407215411019816,17.605725921691512,17.75881926525667,15600
2020-11-25,18.65937042236328,18.677381810509836,18.155063577883332,18.362189388587176,8200
2020-11-27,18.371198654174805,18.59633589679376,18.01097940951664,18.173078499028026,3400
2020-11-30,17.011369705200195,18.1730787154243,16.8762877015525,18.1730787154243,15400
2020-12-01,17.281532287597656,17.425619960975038,16.471038695434746,17.425619960975038,17100
2020-12-02,17.470645904541016,17.470645904541016,17.16445918339906,17.16445918339906,6100
2020-12-03,17.371585845947266,17.605727004472595,17.01136497940899,17.48865642520993,8100
2020-12-04,17.875892639160156,17.902908001765258,17.326557364051244,17.560700240037658,12100
2020-12-07,17.875892639160156,17.875892639160156,17.326557364051244,17.326557364051244,5800
2020-12-08,17.92992401123047,17.92992401123047,17.33556202216893,17.33556202216893,10100
2020-12-09,17.848873138427734,18.028983547118976,17.76782362628269,17.902905573971044,9800
2020-12-10,17.524677276611328,17.92091919457981,17.344568563105923,17.776831536711338,9200
2020-12-11,17.263517379760742,17.488654538225195,16.939319321920664,17.461637460851787,5300
2020-12-14,16.885292053222656,17.542692344922884,16.885292053222656,17.380593266386228,9500
2020-12-15,17.227497100830078,17.52467812426575,17.020371297333188,17.020371297333188,9500
2020-12-16,17.587717056274414,17.72279902025322,17.218492219824167,17.236501888737077,14500
2020-12-17,17.650758743286133,17.659764438384883,17.479653971731274,17.56070350995933,5500
2020-12-18,16.741199493408203,17.98395587111127,16.64213859253802,17.76782440184379,55700
2020-12-21,16.651145935058594,16.984349723400065,16.35396492066124,16.831256369458373,14900
2020-12-22,16.480039596557617,16.867275790615896,16.24589845926028,16.444018543765807,39800
2020-12-23,16.687166213989258,16.831253852901384,16.66014913757068,16.66014913757068,6700
2020-12-24,16.41700553894043,16.82225321876556,16.41700553894043,16.786230439376364,3500
2020-12-28,16.921314239501953,17.029379142955403,16.642142850649087,16.70518099727371,25000
2020-12-29,16.43501853942871,17.182474108405884,16.426012843698764,17.047392107778364,11600
2020-12-30,16.93031883239746,16.94833022284823,16.389990860160246,16.79523683933816,26900
2020-12-31,16.579103469848633,16.696175777145598,16.579103469848633,16.696175777145598,6700
2021-01-04,16.41700553894043,16.98435229069561,16.335956002975404,16.75020937764783,19900
2021-01-05,16.975343704223633,17.029376146442736,16.34495891357943,16.38098168683241,14100
2021-01-06,18.443239212036133,18.686387802915004,17.2725264463876,17.2725264463876,17600
2021-01-07,18.326169967651367,18.695394869348533,18.209097651897242,18.695394869348533,12600
2021-01-08,17.71379852294922,18.470259804315518,17.344573578194343,18.416227346406743,8500
2021-01-11,17.63274383544922,17.884898094928687,17.35357421372363,17.74981441305661,20000
2021-01-12,18.010974884033203,18.64135969203853,17.389595769589143,17.63274434276209,17300
2021-01-13,18.11003875732422,18.37119704267,18.010977829609942,18.065010282153775,10400
2021-01-14,18.065011978149414,18.308160613915213,18.065011978149414,18.14606152340468,6100
2021-01-15,17.749818801879883,18.010978819235987,17.596727130870736,17.731809128482848,13800
2021-01-19,17.812849044799805,18.083012894031746,17.641744357534314,18.083012894031746,14400
2021-01-20,17.68678092956543,17.89390849467298,17.66877125588458,17.80385325562546,16500
2021-01-21,17.362579345703125,17.857880437686717,17.362579345703125,17.668766037436356,15900
2021-01-22,18.380197525024414,18.380197525024414,17.335561244581907,17.344566937061952,15700
2021-01-25,17.839872360229492,18.019982818532252,17.27252733659886,18.019982818532252,10500
2021-01-26,17.137439727783203,17.74080733213412,16.606115939578956,17.74080733213412,34900
2021-01-27,16.40799903869629,16.966340068197653,15.813636949234509,16.63313624584577,20200
2021-01-28,16.750205993652344,16.85827087466657,16.389986860837734,16.80423843415946,15100
2021-01-29,17.344568252563477,17.731804470274437,16.85827112771892,17.02037016933377,24500
2021-02-01,17.92992401123047,17.947935396998464,17.389594461812628,17.614731630931704,32100
2021-02-02,18.22710418701172,18.443235653538316,17.920917513350656,18.128043287397784,17400
2021-02-03,18.479263305664062,18.86649959628767,18.20909761288308,18.42522913651147,19900
2021-02-04,19.64097023010254,19.947156981075967,18.60533938070919,18.60533938070919,27400
2021-02-05,19.949705123901367,20.249359260205505,19.141547366101804,19.97694703882162,15600
2021-02-08,20.14039421081543,20.14039421081543,19.541085963607877,19.786257991634947,13900
2021-02-09,20.11315155029297,20.539932857003073,19.450280594197757,19.768095981845516,28400
2021-02-10,19.84073829650879,20.367403124762344,19.604646927711755,20.349241850557704,12400
2021-02-11,19.976945877075195,20.203956625678323,18.88729359099836,19.922463782357724,23000
2021-02-12,19.513845443725586,19.949705703382133,19.268673398185758,19.904304242484262,11200
2021-02-16,19.686372756958008,20.085912166773003,19.304994623033373,20.085912166773003,7700
2021-02-17,19.81349754333496,19.886140912445224,19.53200470452702,19.60464807363728,13300
2021-02-18,19.53200340270996,20.04050695258979,19.52292276568209,19.64096758313557,10300
2021-02-19,19.686372756958008,19.79533694839099,19.522924737853938,19.522924737853938,18900
2021-02-22,19.559247970581055,19.795337637556738,19.522925417535777,19.522925417535777,20700
2021-02-23,19.522926330566406,20.785105664689137,19.522926330566406,19.668213085632846,17700
2021-02-24,20.058666229248047,20.176711034946887,19.61372545091511,19.659126899579068,18200
2021-02-25,20.067752838134766,20.65798050620687,19.976948181826423,19.976948181826423,18400
2021-02-26,20.158552169799805,20.63981377679137,20.031424991765356,20.213034256412108,17200
2021-03-01,20.676137924194336,20.839585928647168,20.440046554646297,20.558091373443098,18500
2021-03-02,20.90315055847168,21.339010788699415,20.657978529485604,20.694301081315217,20100
2021-03-03,20.88498878479004,21.638664397745583,20.83958732803971,21.1119995324508,22200
2021-03-04,21.747631072998047,22.056365839081494,21.04843753028232,21.04843753028232,33200
2021-03-05,23.38210678100586,23.38210678100586,21.95647957671357,22.074524402285835,34100
2021-03-08,23.772567749023438,24.23566992059652,23.418431507448897,23.418431507448897,27100
2021-03-09,23.018888473510742,24.271986946773296,22.664750555364503,24.02681494158461,55900
2021-03-10,24.390031814575195,24.508076624512526,23.21865569188004,23.21865569188004,48900
2021-03-11,24.535322189331055,24.962101774325603,24.299230802327294,24.39911608620127,19800
2021-03-12,24.762331008911133,24.81681309952658,24.290148271698765,24.8077324624316,15300
2021-03-15,24.58980369567871,24.698769614747373,24.22658685204071,24.698769614747373,24700
2021-03-16,24.480838775634766,24.517161327458094,23.98141581174616,24.517161327458094,16900
2021-03-17,24.181180953979492,24.51715757916124,24.135779503096114,24.51715757916124,27400
2021-03-18,24.362791061401367,24.66244515064441,24.063136972158325,24.32647024583326,14000
2021-03-19,24.226587295532227,24.226587295532227,23.55463568951256,24.190264744526242,102500
2021-03-22,23.527395248413086,24.29923218603999,23.28222320964548,23.96325549603016,24700
2021-03-23,23.61819839477539,23.74532385924166,23.273141088431878,23.563716300283357,28700
2021-03-24,23.491073608398438,24.67152883754315,23.382107684314423,23.93601447882851,21200
2021-03-25,23.38210678100586,23.491072700880252,23.00072865937729,23.3003827740887,18400
2021-03-26,23.436588287353516,24.126701144043096,23.173256729854117,24.126701144043096,14600
2021-03-29,22.98257064819336,23.68176425914178,22.98257064819336,23.68176425914178,17500
2021-03-30,22.92808723449707,23.236822013042715,22.864524497494383,22.864524497494383,11900
2021-03-31,22.455900192260742,22.828197637580303,22.310613468816737,22.828197637580303,28600
2021-04-01,22.819116592407227,22.819116592407227,22.483141699939818,22.483141699939818,15900
2021-04-05,22.846357345581055,22.973482786895413,22.528542010340917,22.973482786895413,12300
2021-04-06,22.21072769165039,22.846358391222466,22.11992479052951,22.846358391222466,26400
2021-04-07,22.07452392578125,22.383258671480668,21.956479102757122,22.383258671480668,23800
2021-04-08,22.183488845825195,23.10061240422868,22.09268420729877,22.12900675549111,17600
2021-04-09,22.301532745361328,22.991645545013217,22.13808474913399,22.419579290171892,23600
2021-04-12,21.901994705200195,22.519462399667663,21.901994705200195,22.464980312617012,15800
2021-04-13,22.474061965942383,22.646590603355435,21.901995696141967,21.901995696141967,27900
2021-04-14,22.147167205810547,22.701073964776533,22.119927025503692,22.701073964776533,15900
2021-04-15,22.047283172607422,22.301534086963365,21.956478532356957,22.07452335231444,23900
2021-04-16,21.9927978515625,22.592106011666086,21.92923512730217,22.020039761368785,29900
2021-04-19,22.083600997924805,22.17440562587419,21.584178142134512,22.001877005965778,22900
2021-04-20,21.79302978515625,22.083603238512296,21.56601905822754,22.02004051208496,20000
2021-04-21,21.938318252563477,22.13808708460812,21.638664138519243,21.638664138519243,22400
2021-04-22,21.829355239868164,22.11992873192055,21.793032687384304,21.892917974760294,24800
2021-04-23,22.38326072692871,22.546708752244196,21.811194370279175,21.811194370279175,21200
2021-04-26,22.38326072692871,22.492226654457255,22.337859267432037,22.44682346300592,17900
2021-04-27,22.891765594482422,22.909926872052253,22.337860484240586,22.337860484240586,52000
2021-04-28,22.610271453857422,22.92808686571369,22.383260692810754,22.91900622743727,30800
2021-04-29,22.846357345581055,23.10060996016401,22.247049219450165,22.819115437319017,18800
2021-04-30,24.026817321777344,24.39003591298147,23.164177497554043,23.291302965302727,49100
2021-05-03,24.735088348388672,24.862213799958838,24.11761890026893,24.244746083793476,43700
2021-05-04,25.24359130859375,25.370718489207327,24.51715769917763,24.553480245625607,36500
2021-05-05,24.689687728881836,25.706694839649604,24.417273810960353,25.706694839649604,42100
2021-05-06,24.771411895751953,24.853135898476282,24.517159250392428,24.635204069908433,18600
2021-05-07,24.469768524169922,25.265012159413164,24.25039090950081,24.77141296227224,21000
2021-05-10,24.469768524169922,25.06391644849772,24.36921979698305,24.49718963634212,28200
2021-05-11,24.168119430541992,24.579451725014422,23.95788106478981,24.286948295134128,18400
2021-05-12,23.811634063720703,24.46062770277138,23.647102159434947,24.24125008693206,36600
2021-05-13,24.743989944458008,25.127901203477194,23.875620443350094,24.360078685438822,21700
2021-05-14,24.963367462158203,25.127901107316536,24.56117604450259,24.826256672345686,12300
2021-05-17,24.963367462158203,25.127901107316536,24.69828683431511,24.725707946202643,13400
2021-05-18,25.594078063964844,25.804314715346013,24.83539653394993,24.83539653394993,46600
2021-05-19,25.24673080444336,26.1516640759289,24.908522574837708,25.548375228271873,35900
2021-05-20,25.04563331604004,25.2558699685184,24.73484794130759,25.2558699685184,37700
2021-05-21,25.60321807861328,25.648921090386395,25.17360384018834,25.191883998822696,21200
2021-05-24,25.594078063964844,26.133381991217902,25.548375050519617,25.594078063964844,25700
2021-05-25,24.80797576904297,25.79517593633874,24.798834816892466,25.712909110442563,36900
2021-05-26,24.77140998840332,25.0547724887336,24.71656602718477,24.92680266473762,38000
2021-05-27,25.018211364746094,25.356417838943727,24.780551865966544,24.844536780357544,22800
2021-05-28,25.054777145385742,25.319859536883143,24.734850782476553,24.98165126901722,17100
2021-06-01,25.38384246826172,25.648923095493128,25.04563422694354,25.04563422694354,28100
2021-06-02,25.127899169921875,25.42954358163554,25.0090702928351,25.42954358163554,17700
2021-06-03,25.2650146484375,25.33814052719799,24.972511133395557,24.972511133395557,14400
2021-06-04,25.365558624267578,25.584936219370594,25.02735040882243,25.191884041014223,20000
2021-06-07,25.054777145385742,25.8591635288979,24.972510316538852,25.520955261031975,42900
2021-06-08,25.100481033325195,25.594082023495538,24.954229275524757,25.100481033325195,38800
2021-06-09,24.817113876342773,24.99992941147951,24.670862145616645,24.99992941147951,90100
2021-06-10,24.77140998840332,25.091336291851363,24.77140998840332,24.81711299884243,80600
2021-06-11,24.97250747680664,24.99993033112337,24.862819546456155,24.93594541450922,18400
2021-06-14,24.789691925048828,24.981646661314485,24.743987171086935,24.981646661314485,37500
2021-06-15,25.365558624267578,25.67634398652805,24.734846948685078,24.78055170399288,58600
2021-06-16,25.15532112121582,25.40212156107571,24.88109782910769,25.356416807328646,67300
2021-06-17,24.65258026123047,25.46610747537301,24.58859534692381,25.265010037885613,47700
2021-06-18,24.00359344482422,24.606882396570008,23.912185658068505,24.50633365679287,88400
2021-06-21,24.405780792236328,24.835395020193694,24.104136388892197,24.12241654708116,64600
2021-06-22,24.323514938354492,24.625159353604808,23.994447669551178,24.46062571920315,75700
2021-06-23,24.350936889648438,24.76227098986205,24.286951972605927,24.32351577860635,60300
2021-06-24,24.597736358642578,24.72570618757122,24.021870385005524,24.478907480845717,74000
2021-06-25,24.588600158691406,25.109622269671444,24.34179966081923,24.680007944213525,1167600
2021-06-28,25.51181411743164,25.64892491666315,24.588598845533816,24.588598845533816,56300
2021-06-29,25.137041091918945,25.712907084357653,25.137041091918945,25.667204070664724,43000
2021-06-30,24.743989944458008,25.301575801082095,24.58859725048695,25.301575801082095,63600
2021-07-01,25.722047805786133,25.795173673115873,24.826255495132273,24.871958508416537,42300
2021-07-02,25.091337203979492,25.712906188454074,25.018211338543768,25.63064111536477,23900
2021-07-06,24.378358840942383,24.963365767609098,24.222966158114268,24.963365767609098,49100
2021-07-07,24.332656860351562,24.542893515604636,24.140700364738315,24.25039003986849,32800
2021-07-08,23.802492141723633,24.12241670535585,23.54655074735975,24.049290841745897,41800
2021-07-09,24.414920806884766,24.433202709136324,24.003588466973696,24.003588466973696,21700
2021-07-12,24.442344665527344,24.57031449963507,24.158982142806714,24.158982142806714,29100
2021-07-13,24.31437110900879,24.58859263824572,24.122414643776565,24.405778866573755,26900
2021-07-14,24.286951065063477,24.552033418286392,24.168122186918897,24.332655820856132,27300
2021-07-15,24.780555725097656,24.835399696908325,24.222969824070837,24.222969824070837,18500
2021-07-16,24.323514938354492,24.817114098101296,24.323514938354492,24.780552036822133,16900
2021-07-19,23.63796043395996,24.296093259940605,23.491708694853152,24.058433748027475,29000
2021-07-20,24.341796875,24.954226701412065,23.592256257725776,23.592256257725776,29700
2021-07-21,24.80797576904297,25.22845085067436,24.606880052106956,24.762272751748807,17300
2021-07-22,24.15898323059082,24.69828718926787,23.976167679241268,24.68000528544125,35300
2021-07-23,24.552032470703125,24.552032470703125,23.94874366518924,24.25952901875192,7900
2021-07-26,24.68000602722168,25.018214284346026,24.341797770097333,24.341797770097333,24300
2021-07-27,24.606876373291016,24.93594362767899,24.42406084452923,24.616017324074914,11700
2021-07-28,24.698284149169922,24.990787600558477,24.405780697781367,24.52460957111118,14300
2021-07-29,24.743989944458008,24.972508509506135,24.59773820230387,24.60687915412079,15200
2021-07-30,25.21016502380371,25.566653384913852,24.999928387428913,24.999928387428913,10100
2021-08-02,25.0273494720459,25.411260684970866,24.780550776454053,24.917661550329097,33800
2021-08-03,25.228450775146484,25.594080142780246,24.826257599020174,24.97250934607368,19300
2021-08-04,25.0273494720459,25.484386547268095,24.963364560468083,25.13703913722078,26100
2021-08-05,25.347280502319336,25.68548876820329,25.18274684558976,25.18274684558976,33100
2021-08-06,25.880905151367188,26.24892512507955,25.696896919360295,25.696896919360295,26000
2021-08-09,26.25812339782715,26.727345487172556,25.871703864658066,25.91770547973926,21300
2021-08-10,26.828554153442383,26.874555773680004,26.120117970747362,26.120117970747362,13000
2021-08-11,26.975765228271484,27.049368883886636,26.635348979120003,26.635348979120003,11500
2021-08-12,26.764148712158203,26.994160301809032,26.38692984551878,26.994160301809032,8900
2021-08-13,26.460538864135742,26.846958483512356,26.294930205138687,26.791756182129845,10700
2021-08-16,26.35932731628418,26.764148197645138,26.046511419984682,26.414529605381404,12800
2021-08-17,25.853303909301758,26.3041264298082,25.7889009427793,26.3041264298082,21100
2021-08-18,26.03731346130371,26.340928715274767,25.788902257035982,25.853305226840554,10600
2021-08-19,25.623291015625,25.91770556474823,25.558888052360434,25.76129761617037,14200
2021-08-20,26.23052406311035,26.23052406311035,24.79525211637821,25.687696526265313,10200
2021-08-23,25.862504959106445,26.405332477458,25.78890131703416,26.405332477458,15300
2021-08-24,25.623291015625,25.853302601483662,25.58648831956003,25.81649990541869,10100
2021-08-25,25.76129913330078,25.899305741973617,25.522086859338224,25.641693873744124,26900
2021-08-26,25.347278594970703,25.972910451859082,25.098867391082102,25.770500867803737,18900
2021-08-27,25.825702667236328,25.982110628458518,25.549689443832126,25.752099024005254,16000
2021-08-30,25.669292449951172,25.844101745329535,25.604889487140493,25.798100130421656,7500
2021-08-31,26.074119567871094,26.129321869937673,25.503689930351285,25.540492634962035,13600
2021-09-01,25.669292449951172,25.926906056043016,25.439280865713528,25.926906056043016,11300
2021-09-02,25.466886520385742,25.853306107221194,25.44848516985801,25.63249516543656,9100
2021-09-03,25.76129913330078,25.76129913330078,25.292075259933753,25.53128753389631,16600
2021-09-07,25.779705047607422,26.064918990018196,25.58649435737141,25.871710054631734,12200
2021-09-08,25.31047821044922,25.650894416390468,25.20927253875619,25.614093470678952,17200
2021-09-09,25.41168212890625,25.75209831136106,25.07126419160221,25.218471473990654,20200
2021-09-10,25.3748779296875,25.62329086209016,25.135665671245953,25.56808857317261,12600
2021-09-13,25.4484806060791,25.540485587368753,25.071261762155693,25.384077645631066,25700
2021-09-14,25.062063217163086,25.411681824788445,24.75844798151433,24.887253913350406,17500
2021-09-15,25.062063217163086,25.126466183081124,24.70324568999161,24.914855936536366,19800
2021-09-16,24.942461013793945,25.632495884291238,24.80445263581495,25.135669935205467,83700
2021-09-17,24.795251846313477,25.17247074003289,24.66644415356467,25.098867096254697,54200
2021-09-20,24.88725471496582,24.905656064349166,24.445632858861078,24.602040818921,16800
2021-09-21,24.767648696899414,25.09886595628229,24.574438043976333,25.09886595628229,17600
2021-09-22,25.13566780090332,25.218472118719927,24.933258221156766,25.062064157827365,10900
2021-09-23,25.899303436279297,26.212119324008775,25.301273682037323,25.310474355776314,49100
2021-09-24,26.110918045043945,26.23052506885308,25.85330615656158,25.926909803963596,14700
2021-09-27,26.846954345703125,27.030962573567578,26.175320892041828,26.175320892041828,9900
2021-09-28,26.53413963317871,26.90215786047224,26.396133017299807,26.883756510395234,17400
2021-09-29,26.690547943115234,26.984962528744393,26.359330656857754,26.635345647022106,7500
2021-09-30,26.414531707763672,27.067765574327954,26.028113898478242,27.021763955560434,14300
2021-10-01,26.75495147705078,26.819354449655453,26.0925186454535,26.32253026466984,13200
2021-10-04,26.75495147705078,26.902158772961286,26.75495147705078,26.782553503102523,5400
2021-10-05,26.791749954223633,26.966557493774754,26.754947258623957,26.764147932523876,5900
2021-10-06,27.030960083007812,27.04936143055358,26.745746215444733,26.81934985077872,8700
2021-10-07,26.88375473022461,27.049363360252865,26.77335014677191,27.049363360252865,7800
2021-10-08,26.607744216918945,27.003364483278933,26.607744216918945,26.800953134992767,8700
2021-10-11,26.488136291503906,26.94815948443854,26.488136291503906,26.846953820441172,11600
2021-10-12,26.616939544677734,26.672141830915375,26.20291801077283,26.469732278144665,7600
2021-10-13,26.589340209960938,26.644542501774637,26.26732362382411,26.616942233292395,8000
2021-10-14,26.23052406311035,26.708948630304167,26.23052406311035,26.708948630304167,9500
2021-10-15,26.405330657958984,26.61694089497932,26.36852796203416,26.36852796203416,8100
2021-10-18,26.21211814880371,26.396128105635455,25.87170200996869,26.368526085655994,4800
2021-10-19,25.93610954284668,26.25812614667291,25.761300228509697,26.12011777728359,15900
2021-10-20,26.15692138671875,26.267325980250487,25.761301124389725,25.761301124389725,14000
2021-10-21,26.4697322845459,26.4697322845459,26.092513444607558,26.230520037659552,5300
2021-10-22,26.626142501831055,26.626142501831055,26.230522281023966,26.36852888587897,6300
2021-10-25,26.846954345703125,27.003362304555,26.331728850893704,26.56174045186121,15200
2021-10-26,26.607744216918945,26.681347864973173,26.331730975427945,26.331730975427945,4600
2021-10-27,25.9453125,26.515740358234556,25.9453125,26.515740358234556,17200
2021-10-28,26.304126739501953,26.681345623445484,25.94530920473841,26.26732404114198,15400
2021-10-29,26.8653564453125,27.242575341047257,26.488137549577743,26.727348076997927,13100
2021-11-01,27.619792938232422,27.72099684742921,26.975759765874745,27.03096205769565,13400
2021-11-02,27.886608123779297,28.116619742181946,27.509389209986903,27.739400828389552,18300
2021-11-03,28.32823371887207,29.340283505775147,27.546193811388278,27.546193811388278,6300
2021-11-04,28.23622703552246,28.889459195682754,27.941812441937575,28.33743095528639,17000
2021-11-05,28.254737854003906,28.97660685301498,28.078897200182137,28.93033383289468,3800
2021-11-08,28.874801635742188,28.911819693387834,28.356534707084656,28.791508799536597,6300
2021-11-09,28.52311897277832,28.930328178011344,28.014108790138707,28.62492171538713,8500
2021-11-10,28.661941528320312,28.93032995157804,28.282497165592194,28.338026900529723,18300
2021-11-11,28.50461196899414,28.587904809585552,28.15293245943227,28.15293245943227,9100
2021-11-12,28.615671157836914,28.911822710718653,27.930820250497263,28.68970904605735,26600
2021-11-15,28.689708709716797,29.51338042716323,28.624925778933704,28.624925778933704,8600
2021-11-16,28.365787506103516,28.78225165546709,28.365787506103516,28.643430860746623,7600
2021-11-17,27.940074920654297,28.467595089465576,27.940074920654297,28.365792332255513,6300
2021-11-18,28.162185668945312,28.20845868186951,27.329259079893703,27.91230716266914,11100
2021-11-19,27.791996002197266,28.45833691397858,27.347766962474115,27.97708981731316,9200
2021-11-22,27.560626983642578,28.051127263064583,27.560626983642578,27.875288406201193,7900
2021-11-23,27.4403133392334,27.9863433313245,27.421803429114536,27.616153954958207,21300
2021-11-24,27.09789276123047,27.35702447969804,26.72770156592975,27.30149650648391,19500
2021-11-26,26.9405574798584,27.560625332433016,26.43154555494369,26.931302525019714,6800
2021-11-29,26.607391357421875,27.440318038178933,26.422295754941423,27.37553510687152,8200
2021-11-30,26.47782325744629,26.607389109112873,26.20017987718632,26.514841315692884,3000
2021-12-01,26.625898361206055,27.98634506560843,26.5796235830413,27.98634506560843,6300
2021-12-02,27.301496505737305,27.63466787541786,26.422295064725805,26.746211478003854,8200
2021-12-03,26.977577209472656,27.357021555413606,26.46856701814765,27.162672787337524,6600
2021-12-06,26.699941635131836,27.042366236717964,26.616648782810312,27.042366236717964,10700
2021-12-07,26.635156631469727,27.23671470085445,26.32975011838502,26.681429650190662,11000
2021-12-08,26.5426082611084,26.940562568325685,26.20018192820905,26.912797698565473,12900
2021-12-09,26.200180053710938,27.181184199289113,26.200180053710938,26.468568479916954,11400
2021-12-10,26.301979064941406,27.079377600078757,26.14464836699213,26.163158276210186,15700
2021-12-13,26.1446533203125,26.931306959096904,26.1446533203125,26.561117530610844,20000
2021-12-14,25.96881103515625,26.45931310008699,25.96881103515625,26.283472470741657,26500
2021-12-15,26.56111717224121,26.94981650820775,26.144652967561914,26.144652967561914,14300
2021-12-16,26.394533157348633,26.922053339790317,26.190927637667617,26.55186389291918,14000
2021-12-17,26.1446533203125,26.394531846491507,26.10763349486268,26.22794616237217,15800
2021-12-20,26.20943260192871,26.338998442565796,25.95030092065454,26.14464968161017,12600
2021-12-21,26.47782325744629,27.097891178597187,26.14465190721526,26.30198262646854,18200
2021-12-22,26.514841079711914,26.829502515418007,26.3297472597216,26.45005815445519,6400
2021-12-23,26.653661727905273,27.245966537886986,26.450057997562933,26.459312953287903,6000
2021-12-27,26.5426082611084,26.857269724247534,26.098380936159902,26.440805503856772,16600
2021-12-28,26.996089935302734,27.116400837818677,26.4685697781439,26.542607663969658,10400
2021-12-29,26.9405574798584,27.19968915453295,26.764716868327707,27.19968915453295,11600
2021-12-30,26.792484283447266,27.1071457171092,26.792484283447266,27.07012589423024,4200
2021-12-31,26.996089935302734,27.218203592780007,26.885032223962877,27.097892690264064,2300
2022-01-03,26.931304931640625,26.986832900432642,26.810992273188575,26.885030153312027,11100
2022-01-04,27.449573516845703,27.940075637105288,26.98683626704695,26.98683626704695,10900
2022-01-05,27.764230728149414,28.088147106351606,27.551372049548807,27.875288427751002,18700
2022-01-06,28.226970672607422,28.402811312037723,27.893799306361053,27.893799306361053,8300
2022-01-07,28.50461196899414,29.39306834690173,27.940073762455288,27.940073762455288,18800
2022-01-10,28.097402572631836,28.68045065183523,27.95858000430515,28.50461002643644,6300
2022-01-11,28.125165939331055,28.365789490776617,28.069637970598173,28.13442089498692,5100
2022-01-12,28.069639205932617,28.47684844670026,27.8290156438973,27.8290156438973,6700
2022-01-13,27.96783447265625,28.67119519679614,27.94007137163639,28.67119519679614,8000
2022-01-14,28.041872024536133,28.180694588829684,27.949326001943408,27.97708910264033,2800
2022-01-18,28.689708709716797,29.28201180853648,28.10666056746648,28.10666056746648,16300
2022-01-19,29.170955657958984,29.170955657958984,28.782256310751574,29.013624927774973,29000
2022-01-20,29.226478576660156,30.901586579919563,29.050637963879772,29.152440702626652,14200
2022-01-21,29.411577224731445,29.781766633670316,28.78225434693419,29.365302445362623,28400
2022-01-24,29.106172561645508,29.67996574007808,28.726728173107126,29.393069150861795,31800
2022-01-25,29.096914291381836,30.235245562151402,28.95809349081005,29.106169246780258,13400
2022-01-26,28.92107582092285,30.050155750701204,28.726727038703395,29.374558077970637,9400
2022-01-27,28.42131805419922,29.180208547038443,28.226969276966408,29.180208547038443,13700
2022-01-28,30.51289939880371,30.99414662560428,28.63418528179538,28.63418528179538,51900
2022-01-31,31.169981002807617,31.438369451319446,30.549911260742523,30.781279882479275,24700
2022-02-01,31.15146827697754,31.43836661297492,30.86456994098016,31.169978188693953,16000
2022-02-02,31.07743263244629,31.530913119968403,30.80904420408968,31.05892272044879,15700
2022-02-03,31.447614669799805,31.669730043731686,31.012640641485422,31.012640641485422,14300
2022-02-04,31.194416046142578,31.66917640480758,30.840677072306388,31.650558003379835,16600
2022-02-07,31.51091957092285,31.65055579634542,31.101325421364965,31.492304721890118,33000
2022-02-08,31.399215698242188,31.585396166092043,31.166491001204136,31.529540960407967,16900
2022-02-09,31.33404541015625,31.61331426813844,31.203720179837642,31.576077473448493,11700
2022-02-10,31.20372200012207,31.808803969198536,31.185103601690987,31.473683450728206,6300
2022-02-11,31.361982345581055,31.780887556566032,31.240968046594524,31.38991172704502,15900
2022-02-14,31.10132598876953,31.585393747676452,30.980308161268603,31.585393747676452,9600
2022-02-15,31.15717887878418,31.27819314621088,31.15717887878418,31.23164892403934,12000
2022-02-16,31.278196334838867,31.641249827419724,31.185107881005962,31.408525141740576,8400
2022-02-17,31.17580223083496,31.334053321579184,30.94307753190728,31.334053321579184,7400
2022-02-18,31.01753807067871,31.259573671904693,30.90583124377995,31.259573671904693,7800
2022-02-22,30.617258071899414,31.25026948019667,30.617258071899414,31.166488454066247,15800
2022-02-23,30.626567840576172,31.073398778628952,30.319369573173027,30.738274687315208,58400
2022-02-24,30.300752639770508,30.72896519890498,30.207664188166248,30.421770467733488,14900
2022-02-25,31.00823402404785,31.017541447679417,30.524166319989547,30.524166319989547,7700
2022-02-28,30.673110961914062,30.970998243244924,30.384531104520068,30.65449256294382,11200
2022-03-01,29.853919982910156,30.719656027780797,29.825994159235815,30.49623878509625,16200
2022-03-02,30.272825241088867,30.57071253205607,29.872538528021078,29.872538528021078,8100
2022-03-03,30.25421142578125,30.440391898620874,30.068030952941626,30.17973781620654,10900
2022-03-04,30.34729766845703,30.74758441291979,29.92839607405838,29.92839607405838,23200
2022-03-07,29.788759231567383,30.328682197166017,29.537416149419414,30.328682197166017,21400
2022-03-08,29.33262062072754,30.347298652229302,29.33262062072754,29.798068232796645,23300
2022-03-09,29.50948715209961,29.807374428308478,29.33261591602001,29.64912159087899,12600
2022-03-10,29.537418365478516,29.556036767526717,29.323312068569813,29.323312068569813,15000
2022-03-11,29.788759231567383,30.29144539586332,29.490871923339455,29.490871923339455,21500
2022-03-14,29.630510330200195,30.06803215058717,29.630510330200195,29.7887632057527,21900
2022-03-15,29.518798828125,30.058721813465958,29.518798828125,30.058721813465958,6400
2022-03-16,30.226280212402344,30.43107550005065,29.788756711846215,29.788756711846215,12800
2022-03-17,29.909774780273438,30.021481624569454,29.853919582577152,30.021481624569454,9600
2022-03-18,29.872539520263672,29.937702145383643,29.574652219401884,29.75152169457084,14400
2022-03-21,29.93770408630371,30.151810375735504,29.50949150744012,29.70497939547389,15300
2022-03-22,30.29144287109375,30.663800199794537,29.97493718859499,29.97493718859499,12600
2022-03-23,30.533477783203125,30.635877212179736,29.919084760440327,30.635877212179736,16500
2022-03-24,30.82205581665039,31.064087910604094,30.53347594788933,30.654493770414504,14900
2022-03-25,31.445758819580078,31.52953984960601,31.026857220547356,31.026857220547356,50500
2022-03-28,31.13856315612793,31.604012520042854,30.9803085258265,31.529538917289987,14300
2022-03-29,31.25958251953125,31.473688811310602,30.710352101107002,31.11994628306354,38100
2022-03-30,30.719655990600586,31.268886345809733,30.589330745482584,31.147868524873047,13600
2022-03-31,30.54279136657715,31.06409242972934,30.54279136657715,30.654498229953024,14400
2022-04-01,30.552095413208008,30.989618943761563,30.552095413208008,30.87790854164357,12800
2022-04-04,30.282133102416992,30.794130220310077,30.170426254466076,30.580020397683874,23000
2022-04-05,30.29144287109375,30.533474957194436,30.26351349689621,30.26351349689621,9600
2022-04-06,30.040102005004883,30.365915135313166,29.891158352421552,30.365915135313166,9100
2022-04-07,29.93770408630371,30.105266147788935,29.70497939547389,30.02148511704632,41800
2022-04-08,30.021484375,30.17973545632621,29.798067114842954,29.798067114842954,9600
2022-04-11,29.872539520263672,30.142500996387398,29.704977469641825,29.79806591949986,14900
2022-04-12,30.54279136657715,31.203728672272053,29.78876204882138,29.78876204882138,21100
2022-04-13,30.440387725830078,31.073399116052837,30.375225101933324,30.440387725830078,12400
2022-04-14,30.58002281188965,30.971002137229558,30.44039012870157,30.44039012870157,13000
2022-04-18,30.719655990600586,30.9896174561145,30.440387100905355,30.440387100905355,17500
2022-04-19,31.548154830932617,31.557465806091127,30.831362440879133,30.831362440879133,17000
2022-04-20,32.6373176574707,32.814187175197205,31.548164066361498,31.548164066361498,27000
2022-04-21,32.553531646728516,32.832800571999904,32.24633334316205,32.832800571999904,19000
2022-04-22,32.24633026123047,32.730398009281565,32.13462341201767,32.479054935230224,22100
2022-04-25,32.097389221191406,32.25564385894644,31.436451945566073,32.11600762275653,25400
2022-04-26,31.697105407714844,32.078773797487486,31.399218057214114,31.84604908296521,27500
2022-04-27,31.790189743041992,31.967059204948715,31.622627704984474,31.65055352762857,49500
2022-04-28,31.957754135131836,32.181167834934364,31.47368638409738,31.92982475933397,42100
2022-04-29,32.274253845214844,32.64661471820308,31.92051492208213,32.11600278240755,31700
2022-05-02,32.348731994628906,32.44182045043365,31.762264779987476,32.116007304020066,39200
2022-05-03,32.61869430541992,32.75832699262623,32.09738970699736,32.413895436200875,52800
2022-05-04,32.65592956542969,32.99105012954152,32.31149447418913,32.758325444101786,47200
2022-05-05,32.888648986816406,32.888648986816406,32.10669402685227,32.404581292448476,29700
2022-05-06,32.7182731628418,33.17698227889482,32.14722405945677,32.86805624150752,32900
2022-05-09,32.59657287597656,32.84933248755544,32.100417103864444,32.57784954499551,39600
2022-05-10,31.660423278808594,32.868051173077816,31.5387234301875,32.6714615822274,33300
2022-05-11,32.278289794921875,32.48424290546045,31.201724833267868,31.83830035735709,30000
2022-05-12,31.31405258178711,32.231474300644464,31.136182737088774,32.16594443294822,43000
2022-05-13,31.201719284057617,31.594898529401664,30.93959621605127,31.594898529401664,47400
2022-05-16,31.360862731933594,31.86638197333573,31.01449002405896,31.01449002405896,29500
2022-05-17,31.688514709472656,31.828937922870765,31.37958863955175,31.501288519756063,35100
2022-05-18,31.07065773010254,31.800853410408514,30.930238093547537,31.55745365993635,40800
2022-05-19,30.724288940429688,31.463844596053104,30.658759054094546,31.061301825073826,22300
2022-05-20,30.312381744384766,30.714924455031095,30.228128535851567,30.714924455031095,29800
2022-05-23,30.77109146118164,31.145550966426484,30.415358859420596,30.415358859420596,20400
2022-05-24,30.62130355834961,30.986399554444112,30.20940102423708,30.733643534924795,26800
2022-05-25,30.90215301513672,31.061299564016508,30.61195027423764,30.78981658546968,32400
2022-05-26,31.164274215698242,31.3515039678214,31.033214460545178,31.051934221758046,28600
2022-05-27,31.78213119506836,31.828937742231865,30.93959906168267,31.295335248124477,23100
2022-05-31,32.20340347290039,32.32509980477521,31.388954396506147,31.388954396506147,37400
2022-06-01,32.961673736572266,32.98039707029933,32.156588241862266,32.33445812671401,42300
2022-06-02,32.97103500366211,33.1114546406419,32.662105374307615,32.77444179811356,29700
2022-06-03,33.13018035888672,33.58889311005197,32.9710373779607,33.11145702505234,82700
2022-06-06,33.12082290649414,33.626338672651976,33.008482895249244,33.4110256744325,49600
2022-06-07,31.913188934326172,32.971033974553144,31.67915264222085,32.86805743464914,94200
2022-06-08,31.491920471191406,32.12849942242561,30.95831805193776,31.782126736672044,51500
2022-06-09,31.0051326751709,31.754048233293663,30.99577279305546,31.491928680728464,45500
2022-06-10,30.995765686035156,31.033212348132913,30.527693123143923,30.948959143968082,36500
2022-06-13,29.891115188598633,30.593224057285834,29.872391856900396,30.574500725587598,41200
2022-06-14,30.162595748901367,30.256208828856295,29.73196808177751,30.05961921828489,30900
2022-06-15,30.630672454833984,30.96768530226144,30.27493627464827,30.27493627464827,42900
2022-06-16,29.966005325317383,30.527694570075592,29.71324748639796,30.527694570075592,52400
2022-06-17,30.22812843322754,30.45280127447968,29.872392268282827,30.068981897156053,51500
2022-06-21,30.892791748046875,31.154911262547653,30.200042725438394,30.200042725438394,63100
2022-06-22,30.415361404418945,30.92087713635474,30.293661519364587,30.658757603416863,59500
2022-06-23,29.46048927307129,30.874068761979345,29.41368272654369,30.874068761979345,76600
2022-06-24,28.69285011291504,30.602585398418245,28.561790355881513,29.703886860665037,943900
2022-06-27,30.246849060058594,30.387268680505155,28.964329504652415,28.964329504652415,102300
2022-06-28,30.02217674255371,31.388947898622003,29.87239365108199,30.48088946893557,48900
2022-06-29,29.263898849487305,30.012816072713495,29.170283973389623,30.012816072713495,55500
2022-06-30,29.19837188720703,29.28262510555171,29.076672000462306,29.28262510555171,94500
2022-07-01,29.5915470123291,29.76005341504959,29.086027804167642,29.086027804167642,42400
2022-07-05,29.69452476501465,29.71324809733594,28.8988027824676,29.245175502635206,69400
2022-07-06,29.19837188720703,29.563467976330358,29.076672000462306,29.516661426385724,23500
2022-07-07,29.029861450195312,29.572825568287413,29.029861450195312,29.366874277133576,30100
2022-07-08,29.226449966430664,29.226449966430664,28.842630610563205,29.198366755621652,29800
2022-07-11,29.08603286743164,29.19837108398603,28.90816476853526,29.17964775030107,31500
2022-07-12,29.132835388183594,29.479208064459787,29.04858218896938,29.04858218896938,49500
2022-07-13,28.84263038635254,29.291981396909883,28.702208976733722,29.123474991145265,50000
2022-07-14,28.187328338623047,28.777098941001583,27.94393040866452,28.777098941001583,43200
2022-07-15,29.03922462463379,29.17028438167177,28.327754056110663,28.458813813148648,62600
2022-07-18,29.104753494262695,29.376234665224334,29.086030162319076,29.376234665224334,20700
2022-07-19,29.72260856628418,29.928559856856996,29.198367781290994,29.198367781290994,20800
2022-07-20,29.64771842956543,30.13451257447695,29.432405463012714,30.13451257447695,21500
2022-07-21,29.66644287109375,30.097070605853382,29.432406563337846,29.92856239302495,16800
2022-07-22,29.56346321105957,30.03153756283513,29.320065262358334,30.012814231653078,18200
2022-07-25,29.909839630126953,30.09706938294627,29.760056542093604,29.778778088931332,21300
2022-07-26,30.040897369384766,30.16259723621525,29.825584417983308,30.050257249397756,21700
2022-07-27,30.20940589904785,30.23748911216839,29.825586511588245,30.003452813202518,29500
2022-07-28,31.10810089111328,31.24852408296229,29.816221453431833,30.415355524803786,34500
2022-07-29,31.31405258178711,33.158255898697014,31.136182737088774,32.914859757412394,40500
2022-08-01,30.593223571777344,31.22043910371781,30.518330246172937,31.182996012025924,48800
2022-08-02,30.827259063720703,31.00512535078504,30.462163038577465,30.705559198302883,23800
2022-08-03,31.164274215698242,31.388947061357637,30.86470804074538,30.86470804074538,24200
2022-08-04,30.911510467529297,31.014486996032566,30.780450729837867,30.920870346888677,24200
2022-08-05,31.248674392700195,31.371108419549874,30.862539624315666,31.003806339000842,27700
2022-08-08,32.03977966308594,32.13395747126858,31.229837579164084,31.502958252608074,46000
2022-08-09,32.53892135620117,32.67077169571725,32.133950403314756,32.133950403314756,26000
2022-08-10,32.46358871459961,32.90622874782186,32.38824358991727,32.78379830919298,14700
2022-08-11,32.8497200012207,32.9156451819756,32.42591270161572,32.55776306312552,15000
2022-08-12,33.43362808227539,33.697328787923354,32.86855411512899,32.86855411512899,18600
2022-08-15,33.7255973815918,33.7255973815918,33.05692184406369,33.198192184036074,20100
2022-08-16,34.2906608581543,34.450767433016466,33.65024174401136,33.65024174401136,16500
2022-08-17,33.75384521484375,34.1588162997055,33.72559258792662,34.06463488889261,21800
2022-08-18,34.074058532714844,34.38484824056993,33.66908740380226,33.94220813588821,20800
2022-08-19,33.86685562133789,34.02696220593039,33.282945308598435,34.017542269549786,45500
2022-08-22,33.2264404296875,33.66908408336973,33.132262610571644,33.66908408336973,18000
2022-08-23,32.74612808227539,33.3488747521083,32.73670814469163,33.29236590456639,11300
2022-08-24,32.11512756347656,32.3788319454885,31.983277168797496,32.3788319454885,10800
2022-08-25,32.482425689697266,32.482425689697266,31.95502058361371,31.95502058361371,14500
2022-08-26,31.813753128051758,32.793218301976296,31.66306645457519,32.793218301976296,14700
2022-08-29,31.672487258911133,31.879679195200435,31.371113903714164,31.68190360447501,15900
2022-08-30,31.634807586669922,31.81374685342688,31.531209845464797,31.804330509977767,20000
2022-08-31,31.34285545349121,31.7384101994751,31.276930261269484,31.63481244236852,16500
2022-09-01,31.45587158203125,31.55004939690096,31.116825700254942,31.276928704064115,13800
2022-09-02,31.34285545349121,31.870260583918554,31.276930261269484,31.578303595041245,12000
2022-09-06,30.94729995727539,31.738405745572468,30.542328923227306,31.606555379631793,19700
2022-09-07,31.088571548461914,31.088571548461914,30.608258912449518,30.608258912449518,17200
2022-09-08,31.14507484436035,31.24867258472746,30.485819436012985,30.994388201822634,13800
2022-09-09,31.606555938720703,31.75724258712598,31.258090145252876,31.55004709832382,17400
2022-09-12,31.9267635345459,31.955016156664666,31.107401566572953,31.64422294274675,21600
2022-09-13,30.94729995727539,31.738405745572468,30.87195483807899,31.738405745572468,17800
2022-09-14,31.31460189819336,31.32401824280877,30.87195825554725,31.12624267200437,22200
2022-09-15,31.597135543823242,31.860839869195683,31.455868833860574,31.474701521066503,20600
2022-09-16,32.76496887207031,33.22644528285776,31.361696169294728,31.550055427692357,103200
2022-09-19,32.359989166259766,32.53892843845683,31.945598188840968,32.359989166259766,19900
2022-09-20,32.53892135620117,32.680191630055425,32.05860889187084,32.05860889187084,17600
2022-09-21,31.85141944885254,32.63310888418049,31.85141944885254,32.63310888418049,13700
2022-09-22,31.98326873779297,32.105702754572164,31.39935846128529,31.550045100147038,30300
2022-09-23,31.380525588989258,31.98327220986993,31.0979885595331,31.597137431327422,15900
2022-09-26,31.18274688720703,31.455867544991623,30.994387688988247,31.36168614955579,11100
2022-09-27,30.580001831054688,31.484121715788987,30.222119696102464,31.484121715788987,16300
2022-09-28,31.032060623168945,31.361686529556135,30.551744482258556,30.777776241390434,17400
2022-09-29,30.59884262084961,30.909632305246753,30.29746568886696,30.909632305246753,8400
2022-09-30,30.4293155670166,30.947300699631562,30.4293155670166,30.56116593612007,16200
2022-10-03,31.173330307006836,31.305184274810497,30.52349477548567,30.88137693136049,11800
2022-10-04,31.9267635345459,32.22813681265565,31.01322376440848,31.342849664637,26200
2022-10-05,32.077449798583984,32.30347795819738,31.80432914578605,31.80432914578605,15000
2022-10-06,31.465288162231445,32.06803480428209,31.361690409506483,32.06803480428209,12400
2022-10-07,31.14507484436035,31.47470075220756,30.91904667688025,31.40877557063812,11800
2022-10-10,31.474702835083008,31.54063161366831,30.94730134762606,31.20158574735845,9400
2022-10-11,31.578296661376953,31.99268759881522,30.504653946473702,30.504653946473702,17900
2022-10-12,31.493539810180664,31.644226466012984,31.182750154312313,31.644226466012984,9100
2022-10-13,32.369407653808594,32.55776687486909,31.19216701299715,31.21100329436853,27300
2022-10-14,32.246978759765625,32.670782536651856,32.08687215676017,32.1433810035833,19700
2022-10-17,32.65194320678711,34.77097626405092,32.152794347391755,32.60485430182299,23900
2022-10-18,32.378822326660156,33.46188138453056,32.228135692841114,32.89680740587232,30000
2022-10-19,32.39766311645508,32.680200145128445,31.879674372458457,32.369406898730475,23000
2022-10-20,31.578296661376953,32.49183639965378,31.352268507004027,32.49183639965378,15700
2022-10-21,31.540630340576172,32.16221320617055,31.51237412442208,31.860839913315885,71600
2022-10-24,32.0491943359375,32.54834675271053,31.46528405181086,31.86083872939226,24700
2022-10-25,32.58601760864258,32.661362729753534,31.73840655206296,32.01152722711052,37200
2022-10-26,33.30178451538086,33.65024674637246,32.633112679716234,32.67078165058987,23500
2022-10-27,33.23585891723633,33.52781229935076,32.97215456844004,33.113424883604246,18900
2022-10-28,34.51669692993164,34.60145839954114,32.567186721566515,33.97045554963637,29100
2022-10-31,35.92938995361328,36.098912912925435,33.885698096418466,34.51670102111452,28400
2022-11-01,36.47562789916992,36.98419677840542,34.91225228691742,35.94822273633454,26300
2022-11-02,36.06123352050781,36.84291938036074,35.86345796962789,36.30609797502776,31400
2022-11-03,35.23245620727539,35.96705318523305,34.97817180890855,35.79753025298849,42700
2022-11-04,36.6981086730957,36.6981086730957,35.543010651287354,35.543010651287354,18100
2022-11-07,36.84013366699219,36.849600115287565,35.874393411228446,36.62236923850178,23300
2022-11-08,37.05789566040039,37.47449159341583,36.74545232240824,36.74545232240824,20200
2022-11-09,36.76438903808594,37.114705392297616,36.650769994744756,36.868534410161175,14200
2022-11-10,37.2567253112793,37.62598179967237,36.31939164166119,37.389280867296335,39100
2022-11-11,37.14311218261719,37.3419401113409,35.94067093803077,37.3419401113409,28400
2022-11-14,36.91587448120117,37.37980622924628,36.91587448120117,37.0862958088112,15400
2022-11-15,36.87799835205078,37.10522917749943,36.38566008122022,36.38566008122022,14500
2022-11-16,36.84013366699219,36.96321916545012,36.46141072332299,36.46141072332299,11000
2022-11-17,37.16203689575195,37.18097339891999,36.60342269348519,36.62235919665323,12700
2022-11-18,37.294593811035156,37.550231220456794,37.25672079961658,37.34193326942379,16200
2022-11-21,37.43661880493164,37.49342471485307,37.20938432993756,37.20938432993756,15500
2022-11-22,37.48395538330078,37.75852929936157,37.39874291320499,37.41767941897841,19200
2022-11-23,37.08629608154297,37.48395548027516,36.944277705528684,37.3703400571099,15100
2022-11-25,37.06736373901367,37.11470319838946,36.83066283036548,37.06736373901367,10200
2022-11-28,36.442466735839844,36.896931962869225,36.40459373064525,36.69810049148191,15600
2022-11-29,36.319393157958984,36.47088161653335,36.08269221570093,36.451945107740336,17100
2022-11-30,36.281517028808594,36.385666012353305,35.372586355313835,36.17736804526388,25000
2022-12-01,36.42353439331055,36.54661625659775,35.97853556087055,36.09215097766219,28100
2022-12-02,36.84959030151367,36.92533631478272,36.29097970661363,36.376188553888255,19200
2022-12-05,35.66609191894531,36.57502617189346,35.44832751189846,36.33832525835089,14300
2022-12-06,35.65662384033203,35.75130275670988,35.23056149309341,35.75130275670988,30100
2022-12-07,35.4861946105957,35.69449253556344,35.35364269898667,35.35364269898667,18400
2022-12-08,35.4861946105957,35.53353406306054,35.32523974986151,35.50513111393538,20200
2022-12-09,35.561946868896484,35.66609223790035,35.22109697246394,35.45779788812328,16300
2022-12-12,35.90278625488281,36.03534177606791,35.41045162326991,35.59980942999703,20400
2022-12-13,35.77971649169922,36.45194632330422,35.64716453749766,36.07322335835415,24100
2022-12-14,35.457794189453125,35.855449952631304,35.457794189453125,35.58087966405212,20500
2022-12-15,33.99025344848633,35.24950046075692,33.715679515335886,35.24950046075692,22500
2022-12-16,35.20215606689453,35.35364448951556,33.12865760506256,33.48844035143194,128600
2022-12-19,34.22694778442383,35.126408215139726,34.07545936971464,35.00332636127949,32500
2022-12-20,34.302696228027344,34.387908702046275,34.00918579268008,34.0754653718231,21900
2022-12-21,34.870784759521484,35.07907913397397,34.24589080085472,34.274297370102154,15100
2022-12-22,34.17961120605469,34.76663208474119,33.88610437848082,34.76663208474119,33600
2022-12-23,34.51099395751953,34.60567287834038,33.99971911684059,34.03759212987665,20900
2022-12-27,34.60567092895508,34.87077839350435,34.529928518918936,34.6530103866988,14100
2022-12-28,34.245880126953125,34.643539466545114,34.122798275066074,34.643539466545114,12300
2022-12-29,34.70981979370117,34.76662930987614,34.17960847804214,34.19854498343379,14800
2022-12-30,34.60567092895508,34.92758429808918,34.36897002846733,34.6530103866988,63100
2023-01-03,34.312164306640625,34.813969062581315,33.98078087713125,34.56779810217217,24900
2023-01-04,34.22694778442383,34.728752480941374,34.15120177118488,34.41630559398378,17000
2023-01-05,33.89556884765625,34.16067631705602,33.79141987165304,34.16067631705602,14700
2023-01-06,34.037593841552734,34.05653034902304,33.46950945275198,33.895571841410174,65200
2023-01-09,33.08131790161133,34.14174057953425,33.08131790161133,34.14174057953425,18700
2023-01-10,33.13813018798828,33.223342667228174,32.891962810056114,32.891962810056114,20600
2023-01-11,33.05290985107422,33.280144278949976,32.9866338953956,33.280144278949976,15700
2023-01-12,33.39376449584961,33.50737992026425,33.043448163705754,33.25174250650439,31100
2023-01-13,33.67780685424805,33.72514631623938,33.08131952020283,33.166531996495,16700
2023-01-17,33.57365036010742,33.68726937759245,33.507374405792135,33.56418391453465,13900
2023-01-18,31.68004608154297,33.40322826259634,31.462281697318527,33.40322826259634,40200
2023-01-19,31.10249900817871,31.462285412840856,30.82792868976461,31.462285412840856,50500
2023-01-20,32.12505340576172,32.12505340576172,31.102503562292966,31.320271615889745,23800
2023-01-23,32.030364990234375,32.3238717715058,31.81259700108814,32.16291690587551,19800
2023-01-24,31.93568229675293,32.2197226304042,31.50961999039163,31.69898141674874,9300
2023-01-25,31.95462417602539,31.98302713063787,31.746326210815457,31.964090623639745,7800
2023-01-26,31.642173767089844,32.200788021238516,31.519091902719243,32.200788021238516,13300
2023-01-27,32.64578628540039,33.25173998536075,32.06823553644788,32.06823553644788,23000
2023-01-30,32.910892486572266,33.23280586423507,32.54163964991153,32.768874109578476,23600
2023-01-31,33.89556884765625,33.94290830626612,33.01504119278987,33.16652962740295,18000
2023-02-01,33.942909240722656,34.350035097160294,33.72514483570682,33.99971875967998,22900
2023-02-02,34.037593841552734,34.226955304486324,33.59259494542423,34.12280631928437,18500
2023-02-03,34.6455078125,34.759848402772754,33.45444939559514,33.65454633727792,19500
2023-02-06,34.674095153808594,34.778908885445865,34.20720224810712,34.6455109123883,20300
2023-02-07,35.102874755859375,35.50306865002639,34.53116815424309,34.53116815424309,19900
2023-02-08,34.6645622253418,35.25532613196524,34.46446166591223,35.15051241865012,10700
2023-02-09,34.02614974975586,34.8170141384452,33.864167579438956,34.8170141384452,12300
2023-02-10,34.15955352783203,34.35012359918557,33.845115999697214,33.845115999697214,10700
2023-02-13,35.20768356323242,35.41730734930701,34.159550093573806,34.39776175011148,23200
2023-02-14,34.71220779418945,35.26485702546481,34.69315042279072,35.26485702546481,16900
2023-02-15,34.6645622253418,34.89324338637341,34.20719626845705,34.87418601715053,12900
2023-02-16,34.70267105102539,35.07428427424612,34.32153459605062,34.66455994990281,24900
2023-02-17,35.3125,35.53165430475601,34.616922345386136,34.76937767194778,28300
2023-02-21,34.59786605834961,34.93136095976197,34.50257920450193,34.75032138968409,24100
2023-02-22,34.20719909667969,34.626450349782004,34.13096961348555,34.51210975981262,14000
2023-02-23,34.22624969482422,34.49304922672195,34.064267510119784,34.49304922672195,8100
2023-02-24,33.87369918823242,33.96898603836649,33.27340475426368,33.864172320629855,34400
2023-02-27,33.79747772216797,34.10238841246164,33.00661312027853,33.00661312027853,8200
2023-02-28,33.74982452392578,34.05473877722068,33.730770790739804,33.730770790739804,11600
2023-03-01,33.68313217163086,33.97851598155075,33.502092592221764,33.65454793141416,14300
2023-03-02,33.87369918823242,34.197667209044894,33.54020429981738,34.197667209044894,17400
2023-03-03,34.140499114990234,34.22625182883587,33.778416350081216,33.797473720320816,9700
2023-03-06,33.864173889160156,34.81702062570498,33.82605914734112,34.3787119992516,34000
2023-03-07,33.444923400878906,33.911819962561296,33.42586966228334,33.854647842307635,21500
2023-03-08,33.54973220825195,33.54973220825195,33.23529468010876,33.35916213689334,12400
2023-03-09,31.710737228393555,33.25435150995706,31.653568752290873,33.25435150995706,26100
2023-03-10,31.024690628051758,31.729795167995096,30.538736763529652,31.729795167995096,32300
2023-03-13,28.785497665405273,30.033728139266092,28.21379110468126,30.033728139266092,57400
2023-03-14,29.519193649291992,31.00563597698012,29.06182761803921,29.681177679203735,62900
2023-03-15,29.261924743652344,29.690706536302354,28.68068942378474,28.68068942378474,31600
2023-03-16,29.776460647583008,30.424396722060163,28.83314259235689,28.957011868990026,43000
2023-03-17,29.204750061035156,29.66211602628457,28.709269356642896,29.66211602628457,69700
2023-03-20,29.462018966674805,29.919384929885272,29.080880663999416,29.509660572980184,17100
2023-03-21,30.395809173583984,30.700721642273702,29.709760208206507,30.024199544514207,20300
2023-03-22,29.34767723083496,30.6530761741948,29.2905069384935,30.6530761741948,20200
2023-03-23,28.699745178222656,30.01467290586646,28.594931453170343,29.74787515910192,27600
2023-03-24,29.128522872924805,29.357205859261104,28.45200259885627,28.45200259885627,17100
2023-03-27,29.67164421081543,30.252881251068825,28.899838930293097,29.67164421081543,17400
2023-03-28,29.509662628173828,29.976557308644303,29.080882689330778,29.585890294017766,10300
2023-03-29,29.71928596496582,29.74787019982501,29.423902210409366,29.585886205117188,6900
2023-03-30,28.747386932373047,30.12901546664705,28.604460281305972,30.014673055346808,14300
2023-03-31,29.07135009765625,29.82409796954331,28.74738210699782,29.82409796954331,13700
2023-04-03,29.252395629882812,29.481078629275597,28.46153290878699,28.88078416563497,14800
2023-04-04,28.633039474487305,29.27144676631759,28.175673544719213,29.27144676631759,18600
2023-04-05,28.32813262939453,28.5377600715293,28.32813262939453,28.5377600715293,9800
2023-04-06,28.02322006225586,28.83314008491861,27.966049771659304,28.29954646539229,16600
2023-04-10,27.718311309814453,28.375776057378086,26.679708236638167,28.15661992991628,26500
2023-04-11,27.689725875854492,27.82312565587363,27.53727054218485,27.77548222822003,18500
2023-04-12,27.270475387573242,27.575386063528644,27.213303272773366,27.575386063528644,9000
2023-04-13,27.394344329833984,27.51821360888197,27.013205989596745,27.308587976104235,16700
2023-04-14,27.260944366455078,27.727839026191468,26.784521021734985,27.727839026191468,16700
2023-04-17,27.756425857543945,27.756425857543945,27.041790773681825,27.203774798720346,12200
2023-04-18,27.594440460205078,27.823125274989902,27.403872204432272,27.823125274989902,16600
2023-04-19,28.270959854125977,28.4710567759751,27.6801941382372,27.6801941382372,6700
2023-04-20,27.95652198791504,28.242375267520462,27.63255396840978,28.242375267520462,11000
2023-04-21,27.68019676208496,28.194734868317813,27.63255515257936,27.785010483890375,9200
2023-04-24,26.975088119506836,27.70878047528464,26.94650388318481,27.53726778770949,12900
2023-04-25,26.63206672668457,27.15613169917803,26.63206672668457,26.82263498149542,15600
2023-04-26,26.879806518554688,27.060847913791807,26.40338313339141,26.40338313339141,21300
2023-04-27,27.422927856445312,27.61349610027387,27.089431157981846,27.499155517458895,7100
2023-04-28,27.337173461914062,28.528231886148944,27.19424681448806,28.061337201938183,11700
2023-05-01,26.20328712463379,27.90888377710362,26.022245722897587,27.156133929165925,21900
2023-05-02,24.8216552734375,27.956521721277298,24.459574334896615,26.117527339099034,25600
2023-05-03,24.88835906982422,25.99366120595467,24.735901910699404,24.93600068258064,21000
2023-05-04,24.554861068725586,25.107512108441924,24.05938032486654,24.621560050127584,27300
2023-05-05,25.014387130737305,25.27395269019761,24.572164121993755,24.995159644784547,16800
2023-05-08,24.39912223815918,25.75463076093358,24.129944749250487,24.74520967662363,21000
2023-05-09,24.3414363861084,24.504866326575126,23.71655784913576,24.504866326575126,7500
2023-05-10,24.572160720825195,24.745204403180132,24.062645249039807,24.745204403180132,15700
2023-05-11,24.264530181884766,24.56254886120086,24.02419212322866,24.39911890796935,8400
2023-05-12,24.264530181884766,24.370279514456293,23.620424111341038,24.053033350375582,10100
2023-05-15,24.466413497924805,24.870181483296793,24.043418029050876,24.235687363169024,10600
2023-05-16,24.524097442626953,24.841343628923106,24.418348102650235,24.514483699571436,8900
2023-05-17,25.543127059936523,25.629648902592546,24.629843591593936,24.629843591593936,10600
2023-05-18,26.08148765563965,26.408347591391525,24.87018534506979,25.72578832379051,15700
2023-05-19,25.716171264648438,27.06206397345468,25.68733003863599,26.46602663826785,17400
2023-05-22,26.244916915893555,26.33143876912058,25.600810805000116,25.600810805000116,7700
2023-05-23,26.97554588317871,27.206270222486285,26.27375912191392,26.27375912191392,7800
2023-05-24,26.97554588317871,27.292792078930884,26.34105349167437,26.34105349167437,16500
2023-05-25,26.292985916137695,26.917864547842964,26.091100978539192,26.86979766603256,13200
2023-05-26,26.581392288208008,26.715982864977605,26.19685171236796,26.264146083935707,5500
2023-05-30,26.437185287475586,27.042836361807975,26.03341729337606,26.475640255310676,7800
2023-05-31,25.73539924621582,26.206461611723668,25.533514327493126,26.206461611723668,12600
2023-06-01,25.850759506225586,26.475639889474824,25.850759506225586,26.023803191824836,10100
2023-06-02,27.408153533935547,27.61965037396966,26.29298504351215,26.29298504351215,11900
2023-06-05,26.30259895324707,27.436994936411082,26.216077101403446,27.436994936411082,7700
2023-06-06,28.158008575439453,28.31182479034817,25.994965990447508,26.494867772083868,23900
2023-06-07,29.859600067138672,30.080712475946008,28.273369237538414,28.388732313161103,42100
2023-06-08,29.792306900024414,30.090325593035395,29.41738009805467,30.080713683845257,8900
2023-06-09,28.936702728271484,29.455831983261408,28.89824775861022,29.455831983261408,5800
2023-06-12,29.42699432373047,30.128781058698703,29.119361882847627,29.32124498456425,35600
2023-06-13,30.15761947631836,30.2633669719927,29.801918353685174,30.003801436582034,35300
2023-06-14,28.946319580078125,30.763274918169614,28.600232150485812,30.763274918169614,16300
2023-06-15,29.023223876953125,29.561580603799978,28.67713649287752,28.965541423851302,27100
2023-06-16,28.811725616455078,29.532739787540244,28.55216190842615,29.292401730511855,23600
2023-06-20,29.253950119018555,29.38853885120374,28.475255287093766,28.81172711755673,15100
2023-06-21,28.994382858276367,29.571194557993195,28.994382858276367,29.234720913688893,5500
2023-06-22,28.446414947509766,29.138587949334262,28.206076870449788,29.042452351783467,6000
2023-06-23,28.158008575439453,28.5040941421671,27.48506125998839,28.12916734753135,59500
2023-06-26,28.11955451965332,28.51370881238338,27.91767141863089,27.956124556792027,7900
2023-06-27,28.30221176147461,28.782887903595146,28.167621194809765,28.35027864223308,11900
2023-06-28,28.359891891479492,28.456027484957055,27.946510123069718,28.273370040713075,7200
2023-06-29,28.648296356201172,28.80211256972337,28.302210792593172,28.456027006115374,4300
2023-06-30,28.350276947021484,28.734817470997427,27.96573642304554,28.734817470997427,10400
2023-07-03,28.811725616455078,28.811725616455078,28.081097703052713,28.081097703052713,3200
2023-07-05,28.22530174255371,28.984769042234237,28.22530174255371,28.792499698574005,10700
2023-07-06,27.831148147583008,28.071486208154074,27.302403314146332,28.061872465695167,11200
2023-07-07,28.45602798461914,28.45602798461914,28.052259951830717,28.052259951830717,34400
2023-07-10,28.677135467529297,29.052062231116512,28.16761815181727,29.052062231116512,13200
2023-07-11,27.965736389160156,28.744431178472144,27.763851468296245,28.70597804293807,16700
2023-07-12,28.282981872558594,29.03283725066086,28.10032444065539,28.359889975417765,10700
2023-07-13,28.677135467529297,28.821337927860245,28.677135467529297,28.76365731045462,2300
2023-07-14,28.20607566833496,28.80211304720614,28.177234440208704,28.80211304720614,7300
2023-07-17,28.763660430908203,29.071292868623697,28.55216358838729,28.55216358838729,10100
2023-07-18,30.08071517944336,30.196076431800236,28.456029234072638,28.792502915109278,9400
2023-07-19,30.763273239135742,30.763273239135742,29.84998783139531,29.95573716991771,9300
2023-07-20,31.24394989013672,31.24394989013672,30.138395106904834,30.65752439774358,15700
2023-07-21,30.869020462036133,31.243947242179456,30.60945492179821,31.243947242179456,18400
2023-07-24,31.43621826171875,31.666940740366393,31.080518967897486,31.080518967897486,5300
2023-07-25,31.78230857849121,32.46486783607753,31.311244334628476,31.349699307039316,13800
2023-07-26,32.73404312133789,33.14742487896484,32.07071139427657,32.07071139427657,14100
2023-07-27,32.67636489868164,33.01283672244174,32.33027749866106,32.734043687173184,11400
2023-07-28,32.83979034423828,32.86862973613211,32.66674665834027,32.68597414202533,9200
2023-07-31,32.67636489868164,32.9263148724366,31.541968939622105,32.9263148724366,15500
2023-08-01,32.57061767578125,32.67636701789786,31.820760371348936,32.41680145104838,8700
2023-08-02,32.599456787109375,33.08013294360894,31.955352497688626,32.39757368152389,15100
2023-08-03,33.253173828125,33.685783065673526,32.76288580374849,32.84940398399046,9200
2023-08-04,32.7867317199707,33.32865879017765,32.67060132641096,33.32865879017765,7500
2023-08-07,33.193172454833984,33.473815329914814,31.964153645797992,31.964153645797992,9800
2023-08-08,33.24155807495117,33.36736413747004,32.322216586484714,32.42866389458447,6600
2023-08-09,33.1060791015625,33.36736693410849,33.1060791015625,33.32865680522737,6900
2023-08-10,32.52544403076172,32.738346061726716,32.52544403076172,32.738346061726716,4900
2023-08-11,32.457698822021484,32.50608463399357,32.31253769450442,32.50608463399357,7300
2023-08-14,32.031898498535156,32.41899242200557,31.451261304930778,32.41899242200557,9500
2023-08-15,31.71254539489746,32.0899598952161,31.499643393035335,31.944798768200865,6000
2023-08-16,31.064167022705078,31.702869404934116,30.967395388755698,30.967395388755698,3400
2023-08-17,31.267391204833984,32.62221244472333,31.2480361410583,31.88673847925208,7600
2023-08-18,30.144821166992188,31.654481054546796,29.970629286543492,31.13190541320071,33000
2023-08-21,30.793203353881836,30.793203353881836,30.038374276036965,30.251274453875155,8100
2023-08-22,31.470613479614258,31.93512393015163,30.154498690624592,30.870619429986483,39100
2023-08-23,31.160940170288086,31.770611758040072,31.160940170288086,31.74157731660363,7000
2023-08-24,30.86094093322754,31.335130746515986,30.72545918417392,31.064163556807962,10300
2023-08-25,30.822235107421875,31.170617039271985,30.522238991000776,30.589979870921617,7400
2023-08-28,31.277067184448242,31.586740824563496,30.82223425625403,30.82223425625403,11900
2023-08-29,30.6577205657959,31.238357730641603,30.096436619524656,31.15126178675464,52900
2023-08-30,29.902889251708984,30.54159160080137,29.902889251708984,30.32869143303741,15000
2023-08-31,30.51255989074707,30.51255989074707,29.902888311188793,30.144821067502296,21700
2023-09-01,31.625452041625977,31.73190305125684,30.512561666959815,30.512561666959815,12800
2023-09-05,30.48352813720703,31.21900211240346,30.48352813720703,31.21900211240346,8300
2023-09-06,29.873855590820312,30.860939768648333,29.47708419850669,29.47708419850669,15600
2023-09-07,30.096435546875,30.657719473141842,29.893211069781582,29.98030701056441,55200
2023-09-08,30.415788650512695,30.61901129474123,30.057727332747387,30.36740098821977,8100
2023-09-11,30.048046112060547,30.77384434516153,29.728694963328127,30.77384434516153,9100
2023-09-12,29.902889251708984,30.35772402919634,29.902889251708984,29.97063013027931,5900
2023-09-13,29.59321403503418,30.048046942526646,29.52547316006726,30.048046942526646,6900
2023-09-14,30.028697967529297,30.028697967529297,29.6222508145069,29.728699984864686,8600
2023-09-15,29.57386016845703,30.03837247208133,29.57386016845703,30.03837247208133,33200
2023-09-18,29.177091598510742,30.357724693606123,29.177091598510742,29.428701899993353,12900
2023-09-19,28.964189529418945,29.29321822167339,28.799675183291725,28.86741605890874,13200
2023-09-20,29.089994430541992,29.835147771387465,29.070641212626885,29.835147771387465,4700
2023-09-21,29.11902618408203,29.11902618408203,29.07064037199273,29.07064037199273,6300
2023-09-22,28.789997100830078,29.012574786684738,28.789997100830078,29.012574786684738,6200
2023-09-25,28.664196014404297,28.89645125707232,28.644840949398482,28.877096192066507,5300
2023-09-26,28.509357452392578,28.973869785357888,28.509357452392578,28.877096305748424,19600
2023-09-27,28.577098846435547,28.577098846435547,28.567421314346205,28.567421314346205,4600
2023-09-28,28.673870086669922,28.954512976051337,28.673870086669922,28.83838443835546,7600
2023-09-29,29.041608810424805,29.041608810424805,28.731935172115524,28.780320985926167,8900
2023-10-02,28.70290184020996,28.82870790617188,28.683546776861906,28.82870790617188,5500
2023-10-03,28.335166931152344,28.606130454575837,28.31581186639336,28.31581186639336,7500
2023-10-04,28.36419677734375,28.702903016615036,28.33516602693226,28.37387430941442,12200
2023-10-05,29.148061752319336,29.1674149716491,28.76096783291435,29.041610739902904,12000
2023-10-06,29.177091598510742,29.51579784457582,28.86741794924,28.86741794924,10600
2023-10-09,28.993223190307617,29.448057993644614,28.96419243829929,28.96419243829929,8800
2023-10-10,29.48676300048828,29.78676094043086,28.983544281675726,28.99321996740254,8800
2023-10-11,30.067401885986328,30.193207949681895,29.922242605091785,29.951275199590857,7000
2023-10-12,29.835147857666016,29.98998467623745,29.670633507208805,29.98998467623745,6400
2023-10-13,29.27386474609375,29.81579362622208,28.91580343952649,29.81579362622208,9200
2023-10-16,29.38031768798828,29.515799455488416,29.031933890644343,29.177093190937438,10500
2023-10-17,29.448055267333984,30.14482093803624,29.206122512059537,29.38031439118521,14400
2023-10-18,28.954513549804688,29.554507622488437,28.712580783461334,29.554507622488437,8400
2023-10-19,28.49968147277832,29.031932836459852,28.49968147277832,29.031932836459852,7900
2023-10-20,28.451292037963867,28.75128814175907,28.025489866067133,28.644838983135237,11000
2023-10-23,28.509357452392578,28.799677891220973,27.44485471409027,27.44485471409027,8700
2023-10-24,28.741613388061523,28.741613388061523,27.580335370963887,27.580335370963887,7800
2023-10-25,28.335166931152344,28.886773356179393,27.744850376607324,28.78032234580555,16200
2023-10-26,29.370637893676758,29.370637893676758,28.8674173019944,28.8674173019944,6400
2023-10-27,28.644840240478516,29.051287366538702,28.383552406768278,28.615807643688306,6200
2023-10-30,29.62224578857422,30.47384823595058,28.83838236844103,29.457731448696926,18200
2023-10-31,29.7093448638916,30.077081861762718,29.515797909769613,29.515797909769613,6400
2023-11-01,30.077083587646484,30.32869390412276,29.699669035832407,29.699669035832407,7600
2023-11-02,31.093198776245117,31.431903157367255,30.3770761955286,30.464172135188704,7200
2023-11-03,32.163360595703125,32.582459228176795,31.880711989061005,32.153615758708455,15800
2023-11-06,31.38364601135254,32.35829337991638,31.023025667027298,32.35829337991638,17300
2023-11-07,31.159473419189453,31.403137102457737,30.906064898863256,31.403137102457737,4500
2023-11-08,31.071754455566406,31.081501151441426,30.730629394901506,31.081501151441426,6900
2023-11-09,31.442123413085938,31.442123413085938,31.091251614037716,31.091251614037716,4800
2023-11-10,31.646799087524414,31.65654392463184,31.461613720623692,31.461613720623692,5800
2023-11-13,31.490854263305664,31.77349914262685,31.490854263305664,31.64679767595965,5400
2023-11-14,34.40504837036133,34.785160216119635,32.64093916640772,32.64093916640772,17500
2023-11-15,33.1672477722168,34.20037529052344,33.138009541787916,33.81051486754389,9500
2023-11-16,33.430397033691406,34.024932399535174,32.56296165125727,33.50837059156515,5800
2023-11-17,34.200374603271484,34.37581141828845,33.23547212067817,33.95671277330175,19400
2023-11-20,33.40116500854492,34.00544532230002,33.21598335119639,33.21598335119639,5300
2023-11-21,32.78713607788086,33.61558855159207,32.30956096109218,32.855361094564955,7800
2023-11-22,33.41090774536133,33.41090774536133,33.13800769527289,33.13800769527289,4100
2023-11-24,33.18674087524414,33.41090931520446,33.18674087524414,33.41090931520446,2600
2023-11-27,33.1672477722168,33.17699632768278,32.621447641626865,32.621447641626865,8200
2023-11-28,32.923583984375,33.20623258836968,32.7384023393359,33.17699435967517,8300
2023-11-29,33.62533187866211,33.781275298075656,33.118514836071974,33.196488404770946,9800
2023-11-30,34.09316635131836,34.25885834629344,33.76178607935305,34.06392811843416,8600
2023-12-01,35.07756042480469,35.57462894677793,34.2198696995727,34.356319736271836,14900
2023-12-04,35.80854415893555,35.80854415893555,34.473274654100486,35.28223371402178,7500
2023-12-05,34.746177673339844,35.438176362851465,34.69744233403488,35.04831595631806,14900
2023-12-06,34.210121154785156,35.28223549116503,33.72279747042648,34.94110668132317,8200
2023-12-07,34.50251770019531,34.50251770019531,33.859250597485854,33.859250597485854,8100
2023-12-08,35.019073486328125,35.087298491511795,34.52200134229404,34.56098812182297,4100
2023-12-11,34.69744110107422,35.18476473293192,34.27834248023786,35.009327928024405,19200
2023-12-12,34.2296142578125,34.74617988707819,33.85925093779211,34.74617988707819,12800
2023-12-13,36.208152770996094,36.208152770996094,34.46353301466881,34.560996268481084,19500
2023-12-14,35.925498962402344,36.62724618646599,35.623356970267324,36.62724618646599,26900
2023-12-15,37.67011642456055,37.75783482281065,35.301723389791896,36.071691865560474,69500
2023-12-18,38.68375015258789,38.83969357248958,37.046342384627984,37.56290798391465,20900
2023-12-19,38.65451431274414,38.91766954721786,38.38161424054235,38.479077489761664,27700
2023-12-20,38.059974670410156,39.063863874092114,38.0014982144568,38.21591808292615,66500
2023-12-21,38.547298431396484,38.94690365971245,37.23152611615678,38.29389177943349,22500
2023-12-22,38.64476776123047,39.560934904410395,38.479075783324035,38.5473007983489,18000
2023-12-26,39.229557037353516,39.638907152241075,37.8942911680495,38.63502154079185,15200
2023-12-27,39.463470458984375,39.66814549783249,38.995636487353885,39.453721904000545,12700
2023-12-28,39.989776611328125,39.989776611328125,39.424483123655634,39.424483123655634,9400
2023-12-29,39.08335494995117,39.96053900057211,39.08335494995117,39.96053900057211,5900
2024-01-02,39.414737701416016,39.60966791603119,38.674007347459884,38.674007347459884,21000
2024-01-03,37.93327331542969,39.4732179227267,37.787078442802944,39.3367678877479,14800
2024-01-04,37.82606506347656,38.48882556016814,37.82606506347656,38.12820336303756,11800
2024-01-05,37.231529235839844,38.30363982564778,37.02685418618307,37.4459491230107,32200
2024-01-08,37.2705192565918,37.45570092930785,36.169166622685566,36.93913898258394,31500
2024-01-09,37.036598205566406,37.299753428448305,36.75394959010239,36.75394959010239,8900
2024-01-10,36.64673614501953,36.76369649526253,36.110680886017526,36.500541284192245,15000
2024-01-11,36.3348503112793,36.93913431683969,36.139923824824365,36.617498921817116,11600
2024-01-12,35.55513381958008,36.75394957810555,35.24324697433692,36.75394957810555,11200
2024-01-16,35.0288200378418,35.28223039920734,34.512258196727274,35.126286991437816,16900
2024-01-17,35.89625930786133,36.139921115648654,34.79490689562706,35.28223051120171,18800
2024-01-18,36.35434341430664,36.890398683761966,34.668204037591494,35.282232875396,9700
2024-01-19,36.549278259277344,36.92939015829625,35.85727948321806,36.55902309756648,11300
2024-01-22,37.562904357910156,37.88453600379161,36.753945389145926,36.86115717710109,13400
2024-01-23,36.64673614501953,38.22566741144125,36.56876629617517,38.0014989837853,11400
2024-01-24,37.17304611206055,37.709101364499766,36.85141444779072,37.19253950352906,8800
2024-01-25,37.88454055786133,37.90403395055865,36.442062960120126,36.442062960120126,12000
2024-01-26,38.557044982910156,38.878676628998896,38.488819975619094,38.488819975619094,6400
2024-01-29,37.79682540893555,38.67400956603204,37.24127668210271,38.15744762795567,9600
2024-01-30,37.60189437866211,38.08921802555207,37.04634200066193,37.04634200066193,7400
2024-01-31,35.8377799987793,37.32898910860309,35.53563801137072,37.036595675811945,10600
2024-02-01,34.804656982421875,35.88651616707706,34.551250300008846,35.88651616707706,17200
2024-02-02,34.31732940673828,35.555131882995774,33.547357172864174,34.42454120107319,17700
2024-02-05,33.64482498168945,34.531753869103724,33.62533158968224,33.9859500468548,12000
2024-02-06,33.157501220703125,34.32707871119753,32.9528261823123,33.66431825718351,15300
2024-02-07,32.774574279785156,33.412782715529104,32.175637501026976,32.54874633370574,31000
2024-02-08,33.6287956237793,33.83498588050664,32.754938468165406,32.754938468165406,8400
2024-02-09,34.47319793701172,34.83648606556805,33.57970308320533,33.677887849136646,15400
2024-02-12,35.180137634277344,35.61215581612122,34.63029324742367,34.63029324742367,15100
2024-02-13,32.99058151245117,34.48301309810847,32.99058151245117,34.48301309810847,26300
2024-02-14,34.541927337646484,35.081951030582935,33.12804651051145,33.12804651051145,16400
2024-02-15,36.66275405883789,37.26169091640805,34.777575691641495,34.777575691641495,20400
2024-02-16,35.405967712402344,37.37950994656595,35.405967712402344,36.525290508988455,11000
2024-02-20,35.35687255859375,35.523791157608635,35.3470555800676,35.3470555800676,7800
2024-02-21,34.97394561767578,37.29114200956657,34.13936388549027,34.99358331961656,9700
2024-02-22,34.561561584472656,35.89689521602968,33.422601206763716,34.76775181553442,20700
2024-02-23,34.757938385009766,35.32741675921949,33.314599129283,33.314599129283,17500
2024-02-26,34.08045196533203,34.620475678210674,34.08045196533203,34.42410614298848,3900
2024-02-27,33.6975212097168,34.49283119512131,33.069129799499606,33.62879113331856,14400
2024-02-28,33.383331298828125,34.149182994767806,32.1363652390873,33.67788935530424,6100
2024-02-29,34.64011001586914,35.80852886268767,33.70734357764691,33.92335079450999,24400
2024-03-01,33.461883544921875,34.787396728600726,33.265510250355995,34.77757600384245,17300
2024-03-04,33.000404357910156,34.18845726880479,32.82366878077605,33.31460010714661,12300
2024-03-05,33.638614654541016,34.011723531508125,33.3146019092738,33.3146019092738,5600
2024-03-06,33.785892486572266,33.785892486572266,33.08877092772512,33.324415858218615,8200
2024-03-07,33.687705993652344,34.100086473599404,33.687705993652344,33.92335091204825,4700
2024-03-08,34.188453674316406,34.24736677567005,33.776073201366,34.217908352239036,4700
2024-03-11,34.07063293457031,34.30627786084668,34.021540553721785,34.25718547999815,3700
2024-03-12,33.982269287109375,33.982269287109375,33.982269287109375,33.982269287109375,3400
2024-03-13,33.90371322631836,34.28663902801308,33.78589076706809,34.03135640871942,7600
2024-03-14,33.06913375854492,33.7760760524287,32.804030398338504,33.7760760524287,15200
2024-03-15,33.36369323730469,33.79571146579545,32.59784154959097,32.59784154959097,39100
2024-03-18,32.902217864990234,33.38333224238981,32.715665297901296,33.38333224238981,9300
2024-03-19,33.43242263793945,33.58952051284528,32.80403113831612,33.383330254314274,19700
2024-03-20,35.02303695678711,35.51396825416069,33.294960438055874,33.294960438055874,16400
2024-03-21,35.2095947265625,35.2095947265625,33.8546232401277,35.12122693950135,11900
2024-03-22,34.19827651977539,35.248869213314904,34.19827651977539,35.248869213314904,5400
2024-03-25,34.74811553955078,35.18013746482216,32.41128158856427,34.1295410755085,12900
2024-03-26,34.39464569091797,35.05249558080201,34.39464569091797,34.80702993072008,5600
2024-03-27,36.00489807128906,36.00489807128906,34.6302927424614,35.37650663576689,8300
2024-03-28,36.81985092163086,36.81985092163086,35.592522557576494,36.32891957600911,27400
2024-04-01,35.42560577392578,35.93617104959547,35.39614734784231,35.58270364617231,8500
2024-04-02,34.08045196533203,35.1801408392221,34.00190490034491,35.1801408392221,17100
2024-04-03,34.25718688964844,34.51247327337929,33.76625556994466,33.893898761810085,14400
2024-04-04,34.757938385009766,35.07213412502382,34.365191837237866,34.365191837237866,9000
2024-04-05,34.689212799072266,35.189961154179464,34.217915382430114,34.40447170229114,12900
2024-04-08,34.66957092285156,34.66957092285156,34.04117569144556,34.24736969098143,9600
2024-04-09,34.61065673828125,34.80703000788385,33.84480510689054,34.44374189369962,7200
2024-04-10,34.119728088378906,34.35537677931536,33.40296878231432,33.69752683685322,17800
2024-04-11,33.6287956237793,34.79721082407636,33.38332996229185,33.66807102853939,18400
2024-04-12,33.43242263793945,33.82516919795843,33.020042120877434,33.68770902560442,13000
2024-04-15,32.76475524902344,34.620475039396744,32.558564993539456,34.620475039396744,7200
2024-04-16,32.558563232421875,32.79421190130625,32.41128234618058,32.41128234618058,9300
2024-04-17,32.28364181518555,32.64692991132105,32.165815611972626,32.57819983220105,7800
2024-04-18,32.725486755371094,32.725486755371094,31.96945199996054,32.548751163430495,11100
2024-04-19,33.67788314819336,34.0215372720013,32.2640024903925,32.2640024903925,9700
2024-04-22,33.97244644165039,34.77757352093108,33.530611242307884,33.67788839358579,27600
2024-04-23,33.70734786987305,34.56156735951287,33.6975271455101,33.6975271455101,9900
2024-04-24,33.97244644165039,33.97244644165039,33.776076906613184,33.776076906613184,10100
2024-04-25,33.275325775146484,33.94299270018144,32.91203763065975,33.66807234711136,15300
2024-04-26,33.618980407714844,33.89390076442983,32.76475716419224,33.89390076442983,12700
2024-04-29,32.59783935546875,33.74661680971647,32.53892625056812,33.74661680971647,13700
2024-04-30,32.47019958496094,32.89240085074556,32.40146949476428,32.59784278625859,16500
2024-05-01,34.12954330444336,34.85612329725503,32.813847232980144,32.96112812539737,20800
2024-05-02,34.19827651977539,34.56156463689903,33.75643759597171,34.2277311995261,11700
2024-05-03,34.65974807739258,34.85612134109198,34.43392013506624,34.43392013506624,4400
2024-05-06,35.05249786376953,35.160503356121346,34.38483095242087,35.160503356121346,23800
2024-05-07,34.267005920410156,35.111404602351975,34.267005920410156,35.042674520630065,10600
2024-05-08,34.405460357666016,34.48457414059347,33.891207564773126,33.891207564773126,9500
2024-05-09,34.563690185546875,34.563690185546875,33.910985471656,34.05932522286198,12700
2024-05-10,34.47468566894531,34.79114833963005,34.45490628046094,34.79114833963005,2400
2024-05-13,33.67363739013672,34.48457345481304,33.64397019369549,34.48457345481304,11900
2024-05-14,33.84176254272461,33.99999388842418,33.19894557877037,33.920876329307966,15200
2024-05-15,34.0494384765625,34.237337009627176,33.87142775154012,33.87142775154012,5300
2024-05-16,34.1186637878418,34.316453897640145,33.69341637216174,34.316453897640145,11100
2024-05-17,33.871429443359375,34.276897498933316,33.871429443359375,34.0988867650196,8300
2024-05-20,33.159385681152344,34.00988055031058,33.139606292040206,33.9703217720863,10100
2024-05-21,34.276893615722656,34.276893615722656,33.2088331057732,33.37695223957179,18500
2024-05-22,34.16810989379883,34.61313669148152,34.01977014292627,34.27689464129155,14600
2024-05-23,33.95054626464844,34.365902119740376,33.92087529461848,34.286784563037486,14200
2024-05-24,34.365901947021484,34.37578975529328,34.257117193368124,34.34612255794517,6000
2024-05-28,33.81208801269531,34.63291562572703,33.81208801269531,34.63291562572703,6200
2024-05-29,33.12971878051758,33.88131671084774,32.9022614624896,33.63408000353044,22100
2024-05-30,33.831871032714844,33.90109701082068,33.614305289753446,33.614305289753446,5500
2024-05-31,33.63407897949219,34.48457383037438,33.436292637686456,34.079105793620386,14300
2024-06-03,33.75275421142578,34.34612076256718,33.72308324309594,34.34612076256718,14600
2024-06-04,33.3868408203125,33.80220041952037,33.3868408203125,33.7329744484078,11100
2024-06-05,33.65385818481445,33.88131549467785,33.32750770458701,33.42640087495106,9600
2024-06-06,33.79230880737305,33.92087294183153,33.69341564088651,33.8417591631488,6000
2024-06-07,33.525299072265625,33.732977001320386,33.29783798135867,33.693418222681544,10600
2024-06-10,33.10993957519531,33.35717628388632,33.10993957519531,33.35717628388632,7400
2024-06-11,32.7539176940918,33.33739647007573,32.73413830494439,33.33739647007573,12900
2024-06-12,33.9802131652832,34.51424535076399,33.62419170829601,33.62419170829601,9300
2024-06-13,33.42639923095703,33.72308249999016,33.12971596192391,33.72308249999016,8400
2024-06-14,33.149497985839844,33.82198212781348,32.793476525673476,33.82198212781348,9000
2024-06-17,33.95054626464844,33.95054626464844,32.8824818843559,32.8824818843559,5500
2024-06-18,33.67363739013672,33.871427502321026,32.93192729884502,33.64397019369549,9900
2024-06-20,33.28794860839844,35.18672839595779,33.20883482737195,33.29783641632702,6800
2024-06-21,33.89120864868164,33.99010182363694,33.28795047286903,33.28795047286903,29400
2024-06-24,33.821983337402344,33.87142992585322,33.821983337402344,33.87142992585322,6000
2024-06-25,33.831871032714844,34.37579104891764,33.63408090704123,33.63408090704123,28200
2024-06-26,34.375789642333984,34.88015463079081,33.42640160498699,33.51540696927157,13800
2024-06-27,35.33506774902344,35.33506774902344,34.69225461004863,34.69225461004863,6600
2024-06-28,36.581146240234375,36.59103404898178,34.979049600785,35.46363522513194,102500
2024-07-01,36.0965576171875,36.58114320127778,35.898767505874474,36.58114320127778,13800
2024-07-02,36.126224517822266,36.53169254505574,36.126224517822266,36.36357340396183,4700
2024-07-03,35.87898635864258,36.40313069380756,35.87898635864258,36.40313069380756,2700
2024-07-05,34.860374450683594,35.799874658470955,34.860374450683594,35.65153113051882,27700
2024-07-08,35.75042724609375,35.75042724609375,35.10761033655231,35.26584166885801,10000
2024-07-09,35.04827117919922,35.35484602733816,34.89003985137676,35.08782995428794,7300
2024-07-10,35.186729431152344,35.24606382553468,34.86037517191868,34.92960114705321,17100
2024-07-11,37.21406936645508,37.35252131569121,35.85920952599823,35.85920952599823,25000
2024-07-12,38.20301818847656,38.20301818847656,37.56020122163507,37.56020122163507,20200
2024-07-15,38.40080261230469,39.60731503482245,38.29201787045167,38.30190567765089,32800
2024-07-16,40.497371673583984,40.497371673583984,38.94472552012526,38.94472552012526,25100
2024-07-17,41.26874923706055,41.26874923706055,39.91389318637286,40.062232941867535,30900
2024-07-18,40.675384521484375,42.02035282537258,40.27980427709391,41.26875111553726,14700
2024-07-19,40.2600212097168,40.77427397143235,40.03256391035784,40.77427397143235,10700
2024-07-22,40.8533935546875,40.98195392211335,39.92378115080204,40.26002321278627,15200
2024-07-23,42.752166748046875,42.94006526891145,41.0808481300015,41.0808481300015,32200
2024-07-24,42.04012680053711,43.681778337341036,42.04012680053711,43.03896518097605,26300
2024-07-25,43.009300231933594,43.80045695863225,42.633499372051915,42.633499372051915,22400
2024-07-26,45.18497848510742,45.29376323803973,43.474100952940056,44.255369839878725,19800
2024-07-29,45.22453308105469,46.25303857590284,44.809177269211595,46.25303857590284,15700
2024-07-30,45.422325134277344,45.709120601004926,44.967410528626175,45.45199232996209,27600
2024-07-31,45.51133346557617,46.707958221741,44.89818748868281,44.89818748868281,24000
2024-08-01,43.246639251708984,45.867349546834284,42.643381153942094,45.867349546834284,29600
2024-08-02,42.02035140991211,42.3961484796382,41.28852911420112,41.417093255177235,24500
2024-08-05,41.18963623046875,41.40720196379526,39.85455577069546,41.40720196379526,24000
2024-08-06,40.883060455322266,41.18963531837766,40.14135036271666,41.18963531837766,13600
2024-08-07,40.507259368896484,41.38742140308744,40.13146230718451,41.268748845311684,9700
2024-08-08,40.84556579589844,40.88536750253509,40.37790902786658,40.78586703164312,9600
2024-08-09,40.44755935668945,40.66646114767892,40.109252448033445,40.139101829600285,9600
2024-08-12,39.72119140625,40.77591383537411,39.452539381445334,40.77591383537411,14600
2024-08-13,40.1888542175293,40.22865592555082,39.532141217973404,40.22865592555082,16300
2024-08-14,40.48735809326172,40.62666406671604,39.71124379108599,40.17890435557632,10400
2024-08-15,41.90028762817383,42.18884430347443,40.80576348604383,41.26347551419981,21600
2024-08-16,42.746055603027344,42.915210966162284,41.89033784948548,41.89033784948548,12300
2024-08-19,42.616703033447266,42.71620350258632,42.537099621576345,42.71620350258632,5700
2024-08-20,41.91023635864258,42.74605321118301,41.91023635864258,42.74605321118301,6000
2024-08-21,42.54705047607422,43.17391409387706,42.07939369071637,42.40774829338466,6600
2024-08-22,42.40774917602539,42.43760235558007,41.9997911486437,42.21869675211189,6400
2024-08-23,44.646541595458984,44.88534804020426,41.95003859281267,42.41769915776818,24900
2024-08-26,44.3281364440918,45.16395332433089,44.27838620749299,45.15400479529103,14600
2024-08-27,44.51719284057617,44.5967924603223,41.50227990530903,43.72117386891635,18800
2024-08-28,44.636592864990234,45.004749161430645,44.158983773356816,44.158983773356816,13200
2024-08-29,44.88534927368164,44.88534927368164,44.60674491023899,44.775896474986375,5900
2024-08-30,45.14405059814453,45.25350339154206,44.41768654596953,44.67639383867271,6800
2024-09-03,44.019683837890625,44.78584585186085,43.82067909065037,44.78584585186085,8500
2024-09-04,43.52217102050781,44.54704027755545,43.52217102050781,44.26843592706474,9800
2024-09-05,42.805755615234375,43.173911907368925,42.37789676395654,42.78585476218662,8200
2024-09-06,42.964962005615234,43.40276941982242,42.338098370511844,43.03461309888229,19600
2024-09-09,42.88535690307617,43.641574165564336,42.76595557583585,43.29331491720539,11100
2024-09-10,42.30824661254883,42.88535618090864,41.104273444258794,42.795804238061464,17200
2024-09-11,42.28834533691406,42.31819471899858,41.163971798101386,41.85053795164259,8500
2024-09-12,42.387847900390625,42.517201555309285,42.15899376981136,42.15899376981136,7400
2024-09-13,43.024662017822266,43.25351613865593,42.576902305017406,42.576902305017406,15100
2024-09-16,44.029632568359375,44.248538170893816,43.61172601337529,43.61172601337529,10500
2024-09-17,44.417686462402344,45.07439942585239,43.412718062160444,44.59679034295232,39500
2024-09-18,45.29330825805664,45.76096884586181,44.009731620697664,44.41768964547457,21300
2024-09-19,45.81071853637695,46.20872423137591,45.42266137058055,46.20872423137591,21200
2024-09-20,44.696292877197266,45.56196293842358,44.25848547989988,45.15400492403062,65900
2024-09-23,44.29828643798828,44.417687763285365,43.7808756341013,44.039579138194945,10600
2024-09-24,44.00973129272461,44.55699149812262,43.303268049470816,44.079382384555274,18500
2024-09-25,43.671424865722656,43.840580230473506,43.5221741510953,43.7112265745699,6800
2024-09-26,43.989830017089844,44.348037797758536,43.581871999261566,44.119183670264604,20900
2024-09-27,44.99480056762695,45.59181098238119,44.238583326858624,44.238583326858624,60100
2024-09-30,45.36295700073242,45.90026865305608,44.97489985039855,45.22365482324843,20800
2024-10-01,43.253517150878906,44.994802011436676,42.168945285903504,44.994802011436676,23100
2024-10-02,42.636600494384766,43.28336493701075,42.48734978926313,43.28336493701075,8800
2024-10-03,41.83063888549805,42.38784761861308,41.26347782746321,42.13909263541535,24100
2024-10-04,42.616703033447266,43.07441126460626,41.80078324456872,42.467448534039086,23800
2024-10-07,42.76595687866211,42.76595687866211,42.42764994475851,42.52715421690655,11700
2024-10-08,42.019691467285156,42.96496116619852,42.019691467285156,42.96496116619852,10000
2024-10-09,41.94009017944336,42.44754865683712,41.30327425693594,41.751033969753784,27500
2024-10-10,41.8405876159668,41.8405876159668,41.29332740943949,41.392827884917246,12400
2024-10-11,43.47241973876953,43.47241973876953,41.80078593873515,41.80078593873515,28800
2024-10-14,44.11918258666992,44.13908344018494,43.23361548160007,43.43262022105053,23500
2024-10-15,44.40774154663086,45.25350698804751,44.13908570394913,44.13908570394913,22500
2024-10-16,44.95500183105469,45.29330876728542,44.51719441769134,44.527142947124645,21100
2024-10-17,45.66146469116211,45.68136554555587,44.76594901764224,44.9749022952269,14900
2024-10-18,44.7360954284668,45.52216208917127,44.57689239047474,45.52216208917127,13900
2024-10-21,43.144065856933594,43.95998191639314,42.97491049081643,43.78087802083374,14400
2024-10-22,44.74604797363281,44.76594882794224,42.8754094212452,42.8754094212452,30000
2024-10-23,44.1689338684082,44.75599577605226,43.68137623069522,44.75599577605226,17400
2024-10-24,44.5967903137207,44.5967903137207,43.30326524058508,44.09928037823011,17600
2024-10-25,42.6764030456543,44.13908351814391,42.44754892337696,44.13908351814391,22900
2024-10-28,44.55699157714844,44.64654352333238,43.25351788854859,43.25351788854859,21400
2024-10-29,44.029632568359375,44.76594899780259,43.71122648960011,44.01968403901684,12600
2024-10-30,43.661476135253906,44.765948878628514,43.661476135253906,44.3181891454091,13200
2024-10-31,42.58685302734375,43.98983100259384,42.318197185823536,43.98983100259384,38400
2024-11-01,42.964962005615234,43.333118326555365,42.596805684675104,42.706254691451974,17000
2024-11-04,42.65650177001953,42.905256743385614,42.238595236700355,42.84555797902554,12400
2024-11-05,44.19878387451172,44.32813752939543,43.17391455182497,43.17391455182497,20900
2024-11-06,49.95000076293945,49.969901616831315,46.62663407699412,46.62663407699412,71700
2024-11-07,48.119998931884766,49.959999084472656,48.09000015258789,49.959999084472656,67600
2024-11-08,48.7400016784668,48.939998626708984,47.630001068115234,47.810001373291016,22100
2024-11-11,50.66999816894531,50.7400016784668,49.47999954223633,49.4900016784668,37700
2024-11-12,51.029998779296875,51.2400016784668,50.439998626708984,50.630001068115234,33000
2024-11-13,50.5099983215332,51.91999816894531,50.47999954223633,51.4900016784668,27300
2024-11-14,49.93000030517578,50.36000061035156,49.220001220703125,50.36000061035156,20800
2024-11-15,49.81999969482422,50.27000045776367,49.2400016784668,50.2400016784668,21200
2024-11-18,49.060001373291016,49.56999969482422,48.63999938964844,49.56999969482422,33500
2024-11-19,49.95000076293945,50.06999969482422,48.29999923706055,48.70000076293945,34400
2024-11-20,49.79999923706055,50.20000076293945,49.2599983215332,49.849998474121094,17500
2024-11-21,50.25,50.599998474121094,50.150001525878906,50.22999954223633,23000
2024-11-22,50.47999954223633,50.689998626708984,49.93000030517578,50.5,33500
2024-11-25,51.470001220703125,52.220001220703125,50.290000915527344,50.290000915527344,43300
2024-11-26,50.93000030517578,51.22999954223633,50.34000015258789,51.20000076293945,23000
2024-11-27,50.5099983215332,51.83000183105469,50.189998626708984,50.93000030517578,13400
2024-11-29,50.119998931884766,50.9900016784668,50.0,50.540000915527344,13900
2024-12-02,50.18000030517578,50.72999954223633,49.65999984741211,50.150001525878906,17300
2024-12-03,49.849998474121094,50.72999954223633,49.630001068115234,49.900001525878906,18900
2024-12-04,50.29999923706055,50.29999923706055,49.470001220703125,49.95000076293945,19200
2024-12-05,50.09000015258789,50.7400016784668,49.790000915527344,50.33000183105469,14400
2024-12-06,49.63999938964844,50.040000915527344,49.11000061035156,50.040000915527344,13500
2024-12-09,49.25,49.65999984741211,49.02000045776367,49.54999923706055,19200
2024-12-10,49.11000061035156,49.81999969482422,48.939998626708984,49.0,19800
2024-12-11,50.25,50.27000045776367,49.439998626708984,49.439998626708984,24400
2024-12-12,49.59000015258789,50.380001068115234,49.08000183105469,50.349998474121094,17200
2024-12-13,49.0,49.310001373291016,48.38999938964844,49.310001373291016,31300
2024-12-16,49.040000915527344,49.150001525878906,48.5099983215332,48.91999816894531,29100
2024-12-17,48.93000030517578,49.029998779296875,48.31999969482422,48.68000030517578,20100
2024-12-18,45.959999084472656,49.119998931884766,45.439998626708984,48.81999969482422,52400
2024-12-19,44.97999954223633,46.20000076293945,44.59000015258789,46.20000076293945,27700
2024-12-20,45.939998626708984,46.13999938964844,44.279998779296875,44.529998779296875,88600
2024-12-23,45.5099983215332,46.0,45.279998779296875,45.72999954223633,27100
2024-12-24,46.72999954223633,46.7400016784668,45.41999816894531,45.84000015258789,29600
2024-12-26,46.95000076293945,47.15999984741211,46.060001373291016,46.5,26100
2024-12-27,45.869998931884766,47.0,45.470001220703125,46.75,22200
2024-12-30,46.150001525878906,46.41999816894531,45.93000030517578,45.93000030517578,29700
2024-12-31,46.290000915527344,47.20000076293945,45.900001525878906,46.90999984741211,121700
2025-01-02,45.029998779296875,46.689998626708984,44.75,46.689998626708984,26800
2025-01-03,45.130001068115234,45.2599983215332,44.0099983215332,45.0,30600
2025-01-06,44.93000030517578,45.70000076293945,44.880001068115234,45.25,20100
2025-01-07,44.310001373291016,44.95000076293945,43.709999084472656,44.95000076293945,36600
2025-01-08,44.380001068115234,44.52000045776367,43.90999984741211,44.06999969482422,16400
2025-01-10,42.779998779296875,43.86000061035156,42.279998779296875,43.86000061035156,27500
2025-01-13,43.619998931884766,43.95000076293945,42.459999084472656,42.459999084472656,23900
2025-01-14,44.959999084472656,44.97999954223633,43.90999984741211,43.90999984741211,28000
2025-01-15,45.79999923706055,46.279998779296875,45.220001220703125,46.279998779296875,23600
2025-01-16,45.41999816894531,46.02000045776367,44.95000076293945,45.77000045776367,21100
2025-01-17,45.95000076293945,46.34000015258789,45.20000076293945,45.72999954223633,21600
2025-01-21,46.959999084472656,47.130001068115234,46.38999938964844,46.38999938964844,33400
2025-01-22,46.59000015258789,47.06999969482422,46.4900016784668,47.06999969482422,30600
2025-01-23,47.150001525878906,47.2599983215332,46.0,46.0,31300
2025-01-24,47.5,47.52000045776367,46.849998474121094,46.95000076293945,14700
2025-01-27,48.65999984741211,48.939998626708984,47.650001525878906,47.650001525878906,37702
