Price,Close,High,Low,Open,Volume
Ticker,FNY,FNY,FNY,FNY,FNY
Date,,,,,
2020-01-28,48.370479583740234,48.53819481285933,47.84760999835057,48.054784313687854,16800
2020-01-29,48.40007400512695,48.63684355348334,48.25209021486612,48.52832260907661,37100
2020-01-30,48.479000091552734,48.479000091552734,47.90680383112676,48.01532102145701,10500
2020-01-31,47.571372985839844,48.09424252075695,47.45298444845988,48.09424252075695,183500
2020-02-03,48.1435661315918,48.27181849056377,47.748948988931396,47.84760233375052,60200
2020-02-04,49.16958236694336,49.21890904425889,48.69603949062258,48.80456043874731,32100
2020-02-05,49.199180603027344,49.59380157224137,49.00187011842033,49.59380157224137,34700
2020-02-06,49.42607879638672,49.43594638897187,49.25836735627814,49.396483545399064,22000
2020-02-07,48.804561614990234,49.139988297557956,48.725635918675785,49.139988297557956,25300
2020-02-10,49.48527526855469,49.48527526855469,48.86374862640948,48.86374862640948,34700
2020-02-11,49.73191452026367,49.978551668998044,49.5937983191139,49.791108790778246,16100
2020-02-12,50.254783630371094,50.254783630371094,49.652992153981984,50.00814648380067,29900
2020-02-13,50.34357452392578,50.59021167720919,49.99828401468273,50.136400218379954,83500
2020-02-14,50.39290237426758,50.570477653187794,50.17586048625472,50.461960472565465,19400
2020-02-18,50.333709716796875,50.47182591781351,50.067341144814414,50.21532493926608,23600
2020-02-19,50.9650993347168,51.19200505580927,50.688866937453646,50.688866937453646,33200
2020-02-20,50.8072509765625,51.20187190697682,50.25478242665927,50.93550334345477,35700
2020-02-21,50.14626693725586,50.679000318882956,49.99828314251353,50.679000318882956,19300
2020-02-24,48.69603729248047,48.962405854021554,48.36061063313807,48.548053503829614,54300
2020-02-25,47.058372497558594,48.942680314166275,46.94985154128841,48.942680314166275,49900
2020-02-26,46.54536437988281,47.748954905406805,46.39738058093387,47.38392920490191,38500
2020-02-27,44.818904876708984,46.60455926436701,44.56240012361245,45.64760588226386,80600
2020-02-28,44.00993347167969,44.35522397494152,42.924727758000365,43.36867537889717,186400
2020-03-02,45.479888916015625,45.52921935668112,43.625180259227676,44.414418385880445,93100
2020-03-03,44.572261810302734,46.19020075829722,43.980334211948026,45.75612077039603,79400
2020-03-04,46.20993423461914,46.20993423461914,44.89782285663563,45.3023076116185,73100
2020-03-05,44.49333953857422,45.5292185602821,44.33549191600474,45.045808099259474,35100
2020-03-06,43.71397018432617,44.098723539384146,42.80634350781891,43.38840733719449,61600
2020-03-09,39.92563247680664,42.470926509050976,31.20453876063731,40.26105923057056,127900
2020-03-10,41.247596740722656,41.790197697260076,39.26463202319006,40.74445486650163,90500
2020-03-11,38.840415954589844,40.626070212255236,38.2780835735485,39.96508071667253,86300
2020-03-12,35.0224723815918,36.87718464878698,31.72740018163344,33.700497217216075,165100
2020-03-13,35.93009567260742,37.20274418010159,34.32202427760848,37.20274418010159,268500
2020-03-16,32.25027084350586,35.14085840493418,29.695111822332784,33.10857079427246,305100
2020-03-17,33.86821365356445,34.17404129663318,31.165068960647677,32.70408605917519,66400
2020-03-18,31.382112503051758,32.852069787924236,29.97134761119843,31.638615381724385,55400
2020-03-19,32.59556579589844,33.02964581374304,30.217982000838163,31.036817242184572,129200
2020-03-20,31.628753662109375,33.82875688003716,31.569559383446904,32.950729111826604,107400
2020-03-23,31.135475158691406,31.7175408998697,30.070002681981578,31.658346625496986,62800
2020-03-24,34.282562255859375,34.391083198954625,33.078971815543426,33.078971815543426,57800
2020-03-25,35.48615264892578,36.462833608714455,34.035925072009434,34.84489458424444,77100
2020-03-26,37.22661590576172,37.3548825341418,35.83542790195497,35.84529659233945,155700
2020-03-27,36.101829528808594,36.930622701436015,35.75650060846506,36.12156314765721,300300
2020-03-30,37.02928924560547,37.02928924560547,35.91436794252682,36.17089747528918,48200
2020-03-31,36.46689224243164,37.29568541902341,36.101829701493294,36.822089855799966,153600
2020-04-01,34.20744323730469,35.32236822828058,34.000245886817986,34.996772929487605,151000
2020-04-02,34.473838806152344,35.23356613027756,33.64504570381599,34.09891137123545,48900
2020-04-03,33.546382904052734,34.56263976996449,33.11225459791047,34.48370906148536,92200
2020-04-06,36.378089904785156,36.516221462441415,34.80930308148411,35.046102725896745,53700
2020-04-07,36.378089904785156,37.89754456660935,36.378089904785156,37.89754456660935,47000
2020-04-08,37.92715072631836,38.14421679696551,36.605028208728626,36.999693107395544,71300
2020-04-09,38.972999572753906,39.39726290718175,38.469805538140776,38.6671341705052,104200
2020-04-13,38.18367385864258,39.0617990720475,37.966607845871955,39.0617990720475,145600
2020-04-14,39.505802154541016,39.62420010542511,39.05194020631615,39.20980539542927,240000
2020-04-15,38.38100814819336,38.696738492992885,38.114609964055774,38.558606937618414,121500
2020-04-16,38.736202239990234,38.7756694743228,38.0652780753498,38.53887359593267,38000
2020-04-17,40.008995056152344,40.08792953021825,39.53539950316558,39.63406383194507,80400
2020-04-20,39.92019271850586,40.45298908785363,39.367666495895676,39.367666495895676,108300
2020-04-21,38.667144775390625,39.41700733372207,38.242881324603914,39.41700733372207,30600
2020-04-22,39.32820510864258,39.54527116482616,38.91380661627421,39.54527116482616,35800
2020-04-23,39.51566696166992,40.09779555046209,39.426867557826945,39.426867557826945,75300
2020-04-24,40.23591995239258,40.37405149736305,39.545262227540206,39.67352508284004,30200
2020-04-27,41.518585205078125,41.65671677197098,40.778591442035356,40.778591442035356,55700
2020-04-28,41.28178024291992,42.28817208306128,41.22257939451075,42.28817208306128,35400
2020-04-29,42.75190734863281,42.98870324067432,41.91324550782846,42.238844564139086,69100
2020-04-30,41.587650299072266,42.14017655748373,41.50871582569757,42.080979466255556,32600
2020-05-01,40.216190338134766,40.73912179244037,39.87086144135032,40.6009902337266,88100
2020-05-04,40.62071990966797,40.64045352708396,39.79193056101214,39.79193056101214,247500
2020-05-05,41.429786682128906,41.95271441469241,41.26205280176894,41.29165134850182,190100
2020-05-06,41.814579010009766,42.24870729875728,41.44951273603756,41.70604599687223,140200
2020-05-07,42.4953727722168,42.78150458315107,42.17964241663509,42.50524146296776,36600
2020-05-08,43.46229934692383,43.65963176869546,42.939371628461465,43.07750319456074,36700
2020-05-11,44.113494873046875,44.320692227686195,43.136705193288385,43.136705193288385,88300
2020-05-12,42.633506774902344,44.11349431291027,42.633506774902344,44.00496129124789,100400
2020-05-13,41.62711715698242,42.672976431426996,40.985791445774666,42.29804518001431,69400
2020-05-14,41.84417724609375,41.8737757898943,40.4332556132941,40.985785601654264,36000
2020-05-15,42.5545768737793,42.63350758679865,41.7652509245707,41.7652509245707,38800
2020-05-18,44.09375762939453,44.379889436834844,43.99509330590607,44.00495823273384,21600
2020-05-19,43.89643478393555,44.49829325884337,43.84709885186821,43.95563188033127,27000
2020-05-20,44.51801681518555,44.78441498015396,44.44895104246807,44.47855334777722,25000
2020-05-21,44.55748748779297,44.78441843907774,44.19242498040465,44.42922085835284,33500
2020-05-22,45.02121353149414,45.02121353149414,44.508150829380554,44.666015986661485,24600
2020-05-26,45.33694839477539,46.12627426037421,45.33694839477539,46.12627426037421,65100
2020-05-27,45.85001754760742,45.8796160955101,44.29109545214523,45.8796160955101,74800
2020-05-28,45.711883544921875,46.65907466554106,45.59348183199227,46.2742785080272,94200
2020-05-29,46.27427291870117,46.29400277133672,45.43561115719573,45.692144407087746,26300
2020-06-01,46.668941497802734,46.89587247780872,46.18548099025179,46.18548099025179,114100
2020-06-02,46.90573501586914,46.94520224994538,46.22493840136312,46.59000467086443,230800
2020-06-03,47.339866638183594,47.55693267710999,47.182001454547,47.21160000029047,47800
2020-06-04,46.43214416503906,47.18200286883938,46.20521319199682,47.18200286883938,28600
2020-06-05,47.122802734375,47.606266998306786,47.02413840155776,47.45826673527788,45500
2020-06-08,47.507606506347656,47.54706998438324,47.162273785962036,47.54706998438324,36400
2020-06-09,47.21160125732422,47.5667988709146,46.97480535746594,47.05373606948438,47800
2020-06-10,47.103065490722656,47.458259291434295,46.846532243550286,47.40892713276344,29200
2020-06-11,44.28122329711914,45.82040775770346,44.28122329711914,45.59347681194558,51500
2020-06-12,44.981754302978516,45.6132150444321,43.94576378879355,45.6132150444321,65400
2020-06-15,46.06707763671875,46.155877039985626,43.97536295996935,43.97536295996935,20300
2020-06-16,46.737998962402344,47.17213098928862,46.580133797298906,47.15239737317539,140800
2020-06-17,46.63933563232422,47.01426681880271,46.47160177371443,46.96493089557468,15500
2020-06-18,46.718265533447266,47.02413093872407,46.41240389197291,46.41240389197291,9800
2020-06-19,46.807071685791016,47.320134489496176,46.41241059634296,47.27080232379054,26900
2020-06-22,47.20173645019531,47.25106861580809,46.59000931623032,46.75773943207436,17900
2020-06-23,47.399070739746094,47.8134654637472,47.38920204795381,47.704932436850775,68500
2020-06-24,46.126277923583984,46.87613661450372,45.66254729405294,46.87613661450372,32200
2020-06-25,46.63933563232422,46.63933563232422,45.50467714652464,45.919075566064556,19200
2020-06-26,46.01774215698242,46.71826864129897,45.899344215754915,46.71826864129897,15700
2020-06-29,46.47160720825195,46.54067299228496,45.5540146331815,46.36307795034505,11400
2020-06-30,47.16226577758789,47.17213446827354,46.43214074656306,46.43214074656306,44600
2020-07-01,47.60626220703125,47.85292677805214,47.16226522643312,47.3497327092427,154400
2020-07-02,47.695064544677734,48.32652528322725,47.695064544677734,48.28705804611718,35600
2020-07-06,48.19826126098633,48.64225829306994,48.09959692665801,48.63239336515835,194000
2020-07-07,47.734527587890625,48.57318560188018,47.71479397106936,47.95158984531939,47800
2020-07-08,48.37586212158203,48.37586212158203,47.79373349127589,47.981201003759566,44400
2020-07-09,48.2081298828125,48.583061127562125,47.44840246541595,48.583061127562125,41600
2020-07-10,48.178531646728516,48.30679452923781,47.852932566966956,48.06012992837716,44500
2020-07-13,46.85640335083008,48.82971990988491,46.85640335083008,48.73105182365058,18000
2020-07-14,47.6358642578125,47.6358642578125,46.254544816692416,46.76760761384088,59300
2020-07-15,48.7705192565918,48.829720108573284,48.05025916126236,48.45478890696253,158100
2020-07-16,48.47452163696289,48.62251811850354,48.19825476324235,48.41532078606508,15600
2020-07-17,49.02705001831055,49.086250871818415,48.45479015627884,48.70145473352416,72800
2020-07-20,49.688114166259766,49.74731125730369,49.086251981960935,49.22438354613388,34400
2020-07-21,49.55984878540039,50.14197736617077,49.451315763998686,50.14197736617077,134500
2020-07-22,49.8065071105957,50.023573126099954,49.54997762629268,49.56971124259329,60700
2020-07-23,49.392120361328125,50.52677525161426,49.18491923892538,49.84598231744258,40600
2020-07-24,48.977718353271484,49.24411655105956,48.484389193768266,48.484389193768266,66900
2020-07-27,49.87557601928711,49.88544470995867,49.165184606845564,49.31318109269465,15000
2020-07-28,49.244110107421875,49.984103749847854,49.224376491967575,49.984103749847854,21700
2020-07-29,50.31957244873047,50.44783907942531,49.559845118926646,49.559845118926646,73900
2020-07-30,50.60570526123047,50.76357043914915,49.757178518491536,49.82624429859329,20700
2020-07-31,50.52676773071289,50.87210037411271,49.737441888917246,50.87210037411271,25700
2020-08-03,51.65156173706055,51.740361136740304,50.7833051221949,50.7833051221949,43400
2020-08-04,51.631832122802734,51.661430668232676,51.306233067862095,51.43449970439654,93600
2020-08-05,52.22382354736328,52.27315570906171,51.72062571215235,51.95742535762856,16100
2020-08-06,52.16462326049805,52.35209074630794,51.858761596370705,52.35209074630794,31100
2020-08-07,51.73049545288086,52.243558225325366,51.26676484313621,51.91795917666139,24900
2020-08-10,51.148372650146484,51.967297181677615,51.099040481900566,51.967297181677615,28100
2020-08-11,50.64517593383789,51.49369897036149,50.595840004300264,51.25690306931402,21600
2020-08-12,51.17796325683594,51.33582842900819,50.9904995410697,51.14836471324195,17700
2020-08-13,51.602230072021484,51.94756274691263,51.25690116093318,51.26676608819163,28000
2020-08-14,51.32596206665039,51.59236024295198,51.187830515339,51.58249155282832,20600
2020-08-17,51.87849807739258,51.9574287885616,51.700899272508615,51.700899272508615,12600
2020-08-18,51.90809631347656,52.105428735924534,51.57263232445588,52.105428735924534,20500
2020-08-19,51.927825927734375,52.34222059549683,51.91795723728139,52.10542471786189,19900
2020-08-20,51.98702621459961,52.15476008839935,51.60223006690995,51.64169730354552,11700
2020-08-21,51.90809631347656,51.96729340554892,51.71076389102859,51.91796124088766,14100
2020-08-24,51.87849807739258,52.37182725455849,51.69103058123566,52.37182725455849,17100
2020-08-25,52.12516403198242,52.13502895971097,51.71076555512569,51.957430150172804,14700
2020-08-26,52.4310302734375,52.57903054883741,52.24356651989386,52.273165069452496,37800
2020-08-27,52.4902229309082,52.70728520007857,52.135025336516804,52.59875594739477,18700
2020-08-28,52.78622055053711,52.87501995061349,52.61849044139441,52.84542140518897,18700
2020-08-31,52.80595016479492,52.96381533476042,52.5888841446664,52.85528232469616,20300
2020-09-01,53.82221221923828,53.82221221923828,53.101952075668976,53.101952075668976,60800
2020-09-02,54.098480224609375,54.1675460093935,53.08221954429459,54.13794369891245,72900
2020-09-03,51.602230072021484,53.59528035668088,51.227298851552156,53.59528035668088,28500
2020-09-04,50.733970642089844,51.7206289938735,49.23425325952526,51.7206289938735,169800
2020-09-08,49.707847595214844,50.50703843168659,49.24411697685522,49.64864674059356,97800
2020-09-09,50.79317092895508,51.010236968331874,50.16171019309844,50.45770694255588,30800
2020-09-10,50.43797302246094,51.80942750566118,50.31957507614657,51.39503281165946,32000
2020-09-11,50.13211441040039,50.783308800619466,49.64865014072417,50.783308800619466,120100
2020-09-14,51.73049545288086,51.73049545288086,51.158231826914886,51.168100517736505,25200
2020-09-15,52.16462326049805,52.34222205557967,51.9278273762577,52.16462326049805,24200
2020-09-16,52.16462326049805,52.8355512055169,52.13502471591868,52.51982085066129,81200
2020-09-17,51.80942916870117,51.87849871705472,51.23716927331027,51.23716927331027,36500
2020-09-18,51.56276321411133,52.1152932397138,50.90170393265742,51.94756312846831,68900
2020-09-21,51.20756149291992,51.20756149291992,50.072903070529854,50.556367239007976,35800
2020-09-22,52.23368835449219,52.23368835449219,51.19769790598838,51.651559814658214,26200
2020-09-23,51.049705505371094,52.40142641272656,51.029971886397654,52.204093986795115,83000
2020-09-24,50.555511474609375,51.16830447910787,50.229345084407285,50.77295196438309,16400
2020-09-25,51.632843017578125,51.632843017578125,50.50608948392002,50.50608948392002,47700
2020-09-28,52.63111114501953,52.710183168719894,52.24564445538429,52.43343485613023,130600
2020-09-29,52.621219635009766,53.06598649267337,52.58168363021627,52.58168363021627,46700
2020-09-30,52.87820053100586,53.36250720417402,52.43342986592515,52.799128514830954,195600
2020-10-01,53.72820281982422,53.807271061174035,53.135174043075956,53.332850301992046,198900
2020-10-02,53.48111343383789,53.68867182842301,52.64099019756833,52.64099019756833,39100
2020-10-05,54.72645950317383,54.756113391143565,54.15320253069035,54.1729705325499,29100
2020-10-06,54.53866958618164,55.64565130682527,54.53866958618164,54.95378631753768,56500
2020-10-07,55.774147033691406,55.86310116653466,55.10204997895596,55.10204997895596,458500
2020-10-08,56.10030746459961,56.54507811130046,55.90263497305354,56.51542799164077,93600
2020-10-09,56.9107780456543,56.97996416876512,56.56484365973926,56.67356578758796,32100
2020-10-12,57.22705841064453,57.335776767881164,56.999728269107315,57.0886823943816,20300
2020-10-13,57.60264205932617,57.750900199074536,57.00961704105495,57.00961704105495,29900
2020-10-14,57.06892013549805,57.928807529304905,56.871243875791826,57.82996751427127,29800
2020-10-15,57.05903625488281,57.19740851043371,55.734610169756614,56.19914883084423,68000
2020-10-16,56.88113021850586,57.45439103721232,56.88113021850586,57.42473714531835,39300
2020-10-19,56.3177490234375,57.33577663335158,56.19914478013705,57.33577663335158,47200
2020-10-20,56.06077575683594,56.84159115466813,56.06077575683594,56.84159115466813,51300
2020-10-21,55.07239532470703,56.21891307010763,55.07239532470703,56.179377065351524,35700
2020-10-22,55.616004943847656,55.69507318690857,55.200884414104195,55.39856067729817,57800
2020-10-23,56.0113525390625,56.0113525390625,55.46774565431594,55.94216641393263,28400
2020-10-26,55.013092041015625,55.68518904926406,54.3607630354052,55.48751279324493,79400
2020-10-27,54.99332046508789,55.46774118649086,54.943902346884386,55.18111459276624,85300
2020-10-28,53.718318939208984,54.20262560312104,53.6886688188907,53.985181333157115,462700
2020-10-29,54.00494384765625,54.252038212823315,53.54040523462671,53.88633960807708,162800
2020-10-30,52.80901336669922,53.70843679606845,52.38401071399452,53.70843679606845,127200
2020-11-02,53.243892669677734,53.63924516148924,52.58168158180837,53.35261479344394,76200
2020-11-03,54.805538177490234,54.894492311498695,53.85669659497422,53.85669659497422,35600
2020-11-04,56.15961837768555,56.65380720802094,55.00321832447427,55.00321832447427,130400
2020-11-05,57.691593170166016,57.70147905649118,56.831705807561356,56.831705807561356,53300
2020-11-06,57.57299041748047,57.958457046202405,57.434618168232696,57.691594663926985,55700
2020-11-09,56.17938232421875,59.30265535545844,56.12007831153323,59.30265535545844,96200
2020-11-10,56.21891784667969,56.31775409660653,55.04274611259953,56.04100958052238,138400
2020-11-11,57.167762756347656,57.167762756347656,56.683456054568566,56.752642187628226,79800
2020-11-12,56.59450149536133,57.36543861143152,56.25845294998751,57.05904018847375,75700
2020-11-13,57.167762756347656,57.39508916073818,56.92066834674559,57.167762756347656,21500
2020-11-16,57.59275817871094,57.74101254355698,57.17763766234782,57.74101254355698,78900
2020-11-17,57.93868637084961,58.106712501729184,57.049148907991125,57.39507951515373,40200
2020-11-18,57.43462371826172,58.22532505491398,57.43462371826172,58.04741678287205,75900
2020-11-19,58.19567108154297,58.19567108154297,57.4049697972206,57.4049697972206,23200
2020-11-20,58.54159927368164,58.68985740784188,57.978224396450294,58.284622780879666,33800
2020-11-23,59.095096588134766,59.39160910894083,58.581139792569004,59.02591045895873,18400
2020-11-24,59.0654411315918,59.55962990995985,58.956722767454195,59.55962990995985,26500
2020-11-25,59.17416000366211,59.282882132166726,58.83811150208462,58.996251751629266,66900
2020-11-27,60.0439338684082,60.11311999263592,59.55962722845315,59.55962722845315,17100
2020-11-30,60.014286041259766,60.31079855218134,59.07532661470719,60.251494541852566,80900
2020-12-01,60.14277648925781,60.74568743891523,59.8264959534312,60.74568743891523,113700
2020-12-02,59.7078857421875,59.786957753441335,59.41137324070763,59.66834973656058,26900
2020-12-03,60.132896423339844,60.65673537172946,59.895684128197246,59.915452133655926,57100
2020-12-04,61.08173370361328,61.10150170766106,60.44917265552935,60.48870866362491,77300
2020-12-07,61.40789794921875,61.635224332209326,61.08173154947501,61.10149955282564,19500
2020-12-08,62.327091217041016,62.416045349577224,61.259641626606545,61.259641626606545,27700
2020-12-09,61.506736755371094,62.71255861741512,61.022433849389046,62.5050002291371,36200
2020-12-10,62.455570220947266,62.47533822255286,61.160798163847716,61.160798163847716,35400
2020-12-11,62.4852294921875,62.81139212087956,61.86255058422486,62.15906309313432,28600
2020-12-14,62.771854400634766,63.73058556831284,62.771854400634766,63.14743891252614,40600
2020-12-15,63.80964279174805,63.81952867719036,62.999177392425224,63.305575745007225,25900
2020-12-16,63.91836929321289,64.03697730449181,63.4834883333002,64.03697730449181,56000
2020-12-17,65.03524780273438,65.04512614921758,64.17535659317751,64.23465683496677,27900
2020-12-18,65.39106750488281,65.67769038124057,65.08466531243228,65.33175971949598,53100
2020-12-21,65.77651977539062,65.83582000707128,64.48174023816716,64.48174023816716,30800
2020-12-22,66.78467559814453,66.82421160790015,66.10269262612486,66.19165053325574,69100
2020-12-23,66.7352523803711,67.14049081680629,66.56722999777621,67.14049081680629,29400
2020-12-24,66.46810913085938,66.84407963986318,66.44832438766868,66.81439875080335,4000
2020-12-28,65.6073226928711,67.56634431787603,65.5578570628165,67.31899352196137,18500
2020-12-29,64.45962524414062,65.77553341905835,64.04407767791861,65.77553341905835,74700
2020-12-30,65.11262512207031,65.33029504368498,64.8256972752644,64.8256972752644,26300
2020-12-31,64.68717193603516,65.2709236900584,64.37056324609688,65.2709236900584,25200
2021-01-04,63.96492385864258,65.39955560188312,63.11403643000882,65.39955560188312,165500
2021-01-05,64.87517547607422,64.99390659210829,63.77693718554101,63.77693718554101,119200
2021-01-06,66.121826171875,66.68578576646647,64.8553911207607,64.90485675799428,73400
2021-01-07,68.00169372558594,68.00169372558594,66.78472431667636,66.78472431667636,55900
2021-01-08,68.13030242919922,69.02076678588487,67.63560084754575,68.40733410715762,41400
2021-01-11,68.0907211303711,68.45680299533343,67.30909177450879,67.39814197887112,24800
2021-01-12,68.98119354248047,68.98119354248047,68.2391411292413,68.2391411292413,42700
2021-01-13,68.50627136230469,69.07023085067566,68.4073325579241,69.07023085067566,111100
2021-01-14,69.3670654296875,69.69357032781052,68.92183696755471,69.01087964056205,58600
2021-01-15,68.52606201171875,69.2977952353769,68.27871123241567,69.0801253418227,78300
2021-01-19,69.38684844970703,69.49568341304317,68.93172385236859,69.15928992531175,51900
2021-01-20,69.87165832519531,70.33667149922178,69.5748343388786,69.86176217937208,141400
2021-01-21,69.74302673339844,70.18826268515608,69.5550452657447,70.18826268515608,53600
2021-01-22,70.14868927001953,70.14868927001953,69.28790575774033,69.28790575774033,28900
2021-01-25,69.84197998046875,71.07873418793037,69.1494006437097,70.50488597256513,105200
2021-01-26,69.21865844726562,70.44551650516763,69.13950436648521,70.44551650516763,33200
2021-01-27,67.60592651367188,68.83278444150254,67.1804828102684,68.2193517033133,64700
2021-01-28,68.25892639160156,68.62500830239543,67.67518211204796,67.99179084216378,50900
2021-01-29,67.03205871582031,68.60520599079335,66.72534617634552,68.60520599079335,134000
2021-02-01,68.90204620361328,68.99109642714491,67.52677620062722,68.00169311285,54400
2021-02-02,70.00028228759766,70.02996317832648,69.2978068623394,69.6144156110269,58700
2021-02-03,69.80240631103516,70.17837685012499,69.18897354336927,70.17837685012499,25400
2021-02-04,70.82148742675781,70.90064149950469,69.85186890697814,70.00028090624158,90200
2021-02-05,71.92961120605469,71.98898053237552,71.37554781737717,71.47448662984851,42000
2021-02-08,73.1465835571289,73.15647970335522,72.57272785276798,72.6024087428991,53400
2021-02-09,73.46318817138672,73.70064282764035,73.05752923292881,73.17626033532935,21200
2021-02-10,73.07731628417969,74.29427791519495,72.35504867299214,73.99746150329833,50600
2021-02-11,73.62149047851562,73.99746095019319,72.9289037588399,73.75011016785476,53900
2021-02-12,73.9974594116211,73.9974594116211,73.05752192915033,73.22572619453871,78700
2021-02-16,73.17627716064453,74.67027846137148,73.0773383268356,74.67027846137148,33300
2021-02-17,72.51336669921875,72.60240937038165,71.50417113475179,72.5925207726177,29000
2021-02-18,71.53385925292969,71.86035659427753,70.83137629034874,71.59322103343878,19800
2021-02-19,72.75082397460938,73.00807094808887,72.09782171706688,72.09782171706688,17900
2021-02-22,70.78190612792969,72.11759894377012,70.63349413760355,72.04834102142424,131300
2021-02-23,70.05963134765625,70.35645529814336,67.53665796270235,69.38683693529255,63700
2021-02-24,71.01935577392578,71.14798301245774,69.56493195870371,70.05963352586514,46400
2021-02-25,67.96211242675781,70.89074517405798,67.70486546525471,70.63349821255488,144600
2021-02-26,68.23914337158203,69.13949640398648,67.00238930887697,68.48649418412305,44200
2021-03-01,70.4850845336914,70.69285830776363,69.56493922077287,69.56493922077287,30800
2021-03-02,69.01087951660156,70.57413852733883,69.01087951660156,70.57413852733883,28500
2021-03-03,67.08155822753906,68.98121107664811,67.08155822753906,68.98121107664811,205300
2021-03-04,64.63770294189453,67.24972638490878,63.53946495465602,66.79460188862332,168100
2021-03-05,65.58755493164062,65.7161746613398,62.21368935281785,65.45893520194144,60900
2021-03-08,64.47940826416016,66.4582147725478,64.38046944845033,65.44902677463112,39200
2021-03-09,66.5472640991211,66.96281164866384,65.87446959334096,65.87446959334096,52900
2021-03-10,66.9331283569336,67.86316223702396,66.70556229832422,67.49708788208582,131100
2021-03-11,68.8327865600586,68.88225974396107,67.77412534205887,67.77412534205887,68200
2021-03-12,68.69427490234375,68.70417104943876,68.00169557666332,68.20946937436744,19200
2021-03-15,69.78260040283203,69.78260040283203,68.50626948030894,68.90203223550589,48100
2021-03-16,68.99110412597656,70.5345710529792,68.62502214135839,70.10912727841449,17600
2021-03-17,69.27800750732422,69.65398554769037,67.93242612398122,68.38755068204009,115400
2021-03-18,67.02217102050781,68.9317195088804,66.85397428724042,68.68436870752927,61800
2021-03-19,67.93242645263672,68.26881991296312,66.77481898678185,67.08153910780877,76600
2021-03-22,68.25892639160156,68.76352415003687,67.88295588351014,68.31829571812473,16800
2021-03-23,66.56705474853516,68.17978700542021,66.38896184742356,68.17978700542021,29000
2021-03-24,64.94444274902344,67.20028143834007,64.87518480851107,67.20028143834007,82300
2021-03-25,65.65680694580078,65.83489985084015,63.67800024471829,64.10344398739296,95700
2021-03-26,66.94303131103516,66.97271220244912,65.54796902619343,66.05256682587535,197400
2021-03-29,65.45892333984375,67.12111357092509,65.44902719364508,66.73524690320295,13600
2021-03-30,66.10203552246094,66.28012842773829,64.95433155954457,65.33030211577521,219200
2021-03-31,67.25963592529297,67.72464910972396,66.57694527061805,66.57694527061805,61000
2021-04-01,68.36776733398438,68.63491045535079,67.78402300333991,67.78402300333991,207000
2021-04-05,68.71406555175781,69.16919777465013,68.24905227801854,69.16919777465013,79500
2021-04-06,68.88226318359375,69.3472764121764,68.60522390787322,68.71405887905489,39200
2021-04-07,67.73455047607422,68.81300402162711,67.61581936003084,68.81300402162711,34900
2021-04-08,68.62501525878906,68.66459229763383,67.9917977343693,68.31830264342746,90800
2021-04-09,68.65469360351562,68.66458974999672,68.04126084700407,68.49639300255822,40900
2021-04-12,68.40734100341797,68.55575300258509,67.76422737272567,68.53596071013729,213500
2021-04-13,68.67448425292969,68.77342306972872,67.93243180411511,68.51617610721294,35900
2021-04-14,68.94160461425781,69.7628109548874,68.7832965034417,68.79319264750427,31300
2021-04-15,69.35717010498047,69.57484003964164,68.92183778420629,69.57484003964164,29500
2021-04-16,69.39673614501953,69.63419078676908,69.14938535820423,69.63419078676908,45600
2021-04-19,68.15008544921875,69.31758145436476,67.81369200549634,69.05044592838208,64700
2021-04-20,66.8935546875,68.18967053626787,66.30980284169112,67.84338090665979,66900
2021-04-21,68.51617431640625,68.56564749778663,66.65609894413838,66.65609894413838,43100
2021-04-22,68.55575561523438,69.77271744797775,68.10063100271222,68.66459058220143,29700
2021-04-23,69.88154602050781,70.0794311916807,68.94161599021582,68.94161599021582,18800
2021-04-26,71.20735168457031,71.2963943519846,70.15858667610372,70.32678341358466,125000
2021-04-27,71.23702239990234,71.66246603006584,70.98967162768047,71.52395020150531,29300
2021-04-28,71.18755340576172,71.37554241922287,70.78190204074451,71.16776866418279,25900
2021-04-29,70.45539855957031,71.70204866258071,69.78260410460962,71.70204866258071,16100
2021-04-30,69.45610809326172,70.3267878214715,69.25823045424026,70.20805670892979,25700
2021-05-03,69.06034851074219,70.49498017559849,69.03066007304616,70.49498017559849,54600
2021-05-04,67.80380249023438,68.53595877057832,67.10132709917433,68.53595877057832,13200
2021-05-05,67.57624816894531,68.32818923931484,67.33878594283568,68.32818923931484,36200
2021-05-06,66.87376403808594,67.34868093360693,65.98330712537452,67.34868093360693,27100
2021-05-07,68.05115509033203,68.30840205181006,67.26952560824141,67.26952560824141,31100
2021-05-10,65.93384552001953,67.92254857462542,65.93384552001953,67.92254857462542,23100
2021-05-11,65.9536361694336,66.24055652098546,64.01439880678217,64.02429495466126,103300
2021-05-12,63.717567443847656,65.6469006600121,63.57905160004854,65.2610340167792,26900
2021-05-13,64.1825942993164,65.12252440773358,63.04477900327852,64.22217133684055,26900
2021-05-14,66.08226013183594,66.26035306232534,64.83560961841015,65.00380640038637,16900
2021-05-17,65.98330688476562,65.99319548257003,65.16210035412385,65.74584466359705,17600
2021-05-18,65.80522155761719,66.69568611799032,65.75574836871637,66.18119212819748,44000
2021-05-19,65.181884765625,65.21157320453051,64.27163556810142,64.27163556810142,12700
2021-05-20,66.03276824951172,66.24054201818785,65.15219999479253,65.50838575496518,15400
2021-05-21,66.11192321777344,66.86387178265355,66.07234618293263,66.73524453228406,15200
2021-05-24,66.90345001220703,67.20026645599204,66.47800631575561,66.47800631575561,14900
2021-05-25,66.9331283569336,67.457510848043,66.89355132289077,67.41793381400018,10100
2021-05-26,68.15008544921875,68.2391356569109,67.2398363736261,67.2398363736261,18100
2021-05-27,69.1395034790039,69.2186575587683,68.38756236688778,68.38756236688778,17700
2021-05-28,69.01087951660156,69.87166309686658,68.9614063326543,69.65399316517556,53800
2021-06-01,69.46600341796875,69.8122930564336,68.80310503168633,69.8122930564336,16000
2021-06-02,71.2568130493164,71.2568130493164,69.4363148381002,69.93101642356727,41600
2021-06-03,69.68367004394531,70.6433923882988,68.68437066442235,70.31688750956145,21700
2021-06-04,69.97061157226562,70.36637445281536,69.80241480131045,70.06955040526579,25500
2021-06-07,71.46459197998047,71.58331552547192,70.35645774792995,70.35645774792995,23800
2021-06-08,72.35505676269531,72.46389172378983,71.82077810328975,72.09781735333345,10700
2021-06-09,71.62289428710938,72.3451619166677,71.54374022250492,72.3451619166677,5700
2021-06-10,71.3260726928711,71.70205073798142,70.84126724099167,71.68225844689808,15400
2021-06-11,72.35505676269531,72.35505676269531,71.53385780427443,71.72183928826229,241800
2021-06-14,72.60240173339844,72.97837976822073,72.55293610413827,72.91901044514258,7900
2021-06-15,72.19676208496094,72.6321019650156,71.94941125284777,72.61230967125947,26900
2021-06-16,71.65257263183594,71.98897362019524,70.98967434852533,71.89992341353812,14800
2021-06-17,71.88015747070312,72.00877719334846,71.13810493153251,71.42503281917101,18200
2021-06-18,70.62361145019531,71.8207886494813,70.41583764356373,71.12820929404273,19100
2021-06-21,71.89004516601562,71.98898398322967,70.88084960420774,70.88084960420774,17100
2021-06-22,72.37486267089844,72.4441206093021,71.43492487993534,71.66249099100405,18200
2021-06-23,72.8398666381836,73.0971060364186,72.4737847350143,72.4737847350143,99200
2021-06-24,73.64128112792969,73.74021993909349,73.36424943725207,73.40382647142708,102900
2021-06-25,74.05682373046875,74.07661602051147,73.53244127254095,73.92820403937887,40800
2021-06-28,74.83846282958984,74.85825512220065,74.27450326694847,74.79888579291615,44000
2021-06-29,74.7593002319336,75.24411321449546,74.56142261967568,74.91760836057756,41300
2021-06-30,74.55152893066406,74.77909498595037,74.30417813291896,74.58120981862591,258800
2021-07-01,74.82855987548828,75.03633363771131,74.35365057570628,75.03633363771131,44900
2021-07-02,74.44269561767578,74.91761248118192,74.14587918296347,74.79888137816852,12800
2021-07-06,73.70063781738281,74.57131741203531,73.29498645504901,74.52184423559483,55800
2021-07-07,72.77061462402344,73.95789554648765,72.30559387235142,73.83916443482202,118800
2021-07-08,72.39464569091797,72.66178883877907,70.58403563914455,71.16778757623251,51500
2021-07-09,73.58191680908203,73.59180540587361,72.80028739535845,73.03774204365828,15300
2021-07-12,73.3543472290039,73.62149030046959,73.12678873698908,73.62149030046959,26800
2021-07-13,72.21654510498047,73.04764780627158,72.21654510498047,73.04764780627158,14000
2021-07-14,70.77201843261719,72.66178240141366,70.77201843261719,72.66178240141366,10600
2021-07-15,70.13880920410156,70.90065407950675,69.56495339768841,70.35647916850304,18200
2021-07-16,69.57483673095703,70.71265198622737,69.50557880490828,70.71265198622737,13400
2021-07-19,69.16918182373047,69.6836681700026,68.20945950518596,68.20945950518596,23900
2021-07-20,71.14798736572266,71.40522676143232,69.2087504610744,69.39673948363304,18900
2021-07-21,72.34516143798828,72.38473847002865,71.52395500738152,71.5932129263154,236100
2021-07-22,71.97909545898438,72.34517742484437,71.56354785355327,72.34517742484437,24800
2021-07-23,72.49356842041016,72.52325685689416,71.68225810643486,72.27590605935843,189500
2021-07-26,72.28580474853516,72.46389764956733,72.08792710229868,72.40453586540605,26300
2021-07-27,71.46459197998047,71.9098203726672,70.61370467740625,71.83066630997497,29700
2021-07-28,72.50346374511719,72.78049542745345,71.48437967857427,71.66247255272576,23900
2021-07-29,72.98826599121094,73.55222547655612,72.73102661091094,72.86954244600997,134600
2021-07-30,72.74093627929688,73.36426526635867,72.51337771937673,72.51337771937673,52900
2021-08-02,72.47378540039062,73.47308475977769,72.40452747737652,73.47308475977769,38800
2021-08-03,72.72113800048828,72.77061118181244,71.9296123905877,72.325375195538,8500
2021-08-04,72.77061462402344,73.25542012003238,72.55294469357713,72.592521730799,35800
2021-08-05,73.5423583984375,73.63140108339185,72.8101944289171,72.8101944289171,16200
2021-08-06,73.31477355957031,73.80947514573279,72.99816484636821,73.80947514573279,12600
2021-08-09,73.38404083251953,73.64128780370346,73.07732822554323,73.07732822554323,28000
2021-08-10,72.91901397705078,73.70064342327282,72.89922923409785,73.66106638881946,15400
2021-08-11,73.15648651123047,73.25542533705726,72.26602198169218,72.83987773945557,71200
2021-08-12,73.12680053710938,73.24552410043259,72.81018423878608,73.12680053710938,8600
2021-08-13,72.70135498046875,73.07732550238268,72.58262387160485,73.07732550238268,20000
2021-08-16,72.21654510498047,72.44411118644952,71.78121278387385,71.89993634938104,5200
2021-08-17,71.13809967041016,71.68226696309465,70.46530511604435,71.59322428828287,22700
2021-08-18,70.69285583496094,71.56353548467163,70.63349405831607,71.09851477149385,13600
2021-08-19,70.1091079711914,70.63349043410796,69.80239540953387,69.94091124696288,12900
2021-08-20,71.05894470214844,71.11830648461144,70.09922229340653,70.09922229340653,51200
2021-08-23,72.22643280029297,72.26600983368044,71.68225802689925,71.68225802689925,12600
2021-08-24,73.1366958618164,73.1366958618164,72.51337445139507,72.62220942681687,10700
2021-08-25,73.50277709960938,73.76002408883072,73.13669513604626,73.13669513604626,22500
2021-08-26,72.77061462402344,73.60170976003879,72.77061462402344,73.48297864837316,10500
2021-08-27,74.48226928710938,74.65046601403577,73.05752630950438,73.05752630950438,11900
2021-08-30,74.66036987304688,74.81867801960219,74.2745032015032,74.2745032015032,7400
2021-08-31,74.45259857177734,74.70984554422348,74.2844018218714,74.70984554422348,7300
2021-09-01,75.14517974853516,75.3628496884813,74.60101244721815,74.76920920134077,17000
2021-09-02,75.70914459228516,75.85755661149634,75.40243195485124,75.40243195485124,49700
2021-09-03,75.71902465820312,75.74870554603179,75.40241594045195,75.64976673708715,9400
2021-09-07,75.16496276855469,75.85754199334463,75.16496276855469,75.85754199334463,7900
2021-09-08,74.48226928710938,75.00665175843702,74.23491849508335,75.00665175843702,17400
2021-09-09,74.56143951416016,75.26391500995713,74.42292364448463,74.47238928448374,11000
2021-09-10,74.08650970458984,75.05612817250021,74.08650970458984,75.05612817250021,12700
2021-09-13,73.86885070800781,74.57132611386356,73.59181145557862,74.57132611386356,15400
2021-09-14,73.34446716308594,74.30418961440078,73.3048901235056,74.30418961440078,11500
2021-09-15,74.05682373046875,74.05682373046875,73.16635939222016,73.35434840489123,13200
2021-09-16,74.53175354003906,74.53175354003906,73.7897010536951,73.9776825505561,4900
2021-09-17,74.07662200927734,74.40311933590858,73.76001327991997,74.21513785658696,12100
2021-09-20,72.52326965332031,72.90913636167681,71.69216690171109,72.40453853207653,22100
2021-09-21,72.78050231933594,73.07732632054496,72.36495475648165,72.95859521035176,4900
2021-09-22,74.05682373046875,74.27449362965696,73.3246675183741,73.38402929140835,6000
2021-09-23,74.81867980957031,74.94729952031268,74.02715415495305,74.30418586950468,7800
2021-09-24,74.18546295166016,74.502071706556,74.03705094655783,74.22503244104252,7500
2021-09-27,74.05682373046875,74.27449362965696,73.96778107091735,74.0469275854474,58300
2021-09-28,71.90982818603516,73.52255275874884,71.90982818603516,73.52255275874884,45800
2021-09-29,71.63279724121094,72.36495353702793,71.61300494890497,72.28579946489967,17700
2021-09-30,71.14798736572266,71.9197206499463,71.14798736572266,71.86035132524248,21000
2021-10-01,71.80099487304688,72.1967576900459,70.41582878782421,71.19745827554662,123800
2021-10-04,70.50487518310547,71.38544344017966,70.29710141387366,71.38544344017966,57000
2021-10-05,70.96990203857422,71.69216222047085,70.7423359581867,70.82149003384741,13400
2021-10-06,71.02925872802734,71.02925872802734,70.0101746097486,70.1585866038338,10400
2021-10-07,72.19676208496094,72.78050642544483,72.10771186015505,72.13740030078924,103800
2021-10-08,71.5041732788086,72.60241154736919,71.49428468074815,72.60241154736919,25700
2021-10-11,70.99958038330078,71.94940661151794,70.99958038330078,71.60311697860772,13200
2021-10-12,71.5041732788086,71.69216232163102,71.14799503492907,71.25682245343096,6800
2021-10-13,71.78120422363281,71.97908184157907,71.2865026302199,71.7020501570354,28800
2021-10-14,72.90912628173828,72.97838420575152,72.60240614806746,72.60240614806746,11900
2021-10-15,72.93880462646484,73.65117613349261,72.93880462646484,73.45329096568084,8500
2021-10-18,73.37415313720703,73.45329966515818,72.88934008005958,72.88934008005958,3500
2021-10-19,73.7501220703125,74.09641171176429,73.57202917634471,73.73032977734495,122500
2021-10-20,73.9677963256836,74.23493190797748,73.4829832507618,73.7303340874796,6700
2021-10-21,74.60100555419922,74.60100555419922,73.98757282999019,74.0172537193225,7400
2021-10-22,74.79888153076172,75.08580936888552,74.36354924925274,74.63068479589353,12900
2021-10-25,75.40242004394531,75.70913263292954,74.92751071574702,75.0957074549611,19300
2021-10-26,75.01656341552734,75.85755477260538,75.01656341552734,75.80808913310001,29100
2021-10-27,73.76990509033203,75.06602850167997,73.71054330991306,74.86814331937028,34900
2021-10-28,75.23422241210938,75.23422241210938,74.1161994812159,74.1161994812159,122300
2021-10-29,75.28369140625,75.35295688195403,74.95719406311287,75.28369140625,18900
2021-11-01,76.6490707397461,76.698536372959,75.6992445286143,75.6992445286143,58800
2021-11-02,77.51974487304688,78.1331776193347,76.54023774708791,76.7875885651567,12600
2021-11-03,78.13317108154297,78.30136781210439,77.13387174656803,77.13387174656803,10700
2021-11-04,78.07381439208984,78.46956965482956,77.92540239428857,78.44978491111168,8900
2021-11-05,78.47946166992188,79.0137403047542,78.08369887946674,78.67733929087575,16300
2021-11-08,78.78617095947266,79.07309878186636,78.59818949197454,78.93458294326899,33000
2021-11-09,78.56851196289062,78.865328394622,78.21232620597507,78.865328394622,14400
2021-11-10,76.89641571044922,78.3706243226537,76.41161026992103,78.07380790027909,14600
2021-11-11,77.54942321777344,77.72751610287871,77.34164944324189,77.46038054949463,19400
2021-11-12,77.7967758178711,77.87592989052763,77.55932114844931,77.75719878154283,10500
2021-11-15,77.82646942138672,78.10350114552165,77.53954155037603,78.10350114552165,20000
2021-11-16,78.03423309326172,78.23211071382194,77.7275129682818,77.85614021533857,9700
2021-11-17,77.31196594238281,78.10349152690306,77.13387306329314,78.10349152690306,18000
2021-11-18,77.11408996582031,77.62857632275228,76.43139932331952,77.62857632275228,7800
2021-11-19,76.67875671386719,77.10420044015703,76.589714039051,76.78759168211911,15800
2021-11-22,75.8971176147461,77.12397545377324,75.82785969355619,77.0448289356614,7800
2021-11-23,75.38264465332031,76.20384370783118,74.64059213096385,75.82787314731475,8600
2021-11-24,75.65967559814453,75.65967559814453,74.73953017807717,74.749426325199,6500
2021-11-26,73.51266479492188,74.36355219728392,72.93880909592463,74.36355219728392,11800
2021-11-29,73.8985366821289,74.76920888973656,73.57203177357042,74.76920888973656,6900
2021-11-30,72.06812286376953,73.265307335285,71.75151415313779,73.265307335285,11600
2021-12-01,70.26741790771484,73.52255561787263,70.23773701696278,73.36425501767894,9600
2021-12-02,72.028564453125,72.028564453125,70.35647043287854,70.50488244004775,12600
2021-12-03,70.16847229003906,71.51406122977026,69.60451277475079,71.51406122977026,24500
2021-12-06,71.02925872802734,71.45470241851287,70.17837134705628,70.58402274577175,338500
2021-12-07,73.17627716064453,73.74023681675946,72.36496664573271,72.36496664573271,8500
2021-12-08,73.7896957397461,73.96778862558526,73.11690123197012,73.61160285390693,18400
2021-12-09,72.14728546142578,73.17626577981325,72.1275007171607,73.00806903364219,10100
2021-12-10,71.54375457763672,72.59252727271257,71.19746491119362,72.59252727271257,7700
2021-12-13,70.68297576904297,71.59322501401549,70.51477146733528,71.59322501401549,6400
2021-12-14,70.06953430175781,70.80169055595243,69.61440973571536,70.10911133557202,22600
2021-12-15,71.3161849975586,71.42501995425107,69.26812066028256,70.0992157311552,70600
2021-12-16,70.02006530761719,72.03844886150165,69.7430336029062,72.03844886150165,7700
2021-12-17,70.69285583496094,71.00946455797917,69.5055750107794,69.5055750107794,17000
2021-12-20,69.7628173828125,69.77270597924,68.79319898608901,69.77270597924,17500
2021-12-21,71.80099487304688,71.80099487304688,70.4751981169302,70.4751981169302,15800
2021-12-22,72.43421173095703,72.43421173095703,71.692159286242,71.692159286242,10700
2021-12-23,72.87944793701172,73.04764467998052,72.54304690252626,72.56283164641466,34300
2021-12-27,73.69075775146484,73.7105424952032,72.58262338842216,72.96849005397632,22200
2021-12-28,73.15648651123047,74.01726259932703,73.12680561833729,74.01726259932703,114200
2021-12-29,73.3939437866211,73.5225635098689,72.8992420915235,73.23563562088643,19900
2021-12-30,73.41372680664062,74.13599458585949,73.41372680664062,73.88864374412748,29800
2021-12-31,73.3939437866211,73.73033731598403,73.37415904017867,73.37415904017867,5600
2022-01-03,73.3345718383789,73.70064621096097,72.86955110164709,73.70064621096097,23600
2022-01-04,72.82997131347656,73.71053957158892,72.325373559863,73.28509588688483,114200
2022-01-05,70.13880920410156,72.7607298278072,70.05965511731026,72.75083367982099,20400
2022-01-06,70.5147705078125,71.05894534715665,69.47590156253939,70.237738789073,20700
2022-01-07,69.38684844970703,71.02926149747209,69.38684844970703,70.52466371732709,72700
2022-01-10,68.88226318359375,68.88226318359375,67.53667403857345,68.87236703660948,26600
2022-01-11,70.1190185546875,70.1190185546875,68.62501737358738,69.22855402460966,41400
2022-01-12,70.05963134765625,70.94019950594227,69.68366088577966,70.70274487468056,50900
2022-01-13,68.89213562011719,70.50486751553113,68.85255859001322,70.31687850967388,102200
2022-01-14,68.51617431640625,68.73384423680362,67.39815137355794,68.35786617482721,48400
2022-01-18,66.46810913085938,67.78401723519404,66.44832438766868,67.78401723519404,34900
2022-01-19,65.5182876586914,67.07165053596951,65.50839151210927,67.0023926069908,66800
2022-01-20,64.50910186767578,66.83420601210837,64.42005918055246,65.88437205816398,12600
2022-01-21,63.123924255371094,64.60803284963445,63.05466633238014,64.11333124297124,129100
2022-01-24,64.29143524169922,64.35079702922948,60.52180321400328,61.709088030175565,67000
2022-01-25,63.133819580078125,64.02428019592773,62.24335518995483,63.193181356570555,43400
2022-01-26,62.5302848815918,64.85538473631163,62.40166140491419,64.26173675956151,37600
2022-01-27,61.27375030517578,63.69778551452953,61.03629183841119,63.26244939544778,148000
2022-01-28,62.73806381225586,62.787533222961066,60.561375772759824,61.352897666865445,187300
2022-01-31,64.81581115722656,64.83559590151759,62.639123180634726,62.639123180634726,86800
2022-02-01,65.64691162109375,65.66670391553968,64.31121859083987,65.09284815338515,26500
2022-02-02,65.5182876586914,66.06245494393897,64.86527785813658,65.9041543413654,119700
2022-02-03,64.16280364990234,65.07305289063076,64.08364957282642,64.4497315178914,343100
2022-02-04,64.52889251708984,64.98401718627605,63.697789715735304,63.95503671955327,9700
2022-02-07,64.47940826416016,65.0829448531022,64.25184974288233,64.62782026199878,31300
2022-02-08,65.52818298339844,65.60732950941849,64.3408945105214,64.45962562237351,20100
2022-02-09,67.21016693115234,67.24974396924911,66.46811445107126,66.48789919584556,45100
2022-02-10,66.30980682373047,68.05115877103572,65.89425924324628,66.08224828855742,20700
2022-02-11,65.08295440673828,66.61653269527434,64.69708768484449,66.2999239093987,13600
2022-02-14,64.68717193603516,65.57763623540738,64.32109762024356,65.04335765578405,15100
2022-02-15,66.23065948486328,66.25044422955209,65.11262892196784,65.11262892196784,55000
2022-02-16,66.46810913085938,66.6857790486949,65.73595285604247,65.78541848829299,12400
2022-02-17,64.48930358886719,65.83489260131526,64.4200456638977,65.83489260131526,13300
2022-02-18,63.81651306152344,64.95432837000442,63.668101056321895,64.44973057173843,22200
2022-02-22,62.73806381225586,63.99460647039345,62.30272771406629,63.321811916835145,21700
2022-02-23,61.372684478759766,62.86668555070652,61.35289596017333,62.856789404276306,18000
2022-02-24,63.173397064208984,63.252551137190366,59.28504192443622,59.482923332615734,22800
2022-02-25,64.85538482666016,64.91474660499883,63.17339480443763,63.48011493913184,19600
2022-02-28,65.03347778320312,65.38965600218246,64.11333247518313,64.11333247518313,24000
2022-03-01,64.13311767578125,65.13241706116571,63.87587071994464,65.00378980897358,17500
2022-03-02,65.73595428466797,65.93383191506565,64.5387772591022,64.5387772591022,24800
2022-03-03,64.7663345336914,66.09213878721225,64.48930283704313,66.09213878721225,22000
2022-03-04,63.54937744140625,64.0242867994228,63.21297639330872,64.0242867994228,18500
2022-03-07,60.947242736816406,63.40096628108972,60.89777332588671,63.361389242636314,16800
2022-03-08,61.224273681640625,62.43134307056928,60.7097835428047,60.907664946091415,11300
2022-03-09,63.32181167602539,63.579058649552735,62.43134718962165,62.43134718962165,21900
2022-03-10,63.05467224121094,63.104141651658274,62.13452686464897,62.3719853187799,9400
2022-03-11,62.10483932495117,63.51968242880251,62.02568525728956,63.499897686160786,23000
2022-03-14,60.85819625854492,62.19389299865735,60.60095305726816,61.70908371351859,9000
2022-03-15,62.02568817138672,62.07516135313642,61.046181070833896,61.432047733128876,11600
2022-03-16,64.29143524169922,64.29143524169922,62.75785697641139,62.8765843257463,11200
2022-03-17,65.5479736328125,65.55786978016204,64.25185762632567,64.25185762632567,12900
2022-03-18,66.5274658203125,66.5274658203125,65.15219604305216,65.15219604305216,7900
2022-03-21,66.02288818359375,66.55715934434191,65.55786740613847,66.55715934434191,10600
2022-03-22,66.77482604980469,66.99249598176777,66.3889593698876,66.3889593698876,18000
2022-03-23,65.5479736328125,66.50769611490223,65.50839659196308,66.50769611490223,8400
2022-03-24,66.13170623779297,66.13170623779297,65.46880790571402,65.86457069526249,18400
2022-03-25,66.04267120361328,66.29002203209123,65.57765043830702,66.29002203209123,14900
2022-03-28,66.32959747314453,66.36917451057371,65.3599789274998,65.88436146347732,11500
2022-03-29,68.10063171386719,68.189674388562,66.93313550484093,66.93313550484093,13700
2022-03-30,66.92322540283203,67.95220553761955,66.6659784819985,67.95220553761955,18500
2022-03-31,65.97341918945312,67.02218438070754,65.96352304183311,66.8342028672207,12700
2022-04-01,66.5274658203125,66.59672373900378,65.97340247078229,66.12181445327703,10100
2022-04-04,66.84408569335938,66.94303206391629,66.58684626584649,66.83419709514229,10400
2022-04-05,65.47871398925781,66.71546817646157,65.39955990962513,66.6561063910113,6500
2022-04-06,64.30130767822266,64.80590539104375,63.84618314160736,64.80590539104375,10600
2022-04-07,64.35078430175781,64.6871777626282,63.26243852957485,64.43982696544211,13800
2022-04-08,64.21226501464844,64.80590538634065,63.94512194083147,64.06385303458866,14600
2022-04-11,63.895668029785156,64.44973147182411,63.776936914256126,64.23206153429503,10400
2022-04-12,64.10343933105469,65.33029728301588,63.94513118316397,64.6377180073639,25000
2022-04-13,65.369873046875,65.43913097309135,64.33099660508175,64.33099660508175,7900
2022-04-14,64.83560180664062,65.64691227032992,64.80592091322679,65.64691227032992,14500
2022-04-18,64.58824157714844,64.88506556524815,64.33099462403186,64.76633446029875,8700
2022-04-19,66.01298522949219,66.04266611885663,64.57834600564686,64.57834600564686,13200
2022-04-20,66.42853546142578,66.82429828221854,66.15150375143524,66.42853546142578,42000
2022-04-21,64.88507080078125,66.90345445649763,64.67729701176536,66.90345445649763,20600
2022-04-22,62.945831298828125,64.64760225718327,62.797423081573065,64.64760225718327,16100
2022-04-25,63.400962829589844,63.41085142725369,61.73876504777689,62.24335905062865,29100
2022-04-26,61.323211669921875,63.094244355351876,61.323211669921875,63.094244355351876,16500
2022-04-27,61.35289764404297,61.94654189510693,61.21438178441027,61.41226320143159,15100
2022-04-28,62.609439849853516,62.78753274645997,60.79883376671992,61.610144173805324,22400
2022-04-29,60.68999481201172,62.77763624952442,60.640525404932156,62.26314611249449,16000
2022-05-02,60.96702575683594,61.343000039682266,59.631332910842694,60.65041702631497,15800
2022-05-03,61.798126220703125,61.91685732843301,61.075862299578745,61.075862299578745,8700
2022-05-04,63.47021484375,63.47021484375,61.11543424314956,61.95642542765579,18300
2022-05-05,60.660316467285156,62.698484808944485,60.10624927163923,62.698484808944485,7100
2022-05-06,59.59176254272461,60.30413415322951,59.12674176650344,60.05678331894578,26300
2022-05-09,56.6136589050293,58.602357907953994,56.43556600634659,58.602357907953994,19300
2022-05-10,56.77195739746094,57.75146446437057,55.60446130461657,57.75146446437057,48600
2022-05-11,55.77266311645508,58.13733640602646,55.77266311645508,56.732385527842695,9600
2022-05-12,56.43556213378906,56.98962553676114,55.38679333287583,55.48573592217361,48300
2022-05-13,58.325321197509766,58.60235289430438,57.96913543061738,58.05818187234048,14800
2022-05-16,58.05818176269531,58.6221413011186,58.00871235611453,58.06807413430195,6700
2022-05-17,59.70059585571289,59.70059585571289,58.59246520569308,59.24547123909616,12100
2022-05-18,57.06877899169922,58.9090696157451,56.811532036577844,58.9090696157451,11300
2022-05-19,57.365604400634766,57.998821925524105,56.67302131743424,56.67302131743424,22400
2022-05-20,57.24687194824219,58.01860526602934,56.0793758255892,58.01860526602934,14000
2022-05-23,58.09776306152344,58.31542922130839,57.44475703362044,57.44475703362044,13600
2022-05-24,57.08856964111328,57.642633058789464,56.306940149149845,57.642633058789464,16200
2022-05-25,58.5232048034668,58.78044799242915,56.89068790179274,56.89068790179274,13900
2022-05-26,60.06666946411133,60.15571590619238,58.928858008935414,58.928858008935414,8000
2022-05-27,61.847599029541016,61.847599029541016,60.43275577355743,60.43275577355743,9800
2022-05-31,61.016502380371094,61.44194612000672,60.729578279212134,61.234172323703056,20400
2022-06-01,60.80872344970703,61.1055436728324,60.017201596614754,60.72957315153476,10900
2022-06-02,62.174102783203125,62.223572192759704,60.769148151297216,60.769148151297216,14700
2022-06-03,61.748653411865234,61.95642717753764,61.422152319276265,61.441937061867634,24900
2022-06-06,61.99600601196289,62.52038851415945,61.857490164158044,62.52038851415945,12100
2022-06-07,62.935943603515625,62.97552064076703,61.94654031787451,61.95643269005035,9500
2022-06-08,61.758548736572266,62.609436131091655,61.55077496096372,62.609436131091655,11000
2022-06-09,60.412960052490234,61.70907581397467,60.412960052490234,61.115435410545395,31800
2022-06-10,58.82991409301758,59.46313154495719,58.58256328996156,59.42355828491626,5500
2022-06-13,55.91117477416992,57.10835554893846,55.74297803699946,57.01930910741475,11000
2022-06-14,55.68361282348633,56.405876731675384,55.09986476422753,56.405876731675384,20200
2022-06-15,56.23767852783203,56.92036538302795,55.74297692353171,56.25746704491689,27300
2022-06-16,53.309051513671875,54.80304885428825,53.111170096393614,54.80304885428825,19800
2022-06-17,53.33872985839844,53.83343149083555,52.89349763435025,53.586080674616994,14700
2022-06-21,54.15003967285156,54.456756040524695,54.11046263684073,54.229193744873236,9700
2022-06-22,53.67512512207031,54.20940377104658,53.140846473094044,53.140846473094044,15000
2022-06-23,54.00163650512695,54.04120977056895,53.25958399468162,53.902693905836365,18200
2022-06-24,55.89139175415039,55.89139175415039,54.66453005247319,54.66453005247319,13500
2022-06-27,56.32672882080078,56.603760530392684,55.96065066537234,56.16842444756627,7000
2022-06-28,55.53520584106445,56.87089872755588,55.53520584106445,56.78185228350486,7500
2022-06-29,54.91188049316406,55.723190857968,54.545802346672986,55.723190857968,17000
2022-06-30,54.080780029296875,54.793151557770535,53.645443969826175,54.11046091822535,12100
2022-07-01,54.76347351074219,54.76347351074219,53.74438927549159,54.01152863094329,6000
2022-07-05,54.78325653076172,54.78325653076172,53.457456033622655,53.85321884069581,8300
2022-07-06,54.43696975708008,54.723897618525775,53.902691071824094,54.169830414452086,47900
2022-07-07,55.98043441772461,56.05958471046615,55.36700172117785,55.36700172117785,73900
2022-07-08,55.792449951171875,56.17831662369293,55.485737352128965,55.50552209622454,42900
2022-07-11,55.05039596557617,55.42637025559346,54.92177248688823,55.16912329821758,7700
2022-07-12,54.58537673950195,55.159232449280495,54.496334068268,55.14934007723471,15300
2022-07-13,54.75357437133789,54.92177110716503,53.655336192741274,53.655336192741274,6000
2022-07-14,54.19951248168945,54.19951248168945,53.32884028046068,53.72459934258082,21200
2022-07-15,55.27796173095703,55.28785787762512,54.51612073130045,54.51612073130045,13900
2022-07-18,55.18891143798828,56.11895289775104,55.08007647786508,56.099164380067386,12400
2022-07-19,57.17761993408203,57.17761993408203,56.049700730175424,56.049700730175424,17000
2022-07-20,58.03839111328125,58.1373299228085,57.05888029215745,57.167715247201606,8200
2022-07-21,58.36490249633789,58.36490249633789,57.642634763889575,57.731681212117856,8900
2022-07-22,57.64263153076172,58.49351892737881,57.31613042175392,58.49351892737881,12800
2022-07-25,58.068077087402344,58.068077087402344,57.71189507734248,57.80093774915196,6000
2022-07-26,57.71189498901367,57.96913818048663,57.48432891382447,57.96913818048663,9900
2022-07-27,58.93875503540039,59.116847933627724,57.85041290114367,57.929563203536866,18300
2022-07-28,59.77974319458008,59.868789639006195,58.82002459829182,58.889282524592815,19400
2022-07-29,60.600948333740234,60.670206258465456,59.92815382988905,59.98751938291374,10600
2022-08-01,60.511905670166016,60.68010619376945,59.95783846349019,60.056781058043406,8000
2022-08-02,60.076568603515625,60.551481726853716,59.69070192669555,60.36349268738568,11100
2022-08-03,60.561370849609375,60.66031343725066,60.11613864090809,60.462432036241886,9200
2022-08-04,60.215084075927734,60.511904304339666,60.09635673941776,60.511904304339666,6000
2022-08-05,60.650421142578125,60.650421142578125,59.433455544367966,59.433455544367966,5600
2022-08-08,61.15502166748047,61.580465404671706,61.065975216108484,61.580465404671706,9400
2022-08-09,60.29423522949219,60.73946746555316,60.16561551906548,60.66031716485012,38400
2022-08-10,61.96632766723633,62.02568944771931,61.07586321725219,61.07586321725219,165300
2022-08-11,62.411563873291016,63.044781400660305,62.31262127571821,62.76774590173061,78900
2022-08-12,63.11403274536133,63.17339452343595,62.451130620762335,62.619331131945934,19700
2022-08-15,63.26244354248047,63.30202057899199,62.579756646889386,62.639122201656676,5600
2022-08-16,63.44054412841797,63.6483179215363,62.9359463173887,63.222874188423056,102400
2022-08-17,62.510498046875,63.005199675119165,62.223570196667644,62.75784886099708,24100
2022-08-18,63.133819580078125,63.21296987349259,62.63911797984822,62.797422340950845,28000
2022-08-19,61.936641693115234,62.62922472020606,61.86738376783354,62.51049738747656,13600
2022-08-22,60.77904510498047,61.21438119884374,60.69989102921947,61.046184449262725,10000
2022-08-23,60.97692108154297,61.59035001688235,60.818616718414305,61.34299921360169,5700
2022-08-24,61.40237045288086,61.59035572204885,60.9472420642375,60.9472420642375,7100
2022-08-25,62.1444206237793,62.17410151405257,61.60024580694298,61.77833869713051,9900
2022-08-26,60.19529342651367,62.1246305043025,60.19529342651367,62.1246305043025,5300
2022-08-29,59.96772766113281,60.40306370389884,59.829211819083326,60.13592439097186,7500
2022-08-30,58.82001876831055,59.275143317256806,58.63202975189144,59.275143317256806,37700
2022-08-31,58.57267379760742,58.92885957539988,58.45394646310124,58.75076668650365,11200
2022-09-01,57.850406646728516,57.94934545759191,57.05888106272654,57.94934545759191,8000
2022-09-02,57.612953186035156,58.69140292427133,57.523906738867986,58.67161440553707,3700
2022-09-06,57.26665496826172,57.76135653971529,57.197397050200095,57.76135653971529,5600
2022-09-07,58.444053649902344,58.444053649902344,57.17761861154918,57.17761861154918,5500
2022-09-08,58.91896057128906,58.91896057128906,57.99881528138219,57.99881528138219,6700
2022-09-09,60.12603759765625,60.20518789719569,59.51260862269813,59.51260862269813,11600
2022-09-12,60.749359130859375,60.887874977577546,60.49211218043384,60.591054766856644,8200
2022-09-13,58.26595687866211,59.42356064557352,58.12744102733186,59.18610220452604,5200
2022-09-14,58.562782287597656,58.829921642090405,58.08786913770196,58.4143740512845,6200
2022-09-15,58.00871658325195,58.899177289415974,57.72178872019145,58.899177289415974,18100
2022-09-16,57.00941467285156,57.187507561245,56.336620155426125,57.187507561245,116800
2022-09-19,57.494224548339844,57.573374847213806,56.267362834464926,56.267362834464926,19200
2022-09-20,56.49492263793945,56.95005098988872,56.16842153631095,56.95005098988872,20000
2022-09-21,55.68361282348633,57.35570670513421,55.68361282348633,56.6829122038097,52800
2022-09-22,54.2984504699707,55.65393184203789,54.199507882131684,55.65393184203789,96500
2022-09-23,52.89588165283203,53.38089421757627,52.203011954421214,53.38089421757627,39300
2022-09-26,52.04463577270508,53.38088865274669,51.90605807161264,53.04435035894903,41600
2022-09-27,52.27229690551758,53.12353732724139,51.836774510928656,52.76720597147298,159100
2022-09-28,54.06386184692383,54.29151954958741,52.509847781369906,52.509847781369906,44300
2022-09-29,53.17302703857422,53.21261689106072,52.47025335098765,52.99485948688818,113200
2022-09-30,52.97506332397461,54.00447501840333,52.806792289377476,53.02455347208331,88700
2022-10-03,54.66765213012695,54.94479998437881,53.905491755078025,53.905491755078025,9500
2022-10-04,56.65718460083008,56.65718460083008,55.69705992205876,55.69705992205876,24100
2022-10-05,56.70668029785156,56.86505104405353,55.62777840939552,55.994010052014495,22200
2022-10-06,56.44932174682617,57.03331454284567,56.31074782503446,56.40973189478296,5300
2022-10-07,54.855716705322266,55.84553479477974,54.647855812741724,55.835638275261964,63200
2022-10-10,54.60826110839844,54.77653214374035,54.311316442575624,54.74683880991495,5300
2022-10-11,54.49938201904297,55.15266176694488,53.68773153758471,54.07375996463728,5600
2022-10-12,54.509281158447266,54.64785508498889,53.88569471315366,54.43999419517645,28300
2022-10-13,55.598079681396484,55.75645419884823,53.24231537214652,53.24231537214652,50400
2022-10-14,53.9153938293457,55.88512975995389,53.89559701398074,55.88512975995389,8600
2022-10-17,55.370418548583984,55.49909594811947,54.905206647865995,54.905206647865995,105600
2022-10-18,56.30084991455078,56.825452255756,55.97420815623774,56.637388191666,19800
2022-10-19,55.419918060302734,55.8059465219914,55.004192487506614,55.65747229402355,61300
2022-10-20,54.7468376159668,56.04349684281465,54.60825991747246,55.94451654831775,13500
2022-10-21,55.865325927734375,55.89502303498,54.41029605180204,54.796324463291356,27700
2022-10-24,56.25136184692383,56.34044184700254,55.60797860118747,56.043497185838156,11900
2022-10-25,57.68659591674805,57.706392731252656,57.25107732521537,57.25107732521537,50300
2022-10-26,57.904361724853516,58.88428335388178,57.74599097202493,57.74599097202493,41700
2022-10-27,57.67669677734375,58.428956815064765,57.65689996373845,58.24089274959854,11100
2022-10-28,58.7754020690918,58.824892220801466,57.63710970048663,57.77568363561633,11500
2022-10-31,58.94366455078125,59.12183210314482,58.824887441157614,58.824887441157614,7200
2022-11-01,59.06243896484375,59.77510914177235,58.864478383124535,59.77510914177235,14900
2022-11-02,57.24117660522461,59.39897636588864,57.24117660522461,58.92386418021304,35500
2022-11-03,57.16199493408203,57.54802338664271,56.30085424945772,56.568105587966585,9500
2022-11-04,57.38965606689453,58.14191997777295,56.617599115706795,58.14191997777295,7800
2022-11-07,57.96375274658203,58.042936235851435,57.389656401988155,57.5480271563836,8600
2022-11-08,58.23099899291992,58.70611121441591,57.48863543885938,58.04293114267656,24700
2022-11-09,56.41963195800781,57.67670140385918,56.41963195800781,57.67670140385918,12300
2022-11-10,59.38908004760742,59.46826730008179,58.626919733893736,58.68631017324952,16600
2022-11-11,59.577144622802734,60.26012146579448,59.38908056033652,59.705822021256495,6900
2022-11-14,59.19112014770508,60.05226081597539,59.19112014770508,59.755316148556965,62400
2022-11-15,60.0423698425293,60.36901164995987,59.73552485153602,60.16114696529648,6900
2022-11-16,59.08224105834961,59.57715010858966,58.97336423901617,59.57715010858966,109200
2022-11-17,58.37946701049805,58.4982441169686,57.894458289827185,58.26068990402749,11100
2022-11-18,58.884281158447266,58.9337713088879,58.62692633478564,58.9337713088879,5800
2022-11-21,58.518043518066406,58.6665177396115,58.13201507307674,58.518043518066406,10600
2022-11-22,59.5870475769043,59.5870475769043,58.70611011341102,58.70611011341102,7000
2022-11-23,59.66623306274414,59.82460380559448,59.339595057552486,59.69593017292982,4500
2022-11-25,59.86419677734375,59.86419677734375,59.78501329471701,59.78501329471701,1800
2022-11-28,58.64672088623047,59.40888125633571,58.626924071647124,59.29010414469197,9600
2022-11-29,58.87437438964844,59.003051787331266,58.72590395465075,58.77539409964998,5900
2022-11-30,60.378902435302734,60.378902435302734,58.45865673355383,58.725908066288255,13700
2022-12-01,60.12155532836914,60.75503833218197,59.97308109741328,60.586767285374876,41200
2022-12-02,60.230430603027344,60.4580920915341,59.59694761550362,59.60684791110293,20900
2022-12-05,58.428955078125,59.448470181282055,58.32997478889701,59.448470181282055,5500
2022-12-06,57.62721252441406,58.10232477195964,57.320367545936996,58.10232477195964,25900
2022-12-07,57.44904327392578,57.81527491268972,57.44904327392578,57.5381270537177,25600
2022-12-08,57.74599075317383,58.092425593718225,57.64701044897731,57.90436150540221,173800
2022-12-09,57.18178939819336,57.85486597657589,57.18178939819336,57.617307982382435,12400
2022-12-12,58.04293441772461,58.09242456894985,57.280774006115124,57.41934793988839,20200
2022-12-13,58.4388542175293,59.71572031295572,58.151806098243185,59.51775596255647,8700
2022-12-14,58.22109603881836,58.86447926663066,57.92415138592658,58.43885721300519,4600
2022-12-15,56.8155632019043,57.5777198530617,56.75617275371973,57.5777198530617,6000
2022-12-16,56.30084991455078,56.43942383291774,55.855431051331216,56.201865847248605,116000
2022-12-19,55.54859161376953,56.47902305937591,55.36052753103417,56.47902305937591,19600
2022-12-20,55.73666000366211,56.01380787051534,55.380324874361385,55.380324874361385,8300
2022-12-21,56.75617218017578,56.86505277948558,56.18207584776286,56.29095644707266,20400
2022-12-22,55.84553527832031,55.84553527832031,55.01409170079906,55.75645527431994,16300
2022-12-23,56.322574615478516,56.322574615478516,55.59858354268336,55.59858354268336,87700
2022-12-27,55.99528884887695,56.382078236556126,55.836605926154746,56.352326370826745,17300
2022-12-28,54.99360656738281,56.02504751222144,54.93409904942306,56.02504751222144,24700
2022-12-29,56.08454895019531,56.21348000884523,55.41014557413328,55.41014557413328,7000
2022-12-30,55.92586898803711,55.92586898803711,55.35064477404145,55.598587093572235,10700
2023-01-03,55.11261749267578,56.292821550455,54.67624038012789,56.292821550455,62000
2023-01-04,55.71760177612305,56.025051633247536,55.370484020740385,55.420071731037936,7400
2023-01-05,55.06303024291992,55.24154901391974,55.06303024291992,55.24154901391974,2700
2023-01-06,56.33249282836914,56.33249282836914,55.53907818242299,55.53907818242299,12800
2023-01-09,56.6201057434082,57.215165770730344,56.57051803834792,56.82837637464101,6100
2023-01-10,57.26475524902344,57.26475524902344,56.520928349330354,56.53084437667459,4100
2023-01-11,58.02841567993164,58.02841567993164,57.542450878414414,57.542450878414414,15900
2023-01-12,58.871421813964844,58.9408453570658,57.939156320953145,58.33586552435804,17200
2023-01-13,59.178871154785156,59.238378673606356,58.395376298453684,58.395376298453684,13900
2023-01-17,59.15903854370117,59.43673272899682,59.05985934659592,59.16895457176194,120800
2023-01-18,58.306114196777344,59.645001149861066,58.256526491718574,59.45656635731799,7700
2023-01-19,57.64162826538086,57.9986658038969,57.41352178983994,57.9986658038969,5400
2023-01-20,58.633399963378906,58.633399963378906,57.67138631491269,57.77056173160417,29100
2023-01-23,59.357391357421875,59.42681490606871,58.78216712816242,58.78216712816242,7900
2023-01-24,59.178871154785156,59.37722576755625,58.980520325313634,59.20862680584553,10100
2023-01-25,59.30780029296875,59.327636131931115,58.50446962313993,58.64331671257704,19900
2023-01-26,59.86319351196289,59.86319351196289,59.188790108296416,59.56566348876874,9900
2023-01-27,59.98220443725586,60.160723206858066,59.78384982844235,59.78384982844235,5000
2023-01-30,59.13920593261719,59.883032926663304,59.13920593261719,59.44665200217775,5800
2023-01-31,60.58718490600586,60.58718490600586,59.66483918147503,59.66483918147503,4500
2023-02-01,61.42027282714844,61.757474539247816,60.17064139506854,60.23014891483889,15000
2023-02-02,61.99549102783203,62.332692707166636,61.578949779812426,61.846727917810426,11400
2023-02-03,61.60871124267578,62.1343515732086,61.44011226839345,61.44011226839345,6000
2023-02-06,60.98389434814453,61.271504562415885,60.98389434814453,61.271504562415885,7300
2023-02-07,61.89632034301758,61.916156182526855,60.89463503924616,61.073153811530105,11300
2023-02-08,61.39051818847656,61.86656697525729,61.231835259549655,61.61862466235278,3800
2023-02-09,60.61693572998047,61.68804834001605,60.61693572998047,61.65829268975987,15400
2023-02-10,60.73595428466797,60.73595428466797,60.40866859597666,60.458256304878454,7000
2023-02-13,61.45994186401367,61.45994186401367,60.81529033577243,60.81529033577243,5600
2023-02-14,61.697959899902344,61.99548989782164,61.07314803926157,61.08306406642923,6400
2023-02-15,62.134342193603516,62.134342193603516,61.41034734480124,61.41034734480124,11900
2023-02-16,61.41034698486328,62.134341829422084,61.41034698486328,61.569033688667375,6500
2023-02-17,61.013648986816406,61.023565015359075,60.785542497337914,60.9045537563485,4300
2023-02-21,59.48632049560547,60.35907851451002,59.46648465616451,60.32932664699835,5900
2023-02-22,59.69458770751953,60.01195355375478,59.40697751038712,59.58549627180686,12100
2023-02-23,60.27973556518555,60.44833830992634,59.66483967154757,60.28965537662301,9400
2023-02-24,59.8929443359375,59.98220371967077,59.297884299915346,59.36730784467461,4700
2023-02-27,60.07146453857422,60.448337921485184,59.98220515270845,60.349158724245704,9600
2023-02-28,59.96236801147461,60.478088476025,59.96236801147461,60.09129907343707,12200
2023-03-01,60.31940460205078,60.41858001228366,59.892943528110486,59.892943528110486,148100
2023-03-02,60.73595428466797,60.79545802203026,60.021879169923054,60.041715010143704,19900
2023-03-03,61.51944351196289,61.6087028931036,60.924383493224404,60.924383493224404,2600
2023-03-06,61.043399810791016,61.688051370720835,60.993812102327105,61.67813155904827,7400
2023-03-07,60.40866470336914,61.152491638864554,60.32932513089867,61.1128199609796,3900
2023-03-08,60.27973556518555,60.41858265891352,59.90286596315235,60.28965537662301,19200
2023-03-09,58.871421813964844,60.537594414986444,58.871421813964844,60.537594414986444,18200
2023-03-10,57.29450607299805,58.82183152059974,56.99697607518843,58.82183152059974,6200
2023-03-13,56.53084945678711,57.1854170360074,55.91595355710735,56.46142590924099,7800
2023-03-14,57.502784729003906,58.06809293883234,57.026735909322056,57.54245640980233,5700
2023-03-15,56.322574615478516,56.3523264812662,55.677923112550296,56.3523264812662,6300
2023-03-16,57.10607147216797,57.13582333705383,56.1043824769531,56.1043824769531,6000
2023-03-17,55.906036376953125,56.36225314654315,55.68784969580983,56.35233333454132,4000
2023-03-20,56.72920227050781,56.98706061273717,56.02504700586276,56.02504700586276,6700
2023-03-21,57.70112991333008,57.84989680034514,57.304420736822635,57.304420736822635,11200
2023-03-22,56.25315475463867,57.6416294762241,56.25315475463867,57.6416294762241,4100
2023-03-23,56.14405822753906,57.225086868682205,55.638253787970534,56.649858883808115,16200
2023-03-24,56.35561752319336,56.35561752319336,55.501442972030475,55.650424526324564,5300
2023-03-27,56.96147918701172,57.19985496689955,56.564191272337986,56.7131728195202,6000
2023-03-28,57.18992233276367,57.21971788336299,56.93168159805509,57.160122993310004,5600
2023-03-29,57.83551788330078,57.85538284709536,57.487890489031685,57.6368720342094,5500
2023-03-30,58.08382797241211,58.42152480086789,57.96464197085556,58.37186428262389,26600
2023-03-31,59.08698654174805,59.08698654174805,58.451319040404904,58.451319040404904,16800
2023-04-03,59.26576614379883,59.48427697499787,58.85854382401727,59.355156593938915,42500
2023-04-04,58.25267791748047,59.315428914458614,58.00437153895558,59.315428914458614,11700
2023-04-05,57.75606155395508,58.06395901923285,57.40843037241466,58.01429850439976,2800
2023-04-06,57.67660140991211,57.87524725710273,57.34883898257383,57.597145344348505,9700
2023-04-10,58.3619270324707,58.40165696065185,57.50775630970297,57.50775630970297,19900
2023-04-11,58.84860610961914,59.01745261229625,58.649960267933956,58.7095551570958,4500
2023-04-12,58.49104690551758,59.047254528743956,58.49104690551758,59.00752460090183,5200
2023-04-13,59.02739334106445,59.146579343361225,58.60030606157511,58.69962709867997,3400
2023-04-14,58.70956039428711,59.29556359566301,58.451319640403696,58.81881580640282,32700
2023-04-17,59.35515213012695,59.35515213012695,58.898269325484115,58.99759414531155,7000
2023-04-18,59.61339569091797,59.792176586204384,59.44454538365652,59.692851761681574,6100
2023-04-19,59.43461608886719,59.50414157311863,59.12671480942883,59.12671480942883,4400
2023-04-20,59.30548858642578,59.63325479183848,58.9876567569158,58.9876567569158,10000
2023-04-21,59.35515213012695,59.474341913919886,58.96779480493609,59.474341913919886,3800
2023-04-24,59.38494873046875,59.5637296090547,59.17637230173658,59.5637296090547,29400
2023-04-25,58.09376525878906,59.057191485307435,58.083830881329924,59.057191485307435,23200
2023-04-26,57.48788833618164,58.193077474635885,57.32897242063062,58.193077474635885,38500
2023-04-27,58.21294403076172,58.27253513269021,57.47795553319038,57.67660138027894,5500
2023-04-28,58.818817138671875,58.87840824564501,58.11362413236706,58.11362413236706,5700
2023-05-01,58.967796325683594,59.414748554297574,58.888340256626975,59.25583262732978,94600
2023-05-02,58.391727447509766,58.52084403319265,57.93484463158286,58.45131855202354,11100
2023-05-03,58.46125411987305,59.15651273458518,58.46125411987305,58.798950944798676,20800
2023-05-04,57.597145080566406,58.21294379406813,57.408429821615115,58.21294379406813,5300
2023-05-05,58.739356994628906,58.89827292721633,58.41159454129126,58.471185647977364,8900
2023-05-08,58.798946380615234,58.89826740835533,58.64996105015075,58.89826740835533,6800
2023-05-09,58.6102294921875,58.75921481850521,58.52083905416772,58.52083905416772,7400
2023-05-10,58.82874298095703,59.58359644512763,58.381790770442116,59.40481556092167,4600
2023-05-11,58.43145751953125,58.610234622365,58.12355625298924,58.610234622365,3700
2023-05-12,58.38179397583008,58.53077931713306,58.02423218778661,58.53077931713306,7300
2023-05-15,58.9876594543457,59.02738938206482,58.49104672442011,58.49104672442011,6200
2023-05-16,58.25267791748047,58.43145881312676,58.21294798759137,58.35199895334856,3200
2023-05-17,59.11677932739258,59.31542517546161,58.40165578988582,58.67976149272423,38000
2023-05-18,59.752445220947266,59.782240773161,59.057186621408555,59.136646479117914,21500
2023-05-19,59.335289001464844,59.633255873428,59.16643870774463,59.633255873428,4700
2023-05-22,59.54386901855469,59.6630550167462,59.40481805585549,59.48427412503165,4000
2023-05-23,58.759220123291016,59.74251503028048,58.759220123291016,59.47434369201063,5700
2023-05-24,58.302337646484375,58.530779056973515,57.9845057893817,58.530779056973515,6300
2023-05-25,58.54071044921875,58.56057541416743,58.20301362280046,58.56057541416743,4800
2023-05-26,59.11677932739258,59.25583028438458,58.65989652903189,58.65989652903189,6100
2023-05-30,59.007530212402344,59.46441305947207,58.848614274775706,59.46441305947207,5300
2023-05-31,58.22288131713867,58.7989539610918,58.04410041307425,58.7989539610918,6200
2023-06-01,58.94792938232422,59.13664464410082,58.12355422287008,58.222875253070285,44300
2023-06-02,60.715877532958984,60.715877532958984,59.881567938634525,59.881567938634525,10500
2023-06-05,60.32851791381836,60.50729501622511,59.88156568566507,60.378178430534376,33700
2023-06-06,61.470726013183594,61.5303209075827,60.21926354163939,60.21926354163939,3300
2023-06-07,62.15605163574219,62.42421917803818,61.719030004746834,61.72896438119008,16200
2023-06-08,62.106388092041016,62.28516898166474,61.76869127706893,61.91767661470688,17900
2023-06-09,61.77862548828125,62.334829331084556,61.719030595614676,62.13618726657167,10800
2023-06-12,62.3348274230957,62.47388216839476,61.828284111925264,61.828284111925264,9500
2023-06-13,63.030086517333984,63.059885857429755,62.81157949347349,62.841375044714816,10300
2023-06-14,62.65266799926758,63.218806245984055,62.13619027108059,63.159211350435854,9500
2023-06-15,62.87117004394531,63.02015537655275,62.38449169662256,62.38449169662256,17000
2023-06-16,62.46394729614258,63.06981542057265,62.265301450432894,63.06981542057265,9200
2023-06-20,62.215641021728516,62.3546919772601,61.848148669415856,62.23550598521223,10200
2023-06-21,62.19578170776367,62.46395305587136,62.0070702208085,62.305037122421034,5500
2023-06-22,61.96733856201172,62.195779973172094,61.94747359727761,62.195779973172094,5300
2023-06-23,61.4111328125,61.77862517662033,61.3316729560121,61.40119843601177,3600
2023-06-26,61.45085906982422,61.83821639880993,61.401198553851216,61.80842084699702,8000
2023-06-27,62.71469497680664,62.823989255041745,61.76086020526796,61.76086020526796,3900
2023-06-28,63.042579650878906,63.07238580392086,62.41662390557982,62.73456883870259,20200
2023-06-29,63.658592224121094,63.72814243560624,63.01276450009936,63.11212465236546,11400
2023-06-30,64.36402893066406,64.59255537399204,64.19512236582398,64.34416069143752,4800
2023-07-03,64.44352722167969,64.51307744055825,64.33423293766975,64.39384524516414,2000
2023-07-05,63.81757354736328,64.19513078541968,63.70827926627233,64.19513078541968,64700
2023-07-06,62.933284759521484,63.16180744110103,62.41662330065368,63.16180744110103,5400
2023-07-07,63.51949691772461,64.0361545903167,63.42014054765749,63.42014054765749,6400
2023-07-10,64.75152587890625,64.75152587890625,64.30441846969632,64.30441846969632,7200
2023-07-11,65.30793762207031,65.35761201364701,64.8608226154522,64.8608226154522,19300
2023-07-12,65.69542694091797,66.17234047601495,65.63580706372787,66.17234047601495,24700
2023-07-13,66.21209716796875,66.31145354170519,65.90409013526414,65.93389628934453,3100
2023-07-14,65.54639434814453,65.56626258867533,65.35761195128116,65.56626258867533,5200
2023-07-17,66.01337432861328,66.28163725473118,65.38741486699777,65.38741486699777,15100
2023-07-18,66.70887756347656,66.71881547362308,66.1326000614487,66.1326000614487,8700
2023-07-19,66.39093017578125,66.76848736275943,66.2220236116387,66.73868121384065,29900
2023-07-20,65.7252426147461,66.21209413000057,65.68549855099398,66.21209413000057,5500
2023-07-21,65.53645324707031,66.08292459012036,65.53645324707031,66.08292459012036,11000
2023-07-24,65.38741302490234,65.86433414505908,65.32780072753427,65.67555176285478,7200
2023-07-25,65.49671173095703,65.74510642737032,65.49671173095703,65.61594391418105,3700
2023-07-26,65.52651977539062,65.70536426519301,65.32780704467899,65.40729516912555,8200
2023-07-27,64.87076568603516,65.83453840806058,64.8409595326373,65.57620577793706,3700
2023-07-28,65.66561889648438,65.72523877883549,65.34767398542873,65.72523877883549,56200
2023-07-31,66.29157257080078,66.29157257080078,65.844457604227,65.98356559723508,5700
2023-08-01,65.81465911865234,65.88420933305211,65.37748959117013,65.6954345113412,87200
2023-08-02,64.57268524169922,64.90056807084696,64.37397251031533,64.89063016015633,8900
2023-08-03,64.2547378540039,64.5230083695081,63.976537008595486,64.09576919108675,5600
2023-08-04,64.05602264404297,64.8608189985099,64.02621649467815,64.62236222318714,6300
2023-08-07,64.50313568115234,64.56275556549537,64.33422909972437,64.33422909972437,11500
2023-08-08,63.99641418457031,64.10570087866287,63.44000490156496,63.77782563557585,10000
2023-08-09,63.71820831298828,64.18519158089298,63.47975151377916,64.18519158089298,9200
2023-08-10,63.50955581665039,64.11563949814422,63.21148293121802,64.00634522243847,8400
2023-08-11,63.4797477722168,63.60891028492439,63.28103125778677,63.28103125778677,34000
2023-08-14,63.956668853759766,63.956668853759766,63.12205873601585,63.3406472806727,24300
2023-08-15,63.19160842895508,63.57910733408602,63.141930248359486,63.57910733408602,25600
2023-08-16,62.486167907714844,63.39032443201507,62.44642384747694,63.06244541055786,53000
2023-08-17,61.41310501098633,62.27751747783951,61.353488920436995,62.2576454476564,8300
2023-08-18,61.691307067871094,61.89995770359886,60.876572765332156,60.876572765332156,4100
2023-08-21,61.92976760864258,62.048996001817535,61.542268697969966,61.88008563713425,5500
2023-08-22,61.8403434753418,62.19802864392987,61.70123926565502,62.19802864392987,6600
2023-08-23,62.43648910522461,62.55571749454779,62.01918405729022,62.01918405729022,7800
2023-08-24,61.522396087646484,62.47623459466443,61.522396087646484,62.47623459466443,5500
2023-08-25,61.850276947021484,62.029121424542296,61.18458100640679,61.20444924595166,4500
2023-08-28,62.366943359375,62.48617175723169,62.207970898831945,62.48617175723169,5000
2023-08-29,63.31084060668945,63.34064675700451,62.18809553232828,62.18809553232828,10400
2023-08-30,63.72814178466797,63.8871180266699,63.459875061593046,63.459875061593046,9600
2023-08-31,63.80763244628906,64.14544560338716,63.777826294828024,63.94673287337707,4900
2023-09-01,64.56275177001953,64.58262001002929,64.25473719683515,64.33422531768302,19000
2023-09-05,63.370452880859375,63.797692056140484,63.370452880859375,63.46981303220511,200500
2023-09-06,63.380393981933594,63.5393664418879,63.09225521382816,63.5393664418879,4500
2023-09-07,62.85379409790039,62.85379409790039,62.605399394432204,62.833925857001034,18400
2023-09-08,62.82398986816406,63.06245045847719,62.69482355715268,63.06245045847719,17300
2023-09-11,62.9730224609375,63.19160720937993,62.85379028156655,63.14192902974312,8500
2023-09-12,62.78424072265625,63.21147989432417,62.71469051240354,62.71469051240354,12600
2023-09-13,62.29738998413086,62.69481922022381,62.13841753165323,62.66501306982246,11600
2023-09-14,62.96308898925781,63.03263920369249,62.54578770264972,62.82398856038844,9800
2023-09-15,62.27751922607422,62.28745334634354,62.088740619338644,62.27751922607422,7300
2023-09-18,62.198028564453125,62.47623319326902,62.198028564453125,62.237772624312846,4800
2023-09-19,61.8403434753418,62.23777270384037,61.66149899594668,62.23777270384037,5800
2023-09-20,61.283939361572266,62.277518140079984,61.23426118068733,62.02912344545305,8600
2023-09-21,59.813446044921875,60.75734668705766,59.813446044921875,60.69773059306298,7200
2023-09-22,59.793575286865234,60.340042894411425,59.78363737588662,60.15126427804529,6000
2023-09-25,60.05189895629883,60.2605533766831,59.425947065752574,59.425947065752574,10500
2023-09-26,59.32658767700195,59.793570913576694,59.29678152665114,59.704148672322006,7400
2023-09-27,60.03203201293945,60.26055848273366,59.80350933334776,59.8233813650778,2900
2023-09-28,60.697731018066406,61.02561006182689,59.793574432262865,59.793574432262865,8700
2023-09-29,60.31023406982422,61.21439062849163,60.181067764242485,61.21439062849163,17000
2023-10-02,59.56504821777344,60.022093543845955,59.376265825115745,59.98234948326515,8500
2023-10-03,58.641021728515625,59.39613995523535,58.30320478204045,59.276911559480105,38900
2023-10-04,58.82979965209961,58.86954371362234,58.28333207187016,58.64102104517011,6900
2023-10-05,58.680763244628906,59.01858017644785,58.41249652316661,58.919220025793926,7300
2023-10-06,59.38620376586914,59.624660549071976,58.24358665989864,58.4124970223527,13500
2023-10-09,59.73395538330078,59.873055806513094,59.00864332640637,59.07819353801253,17600
2023-10-10,60.38971710205078,60.926250553490284,60.04196604474866,60.04196604474866,116800
2023-10-11,60.60830307006836,60.76727551667685,60.141319849942505,60.76727551667685,224700
2023-10-12,59.32658767700195,60.777211777176056,58.97883662223495,60.777211777176056,15400
2023-10-13,58.660892486572266,59.515370849714564,58.46217597115741,59.515370849714564,26200
2023-10-16,59.49549865722656,59.64453320073037,58.919221143112125,58.988771354787694,26400
2023-10-17,60.240684509277344,60.568563546748265,59.02851714423403,59.02851714423403,29500
2023-10-18,58.65095520019531,59.73395624101627,58.65095520019531,59.73395624101627,5800
2023-10-19,57.8262825012207,58.95896164027335,57.81634459146647,58.54165660524225,19300
2023-10-20,57.03142166137695,57.73686166293332,57.03142166137695,57.73686166293332,15900
2023-10-23,56.574371337890625,57.32949329275004,56.574371337890625,56.73334378256597,6300
2023-10-24,57.16058349609375,57.418916090088395,56.87244854307185,57.07116125820362,11700
2023-10-25,55.739768981933594,56.94200220656218,55.739768981933594,56.94200220656218,10400
2023-10-26,55.69009017944336,56.22662363336026,55.491373664266476,55.91861284532598,9800
2023-10-27,55.133689880371094,55.868936077868305,55.014457694126385,55.868936077868305,5600
2023-10-30,55.32246780395508,55.55099047278687,54.97471674055939,55.521184321696474,11300
2023-10-31,55.849063873291016,55.90867996622813,55.233046073750266,55.352274469422134,6600
2023-11-01,56.147132873535156,56.16700490313953,55.541053026511314,55.590731205421186,319100
2023-11-02,57.2202033996582,57.29968773296976,56.76315806006031,56.76315806006031,123100
2023-11-03,58.491981506347656,58.740376200451635,57.87596372622642,57.87596372622642,19900
2023-11-06,57.94551467895508,58.67082674019708,57.66731383086289,58.61121443857863,82900
2023-11-07,58.2038459777832,58.412496609160314,58.03493561652397,58.183973947623166,10700
2023-11-08,57.866031646728516,58.13429459044281,57.72692742935506,58.12436047001733,11400
2023-11-09,57.309627532958984,58.243590273825184,57.21027116549326,58.22371824229154,12100
2023-11-10,58.174034118652344,58.174034118652344,57.399043918983786,57.518272305809234,5400
2023-11-13,58.263458251953125,58.34294637255767,57.82628495923476,57.9355792299649,7400
2023-11-14,60.508949279785156,60.52881752002743,59.56504867978216,59.56504867978216,15100
2023-11-15,60.4990119934082,61.293874268376,60.43939969166206,60.73747257099969,34300
2023-11-16,59.664405822753906,60.31023355494667,59.406077003998185,60.31023355494667,68600
2023-11-17,60.2009391784668,60.2506173600425,59.92273832948106,60.01216057239823,16600
2023-11-20,60.52881622314453,60.54868825316329,60.15125902339463,60.25061538328625,16200
2023-11-21,60.10158157348633,60.30029429568327,60.05189960273486,60.29036017565432,27700
2023-11-22,60.65798568725586,60.826896056125065,60.39965686394118,60.40959098436767,14500
2023-11-24,60.92625427246094,61.005742399097564,60.81695999343681,60.81695999343681,3700
2023-11-27,60.99580001831055,61.09516016932509,60.727533295874615,60.727533295874615,7000
2023-11-28,60.60830307006836,61.05541426059289,60.54868698126439,61.00573608169063,11200
2023-11-29,60.90637969970703,61.60188561795016,60.89644557939316,60.89644557939316,38500
2023-11-30,61.59195327758789,61.59195327758789,61.20445435050665,61.35349269093809,13000
2023-12-01,63.370452880859375,63.370452880859375,61.88008472249333,61.88008472249333,19200
2023-12-04,63.748016357421875,63.76788459708103,63.122056892296335,63.13199480232806,15300
2023-12-05,63.15187072753906,63.44000570279534,62.923348055341556,63.410199551265954,83600
2023-12-06,62.90347671508789,63.89705174893562,62.85379474172344,63.867245597078885,9300
2023-12-07,63.16180419921875,63.16180419921875,62.76437116196472,63.00283174235761,13900
2023-12-08,63.68839645385742,63.837434782660445,63.29096722738627,63.57910597496431,7800
2023-12-11,64.06596374511719,64.08583198554864,63.78775531624471,63.936793650896675,45100
2023-12-12,64.15538024902344,64.46338723898545,63.90698555894972,63.90698555894972,7700
2023-12-13,65.75504302978516,65.75504302978516,63.847373618574316,64.28454312089072,24800
2023-12-14,67.05663299560547,67.37457791742703,66.54991325109306,66.54991325109306,27900
2023-12-15,66.81816864013672,67.16591967459938,66.54990572223811,67.02681926081432,14300
2023-12-18,66.99701690673828,67.05662920733559,66.83804066460621,66.977148666674,11900
2023-12-19,68.04027557373047,68.04027557373047,67.19572757887848,67.19572757887848,29200
2023-12-20,66.61946105957031,68.25886000263252,66.61946105957031,67.83162081870364,6900
2023-12-21,67.73226165771484,67.73226165771484,67.02682165393108,67.48386696988658,9300
2023-12-22,68.02265930175781,68.30111341205215,67.98287905924356,67.98287905924356,11800
2023-12-26,68.53978729248047,68.6094008200669,68.17183332694026,68.28122709704829,3600
2023-12-27,68.61934661865234,68.85802048244564,68.37072579757027,68.5099528503918,12400
2023-12-28,68.51990509033203,68.76852593058193,68.34089778185987,68.61935190897081,7300
2023-12-29,67.74420166015625,68.48011714004521,67.67458813621143,68.48011714004521,6800
2024-01-02,66.86905670166016,67.4160255657668,66.49115576929006,67.386192279962,21100
2024-01-03,65.00936889648438,65.65577690048626,65.00936889648438,65.60605729334245,18100
2024-01-04,64.99942779541016,65.40716199485924,64.9497005964822,65.06904132152611,15400
2024-01-05,65.04915618896484,65.47677672345517,64.88008826188805,64.91986850429993,9800
2024-01-08,66.19280242919922,66.19280242919922,64.96959228544765,64.96959228544765,8100
2024-01-09,65.93424224853516,66.25247658378136,65.57622767297005,65.61600791328895,13900
2024-01-10,66.22264099121094,66.27236819239924,65.89446726020734,65.91435358829926,8600
2024-01-11,66.16297149658203,66.16297149658203,65.29777589765239,66.02374444417254,6600
2024-01-12,65.98396301269531,66.67015889241605,65.85468291987618,66.67015889241605,8900
2024-01-16,65.67567443847656,65.84473476924595,65.32760682003811,65.51655347730183,6600
2024-01-17,65.34749603271484,65.34749603271484,64.91986791480211,64.9795344842254,9000
2024-01-18,65.94418334960938,65.94418334960938,65.14860128425707,65.75523668726477,7600
2024-01-19,66.40164184570312,66.40164184570312,65.5762265321864,65.60605981508033,85900
2024-01-22,67.4359130859375,67.7839883259614,66.79944435316558,66.79944435316558,28400
2024-01-23,67.10773468017578,67.25690110145878,66.80938666299926,66.90883347295635,25400
2024-01-24,66.32209777832031,67.89337572247321,66.27237057534398,67.89337572247321,10200
2024-01-25,66.63037872314453,67.0182265893247,66.28231109802198,67.0182265893247,6500
2024-01-26,66.5905990600586,66.94861364537923,66.56076577583275,66.68010650004138,23000
2024-01-29,67.83370208740234,67.85359600144433,66.67015849701532,66.67015849701532,12800
2024-01-30,67.3464126586914,67.69448030847262,67.27679912873516,67.59503349243595,7100
2024-01-31,66.13313293457031,67.2568962214273,66.06351941392084,67.10772981096753,17700
2024-02-01,67.08783721923828,67.15745074125869,66.00385414959126,66.4215352817137,8400
2024-02-02,67.42597198486328,67.48563855599625,66.39170842382704,66.60054901009798,7200
2024-02-05,66.48120880126953,66.908836934785,65.93424752455341,66.908836934785,19100
2024-02-06,67.10773468017578,67.10773468017578,66.63037937015439,66.63037937015439,11800
2024-02-07,67.51546478271484,67.74419926031928,66.96849598016391,66.96849598016391,7000
2024-02-08,68.58950805664062,68.58950805664062,67.6149111745725,67.6149111745725,8200
2024-02-09,69.22598266601562,69.2757098656117,68.7983545463277,68.86796807337898,3900
2024-02-12,69.73316955566406,70.02157061415878,69.42487458289789,69.42487458289789,8900
2024-02-13,67.68452453613281,68.55967461281863,67.27679036728989,67.97292557619475,9000
2024-02-14,69.3950424194336,69.3950424194336,68.58951338645046,68.68896019749815,5100
2024-02-15,70.77737426757812,70.77737426757812,70.0116254690223,70.24035237792756,18700
2024-02-16,69.99172973632812,70.65803929286761,69.95194949509404,70.08123717593114,20700
2024-02-20,69.14642333984375,69.56410450914788,68.88785555476262,69.56410450914788,8800
2024-02-21,68.57955932617188,68.7784605149718,68.20165844840885,68.73868027721181,8000
2024-02-22,69.73316955566406,69.73316955566406,69.38509434166014,69.38509434166014,6300
2024-02-23,70.33980560302734,70.48897202490788,69.8922835754699,70.16079830946543,23100
2024-02-26,71.0657730102539,71.19505310291717,70.42930432939522,70.42930432939522,5200
2024-02-27,71.8514175415039,71.92103106815571,71.61274367688421,71.61274367688421,20000
2024-02-28,71.88125610351562,72.07021037000253,71.50335515784775,71.50335515784775,5800
2024-02-29,72.52766418457031,72.86578484980176,72.2293161727619,72.81606523937043,6500
2024-03-01,73.33319091796875,73.33319091796875,72.45804841102958,72.79616906576578,10800
2024-03-04,73.38291931152344,73.73098692863849,73.33319211451915,73.65142644835362,10000
2024-03-05,72.01053619384766,72.99507249263688,72.00058923684429,72.76633800539034,19900
2024-03-06,72.81607055664062,73.26358501972713,72.69672982574158,73.04479747339838,18100
2024-03-07,73.47242736816406,73.53210152869576,73.32326093509944,73.37298055035237,8400
2024-03-08,73.41275787353516,74.66580897255473,73.28347777425513,74.10889315782073,7100
2024-03-11,72.80612182617188,73.4425905341916,72.68678109817861,73.4425905341916,9100
2024-03-12,73.17407989501953,73.20391317877049,72.64700498260542,72.93539845040154,5200
2024-03-13,73.4525375366211,73.6713250777565,73.33319680855483,73.50226473680841,5700
2024-03-14,72.46800231933594,73.50226588346189,71.98070002927577,73.50226588346189,40500
2024-03-15,72.37849426269531,72.55750156242001,72.10998710676104,72.13982039216424,5400
2024-03-18,72.39838409423828,72.74645171648551,72.32877056978883,72.66689123502753,6700
2024-03-19,72.80612182617188,72.81606878366435,72.06025934765137,72.06025934765137,7300
2024-03-20,73.94978332519531,73.94978332519531,72.69673216598707,72.69673216598707,9300
2024-03-21,74.94425964355469,75.15310021924685,74.45696496693964,74.45696496693964,35800
2024-03-22,74.35751342773438,74.82492179537572,74.11883955881525,74.82492179537572,19600
2024-03-25,74.44701385498047,74.80502841827368,74.44701385498047,74.52657433289113,15500
2024-03-26,74.50668334960938,74.85475097002471,74.50668334960938,74.68569063829513,7700
2024-03-27,75.37188720703125,75.37188720703125,74.77519876832481,74.81497900921259,10100
2024-03-28,75.19287872314453,75.68017338850098,75.19287872314453,75.54094634125627,11200
2024-04-01,74.67574310302734,75.15309839826094,74.60612957948338,75.05365159138456,187000
2024-04-02,73.48236846923828,73.78071648619945,73.15418716804204,73.78071648619945,8900
2024-04-03,73.8702163696289,74.12878414528244,73.09452062997353,73.09452062997353,7500
2024-04-04,72.99507904052734,74.74537185217456,72.93540488045936,74.74537185217456,65400
2024-04-05,73.76081848144531,73.99949991670032,72.97517582850016,72.97517582850016,9000
2024-04-08,74.14867401123047,74.20834816987873,73.84038660955262,73.84038660955262,5700
2024-04-09,73.97960662841797,74.30778791418741,73.23374420838098,74.30778791418741,19100
2024-04-10,72.71662139892578,73.10446927772257,72.41827337494114,72.41827337494114,6300
2024-04-11,73.06468200683594,73.15418185303854,72.48787992918126,72.63705392682363,4600
2024-04-12,71.73207092285156,72.48788028391485,71.41383660039934,72.48788028391485,9900
2024-04-15,70.53870391845703,72.31883001532576,70.41936318570458,72.31883001532576,7800
2024-04-16,70.43925476074219,70.65804230319834,70.00167967582986,70.31991403195549,8500
2024-04-17,69.8127212524414,70.81715146136314,69.8127212524414,70.81715146136314,4900
2024-04-18,69.43482208251953,70.44919168643881,69.39504184097099,70.31991159188502,4900
2024-04-19,69.3652114868164,69.67349888770892,68.92763639860335,69.28565100035847,7300
2024-04-22,70.15084838867188,70.47902967755539,69.49448581090486,69.77294749036372,4500
2024-04-23,71.5829086303711,71.66246152508275,70.90665970783844,70.90665970783844,8500
2024-04-24,71.37406158447266,71.98069699155407,70.85693361788627,71.61274303425587,71400
2024-04-25,70.88676452636719,71.05582485715159,70.12101576573457,70.39946986051007,75200
2024-04-26,71.22489929199219,71.4436792526867,70.77737723818103,70.7873241959917,22200
2024-04-29,71.48345947265625,71.62268653273595,71.19505839468951,71.41384594261639,5100
2024-04-30,70.04145812988281,71.14533518422338,70.04145812988281,71.02599445848469,30000
2024-05-01,70.12102508544922,71.26468248725526,69.70333630046635,70.12102508544922,8300
2024-05-02,71.4138412475586,71.4138412475586,70.72765295008041,71.32434139509392,24100
2024-05-03,72.16964721679688,72.32876817444313,72.16964721679688,72.32876817444313,2900
2024-05-06,73.35308837890625,73.35308837890625,72.77628625931433,72.85584674214878,44800
2024-05-07,73.70115661621094,73.9796107211273,73.56192956375276,73.64149004724466,8600
2024-05-08,73.24369812011719,73.47242503509041,73.00502424748689,73.08457714682658,9000
2024-05-09,73.90999603271484,73.94977627383528,73.2436940653842,73.3530878316391,7300
2024-05-10,73.71110534667969,73.72104471687629,73.66137814647468,73.66137814647468,5700
2024-05-13,73.33319091796875,74.23817429500659,73.33319091796875,74.23817429500659,11200
2024-05-14,73.94978332519531,74.02934381502254,73.73099577182337,73.88016979342297,64100
2024-05-15,74.96414947509766,74.96414947509766,74.50668806115137,74.77520280481247,8200
2024-05-16,74.07905578613281,74.82491822985591,74.07905578613281,74.82491822985591,7700
2024-05-17,74.08900451660156,74.32767837986056,73.90999722233099,74.1785043700842,12600
2024-05-20,74.45696258544922,74.54646243475243,74.2083417765337,74.2083417765337,7600
2024-05-21,74.44701385498047,74.44701385498047,74.17849913885817,74.24812024750858,4800
2024-05-22,73.7210464477539,74.41718933044122,73.4923195309738,74.41718933044122,7100
2024-05-23,72.97518157958984,73.8702180640708,72.85584843986267,73.8702180640708,6400
2024-05-24,73.85033416748047,73.85033416748047,73.73099343651953,73.780720637913,2800
2024-05-28,73.44258880615234,74.34757223403706,73.16413470135868,74.34757223403706,5500
2024-05-29,72.70667266845703,72.84589971963983,72.408324651748,72.60722585865577,11000
2024-05-30,72.65694427490234,73.03485276815894,72.63705794819127,72.67683818891854,14000
2024-05-31,73.15419006347656,73.16413702105037,72.20943395121493,73.16413702105037,9600
2024-06-03,72.577392578125,73.80060275462245,72.17959775159456,73.80060275462245,21400
2024-06-04,71.66246795654297,72.04037648638628,71.60280138332806,72.04037648638628,14100
2024-06-05,72.97518157958984,72.97518157958984,72.14976620969031,72.14976620969031,89500
2024-06-06,72.58733367919922,73.20391605439215,72.40832638235646,73.05474204247227,4900
2024-06-07,71.94091033935547,72.37848537099428,71.87129681953154,72.04036472822219,5200
2024-06-10,72.33871459960938,72.36854788525172,71.47351896675899,71.47351896675899,6800
2024-06-11,71.98069763183594,72.1000383577891,71.64257695592667,71.69229656792814,3100
2024-06-12,73.33319091796875,74.05916701093894,73.21385778679357,73.62159196381691,6500
2024-06-13,72.69672393798828,73.31330628340413,72.20942927073506,73.31330628340413,6900
2024-06-14,71.5829086303711,72.07020330494008,71.43373462341584,72.07020330494008,1600
2024-06-17,72.43815612792969,72.46799699869996,71.43373351051015,71.57296055821791,8800
2024-06-18,72.78623962402344,72.93540605833792,72.50778549689518,72.50778549689518,26000
2024-06-20,72.46800231933594,72.9552970220905,72.23926781713365,72.90556982112743,6000
2024-06-21,72.50778198242188,72.62711512408934,71.8713056818713,72.62711512408934,6100
2024-06-24,72.71662139892578,73.13430256265995,72.58733371445656,72.58733371445656,3800
2024-06-25,72.67684173583984,72.67684173583984,72.32877409662045,72.32877409662045,1500
2024-06-26,72.45805358886719,72.69672745557801,72.31882653434374,72.49783383120322,28900
2024-06-27,73.14424896240234,73.14424896240234,72.51771963427248,72.6768406024659,6200
2024-06-28,73.17407989501953,73.5221475176227,72.69672459308867,73.36302655454404,6700
2024-07-01,72.5177230834961,73.62160019410011,72.31882945109955,73.5619336218423,78300
2024-07-02,72.75640106201172,72.75640106201172,72.36854559899749,72.36854559899749,6600
2024-07-03,72.90556335449219,73.14424479317745,72.78623022245449,73.03485103060628,3500
2024-07-05,72.52766418457031,72.7961713253538,72.31882361122646,72.7961713253538,14500
2024-07-08,72.69672393798828,73.16413227868843,72.65694369757709,73.16413227868843,4400
2024-07-09,72.18953704833984,72.73650588267832,72.18953704833984,72.73650588267832,9600
2024-07-10,72.78623962402344,72.78623962402344,72.27905098543646,72.73651242104799,17600
2024-07-11,74.10889434814453,74.2680153227116,73.52215282586621,73.52215282586621,53800
2024-07-12,74.92436218261719,75.24260409695609,74.59618848623867,74.59618848623867,5000
2024-07-15,75.66029357910156,75.94869465532302,75.63046029316584,75.68017990729015,7500
2024-07-16,77.45035552978516,77.49013577167484,76.11775156935443,76.12769852665318,69800
2024-07-17,75.74979400634766,77.3807460730769,75.74979400634766,76.73433797346179,5800
2024-07-18,74.96414947509766,76.21720057513653,74.58624854722173,75.8790798902958,10200
2024-07-19,74.83486938476562,74.97409644175283,74.7453695284048,74.97409644175283,2400
2024-07-22,75.8890151977539,75.93874239571207,74.85475169612647,75.20282690722327,40100
2024-07-23,76.1475830078125,76.42603710698414,75.64039442014692,75.64039442014692,18100
2024-07-24,74.30779266357422,75.73985102951289,74.30779266357422,75.34205619594044,17800
2024-07-25,74.40724182128906,75.31222528588422,74.13873466286189,74.40724182128906,9100
2024-07-26,75.68017578125,75.80946346299702,75.30227486782431,75.391774720752,11400
2024-07-29,75.48128509521484,76.23709453875253,75.2127703513831,76.23709453875253,4200
2024-07-30,75.50117492675781,76.34648426592933,75.01388020443873,76.34648426592933,53300
2024-07-31,76.27686309814453,76.5851580684801,75.7299018568746,76.26692372839237,4800
2024-08-01,74.78514099121094,75.39177641010949,74.15861924476239,75.39177641010949,11700
2024-08-02,72.577392578125,72.9851267745224,71.87130277769822,72.9851267745224,11000
2024-08-05,70.81715393066406,71.56301639563887,69.06686122174438,69.0768081790562,7300
2024-08-06,71.94091033935547,72.69671968837581,70.75748050234851,71.31438866094003,46700
2024-08-07,71.05582427978516,73.08457099462848,71.00610467029641,73.08457099462848,7700
2024-08-08,72.9354019165039,72.9354019165039,71.51329807475776,71.61274488775537,14500
2024-08-09,73.0845718383789,73.1442459926813,72.73650421871938,72.86578430964862,2600
2024-08-12,72.577392578125,73.22380063551857,72.44810489680209,73.22380063551857,12000
2024-08-13,73.64149475097656,73.69121436585579,73.06469258977589,73.06469258977589,9500
2024-08-14,73.5718765258789,73.86027000077185,73.50226299964521,73.7111035783463,9000
2024-08-15,74.99398803710938,75.17298774429396,74.74536721627923,74.74536721627923,10100
2024-08-16,75.13321685791016,75.22271671360866,74.86470211620363,74.86470211620363,16200
2024-08-19,75.829345703125,75.87907289916375,75.30227080925566,75.35199041798955,7400
2024-08-20,75.1033706665039,75.86912700734102,74.93431033728713,75.86912700734102,22500
2024-08-21,76.30670928955078,76.30670928955078,75.27244571532874,75.55089983390666,29800
2024-08-22,75.77961730957031,76.69454762601289,75.77961730957031,76.69454762601289,10400
2024-08-23,77.51997375488281,77.51997375488281,76.5155510386833,76.5155510386833,6000
2024-08-26,77.16194915771484,77.92770548362202,77.16194915771484,77.78847844023977,44000
2024-08-27,77.15201568603516,77.15201568603516,76.73433452396016,76.73433452396016,5300
2024-08-28,76.49565124511719,77.08240031933782,76.36637115155241,76.81388558776568,5000
2024-08-29,76.913330078125,77.56969265790599,76.82383022850304,77.30118552173512,3900
2024-08-30,77.4603042602539,77.4603042602539,76.36637413881448,77.18185014795719,48600
2024-09-03,74.98403930664062,76.94317254242223,74.93431210872839,76.94317254242223,17800
2024-09-04,75.01387786865234,75.23266541517243,74.53652253194437,74.65586326294779,15100
2024-09-05,74.44701385498047,74.92436154783489,74.17849913885817,74.92436154783489,9800
2024-09-06,73.38291931152344,74.96414402383392,73.24369226467742,74.96414402383392,12200
2024-09-09,73.90999603271484,74.37740438174849,73.59176169105653,73.59176169105653,9600
2024-09-10,73.84038543701172,74.10889259109553,73.06468967265239,74.10889259109553,15800
2024-09-11,74.64591217041016,74.64591217041016,72.73650610395563,73.62159561144671,17700
2024-09-12,75.5707778930664,75.5707778930664,74.54646138867702,74.76524891142132,8300
2024-09-13,76.7243881225586,76.95311503269765,75.97852564746043,75.97852564746043,7700
2024-09-16,77.21168518066406,77.25146542436468,76.71444351536493,76.71444351536493,10700
2024-09-17,77.6094741821289,78.00726900185364,77.24151264610512,77.7487012309368,11600
2024-09-18,77.57964324951172,78.60395981991434,77.38074203996901,77.64925677602534,11700
2024-09-19,79.0116958618164,79.0116958618164,78.31556058046779,78.85258247778195,9300
2024-09-20,78.91224670410156,78.93214061858083,78.54429274659348,78.66362588424788,4400
2024-09-23,79.23048400878906,79.39954435164965,78.95202989412323,78.95202989412323,10400
2024-09-24,79.270263671875,79.270263671875,78.71335544661848,79.19070318617963,9500
2024-09-25,78.68351745605469,79.26031197459012,78.53434345112282,79.24042564800824,4400
2024-09-26,78.93809509277344,79.6269464718577,78.92810964211024,79.6269464718577,6600
2024-09-27,79.29749298095703,79.75672468222947,79.06787332198732,79.59699555932326,4800
2024-09-30,79.50714111328125,79.51712656359271,78.84824610939599,79.2675436224745,18600
2024-10-01,78.90814208984375,79.46720543007203,78.52877876849838,79.46720543007203,141700
2024-10-02,78.88817596435547,79.10781018035773,78.59866644326219,78.59866644326219,22800
2024-10-03,78.66854858398438,78.86821189654928,78.33909726325183,78.64857768272759,11600
2024-10-04,79.68684387207031,79.736763508675,79.03792667954521,79.736763508675,4200
2024-10-07,78.8781967163086,79.4472455309012,78.73843087529758,79.4472455309012,4200
2024-10-08,79.38733673095703,79.56703674908965,79.08784177851382,79.08784177851382,4100
2024-10-09,79.86654663085938,80.04624666544551,79.45722692337586,79.45722692337586,5300
2024-10-10,79.27753448486328,79.34741740848044,78.96804643741525,79.34741740848044,6000
2024-10-11,80.72510528564453,80.74506856915566,79.44724187426324,79.44724187426324,31500
2024-10-14,81.29415893554688,81.36404185701505,80.75505884850647,81.03459053437916,6100
2024-10-15,81.40397644042969,81.95305436416906,81.28417388161355,81.28417388161355,8600
2024-10-16,81.93309020996094,82.0329218662481,81.51379268355453,81.84324400430262,5200
2024-10-17,81.71345520019531,82.04290651773437,81.62360899541214,82.04290651773437,19100
2024-10-18,81.6136245727539,81.83325878721277,81.53375620082937,81.71345622932598,3300
2024-10-21,81.0146255493164,81.7334256502839,80.7350938693106,81.7334256502839,13400
2024-10-22,80.32577514648438,80.57535809472103,80.26587767624106,80.57535809472103,10200
2024-10-23,79.83659362792969,80.16604494317569,79.43725939278303,80.16604494317569,3200
2024-10-24,79.80664825439453,80.2159603405751,79.54707984811702,80.12611413263326,18100
2024-10-25,79.64691162109375,80.28584337848694,79.54707996212619,80.25589464246342,7000
2024-10-28,80.57535552978516,80.74507010118349,80.40564095838683,80.67518718256848,7700
2024-10-29,80.49549102783203,80.49549102783203,79.91646436720603,80.08617894675733,10800
2024-10-30,80.08617401123047,81.0046373910235,80.08617401123047,81.0046373910235,4000
2024-10-31,78.9680404663086,79.92643803916137,78.9680404663086,79.92643803916137,5500
2024-11-01,79.49715423583984,79.76670807274195,79.31745421679403,79.69682515515007,10600
2024-11-04,79.68684387207031,80.09616356556069,79.36737800113495,79.36737800113495,6200
2024-11-05,81.04457092285156,81.08450510643432,79.68683914770483,79.72677333128759,9700
2024-11-06,84.1294174194336,84.1294174194336,83.13108561961435,83.85987118481596,13300
2024-11-07,84.73839569091797,84.9380666097232,84.31909818642711,84.48881275491149,9700
2024-11-08,85.60694885253906,85.74671469031189,84.73839747495053,84.73839747495053,9300
2024-11-11,86.85486602783203,87.17433189706082,86.67516600034914,86.67516600034914,7900
2024-11-12,85.6968002319336,86.8648542562588,85.63690275974623,86.23590033162199,9900
2024-11-13,85.26752471923828,86.73506610209427,85.21760508138574,86.44554895921772,6200
2024-11-14,83.6302490234375,85.57700054498122,83.6302490234375,85.4871467250124,48100
2024-11-15,82.6718521118164,83.1610401671134,82.37235714836963,83.1610401671134,14400
2024-11-18,83.05122375488281,83.4605358266741,82.70180153627999,82.83158954318975,43100
2024-11-19,84.2392349243164,84.28915456120983,82.3124542369051,82.3124542369051,26400
2024-11-20,84.2691879272461,84.29913666152498,83.74006569387377,83.8399049636926,9300
2024-11-21,85.84654998779297,86.04622091927827,85.0578669459273,85.24755242667152,4800
2024-11-22,87.17433166503906,87.17433166503906,86.27583153001605,86.27583153001605,13200
2024-11-25,88.13272857666016,88.59196028279888,87.99296273638606,88.11276529233544,18200
2024-11-26,87.98297882080078,87.99296427147085,87.68348385070304,87.95303008545773,7900
2024-11-27,87.44387817382812,88.5320637898725,87.29413449807318,88.5320637898725,14600
2024-11-29,87.72341918945312,88.0628483500243,87.72341918945312,88.04288506508898,4000
2024-12-02,87.22425079345703,87.68348250053596,87.22425079345703,87.58365084537394,15200
2024-12-03,87.38397979736328,87.66351147809662,87.17433103681327,87.24421395699662,10100
2024-12-04,87.98297882080078,88.24254722155256,87.49379837130746,87.76335222272931,12500
2024-12-05,87.01460266113281,88.00294900270973,86.98464630936748,88.00294900270973,12200
2024-12-06,87.35403442382812,87.56368319244524,87.19429767630994,87.41393189581377,13100
2024-12-09,85.70677947998047,87.81326008834692,85.67683074605428,87.81326008834692,9700
2024-12-10,84.968017578125,85.80661260916264,84.968017578125,85.69679550509814,7200
2024-12-11,85.5570297241211,85.86651775245046,85.42724933589713,85.50711770557355,5500
2024-12-12,84.9780044555664,85.63689947435152,84.88815063406517,85.55703110338754,10900
2024-12-13,84.51000213623047,85.25,84.18000030517578,85.05000305175781,14200
2024-12-16,85.02999877929688,85.33000183105469,84.73999786376953,84.73999786376953,12300
2024-12-17,83.9800033569336,84.55999755859375,83.86000061035156,84.55999755859375,7400
2024-12-18,80.33999633789062,84.2300033569336,80.12000274658203,83.98999786376953,9000
2024-12-19,80.33999633789062,81.66000366210938,80.25,81.36000061035156,63800
2024-12-20,81.08000183105469,81.81999969482422,79.86000061035156,79.86000061035156,20300
2024-12-23,81.08000183105469,81.08000183105469,80.12000274658203,80.5199966430664,10900
2024-12-24,81.73999786376953,81.73999786376953,81.0199966430664,81.0199966430664,4000
2024-12-26,82.19999694824219,82.23999786376953,81.43000030517578,81.43000030517578,8700
2024-12-27,81.02999877929688,81.12999725341797,80.36000061035156,80.79000091552734,18000
2024-12-30,80.25,80.52999877929688,79.44999694824219,80.5,19500
2024-12-31,80.0,80.80000305175781,79.91000366210938,80.62000274658203,20900
2025-01-02,80.25,81.12999725341797,79.87999725341797,80.80999755859375,6800
2025-01-03,81.55999755859375,81.66999816894531,80.66999816894531,80.68000030517578,8500
2025-01-06,81.68000030517578,82.30999755859375,81.62000274658203,82.30999755859375,79900
2025-01-07,81.1500015258789,82.18000030517578,80.68000030517578,82.18000030517578,12700
2025-01-08,81.37999725341797,81.37999725341797,80.45999908447266,80.45999908447266,7300
2025-01-10,80.12000274658203,80.41000366210938,79.75,80.41000366210938,18600
2025-01-13,80.19999694824219,80.30000305175781,79.2699966430664,79.37000274658203,11500
2025-01-14,81.38999938964844,81.52999877929688,80.80999755859375,81.02999877929688,34700
2025-01-15,82.4800033569336,83.27999877929688,82.19999694824219,83.27999877929688,17300
2025-01-16,83.11000061035156,83.38999938964844,82.30000305175781,82.72000122070312,15400
2025-01-17,83.58000183105469,83.94000244140625,83.27999877929688,83.94000244140625,12700
2025-01-21,85.12999725341797,85.12999725341797,84.19999694824219,84.38999938964844,13500
2025-01-22,84.9800033569336,85.37000274658203,84.75,85.33999633789062,68400
2025-01-23,85.16999816894531,85.16999816894531,84.26000213623047,84.69999694824219,141200
2025-01-24,84.69000244140625,85.08999633789062,84.51000213623047,85.06999969482422,145700
2025-01-27,83.0,84.05000305175781,82.69999694824219,83.70999908447266,10882
