Price,Close,High,Low,Open,Volume
Ticker,FSTR,FSTR,FSTR,FSTR,FSTR
Date,,,,,
2020-01-28,18.209999084472656,18.559999465942383,17.959999084472656,18.469999313354492,21900
2020-01-29,17.979999542236328,18.3799991607666,17.979999542236328,18.209999084472656,18900
2020-01-30,17.3700008392334,17.81999969482422,17.100000381469727,17.81999969482422,22200
2020-01-31,16.959999084472656,17.299999237060547,16.670000076293945,17.299999237060547,32300
2020-02-03,16.940000534057617,17.469999313354492,16.68000030517578,17.15999984741211,30100
2020-02-04,17.09000015258789,17.559999465942383,16.809999465942383,17.40999984741211,23100
2020-02-05,18.719999313354492,19.010000228881836,17.219999313354492,17.360000610351562,55000
2020-02-06,18.68000030517578,18.860000610351562,18.34000015258789,18.780000686645508,36800
2020-02-07,17.950000762939453,18.440000534057617,17.559999465942383,18.059999465942383,30500
2020-02-10,18.290000915527344,18.43000030517578,17.6299991607666,17.739999771118164,13000
2020-02-11,18.079999923706055,18.5,17.950000762939453,18.399999618530273,10000
2020-02-12,18.40999984741211,18.600000381469727,18.15999984741211,18.350000381469727,20400
2020-02-13,18.350000381469727,18.559999465942383,18.110000610351562,18.25,11600
2020-02-14,18.030000686645508,18.59000015258789,17.829999923706055,18.360000610351562,14800
2020-02-18,17.940000534057617,18.030000686645508,17.479999542236328,17.860000610351562,17600
2020-02-19,17.899999618530273,18.389999389648438,17.809999465942383,18.389999389648438,15100
2020-02-20,17.8700008392334,18.239999771118164,17.739999771118164,17.8700008392334,32300
2020-02-21,17.56999969482422,18.09000015258789,17.559999465942383,17.920000076293945,16700
2020-02-24,17.079999923706055,17.25,16.489999771118164,16.93000030517578,27300
2020-02-25,16.5,17.09000015258789,15.979999542236328,16.90999984741211,26400
2020-02-26,15.949999809265137,17.0,15.399999618530273,16.8799991607666,37500
2020-02-27,16.040000915527344,16.3799991607666,14.680000305175781,15.449999809265137,45000
2020-02-28,15.760000228881836,16.15999984741211,15.489999771118164,15.489999771118164,59700
2020-03-02,15.949999809265137,16.270000457763672,15.380000114440918,16.010000228881836,36700
2020-03-03,15.380000114440918,16.0,15.0600004196167,16.0,39100
2020-03-04,16.799999237060547,16.799999237060547,15.430000305175781,15.470000267028809,23700
2020-03-05,15.65999984741211,16.56999969482422,15.5,16.290000915527344,40300
2020-03-06,15.65999984741211,15.680000305175781,15.010000228881836,15.010000228881836,38400
2020-03-09,14.789999961853027,15.069999694824219,14.180000305175781,14.460000038146973,41700
2020-03-10,14.420000076293945,15.180000305175781,13.760000228881836,15.09000015258789,46500
2020-03-11,12.609999656677246,14.609999656677246,12.390000343322754,14.0,19800
2020-03-12,10.890000343322754,12.680000305175781,10.880000114440918,11.609999656677246,35300
2020-03-13,11.59000015258789,13.069999694824219,11.010000228881836,11.5600004196167,45600
2020-03-16,9.149999618530273,10.119999885559082,9.109999656677246,9.4399995803833,53700
2020-03-17,10.609999656677246,10.609999656677246,8.119999885559082,9.550000190734863,59700
2020-03-18,8.75,9.9399995803833,7.960000038146973,9.670000076293945,71900
2020-03-19,10.930000305175781,10.979999542236328,8.569999694824219,8.640000343322754,70400
2020-03-20,11.40999984741211,12.029999732971191,9.90999984741211,10.789999961853027,65900
2020-03-23,10.779999732971191,11.649999618530273,9.880000114440918,11.59000015258789,57700
2020-03-24,10.9399995803833,11.829999923706055,10.75,11.010000228881836,81500
2020-03-25,10.899999618530273,11.520000457763672,10.720000267028809,10.989999771118164,56300
2020-03-26,11.260000228881836,11.5,10.979999542236328,11.199999809265137,89500
2020-03-27,10.949999809265137,11.40999984741211,10.229999542236328,11.0,59100
2020-03-30,11.600000381469727,11.619999885559082,10.850000381469727,11.069999694824219,50000
2020-03-31,12.359999656677246,12.520000457763672,11.479999542236328,11.529999732971191,51200
2020-04-01,11.010000228881836,12.199999809265137,10.9399995803833,12.199999809265137,112500
2020-04-02,12.479999542236328,13.029999732971191,11.010000228881836,11.010000228881836,39400
2020-04-03,11.9399995803833,12.34000015258789,11.539999961853027,12.34000015258789,40500
2020-04-06,13.449999809265137,13.550000190734863,12.489999771118164,12.489999771118164,34700
2020-04-07,13.399999618530273,14.220000267028809,13.369999885559082,13.850000381469727,60800
2020-04-08,13.399999618530273,13.770000457763672,13.020000457763672,13.770000457763672,34700
2020-04-09,14.5,14.569999694824219,13.520000457763672,13.520000457763672,42400
2020-04-13,14.300000190734863,14.510000228881836,13.670000076293945,14.510000228881836,28600
2020-04-14,13.789999961853027,15.029999732971191,13.510000228881836,14.850000381469727,42500
2020-04-15,14.170000076293945,14.680000305175781,12.739999771118164,13.260000228881836,63000
2020-04-16,13.930000305175781,14.100000381469727,13.460000038146973,14.0600004196167,51400
2020-04-17,14.239999771118164,14.65999984741211,13.949999809265137,14.3100004196167,38600
2020-04-20,13.289999961853027,14.100000381469727,13.119999885559082,14.100000381469727,40700
2020-04-21,12.680000305175781,13.260000228881836,12.420000076293945,12.779999732971191,22600
2020-04-22,12.260000228881836,12.859999656677246,12.239999771118164,12.779999732971191,12400
2020-04-23,12.550000190734863,13.050000190734863,12.260000228881836,12.260000228881836,22500
2020-04-24,12.619999885559082,12.699999809265137,12.119999885559082,12.5,27600
2020-04-27,14.229999542236328,14.229999542236328,12.979999542236328,13.020000457763672,38900
2020-04-28,14.25,14.789999961853027,14.050000190734863,14.720000267028809,37300
2020-04-29,14.579999923706055,15.430000305175781,14.0600004196167,14.890000343322754,59500
2020-04-30,14.390000343322754,14.90999984741211,13.979999542236328,14.130000114440918,28200
2020-05-01,13.829999923706055,14.430000305175781,13.4399995803833,13.930000305175781,56200
2020-05-04,13.3100004196167,13.880000114440918,13.029999732971191,13.600000381469727,22000
2020-05-05,12.699999809265137,13.779999732971191,12.609999656677246,13.489999771118164,34100
2020-05-06,11.880000114440918,12.680000305175781,11.420000076293945,12.180000305175781,74800
2020-05-07,12.050000190734863,12.319999694824219,11.850000381469727,12.180000305175781,47100
2020-05-08,12.029999732971191,12.819999694824219,11.779999732971191,12.460000038146973,85400
2020-05-11,11.779999732971191,11.979999542236328,11.619999885559082,11.869999885559082,32600
2020-05-12,10.789999961853027,11.869999885559082,10.75,11.779999732971191,35200
2020-05-13,10.180000305175781,10.859999656677246,9.770000457763672,10.789999961853027,45200
2020-05-14,10.010000228881836,10.359999656677246,9.289999961853027,9.90999984741211,40800
2020-05-15,10.84000015258789,10.90999984741211,10.020000457763672,10.020000457763672,31900
2020-05-18,11.760000228881836,11.899999618530273,11.079999923706055,11.180000305175781,70800
2020-05-19,11.5,11.6899995803833,11.239999771118164,11.5600004196167,33600
2020-05-20,11.760000228881836,12.34000015258789,11.579999923706055,11.649999618530273,33700
2020-05-21,11.319999694824219,11.890000343322754,11.270000457763672,11.850000381469727,20400
2020-05-22,11.210000038146973,11.460000038146973,11.0,11.460000038146973,20000
2020-05-26,12.039999961853027,12.039999961853027,11.350000381469727,11.760000228881836,18600
2020-05-27,13.510000228881836,13.649999618530273,12.149999618530273,12.40999984741211,45600
2020-05-28,12.4399995803833,13.729999542236328,12.4399995803833,13.729999542236328,28200
2020-05-29,12.220000267028809,12.520000457763672,11.779999732971191,12.390000343322754,24500
2020-06-01,12.460000038146973,12.859999656677246,12.399999618530273,12.399999618530273,25200
2020-06-02,12.729999542236328,13.270000457763672,12.550000190734863,12.680000305175781,27700
2020-06-03,14.100000381469727,14.40999984741211,12.84000015258789,13.130000114440918,47900
2020-06-04,14.609999656677246,14.84000015258789,13.350000381469727,13.949999809265137,26900
2020-06-05,15.90999984741211,16.610000610351562,14.90999984741211,15.0,76400
2020-06-08,15.970000267028809,16.5,15.210000038146973,16.190000534057617,53100
2020-06-09,15.460000038146973,16.059999465942383,15.34000015258789,15.779999732971191,25000
2020-06-10,14.529999732971191,15.489999771118164,14.520000457763672,15.489999771118164,23700
2020-06-11,12.510000228881836,13.960000038146973,12.460000038146973,13.8100004196167,30500
2020-06-12,13.079999923706055,13.279999732971191,12.25,13.279999732971191,27400
2020-06-15,13.130000114440918,13.130000114440918,12.380000114440918,12.529999732971191,32900
2020-06-16,13.430000305175781,13.90999984741211,13.270000457763672,13.5600004196167,41200
2020-06-17,13.3100004196167,13.630000114440918,13.1899995803833,13.4399995803833,28100
2020-06-18,13.0,13.319999694824219,12.960000038146973,13.100000381469727,21900
2020-06-19,12.289999961853027,13.199999809265137,12.25,13.180000305175781,59200
2020-06-22,12.369999885559082,12.539999961853027,11.850000381469727,12.279999732971191,35600
2020-06-23,12.479999542236328,12.710000038146973,12.34000015258789,12.710000038146973,21300
2020-06-24,11.510000228881836,12.430000305175781,11.510000228881836,12.430000305175781,28400
2020-06-25,11.579999923706055,11.850000381469727,11.380000114440918,11.380000114440918,37500
2020-06-26,11.15999984741211,11.510000228881836,10.930000305175781,11.470000267028809,88700
2020-06-29,12.880000114440918,12.9399995803833,11.15999984741211,11.15999984741211,51500
2020-06-30,12.770000457763672,13.09000015258789,12.550000190734863,12.899999618530273,29600
2020-07-01,11.619999885559082,12.729999542236328,11.470000267028809,12.670000076293945,22100
2020-07-02,12.369999885559082,12.640000343322754,12.020000457763672,12.020000457763672,29100
2020-07-06,12.380000114440918,12.710000038146973,11.65999984741211,12.710000038146973,22300
2020-07-07,12.149999618530273,12.25,12.0,12.130000114440918,30300
2020-07-08,11.84000015258789,12.210000038146973,11.569999694824219,12.0,30700
2020-07-09,11.460000038146973,11.880000114440918,11.170000076293945,11.800000190734863,35900
2020-07-10,11.699999809265137,11.850000381469727,11.210000038146973,11.210000038146973,13700
2020-07-13,12.119999885559082,12.470000267028809,11.850000381469727,11.899999618530273,27400
2020-07-14,12.65999984741211,12.789999961853027,12.029999732971191,12.029999732971191,37700
2020-07-15,14.09000015258789,14.40999984741211,12.859999656677246,13.09000015258789,52600
2020-07-16,13.529999732971191,14.4399995803833,13.319999694824219,14.210000038146973,21000
2020-07-17,13.329999923706055,13.65999984741211,13.199999809265137,13.460000038146973,48700
2020-07-20,13.199999809265137,13.390000343322754,12.899999618530273,13.3100004196167,20100
2020-07-21,13.1899995803833,13.5600004196167,13.050000190734863,13.34000015258789,18200
2020-07-22,12.760000228881836,13.109999656677246,12.710000038146973,13.0,13000
2020-07-23,12.800000190734863,12.90999984741211,12.739999771118164,12.770000457763672,17800
2020-07-24,13.180000305175781,13.3100004196167,12.890000343322754,12.979999542236328,18900
2020-07-27,13.5,13.5600004196167,13.119999885559082,13.119999885559082,13900
2020-07-28,13.529999732971191,13.680000305175781,13.279999732971191,13.369999885559082,15700
2020-07-29,14.140000343322754,14.270000457763672,13.720000267028809,13.720000267028809,38700
2020-07-30,14.199999809265137,14.300000190734863,13.729999542236328,13.930000305175781,20400
2020-07-31,14.0600004196167,14.210000038146973,13.729999542236328,14.09000015258789,34000
2020-08-03,14.680000305175781,14.760000228881836,14.34000015258789,14.34000015258789,41600
2020-08-04,14.170000076293945,14.800000190734863,14.170000076293945,14.800000190734863,46500
2020-08-05,14.720000267028809,14.720000267028809,14.1899995803833,14.630000114440918,28800
2020-08-06,14.59000015258789,14.890000343322754,14.59000015258789,14.789999961853027,16600
2020-08-07,15.15999984741211,15.229999542236328,14.489999771118164,14.489999771118164,25700
2020-08-10,15.869999885559082,16.25,15.020000457763672,15.3100004196167,57400
2020-08-11,15.40999984741211,16.290000915527344,15.40999984741211,16.209999084472656,39000
2020-08-12,15.390000343322754,15.770000457763672,15.1899995803833,15.720000267028809,37100
2020-08-13,15.119999885559082,15.569999694824219,15.109999656677246,15.199999809265137,18700
2020-08-14,15.199999809265137,15.300000190734863,15.020000457763672,15.109999656677246,19100
2020-08-17,15.180000305175781,15.229999542236328,14.930000305175781,15.100000381469727,21500
2020-08-18,14.850000381469727,15.1899995803833,14.729999542236328,15.1899995803833,14300
2020-08-19,14.819999694824219,15.100000381469727,14.739999771118164,14.960000038146973,15300
2020-08-20,14.579999923706055,14.760000228881836,14.479999542236328,14.729999542236328,22400
2020-08-21,14.25,14.569999694824219,13.960000038146973,14.5600004196167,43800
2020-08-24,14.960000038146973,15.109999656677246,14.390000343322754,14.520000457763672,28300
2020-08-25,15.600000381469727,15.6899995803833,15.09000015258789,15.239999771118164,54500
2020-08-26,14.890000343322754,15.430000305175781,14.510000228881836,15.430000305175781,24000
2020-08-27,15.0600004196167,15.550000190734863,14.899999618530273,14.899999618530273,49000
2020-08-28,15.0,15.5,14.899999618530273,15.15999984741211,20100
2020-08-31,14.949999809265137,15.079999923706055,14.84000015258789,14.90999984741211,23100
2020-09-01,15.270000457763672,15.489999771118164,14.600000381469727,14.869999885559082,20900
2020-09-02,14.40999984741211,15.390000343322754,14.239999771118164,15.369999885559082,27100
2020-09-03,14.270000457763672,14.5,13.789999961853027,14.350000381469727,32200
2020-09-04,14.539999961853027,14.729999542236328,14.020000457763672,14.510000228881836,19000
2020-09-08,14.180000305175781,14.399999618530273,14.0600004196167,14.399999618530273,16400
2020-09-09,14.850000381469727,14.880000114440918,14.229999542236328,14.279999732971191,27900
2020-09-10,14.430000305175781,14.850000381469727,14.079999923706055,14.850000381469727,27100
2020-09-11,13.979999542236328,14.65999984741211,13.930000305175781,14.420000076293945,25100
2020-09-14,14.399999618530273,14.510000228881836,14.100000381469727,14.270000457763672,21700
2020-09-15,14.399999618530273,14.59000015258789,14.25,14.59000015258789,14900
2020-09-16,14.65999984741211,14.869999885559082,14.489999771118164,14.489999771118164,19400
2020-09-17,14.619999885559082,14.729999542236328,14.520000457763672,14.520000457763672,8600
2020-09-18,14.34000015258789,14.779999732971191,14.220000267028809,14.779999732971191,55600
2020-09-21,13.359999656677246,14.1899995803833,13.100000381469727,14.0,39100
2020-09-22,13.09000015258789,13.489999771118164,12.899999618530273,13.420000076293945,24700
2020-09-23,12.180000305175781,13.369999885559082,11.90999984741211,13.100000381469727,33800
2020-09-24,12.260000228881836,12.800000190734863,12.220000267028809,12.25,16900
2020-09-25,12.15999984741211,12.34000015258789,12.15999984741211,12.289999961853027,12200
2020-09-28,12.670000076293945,12.789999961853027,12.369999885559082,12.369999885559082,30900
2020-09-29,12.520000457763672,12.880000114440918,12.1899995803833,12.680000305175781,22400
2020-09-30,13.420000076293945,13.850000381469727,12.6899995803833,12.6899995803833,41400
2020-10-01,13.25,13.649999618530273,13.069999694824219,13.5600004196167,20700
2020-10-02,13.979999542236328,14.170000076293945,12.149999618530273,13.100000381469727,28600
2020-10-05,14.289999961853027,15.0,13.989999771118164,15.0,38500
2020-10-06,15.449999809265137,16.079999923706055,14.460000038146973,14.550000190734863,70500
2020-10-07,15.039999961853027,15.84000015258789,13.9399995803833,15.84000015258789,75000
2020-10-08,15.029999732971191,15.359999656677246,14.699999809265137,15.359999656677246,17500
2020-10-09,14.989999771118164,15.649999618530273,14.880000114440918,15.34000015258789,29200
2020-10-12,14.989999771118164,15.34000015258789,14.739999771118164,14.989999771118164,28900
2020-10-13,14.75,15.649999618530273,14.40999984741211,14.760000228881836,20800
2020-10-14,14.6899995803833,15.100000381469727,14.5600004196167,14.6899995803833,13400
2020-10-15,14.819999694824219,15.109999656677246,14.359999656677246,14.359999656677246,30300
2020-10-16,14.8100004196167,14.880000114440918,14.520000457763672,14.649999618530273,24100
2020-10-19,15.0,15.460000038146973,14.8100004196167,15.0,33000
2020-10-20,15.010000228881836,15.260000228881836,14.770000457763672,15.100000381469727,15800
2020-10-21,15.329999923706055,15.329999923706055,14.850000381469727,14.859999656677246,22900
2020-10-22,15.25,15.569999694824219,15.010000228881836,15.050000190734863,17600
2020-10-23,15.0,15.489999771118164,14.75,14.979999542236328,15400
2020-10-26,14.670000076293945,14.90999984741211,14.050000190734863,14.880000114440918,42600
2020-10-27,14.220000267028809,14.640000343322754,13.779999732971191,14.640000343322754,26700
2020-10-28,13.65999984741211,14.100000381469727,13.520000457763672,13.859999656677246,54100
2020-10-29,13.720000267028809,14.039999961853027,13.489999771118164,13.699999809265137,21900
2020-10-30,13.5600004196167,14.020000457763672,13.15999984741211,14.020000457763672,47700
2020-11-02,13.949999809265137,14.479999542236328,13.640000343322754,13.760000228881836,21800
2020-11-03,14.0600004196167,14.329999923706055,13.84000015258789,14.329999923706055,28900
2020-11-04,13.670000076293945,13.84000015258789,13.40999984741211,13.649999618530273,16600
2020-11-05,13.800000190734863,13.979999542236328,13.319999694824219,13.600000381469727,30300
2020-11-06,13.550000190734863,14.229999542236328,13.5,13.850000381469727,28400
2020-11-09,14.449999809265137,15.40999984741211,14.0,14.770000457763672,49200
2020-11-10,14.84000015258789,15.25,14.369999885559082,14.59000015258789,59200
2020-11-11,14.5,15.149999618530273,14.390000343322754,15.029999732971191,19600
2020-11-12,14.119999885559082,14.720000267028809,13.260000228881836,14.550000190734863,41900
2020-11-13,14.100000381469727,14.260000228881836,13.600000381469727,13.970000267028809,35500
2020-11-16,14.859999656677246,14.989999771118164,14.329999923706055,14.609999656677246,34900
2020-11-17,14.84000015258789,15.180000305175781,14.470000267028809,14.649999618530273,22700
2020-11-18,14.859999656677246,15.100000381469727,14.680000305175781,15.010000228881836,25200
2020-11-19,14.779999732971191,14.819999694824219,14.279999732971191,14.770000457763672,39200
2020-11-20,14.380000114440918,14.65999984741211,14.260000228881836,14.569999694824219,55200
2020-11-23,14.789999961853027,14.949999809265137,14.600000381469727,14.600000381469727,19800
2020-11-24,14.600000381469727,15.100000381469727,14.520000457763672,15.100000381469727,50200
2020-11-25,14.609999656677246,14.640000343322754,14.15999984741211,14.600000381469727,41400
2020-11-27,14.649999618530273,14.649999618530273,14.149999618530273,14.609999656677246,13800
2020-11-30,14.5600004196167,14.710000038146973,14.390000343322754,14.670000076293945,29600
2020-12-01,14.979999542236328,15.109999656677246,14.609999656677246,14.729999542236328,40100
2020-12-02,15.050000190734863,15.09000015258789,14.789999961853027,14.960000038146973,15700
2020-12-03,14.739999771118164,15.199999809265137,14.550000190734863,15.199999809265137,31700
2020-12-04,15.119999885559082,15.15999984741211,14.779999732971191,14.779999732971191,29300
2020-12-07,14.949999809265137,15.149999618530273,14.890000343322754,15.149999618530273,28700
2020-12-08,15.010000228881836,15.130000114440918,14.510000228881836,14.880000114440918,40600
2020-12-09,14.989999771118164,15.449999809265137,14.890000343322754,15.1899995803833,57500
2020-12-10,15.210000038146973,15.279999732971191,15.0,15.100000381469727,17700
2020-12-11,15.1899995803833,15.25,14.850000381469727,14.850000381469727,29700
2020-12-14,15.010000228881836,15.329999923706055,14.970000267028809,15.260000228881836,17700
2020-12-15,15.470000267028809,15.699999809265137,15.210000038146973,15.260000228881836,53000
2020-12-16,15.100000381469727,15.640000343322754,15.0600004196167,15.630000114440918,26200
2020-12-17,15.25,15.390000343322754,15.069999694824219,15.199999809265137,50600
2020-12-18,14.789999961853027,15.460000038146973,14.699999809265137,15.420000076293945,86500
2020-12-21,14.569999694824219,14.819999694824219,14.520000457763672,14.609999656677246,90200
2020-12-22,14.319999694824219,14.899999618530273,14.020000457763672,14.729999542236328,53100
2020-12-23,14.75,14.979999542236328,14.25,14.890000343322754,39800
2020-12-24,14.710000038146973,15.100000381469727,14.6899995803833,15.100000381469727,8400
2020-12-28,15.010000228881836,15.329999923706055,14.859999656677246,14.920000076293945,32100
2020-12-29,14.789999961853027,15.149999618530273,14.539999961853027,15.149999618530273,32400
2020-12-30,15.130000114440918,15.34000015258789,14.710000038146973,14.880000114440918,39500
2020-12-31,15.050000190734863,15.279999732971191,14.979999542236328,15.279999732971191,44100
2021-01-04,14.65999984741211,15.199999809265137,14.449999809265137,15.100000381469727,32800
2021-01-05,14.859999656677246,15.270000457763672,14.729999542236328,14.75,180400
2021-01-06,15.539999961853027,16.079999923706055,15.15999984741211,15.210000038146973,77200
2021-01-07,16.0,16.239999771118164,15.59000015258789,15.8100004196167,98100
2021-01-08,15.569999694824219,16.170000076293945,15.329999923706055,16.170000076293945,43500
2021-01-11,15.920000076293945,16.139999389648438,15.460000038146973,15.460000038146973,61000
2021-01-12,16.030000686645508,16.06999969482422,15.8100004196167,16.059999465942383,30200
2021-01-13,15.5,16.100000381469727,15.369999885559082,16.100000381469727,54500
2021-01-14,15.4399995803833,15.9399995803833,15.420000076293945,15.760000228881836,58800
2021-01-15,15.010000228881836,15.359999656677246,14.979999542236328,15.279999732971191,54500
2021-01-19,14.84000015258789,15.420000076293945,14.630000114440918,15.109999656677246,55900
2021-01-20,15.079999923706055,15.199999809265137,14.869999885559082,14.989999771118164,29500
2021-01-21,15.079999923706055,15.300000190734863,14.979999542236328,15.229999542236328,30500
2021-01-22,15.550000190734863,15.579999923706055,14.90999984741211,14.970000267028809,31900
2021-01-25,15.380000114440918,15.699999809265137,15.029999732971191,15.5,43500
2021-01-26,15.109999656677246,15.470000267028809,15.050000190734863,15.470000267028809,35700
2021-01-27,15.0600004196167,15.170000076293945,14.859999656677246,15.0,52000
2021-01-28,15.119999885559082,15.329999923706055,15.0600004196167,15.1899995803833,44600
2021-01-29,15.149999618530273,15.420000076293945,14.949999809265137,15.220000267028809,56800
2021-02-01,15.149999618530273,15.359999656677246,14.979999542236328,15.229999542236328,61600
2021-02-02,15.289999961853027,15.380000114440918,15.020000457763672,15.329999923706055,24400
2021-02-03,15.949999809265137,15.989999771118164,15.149999618530273,15.210000038146973,61900
2021-02-04,16.600000381469727,16.729999542236328,15.829999923706055,15.920000076293945,52600
2021-02-05,16.520000457763672,16.760000228881836,16.18000030517578,16.760000228881836,45800
2021-02-08,16.65999984741211,16.860000610351562,16.43000030517578,16.520000457763672,31400
2021-02-09,16.59000015258789,16.950000762939453,16.479999542236328,16.950000762939453,43500
2021-02-10,16.260000228881836,16.739999771118164,15.9399995803833,16.739999771118164,42600
2021-02-11,16.43000030517578,16.600000381469727,16.09000015258789,16.469999313354492,33600
2021-02-12,16.399999618530273,16.489999771118164,16.110000610351562,16.270000457763672,28100
2021-02-16,17.389999389648438,17.5,16.520000457763672,16.59000015258789,54500
2021-02-17,17.81999969482422,17.8700008392334,17.280000686645508,17.479999542236328,44800
2021-02-18,17.579999923706055,17.709999084472656,17.270000457763672,17.68000030517578,45300
2021-02-19,17.6299991607666,17.84000015258789,17.440000534057617,17.579999923706055,36400
2021-02-22,17.530000686645508,17.979999542236328,17.170000076293945,17.610000610351562,43600
2021-02-23,17.540000915527344,17.75,17.3700008392334,17.450000762939453,31000
2021-02-24,17.790000915527344,18.25,17.5,17.530000686645508,34400
2021-02-25,17.649999618530273,17.90999984741211,17.5,17.81999969482422,41600
2021-02-26,16.950000762939453,17.739999771118164,16.399999618530273,17.540000915527344,76000
2021-03-01,17.06999969482422,17.559999465942383,16.959999084472656,17.459999084472656,34500
2021-03-02,16.84000015258789,17.18000030517578,16.6299991607666,17.18000030517578,46700
2021-03-03,17.25,17.649999618530273,16.600000381469727,17.149999618530273,57800
2021-03-04,17.110000610351562,17.6299991607666,16.799999237060547,17.329999923706055,59400
2021-03-05,17.84000015258789,18.0,17.239999771118164,17.5,109200
2021-03-08,18.25,18.540000915527344,17.93000030517578,18.139999389648438,118700
2021-03-09,18.5,18.770000457763672,18.260000228881836,18.34000015258789,75600
2021-03-10,18.899999618530273,19.18000030517578,18.65999984741211,18.790000915527344,63600
2021-03-11,19.040000915527344,19.350000381469727,18.639999389648438,18.93000030517578,53200
2021-03-12,19.25,19.469999313354492,18.829999923706055,19.200000762939453,64300
2021-03-15,18.510000228881836,19.1200008392334,18.229999542236328,19.1200008392334,59300
2021-03-16,18.360000610351562,19.309999465942383,18.0,18.709999084472656,78300
2021-03-17,18.079999923706055,18.540000915527344,17.809999465942383,18.40999984741211,56400
2021-03-18,18.25,18.709999084472656,18.06999969482422,18.209999084472656,93800
2021-03-19,18.100000381469727,18.8700008392334,18.100000381469727,18.6200008392334,172900
2021-03-22,17.719999313354492,18.5,17.600000381469727,18.260000228881836,76700
2021-03-23,16.760000228881836,17.889999389648438,16.530000686645508,17.8799991607666,96000
2021-03-24,17.149999618530273,17.479999542236328,16.670000076293945,17.110000610351562,142400
2021-03-25,17.030000686645508,17.59000015258789,16.3799991607666,17.450000762939453,201900
2021-03-26,17.010000228881836,17.40999984741211,16.829999923706055,17.31999969482422,160500
2021-03-29,17.559999465942383,17.989999771118164,17.299999237060547,17.389999389648438,202500
2021-03-30,17.790000915527344,17.959999084472656,17.510000228881836,17.59000015258789,100100
2021-03-31,17.899999618530273,18.030000686645508,17.440000534057617,17.639999389648438,104300
2021-04-01,18.0,18.049999237060547,17.450000762939453,17.8799991607666,79700
2021-04-05,18.389999389648438,18.440000534057617,18.0,18.25,106700
2021-04-06,18.09000015258789,18.610000610351562,17.950000762939453,18.34000015258789,87700
2021-04-07,17.799999237060547,18.09000015258789,17.549999237060547,18.0,95700
2021-04-08,17.809999465942383,18.059999465942383,17.5,17.510000228881836,67700
2021-04-09,17.770000457763672,17.899999618530273,17.510000228881836,17.899999618530273,72400
2021-04-12,17.75,17.809999465942383,17.540000915527344,17.799999237060547,58300
2021-04-13,17.440000534057617,17.719999313354492,17.079999923706055,17.329999923706055,62200
2021-04-14,17.270000457763672,17.649999618530273,17.219999313354492,17.260000228881836,81200
2021-04-15,17.280000686645508,17.34000015258789,16.850000381469727,17.34000015258789,67000
2021-04-16,17.309999465942383,17.40999984741211,17.049999237060547,17.3700008392334,72000
2021-04-19,16.969999313354492,17.350000381469727,16.700000762939453,17.350000381469727,62800
2021-04-20,16.290000915527344,16.969999313354492,16.040000915527344,16.8700008392334,117600
2021-04-21,16.34000015258789,16.59000015258789,16.229999542236328,16.31999969482422,102100
2021-04-22,16.059999465942383,16.700000762939453,15.920000076293945,16.360000610351562,99800
2021-04-23,16.399999618530273,16.549999237060547,15.949999809265137,16.09000015258789,67200
2021-04-26,16.079999923706055,16.530000686645508,16.079999923706055,16.43000030517578,100300
2021-04-27,16.280000686645508,16.440000534057617,16.1299991607666,16.149999618530273,61400
2021-04-28,16.280000686645508,16.530000686645508,16.059999465942383,16.479999542236328,73800
2021-04-29,16.440000534057617,16.489999771118164,16.190000534057617,16.190000534057617,67100
2021-04-30,16.139999389648438,16.489999771118164,16.059999465942383,16.280000686645508,66800
2021-05-03,16.489999771118164,16.59000015258789,16.190000534057617,16.229999542236328,64500
2021-05-04,16.290000915527344,16.579999923706055,15.949999809265137,15.989999771118164,112200
2021-05-05,16.360000610351562,16.420000076293945,16.020000457763672,16.209999084472656,100200
2021-05-06,16.559999465942383,16.610000610351562,16.020000457763672,16.389999389648438,75500
2021-05-07,16.790000915527344,16.899999618530273,16.31999969482422,16.40999984741211,62600
2021-05-10,16.760000228881836,16.950000762939453,16.56999969482422,16.56999969482422,127800
2021-05-11,16.93000030517578,17.100000381469727,16.239999771118164,16.5,87000
2021-05-12,16.739999771118164,17.1200008392334,16.690000534057617,16.8700008392334,101300
2021-05-13,17.350000381469727,17.399999618530273,16.260000228881836,16.729999542236328,67000
2021-05-14,17.899999618530273,17.93000030517578,17.229999542236328,17.399999618530273,98400
2021-05-17,18.059999465942383,18.1299991607666,17.350000381469727,17.719999313354492,117200
2021-05-18,18.200000762939453,18.489999771118164,17.809999465942383,17.90999984741211,115000
2021-05-19,17.940000534057617,18.3799991607666,17.299999237060547,17.299999237060547,56100
2021-05-20,17.850000381469727,17.959999084472656,17.489999771118164,17.899999618530273,75600
2021-05-21,18.3799991607666,18.389999389648438,17.860000610351562,17.889999389648438,71900
2021-05-24,18.020000457763672,18.3700008392334,17.829999923706055,18.270000457763672,75700
2021-05-25,17.510000228881836,18.0,17.510000228881836,18.0,65500
2021-05-26,17.6200008392334,17.719999313354492,17.399999618530273,17.530000686645508,39500
2021-05-27,17.8700008392334,18.0,17.690000534057617,17.809999465942383,45500
2021-05-28,17.989999771118164,18.1200008392334,17.690000534057617,17.690000534057617,50100
2021-06-01,18.440000534057617,18.5,17.649999618530273,17.649999618530273,46500
2021-06-02,18.299999237060547,18.5,18.079999923706055,18.5,51000
2021-06-03,18.459999084472656,18.489999771118164,17.940000534057617,18.239999771118164,31400
2021-06-04,18.700000762939453,18.729999542236328,18.229999542236328,18.450000762939453,47800
2021-06-07,19.149999618530273,19.170000076293945,18.530000686645508,18.739999771118164,99000
2021-06-08,19.360000610351562,19.389999389648438,18.979999542236328,19.100000381469727,49900
2021-06-09,19.049999237060547,19.34000015258789,18.8799991607666,19.309999465942383,47000
2021-06-10,18.270000457763672,18.760000228881836,18.229999542236328,18.760000228881836,39500
2021-06-11,17.989999771118164,18.489999771118164,17.729999542236328,18.3700008392334,51900
2021-06-14,17.940000534057617,18.09000015258789,17.709999084472656,18.079999923706055,71300
2021-06-15,17.780000686645508,18.0,17.670000076293945,17.670000076293945,35100
2021-06-16,17.739999771118164,18.059999465942383,17.600000381469727,17.81999969482422,59800
2021-06-17,17.3700008392334,17.790000915527344,17.079999923706055,17.760000228881836,82300
2021-06-18,17.239999771118164,17.309999465942383,16.8700008392334,17.059999465942383,87200
2021-06-21,17.34000015258789,17.770000457763672,17.18000030517578,17.329999923706055,62600
2021-06-22,17.59000015258789,17.6200008392334,17.049999237060547,17.290000915527344,77100
2021-06-23,17.5,17.780000686645508,17.40999984741211,17.729999542236328,74400
2021-06-24,17.920000076293945,17.959999084472656,17.260000228881836,17.579999923706055,88200
2021-06-25,18.170000076293945,18.290000915527344,17.639999389648438,17.969999313354492,1525100
2021-06-28,18.81999969482422,18.969999313354492,17.950000762939453,18.18000030517578,101700
2021-06-29,18.6299991607666,18.920000076293945,18.489999771118164,18.860000610351562,51500
2021-06-30,18.639999389648438,18.68000030517578,18.389999389648438,18.6200008392334,43200
2021-07-01,18.579999923706055,18.790000915527344,18.450000762939453,18.790000915527344,161600
2021-07-02,18.860000610351562,18.889999389648438,18.649999618530273,18.700000762939453,39400
2021-07-06,18.200000762939453,18.90999984741211,18.100000381469727,18.90999984741211,109600
2021-07-07,17.809999465942383,18.34000015258789,17.649999618530273,18.149999618530273,42100
2021-07-08,17.399999618530273,17.6200008392334,17.280000686645508,17.6200008392334,38200
2021-07-09,18.0,18.059999465942383,17.469999313354492,17.469999313354492,34000
2021-07-12,18.010000228881836,18.100000381469727,17.719999313354492,18.0,32900
2021-07-13,17.770000457763672,17.979999542236328,17.56999969482422,17.979999542236328,41300
2021-07-14,17.389999389648438,17.90999984741211,17.389999389648438,17.809999465942383,17000
2021-07-15,17.110000610351562,17.450000762939453,16.899999618530273,17.229999542236328,47900
2021-07-16,17.260000228881836,17.639999389648438,17.200000762939453,17.290000915527344,57900
2021-07-19,17.31999969482422,17.969999313354492,16.8700008392334,16.959999084472656,48800
2021-07-20,17.670000076293945,17.889999389648438,17.350000381469727,17.389999389648438,40300
2021-07-21,17.889999389648438,17.989999771118164,17.790000915527344,17.81999969482422,22300
2021-07-22,17.6299991607666,17.84000015258789,17.5,17.780000686645508,29200
2021-07-23,17.93000030517578,18.020000457763672,17.56999969482422,17.889999389648438,42700
2021-07-26,17.889999389648438,18.010000228881836,17.299999237060547,17.299999237060547,20800
2021-07-27,17.739999771118164,18.020000457763672,17.40999984741211,17.860000610351562,36600
2021-07-28,17.790000915527344,17.920000076293945,17.510000228881836,17.920000076293945,30100
2021-07-29,18.110000610351562,18.170000076293945,17.6200008392334,17.81999969482422,101800
2021-07-30,18.15999984741211,18.440000534057617,18.049999237060547,18.100000381469727,24700
2021-08-02,18.15999984741211,18.389999389648438,18.049999237060547,18.299999237060547,23700
2021-08-03,18.149999618530273,18.229999542236328,17.600000381469727,17.950000762939453,66700
2021-08-04,18.010000228881836,18.219999313354492,17.709999084472656,18.110000610351562,64100
2021-08-05,18.049999237060547,18.239999771118164,17.670000076293945,18.040000915527344,61400
2021-08-06,18.020000457763672,18.270000457763672,17.950000762939453,18.200000762939453,15500
2021-08-09,17.84000015258789,18.049999237060547,17.770000457763672,18.040000915527344,11300
2021-08-10,17.790000915527344,17.90999984741211,17.709999084472656,17.84000015258789,14300
2021-08-11,18.18000030517578,18.270000457763672,17.739999771118164,17.81999969482422,16400
2021-08-12,18.149999618530273,18.31999969482422,18.040000915527344,18.239999771118164,33300
2021-08-13,18.25,18.360000610351562,18.020000457763672,18.100000381469727,63300
2021-08-16,18.270000457763672,18.65999984741211,17.719999313354492,18.25,33900
2021-08-17,17.889999389648438,18.1299991607666,17.799999237060547,17.90999984741211,12400
2021-08-18,17.540000915527344,17.969999313354492,17.5,17.8700008392334,10700
2021-08-19,17.110000610351562,17.469999313354492,17.010000228881836,17.350000381469727,20700
2021-08-20,17.290000915527344,17.3799991607666,17.040000915527344,17.06999969482422,5300
2021-08-23,17.360000610351562,17.850000381469727,17.18000030517578,17.850000381469727,91000
2021-08-24,17.719999313354492,17.860000610351562,17.329999923706055,17.329999923706055,20000
2021-08-25,17.65999984741211,17.860000610351562,17.510000228881836,17.510000228881836,6300
2021-08-26,17.459999084472656,17.639999389648438,17.260000228881836,17.420000076293945,8200
2021-08-27,17.489999771118164,17.84000015258789,17.43000030517578,17.43000030517578,12300
2021-08-30,17.270000457763672,17.68000030517578,17.219999313354492,17.540000915527344,8800
2021-08-31,17.049999237060547,17.329999923706055,17.049999237060547,17.329999923706055,9900
2021-09-01,16.600000381469727,17.15999984741211,16.600000381469727,17.15999984741211,18100
2021-09-02,16.860000610351562,17.030000686645508,16.600000381469727,16.719999313354492,12400
2021-09-03,16.170000076293945,16.510000228881836,16.059999465942383,16.5,27300
2021-09-07,15.960000038146973,17.43000030517578,15.819999694824219,17.43000030517578,23700
2021-09-08,15.829999923706055,16.0,15.420000076293945,16.0,31600
2021-09-09,15.649999618530273,15.75,15.539999961853027,15.710000038146973,14200
2021-09-10,15.609999656677246,15.65999984741211,15.329999923706055,15.539999961853027,21800
2021-09-13,15.579999923706055,15.75,15.329999923706055,15.729999542236328,22400
2021-09-14,15.390000343322754,15.699999809265137,15.350000381469727,15.699999809265137,17600
2021-09-15,15.0600004196167,15.640000343322754,14.470000267028809,15.5,119100
2021-09-16,15.5,15.609999656677246,14.75,15.140000343322754,139100
2021-09-17,15.420000076293945,15.600000381469727,15.319999694824219,15.359999656677246,141500
2021-09-20,15.130000114440918,15.6899995803833,14.949999809265137,15.6899995803833,36800
2021-09-21,15.149999618530273,15.449999809265137,15.100000381469727,15.260000228881836,27100
2021-09-22,15.239999771118164,15.300000190734863,15.140000343322754,15.1899995803833,45900
2021-09-23,15.479999542236328,15.510000228881836,15.149999618530273,15.220000267028809,15700
2021-09-24,15.260000228881836,15.430000305175781,15.220000267028809,15.430000305175781,4600
2021-09-27,15.800000190734863,16.010000228881836,15.119999885559082,15.149999618530273,43800
2021-09-28,15.720000267028809,15.880000114440918,15.5,15.850000381469727,31800
2021-09-29,15.720000267028809,15.859999656677246,15.699999809265137,15.720000267028809,25000
2021-09-30,15.489999771118164,15.800000190734863,15.369999885559082,15.800000190734863,41200
2021-10-01,15.5,15.779999732971191,15.399999618530273,15.550000190734863,19100
2021-10-04,15.430000305175781,15.779999732971191,15.430000305175781,15.539999961853027,33100
2021-10-05,15.670000076293945,15.670000076293945,15.390000343322754,15.529999732971191,13200
2021-10-06,15.8100004196167,15.989999771118164,15.100000381469727,15.449999809265137,33400
2021-10-07,16.100000381469727,16.18000030517578,15.710000038146973,16.020000457763672,19100
2021-10-08,15.600000381469727,15.899999618530273,15.600000381469727,15.729999542236328,23500
2021-10-11,15.569999694824219,15.829999923706055,15.319999694824219,15.600000381469727,15000
2021-10-12,15.510000228881836,15.729999542236328,15.15999984741211,15.550000190734863,14100
2021-10-13,15.5,16.15999984741211,15.300000190734863,15.510000228881836,23000
2021-10-14,15.84000015258789,16.09000015258789,15.520000457763672,16.010000228881836,88400
2021-10-15,15.859999656677246,16.0,15.800000190734863,15.989999771118164,34600
2021-10-18,17.139999389648438,17.479999542236328,15.460000038146973,15.800000190734863,136700
2021-10-19,16.920000076293945,17.18000030517578,16.81999969482422,17.0,28100
2021-10-20,16.520000457763672,17.020000457763672,16.40999984741211,16.989999771118164,27500
2021-10-21,16.459999084472656,16.770000457763672,16.3700008392334,16.6200008392334,25100
2021-10-22,15.979999542236328,16.65999984741211,15.869999885559082,16.440000534057617,21200
2021-10-25,15.899999618530273,16.170000076293945,15.829999923706055,16.1200008392334,22600
2021-10-26,16.09000015258789,16.110000610351562,15.920000076293945,16.010000228881836,23600
2021-10-27,15.960000038146973,16.549999237060547,15.899999618530273,16.110000610351562,21900
2021-10-28,16.170000076293945,16.270000457763672,16.0,16.149999618530273,13100
2021-10-29,15.930000305175781,16.260000228881836,15.90999984741211,16.219999313354492,6600
2021-11-01,16.309999465942383,16.420000076293945,15.710000038146973,16.059999465942383,63400
2021-11-02,16.079999923706055,16.6200008392334,16.0,16.290000915527344,34700
2021-11-03,16.200000762939453,16.459999084472656,16.020000457763672,16.260000228881836,16700
2021-11-04,16.1299991607666,16.209999084472656,16.040000915527344,16.170000076293945,14700
2021-11-05,16.270000457763672,16.290000915527344,16.100000381469727,16.25,12900
2021-11-08,17.0,17.209999084472656,16.440000534057617,16.440000534057617,44100
2021-11-09,16.979999542236328,17.139999389648438,16.670000076293945,17.049999237060547,16100
2021-11-10,16.5,17.239999771118164,16.5,16.860000610351562,16500
2021-11-11,16.700000762939453,17.040000915527344,16.3700008392334,16.5,7100
2021-11-12,16.68000030517578,17.040000915527344,16.34000015258789,16.700000762939453,17800
2021-11-15,17.139999389648438,17.219999313354492,16.75,16.75,29500
2021-11-16,17.34000015258789,17.43000030517578,17.0,17.43000030517578,31800
2021-11-17,17.25,17.299999237060547,17.020000457763672,17.219999313354492,30100
2021-11-18,17.25,17.25,17.06999969482422,17.25,20700
2021-11-19,16.780000686645508,17.309999465942383,16.68000030517578,17.09000015258789,22000
2021-11-22,16.40999984741211,16.829999923706055,16.299999237060547,16.829999923706055,16900
2021-11-23,15.979999542236328,16.40999984741211,15.949999809265137,16.40999984741211,79000
2021-11-24,16.1200008392334,16.299999237060547,15.9399995803833,15.979999542236328,36700
2021-11-26,16.190000534057617,16.219999313354492,15.800000190734863,15.829999923706055,42400
2021-11-29,15.489999771118164,16.3700008392334,15.359999656677246,16.3700008392334,26700
2021-11-30,15.149999618530273,15.479999542236328,14.800000190734863,15.25,89300
2021-12-01,15.130000114440918,15.470000267028809,14.899999618530273,15.420000076293945,61300
2021-12-02,15.039999961853027,15.329999923706055,14.899999618530273,15.039999961853027,24800
2021-12-03,14.949999809265137,15.329999923706055,14.5,15.069999694824219,17600
2021-12-06,14.699999809265137,15.470000267028809,14.600000381469727,15.0,17600
2021-12-07,15.100000381469727,15.329999923706055,14.779999732971191,14.880000114440918,33800
2021-12-08,15.300000190734863,15.430000305175781,14.989999771118164,15.199999809265137,14100
2021-12-09,14.020000457763672,15.819999694824219,14.020000457763672,15.149999618530273,135100
2021-12-10,14.029999732971191,14.300000190734863,13.760000228881836,14.199999809265137,20300
2021-12-13,13.779999732971191,14.1899995803833,13.710000038146973,14.100000381469727,59300
2021-12-14,14.229999542236328,14.289999961853027,13.510000228881836,13.829999923706055,70300
2021-12-15,13.899999618530273,14.1899995803833,13.600000381469727,14.079999923706055,25200
2021-12-16,13.34000015258789,14.039999961853027,13.300000190734863,13.90999984741211,34900
2021-12-17,13.300000190734863,13.670000076293945,12.869999885559082,13.399999618530273,36100
2021-12-20,12.800000190734863,13.210000038146973,12.720000267028809,13.210000038146973,15900
2021-12-21,12.899999618530273,13.140000343322754,12.649999618530273,12.800000190734863,78900
2021-12-22,12.850000381469727,13.329999923706055,12.819999694824219,12.899999618530273,66300
2021-12-23,13.100000381469727,13.640000343322754,12.619999885559082,12.979999542236328,20600
2021-12-27,13.100000381469727,13.649999618530273,13.020000457763672,13.199999809265137,46000
2021-12-28,13.329999923706055,13.390000343322754,13.010000228881836,13.199999809265137,60600
2021-12-29,13.770000457763672,13.859999656677246,13.350000381469727,13.369999885559082,16600
2021-12-30,13.609999656677246,14.149999618530273,13.609999656677246,13.65999984741211,50500
2021-12-31,13.75,13.819999694824219,13.399999618530273,13.529999732971191,34900
2022-01-03,14.239999771118164,14.359999656677246,13.880000114440918,13.979999542236328,21800
2022-01-04,14.0,14.170000076293945,13.960000038146973,14.170000076293945,8600
2022-01-05,14.109999656677246,14.119999885559082,13.920000076293945,13.920000076293945,25200
2022-01-06,14.0600004196167,14.300000190734863,13.920000076293945,14.0600004196167,9400
2022-01-07,13.930000305175781,14.09000015258789,13.75,14.09000015258789,10500
2022-01-10,15.229999542236328,15.4399995803833,13.800000190734863,13.9399995803833,126400
2022-01-11,14.550000190734863,15.229999542236328,14.369999885559082,15.229999542236328,40900
2022-01-12,14.739999771118164,15.520000457763672,14.600000381469727,15.350000381469727,42400
2022-01-13,14.619999885559082,14.949999809265137,14.239999771118164,14.569999694824219,26100
2022-01-14,15.34000015258789,15.430000305175781,14.649999618530273,14.649999618530273,32600
2022-01-18,15.260000228881836,15.279999732971191,14.819999694824219,15.140000343322754,43200
2022-01-19,15.180000305175781,15.34000015258789,15.0,15.199999809265137,26900
2022-01-20,14.010000228881836,15.119999885559082,14.010000228881836,15.100000381469727,29000
2022-01-21,13.850000381469727,14.579999923706055,13.739999771118164,14.050000190734863,29200
2022-01-24,14.59000015258789,14.979999542236328,13.670000076293945,13.710000038146973,33000
2022-01-25,14.720000267028809,14.920000076293945,14.430000305175781,14.6899995803833,18100
2022-01-26,14.930000305175781,15.199999809265137,14.350000381469727,14.890000343322754,36500
2022-01-27,15.0,15.029999732971191,14.5600004196167,14.850000381469727,35400
2022-01-28,15.0600004196167,15.229999542236328,14.84000015258789,14.920000076293945,52200
2022-01-31,15.119999885559082,15.34000015258789,14.920000076293945,15.0,57600
2022-02-01,15.640000343322754,15.640000343322754,15.010000228881836,15.170000076293945,25800
2022-02-02,15.630000114440918,15.630000114440918,15.390000343322754,15.529999732971191,14300
2022-02-03,15.5600004196167,15.680000305175781,15.149999618530273,15.680000305175781,11200
2022-02-04,15.6899995803833,15.699999809265137,15.180000305175781,15.380000114440918,14300
2022-02-07,15.520000457763672,15.619999885559082,15.3100004196167,15.59000015258789,12900
2022-02-08,16.149999618530273,16.149999618530273,15.479999542236328,15.630000114440918,16000
2022-02-09,15.649999618530273,16.100000381469727,15.449999809265137,15.989999771118164,28000
2022-02-10,15.3100004196167,15.640000343322754,15.149999618530273,15.640000343322754,11000
2022-02-11,15.079999923706055,15.65999984741211,14.899999618530273,15.5,7300
2022-02-14,14.59000015258789,15.15999984741211,14.59000015258789,15.0,10300
2022-02-15,14.670000076293945,14.989999771118164,14.630000114440918,14.789999961853027,8000
2022-02-16,15.050000190734863,15.0600004196167,14.600000381469727,14.960000038146973,6500
2022-02-17,15.359999656677246,15.550000190734863,14.600000381469727,15.390000343322754,18800
2022-02-18,15.199999809265137,15.359999656677246,15.149999618530273,15.359999656677246,11300
2022-02-22,15.140000343322754,15.170000076293945,14.8100004196167,15.119999885559082,11400
2022-02-23,15.199999809265137,15.430000305175781,14.890000343322754,15.430000305175781,28800
2022-02-24,15.300000190734863,15.399999618530273,14.529999732971191,14.529999732971191,36300
2022-02-25,15.210000038146973,15.770000457763672,15.149999618530273,15.260000228881836,21000
2022-02-28,15.720000267028809,15.720000267028809,15.0,15.0,21200
2022-03-01,14.729999542236328,15.279999732971191,14.600000381469727,15.260000228881836,39700
2022-03-02,14.819999694824219,15.329999923706055,14.819999694824219,14.899999618530273,13600
2022-03-03,15.380000114440918,15.40999984741211,14.59000015258789,14.75,22700
2022-03-04,15.369999885559082,15.550000190734863,15.079999923706055,15.199999809265137,7200
2022-03-07,15.199999809265137,15.829999923706055,14.890000343322754,15.380000114440918,10100
2022-03-08,15.670000076293945,15.890000343322754,15.0600004196167,15.0600004196167,18400
2022-03-09,15.930000305175781,16.049999237060547,15.800000190734863,15.899999618530273,67200
2022-03-10,15.710000038146973,15.829999923706055,13.649999618530273,15.829999923706055,45200
2022-03-11,15.760000228881836,15.90999984741211,15.329999923706055,15.329999923706055,7100
2022-03-14,15.0,15.850000381469727,14.859999656677246,15.850000381469727,16000
2022-03-15,15.050000190734863,15.670000076293945,14.800000190734863,14.800000190734863,15100
2022-03-16,14.720000267028809,15.239999771118164,14.649999618530273,15.239999771118164,12100
2022-03-17,15.199999809265137,15.239999771118164,14.960000038146973,15.180000305175781,20800
2022-03-18,15.020000457763672,15.5,14.970000267028809,15.239999771118164,29800
2022-03-21,15.399999618530273,15.710000038146973,15.130000114440918,15.239999771118164,45600
2022-03-22,16.010000228881836,16.049999237060547,15.520000457763672,15.520000457763672,35300
2022-03-23,16.0,16.059999465942383,15.600000381469727,15.600000381469727,23700
2022-03-24,15.710000038146973,16.079999923706055,15.520000457763672,16.0,15900
2022-03-25,15.779999732971191,15.869999885559082,15.520000457763672,15.670000076293945,5700
2022-03-28,15.529999732971191,15.75,15.520000457763672,15.619999885559082,6800
2022-03-29,15.449999809265137,15.720000267028809,15.449999809265137,15.720000267028809,7800
2022-03-30,15.789999961853027,15.90999984741211,15.4399995803833,15.470000267028809,41500
2022-03-31,15.369999885559082,15.869999885559082,15.359999656677246,15.869999885559082,18000
2022-04-01,14.949999809265137,15.489999771118164,14.920000076293945,15.390000343322754,60200
2022-04-04,15.199999809265137,15.430000305175781,15.010000228881836,15.010000228881836,5900
2022-04-05,14.899999618530273,15.039999961853027,14.880000114440918,15.010000228881836,11200
2022-04-06,14.800000190734863,15.180000305175781,14.770000457763672,15.180000305175781,65500
2022-04-07,14.869999885559082,15.15999984741211,14.75,15.15999984741211,38800
2022-04-08,14.880000114440918,15.369999885559082,14.789999961853027,15.109999656677246,25400
2022-04-11,14.520000457763672,14.75,14.520000457763672,14.75,1900
2022-04-12,14.260000228881836,14.5600004196167,14.260000228881836,14.5600004196167,4400
2022-04-13,14.430000305175781,14.699999809265137,14.319999694824219,14.319999694824219,64300
2022-04-14,14.699999809265137,14.779999732971191,14.329999923706055,14.329999923706055,11500
2022-04-18,14.619999885559082,15.050000190734863,14.619999885559082,14.649999618530273,9600
2022-04-19,14.680000305175781,14.989999771118164,14.5,14.770000457763672,54300
2022-04-20,15.050000190734863,15.0600004196167,14.800000190734863,14.880000114440918,4500
2022-04-21,15.279999732971191,15.380000114440918,14.899999618530273,15.010000228881836,22500
2022-04-22,15.220000267028809,15.449999809265137,14.970000267028809,14.979999542236328,19900
2022-04-25,14.869999885559082,15.100000381469727,14.8100004196167,15.020000457763672,11800
2022-04-26,14.600000381469727,14.789999961853027,14.359999656677246,14.789999961853027,19100
2022-04-27,14.460000038146973,14.829999923706055,14.399999618530273,14.829999923706055,8200
2022-04-28,14.59000015258789,14.680000305175781,14.34000015258789,14.34000015258789,8200
2022-04-29,14.199999809265137,14.739999771118164,14.199999809265137,14.529999732971191,51200
2022-05-02,14.170000076293945,14.5,14.069999694824219,14.369999885559082,25300
2022-05-03,14.109999656677246,14.289999961853027,14.050000190734863,14.180000305175781,26500
2022-05-04,14.069999694824219,14.180000305175781,14.010000228881836,14.029999732971191,40800
2022-05-05,13.789999961853027,13.970000267028809,13.75,13.970000267028809,8300
2022-05-06,13.550000190734863,13.949999809265137,13.550000190734863,13.90999984741211,2100
2022-05-09,12.890000343322754,13.600000381469727,12.760000228881836,13.600000381469727,51500
2022-05-10,12.40999984741211,12.9399995803833,12.390000343322754,12.9399995803833,47200
2022-05-11,12.369999885559082,12.75,12.369999885559082,12.489999771118164,13800
2022-05-12,12.1899995803833,12.649999618530273,12.170000076293945,12.399999618530273,35200
2022-05-13,12.229999542236328,12.899999618530273,12.109999656677246,12.420000076293945,22700
2022-05-16,12.369999885559082,12.479999542236328,12.039999961853027,12.109999656677246,60500
2022-05-17,12.510000228881836,12.680000305175781,12.5,12.5,4700
2022-05-18,12.670000076293945,12.710000038146973,12.470000267028809,12.550000190734863,21700
2022-05-19,12.600000381469727,12.649999618530273,12.4399995803833,12.5,12400
2022-05-20,12.640000343322754,13.0,12.520000457763672,12.720000267028809,22700
2022-05-23,12.600000381469727,12.75,12.5,12.75,18000
2022-05-24,12.5,12.770000457763672,12.489999771118164,12.489999771118164,3400
2022-05-25,12.579999923706055,12.90999984741211,12.579999923706055,12.6899995803833,7300
2022-05-26,13.0,13.170000076293945,12.75,12.75,8200
2022-05-27,13.0,13.050000190734863,12.859999656677246,12.90999984741211,8500
2022-05-31,13.130000114440918,13.130000114440918,12.600000381469727,13.050000190734863,8300
2022-06-01,13.069999694824219,13.25,12.800000190734863,13.039999961853027,9500
2022-06-02,13.09000015258789,13.170000076293945,12.739999771118164,13.109999656677246,28600
2022-06-03,13.09000015258789,13.210000038146973,12.579999923706055,13.010000228881836,30100
2022-06-06,13.239999771118164,13.260000228881836,12.850000381469727,12.850000381469727,14900
2022-06-07,13.170000076293945,13.300000190734863,12.899999618530273,13.25,19500
2022-06-08,13.210000038146973,13.430000305175781,12.829999923706055,12.829999923706055,28200
2022-06-09,13.170000076293945,13.329999923706055,12.979999542236328,13.149999618530273,6100
2022-06-10,12.930000305175781,13.140000343322754,12.75,13.140000343322754,15300
2022-06-13,12.75,13.039999961853027,12.649999618530273,12.859999656677246,22300
2022-06-14,12.65999984741211,12.720000267028809,12.5,12.6899995803833,14800
2022-06-15,12.869999885559082,13.130000114440918,12.579999923706055,12.6899995803833,8000
2022-06-16,12.630000114440918,12.6899995803833,12.180000305175781,12.6899995803833,26400
2022-06-17,12.539999961853027,12.710000038146973,12.25,12.430000305175781,13500
2022-06-21,13.079999923706055,13.079999923706055,12.3100004196167,12.600000381469727,26800
2022-06-22,13.100000381469727,13.100000381469727,12.449999809265137,12.869999885559082,8900
2022-06-23,12.949999809265137,13.069999694824219,12.75,13.0,57900
2022-06-24,13.130000114440918,13.479999542236328,12.930000305175781,13.0,13500
2022-06-27,13.5,13.550000190734863,12.970000267028809,13.399999618530273,20500
2022-06-28,13.600000381469727,13.779999732971191,13.40999984741211,13.649999618530273,4900
2022-06-29,13.229999542236328,13.6899995803833,13.119999885559082,13.6899995803833,16700
2022-06-30,12.869999885559082,13.359999656677246,12.739999771118164,13.220000267028809,9800
2022-07-01,12.8100004196167,12.890000343322754,12.729999542236328,12.84000015258789,5700
2022-07-05,12.760000228881836,12.930000305175781,12.449999809265137,12.5,14800
2022-07-06,12.640000343322754,12.850000381469727,12.539999961853027,12.800000190734863,9400
2022-07-07,12.869999885559082,12.890000343322754,12.630000114440918,12.710000038146973,3200
2022-07-08,13.0,13.050000190734863,12.640000343322754,12.869999885559082,7200
2022-07-11,13.170000076293945,13.170000076293945,12.890000343322754,12.979999542236328,2800
2022-07-12,13.25,13.289999961853027,13.09000015258789,13.180000305175781,8500
2022-07-13,13.630000114440918,13.640000343322754,13.119999885559082,13.25,22400
2022-07-14,13.640000343322754,13.640000343322754,13.329999923706055,13.329999923706055,3900
2022-07-15,13.829999923706055,13.920000076293945,13.25,13.6899995803833,15600
2022-07-18,13.600000381469727,13.75,13.359999656677246,13.75,6400
2022-07-19,13.4399995803833,13.680000305175781,13.220000267028809,13.449999809265137,6100
2022-07-20,13.800000190734863,13.84000015258789,13.300000190734863,13.3100004196167,5400
2022-07-21,13.75,13.75,13.420000076293945,13.619999885559082,28600
2022-07-22,13.739999771118164,13.739999771118164,13.430000305175781,13.539999961853027,9800
2022-07-25,14.119999885559082,14.119999885559082,13.819999694824219,13.819999694824219,5000
2022-07-26,14.229999542236328,14.40999984741211,13.819999694824219,14.15999984741211,12000
2022-07-27,14.40999984741211,14.4399995803833,14.140000343322754,14.289999961853027,5100
2022-07-28,14.350000381469727,14.350000381469727,14.010000228881836,14.199999809265137,3400
2022-07-29,14.619999885559082,14.619999885559082,14.020000457763672,14.5,19200
2022-08-01,15.380000114440918,15.399999618530273,14.619999885559082,14.619999885559082,15700
2022-08-02,15.420000076293945,15.479999542236328,14.970000267028809,15.390000343322754,3700
2022-08-03,15.880000114440918,15.960000038146973,15.1899995803833,15.329999923706055,15200
2022-08-04,15.079999923706055,15.800000190734863,15.079999923706055,15.600000381469727,11700
2022-08-05,15.199999809265137,15.199999809265137,14.550000190734863,15.020000457763672,6500
2022-08-08,15.569999694824219,15.65999984741211,15.020000457763672,15.020000457763672,8900
2022-08-09,14.899999618530273,15.6899995803833,14.619999885559082,15.6899995803833,11600
2022-08-10,14.899999618530273,15.0,14.720000267028809,15.0,4700
2022-08-11,15.0,15.229999542236328,14.619999885559082,15.229999542236328,12500
2022-08-12,15.0,15.170000076293945,14.8100004196167,14.859999656677246,9200
2022-08-15,15.170000076293945,15.170000076293945,14.510000228881836,14.649999618530273,12600
2022-08-16,14.680000305175781,15.199999809265137,14.619999885559082,15.199999809265137,9300
2022-08-17,14.600000381469727,15.1899995803833,14.5,14.640000343322754,19300
2022-08-18,14.699999809265137,14.979999542236328,14.449999809265137,14.449999809265137,10800
2022-08-19,14.399999618530273,14.729999542236328,13.960000038146973,14.680000305175781,6400
2022-08-22,14.520000457763672,14.569999694824219,13.960000038146973,14.25,7200
2022-08-23,14.479999542236328,14.529999732971191,14.039999961853027,14.039999961853027,15400
2022-08-24,14.329999923706055,14.5600004196167,14.329999923706055,14.5,5800
2022-08-25,14.140000343322754,14.34000015258789,14.140000343322754,14.34000015258789,1800
2022-08-26,13.579999923706055,14.239999771118164,13.449999809265137,14.039999961853027,18600
2022-08-29,13.220000267028809,13.569999694824219,13.220000267028809,13.5,5300
2022-08-30,13.199999809265137,13.359999656677246,12.800000190734863,13.300000190734863,10200
2022-08-31,13.100000381469727,13.5,13.020000457763672,13.199999809265137,22500
2022-09-01,12.640000343322754,13.140000343322754,12.529999732971191,12.699999809265137,10800
2022-09-02,12.449999809265137,13.020000457763672,12.329999923706055,12.819999694824219,14500
2022-09-06,12.1899995803833,12.75,12.09000015258789,12.699999809265137,7000
2022-09-07,12.0,12.600000381469727,12.0,12.210000038146973,6800
2022-09-08,11.819999694824219,12.079999923706055,11.59000015258789,11.890000343322754,7500
2022-09-09,11.920000076293945,12.380000114440918,11.920000076293945,12.130000114440918,8700
2022-09-12,11.949999809265137,12.390000343322754,11.8100004196167,12.130000114440918,22400
2022-09-13,11.670000076293945,11.84000015258789,11.289999961853027,11.800000190734863,11200
2022-09-14,11.550000190734863,11.920000076293945,11.449999809265137,11.539999961853027,21600
2022-09-15,11.6899995803833,11.6899995803833,11.390000343322754,11.510000228881836,7200
2022-09-16,10.979999542236328,11.510000228881836,10.979999542236328,11.510000228881836,17100
2022-09-19,10.699999809265137,11.40999984741211,10.369999885559082,11.0,23900
2022-09-20,10.0,11.0600004196167,10.0,11.0600004196167,34300
2022-09-21,9.800000190734863,10.319999694824219,9.800000190734863,10.0600004196167,51400
2022-09-22,9.850000381469727,10.100000381469727,9.670000076293945,10.0,6000
2022-09-23,9.960000038146973,10.029999732971191,9.899999618530273,9.899999618530273,8000
2022-09-26,9.630000114440918,10.010000228881836,9.5600004196167,9.90999984741211,10600
2022-09-27,9.640000343322754,9.729999542236328,9.5,9.729999542236328,10200
2022-09-28,9.729999542236328,10.069999694824219,9.649999618530273,9.649999618530273,28200
2022-09-29,9.75,9.890000343322754,9.600000381469727,9.729999542236328,19400
2022-09-30,9.760000228881836,10.0600004196167,9.729999542236328,9.850000381469727,14000
2022-10-03,9.800000190734863,10.069999694824219,9.010000228881836,9.630000114440918,30600
2022-10-04,9.979999542236328,10.270000457763672,9.920000076293945,9.920000076293945,16900
2022-10-05,9.829999923706055,10.149999618530273,9.829999923706055,9.949999809265137,26600
2022-10-06,10.100000381469727,10.34000015258789,9.920000076293945,9.979999542236328,28900
2022-10-07,9.949999809265137,10.100000381469727,9.800000190734863,10.100000381469727,23500
2022-10-10,10.069999694824219,10.119999885559082,9.949999809265137,9.949999809265137,4900
2022-10-11,9.949999809265137,10.260000228881836,9.949999809265137,9.960000038146973,29200
2022-10-12,9.779999732971191,10.079999923706055,9.670000076293945,9.979999542236328,9700
2022-10-13,9.760000228881836,9.949999809265137,9.720000267028809,9.949999809265137,34100
2022-10-14,9.529999732971191,9.800000190734863,9.430000305175781,9.800000190734863,27900
2022-10-17,9.520000457763672,9.579999923706055,9.449999809265137,9.550000190734863,8800
2022-10-18,10.5,10.710000038146973,9.649999618530273,9.649999618530273,30500
2022-10-19,10.350000381469727,10.640000343322754,10.1899995803833,10.279999732971191,12900
2022-10-20,10.3100004196167,10.399999618530273,10.130000114440918,10.130000114440918,9800
2022-10-21,10.5,10.739999771118164,10.170000076293945,10.170000076293945,15600
2022-10-24,10.699999809265137,10.699999809265137,10.510000228881836,10.510000228881836,6500
2022-10-25,9.899999618530273,10.829999923706055,9.449999809265137,10.600000381469727,41500
2022-10-26,10.180000305175781,10.289999961853027,9.880000114440918,9.890000343322754,18100
2022-10-27,10.359999656677246,10.489999771118164,10.1899995803833,10.380000114440918,14000
2022-10-28,10.260000228881836,10.350000381469727,10.119999885559082,10.25,10700
2022-10-31,10.0,10.300000190734863,9.970000267028809,10.149999618530273,19000
2022-11-01,10.0600004196167,10.170000076293945,10.0,10.0,8200
2022-11-02,10.029999732971191,10.350000381469727,10.0,10.050000190734863,11500
2022-11-03,10.260000228881836,10.420000076293945,10.0,10.0,13100
2022-11-04,10.34000015258789,10.369999885559082,10.149999618530273,10.329999923706055,9900
2022-11-07,11.229999542236328,11.300000190734863,10.359999656677246,10.359999656677246,22600
2022-11-08,11.380000114440918,11.470000267028809,10.829999923706055,11.119999885559082,9500
2022-11-09,11.59000015258789,11.59000015258789,10.970000267028809,10.979999542236328,16000
2022-11-10,12.329999923706055,12.329999923706055,11.600000381469727,11.600000381469727,29000
2022-11-11,12.680000305175781,12.729999542236328,11.569999694824219,12.260000228881836,12200
2022-11-14,13.0,13.0,12.15999984741211,12.579999923706055,14500
2022-11-15,12.399999618530273,13.0,12.109999656677246,13.0,9600
2022-11-16,12.0,12.460000038146973,11.819999694824219,12.229999542236328,23100
2022-11-17,10.930000305175781,11.779999732971191,10.649999618530273,11.779999732971191,25500
2022-11-18,11.0,11.40999984741211,10.789999961853027,11.0,16700
2022-11-21,10.3100004196167,11.010000228881836,10.029999732971191,10.890000343322754,46000
2022-11-22,10.630000114440918,10.84000015258789,10.25,10.279999732971191,151100
2022-11-23,10.300000190734863,10.609999656677246,10.210000038146973,10.609999656677246,24700
2022-11-25,10.199999809265137,10.329999923706055,10.119999885559082,10.119999885559082,2800
2022-11-28,9.880000114440918,10.430000305175781,9.800000190734863,10.199999809265137,13800
2022-11-29,9.569999694824219,10.170000076293945,9.40999984741211,10.170000076293945,16900
2022-11-30,9.420000076293945,9.630000114440918,9.420000076293945,9.569999694824219,31200
2022-12-01,9.399999618530273,9.520000457763672,9.369999885559082,9.5,19300
2022-12-02,9.319999694824219,9.569999694824219,9.3100004196167,9.5,33900
2022-12-05,9.270000457763672,9.529999732971191,9.260000228881836,9.34000015258789,65600
2022-12-06,9.199999809265137,9.329999923706055,9.199999809265137,9.239999771118164,62200
2022-12-07,9.149999618530273,9.359999656677246,9.039999961853027,9.300000190734863,60900
2022-12-08,9.149999618530273,9.539999961853027,9.050000190734863,9.25,54200
2022-12-09,9.050000190734863,9.239999771118164,9.050000190734863,9.149999618530273,30600
2022-12-12,9.25,9.479999542236328,9.0,9.100000381469727,51900
2022-12-13,9.319999694824219,9.470000267028809,9.25,9.329999923706055,28000
2022-12-14,9.649999618530273,9.699999809265137,9.220000267028809,9.520000457763672,58600
2022-12-15,9.800000190734863,9.920000076293945,9.569999694824219,9.609999656677246,30500
2022-12-16,9.680000305175781,9.710000038146973,9.5,9.710000038146973,12900
2022-12-19,9.630000114440918,9.760000228881836,9.5,9.640000343322754,35100
2022-12-20,9.680000305175781,9.680000305175781,9.34000015258789,9.569999694824219,39500
2022-12-21,9.699999809265137,9.800000190734863,9.40999984741211,9.729999542236328,26900
2022-12-22,9.479999542236328,9.800000190734863,9.350000381469727,9.739999771118164,21000
2022-12-23,9.489999771118164,9.609999656677246,9.350000381469727,9.489999771118164,18900
2022-12-27,9.260000228881836,9.770000457763672,9.25,9.550000190734863,59100
2022-12-28,9.149999618530273,9.59000015258789,9.149999618530273,9.329999923706055,30800
2022-12-29,9.550000190734863,9.649999618530273,9.170000076293945,9.170000076293945,19100
2022-12-30,9.680000305175781,9.90999984741211,9.350000381469727,9.529999732971191,10300
2023-01-03,9.789999961853027,9.869999885559082,9.619999885559082,9.699999809265137,17900
2023-01-04,10.029999732971191,10.079999923706055,9.819999694824219,9.819999694824219,55400
2023-01-05,10.119999885559082,10.289999961853027,10.0,10.0,20200
2023-01-06,10.279999732971191,10.550000190734863,10.130000114440918,10.550000190734863,21300
2023-01-09,10.289999961853027,10.5,10.149999618530273,10.380000114440918,35700
2023-01-10,10.489999771118164,10.5,10.279999732971191,10.5,52100
2023-01-11,10.470000267028809,10.600000381469727,10.34000015258789,10.520000457763672,15700
2023-01-12,11.300000190734863,11.319999694824219,10.5,10.5,37500
2023-01-13,11.640000343322754,11.710000038146973,11.039999961853027,11.039999961853027,18600
2023-01-17,11.350000381469727,11.930000305175781,11.34000015258789,11.59000015258789,14000
2023-01-18,11.899999618530273,11.920000076293945,11.5,11.5,19700
2023-01-19,11.470000267028809,11.739999771118164,11.369999885559082,11.609999656677246,22800
2023-01-20,12.050000190734863,12.050000190734863,11.600000381469727,11.670000076293945,15300
2023-01-23,12.369999885559082,12.720000267028809,12.0,12.039999961853027,16500
2023-01-24,12.34000015258789,12.510000228881836,12.329999923706055,12.489999771118164,12300
2023-01-25,11.850000381469727,12.430000305175781,11.710000038146973,12.430000305175781,27100
2023-01-26,11.789999961853027,12.079999923706055,11.609999656677246,11.970000267028809,23500
2023-01-27,11.739999771118164,12.1899995803833,11.65999984741211,11.84000015258789,17900
2023-01-30,11.680000305175781,12.350000381469727,11.649999618530273,11.680000305175781,21000
2023-01-31,11.829999923706055,12.1899995803833,11.289999961853027,11.90999984741211,108000
2023-02-01,11.470000267028809,11.920000076293945,11.4399995803833,11.670000076293945,3800
2023-02-02,12.09000015258789,12.09000015258789,11.5600004196167,11.5600004196167,7500
2023-02-03,12.199999809265137,12.34000015258789,11.649999618530273,12.109999656677246,11700
2023-02-06,12.319999694824219,12.390000343322754,12.149999618530273,12.199999809265137,29700
2023-02-07,12.729999542236328,12.75,12.399999618530273,12.399999618530273,28500
2023-02-08,12.600000381469727,12.729999542236328,11.9399995803833,12.729999542236328,5900
2023-02-09,12.420000076293945,12.75,12.380000114440918,12.699999809265137,8600
2023-02-10,12.220000267028809,12.65999984741211,12.140000343322754,12.550000190734863,5600
2023-02-13,12.199999809265137,12.399999618530273,11.979999542236328,12.399999618530273,6900
2023-02-14,11.619999885559082,12.199999809265137,11.529999732971191,11.529999732971191,4200
2023-02-15,12.289999961853027,12.470000267028809,11.600000381469727,11.600000381469727,10800
2023-02-16,12.40999984741211,12.5,12.149999618530273,12.199999809265137,8300
2023-02-17,12.8100004196167,12.8100004196167,12.399999618530273,12.399999618530273,15200
2023-02-21,12.449999809265137,12.670000076293945,12.350000381469727,12.579999923706055,7100
2023-02-22,12.399999618530273,12.619999885559082,12.399999618530273,12.59000015258789,23200
2023-02-23,12.65999984741211,12.65999984741211,12.430000305175781,12.510000228881836,9200
2023-02-24,12.800000190734863,12.920000076293945,12.489999771118164,12.489999771118164,4700
2023-02-27,12.510000228881836,13.039999961853027,12.510000228881836,12.720000267028809,9300
2023-02-28,12.569999694824219,12.829999923706055,12.329999923706055,12.640000343322754,12900
2023-03-01,12.460000038146973,12.789999961853027,12.399999618530273,12.5,13100
2023-03-02,12.5,12.59000015258789,12.489999771118164,12.5,10100
2023-03-03,12.729999542236328,12.880000114440918,12.289999961853027,12.430000305175781,11600
2023-03-06,12.699999809265137,12.930000305175781,12.270000457763672,12.729999542236328,24400
2023-03-07,12.75,12.979999542236328,12.600000381469727,12.729999542236328,14800
2023-03-08,12.779999732971191,12.970000267028809,12.619999885559082,12.760000228881836,6100
2023-03-09,12.779999732971191,12.869999885559082,12.649999618530273,12.869999885559082,7400
2023-03-10,12.569999694824219,12.739999771118164,12.539999961853027,12.640000343322754,14200
2023-03-13,12.220000267028809,12.75,12.220000267028809,12.369999885559082,30100
2023-03-14,11.850000381469727,12.729999542236328,11.850000381469727,12.5,20300
2023-03-15,11.949999809265137,12.199999809265137,11.710000038146973,11.710000038146973,6200
2023-03-16,11.8100004196167,12.010000228881836,11.739999771118164,11.75,5800
2023-03-17,11.75,12.119999885559082,11.75,12.029999732971191,6600
2023-03-20,11.520000457763672,12.210000038146973,11.520000457763672,12.0,11300
2023-03-21,11.609999656677246,11.979999542236328,11.5,11.829999923706055,11000
2023-03-22,11.699999809265137,11.920000076293945,11.5,11.699999809265137,15200
2023-03-23,11.529999732971191,11.699999809265137,10.529999732971191,11.699999809265137,10500
2023-03-24,11.600000381469727,11.84000015258789,11.40999984741211,11.720000267028809,6700
2023-03-27,11.720000267028809,11.720000267028809,11.300000190734863,11.359999656677246,17000
2023-03-28,11.109999656677246,11.649999618530273,11.100000381469727,11.579999923706055,13000
2023-03-29,11.319999694824219,11.539999961853027,11.09000015258789,11.09000015258789,3400
2023-03-30,11.510000228881836,11.5600004196167,11.390000343322754,11.520000457763672,1800
2023-03-31,11.479999542236328,11.59000015258789,11.369999885559082,11.5600004196167,4400
2023-04-03,11.800000190734863,12.25,11.529999732971191,11.699999809265137,14800
2023-04-04,11.710000038146973,12.0,11.609999656677246,11.920000076293945,4400
2023-04-05,11.9399995803833,11.9399995803833,11.649999618530273,11.720000267028809,4500
2023-04-06,12.229999542236328,12.229999542236328,11.760000228881836,11.899999618530273,8600
2023-04-10,11.90999984741211,12.119999885559082,11.850000381469727,12.109999656677246,5300
2023-04-11,11.970000267028809,12.180000305175781,11.670000076293945,11.899999618530273,10200
2023-04-12,11.84000015258789,11.970000267028809,11.710000038146973,11.779999732971191,6100
2023-04-13,12.069999694824219,12.069999694824219,11.65999984741211,11.970000267028809,8900
2023-04-14,11.65999984741211,11.90999984741211,11.5600004196167,11.90999984741211,4800
2023-04-17,11.40999984741211,11.90999984741211,11.390000343322754,11.739999771118164,11800
2023-04-18,11.069999694824219,11.460000038146973,11.069999694824219,11.399999618530273,7600
2023-04-19,10.75,11.229999542236328,10.520000457763672,11.100000381469727,17600
2023-04-20,10.800000190734863,10.800000190734863,10.600000381469727,10.739999771118164,5000
2023-04-21,10.789999961853027,10.930000305175781,10.539999961853027,10.930000305175781,10700
2023-04-24,11.0,11.199999809265137,10.75,10.760000228881836,9500
2023-04-25,10.800000190734863,11.050000190734863,10.800000190734863,10.890000343322754,8700
2023-04-26,10.5,10.920000076293945,10.260000228881836,10.90999984741211,10300
2023-04-27,10.75,10.760000228881836,10.40999984741211,10.5600004196167,6200
2023-04-28,11.319999694824219,11.319999694824219,10.850000381469727,10.850000381469727,8400
2023-05-01,11.25,11.460000038146973,11.109999656677246,11.399999618530273,11600
2023-05-02,10.829999923706055,11.300000190734863,10.670000076293945,11.300000190734863,13700
2023-05-03,10.75,11.039999961853027,10.640000343322754,10.9399995803833,9200
2023-05-04,11.09000015258789,11.09000015258789,10.779999732971191,10.850000381469727,6200
2023-05-05,10.960000038146973,11.279999732971191,10.960000038146973,11.109999656677246,4400
2023-05-08,10.949999809265137,11.039999961853027,10.84000015258789,10.9399995803833,7300
2023-05-09,10.65999984741211,11.15999984741211,10.600000381469727,11.109999656677246,11100
2023-05-10,10.800000190734863,11.130000114440918,10.510000228881836,11.0,21600
2023-05-11,10.430000305175781,10.850000381469727,10.40999984741211,10.699999809265137,19200
2023-05-12,10.680000305175781,10.970000267028809,10.479999542236328,10.75,16400
2023-05-15,10.619999885559082,10.979999542236328,10.619999885559082,10.770000457763672,24000
2023-05-16,10.699999809265137,10.899999618530273,10.489999771118164,10.6899995803833,16100
2023-05-17,11.149999618530273,11.149999618530273,10.649999618530273,10.760000228881836,333400
2023-05-18,12.550000190734863,12.550000190734863,10.880000114440918,11.010000228881836,42300
2023-05-19,12.800000190734863,12.880000114440918,12.5,12.699999809265137,30300
2023-05-22,12.699999809265137,13.0,12.699999809265137,12.739999771118164,47400
2023-05-23,12.170000076293945,12.880000114440918,12.140000343322754,12.880000114440918,51000
2023-05-24,13.0,13.0,12.279999732971191,12.279999732971191,12300
2023-05-25,13.0,13.100000381469727,12.960000038146973,13.079999923706055,32300
2023-05-26,13.289999961853027,13.289999961853027,13.0,13.0,18600
2023-05-30,13.180000305175781,13.3100004196167,13.029999732971191,13.289999961853027,15500
2023-05-31,13.25,13.329999923706055,13.100000381469727,13.229999542236328,25400
2023-06-01,13.399999618530273,13.399999618530273,13.0600004196167,13.260000228881836,17500
2023-06-02,13.470000267028809,13.619999885559082,13.420000076293945,13.449999809265137,23500
2023-06-05,13.829999923706055,13.829999923706055,13.470000267028809,13.579999923706055,13400
2023-06-06,13.869999885559082,13.9399995803833,13.460000038146973,13.800000190734863,16700
2023-06-07,13.9399995803833,14.140000343322754,13.789999961853027,13.789999961853027,17400
2023-06-08,14.1899995803833,14.399999618530273,13.680000305175781,14.039999961853027,20200
2023-06-09,13.989999771118164,14.430000305175781,13.90999984741211,14.289999961853027,25000
2023-06-12,14.149999618530273,14.239999771118164,13.229999542236328,14.100000381469727,49400
2023-06-13,13.970000267028809,14.369999885559082,13.90999984741211,14.199999809265137,19000
2023-06-14,13.890000343322754,14.25,13.880000114440918,14.100000381469727,23700
2023-06-15,13.5600004196167,14.050000190734863,13.40999984741211,13.869999885559082,20700
2023-06-16,13.380000114440918,13.670000076293945,13.350000381469727,13.619999885559082,18200
2023-06-20,13.739999771118164,13.9399995803833,13.479999542236328,13.569999694824219,20200
2023-06-21,13.899999618530273,14.010000228881836,13.550000190734863,13.850000381469727,9400
2023-06-22,13.84000015258789,13.960000038146973,13.760000228881836,13.930000305175781,9000
2023-06-23,13.600000381469727,13.899999618530273,13.600000381469727,13.630000114440918,10600
2023-06-26,13.529999732971191,13.989999771118164,13.329999923706055,13.989999771118164,11300
2023-06-27,13.670000076293945,13.970000267028809,13.319999694824219,13.489999771118164,7600
2023-06-28,14.0,14.100000381469727,13.760000228881836,13.789999961853027,26500
2023-06-29,14.239999771118164,14.420000076293945,14.149999618530273,14.350000381469727,20300
2023-06-30,14.279999732971191,14.34000015258789,14.100000381469727,14.300000190734863,13200
2023-07-03,14.229999542236328,14.3100004196167,14.130000114440918,14.130000114440918,6100
2023-07-05,14.119999885559082,14.34000015258789,14.119999885559082,14.130000114440918,20900
2023-07-06,14.0,14.199999809265137,13.899999618530273,14.050000190734863,26600
2023-07-07,13.949999809265137,14.170000076293945,13.930000305175781,14.029999732971191,10000
2023-07-10,14.100000381469727,14.149999618530273,13.90999984741211,13.90999984741211,4600
2023-07-11,13.949999809265137,14.039999961853027,13.880000114440918,13.960000038146973,8800
2023-07-12,14.0,14.15999984741211,13.960000038146973,14.020000457763672,10000
2023-07-13,14.140000343322754,14.1899995803833,13.979999542236328,14.010000228881836,13700
2023-07-14,13.880000114440918,14.069999694824219,13.880000114440918,14.039999961853027,4900
2023-07-17,13.9399995803833,14.119999885559082,13.9399995803833,13.960000038146973,17200
2023-07-18,14.100000381469727,14.15999984741211,13.880000114440918,14.050000190734863,40400
2023-07-19,14.319999694824219,14.34000015258789,14.039999961853027,14.039999961853027,8800
2023-07-20,14.0,14.350000381469727,14.0,14.350000381469727,22200
2023-07-21,13.930000305175781,14.25,13.789999961853027,14.100000381469727,25600
2023-07-24,13.899999618530273,14.140000343322754,13.899999618530273,14.09000015258789,5800
2023-07-25,14.0600004196167,14.170000076293945,13.770000457763672,13.789999961853027,19200
2023-07-26,14.119999885559082,14.119999885559082,13.789999961853027,13.9399995803833,13900
2023-07-27,14.220000267028809,14.220000267028809,13.800000190734863,14.119999885559082,34800
2023-07-28,13.920000076293945,14.229999542236328,13.84000015258789,14.229999542236328,9100
2023-07-31,14.020000457763672,14.399999618530273,13.760000228881836,13.899999618530273,25300
2023-08-01,14.390000343322754,14.529999732971191,13.9399995803833,14.0,26600
2023-08-02,14.640000343322754,14.729999542236328,14.380000114440918,14.399999618530273,19400
2023-08-03,14.430000305175781,14.760000228881836,14.359999656677246,14.5,14800
2023-08-04,14.600000381469727,14.75,14.289999961853027,14.569999694824219,12400
2023-08-07,14.199999809265137,14.949999809265137,14.100000381469727,14.760000228881836,22300
2023-08-08,15.100000381469727,15.220000267028809,14.649999618530273,14.90999984741211,56200
2023-08-09,15.649999618530273,15.789999961853027,15.199999809265137,15.199999809265137,55500
2023-08-10,16.049999237060547,16.25,15.75,15.890000343322754,28000
2023-08-11,17.149999618530273,17.149999618530273,16.020000457763672,16.219999313354492,60400
2023-08-14,17.6200008392334,17.75,16.93000030517578,17.149999618530273,56000
2023-08-15,18.329999923706055,18.489999771118164,17.190000534057617,17.610000610351562,59700
2023-08-16,18.729999542236328,19.079999923706055,18.270000457763672,18.479999542236328,75200
2023-08-17,18.75,18.950000762939453,18.469999313354492,18.59000015258789,53600
2023-08-18,18.889999389648438,19.530000686645508,18.520000457763672,18.860000610351562,59400
2023-08-21,19.399999618530273,19.5,18.530000686645508,19.059999465942383,49800
2023-08-22,18.90999984741211,19.459999084472656,18.90999984741211,19.459999084472656,25700
2023-08-23,18.40999984741211,19.09000015258789,18.31999969482422,18.81999969482422,67400
2023-08-24,18.25,18.6299991607666,17.93000030517578,17.940000534057617,31800
2023-08-25,18.299999237060547,18.450000762939453,18.020000457763672,18.3700008392334,21300
2023-08-28,18.209999084472656,18.440000534057617,17.959999084472656,18.030000686645508,21100
2023-08-29,18.219999313354492,18.450000762939453,17.520000457763672,17.520000457763672,18500
2023-08-30,18.1299991607666,18.309999465942383,18.079999923706055,18.25,11500
2023-08-31,17.610000610351562,18.290000915527344,17.610000610351562,18.200000762939453,14900
2023-09-01,17.75,18.229999542236328,17.139999389648438,17.610000610351562,17500
2023-09-05,18.010000228881836,18.219999313354492,17.329999923706055,17.719999313354492,18300
2023-09-06,17.780000686645508,18.280000686645508,17.780000686645508,18.0,12500
2023-09-07,17.920000076293945,18.540000915527344,17.600000381469727,17.760000228881836,26600
2023-09-08,18.079999923706055,18.200000762939453,17.809999465942383,17.8700008392334,16100
2023-09-11,18.149999618530273,18.270000457763672,18.0,18.139999389648438,24400
2023-09-12,18.06999969482422,18.290000915527344,17.979999542236328,17.979999542236328,9100
2023-09-13,18.200000762939453,18.350000381469727,18.020000457763672,18.09000015258789,10800
2023-09-14,18.110000610351562,18.360000610351562,17.940000534057617,18.209999084472656,37800
2023-09-15,18.489999771118164,18.56999969482422,17.81999969482422,18.270000457763672,20300
2023-09-18,17.959999084472656,18.6200008392334,17.739999771118164,18.25,30300
2023-09-19,18.209999084472656,18.239999771118164,17.079999923706055,17.639999389648438,41400
2023-09-20,18.420000076293945,18.899999618530273,18.100000381469727,18.139999389648438,44800
2023-09-21,18.639999389648438,18.860000610351562,17.8799991607666,18.25,32300
2023-09-22,19.100000381469727,19.40999984741211,18.489999771118164,18.670000076293945,27800
2023-09-25,19.1299991607666,19.309999465942383,17.729999542236328,19.049999237060547,8300
2023-09-26,18.799999237060547,19.010000228881836,18.600000381469727,19.0,13600
2023-09-27,18.690000534057617,19.260000228881836,18.40999984741211,19.0,27800
2023-09-28,19.06999969482422,19.399999618530273,18.540000915527344,18.8799991607666,40400
2023-09-29,18.90999984741211,19.260000228881836,18.56999969482422,19.139999389648438,11700
2023-10-02,19.049999237060547,19.209999084472656,18.670000076293945,18.850000381469727,27900
2023-10-03,18.65999984741211,19.299999237060547,18.139999389648438,19.170000076293945,35000
2023-10-04,18.65999984741211,18.90999984741211,17.010000228881836,18.84000015258789,26200
2023-10-05,18.860000610351562,19.020000457763672,18.549999237060547,18.549999237060547,23300
2023-10-06,18.75,19.479999542236328,18.700000762939453,18.8700008392334,20100
2023-10-09,18.889999389648438,19.09000015258789,18.299999237060547,18.649999618530273,13400
2023-10-10,18.56999969482422,19.18000030517578,18.5,18.790000915527344,20900
2023-10-11,18.510000228881836,18.809999465942383,18.350000381469727,18.6299991607666,13500
2023-10-12,18.600000381469727,18.8799991607666,17.889999389648438,18.399999618530273,23300
2023-10-13,18.770000457763672,18.979999542236328,18.549999237060547,18.610000610351562,12400
2023-10-16,19.170000076293945,19.200000762939453,18.639999389648438,18.760000228881836,24200
2023-10-17,19.690000534057617,19.989999771118164,18.989999771118164,19.25,31500
2023-10-18,19.309999465942383,19.700000762939453,19.139999389648438,19.700000762939453,13300
2023-10-19,18.989999771118164,19.459999084472656,18.6200008392334,19.459999084472656,15500
2023-10-20,18.780000686645508,19.0,18.329999923706055,18.34000015258789,9100
2023-10-23,18.68000030517578,18.760000228881836,17.719999313354492,18.65999984741211,22000
2023-10-24,19.049999237060547,19.049999237060547,18.540000915527344,18.649999618530273,21100
2023-10-25,18.799999237060547,19.43000030517578,18.6299991607666,19.43000030517578,18200
2023-10-26,19.030000686645508,19.030000686645508,18.420000076293945,18.780000686645508,10600
2023-10-27,19.350000381469727,19.479999542236328,18.6299991607666,19.06999969482422,13400
2023-10-30,19.079999923706055,19.469999313354492,19.079999923706055,19.350000381469727,14700
2023-10-31,19.6200008392334,19.6200008392334,18.1299991607666,18.989999771118164,13900
2023-11-01,19.5,20.260000228881836,19.34000015258789,19.3799991607666,27900
2023-11-02,19.75,20.09000015258789,19.309999465942383,19.5,40000
2023-11-03,21.0,21.399999618530273,19.5,19.93000030517578,50000
2023-11-06,21.149999618530273,22.139999389648438,20.969999313354492,21.200000762939453,63600
2023-11-07,20.139999389648438,20.850000381469727,19.3700008392334,20.850000381469727,77500
2023-11-08,19.75,20.149999618530273,19.200000762939453,20.0,35900
2023-11-09,20.030000686645508,20.190000534057617,19.690000534057617,19.690000534057617,13300
2023-11-10,20.030000686645508,20.170000076293945,19.829999923706055,19.829999923706055,15100
2023-11-13,20.190000534057617,20.360000610351562,19.940000534057617,20.280000686645508,38800
2023-11-14,19.8700008392334,20.5,19.75,20.5,21100
2023-11-15,20.0,20.149999618530273,19.8799991607666,19.950000762939453,23600
2023-11-16,20.0,20.200000762939453,19.790000915527344,20.149999618530273,18900
2023-11-17,20.0,20.399999618530273,19.979999542236328,20.149999618530273,33900
2023-11-20,19.93000030517578,20.239999771118164,19.75,19.81999969482422,43300
2023-11-21,19.8700008392334,20.15999984741211,19.8700008392334,20.049999237060547,36100
2023-11-22,19.950000762939453,20.079999923706055,19.790000915527344,19.8700008392334,23300
2023-11-24,19.989999771118164,20.200000762939453,19.889999389648438,19.989999771118164,12700
2023-11-27,20.049999237060547,20.489999771118164,19.889999389648438,19.989999771118164,46700
2023-11-28,19.780000686645508,20.40999984741211,19.65999984741211,20.0,48500
2023-11-29,19.59000015258789,20.15999984741211,19.06999969482422,19.09000015258789,40800
2023-11-30,19.959999084472656,20.059999465942383,19.270000457763672,19.399999618530273,29200
2023-12-01,19.979999542236328,20.18000030517578,19.700000762939453,19.850000381469727,28900
2023-12-04,19.979999542236328,19.979999542236328,19.18000030517578,19.18000030517578,43800
2023-12-05,19.809999465942383,20.030000686645508,19.809999465942383,19.850000381469727,25700
2023-12-06,19.549999237060547,20.040000915527344,19.549999237060547,19.81999969482422,16900
2023-12-07,19.479999542236328,19.479999542236328,18.68000030517578,19.290000915527344,40100
2023-12-08,19.649999618530273,19.829999923706055,19.270000457763672,19.639999389648438,36500
2023-12-11,20.059999465942383,20.329999923706055,19.56999969482422,19.75,42800
2023-12-12,19.850000381469727,20.270000457763672,19.829999923706055,20.100000381469727,20200
2023-12-13,20.110000610351562,20.149999618530273,19.65999984741211,19.719999313354492,34400
2023-12-14,19.790000915527344,20.309999465942383,19.68000030517578,20.270000457763672,40000
2023-12-15,18.670000076293945,19.739999771118164,18.229999542236328,19.739999771118164,48500
2023-12-18,19.399999618530273,19.700000762939453,18.68000030517578,18.68000030517578,43200
2023-12-19,20.25,20.25,19.5,19.549999237060547,51200
2023-12-20,20.15999984741211,20.25,19.950000762939453,20.25,46700
2023-12-21,20.3799991607666,20.389999389648438,20.049999237060547,20.049999237060547,37700
2023-12-22,20.440000534057617,20.450000762939453,20.0,20.450000762939453,40100
2023-12-26,21.149999618530273,21.149999618530273,20.389999389648438,20.450000762939453,43600
2023-12-27,22.31999969482422,22.559999465942383,21.200000762939453,21.200000762939453,52800
2023-12-28,21.799999237060547,22.399999618530273,21.540000915527344,22.31999969482422,33500
2023-12-29,21.989999771118164,22.1200008392334,21.59000015258789,21.950000762939453,29300
2024-01-02,22.290000915527344,22.31999969482422,21.670000076293945,22.100000381469727,47400
2024-01-03,22.469999313354492,22.8799991607666,22.049999237060547,22.049999237060547,36300
2024-01-04,22.420000076293945,23.049999237060547,22.260000228881836,22.260000228881836,69300
2024-01-05,22.290000915527344,22.510000228881836,22.030000686645508,22.309999465942383,47400
2024-01-08,22.200000762939453,22.31999969482422,21.690000534057617,22.15999984741211,36600
2024-01-09,21.989999771118164,22.18000030517578,21.770000457763672,22.0,27600
2024-01-10,21.75,22.09000015258789,21.56999969482422,21.790000915527344,42000
2024-01-11,21.989999771118164,22.200000762939453,21.459999084472656,21.760000228881836,31300
2024-01-12,22.469999313354492,22.5,21.889999389648438,22.0,39300
2024-01-16,23.06999969482422,23.1200008392334,20.040000915527344,22.239999771118164,55800
2024-01-17,23.899999618530273,24.350000381469727,22.790000915527344,22.940000534057617,61300
2024-01-18,22.940000534057617,24.010000228881836,22.799999237060547,24.010000228881836,38100
2024-01-19,23.079999923706055,23.079999923706055,22.059999465942383,22.770000457763672,29500
2024-01-22,23.760000228881836,23.829999923706055,22.93000030517578,23.079999923706055,52300
2024-01-23,23.100000381469727,23.799999237060547,23.100000381469727,23.799999237060547,24600
2024-01-24,22.530000686645508,23.079999923706055,22.309999465942383,23.079999923706055,25900
2024-01-25,23.079999923706055,23.25,22.270000457763672,22.530000686645508,28800
2024-01-26,23.729999542236328,23.729999542236328,23.149999618530273,23.34000015258789,30500
2024-01-29,23.969999313354492,24.0,23.270000457763672,23.270000457763672,28600
2024-01-30,23.34000015258789,23.889999389648438,23.329999923706055,23.889999389648438,26400
2024-01-31,22.989999771118164,23.549999237060547,22.899999618530273,23.540000915527344,36200
2024-02-01,23.030000686645508,23.420000076293945,22.389999389648438,22.959999084472656,31800
2024-02-02,23.229999542236328,23.239999771118164,22.540000915527344,22.549999237060547,23300
2024-02-05,23.719999313354492,24.020000457763672,22.920000076293945,22.920000076293945,31100
2024-02-06,23.8700008392334,24.030000686645508,23.299999237060547,23.65999984741211,39900
2024-02-07,23.420000076293945,24.229999542236328,23.420000076293945,23.780000686645508,34500
2024-02-08,23.81999969482422,23.829999923706055,23.09000015258789,23.329999923706055,24300
2024-02-09,23.709999084472656,24.15999984741211,23.6200008392334,23.6200008392334,24800
2024-02-12,23.81999969482422,23.969999313354492,22.84000015258789,23.579999923706055,29600
2024-02-13,23.760000228881836,23.81999969482422,23.229999542236328,23.309999465942383,32100
2024-02-14,24.0,24.010000228881836,23.799999237060547,23.799999237060547,24000
2024-02-15,23.940000534057617,24.209999084472656,23.899999618530273,24.209999084472656,32300
2024-02-16,24.0,24.59000015258789,23.799999237060547,23.799999237060547,57500
2024-02-20,23.729999542236328,24.329999923706055,23.729999542236328,24.0,26300
2024-02-21,23.690000534057617,23.770000457763672,22.079999923706055,23.540000915527344,39300
2024-02-22,23.469999313354492,23.690000534057617,23.239999771118164,23.59000015258789,31400
2024-02-23,22.959999084472656,23.5,22.780000686645508,23.209999084472656,48100
2024-02-26,23.399999618530273,23.5,21.90999984741211,21.90999984741211,40300
2024-02-27,23.579999923706055,23.809999465942383,23.309999465942383,23.309999465942383,25000
2024-02-28,23.610000610351562,23.860000610351562,23.309999465942383,23.309999465942383,26600
2024-02-29,23.729999542236328,23.729999542236328,23.139999389648438,23.65999984741211,30200
2024-03-01,23.780000686645508,24.219999313354492,23.3700008392334,23.729999542236328,47200
2024-03-04,24.260000228881836,24.549999237060547,23.549999237060547,23.549999237060547,45600
2024-03-05,22.329999923706055,23.950000762939453,22.329999923706055,23.950000762939453,66200
2024-03-06,22.549999237060547,22.739999771118164,21.209999084472656,21.5,41400
2024-03-07,23.09000015258789,23.25,22.350000381469727,22.350000381469727,43500
2024-03-08,23.290000915527344,24.739999771118164,23.270000457763672,23.520000457763672,60000
2024-03-11,22.450000762939453,23.020000457763672,22.18000030517578,23.020000457763672,50700
2024-03-12,22.309999465942383,22.520000457763672,22.079999923706055,22.25,39600
2024-03-13,23.209999084472656,23.209999084472656,22.459999084472656,22.75,47100
2024-03-14,23.700000762939453,24.139999389648438,23.260000228881836,24.139999389648438,53100
2024-03-15,23.780000686645508,24.420000076293945,23.459999084472656,23.700000762939453,79000
2024-03-18,23.93000030517578,24.43000030517578,23.690000534057617,23.690000534057617,48000
2024-03-19,24.8700008392334,24.920000076293945,23.809999465942383,23.81999969482422,49000
2024-03-20,25.100000381469727,25.200000762939453,24.770000457763672,24.770000457763672,42500
2024-03-21,25.5,25.639999389648438,24.639999389648438,25.100000381469727,52100
2024-03-22,26.170000076293945,26.290000915527344,25.520000457763672,25.540000915527344,55700
2024-03-25,25.65999984741211,26.65999984741211,25.459999084472656,26.43000030517578,73600
2024-03-26,27.010000228881836,27.040000915527344,26.06999969482422,26.239999771118164,41400
2024-03-27,27.110000610351562,27.34000015258789,26.93000030517578,27.010000228881836,36500
2024-03-28,27.309999465942383,27.93000030517578,26.889999389648438,27.260000228881836,35900
2024-04-01,26.959999084472656,27.360000610351562,26.489999771118164,27.06999969482422,42100
2024-04-02,26.790000915527344,27.049999237060547,26.459999084472656,26.950000762939453,43800
2024-04-03,27.049999237060547,27.729999542236328,26.68000030517578,26.68000030517578,40300
2024-04-04,26.649999618530273,27.299999237060547,26.5,27.299999237060547,17800
2024-04-05,27.170000076293945,27.309999465942383,26.450000762939453,26.6200008392334,43900
2024-04-08,27.360000610351562,27.5,26.760000228881836,27.06999969482422,46100
2024-04-09,26.75,27.31999969482422,26.6299991607666,27.31999969482422,43600
2024-04-10,26.399999618530273,27.049999237060547,25.860000610351562,26.450000762939453,36600
2024-04-11,26.170000076293945,26.579999923706055,26.139999389648438,26.479999542236328,50300
2024-04-12,25.610000610351562,26.670000076293945,25.299999237060547,25.719999313354492,28200
2024-04-15,25.3799991607666,26.170000076293945,24.959999084472656,25.43000030517578,46800
2024-04-16,24.860000610351562,25.149999618530273,24.850000381469727,25.149999618530273,28600
2024-04-17,24.790000915527344,25.139999389648438,24.59000015258789,24.770000457763672,23800
2024-04-18,24.3700008392334,25.0,24.309999465942383,25.0,30900
2024-04-19,24.149999618530273,24.489999771118164,24.09000015258789,24.09000015258789,34800
2024-04-22,24.350000381469727,24.899999618530273,23.93000030517578,24.139999389648438,43300
2024-04-23,24.100000381469727,24.579999923706055,23.940000534057617,23.959999084472656,55300
2024-04-24,24.510000228881836,24.510000228881836,23.6200008392334,23.81999969482422,57600
2024-04-25,24.670000076293945,24.670000076293945,24.209999084472656,24.239999771118164,26600
2024-04-26,24.459999084472656,25.0,24.149999618530273,24.719999313354492,81200
2024-04-29,24.209999084472656,24.690000534057617,23.530000686645508,24.610000610351562,56600
2024-04-30,23.25,24.200000762939453,23.100000381469727,24.1299991607666,43900
2024-05-01,23.399999618530273,23.600000381469727,23.15999984741211,23.18000030517578,34200
2024-05-02,23.5,23.760000228881836,22.93000030517578,23.5,69800
2024-05-03,24.100000381469727,24.459999084472656,23.600000381469727,23.600000381469727,32300
2024-05-06,24.309999465942383,24.700000762939453,24.110000610351562,24.260000228881836,55200
2024-05-07,27.170000076293945,27.610000610351562,24.65999984741211,25.239999771118164,188400
2024-05-08,26.829999923706055,27.149999618530273,26.350000381469727,27.110000610351562,71400
2024-05-09,28.450000762939453,29.139999389648438,27.1299991607666,27.170000076293945,76600
2024-05-10,29.719999313354492,29.719999313354492,28.709999084472656,28.8799991607666,100100
2024-05-13,28.799999237060547,30.770000457763672,28.139999389648438,30.010000228881836,77000
2024-05-14,28.790000915527344,29.15999984741211,28.479999542236328,28.799999237060547,44000
2024-05-15,29.100000381469727,29.190000534057617,28.1299991607666,28.969999313354492,38400
2024-05-16,28.670000076293945,29.200000762939453,28.329999923706055,29.200000762939453,49800
2024-05-17,29.5,29.59000015258789,28.670000076293945,28.670000076293945,37000
2024-05-20,28.920000076293945,29.690000534057617,28.829999923706055,29.440000534057617,41700
2024-05-21,29.329999923706055,29.5,28.579999923706055,28.979999542236328,56600
2024-05-22,28.739999771118164,29.329999923706055,28.329999923706055,29.329999923706055,33600
2024-05-23,28.149999618530273,28.75,27.59000015258789,28.68000030517578,63700
2024-05-24,28.350000381469727,28.579999923706055,27.65999984741211,28.420000076293945,46300
2024-05-28,27.0,28.639999389648438,26.59000015258789,28.639999389648438,65000
2024-05-29,26.90999984741211,27.530000686645508,26.350000381469727,26.700000762939453,48600
2024-05-30,27.1299991607666,27.25,26.739999771118164,27.18000030517578,54100
2024-05-31,27.43000030517578,27.5,26.860000610351562,27.190000534057617,33800
2024-06-03,26.399999618530273,27.399999618530273,25.899999618530273,27.389999389648438,73600
2024-06-04,26.760000228881836,27.440000534057617,26.600000381469727,26.600000381469727,65300
2024-06-05,26.389999389648438,28.549999237060547,25.979999542236328,28.549999237060547,48300
2024-06-06,26.0,26.389999389648438,25.81999969482422,26.260000228881836,44900
2024-06-07,26.239999771118164,26.290000915527344,25.780000686645508,25.829999923706055,21900
2024-06-10,25.709999084472656,26.420000076293945,25.709999084472656,25.860000610351562,51200
2024-06-11,25.190000534057617,25.690000534057617,24.969999313354492,25.59000015258789,50300
2024-06-12,25.15999984741211,25.75,25.06999969482422,25.290000915527344,45900
2024-06-13,24.81999969482422,25.040000915527344,24.479999542236328,25.0,30200
2024-06-14,24.309999465942383,24.889999389648438,24.309999465942383,24.530000686645508,25500
2024-06-17,23.950000762939453,24.1299991607666,23.610000610351562,24.049999237060547,54500
2024-06-18,23.899999618530273,24.110000610351562,23.600000381469727,23.8700008392334,62500
2024-06-20,22.530000686645508,23.920000076293945,22.350000381469727,23.700000762939453,83200
2024-06-21,21.84000015258789,22.579999923706055,21.690000534057617,22.520000457763672,71400
2024-06-24,22.059999465942383,22.280000686645508,21.65999984741211,21.84000015258789,100000
2024-06-25,20.639999389648438,22.280000686645508,20.639999389648438,22.100000381469727,134400
2024-06-26,21.389999389648438,21.530000686645508,20.239999771118164,20.690000534057617,138000
2024-06-27,21.459999084472656,22.059999465942383,20.899999618530273,21.540000915527344,147200
2024-06-28,21.520000457763672,22.15999984741211,21.200000762939453,21.510000228881836,1481300
2024-07-01,21.270000457763672,22.280000686645508,21.219999313354492,21.600000381469727,137200
2024-07-02,20.389999389648438,21.270000457763672,20.270000457763672,21.270000457763672,112300
2024-07-03,22.18000030517578,22.209999084472656,20.270000457763672,20.299999237060547,92400
2024-07-05,20.860000610351562,22.049999237060547,20.459999084472656,22.049999237060547,102100
2024-07-08,21.309999465942383,21.3799991607666,20.799999237060547,21.040000915527344,56000
2024-07-09,20.809999465942383,21.850000381469727,20.739999771118164,21.219999313354492,56500
2024-07-10,20.81999969482422,21.219999313354492,20.6200008392334,20.809999465942383,49700
2024-07-11,22.020000457763672,22.1299991607666,21.170000076293945,21.170000076293945,58900
2024-07-12,21.93000030517578,22.43000030517578,21.90999984741211,22.280000686645508,40800
2024-07-15,22.739999771118164,23.290000915527344,22.200000762939453,22.200000762939453,57600
2024-07-16,23.959999084472656,24.200000762939453,22.920000076293945,23.06999969482422,46600
2024-07-17,23.59000015258789,24.1200008392334,23.479999542236328,23.760000228881836,48200
2024-07-18,22.8700008392334,23.979999542236328,22.709999084472656,23.440000534057617,46900
2024-07-19,22.459999084472656,23.25,22.450000762939453,22.950000762939453,33900
2024-07-22,23.09000015258789,23.25,22.309999465942383,22.649999618530273,45600
2024-07-23,23.1200008392334,23.709999084472656,22.93000030517578,23.059999465942383,47000
2024-07-24,22.729999542236328,23.489999771118164,22.719999313354492,23.06999969482422,31200
2024-07-25,23.209999084472656,23.799999237060547,22.739999771118164,22.739999771118164,47300
2024-07-26,23.299999237060547,23.690000534057617,23.1200008392334,23.639999389648438,34000
2024-07-29,22.979999542236328,23.440000534057617,22.809999465942383,23.229999542236328,35600
2024-07-30,23.579999923706055,23.68000030517578,23.15999984741211,23.239999771118164,60700
2024-07-31,24.010000228881836,24.450000762939453,23.3799991607666,23.68000030517578,55000
2024-08-01,22.940000534057617,24.049999237060547,22.670000076293945,24.040000915527344,48200
2024-08-02,22.010000228881836,22.549999237060547,21.760000228881836,22.25,33900
2024-08-05,20.59000015258789,21.170000076293945,20.440000534057617,20.709999084472656,45100
2024-08-06,16.530000686645508,18.239999771118164,14.229999542236328,14.229999542236328,243400
2024-08-07,16.079999923706055,17.139999389648438,16.010000228881836,16.600000381469727,94300
2024-08-08,18.010000228881836,18.030000686645508,16.15999984741211,16.200000762939453,82900
2024-08-09,18.229999542236328,18.389999389648438,17.520000457763672,17.8799991607666,84200
2024-08-12,18.34000015258789,18.489999771118164,16.989999771118164,18.030000686645508,134200
2024-08-13,18.979999542236328,19.170000076293945,18.540000915527344,18.540000915527344,49900
2024-08-14,17.920000076293945,19.030000686645508,17.389999389648438,19.0,104900
2024-08-15,18.579999923706055,18.950000762939453,18.040000915527344,18.34000015258789,46100
2024-08-16,18.899999618530273,19.010000228881836,18.190000534057617,18.559999465942383,69200
2024-08-19,18.760000228881836,19.079999923706055,18.360000610351562,18.850000381469727,43600
2024-08-20,18.100000381469727,19.049999237060547,17.90999984741211,18.920000076293945,101300
2024-08-21,18.280000686645508,18.450000762939453,17.790000915527344,18.139999389648438,39500
2024-08-22,17.829999923706055,18.3799991607666,17.829999923706055,18.270000457763672,20300
2024-08-23,18.84000015258789,19.110000610351562,18.09000015258789,18.1200008392334,22100
2024-08-26,18.989999771118164,19.489999771118164,18.979999542236328,19.100000381469727,33400
2024-08-27,19.200000762939453,19.469999313354492,18.979999542236328,18.979999542236328,31500
2024-08-28,19.110000610351562,19.420000076293945,18.950000762939453,19.229999542236328,36600
2024-08-29,19.450000762939453,19.649999618530273,19.06999969482422,19.1200008392334,45600
2024-08-30,20.079999923706055,20.18000030517578,19.40999984741211,19.420000076293945,29600
2024-09-03,19.84000015258789,19.950000762939453,19.25,19.760000228881836,69800
2024-09-04,19.1200008392334,20.149999618530273,19.110000610351562,19.889999389648438,35200
2024-09-05,18.920000076293945,19.329999923706055,18.809999465942383,19.09000015258789,35900
2024-09-06,18.5,19.100000381469727,18.360000610351562,19.100000381469727,27100
2024-09-09,18.780000686645508,18.979999542236328,18.56999969482422,18.610000610351562,44000
2024-09-10,19.34000015258789,19.450000762939453,18.549999237060547,18.549999237060547,51200
2024-09-11,19.030000686645508,19.309999465942383,18.5,19.209999084472656,33400
2024-09-12,19.56999969482422,19.68000030517578,19.040000915527344,19.040000915527344,20900
2024-09-13,19.860000610351562,20.479999542236328,19.809999465942383,19.899999618530273,29800
2024-09-16,20.40999984741211,20.420000076293945,19.709999084472656,19.829999923706055,36800
2024-09-17,20.190000534057617,20.6299991607666,20.059999465942383,20.5,29900
2024-09-18,20.06999969482422,20.8799991607666,19.719999313354492,20.0,46700
2024-09-19,20.329999923706055,20.940000534057617,19.809999465942383,20.540000915527344,48500
2024-09-20,19.989999771118164,20.190000534057617,19.700000762939453,20.040000915527344,87600
2024-09-23,20.049999237060547,20.229999542236328,19.90999984741211,20.229999542236328,35100
2024-09-24,19.459999084472656,19.950000762939453,19.389999389648438,19.75,73400
2024-09-25,19.440000534057617,19.700000762939453,19.270000457763672,19.270000457763672,38500
2024-09-26,19.469999313354492,19.950000762939453,19.190000534057617,19.719999313354492,92100
2024-09-27,20.139999389648438,20.18000030517578,19.479999542236328,19.690000534057617,63300
2024-09-30,20.43000030517578,20.68000030517578,20.18000030517578,20.209999084472656,197600
2024-10-01,20.049999237060547,20.540000915527344,20.030000686645508,20.25,73900
2024-10-02,19.670000076293945,20.1299991607666,19.670000076293945,20.049999237060547,26300
2024-10-03,19.219999313354492,19.510000228881836,19.200000762939453,19.459999084472656,20700
2024-10-04,19.739999771118164,19.84000015258789,19.25,19.549999237060547,31400
2024-10-07,19.799999237060547,19.969999313354492,19.729999542236328,19.799999237060547,23300
2024-10-08,19.8700008392334,20.18000030517578,19.790000915527344,19.8799991607666,40400
2024-10-09,19.700000762939453,19.8700008392334,19.479999542236328,19.8700008392334,24400
2024-10-10,19.030000686645508,19.43000030517578,18.739999771118164,19.420000076293945,52600
2024-10-11,19.850000381469727,20.0,19.110000610351562,19.110000610351562,37800
2024-10-14,20.1299991607666,20.260000228881836,19.850000381469727,19.850000381469727,19900
2024-10-15,19.920000076293945,20.229999542236328,19.8799991607666,20.200000762939453,24800
2024-10-16,20.270000457763672,20.40999984741211,19.969999313354492,20.110000610351562,50400
2024-10-17,20.219999313354492,20.3799991607666,20.049999237060547,20.3799991607666,35600
2024-10-18,19.989999771118164,20.260000228881836,19.889999389648438,20.25,19800
2024-10-21,19.719999313354492,20.09000015258789,19.65999984741211,20.09000015258789,24600
2024-10-22,19.6299991607666,19.790000915527344,19.510000228881836,19.729999542236328,24200
2024-10-23,19.399999618530273,19.610000610351562,19.1299991607666,19.5,30500
2024-10-24,19.579999923706055,19.600000381469727,19.1299991607666,19.1299991607666,18700
2024-10-25,19.739999771118164,19.8799991607666,19.56999969482422,19.81999969482422,17300
2024-10-28,19.799999237060547,20.09000015258789,19.739999771118164,20.010000228881836,27500
2024-10-29,19.56999969482422,19.81999969482422,19.459999084472656,19.459999084472656,21100
2024-10-30,19.68000030517578,19.979999542236328,19.559999465942383,19.559999465942383,26800
2024-10-31,18.850000381469727,19.329999923706055,18.790000915527344,19.329999923706055,75800
2024-11-01,19.040000915527344,19.43000030517578,18.760000228881836,18.93000030517578,23500
2024-11-04,19.110000610351562,19.34000015258789,18.940000534057617,19.1299991607666,31300
2024-11-05,19.6200008392334,19.860000610351562,19.139999389648438,19.190000534057617,36300
2024-11-06,21.209999084472656,21.459999084472656,20.239999771118164,20.25,118800
2024-11-07,20.420000076293945,22.299999237060547,20.15999984741211,22.260000228881836,52200
2024-11-08,21.719999313354492,22.209999084472656,20.420000076293945,20.829999923706055,48900
2024-11-11,24.15999984741211,24.299999237060547,22.3799991607666,22.3799991607666,73000
2024-11-12,23.360000610351562,24.479999542236328,23.360000610351562,24.15999984741211,51100
2024-11-13,23.510000228881836,24.020000457763672,23.479999542236328,23.719999313354492,27700
2024-11-14,23.770000457763672,23.770000457763672,22.81999969482422,23.770000457763672,51800
2024-11-15,26.489999771118164,26.639999389648438,24.760000228881836,25.0,119900
2024-11-18,25.84000015258789,26.829999923706055,25.389999389648438,26.219999313354492,54900
2024-11-19,25.709999084472656,25.889999389648438,25.309999465942383,25.420000076293945,50800
2024-11-20,26.31999969482422,26.34000015258789,24.709999084472656,25.579999923706055,34300
2024-11-21,27.270000457763672,27.309999465942383,26.059999465942383,26.059999465942383,30700
2024-11-22,27.799999237060547,27.889999389648438,26.81999969482422,27.1200008392334,44200
2024-11-25,28.280000686645508,28.959999084472656,27.8799991607666,28.049999237060547,50100
2024-11-26,28.31999969482422,28.649999618530273,27.540000915527344,28.09000015258789,42700
2024-11-27,28.299999237060547,28.75,27.719999313354492,28.75,22500
2024-11-29,28.729999542236328,28.829999923706055,27.899999618530273,28.360000610351562,20500
2024-12-02,29.200000762939453,29.5,27.889999389648438,28.770000457763672,68400
2024-12-03,29.450000762939453,29.489999771118164,28.6299991607666,29.0,35400
2024-12-04,29.25,29.450000762939453,28.8700008392334,29.280000686645508,57600
2024-12-05,29.290000915527344,29.690000534057617,28.739999771118164,29.510000228881836,31800
2024-12-06,28.959999084472656,29.290000915527344,28.290000915527344,29.290000915527344,38400
2024-12-09,28.739999771118164,29.360000610351562,28.709999084472656,29.360000610351562,43200
2024-12-10,28.6200008392334,29.309999465942383,28.100000381469727,28.790000915527344,62900
2024-12-11,29.06999969482422,29.780000686645508,27.790000915527344,28.469999313354492,72800
2024-12-12,28.59000015258789,28.75,28.229999542236328,28.75,27200
2024-12-13,28.610000610351562,29.350000381469727,27.860000610351562,28.6299991607666,31900
2024-12-16,28.959999084472656,29.399999618530273,28.459999084472656,28.8700008392334,30400
2024-12-17,28.549999237060547,28.969999313354492,28.25,28.829999923706055,31400
2024-12-18,26.68000030517578,28.600000381469727,26.649999618530273,28.600000381469727,46200
2024-12-19,26.889999389648438,27.06999969482422,26.530000686645508,27.06999969482422,24700
2024-12-20,26.389999389648438,27.079999923706055,26.350000381469727,26.440000534057617,69100
2024-12-23,26.239999771118164,26.65999984741211,25.920000076293945,26.309999465942383,33500
2024-12-24,27.329999923706055,27.329999923706055,26.270000457763672,26.3700008392334,15100
2024-12-26,27.270000457763672,27.6299991607666,26.8799991607666,27.18000030517578,20200
2024-12-27,26.719999313354492,27.059999465942383,26.530000686645508,27.0,21600
2024-12-30,26.969999313354492,27.100000381469727,26.31999969482422,26.579999923706055,28200
2024-12-31,26.899999618530273,27.299999237060547,26.899999618530273,27.100000381469727,18800
2025-01-02,26.540000915527344,27.969999313354492,26.31999969482422,27.0,30700
2025-01-03,27.510000228881836,27.530000686645508,26.020000457763672,26.559999465942383,23800
2025-01-06,27.450000762939453,28.079999923706055,27.1200008392334,27.510000228881836,39900
2025-01-07,26.459999084472656,27.829999923706055,26.459999084472656,27.40999984741211,26400
2025-01-08,26.200000762939453,26.43000030517578,26.059999465942383,26.229999542236328,24000
2025-01-10,25.1200008392334,25.790000915527344,25.040000915527344,25.739999771118164,28700
2025-01-13,25.5,25.520000457763672,24.6299991607666,24.90999984741211,26200
2025-01-14,26.149999618530273,26.229999542236328,25.530000686645508,25.719999313354492,24200
2025-01-15,27.399999618530273,27.540000915527344,26.329999923706055,26.479999542236328,30600
2025-01-16,27.389999389648438,27.56999969482422,26.989999771118164,27.290000915527344,29700
2025-01-17,27.81999969482422,28.020000457763672,27.520000457763672,27.68000030517578,18800
2025-01-21,27.75,28.6299991607666,27.729999542236328,27.959999084472656,53600
2025-01-22,27.190000534057617,28.0,26.549999237060547,27.610000610351562,50600
2025-01-23,27.969999313354492,27.979999542236328,27.0,27.149999618530273,47300
2025-01-24,28.360000610351562,28.389999389648438,27.360000610351562,28.0,43700
2025-01-27,27.010000228881836,28.510000228881836,27.010000228881836,28.170000076293945,44316
