Price,Close,High,Low,Open,Volume
Ticker,HLNE,HLNE,HLNE,HLNE,HLNE
Date,,,,,
2020-01-28,60.017677307128906,60.83858218178517,59.91734325196976,60.64703724710244,101000
2020-01-29,60.090633392333984,60.44636064375524,59.08729994066011,60.263938910339284,263400
2020-01-30,59.707542419433594,61.10308883394949,58.68596263885441,59.625454728670505,134100
2020-01-31,59.24235916137695,59.88358401139866,58.62211552470408,59.63457215161043,159000
2020-02-03,59.88997268676758,61.08940916228015,59.54336164834005,59.780515470588924,257700
2020-02-04,60.74737548828125,61.43146757026402,57.418129443648446,58.12958409547941,326900
2020-02-05,61.3493766784668,62.11555643025163,58.82279282305789,61.486196479555275,170500
2020-02-06,61.513553619384766,62.45303883356795,61.41321957137069,61.71422171541293,79100
2020-02-07,63.31044006347656,63.647921009371764,61.157829930810706,61.34937486308895,140800
2020-02-10,64.93401336669922,65.27149429184514,63.228341514218755,63.228341514218755,143900
2020-02-11,66.3934097290039,66.48462060386434,64.95681235391328,65.40831557904639,138500
2020-02-12,66.16083526611328,67.506215098431,66.10154505310375,66.82212295058011,109700
2020-02-13,66.6396713256836,67.2690381125132,65.54512704844694,65.7913970751952,103400
2020-02-14,65.49040985107422,67.02277620009205,65.28061857708435,66.75825979329773,89900
2020-02-18,65.6272201538086,65.80052567960172,64.68773496250698,65.65458967809964,67700
2020-02-19,65.86437225341797,67.34201337383425,65.55425390903979,65.9099811670939,76700
2020-02-20,65.12556457519531,66.12889819043374,64.02736663267669,65.61811168644563,128200
2020-02-21,64.02188110351562,65.10730215663517,63.629668146472056,65.10730215663517,100800
2020-02-24,62.52601623535156,63.14625997318718,61.705104382489104,62.05170851638917,130900
2020-02-25,60.66526412963867,62.94557018065111,60.254804865091344,62.94557018065111,116500
2020-02-26,60.89329147338867,62.01519809339178,60.29128736787174,61.01186487647166,78600
2020-02-27,58.71333312988281,60.54669450992966,58.70420995555545,59.76226853240933,240300
2020-02-28,56.679298400878906,57.78023105866736,48.762073871605196,56.679298400878906,548300
2020-03-02,60.5010871887207,60.710871467037414,56.852597183077734,57.2174440959593,175900
2020-03-03,58.886634826660156,61.40409523656023,58.138698027118345,60.58318347692505,179400
2020-03-04,58.89575958251953,59.66194623172831,58.2390301571816,59.66194623172831,110700
2020-03-05,57.19921112060547,58.09309090904183,56.42390825211152,57.61878670874404,125400
2020-03-06,56.55160140991211,57.304103253599614,55.18341750483359,55.365842721405045,114400
2020-03-09,52.702449798583984,54.350658314069904,50.81435604115305,52.50178516565227,435900
2020-03-10,52.92135238647461,54.3625042502091,50.32180095181699,54.3625042502091,238700
2020-03-11,51.8997802734375,52.20990211419388,50.239717325703836,51.78120335446459,178300
2020-03-12,47.73137664794922,51.01501656936699,45.706463391374385,48.37898284964731,258100
2020-03-13,53.420997619628906,53.89780750663043,48.102738876694104,49.64320051228258,270600
2020-03-16,44.379947662353516,53.42098336372925,44.049848328838515,46.24592253577904,353000
2020-03-17,47.24997329711914,47.39668373175635,40.50128630810235,44.911774214778134,231600
2020-03-18,37.78714370727539,45.920414173551876,33.25745571484033,44.62752380248689,494200
2020-03-19,43.087074279785156,44.83384637969078,36.32921421506167,37.07193794545283,279800
2020-03-20,40.3729248046875,48.52453249995634,39.29093377786124,42.46355337234261,466500
2020-03-23,40.80388641357422,44.30201609070175,37.466220758727154,40.7855471684774,303000
2020-03-24,44.84758758544922,45.09516209404551,39.86859729644655,43.02287331743327,285400
2020-03-25,45.39775085449219,46.69063762378636,43.013705470695974,44.765062775170385,356200
2020-03-26,51.999725341796875,52.4765351005317,45.53070604929118,45.874558937987715,344700
2020-03-27,50.9911003112793,53.145910716063874,49.106785879507434,49.67070275450306,201900
2020-03-30,52.357337951660156,53.54661142757515,49.47356113032638,52.41235567955704,195000
2020-03-31,50.71601867675781,53.65022769796728,49.879765957645354,52.05475197991626,184600
2020-04-01,46.56227493286133,48.373235976099544,45.89290824905729,48.18526134339435,326500
2020-04-02,46.5531120300293,48.515365928635745,44.856768460388814,46.213844715242644,112400
2020-04-03,45.03098678588867,47.50397612894024,44.104874135001694,45.828724719477336,163700
2020-04-06,49.899940490722656,50.303396874050385,47.03908480769157,47.295830732860104,226400
2020-04-07,51.15614700317383,52.99002928185062,49.85408876642982,50.82604763335554,230400
2020-04-08,50.67017364501953,52.58658106207295,50.22087437616277,52.42153135167766,235600
2020-04-09,54.090370178222656,56.401059233874896,52.027252201648224,52.13728418099986,175500
2020-04-13,51.38538360595703,54.02617163652932,50.1887751086012,54.02617163652932,168600
2020-04-14,51.440391540527344,53.85194748305132,50.780196362622114,52.79746737355216,124800
2020-04-15,51.000267028808594,51.9722259307667,49.16638468403307,49.54233042479793,124300
2020-04-16,51.440391540527344,51.834676472121274,50.50511474700723,51.082785090442734,125300
2020-04-17,53.03588104248047,53.47142672889795,51.990568596795946,53.2467771062718,138900
2020-04-20,51.2295036315918,53.017539663029815,50.25754820263856,51.871363168243015,73000
2020-04-21,50.05581283569336,50.53262260883015,49.14803964306025,49.78073121599782,97000
2020-04-22,52.26565170288086,52.889172038111916,50.11084114585078,50.85356132616034,104600
2020-04-23,52.632423400878906,53.58603953836101,52.146442212915225,52.733283989166644,139700
2020-04-24,53.17341995239258,53.30820971665465,51.89428660134128,53.04504525048049,71900
2020-04-27,56.38271713256836,57.51972228608082,53.32013331917345,53.815278919391766,185900
2020-04-28,57.152950286865234,59.592010395239335,56.03428083285568,57.90484183855429,161600
2020-04-29,60.00463104248047,62.40701237614104,58.53752310504368,59.133532753314,197500
2020-04-30,59.46364212036133,60.59148300154084,57.125442496497456,58.638397046096514,230600
2020-05-01,56.575279235839844,58.042383925159236,55.933419622567556,58.042383925159236,122000
2020-05-04,56.94205093383789,56.97872942377872,54.92478295703916,56.23600924067033,114600
2020-05-05,59.2985954284668,61.59094880358032,57.36385211806806,57.76730505286073,166700
2020-05-06,59.9954719543457,60.36224988825418,59.11520911038969,59.49115142075814,111100
2020-05-07,60.563961029052734,61.71013737709911,57.76728794153747,61.31585243354295,125200
2020-05-08,60.50895690917969,61.678058513756376,60.06882898472953,61.65513358117503,160100
2020-05-11,60.04132080078125,61.18749745248159,58.95932976174786,60.188027774431205,250300
2020-05-12,58.01487350463867,60.637322550364836,57.97819501502909,60.37140874747527,215800
2020-05-13,57.46469497680664,59.527812377085816,57.33632378711235,57.858979915354865,187300
2020-05-14,58.06071090698242,58.8584521925325,55.23653410212332,56.19932156973773,266800
2020-05-15,57.895668029785156,58.51918833876799,56.969558937302125,57.510554396629786,179100
2020-05-18,59.68370056152344,60.56397028761263,58.583373897471425,60.16051391279728,167100
2020-05-19,58.83095169067383,61.50841835851831,58.64755925031759,59.45446500076617,143900
2020-05-20,59.58284378051758,60.22469983867832,59.12437316877237,59.885429067532584,202400
2020-05-21,60.774864196777344,61.06828511340577,59.30775961363523,59.47280931647037,151000
2020-05-22,62.370330810546875,62.43451640799307,59.91292837221231,60.96741204086172,119600
2020-05-26,64.15837860107422,65.12116268942786,63.52568691750871,64.1858857184977,274300
2020-05-27,66.33154296875,66.50576408769281,63.27813317257873,65.23121599661545,204700
2020-05-28,66.00142669677734,67.25763158820548,65.28620672726753,66.24899772782268,312700
2020-05-29,67.09259033203125,67.28514715719467,65.47877875093592,66.52409122794114,232800
2020-06-01,68.83477783203125,69.97178299803305,66.56534968772172,67.07425235002077,297500
2020-06-02,67.2943115234375,69.14653659388537,66.84501231149369,68.88978719135443,225400
2020-06-03,64.12169647216797,64.87358795378287,61.43505855693925,62.08608594992359,1201200
2020-06-04,64.04834747314453,64.96070657181265,61.94855108723831,62.8013067636482,487900
2020-06-05,62.847145080566406,65.4787686082399,62.65458828523013,65.4787686082399,396500
2020-06-08,60.83906555175781,63.37440817400375,60.72903705185802,62.91135524693945,344800
2020-06-09,59.665367126464844,61.178321594922025,59.6103528898431,60.23387322248033,242700
2020-06-10,59.94044494628906,60.45392974697159,57.4463639217641,59.90376646113949,244300
2020-06-11,57.73061752319336,59.44530009784532,57.68477116243784,58.143241765699265,424500
2020-06-12,57.770240783691406,59.530348512180026,56.48011147051063,59.530348512180026,369000
2020-06-15,57.95454788208008,58.341589149496414,56.08385838300068,56.58148136310915,195500
2020-06-16,58.67333221435547,59.894353668807774,57.364772033636925,59.59485465666289,326700
2020-06-17,60.01875305175781,60.3486596550091,58.9405735011015,59.023514175352524,276500
2020-06-18,59.89896011352539,60.41224739438666,59.014299392450795,59.797592080111365,314800
2020-06-19,59.53034591674805,60.59931528054345,58.691760669376364,60.59931528054345,277300
2020-06-22,60.20307159423828,60.43345223830257,58.71941968401151,59.14331922541069,228800
2020-06-23,59.25388717651367,61.04163567197539,59.152519160249774,61.04163567197539,222000
2020-06-24,57.825538635253906,59.28154591693398,57.48457628416697,58.70098573996906,180900
2020-06-25,59.6870002746582,59.69161238608768,57.12517274933027,57.87160361250731,176100
2020-06-26,58.50286102294922,59.2539041686459,57.48918408494863,59.20782522780025,340000
2020-06-29,59.659366607666016,60.442659351824815,58.2217937110612,59.253901475422495,219600
2020-06-30,62.08296203613281,62.11982377309067,59.25388875819858,59.62249206646227,177200
2020-07-01,62.13826370239258,63.19064084363016,61.050866849358776,61.95396201095994,137300
2020-07-02,62.46078109741211,63.45602688037479,62.1935387836171,63.11506109436241,141200
2020-07-06,62.72802734375,63.746312654451074,62.29491070564161,63.59426061996679,194700
2020-07-07,61.87101364135742,62.8109704305945,61.622205685769956,62.1566833367834,118500
2020-07-08,62.93999099731445,63.14272004618341,61.86180430443084,62.11061932227278,135900
2020-07-09,62.377845764160156,63.35465713711855,61.41024455198497,62.986046816734806,125700
2020-07-10,62.691165924072266,63.14732202984438,61.84336702808368,62.56215335427651,96000
2020-07-13,61.03243637084961,63.723280299826925,60.9909625163385,63.280946420090274,209600
2020-07-14,62.15669250488281,62.27649493469331,60.13856292332101,61.170663668402035,130700
2020-07-15,63.34545135498047,63.861508708728884,62.49304730563767,63.11507074207836,148500
2020-07-16,64.11030578613281,64.1471675216141,62.46078003429566,62.9123239902913,132700
2020-07-17,65.4833755493164,65.55709902423304,63.99972401224244,64.19324989156298,146500
2020-07-20,66.75508117675781,66.99928403666358,65.18848896587555,65.18848896587555,117200
2020-07-21,66.62609100341797,67.32644316160945,66.27130281140865,67.2066477470751,102100
2020-07-22,67.99916076660156,68.08209443475039,66.26670062444377,66.26670062444377,104100
2020-07-23,66.82880401611328,68.33089008755823,65.64925642204051,67.69503735642347,193800
2020-07-24,65.86119842529297,67.16515329415789,65.17927390720719,66.37724865188144,106800
2020-07-27,66.97626495361328,67.27115191365222,65.31752140923194,65.888867970221,125000
2020-07-28,65.0410385131836,66.48782808484125,64.8659470455086,66.48782808484125,99100
2020-07-29,66.14688110351562,66.59842514067,64.71852550783917,65.52946274221048,100400
2020-07-30,65.82434844970703,66.32197141309734,65.21614026201055,65.35437003472869,71500
2020-07-31,66.57077026367188,66.57077026367188,64.9120343101662,66.19294976934756,108800
2020-08-03,66.9486083984375,67.77798002195495,66.28050601834178,67.2066335633855,143800
2020-08-04,63.85230255126953,66.36805534179135,58.7378527639743,61.29968098197396,484500
2020-08-05,66.8011474609375,67.18819215808422,63.99971891322024,63.99971891322024,216500
2020-08-06,66.50625610351562,67.72266513757206,66.43253263947427,67.07760240385142,158600
2020-08-07,66.93938446044922,68.37695710925833,66.40489979796357,66.40489979796357,170800
2020-08-10,64.75537109375,67.18819651533909,64.51578034980822,67.18819651533909,210500
2020-08-11,64.74617004394531,66.28511086563728,64.34991510470012,65.10556324109113,189300
2020-08-12,64.40520477294922,65.9533628015425,63.778569213026735,65.62161415036833,210700
2020-08-13,64.75537109375,65.58935470890101,63.40994933442093,64.47891861289625,217300
2020-08-14,64.89360809326172,65.27143566579154,63.833855888383795,64.66322748483861,145700
2020-08-17,64.46971893310547,65.32673521479511,64.24855548221569,65.13321631643413,94900
2020-08-18,64.25775146484375,65.35435819356118,63.59425430053843,64.73693995536591,178700
2020-08-19,64.99497985839844,65.43731374547941,63.83385955663718,64.28541063716905,198100
2020-08-20,63.96288299560547,64.41903215413582,63.08743236257462,64.41442707246446,154300
2020-08-21,64.34069061279297,64.48813756446427,63.46524718688188,64.11952721594363,102000
2020-08-24,65.79669952392578,65.90727771021703,64.54342852113422,64.54342852113422,230800
2020-08-25,65.96258544921875,66.34962323070636,65.12399655866986,65.98101280662618,175700
2020-08-26,65.77825927734375,66.47401311382801,65.49258961400474,66.15608679525668,215800
2020-08-27,66.13764953613281,66.57998331461862,65.77825641702549,65.91648616221836,140000
2020-08-28,67.59365844726562,67.83325621083098,66.13765154425192,66.45097277824618,197100
2020-08-31,67.37250518798828,67.68581943839455,66.82880330021638,67.30799889933651,269500
2020-09-01,69.13261413574219,69.16026571620722,67.01311662623503,67.15134640592561,262500
2020-09-02,65.28986358642578,66.5661741367277,65.14242365170034,66.3496158004818,1355800
2020-09-03,62.83861541748047,65.28986137329957,62.63126725060581,65.28986137329957,531900
2020-09-04,61.99080276489258,63.55739491192154,59.0880131098896,63.35465887860484,315900
2020-09-08,60.479515075683594,61.84337137743083,59.87131392253803,61.115367807722436,281400
2020-09-09,59.82524108886719,61.61299705072176,59.456630669942875,61.19831472359376,473900
2020-09-10,56.4801139831543,60.13855937570067,55.6599595334658,60.009546790176095,533300
2020-09-11,56.29580307006836,58.03747982856302,55.881117290586545,57.06066482748686,438100
2020-09-14,56.59498977661133,57.60925466104203,55.63167346304197,56.83582150507844,261300
2020-09-15,57.502742767333984,57.96587695766329,56.64131289064681,56.78951569021485,294800
2020-09-16,59.0866584777832,59.466424823834025,57.150757498599866,57.595365879452025,367900
2020-09-17,60.031436920166016,61.18927211499634,58.21595218269589,58.660564006931416,369600
2020-09-18,58.66057586669922,61.031820563723926,58.466056829231846,60.6983633948465,1599600
2020-09-21,56.55794143676758,58.818034727488744,55.81692399928115,57.817663306941874,261900
2020-09-22,57.41010284423828,57.53977982741364,55.82433354507562,56.557937792838615,208900
2020-09-23,56.97475814819336,58.50310216455453,56.88213273714302,57.243376787045456,245700
2020-09-24,55.69651412963867,57.2989578721439,55.404737352372706,56.80803680153956,249300
2020-09-25,57.252647399902344,57.3869567332905,55.24264326357721,55.46494922001393,429600
2020-09-28,58.484580993652344,59.13296952250087,57.47494838637723,58.012185706502166,128200
2020-09-29,58.58646774291992,58.79487668910651,57.586096320985064,58.44752608984019,214700
2020-09-30,59.82767105102539,60.999407048913085,58.73467761742306,58.92919312848024,277200
2020-10-01,60.62425994873047,60.744679355571115,59.71652093413654,60.337119025094964,135200
2020-10-02,61.26337432861328,61.50420602418507,59.6146181670339,59.6146181670339,209200
2020-10-05,63.11592483520508,63.634632850067064,61.272652796506215,61.7820961491409,166000
2020-10-06,62.19892501831055,64.06998409328176,62.05071868091589,63.58832763048338,125100
2020-10-07,63.05107879638672,63.991240494372946,62.02292048492671,63.078865712880365,110300
2020-10-08,62.74541473388672,63.24560048041688,62.560163894519924,62.986246478556765,202400
2020-10-09,64.68132781982422,64.77395325182344,62.79173932619646,63.504962926144785,134600
2020-10-12,64.44048309326172,65.20002279000734,62.847300542315764,65.20002279000734,129200
2020-10-13,63.91251754760742,64.67668612632121,63.86157250456871,64.28302630908286,480500
2020-10-14,63.42158889770508,65.04255835282792,63.328963485071256,63.95882618459363,203100
2020-10-15,63.25485610961914,63.46604231901444,62.384161741824464,62.58794187614794,101100
2020-10-16,62.976966857910156,64.46825908125284,62.652774432588885,63.143695400484646,108800
2020-10-19,62.71762466430664,64.38491040232464,62.578683008327445,63.143707226940975,150800
2020-10-20,63.810630798339844,64.64427378853605,62.47217321600465,63.467908939351624,142500
2020-10-21,64.82951354980469,65.32969925831446,64.0885031817971,64.0885031817971,143700
2020-10-22,65.32042694091797,65.47789789750631,64.37563653571378,65.0981245632579,115400
2020-10-23,66.04293823242188,66.37639541412527,65.00551510413722,65.65390014252331,404300
2020-10-26,65.76504516601562,66.36712093654246,65.03329240698957,65.84840591567975,208800
2020-10-27,67.63610076904297,67.85377436111693,65.61683581292202,65.61683581292202,281300
2020-10-28,66.6913070678711,67.58052364741889,66.28374681883724,66.70982932152482,292400
2020-10-29,66.22816467285156,67.03402040944552,64.42194482670133,66.05217148435231,504900
2020-10-30,64.56090545654297,66.45049386407794,63.91252039522235,65.68169645333127,199800
2020-11-02,65.59832763671875,66.19113884584569,64.41548249721446,65.19076728036883,140400
2020-11-03,67.91399383544922,68.25671566244134,65.79283850664913,66.33934049742756,201400
2020-11-04,68.14556121826172,68.38639296442004,62.532377361734945,67.46938222334792,384300
2020-11-05,66.20038604736328,69.60905313419805,65.81135511902308,68.42343102866685,208900
2020-11-06,66.82099914550781,67.0525662362718,65.20929417251314,66.53385821435783,140200
2020-11-09,66.11701965332031,70.78541209387504,65.77430495205928,69.59052530252485,330400
2020-11-10,69.03475189208984,69.22926732120001,65.30189303779093,66.12627098029479,238000
2020-11-11,69.34971618652344,70.5816477616704,68.71985340515947,69.35897378218351,170200
2020-11-12,68.62721252441406,69.2570752287816,67.33044260383329,69.09034665801178,236400
2020-11-13,69.94251251220703,70.45195577299384,68.08071148471893,68.71983879270711,134800
2020-11-16,70.56310272216797,72.3091200342905,69.3774807087005,70.6001542934469,135300
2020-11-17,69.42381286621094,69.91474104810659,68.4327059735492,69.70169620940719,135500
2020-11-18,68.01588439941406,69.92863078039557,67.96031056048447,69.36823532601134,99600
2020-11-19,67.09886932373047,68.61794857591612,66.53384516771277,68.10849824938691,172900
2020-11-20,65.77430725097656,67.41379886528321,65.66315252224545,66.5431044907202,169100
2020-11-23,65.84841918945312,66.7932169439614,64.96846700913193,65.77432308599283,202800
2020-11-24,65.5520248413086,68.62260747089462,65.21857465125967,66.3671457212705,172500
2020-11-25,66.45050048828125,66.72838386618676,65.1954106229953,65.6261220851942,159200
2020-11-27,66.79320526123047,67.22855247717469,66.05218782129995,66.33007112799041,39200
2020-11-30,64.72763061523438,66.71910900760757,64.32933493675974,66.71910900760757,215100
2020-12-01,64.57015991210938,66.042930128389,64.3015412672064,65.16297103642421,195900
2020-12-02,64.2366943359375,64.54699331597452,63.199278538050166,64.26448124954304,157400
2020-12-03,65.49642181396484,66.21890985985175,64.32932193460465,64.33858659507804,172400
2020-12-04,66.1077651977539,66.61720847703377,65.28338704989345,65.53347635908673,166200
2020-12-07,66.52457427978516,67.09886304258,65.95955017665959,66.10775646390913,174000
2020-12-08,67.51569366455078,67.73799607072574,66.21891667260904,66.28375516886283,153600
2020-12-09,67.78431701660156,68.54385676838741,66.92751598025009,68.0992448583063,109100
2020-12-10,67.87692260742188,68.01586423041157,66.77466134973207,67.33968543418949,131900
2020-12-11,67.88619232177734,68.27522324162517,67.12665273532276,67.35821976859386,120100
2020-12-14,67.9168930053711,69.68435221051367,67.38665595354583,68.27038200752955,106700
2020-12-15,69.7494888305664,69.90762813244963,67.57272071543743,68.25179991937303,137900
2020-12-16,71.67507934570312,72.27043307986767,70.09366522287279,70.64251116050417,258600
2020-12-17,75.77745819091797,76.00071412379425,71.2192742363898,71.88904913219679,232500
2020-12-18,75.61000061035156,78.65189318847499,75.48907181411762,76.35419637979219,717500
2020-12-21,73.20066833496094,74.99603379235488,72.3262395026748,73.33090151034281,197500
2020-12-22,74.30766296386719,74.36348226079294,73.1727746849726,73.37742178311042,193100
2020-12-23,74.15882873535156,75.46116781961041,73.4518434443807,74.49371613122318,186100
2020-12-24,73.18206024169922,74.90300473046653,72.81275869695997,74.65184277472949,105100
2020-12-28,72.9774169921875,74.14952285431269,72.63323230127057,73.72161276751265,175500
2020-12-29,72.06578063964844,73.38672132558415,71.74019766736521,73.29369863309986,91100
2020-12-30,71.50763702392578,72.40996494332882,71.26577234695542,72.05647587481556,82800
2020-12-31,72.60531616210938,72.92159470972376,71.04251092776697,71.55413924252717,182300
2021-01-04,70.45645904541016,73.46114092622639,70.09832133127418,73.19137015511104,186100
2021-01-05,71.73088836669922,74.26951274406667,70.40994777103984,70.40994777103984,258900
2021-01-06,72.05645751953125,74.14949949390748,71.1634271287917,72.27971334292248,242300
2021-01-07,74.35417938232422,74.91232268275695,72.116950432401,72.18671568351367,176900
2021-01-08,74.47510528564453,75.1867392080141,73.42393532577536,74.31696599115725,197100
2021-01-11,75.32162475585938,75.43324914826485,73.78672548569524,73.78672548569524,94700
2021-01-12,76.34488677978516,76.74953938711808,75.53557446794295,75.81464963676477,140800
2021-01-13,75.6657943725586,77.90767843629484,73.2471693569564,76.37277947154773,250600
2021-01-14,77.08908081054688,78.54955902142554,72.9681125446139,75.87976456836721,178800
2021-01-15,76.24256134033203,77.20163828846674,73.77277230238415,76.20535084387241,126000
2021-01-19,75.17277526855469,77.39605075968133,75.05184648979025,77.01465562839296,249300
2021-01-20,76.10302734375,76.62396722158816,75.2006922792639,75.2006922792639,130600
2021-01-21,76.1588363647461,76.8193066503139,75.9169717075657,76.27976514474834,190000
2021-01-22,75.77745819091797,76.40816312104216,75.29373582015633,75.54489785749487,141500
2021-01-25,73.6192855834961,75.65186026767527,73.33091309205929,75.40534692554183,97500
2021-01-26,71.87972259521484,72.23321873534753,70.12156758376067,70.83785716453146,185200
2021-01-27,70.15877532958984,72.7262425065476,68.94016187656626,70.71691851662179,203400
2021-01-28,72.0843734741211,73.10763715995715,70.60529368314616,71.13553077199056,158300
2021-01-29,70.11228942871094,71.7122985051976,69.62855997765156,71.7122985051976,190700
2021-02-01,72.23322296142578,72.94950548692745,69.96343240233891,70.14948488097183,164000
2021-02-02,72.14949798583984,76.45186310559656,71.7774072207912,76.27977077190273,330800
2021-02-03,72.40996551513672,73.53090777024154,71.69368297409979,73.02392806217682,426500
2021-02-04,75.29371643066406,75.74022818143179,72.00066210575272,72.35415116654187,234600
2021-02-05,76.9774398803711,77.1355791411537,75.52626624556534,75.87045086054216,190800
2021-02-08,78.94027709960938,79.31237503816743,76.58211200302524,77.66584396663083,251800
2021-02-09,80.2332992553711,80.75423202871521,75.6639523380544,78.66118943944466,301100
2021-02-10,80.14957427978516,83.21936556327802,79.35886368976279,80.10305938725108,176800
2021-02-11,81.36820983886719,81.43332644773453,79.19144144768562,80.58680343528111,129900
2021-02-12,82.9310073852539,83.42403410345632,81.34959303001095,81.3775062286447,141200
2021-02-16,83.32169342041016,84.02867862985089,82.54029431827267,83.72169736950707,156600
2021-02-17,81.25657653808594,83.43334488140152,81.07983551629138,82.84728831730452,202500
2021-02-18,82.41936492919922,82.5403008215653,80.01934104552151,82.10773499387632,329600
2021-02-19,87.61941528320312,88.23337074532006,82.79146149355013,82.79146149355013,974000
2021-02-22,89.72174072265625,90.33570318322074,85.69380262639655,87.08916411257891,353700
2021-02-23,88.37289428710938,90.67989507125642,87.41009145323187,89.59150771618282,396700
2021-02-24,85.68450164794922,89.777563590159,84.7728623178466,87.65661518208755,259700
2021-02-25,84.97752380371094,86.65196063712625,84.55240293598925,85.60078364280247,245400
2021-02-26,83.16355895996094,87.26591867830736,82.65192349640024,85.00543243442614,236200
2021-03-01,85.48915100097656,87.42405402235757,83.9635562987427,83.9635562987427,162300
2021-03-02,80.56818389892578,81.48912061969281,77.763507492408,78.61467896810801,1164900
2021-03-03,81.8612060546875,82.50772325043694,79.76816385442561,80.56817166318864,431200
2021-03-04,78.16816711425781,81.89378767264152,77.77281886148273,81.8426241226145,416500
2021-03-05,78.23326873779297,82.98215229042724,74.85649637398032,78.93094950613924,256400
2021-03-08,77.83328247070312,79.32166702806269,75.96350269732208,78.28910578606434,225600
2021-03-09,79.65655517578125,81.10773634263028,77.54491067447258,78.40073091570567,276200
2021-03-10,81.54495239257812,82.06588522793946,80.00074849178905,80.46586912255526,197600
2021-03-11,81.8426284790039,82.36356130906074,80.94959063151002,82.28914030557334,152600
2021-03-12,81.31327819824219,82.2841838842604,80.23034959009732,81.44397635573354,170300
2021-03-15,82.21884155273438,82.21884155273438,79.88493551669386,81.16391858854982,217600
2021-03-16,82.24683380126953,82.96568073112465,80.69712415112045,82.39620718189416,176100
2021-03-17,82.79763793945312,84.29133610967786,80.51040616151755,81.69603420344087,136900
2021-03-18,80.23969268798828,83.45114991364223,80.1043292616528,82.38688925119021,158500
2021-03-19,80.41705322265625,81.22551563988984,79.43680999192195,79.68887579297471,437700
2021-03-22,79.08206176757812,80.87449967846463,78.73664115164594,80.23967702804461,176100
2021-03-23,79.51150512695312,80.23968263396749,78.42857648441053,79.07272967464559,235000
2021-03-24,78.98871612548828,80.4497435771866,78.44724821797196,80.24902395521246,193900
2021-03-25,78.12982940673828,79.12874076034242,75.71189940048168,78.83933161054958,161300
2021-03-26,80.39839172363281,80.45440318513353,77.96179343313527,78.62462184345041,141100
2021-03-29,79.57683563232422,81.35994275674871,78.39121483631696,80.28634486027708,141300
2021-03-30,81.35997009277344,81.62136644286808,78.82067905325465,79.24077931269012,173900
2021-03-31,82.67627716064453,83.66585806771103,81.50932425527176,81.50932425527176,181000
2021-04-01,85.14087677001953,85.32759349883337,82.67627292979631,82.67627292979631,144300
2021-04-05,86.8212890625,87.01733627987485,85.07552509466487,85.73835343603166,178800
2021-04-06,85.86906433105469,88.75376844757234,85.67300997831634,87.10136629425405,285200
2021-04-07,85.11287689208984,85.9530844232217,84.23533313514362,85.86906723136622,127400
2021-04-08,86.88664245605469,87.82954236771536,84.14663940115933,85.58899143662276,216500
2021-04-09,86.53189086914062,87.41877219491549,85.45829281200815,87.41877219491549,130300
2021-04-12,87.92289733886719,88.13761980089457,85.85038790175145,86.67192015828192,121800
2021-04-13,86.97066497802734,88.85645764005922,86.63458198914802,88.44568795975894,119300
2021-04-14,86.80261993408203,87.87621080866876,86.46653695894571,87.43744254017126,160000
2021-04-15,86.33586120605469,87.46547095112886,85.93442905511787,87.46547095112886,211400
2021-04-16,86.43852996826172,86.91464873573157,84.99151267626742,86.82129393020212,167100
2021-04-19,84.66478729248047,86.27984646489175,84.3940533067403,85.76639135195016,79400
2021-04-20,83.30177307128906,84.66477327126138,82.94701481371729,84.46872602905806,116500
2021-04-21,83.73120880126953,84.011273230588,82.61092971644935,83.58183540762067,151100
2021-04-22,84.45938110351562,85.38360577179874,83.18973582551368,83.60983600495645,234800
2021-04-23,85.8783950805664,86.10245516364166,84.20731768750152,84.69277407831605,370700
2021-04-26,87.77352142333984,89.38858728309233,86.26582035276469,86.41052136489995,217800
2021-04-27,87.40943908691406,87.85755214277415,86.08378227720586,87.83887690741749,169600
2021-04-28,87.4468002319336,87.89491337899187,86.05579406041582,87.88557575941319,110200
2021-04-29,86.17713928222656,88.59506950141626,85.15955972733714,88.16563166997082,130000
2021-04-30,84.44070434570312,86.14912500664144,84.07661563075101,85.5609833415299,227900
2021-05-03,83.57250213623047,84.91683425892299,83.47914732160255,84.91683425892299,151800
2021-05-04,82.3401870727539,83.0571678904046,81.27592668438268,82.97500968358189,237300
2021-05-05,84.82347106933594,84.88882014537488,82.31218620545414,82.88165977772856,176300
2021-05-06,85.20623779296875,85.42096028058651,84.25400727128888,84.95417907686746,119800
2021-05-07,85.28092193603516,86.09312377024118,85.06620657737605,85.46763868542973,122400
2021-05-10,83.79656219482422,85.29026059564227,83.57250209281466,85.29026059564227,82800
2021-05-11,82.1814956665039,83.68453167715296,81.64002777344066,82.4895729631622,100800
2021-05-12,80.44506072998047,82.31218530789353,80.19300204586882,81.50932116958971,111400
2021-05-13,81.81739807128906,82.13947819915226,80.84649244038081,80.95852247866388,181600
2021-05-14,83.60050201416016,84.34734753777164,81.64001559870759,82.35886251704412,116000
2021-05-17,84.54341888427734,84.72079804092374,82.54559567658472,83.11506937922312,133200
2021-05-18,82.47089385986328,85.86439496677761,82.44288812921037,84.4967295547807,158200
2021-05-19,82.16282653808594,82.46156621289455,80.36105087118897,81.07989076533242,125300
2021-05-20,83.18973541259766,83.79655231962582,82.03212017869998,82.03212017869998,93900
2021-05-21,83.40446472167969,84.66851190839252,83.04504831156484,84.01128173037048,83100
2021-05-24,85.32759857177734,85.42095338047699,83.76387881662586,83.9085798384876,133000
2021-05-25,86.45722198486328,86.86799175594446,85.47697853024374,85.76638774283116,232100
2021-05-26,87.56815338134766,87.69885154368423,85.35560799462316,86.42920614740126,192000
2021-05-27,86.9613265991211,88.07693322333128,86.62524361318611,87.56814349719896,211300
2021-05-28,84.36604309082031,87.09204379746159,84.12331485399115,86.34519097145633,174000
2021-06-01,83.18973541259766,85.61699591819533,81.68669957069565,85.15955239490363,153800
2021-06-02,82.48957824707031,84.46873319546555,81.78940641300568,83.11506337609751,183800
2021-06-03,80.79981994628906,82.57358261898567,80.30502594417868,82.39621062522508,92800
2021-06-04,81.77071380615234,81.8547381121005,79.64219302232843,80.83715155903556,114500
2021-06-07,83.44181060791016,84.02062190066508,81.57468567678427,81.808076293175,144600
2021-06-08,84.40338897705078,85.14089708365283,83.3764645298497,83.54450606461745,177100
2021-06-09,83.68452453613281,84.87948314815462,83.5911697300402,84.84213980121454,102800
2021-06-10,83.55382537841797,84.31934617519673,83.02169515532194,83.89924599157384,166700
2021-06-11,84.56208038330078,85.1315539934098,82.24684259371647,84.08596158480469,97900
2021-06-14,84.4590072631836,85.34932901979975,83.80578431516855,84.77764632550264,73400
2021-06-15,84.4964828491211,85.53675014136276,83.74673305546057,84.46836133299007,124700
2021-06-16,85.58360290527344,86.34271930519232,84.6089311392522,84.6089311392522,156800
2021-06-17,83.3812255859375,86.07093792732685,82.98761019209664,85.4149122709254,176800
2021-06-18,82.01294708251953,84.09349602769291,81.71304858637751,83.28751747865918,317800
2021-06-21,84.89945983886719,84.99318392002729,81.58651949399051,82.46278388171812,147900
2021-06-22,84.69329071044922,85.35869025717734,83.71861883703022,84.45899479328534,150500
2021-06-23,85.26494598388672,86.06155041681893,84.74011843560461,84.91818556360583,168500
2021-06-24,85.47113800048828,85.94910361918272,84.5920636517458,85.84601285534386,127000
2021-06-25,84.72140502929688,86.50205542877931,84.21532499048752,85.88351077574211,374400
2021-06-28,80.94454193115234,86.00064379645414,80.38222610782802,86.00064379645414,263900
2021-06-29,84.73080444335938,84.83388809983663,80.69153675238427,81.36631034113863,357000
2021-06-30,85.39617919921875,85.649215645877,83.4936903293018,84.73077964674582,164400
2021-07-01,86.6988525390625,86.81130998939447,85.32119157135111,85.9209884735986,108900
2021-07-02,86.783203125,87.31739751066128,86.29587078112138,86.9518964652164,99000
2021-07-06,86.84880065917969,86.95189142501087,85.5742304181244,86.8019457702567,110500
2021-07-07,86.9050521850586,87.52358974128232,86.1271879574056,86.51142957639487,122600
2021-07-08,84.82449340820312,86.0475183465682,84.30903954523556,85.30245191734349,66500
2021-07-09,85.84601593017578,86.22089079845863,84.16845643597117,85.89287797001491,124300
2021-07-12,87.8609619140625,88.2545773074031,85.92099216100574,85.9865947265625,169500
2021-07-13,86.98001098632812,87.79536332386122,86.14591812213455,87.74850128199448,242900
2021-07-14,85.93973541259766,87.16745082144753,84.84323228916641,87.16745082144753,68100
2021-07-15,85.87413024902344,86.5301630557105,85.16187586481699,85.3493097237885,64000
2021-07-16,86.22089385986328,86.82069081035519,85.53674666469463,86.60514257978598,76900
2021-07-19,84.15910339355469,85.49927643861282,83.7748546249738,84.85261736473011,68400
2021-07-20,86.29586029052734,87.15806741342153,84.2902881285095,84.2902881285095,126900
2021-07-21,86.65199279785156,87.42048304610726,85.31651048876368,86.86754816693914,114200
2021-07-22,86.8113021850586,87.74099230506322,86.22087917346549,86.53015143436102,161400
2021-07-23,87.39237213134766,87.90782597984735,86.12717568065445,87.19556443014147,113500
2021-07-26,87.29864501953125,87.91718241545674,87.26115682127171,87.67351985198385,107900
2021-07-27,85.14313507080078,86.99876188523665,84.9791322184805,86.77383265611813,100600
2021-07-28,86.45519256591797,86.75509105087258,85.26028197034398,85.52738274529963,181100
2021-07-29,87.10185241699219,87.88908326626928,85.76636282965089,87.08310473954619,152200
2021-07-30,87.15807342529297,88.10463084840349,86.4270713728457,86.91440369109611,109300
2021-08-02,87.21431732177734,88.44203289405047,86.41302922112588,87.57981841157356,273200
2021-08-03,81.61931610107422,87.87033613256597,81.30067710988817,87.43923253559127,304300
2021-08-04,80.316650390625,81.95672207310686,78.88745078743547,81.30069626017216,304800
2021-08-05,84.34652709960938,85.50863280427487,80.15731510963913,80.64465460362845,450100
2021-08-06,86.5020523071289,86.52079283375193,84.11223117957378,85.0962768556597,258700
2021-08-09,86.89566040039062,88.61070802280065,85.52737326752884,86.66136451154149,246100
2021-08-10,86.5020523071289,87.19556619448014,85.9303697181866,87.19556619448014,127800
2021-08-11,85.35868835449219,88.0015459551844,84.91821089601952,87.13933871527489,135100
2021-08-12,84.55270385742188,85.89287666482154,83.81701131395852,85.2649653813217,135900
2021-08-13,84.94631958007812,85.20872983987894,84.00913599499329,84.42149906047648,50000
2021-08-16,84.69329071044922,86.50205547696008,84.05600552975771,84.53396405266837,88800
2021-08-17,83.54993438720703,84.49649199538047,82.53777420124798,84.25282221354335,74000
2021-08-18,83.12818908691406,84.33247354098836,81.55372022739182,83.74673374429324,97500
2021-08-19,82.47216033935547,83.07664064123409,80.72899819653486,82.45341981261431,166000
2021-08-20,83.12818908691406,83.37185884437956,81.72241357484577,82.27535566100084,114200
2021-08-23,83.45619201660156,84.1637629721762,83.23126283259134,83.44681817973216,53300
2021-08-24,83.93417358398438,84.5339706064134,82.46279539612807,83.5874201757909,66500
2021-08-25,83.53117370605469,84.27248629471838,83.10476059189222,83.96227731442194,83800
2021-08-26,82.94075012207031,84.24718145319224,82.87514755487216,83.28751063448546,58600
2021-08-27,84.74014282226562,85.1525059109846,83.20316222813233,83.25939095835993,111800
2021-08-30,83.0906982421875,85.63046484340133,82.82828083806551,84.88071513191056,177600
2021-08-31,80.66338348388672,83.24063810648698,80.60715476198473,83.06257095360712,263600
2021-09-01,79.81055450439453,80.83582781619792,79.22012429214088,80.78521910371087,168300
2021-09-02,81.54434204101562,82.31283225991693,79.56594752545018,80.01672829053575,174000
2021-09-03,80.25102996826172,81.8723607599888,79.87147175014948,81.21633509289894,132700
2021-09-07,81.53498077392578,81.82082208448381,80.10109087675221,80.10109087675221,138200
2021-09-08,79.42632293701172,79.74965247529171,78.39542224042455,79.31385831278337,504300
2021-09-09,79.90428161621094,80.46659038754859,78.81714512816673,79.65123802151543,311200
2021-09-10,81.95670318603516,82.50964522963514,78.87337542565545,80.19480058722627,358400
2021-09-13,82.40657043457031,83.1656870117615,81.92860470256538,82.54714943223587,177300
2021-09-14,80.61878204345703,83.01815341959596,80.37413853882423,82.87701266004945,212100
2021-09-15,80.55292510986328,80.98575154997489,79.7296123079871,80.08246065164832,156900
2021-09-16,80.10128021240234,80.5152912542247,79.79077910975386,80.5152912542247,117700
2021-09-17,83.04638671875,83.69562277818052,79.76253968928239,80.45883224391486,484700
2021-09-20,80.0260009765625,82.9522902528797,78.93452007279006,82.24659362055982,235400
2021-09-21,81.9643325805664,82.04901275182362,79.38618891620557,80.41179816571176,192700
2021-09-22,81.83258819580078,83.66739669308507,81.48444191584932,82.68882976829417,258700
2021-09-23,83.29103088378906,83.73326865687498,79.2732672624754,82.15250766941813,250900
2021-09-24,83.27220153808594,84.53869237625672,80.83990137155516,83.10283406136826,118100
2021-09-27,84.69302368164062,85.18230361676319,82.61357139461188,83.45099765386314,129600
2021-09-28,82.98053741455078,84.69302804375984,82.92407678852646,84.69302804375984,207000
2021-09-29,82.08663940429688,84.10022677849419,81.75731570827735,83.09343309139553,164200
2021-09-30,79.80960083007812,83.56390568702264,79.6402333158473,82.58533862465777,163700
2021-10-01,80.57173919677734,81.19275571713315,79.00980095427381,80.392967587141,134400
2021-10-04,82.14310455322266,83.45099528863436,79.97896498221644,80.46824490347147,449900
2021-10-05,84.04376983642578,84.7494665179381,81.59735610959329,82.52887371914856,163000
2021-10-06,84.98471069335938,85.24346761537021,82.51947402167634,83.50745238618353,175300
2021-10-07,84.35429382324219,87.30881057294627,84.13787697526804,86.02914644430408,303900
2021-10-08,84.97528839111328,85.65275836149509,83.59212173137009,84.35427903740859,77200
2021-10-11,83.864990234375,86.12322102908762,83.71444534337698,85.01292464044579,80000
2021-10-12,82.35010528564453,83.90263961596168,82.26542511899827,83.69563408142356,95200
2021-10-13,83.88382720947266,84.01085464272715,82.0678338349061,82.5006603414454,114800
2021-10-14,85.12582397460938,85.13523527201886,83.65797744225758,84.5894948817334,109600
2021-10-15,85.80331420898438,87.04534014975064,85.00351884954935,86.47137290952277,158100
2021-10-18,87.2335205078125,87.40288800288342,84.94706291371416,85.89740314598531,140800
2021-10-19,89.01187896728516,89.1812464687314,86.38668628422742,87.56284749462685,154600
2021-10-20,90.1598129272461,90.28213110807002,88.94601370380273,89.36943604428852,137300
2021-10-21,91.74998474121094,92.14517318083617,89.2941595855541,90.33859130364807,385800
2021-10-22,93.15196990966797,93.22724595167932,91.84407918927414,92.10753815759541,131500
2021-10-25,95.1279067993164,95.48546436233384,92.42744555161234,93.34014052038187,218400
2021-10-26,98.02598571777344,98.46822350634149,94.67628069942279,95.31611272100065,270300
2021-10-27,94.07408142089844,98.3835306404192,93.87648002025888,97.96952677584449,216900
2021-10-28,95.90889739990234,96.34172389715191,94.49750383893765,94.57277988508163,181100
2021-10-29,98.33648681640625,99.06099895105224,95.91829969610728,95.91829969610728,205000
2021-11-01,100.8675765991211,101.08399340774055,97.51787196613017,98.32707140558361,199900
2021-11-02,103.49278259277344,105.36523654188196,100.10543950110441,101.54505977665983,273100
2021-11-03,105.5063705444336,106.00035972558543,101.22514772479508,104.0761615639837,170000
2021-11-04,106.15559387207031,109.147747938924,105.44989722591347,105.98622638984398,150300
2021-11-05,106.14619445800781,107.70343074962078,105.98623825652841,106.83307576247576,172700
2021-11-08,104.85713195800781,107.07772501255953,104.31139140522234,106.05210865103382,170200
2021-11-09,103.05994415283203,105.53459182347152,102.90939925755187,105.01707804250029,254500
2021-11-10,101.06517791748047,103.89078589055772,100.51943742544579,102.8999864250065,158600
2021-11-11,102.41071319580078,102.64594545563537,100.58531574101322,101.17809845145759,132200
2021-11-12,103.05994415283203,103.53040861599932,101.92142101341335,102.8247119212484,179400
2021-11-15,105.38404846191406,107.27531777024498,102.98467662990984,103.87856349105901,287300
2021-11-16,105.22408294677734,106.19323858670614,104.00087247812436,105.3840391404375,262000
2021-11-17,105.18644714355469,105.41226807928432,103.06841661488141,104.91357688930226,92300
2021-11-18,104.92298126220703,106.28732526468322,104.51838155726233,105.80744952655866,111100
2021-11-19,106.7860336303711,107.90574147353072,104.77244607998377,107.30354746848323,254700
2021-11-22,104.80066680908203,108.65848135536994,104.71598664698925,107.49172425593457,175600
2021-11-23,104.43370056152344,105.59104631105069,102.4671625317286,104.7347975337936,108300
2021-11-24,104.81006622314453,105.3746221092294,102.07196694520994,103.6997698697333,126700
2021-11-26,99.90784454345703,104.69716985322493,98.57172704574342,101.91202079002744,90400
2021-11-29,100.76407623291016,102.1331295566289,99.35268282999633,101.56387157086911,170700
2021-11-30,99.52206420898438,100.93910746070156,98.562319719753,99.60675155790663,161600
2021-12-01,97.31087493896484,102.01551991391443,97.27323691771902,101.36628378889998,226800
2021-12-02,101.14985656738281,101.7002991114429,96.75572033520831,98.6328688929399,100800
2021-12-03,99.82315826416016,101.43215323751727,98.66581956670824,101.43215323751727,107000
2021-12-06,100.85818481445312,101.16868593788514,98.86341269063682,100.88641153669978,98300
2021-12-07,103.32340240478516,104.49015943422567,100.66057901709392,102.50479883879021,257600
2021-12-08,101.80850982666016,104.44311376612168,101.32864122938481,103.07876965597944,159600
2021-12-09,99.25859069824219,101.62973561911937,98.91045158893355,101.12163313607425,112300
2021-12-10,98.24240112304688,100.82524665436453,97.84720548405387,99.88902688624205,137800
2021-12-13,97.83780670166016,100.84407475765393,97.2920661246134,98.09185438892317,169500
2021-12-14,97.48847198486328,98.7535716627998,96.58213030448412,97.54511608896092,243400
2021-12-15,96.56324005126953,97.86138687034605,94.47676493732754,97.62064223514767,194400
2021-12-16,96.05343627929688,99.71657574853121,95.00547701907408,97.20524787723285,215700
2021-12-17,93.82532501220703,96.82758472661625,93.54209731263653,95.5058410560283,324200
2021-12-20,89.8412094116211,92.72073092170834,89.22753853145053,92.70185195440988,282400
2021-12-21,91.03077697753906,91.95600482151754,90.36046200616101,91.18183752470425,371400
2021-12-22,95.27926635742188,95.4397628012694,91.33289923814957,91.33289923814957,198600
2021-12-23,97.93220520019531,98.75357353705346,95.55305194145286,95.55305194145286,120300
2021-12-27,99.98092651367188,99.99980548319157,96.89369278228787,98.74414152268413,122500
2021-12-28,99.99979400634766,100.60402180313208,99.31060005202957,100.20749866204795,97500
2021-12-29,98.26264953613281,99.8345884154708,98.14935411315709,99.64104476899882,72100
2021-12-30,98.61195373535156,101.49148239614857,98.57419580143981,98.71580606101725,85900
2021-12-31,97.8283462524414,98.64971453372105,96.97864871752881,98.27207038454178,137400
2022-01-03,96.93144226074219,98.90462919453626,96.11007396452365,98.25319320542789,107100
2022-01-04,98.76302337646484,99.13594243262756,96.93145368567905,96.93145368567905,201700
2022-01-05,93.14559173583984,99.34837388223576,92.99453117194486,98.76302500158893,118100
2022-01-06,93.27775573730469,97.01641784167614,92.55078945972608,93.4288090814093,173200
2022-01-07,93.46658325195312,94.32382961023232,92.82459027079085,93.5043483923702,118900
2022-01-10,92.47527313232422,94.82610463059378,89.97811341183036,92.74906501295273,149300
2022-01-11,94.22186279296875,94.7316741332424,91.62556905792462,92.82458154080476,98500
2022-01-12,92.52247619628906,96.01566884496334,92.36197975200686,94.69392494738757,133400
2022-01-13,93.86309814453125,94.30211156057169,92.67352873963405,93.24942727205759,183600
2022-01-14,89.46356964111328,93.39105050212568,89.1142475037134,92.6546482908711,247900
2022-01-18,85.9892578125,88.83101438319733,85.7343449169317,88.04741113380541,208600
2022-01-19,85.53608703613281,86.80119407702537,84.79968477788032,86.5085160285926,125100
2022-01-20,83.52513122558594,87.66975957464513,83.52513122558594,85.82875416327292,245000
2022-01-21,80.1830062866211,83.44017249403565,80.12163702782921,82.59991785611214,258600
2022-01-24,80.0130615234375,80.30573236388442,75.85898963207032,78.37031749837034,487900
2022-01-25,77.3506851196289,79.42771759337192,75.32085367308277,78.80461073243487,342900
2022-01-26,77.42620849609375,79.70150236809944,76.40657132051489,78.5119328662214,302800
2022-01-27,77.31291198730469,79.44659555735969,77.09577143811411,78.52136764373672,295200
2022-01-28,80.6456069946289,80.83443269014481,75.97228087580817,77.0391190443588,241400
2022-01-31,85.40391540527344,86.04590843121369,80.07915268546031,80.71170262489665,380200
2022-02-01,85.92315673828125,86.67843781126415,83.08139342366493,84.64861407521532,298400
2022-02-02,84.49756622314453,86.20639738036247,83.3363115850754,84.89408938620662,531800
2022-02-03,80.56063842773438,84.31817961922552,80.45678609904337,83.1286101863417,470900
2022-02-04,80.47566986083984,81.20263620498544,78.99342232108485,80.40958266618696,445200
2022-02-07,79.19168853759766,81.23096301126087,78.8990176874377,80.73058747919474,234400
2022-02-08,79.29553985595703,80.29629811014796,78.55913759539675,79.38051322607939,236300
2022-02-09,79.92809295654297,81.41505843067411,79.29553586447308,80.46623359701522,301600
2022-02-10,76.85974884033203,81.00437769820583,76.19886966573397,78.5969021388919,196200
2022-02-11,75.50022888183594,77.88881815271152,75.09426263243658,77.16185901925701,225300
2022-02-14,73.64034271240234,77.07689146274396,72.72455781081226,75.38693914383437,308100
2022-02-15,75.8684310913086,76.50098098585629,74.2540091560031,74.99041138583044,636300
2022-02-16,75.75513458251953,76.42544960781414,74.32953836953818,75.6890473885599,210200
2022-02-17,72.77176666259766,76.86918743731098,72.72455843311535,74.6788595644719,170800
2022-02-18,72.6773452758789,73.52703564102082,71.84369591005179,72.41298931905247,133100
2022-02-22,71.28951263427734,72.39411595684946,70.81745919355792,71.97870662406793,204000
2022-02-23,70.53422546386719,72.63014392926681,70.29819873943866,71.78988936653835,221400
2022-02-24,73.37598419189453,73.75362836557741,66.5264845105749,67.8057524382218,329700
2022-02-25,74.46172332763672,74.8016024313805,72.27611326941637,73.67811277161826,207700
2022-02-28,73.73473358154297,77.06742915926277,73.2060361219277,73.2721233043796,247100
2022-03-01,71.66716003417969,74.2115279053861,71.21398554150772,73.77251444033224,254400
2022-03-02,75.04705047607422,75.57103005886583,72.23833407585187,72.34690434530567,218200
2022-03-03,74.121826171875,75.85897920974351,73.81971228689947,75.4152478655375,275000
2022-03-04,73.55538177490234,75.01402539981038,71.99760374306508,73.04556311704843,276300
2022-03-07,68.78762817382812,74.13126939400698,68.67433275463279,73.64978006909554,370100
2022-03-08,69.56179809570312,71.59162941260306,67.3582528920032,68.79707379608945,256200
2022-03-09,72.76231384277344,73.41374986707191,70.7702478349004,71.32727461582782,153600
2022-03-10,71.75212860107422,72.97474537944684,70.43982050947594,70.98740427224824,173300
2022-03-11,71.5444107055664,76.09689227781253,70.60030392464742,72.33746414707916,250500
2022-03-14,69.61898803710938,72.40753653018322,68.4950253628391,72.1419611724034,216600
2022-03-15,70.50108337402344,71.27884289813693,69.56207546207771,70.01735268329861,306500
2022-03-16,74.40885162353516,74.43731233097849,71.3167871622359,71.80999754545863,255700
2022-03-17,75.34784698486328,75.77466345210617,73.60262627592886,74.01996307866244,143800
2022-03-18,75.7746810913086,76.01180301417196,74.09111399170128,74.5321645311483,279400
2022-03-21,73.83026123046875,75.74620997325997,73.19477636196434,75.5470284728206,213100
2022-03-22,75.22454833984375,75.935914031328,74.25709418343503,74.37091529917147,159300
2022-03-23,73.27066040039062,74.68390476898047,72.98611125185435,74.43730322572684,203200
2022-03-24,73.78284454345703,74.33296903801899,72.5023878475104,73.61211650157178,146700
2022-03-25,72.4928970336914,74.38513212609541,71.8099849030077,73.9915089608712,152900
2022-03-28,71.73411560058594,73.35982765399034,70.49159914260204,72.4834216835826,301800
2022-03-29,75.08228302001953,75.35259822716904,73.00509282909861,73.00509282909861,220900
2022-03-30,73.83026123046875,75.19608550363594,73.58365969833532,75.19608550363594,170100
2022-03-31,73.30860900878906,75.18661044377254,73.24221516485301,73.63109132608241,258300
2022-04-01,74.17171478271484,74.80720686604727,72.6351697639094,74.04841402083073,135200
2022-04-04,73.64057159423828,74.34719741248749,73.213755098299,73.68799886551403,216100
2022-04-05,72.1799087524414,73.82079557174073,71.03223956375575,73.65955440789593,178400
2022-04-06,69.77074432373047,71.0417214484886,68.86019711197444,71.0417214484886,203100
2022-04-07,69.61898803710938,70.88047822294928,68.01604175229949,69.90352996199385,207900
2022-04-08,68.64205169677734,70.56273333907151,68.54245731262056,69.25856286095825,145900
2022-04-11,68.10140991210938,68.99298330051049,67.51239705145781,68.09192301029216,188100
2022-04-12,68.77482604980469,69.90352117854725,68.16779466932898,69.22061630280072,240300
2022-04-13,69.78971862792969,70.51056398632797,68.4144072802237,69.52888309333147,134600
2022-04-14,69.69487762451172,71.13657570818751,69.13052629940489,70.21654150453975,207300
2022-04-18,67.53230285644531,69.6000057658049,66.51742158475507,69.6000057658049,213600
2022-04-19,70.37777709960938,70.65283937226557,67.3521065731635,67.3521065731635,143700
2022-04-20,70.83305358886719,71.37369122630871,70.26396248151602,70.88048086297397,142900
2022-04-21,67.47541809082031,71.38319023372256,66.57909745473609,71.31679638054547,169700
2022-04-22,66.74507141113281,70.18807860802207,66.17597309277001,67.2857090244689,155300
2022-04-25,68.73690795898438,68.80804164522274,65.83453777826348,66.50796320807316,202800
2022-04-26,66.0621566772461,68.22470704741193,65.84400136541319,67.94964480048586,236600
2022-04-27,66.6407470703125,67.7789294028137,65.77761979966277,65.77761979966277,336500
2022-04-28,67.44694519042969,68.31955193411628,64.82911772298473,67.77891436070337,236600
2022-04-29,65.0472640991211,68.84121349325285,64.65838081275818,67.08651334574375,207600
2022-05-02,67.28571319580078,67.37107360701563,64.78170649075882,64.91449417690605,177700
2022-05-03,66.83992004394531,67.51334534854833,66.42258319857437,67.09600850317739,151600
2022-05-04,68.99299621582031,69.08784354259018,64.81490887685854,66.75456456939297,168000
2022-05-05,65.99576568603516,69.32305585438391,64.75324207064516,67.70303893990283,181300
2022-05-06,63.92805862426758,65.81554671354277,63.36844723917475,65.81554671354277,215100
2022-05-09,61.63271713256836,63.99444883571134,61.37662147098828,63.216689423138135,230200
2022-05-10,61.66118621826172,63.311552758358744,60.61784759739522,63.121858116558805,308400
2022-05-11,59.99184799194336,62.5527619286652,59.78317953675816,61.4335461351703,190000
2022-05-12,60.314327239990234,61.38611925194649,58.379411648014276,59.49862731681254,232700
2022-05-13,61.79396438598633,62.91791979992651,60.04400372514208,61.64220290683906,289500
2022-05-16,60.82650375366211,61.580556852804015,59.93492676247639,61.443022106181644,173700
2022-05-17,62.90369415283203,63.3969044958125,60.89289793769623,62.26820922978879,306100
2022-05-18,60.741146087646484,63.53444174870291,59.953899651788255,61.699120579035586,164700
2022-05-19,61.035179138183594,61.86036600294632,59.68832840512064,60.162572232513504,193100
2022-05-20,61.17744827270508,62.059542002371614,59.82585420892344,62.04057543497901,246700
2022-05-23,61.59477996826172,62.88472353466193,60.01080397716384,61.78447457186781,291800
2022-05-24,61.62324905395508,61.77500332802595,59.60296917340262,60.98776401078327,224500
2022-05-25,63.42536926269531,63.86167269614584,61.04940316173147,61.623241351391854,438200
2022-05-26,65.63533020019531,68.17727691586356,63.643507955290644,67.23827634430859,303100
2022-05-27,66.63125610351562,67.06755954557798,65.19903775396362,65.63534119602598,370600
2022-05-31,65.96731567382812,67.05807062801419,65.22748926502894,66.61228753323189,292000
2022-06-01,64.55406951904297,66.87312161918211,64.0703460099395,66.11907564641484,249000
2022-06-02,66.2613525390625,66.2613525390625,64.55407175260571,64.55407175260571,253200
2022-06-03,65.2464599609375,66.10010021012357,64.49715392200672,65.75864411044914,232200
2022-06-06,66.76403045654297,67.30466800897149,65.59739495537954,65.91987721216134,143800
2022-06-07,66.356201171875,66.77353809154556,65.52153456892103,65.87247040011023,132200
2022-06-08,65.82504272460938,66.93477151085186,65.11367700475348,66.39413385321683,170400
2022-06-09,65.39820098876953,66.39411561758706,64.90499074247656,65.87244467175229,450900
2022-06-10,63.4727897644043,64.59200544494375,62.54327594960914,64.36437044243685,200700
2022-06-13,60.79805374145508,62.364007696052546,60.18153897207955,61.471479069406996,186400
2022-06-14,59.17549514770508,62.85487792903751,58.58374121568364,60.88394983304663,451900
2022-06-15,61.4184455871582,62.35857313688184,59.75771572465978,60.044048082927084,260600
2022-06-16,60.17766571044922,60.27311225096644,58.62192168869423,60.03450136104324,259200
2022-06-17,61.03666687011719,62.08655697892048,60.00586606957359,60.54989861177829,313400
2022-06-21,62.668758392333984,63.508665979670795,62.029275767360375,62.11517946162715,197000
2022-06-22,62.75466537475586,63.480044534348906,58.95598036388556,61.924296838833826,145100
2022-06-23,65.15985870361328,65.16940517813443,61.838399189250566,63.16507515645672,173100
2022-06-24,67.4696273803711,67.5937024397241,65.52256136151883,65.91387949137219,296000
2022-06-27,66.81105041503906,67.91820846005076,66.27656434190327,67.91820846005076,126900
2022-06-28,65.8852310180664,68.13771817097687,65.57026292796202,67.43143204799415,142800
2022-06-29,64.02407836914062,66.36246227398118,63.58503518741584,66.36246227398118,227100
2022-06-30,64.11952209472656,64.85444047138155,61.89089713628821,63.041003435477144,182600
2022-07-01,64.95943450927734,65.06728565475339,63.661390522357536,63.69002994948314,139400
2022-07-05,67.05921173095703,67.11647601878437,62.99327981319386,63.73774468225746,181600
2022-07-06,66.22882080078125,67.86091798958644,65.49390265494746,67.12599984375265,123000
2022-07-07,67.73685455322266,68.10908692574733,66.81104321782637,66.81104321782637,173900
2022-07-08,66.9542236328125,68.10909957771742,66.9542236328125,67.21192021480485,223400
2022-07-11,64.49174499511719,66.44835702190848,63.94771250833424,66.44835702190848,193400
2022-07-12,63.90953826904297,65.68480382777969,63.317780655521965,64.52992802353936,138100
2022-07-13,62.21063232421875,63.470497548187915,61.943389289108104,62.85010776992302,145800
2022-07-14,61.65705490112305,61.82885503983184,60.39718964453412,61.475715569360865,237800
2022-07-15,63.088706970214844,63.947707482312445,62.27743154061026,63.184149853375644,288200
2022-07-18,63.43232345581055,65.05488201329636,63.29870192872463,63.623216552952634,261900
2022-07-19,65.36983489990234,65.74206729160267,64.04315898449325,64.1004305475576,160000
2022-07-20,66.51517486572266,66.7537857587329,64.56810910493981,65.09304870046641,243000
2022-07-21,68.61495208740234,68.63404503785587,65.53210323541697,66.16203224566989,205400
2022-07-22,68.55768585205078,69.26206424177323,67.58892617612584,68.75811813515662,197400
2022-07-25,69.21624755859375,69.21624755859375,67.97547523172494,68.92037236897133,281800
2022-07-26,67.60323333740234,68.87264491158842,66.06657875429832,68.72947693343214,181400
2022-07-27,69.2353286743164,69.87480403760097,67.72730627703963,68.06136002787294,150600
2022-07-28,71.9364242553711,72.65225703002194,69.22103076510311,69.2735254598506,267000
2022-07-29,72.1272964477539,73.02447568590024,70.3329452532874,72.00322141172722,143900
2022-08-01,72.07957458496094,72.92903605426486,70.9008434853884,71.22058120478034,275600
2022-08-02,69.21624755859375,71.42101725460448,68.77720437076384,70.93424897342979,291800
2022-08-03,70.27567291259766,70.90560912351286,69.64574398350854,70.08478712361939,170600
2022-08-04,71.11558532714844,71.33988012621224,69.86525942385488,70.50474208598666,187100
2022-08-05,70.00843048095703,70.96287399748493,69.51212305636602,70.30431292272246,98400
2022-08-08,70.11341857910156,71.32556590093732,69.43576456847236,70.53337604894399,132800
2022-08-09,68.68175506591797,69.14943035344453,67.75117408702413,69.14943035344453,144900
2022-08-10,71.24922180175781,71.48783272053005,68.7008589369088,70.34249594132686,144600
2022-08-11,72.30864715576172,72.65224742471315,71.18240344793793,71.68825737672016,185700
2022-08-12,74.09344482421875,74.23852064114364,72.12729358312785,72.69041902358622,156700
2022-08-15,75.41059112548828,75.60147693339185,73.71168267693538,73.71168267693538,175500
2022-08-16,74.65657043457031,75.98324629391345,74.24615944544665,75.07652789743895,143400
2022-08-17,74.2748031616211,74.49432840101647,73.10083429008881,73.62578120049491,131500
2022-08-18,73.98846435546875,74.1698109688873,73.26309246544801,73.94074654476638,217000
2022-08-19,72.28955078125,73.2726264501262,71.47827523870929,73.2726264501262,141200
2022-08-22,70.70518493652344,71.11559598334755,69.65052153511519,71.11559598334755,96500
2022-08-23,70.3711166381836,71.79323529664029,70.0656950347199,71.02967764706834,144900
2022-08-24,70.36157989501953,71.17285545873615,70.05902000710518,70.17068681531617,89400
2022-08-25,71.52601623535156,72.11299709678241,70.78155128293628,70.78155128293628,122300
2022-08-26,66.99238586425781,71.58325637634316,66.95420725370471,71.58325637634316,108100
2022-08-29,65.90432739257812,66.63924569254976,65.64662356660838,66.53425632372152,128100
2022-08-30,66.37200164794922,66.51516962884878,65.56072613195303,65.81842267211145,121500
2022-08-31,66.4101791381836,67.04010804892876,65.86614664542945,66.54380064294244,131500
2022-09-01,65.20758819580078,66.33383196504147,63.742521017367515,65.49392419615046,161600
2022-09-02,64.02407836914062,66.30519798822523,63.29869919498253,65.9234190922564,104300
2022-09-06,66.24793243408203,66.95421864491435,64.61582750301801,65.77071064371461,241700
2022-09-07,66.62969207763672,66.83012431978447,65.04054292722375,65.85659524623459,152700
2022-09-08,67.8322982788086,68.14726637691996,65.51300031586962,65.77070413498834,178800
2022-09-09,69.30215454101562,69.71256560493906,68.13773211398507,68.13773211398507,142500
2022-09-12,70.50475311279297,70.6956389248255,69.51213087020442,69.92254191971865,232200
2022-09-13,67.42188262939453,70.1134127834453,66.72036613290773,68.84400128677152,196100
2022-09-14,67.92103576660156,68.08421342862256,66.61559982384327,67.28751215175042,151400
2022-09-15,66.87476348876953,68.71772928210467,66.32763279002019,67.4698910634756,175100
2022-09-16,66.84596252441406,66.96594738065738,64.68623511203432,66.3660230994408,256100
2022-09-19,68.4009780883789,68.49696452161184,66.02047499840673,66.06847187667091,121900
2022-09-20,66.8171615600586,67.66185223867485,65.76129638096481,67.56586582662884,124400
2022-09-21,65.96287536621094,68.4537621394323,65.85728810745168,67.4986800527624,133600
2022-09-22,63.06404113769531,65.84769142723006,62.968054711841326,65.84769142723006,190200
2022-09-23,61.89299392700195,62.60713966011769,60.971507411573,62.34413085284184,171800
2022-09-26,60.933109283447266,62.95845059196104,60.79872682959441,61.75860202306444,172400
2022-09-27,59.74286651611328,62.1425601915877,59.270605523597254,61.701016760352665,217800
2022-09-28,59.934837341308594,60.47237084478867,59.262925039017766,60.02122658898133,270100
2022-09-29,59.11894226074219,59.84172949871971,57.73191752761246,59.14773745633808,160500
2022-09-30,57.218379974365234,59.166932906960504,57.13199072967815,58.706191489178494,271100
2022-10-03,59.934837341308594,60.17480706688315,57.26637516464668,57.73671743789768,202800
2022-10-04,62.88167190551758,62.900866262219,61.20188008563092,61.211480925629225,151200
2022-10-05,62.315338134765625,62.651294294295234,61.163486352579824,61.816204315363784,123700
2022-10-06,61.2978630065918,62.97765096832487,61.057893297772786,62.027372971924,114500
2022-10-07,57.94788360595703,60.45316792359926,57.73671275450109,60.45316792359926,148600
2022-10-10,57.45834732055664,58.61979982547296,57.21357719376943,58.43742416605832,119200
2022-10-11,56.31608963012695,57.51593817682283,55.557788131467014,57.064797613185256,190500
2022-10-12,56.13371658325195,56.56566281250674,55.01066004883686,56.239303846141716,128100
2022-10-13,57.707923889160156,58.12067214804676,53.570847783161014,54.741897661763396,125100
2022-10-14,55.54819107055664,58.883772454221564,55.1450436890383,58.24545210517011,133500
2022-10-17,58.015079498291016,58.31264327599948,56.949616993229434,56.949616993229434,97600
2022-10-18,58.75418472290039,59.99242934334233,58.00548037642261,59.38770463030019,141500
2022-10-19,56.81523513793945,58.47582532312543,55.893752201937005,57.98628865763904,229300
2022-10-20,55.02985763549805,57.40075596571447,54.204361217522134,56.940014545328516,178600
2022-10-21,56.719242095947266,56.95921181142147,53.70522305545491,55.461799468669454,203600
2022-10-24,55.93214797973633,57.40076163101779,55.72097343476599,57.09360065377784,645900
2022-10-25,57.42955780029297,57.794309155152405,55.999336591915416,56.22010830511376,269900
2022-10-26,56.45048141479492,57.95077192468102,56.272902493849365,57.592736027820244,294900
2022-10-27,56.63285446166992,57.63112938521338,56.076122948354296,57.11279390626035,184700
2022-10-28,58.552608489990234,58.97495385598736,56.32568990264697,56.949612605313916,205800
2022-10-31,57.41994857788086,58.52860740190422,57.26636811887482,58.370230185363006,205500
2022-11-01,59.512489318847656,61.88339127472887,55.93214161051465,60.83712317088324,573000
2022-11-02,61.34585189819336,63.17922019806294,59.763972831433044,59.99242298218123,631900
2022-11-03,60.654747009277344,63.0832431416806,60.0308279147188,60.39557926416012,286600
2022-11-04,62.67050552368164,62.987267375204596,61.08670358936301,61.729820810360906,327900
2022-11-07,64.21590423583984,64.3790819023312,62.1953557918659,63.16963235566967,159600
2022-11-08,65.00299835205078,66.1356557133934,63.73595853455688,64.30228355358089,266200
2022-11-09,63.630374908447266,65.25257263748188,63.48639160483143,64.21590163940195,206200
2022-11-10,69.78318786621094,70.19593605518229,66.02046461804541,66.25083348624278,235900
2022-11-11,73.06598663330078,73.901076613724,69.98380947837354,70.02316486593838,265600
2022-11-14,69.6584243774414,72.29040970348086,69.6296291768371,71.75096105980985,253000
2022-11-15,70.93504333496094,72.53803914060997,70.74306318490798,71.21340906006726,191800
2022-11-16,71.33819580078125,71.5973598678926,69.87918317181386,70.31112572476425,207000
2022-11-17,70.0903549194336,70.93505304875102,69.4280434501128,69.98477497656384,158300
2022-11-18,70.69507598876953,72.97958492559997,69.10167364521055,71.53016586854119,170800
2022-11-21,70.73348236083984,72.63403858595034,69.4760359530879,70.35913015518791,199600
2022-11-22,71.7701416015625,72.2596818874755,70.57989382486119,70.98304120229787,263300
2022-11-23,71.32860565185547,72.36527672225672,70.89186627558907,71.5397802021182,100800
2022-11-25,71.43418884277344,72.33647738838243,70.89665898068898,70.89665898068898,99800
2022-11-28,70.3111343383789,71.53498148606096,70.02316771893771,70.7142817469603,136100
2022-11-29,69.79280090332031,71.08383932435231,69.66321518836921,70.46472059433356,110300
2022-11-30,70.91584777832031,71.15581749412536,67.7578454395306,70.19593863090519,435100
2022-12-01,69.94638061523438,71.83062050361887,69.65841400547646,71.39579253400933,239300
2022-12-02,69.90797424316406,71.09822189581503,68.55454163001976,69.16886347160052,160200
2022-12-05,67.79625701904297,69.44725021409387,67.68107621595324,69.44725021409387,146100
2022-12-06,66.58679962158203,67.71945697725754,66.29883303224462,67.57547368258882,160300
2022-12-07,66.18363952636719,69.1208735985116,65.88607944543747,66.49080044570258,178100
2022-12-08,67.24910736083984,67.46988271029436,65.91487639533356,66.72117840715204,159100
2022-12-09,67.09552001953125,67.62825297051668,66.05213384602587,66.75956395208391,142200
2022-12-12,68.4009780883789,68.77533030429416,66.99475157614712,67.3355118359138,171500
2022-12-13,69.89838409423828,71.85174125165959,68.6985354196439,71.01184717944352,215600
2022-12-14,69.29997253417969,71.19172569501255,69.02006926639787,69.5026595838678,207900
2022-12-15,67.3985595703125,70.56435059594985,67.04144011588342,68.07418300978027,216500
2022-12-16,64.96630859375,67.35513664492383,63.721224644795534,66.29826263222155,427800
2022-12-19,63.373748779296875,65.51934440224517,63.32548681366244,64.83116588555819,178000
2022-12-20,64.31962585449219,64.97594886785406,62.26379410680732,63.286883047381586,150500
2022-12-21,65.23655700683594,65.66123885188959,63.755008528968474,64.86013714008165,181100
2022-12-22,63.47993087768555,64.56093590375681,62.95873978406035,64.56093590375681,125300
2022-12-23,63.25792694091797,63.74051716106803,60.58437667946214,63.43165971472168,156000
2022-12-27,62.6884765625,64.76361630995532,62.032153464787235,63.62470291579916,121100
2022-12-28,61.40478515625,63.470274612438544,61.10558154411553,62.73673533741454,155600
2022-12-29,62.08041000366211,62.65469358433977,60.76776392318258,62.02250152955777,206100
2022-12-30,61.65574264526367,61.776386547953145,60.37205057823007,61.61713453455467,182400
2023-01-03,62.678829193115234,63.33515228176672,61.34687896239642,62.447180552125225,227700
2023-01-04,63.39307403564453,64.2134762273281,61.73296191294651,63.36411979039317,236400
2023-01-05,62.01285171508789,63.904604751463154,61.87772702418561,62.91046994107781,117800
2023-01-06,63.31584548950195,63.63725080401274,62.13832398670016,62.8911710355154,111600
2023-01-09,64.56092071533203,65.83399398431825,63.016633444066635,63.7115645570717,174800
2023-01-10,66.1341781616211,66.1341781616211,64.51267429505143,64.53198203270087,117800
2023-01-11,68.22862243652344,68.29618478740596,66.50094819110554,66.88702192346743,149000
2023-01-12,69.8597640991211,69.96593454650332,67.29721097058564,68.83667509388482,172800
2023-01-13,70.8056640625,71.3654706936834,68.6919157545374,69.00077331592391,138900
2023-01-17,70.58365631103516,71.06624662254877,69.31444879910008,70.37132275951392,174900
2023-01-18,69.89837646484375,72.04107854991037,69.81151374645951,70.84425668179644,117200
2023-01-19,69.29031372070312,69.56056310099946,68.1658774776004,69.22275137562904,149600
2023-01-20,71.01799011230469,72.21481199103555,69.3096163314914,70.06245601914054,205800
2023-01-23,72.3885498046875,72.95800286188722,70.7091375110671,71.2110282163322,188400
2023-01-24,72.45610046386719,73.2880855907461,71.71291471251962,72.17619723280974,140500
2023-01-25,72.25342559814453,72.48313759630334,70.85005060544997,71.69361904183651,166800
2023-01-26,73.30546569824219,73.32959668667355,71.84804825290867,72.88079122957421,220600
2023-01-27,74.50228881835938,75.09104954143729,73.12208034087656,73.12208034087656,154300
2023-01-30,74.22238159179688,75.13930011721128,73.68187550686183,73.78804595048784,123000
2023-01-31,75.14895629882812,75.68945503666936,74.29960008740005,74.39611666719412,178700
2023-02-01,75.88250732421875,76.87664224133219,74.12587879015807,74.79184844860391,146000
2023-02-02,76.7801284790039,78.06864384409411,76.18171378744279,76.60639565653419,145200
2023-02-03,77.08898162841797,77.15654397977309,75.51573244669383,75.51573244669383,157100
2023-02-06,75.87283325195312,77.62946131825312,75.71840085046898,76.26855339420737,333500
2023-02-07,74.76288604736328,75.7570208559826,70.19758607625334,70.19758607625334,407000
2023-02-08,75.39991760253906,75.73772936882064,74.02935543631287,74.71464020129807,231400
2023-02-09,73.2668685913086,76.28788145383068,73.02557342250108,76.01763204296535,173700
2023-02-10,74.5215835571289,74.81114064499396,72.54779125395193,72.98695013717496,190600
2023-02-13,76.41334533691406,76.79941904462152,74.57950074811126,74.98488219126301,156700
2023-02-14,77.00210571289062,77.23374699090033,75.6508514243043,75.95006241229963,136100
2023-02-15,77.93833923339844,78.15068015935412,76.00797789015637,76.52917633648103,121100
2023-02-16,77.71634674072266,78.40163151796557,75.38544182981471,77.09863168168891,150600
2023-02-17,78.1313705444336,78.31475722403223,76.96543214440742,77.8032126585665,128700
2023-02-21,76.20100402832031,77.96246300929238,75.52055731423283,76.94419720039967,293000
2023-02-22,74.88836669921875,76.79942771814183,74.34786786563193,76.30718350112849,180400
2023-02-23,75.4192123413086,75.88250227455515,74.4636855984332,75.40955847335205,92900
2023-02-24,74.79183959960938,75.17791329670419,73.8507900255143,74.41541976997135,85800
2023-02-27,75.28408813476562,76.47126353386109,75.06209335278254,75.47712131269061,104800
2023-02-28,75.09104919433594,76.14791570342508,74.63258254539541,75.18756577589173,160900
2023-03-01,74.93661499023438,75.83423316846236,74.69531986021333,75.05243930359194,130100
2023-03-02,74.59880828857422,74.77254108840131,73.76875239648295,74.37681351400603,82100
2023-03-03,74.84009552001953,75.57363474879607,74.79183355038242,75.18756108292722,107600
2023-03-06,75.22618865966797,76.18171552314969,74.20792269216528,74.7822064062952,143800
2023-03-07,73.31511688232422,74.27064360652545,72.79391847901168,74.27064360652545,356300
2023-03-08,74.80149841308594,75.16826439951848,73.39233558469512,73.48885217441487,220700
2023-03-09,70.73807525634766,74.83043825576657,70.63865737070738,74.67601321467612,188400
2023-03-10,63.16141128540039,70.37131045717577,62.93941654086607,70.37131045717577,875200
2023-03-13,62.505088806152344,64.77326142001772,60.29482466363268,62.0128447084861,550300
2023-03-14,63.73849868774414,65.99163450509204,63.0101141682199,65.32152578559688,556300
2023-03-15,64.82622528076172,65.27296691789982,63.019830994784115,64.21438492306382,408100
2023-03-16,66.82684326171875,67.4483974023538,63.81618900373463,64.01042930362672,268600
2023-03-17,66.87539672851562,67.49695079051651,65.2923773845929,66.02076174564164,531400
2023-03-20,67.13762664794922,68.66237795037011,66.33155340847333,67.38042148852267,212400
2023-03-21,69.2159423828125,69.83750392401096,67.11334581187913,68.12822635711204,121400
2023-03-22,67.8563003540039,69.73067669926222,67.57465746788104,69.11882899821565,198600
2023-03-23,69.11882781982422,69.65297938948682,67.99711693304269,68.11851434346511,219300
2023-03-24,69.08969116210938,69.32277210714261,67.44839586070741,68.40015478465006,147200
2023-03-27,69.72095489501953,70.49789380082122,69.18680337705464,70.02201807268563,110500
2023-03-28,69.62385559082031,69.83751625058326,68.80806101804458,69.44904299733344,88700
2023-03-29,69.46845245361328,70.82810492244086,68.91488056245967,70.27453303128726,97900
2023-03-30,69.29364013671875,70.59502422468775,69.099407244549,70.1482826450894,149900
2023-03-31,71.84784698486328,72.12948245800841,69.60927842969153,69.95404292759846,221200
2023-04-03,70.19683074951172,72.48881423334437,69.60441085016036,71.46907311885191,237200
2023-04-04,68.61381530761719,70.67076927840083,68.37102049577814,70.16770062148518,184000
2023-04-05,68.6915054321289,68.83329379620248,67.71061240322258,68.2253361738885,212700
2023-04-06,68.82746887207031,69.47330389449895,67.98254034606036,68.71092470691102,139700
2023-04-10,68.54583740234375,69.44903445602618,68.26419451361373,68.42929321784888,262000
2023-04-11,69.59471130371094,70.3813641555981,68.42929171292299,69.00229134553346,171300
2023-04-12,69.69181823730469,71.06117699290694,69.54613988215323,70.2065420039321,129100
2023-04-13,70.40078735351562,70.89609088504663,69.81322800988995,70.1191444594886,153100
2023-04-14,69.8763427734375,71.16801293018442,69.26450252474609,70.58530687292935,133100
2023-04-17,70.09971618652344,70.3619313149558,69.25478760022467,69.59470625381654,133000
2023-04-18,71.79927825927734,71.79927825927734,70.23567916089962,70.26481335125919,270600
2023-04-19,72.29458618164062,73.23663124540344,71.35739434673391,71.57590819741371,189300
2023-04-20,71.01262664794922,71.85754782029235,70.24053354319204,71.85754782029235,200400
2023-04-21,71.7215805053711,72.04207141101685,70.22596368853333,70.86694549982482,202400
2023-04-24,71.7021713256836,72.36257356290422,71.14859940694795,71.61476133350942,102700
2023-04-25,70.97378540039062,71.40109925620028,70.50276284462048,71.2748486139513,176800
2023-04-26,69.84720611572266,71.29426845504746,69.11882171749541,70.43962601904155,161700
2023-04-27,70.67271423339844,70.67271423339844,69.29364140894774,70.24540038087753,161300
2023-04-28,71.55648803710938,71.81870317662646,70.21626332828143,70.5561745867331,194500
2023-05-01,70.41048431396484,72.61991823468405,70.11912762196575,71.52734175395013,122900
2023-05-02,69.12854766845703,70.07059284036414,67.7009128128461,70.07059284036414,121400
2023-05-03,68.00196838378906,70.01230915143358,67.73003937707536,69.17710180631711,123900
2023-05-04,64.58341979980469,67.42897528435691,64.25322241303195,67.42897528435691,260700
2023-05-05,65.36035919189453,65.92363746278212,64.65139515835988,65.67113622081862,206300
2023-05-08,64.6805419921875,65.56431874036537,63.85504104236319,65.37007842837065,186400
2023-05-09,64.78736114501953,65.15155333154044,63.68993135705975,64.48629797520512,67600
2023-05-10,64.48631286621094,65.90423388401379,64.12697382510946,65.75855549386397,113600
2023-05-11,62.73817825317383,64.08811682189533,62.689623736236385,64.08811682189533,142700
2023-05-12,62.33999252319336,63.68993096005547,61.9612295395788,63.10722494715604,105900
2023-05-15,63.913307189941406,64.40861070627116,62.49538630489878,62.49538630489878,190700
2023-05-16,62.62164306640625,63.51512622332432,62.13604972295543,63.51512622332432,140100
2023-05-17,64.49601745605469,64.82621484401388,62.09719982173766,63.11693729181613,298600
2023-05-18,65.4769058227539,65.8799461164402,63.72878754995104,64.35034170154894,297500
2023-05-19,65.37007904052734,66.42866837465847,65.04959548937788,66.3315519225068,185200
2023-05-22,66.98223876953125,67.35128424306632,65.19526497089105,65.44777366831514,270200
2023-05-23,65.89451599121094,67.34157111676824,65.36037180596334,66.76857886921913,245900
2023-05-24,64.69023895263672,65.55458773895262,64.00070269667171,65.45747131309287,249500
2023-05-25,63.97158432006836,65.719702646106,61.04833249932292,64.0978349639373,306900
2023-05-26,64.2435073852539,65.45748141970878,63.029533350799035,65.45748141970878,205000
2023-05-30,65.15641784667969,65.51575686705019,64.3309168961364,64.63198752761288,185200
2023-05-31,65.95277404785156,66.0887385245767,64.5251396327294,65.14669364333237,424100
2023-06-01,67.88542175292969,68.20591263978743,64.27748748071669,66.08874186857388,297000
2023-06-02,69.69181823730469,70.45905065889403,68.63322910541244,68.63322910541244,245700
2023-06-05,69.09939575195312,69.36161085372173,68.06023439170725,69.18679831603977,146200
2023-06-06,72.36256408691406,72.5373766388602,68.7303485530898,69.34219618965591,236700
2023-06-07,74.11068725585938,74.29521368704025,71.89639971972797,72.4208374113659,321500
2023-06-08,74.24665069580078,74.59627581854792,72.94527405741617,73.67365849488776,286300
2023-06-09,73.27547454833984,74.72253702689935,73.06182132829016,74.13982352464211,160700
2023-06-12,73.18807983398438,73.93491406238661,72.34315109251772,73.19779370260191,237400
2023-06-13,74.15924835205078,74.95561504313265,73.06181846358116,73.39201585303745,268400
2023-06-14,75.07261657714844,76.1061459084451,74.11528612872223,74.281352590784,273400
2023-06-15,76.9482192993164,77.0947516187332,74.3302015261361,74.5451146008883,180600
2023-06-16,76.06903839111328,77.73948890373033,75.71736381446304,77.73948890373033,248300
2023-06-20,75.73689270019531,76.78214554879698,74.87724793548547,75.4438355420396,133200
2023-06-21,75.99088287353516,76.56723384513558,74.99446914057667,75.24845797781315,218700
2023-06-22,75.41452026367188,75.66850908681259,74.11039695424422,75.66850908681259,249400
2023-06-23,73.8613052368164,75.48290916056335,73.56824060516732,74.6525693081485,726500
2023-06-26,74.31065368652344,75.1214592455365,73.558465516256,73.558465516256,163500
2023-06-27,75.70758819580078,76.04949194222553,73.79291976287946,74.74048689793,198100
2023-06-28,75.95181274414062,76.3425631105834,75.16054865547795,75.98111771735876,165300
2023-06-29,77.82740020751953,78.13023563348263,75.75643607779206,76.07879821396664,170700
2023-06-30,78.13023376464844,78.9117269721562,77.79809337542709,78.257224454471,126600
2023-07-03,77.96415710449219,78.51121052876519,77.53433846399344,78.19861176615593,78700
2023-07-05,77.00682830810547,77.80786312029993,76.75283947898745,77.75901653483558,110600
2023-07-06,76.24486541748047,76.30347535471935,74.70140581135783,76.04948653844725,114400
2023-07-07,76.41093444824219,77.21196924689939,76.26440214726804,76.38162947863584,157600
2023-07-10,76.74307250976562,77.71994464437239,76.35232961827725,76.35232961827725,101800
2023-07-11,78.98009490966797,79.17547376955963,76.80167465570143,77.32918639799675,167500
2023-07-12,80.39657592773438,81.15364583456113,80.05466473413736,80.44541506043211,126900
2023-07-13,82.7313003540039,82.86806185147104,80.6310238529834,80.67986298611159,101100
2023-07-14,82.20378875732422,82.68050132882404,81.15853590778408,82.52615833923333,109100
2023-07-17,83.95237731933594,84.28451020314924,81.77394960318225,81.77394960318225,196100
2023-07-18,84.11845397949219,85.05625026604639,83.25880924671976,84.22591050270654,368300
2023-07-19,85.00740814208984,86.21873493043935,84.15753417218231,84.15753417218231,212000
2023-07-20,84.93903350830078,85.2369798228566,83.93285635017754,83.93285635017754,120700
2023-07-21,84.44083404541016,86.19919950641653,84.36268248191388,85.57400190433293,118200
2023-07-24,85.26139831542969,85.26139831542969,84.30406780166085,84.41152433219817,114200
2023-07-25,85.96473693847656,87.07837043439874,85.31023448003741,85.31023448003741,197600
2023-07-26,86.58016967773438,86.85370012032298,84.57758638757245,85.73029573889715,156200
2023-07-27,85.33954620361328,87.64496492752052,84.6977435074941,86.922081669227,182200
2023-07-28,84.70458221435547,86.46295504440447,84.65574307920814,86.29688111666327,265900
2023-07-31,86.38479614257812,86.49225266488939,84.73387998428888,84.73387998428888,280000
2023-08-01,86.16988372802734,86.41410174362188,83.79608431833064,83.79608431833064,254900
2023-08-02,88.46553802490234,88.68045108674342,85.12463711703546,85.65214896347912,331700
2023-08-03,89.65733337402344,89.8820172694692,87.4447183372985,88.1822541985589,213500
2023-08-04,89.40333557128906,91.41569726114567,85.97451970308165,89.65732441621135,306500
2023-08-07,90.8295669555664,91.29846136833095,89.58893527203631,89.58893527203631,212700
2023-08-08,89.81362915039062,91.02494854702485,86.97092757550722,89.68663099917671,231500
2023-08-09,89.35449981689453,90.59512421064002,87.77196419657064,89.8233942913246,125200
2023-08-10,90.89795684814453,92.02135386211476,89.59871509551486,89.59871509551486,424600
2023-08-11,90.69280242919922,91.05424779022547,89.8722334404166,90.29228874265799,239700
2023-08-14,91.04447937011719,91.73806513975218,90.25809700877208,90.6341948649657,282200
2023-08-15,89.73548126220703,90.59512611872995,88.73906744040617,90.59512611872995,348100
2023-08-16,90.01876068115234,90.67326316436892,89.39356316689438,89.73546689298198,284800
2023-08-17,88.53392028808594,90.67327268192993,88.44600537198207,90.45835961641863,106800
2023-08-18,89.56941223144531,89.66709795848837,87.68404863303581,87.70358279726713,170300
2023-08-21,89.3251953125,90.11645940034163,88.11386843249004,89.42288104077349,157500
2023-08-22,88.27017211914062,89.68663382043574,87.76219440419186,89.24704431394923,152000
2023-08-23,89.18843078613281,89.38380223607268,88.44112418334537,88.6316139555668,173600
2023-08-24,87.74264526367188,89.71592348109094,87.59611296887205,88.84650797233863,165000
2023-08-25,87.81103515625,88.20178549877977,87.0637285731479,87.86964509909946,115700
2023-08-28,89.22749328613281,89.61824361343491,87.4007472443801,87.84033670450584,144100
2023-08-29,90.84911346435547,90.84911346435547,88.48508455861305,88.94421567934471,144000
2023-08-30,90.4388198852539,91.39615035985209,90.02364626580692,90.60488635185567,148500
2023-08-31,90.64395904541016,91.19100501228014,89.56940127351169,90.4095118386005,218600
2023-09-01,91.00540924072266,92.14834781940662,90.81003034718091,91.25939062291283,179400
2023-09-05,90.29228210449219,90.95655538355041,89.45705323886799,90.45834856102121,155800
2023-09-06,89.23727416992188,90.69281166420511,88.93444617221726,90.42905944893714,135100
2023-09-07,89.15912628173828,89.5498766692747,87.70358872743248,89.0126014077379,240600
2023-09-08,88.93443298339844,90.87840629043663,88.54368266992313,89.03211869853169,148700
2023-09-11,88.76837158203125,89.91131016541476,88.69999083224616,89.07119955208772,143600
2023-09-12,89.61824798583984,90.81980399665183,88.00640746516737,88.00640746516737,127100
2023-09-13,89.73548126220703,90.34114471179075,89.10051283897212,89.64755888831003,133400
2023-09-14,89.4949722290039,90.98705013713086,88.66059039985,90.358809172411,140600
2023-09-15,90.2508316040039,90.26064248642139,88.37591954946136,89.57350625603696,350500
2023-09-18,89.75019073486328,90.50604051447334,89.29864304338913,90.50604051447334,82500
2023-09-19,89.27900695800781,90.29990032897229,88.69985040030377,89.95633224480697,91700
2023-09-20,89.70110321044922,91.22262857596938,89.36735351124838,89.36735351124838,153200
2023-09-21,88.09616088867188,88.9060005639821,87.0998095956103,88.88637130964037,142800
2023-09-22,87.60043334960938,88.98453167751245,87.29613123037817,88.24831107481249,122900
2023-09-25,88.90599822998047,89.46062013817144,86.62862283573737,87.15870255972798,131100
2023-09-26,88.51334381103516,89.00415752739563,88.06179609069028,88.40536419429802,144800
2023-09-27,88.36609649658203,89.17103067634336,87.53171469268183,88.54278973063808,285200
2023-09-28,89.03359985351562,89.7501911320141,87.90473436444617,88.58205216004333,242500
2023-09-29,88.77838897705078,90.46187645902108,88.46917393374068,89.29865032728974,203100
2023-10-02,87.56116485595703,88.62132429103623,86.79549664925196,88.62132429103623,118400
2023-10-03,86.00037384033203,88.50352661076185,85.78441462227488,87.39428289787237,220300
2023-10-04,86.36358642578125,87.19796826120492,85.02857249341413,86.21634081030105,218900
2023-10-05,86.78568267822266,87.40410524872998,84.92058910642207,86.34394585138361,205200
2023-10-06,87.41392517089844,88.16977499270843,86.09854052731914,86.13780652301644,212000
2023-10-09,86.42247009277344,87.5189446330381,85.99546460541471,86.82493339930443,127700
2023-10-10,85.97093200683594,87.00163631348364,85.82368639467971,86.3439477336385,160700
2023-10-11,86.90347290039062,87.12925049862721,85.89239787228395,86.3635823215842,136200
2023-10-12,85.3819580078125,87.44337413351772,85.16599877278398,86.99182640992309,138400
2023-10-13,84.28253173828125,86.56972544757694,83.81134727662683,85.67644089145689,133100
2023-10-16,85.02857208251953,86.17707439711347,84.63591960621083,85.27397894405959,175100
2023-10-17,84.3905029296875,85.50955748902139,83.90950763399329,84.34141856739897,195000
2023-10-18,81.51434326171875,83.55613012795531,80.86646555851517,83.55613012795531,149700
2023-10-19,80.17932891845703,81.65177006596355,80.03208330586179,81.42599246142112,114100
2023-10-20,78.36331176757812,80.41490929811341,78.0393729503708,80.081159599819,167700
2023-10-23,79.42347717285156,80.08607117969073,77.2148155049421,77.90195169482482,177100
2023-10-24,80.25786590576172,80.46400678053637,78.93267028836848,79.83576578430218,149300
2023-10-25,78.67744445800781,79.93392644112957,77.6761802288666,79.70814882421392,98700
2023-10-26,79.75723266601562,80.19896203586116,78.75597593272822,78.75597593272822,122700
2023-10-27,79.27622985839844,80.16950688602952,78.61853381740464,80.16950688602952,107000
2023-10-30,82.09349060058594,82.29963144039785,79.7964862519199,79.7964862519199,169300
2023-10-31,82.57450103759766,82.63339628608307,81.51434162952326,81.79901447924081,146500
2023-11-01,83.65428924560547,84.17945601660882,81.69103442168316,82.83953669626423,157900
2023-11-02,86.48137664794922,86.90347675004585,84.04694477152177,84.48867412731502,288800
2023-11-03,90.2508316040039,90.34899285274122,87.68387038864498,87.75749694211538,305500
2023-11-06,87.71823120117188,90.36862237094243,86.98201059965525,89.92689300572175,356500
2023-11-07,85.93167114257812,90.28028121117094,83.29109080501667,90.06432196567505,281000
2023-11-08,88.70966339111328,89.13176343726673,84.61627178475186,86.30467196936564,169800
2023-11-09,87.89492797851562,90.23119875179368,87.71823472747957,89.39681686771034,217300
2023-11-10,88.64096069335938,89.31827853326128,87.63479107103956,88.14032860273561,190600
2023-11-13,88.0519790649414,88.83728401880795,87.73785858123941,88.10106343301672,110700
2023-11-14,90.38825988769531,91.12448049551146,89.78946652753365,90.29990952036125,233200
2023-11-15,92.1061019897461,92.43004083355699,89.15140137865392,90.23119003546742,197500
2023-11-16,90.61402893066406,92.7049002249799,90.2410131899483,91.78216801099175,194700
2023-11-17,91.37969970703125,92.30243194678553,90.80544852246825,91.35025208052393,184800
2023-11-20,92.00794219970703,92.55274572227786,91.20300800763349,91.37969375516928,156100
2023-11-21,91.59565734863281,92.44967594849675,91.3394585089746,91.46804847292945,128400
2023-11-22,92.2631607055664,92.9699336584738,91.81652591354613,92.37114032277299,70700
2023-11-24,93.15644073486328,93.2546019759408,91.88032213318768,91.88032213318768,36100
2023-11-27,93.63743591308594,93.81412914243994,92.25334519083178,92.94048136652921,140600
2023-11-28,92.72451782226562,93.91228600732326,92.64598583749596,93.63743154985171,113800
2023-11-29,95.5516128540039,95.62033396549312,93.25460820463269,93.5883579444327,254000
2023-11-30,96.05223846435547,97.48541355282109,95.50252952336116,96.29764531147401,372000
2023-12-01,96.84735870361328,97.19092678095708,94.60433659648594,95.70866737387682,268700
2023-12-04,97.94678497314453,98.25108708364006,96.4350778136241,96.4350778136241,252400
2023-12-05,97.7602767944336,98.0498625918245,96.1405974495106,97.40689779296231,144200
2023-12-06,100.17509460449219,100.33215111830164,98.67319816007556,98.67319816007556,229200
2023-12-07,99.71370697021484,101.66812436747038,99.38976815068077,100.3812138608204,227000
2023-12-08,101.78494262695312,102.11869233213928,99.34068512579509,99.34068512579509,106400
2023-12-11,103.0512466430664,103.20830313098774,101.51990282280327,101.51990282280327,139600
2023-12-12,103.1199722290039,103.71876560522243,102.01564128766665,103.64023360753592,195500
2023-12-13,105.64273834228516,106.95320995879526,102.71748553740484,103.40462168827152,327100
2023-12-14,107.83592987060547,110.45789643037807,106.66786648334875,107.02765356026131,589800
2023-12-15,107.43179321289062,109.12227816732617,106.29823299136316,107.62893837159736,570200
2023-12-18,108.47663879394531,108.79206351313677,106.50523241891909,107.82607108043378,163700
2023-12-19,109.89604949951172,111.2563247512562,108.21049790177153,109.25534090473687,184500
2023-12-20,107.93450164794922,112.03503061711287,107.90493175485831,109.84676828456098,234600
2023-12-21,109.43276977539062,109.49191708327213,107.59936867807916,108.68364073186771,227800
2023-12-22,110.59589385986328,111.64074434515996,109.4721928355573,109.6693379838767,147600
2023-12-26,113.0601577758789,113.0601577758789,110.21147603516981,110.21147603516981,101700
2023-12-27,114.04586029052734,115.30756673743333,112.38002695166715,113.06015706409126,152200
2023-12-28,113.54315185546875,114.42042708516179,113.06015188202365,113.49386368827852,120100
2023-12-29,111.81816864013672,113.87828463042182,111.6111718794132,113.87828463042182,102200
2024-01-02,110.19176483154297,111.09860999701063,108.25978740585666,110.89161322143555,168700
2024-01-03,106.69252014160156,109.98969879235068,106.50524163358762,109.31449445698848,216600
2024-01-04,106.22923278808594,107.58753772216842,106.0813833212329,107.05722740405675,120500
2024-01-05,106.2686538696289,107.20507637145273,105.05624321021922,105.3519496421229,136700
2024-01-08,108.67377471923828,108.72306288596847,106.25880495582702,106.50523074884116,129100
2024-01-09,107.39236450195312,108.57027956758871,106.90937202223682,107.63879031083353,118400
2024-01-10,109.5510482788086,109.57076655332888,106.31794312676148,106.98822157440429,131200
2024-01-11,108.7822036743164,108.93991227273622,106.17501454877291,107.19522095102518,185400
2024-01-12,110.92118072509766,111.34503340509097,108.25978507325408,110.14247428881603,261500
2024-01-16,111.83788299560547,111.95617008567851,109.25533793139961,110.47761530119882,162400
2024-01-17,112.42930603027344,112.6018071006176,110.27062110834986,110.27062110834986,153900
2024-01-18,113.6515884399414,113.76986801767285,111.66046365117971,113.39530348765823,157000
2024-01-19,117.01282501220703,117.49581747056617,113.69100254807023,114.21343155686354,205000
2024-01-22,118.1168212890625,119.32923206529593,117.59439977407419,118.53081484580957,242400
2024-01-23,115.208984375,119.06308739861193,114.24299947497629,119.06308739861193,293400
2024-01-24,112.8630142211914,116.90439575910924,112.8630142211914,116.90439575910924,555000
2024-01-25,114.10501098632812,115.00199703845557,113.03059052704164,114.72600133010867,225200
2024-01-26,113.9472885131836,114.97242074449672,113.58258314187624,114.70628418920977,110400
2024-01-29,116.43125915527344,116.53968710374342,113.79942602096897,113.79942602096897,115000
2024-01-30,116.21440887451172,116.53969273564134,115.76098630459705,115.91869490615413,90600
2024-01-31,114.28243255615234,117.16068412402883,114.1542863258683,115.44556264458444,158100
2024-02-01,116.80582427978516,116.83539417128861,113.06014926943689,114.65699109348778,131000
2024-02-02,118.04781341552734,118.65401875769685,115.09070391377789,115.4061286264851,176500
2024-02-05,117.34796905517578,117.72253356413894,114.538708916837,116.65797230247279,172900
2024-02-06,110.68461608886719,113.5924375958342,107.02765802486452,111.48303329498435,546900
2024-02-07,112.48844909667969,113.02072971389407,109.33419442285204,111.00989433341253,291000
2024-02-08,111.5618896484375,114.55842831034543,111.3460189006565,111.87731437493736,278800
2024-02-09,114.22328186035156,114.66685280381162,111.35488951537774,112.49830129430552,339000
2024-02-12,114.95270538330078,116.13554616878676,114.27256779547128,114.54856347739678,258500
2024-02-13,109.28491973876953,112.2982137285979,108.2203584462591,111.47317459072697,302500
2024-02-14,114.59785461425781,114.73585245879781,110.40861606994835,110.68461175902837,275200
2024-02-15,116.58897399902344,118.41745675504023,114.87385252632276,115.82012670161689,304800
2024-02-16,117.7323989868164,118.34649319658038,115.75113334189038,116.31298389548803,249100
2024-02-20,115.92855072021484,116.97339367657075,115.20405828679647,116.51011198224136,220300
2024-02-21,115.23856353759766,116.34254629724957,113.9127915439699,115.4258420298566,210400
2024-02-22,117.7323989868164,118.58995600422813,115.41599032518495,115.41599032518495,178600
2024-02-23,117.34796905517578,118.41745612553089,116.8649690721881,118.0478174252567,143100
2024-02-26,115.05127716064453,120.15721996881933,114.9921373759415,117.0226835341434,260900
2024-02-27,115.27798461914062,117.38246302738831,114.4204276601417,115.82998351723485,441300
2024-02-28,112.80387115478516,115.23855914419703,112.53772709228814,114.41056458570637,242200
2024-02-29,113.20801544189453,114.49929179819466,112.18288317137792,114.32186491444527,454600
2024-03-01,113.0995864868164,115.4751348804978,112.71516282880206,113.46429938917413,184600
2024-03-04,111.0887451171875,114.16906754745911,110.68461072490146,113.45443424769978,316000
2024-03-05,106.2686538696289,107.44164302103933,102.91726918614462,104.9773851535843,1517500
2024-03-06,105.49980926513672,107.93449730251751,104.79010177825279,107.19521992373315,583100
2024-03-07,107.21493530273438,107.76200088744415,104.97739231537507,106.55451595407752,567900
2024-03-08,106.5446548461914,108.12178597605077,101.94537089298555,107.63878599538002,319900
2024-03-11,106.79107666015625,106.81079493471888,105.32238105860738,106.33765410935318,243100
2024-03-12,106.67279052734375,107.35785388001693,105.96308309314347,106.33764756327457,197800
2024-03-13,106.2588119506836,106.97443045517815,105.81524098186749,106.33766249419675,201700
2024-03-14,105.21458435058594,106.64977552498917,104.01198666731045,106.03610356445228,319800
2024-03-15,105.04631042480469,106.10043819224447,104.43264603935833,104.442538492904,336000
2024-03-18,104.68998718261719,105.94702353721293,104.61080979571845,105.15518925629476,144800
2024-03-19,104.84835815429688,105.48676879194171,104.08622388093477,104.08622388093477,142500
2024-03-20,106.85762786865234,107.38221487133129,104.57121751679075,104.65040245532491,201400
2024-03-21,107.85731506347656,109.52906419430897,107.50099039780008,107.50099039780008,266300
2024-03-22,106.71906280517578,107.88701427090209,106.2835531751278,107.88701427090209,124600
2024-03-25,106.12518310546875,107.19415709138575,106.12518310546875,106.89721735591175,151600
2024-03-26,108.9262924194336,109.59439552456065,106.30334981956767,107.04569163736983,312400
2024-03-27,109.7379150390625,110.50994929226533,108.93618077101317,109.7676075024178,209600
2024-03-28,111.6086196899414,112.44993890453843,109.39148669549638,109.90618125014991,346300
2024-04-01,110.15362548828125,111.95504127697032,108.80751176140465,111.95504127697032,213000
2024-04-02,109.46076965332031,109.98536420380115,108.46108812944989,108.46108812944989,197000
2024-04-03,112.04412078857422,112.51031210959061,108.79761381576972,108.79761381576972,378300
2024-04-04,109.80720520019531,113.18238210533316,109.48057298474895,112.96462729503558,264100
2024-04-05,111.61851501464844,112.05402464109663,109.06486484077112,109.75771419967357,181000
2024-04-08,115.24114990234375,115.66675953471453,111.31168580727926,112.43014481723417,288300
2024-04-09,115.3302230834961,116.2309347929151,113.46942228638282,115.71624778145537,177900
2024-04-10,113.99400329589844,114.93430742610585,111.23249093489588,112.56871219616477,249800
2024-04-11,113.0537109375,114.03360002105094,111.80657457112241,111.80657457112241,271900
2024-04-12,109.4013900756836,112.81616706590668,108.79267188213409,112.47963483879143,157600
2024-04-15,109.06486511230469,110.75740359454447,108.55512432166633,110.311993961434,134000
2024-04-16,109.19353485107422,109.73792188485275,107.58018131236314,108.79761769482543,152500
2024-04-17,109.11434173583984,110.15856947587137,108.43139243274895,109.81709104858038,175400
2024-04-18,108.5303726196289,110.24270347532769,108.28787157987192,109.10445209038546,231100
2024-04-19,108.95598602294922,109.42118810854049,107.2337475505698,108.1740517271775,241500
2024-04-22,110.3416976928711,110.80689224981523,108.71843654055456,109.62904829709602,205000
2024-04-23,112.33116149902344,112.70728618547261,109.85174255176011,110.44066826744431,168700
2024-04-24,112.18269348144531,112.7072880500932,108.83720902670872,111.45025165851904,148400
2024-04-25,112.2222900390625,112.4697373242045,109.56965484028059,110.9949536191759,180100
2024-04-26,113.36054229736328,113.68717450662027,110.95535452722878,112.51922308837612,160600
2024-04-29,113.0537109375,114.02370001574477,112.7270787258192,113.81584521326374,127700
2024-04-30,110.57923889160156,113.71686851010881,110.40107655245808,112.6577944806146,143100
2024-05-01,111.390869140625,113.24177752468907,109.76761557818585,110.80688962953862,193300
2024-05-02,114.15238189697266,114.4146754116639,111.30970589142044,112.74688314815707,145100
2024-05-03,114.48889923095703,115.6964430973857,113.32590161154579,115.6964430973857,216400
2024-05-06,116.60704803466797,116.92378023531917,114.30084523843792,115.30052676304531,97800
2024-05-07,116.32000732421875,117.97296079803796,116.02307513630767,116.50806966260632,111600
2024-05-08,115.31043243408203,116.59716131016633,114.62747552507665,115.29063997434626,114200
2024-05-09,114.65716552734375,115.69644710120058,113.74656136922611,115.68654709579951,184600
2024-05-10,113.82573699951172,115.17679689382759,113.08339523647142,114.76603354543305,414000
2024-05-13,113.56840515136719,114.84523406323615,113.56840515136719,114.84523406323615,139900
2024-05-14,114.29094696044922,116.08246278950327,113.11309553171655,115.07288124451202,222800
2024-05-15,116.78520965576172,117.6166363970719,115.24114113096019,115.40940345963907,772300
2024-05-16,116.54766082763672,118.10162933661222,116.29031355979934,117.17122521161718,168500
2024-05-17,114.41961669921875,117.01286682008208,114.27114682619185,117.01286682008208,253500
2024-05-20,117.26031494140625,117.29495363285184,114.26125520078443,114.6769648070804,271900
2024-05-21,118.1709213256836,118.80834273404344,115.11247659825038,117.01286987848995,147000
2024-05-22,117.99275207519531,119.07162606949608,116.97327055907508,118.1214219335193,308000
2024-05-23,122.95160675048828,125.5745494513112,118.02245356790273,121.46692305773853,444500
2024-05-24,125.65371704101562,127.70258762662311,123.1792444127838,124.713420462884,486900
2024-05-28,128.67257690429688,129.63267349405214,123.60485423383697,127.48483306116138,440900
2024-05-29,122.70414733886719,126.9503356350764,122.4794602751298,126.78207331222245,337100
2024-05-30,122.73384857177734,124.79755794198671,122.52599376666542,123.01098831192658,268700
2024-05-31,124.20863342285156,126.46040516063644,120.82355647564735,123.2980292531051,532500
2024-06-03,122.16966247558594,126.29312401131288,121.91231520873289,124.77280495283924,195300
2024-06-04,119.55662536621094,121.38773367668472,119.31907809847434,121.38773367668472,166700
2024-06-05,122.13997650146484,122.19936143101242,118.81428451995232,120.58600791587352,152800
2024-06-06,119.76448059082031,122.99119515751954,119.61601071615323,121.74405878240412,164400
2024-06-07,117.35929107666016,119.34876924464297,117.01286640847694,118.84397469872374,270000
2024-06-10,119.3388671875,120.32865625185731,117.2504116575868,117.29000412634005,197700
2024-06-11,120.48703002929688,120.48703002929688,118.36887441559583,118.78459157522383,141000
2024-06-12,121.68467712402344,124.7084831950074,121.45702230321567,123.37721561714412,163300
2024-06-13,117.01286315917969,121.2788515649708,116.86439329079788,121.2788515649708,223500
2024-06-14,115.5120620727539,116.87371204138032,114.70699850981882,114.74674818200728,240700
2024-06-17,114.81632232666016,116.56560364973208,114.15040536025316,115.53193775804962,186900
2024-06-18,115.78041076660156,117.24145762282568,114.37900358280268,115.04492052533776,293100
2024-06-20,117.14207458496094,118.27512984406025,114.81632439112674,114.81632439112674,247900
2024-06-21,116.81407928466797,118.46893805243404,115.4673373465151,117.04268160451512,407000
2024-06-24,116.14816284179688,118.08131481939216,116.01895745004506,116.43639725378571,191700
2024-06-25,117.25139617919922,117.39550958654782,114.88588891010119,116.23760518303702,234200
2024-06-26,117.01286315917969,118.99073915578825,116.52584248404203,116.70474633588587,295000
2024-06-27,120.57105255126953,120.87916938058567,117.3607319475008,117.53963580284142,337900
2024-06-28,122.82722473144531,123.55774814791863,120.49154107371218,121.93270548852689,1464800
2024-07-01,122.37003326416016,123.03595022640648,120.1237976369824,123.03595022640648,244900
2024-07-02,126.48481750488281,126.50469234148903,122.80735093318947,122.80735093318947,224000
2024-07-03,125.37163543701172,127.25012216288548,124.9641368371,126.83268235334046,130600
2024-07-05,126.24626922607422,128.08499865139473,124.11930539180192,125.1430376372187,252800
2024-07-08,125.23249053955078,127.7371445967777,124.92438128301208,126.79292682470293,233200
2024-07-09,125.23249053955078,126.15682589208812,124.27337232720484,125.44121044716614,258900
2024-07-10,128.33348083496094,128.56209074529264,125.20267463428047,125.99779700948453,230200
2024-07-11,133.93911743164062,134.41620447888755,130.45050370650677,130.84806108003752,471300
2024-07-12,136.55311584472656,137.4625356333102,135.24116424544357,135.33061238874492,256100
2024-07-15,136.40402221679688,139.66205449804775,133.51671893662675,137.6165919264476,394600
2024-07-16,140.71759033203125,141.36859929305007,136.6127427006377,136.6127427006377,495200
2024-07-17,141.2642364501953,141.66179383027273,138.63036951819606,138.63036951819606,381000
2024-07-18,140.1510467529297,144.11674754153424,137.4078644663249,141.1350217303301,429500
2024-07-19,139.03787231445312,140.74739630579086,138.53098439228637,140.2603756360562,261200
2024-07-22,142.2183837890625,142.7849189939897,138.61050573530525,139.94233967433237,338800
2024-07-23,141.01576232910156,143.8980913112598,140.2802644777134,141.90034040976465,301400
2024-07-24,138.34214782714844,141.19664753333842,138.08372187124877,140.2902002940094,259700
2024-07-25,140.98594665527344,144.01735587470577,135.26102318253393,138.8689163989298,331400
2024-07-26,143.232177734375,145.38895770870883,142.2979011665587,143.39120675992726,295300
2024-07-29,141.76119995117188,144.20620681230204,141.6518693896844,143.28187901905216,199000
2024-07-30,142.5264892578125,144.42983274751623,140.80703160110474,142.81473124889877,222700
2024-07-31,143.49058532714844,145.79646064871508,142.69547054880076,144.45467792002938,359400
2024-08-01,139.316162109375,144.1366247288754,135.88718058410703,143.5700895657039,340400
2024-08-02,132.25941467285156,135.27095628968533,129.70506248454856,133.66081416676076,437100
2024-08-05,125.43126678466797,128.45275752988687,123.2247959831997,125.32193622811383,422800
2024-08-06,132.45822143554688,133.6111440427642,123.93048266447455,129.20813562380417,510000
2024-08-07,130.838134765625,137.42775400275778,130.78843629969583,134.58517464221447,274300
2024-08-08,135.91700744628906,136.4338441890472,132.29420618236344,133.283155598676,303400
2024-08-09,136.2449951171875,136.5531043621013,133.71052510920092,135.8176065253921,293600
2024-08-12,135.1815185546875,136.75189614065545,134.8088027874248,136.1058615437375,226500
2024-08-13,138.30238342285156,138.7844297276689,136.0660889467418,136.1555522518265,265600
2024-08-14,138.96832275390625,139.50005238634589,137.78059456891032,139.10746936631415,269300
2024-08-15,141.1648406982422,142.23826383240382,139.0577592677631,142.23826383240382,164700
2024-08-16,142.2183837890625,142.31778071949117,140.55855817863159,140.55855817863159,187700
2024-08-19,144.2658233642578,144.53418292551433,141.25428160009005,142.75509325207895,173100
2024-08-20,141.93014526367188,146.19400630897115,141.29404439252176,144.80254039265557,140800
2024-08-21,144.24595642089844,144.45466872889028,141.43815256233057,143.3017311414643,149900
2024-08-22,146.35304260253906,146.35304260253906,143.08804918379414,144.1068146070181,179100
2024-08-23,150.5274658203125,150.72624452217661,146.63134563357352,147.49604132789588,228900
2024-08-26,151.97857666015625,152.99235257274725,150.79582292962417,151.55118805062497,208700
2024-08-27,152.66436767578125,153.5588793532499,150.30879397098815,151.24307048549727,230900
2024-08-28,149.0266571044922,152.63455015604745,149.0266571044922,151.7400233213807,202000
2024-08-29,149.1658172607422,150.17960836585132,148.20172462305032,149.8019182124916,178200
2024-08-30,151.9089813232422,152.03819428966645,148.2712723382117,149.77208397639788,232100
2024-09-03,147.6351776123047,151.6903265433133,146.8599301131544,150.3286766066235,228400
2024-09-04,148.241455078125,149.44409110399346,145.05101710586877,147.23761289615223,259300
2024-09-05,147.37677001953125,150.328679855414,145.65731234100923,148.67878789455415,191900
2024-09-06,144.8522491455078,149.63294722760983,143.7191939143357,148.3011133036753,228800
2024-09-09,150.9647674560547,160.20811990645242,150.5075628549207,153.65826627103453,1234800
2024-09-10,147.66500854492188,151.2579784414898,145.58276880671113,150.90514513357945,547800
2024-09-11,146.77047729492188,148.10231114420958,143.80365959505502,147.43639421956573,408500
2024-09-12,149.08628845214844,149.55342670256582,146.20395960841017,146.70091390325067,383500
2024-09-13,151.93881225585938,153.38992557486293,148.4849887560745,150.79582336128016,378500
2024-09-16,152.78634643554688,155.558296239287,151.72941790507747,153.19516300740315,515600
2024-09-17,156.91436767578125,157.1038200102489,152.9857725755913,154.13245215251266,506000
2024-09-18,158.16073608398438,162.16910107178717,156.23633139583174,157.17361220928606,986500
2024-09-19,160.7831268310547,162.8271944321389,157.91645092631495,162.8271944321389,708100
2024-09-20,162.77734375,163.97386635792017,159.30742362264834,160.7133296992841,5945400
2024-09-23,164.30291748046875,165.34489010573517,162.20899144520678,163.55508892710532,510000
2024-09-24,166.39683532714844,167.27926749943188,163.94395109839687,164.6419213375993,573500
2024-09-25,165.2401885986328,167.6332337420642,164.32285411983045,167.07485755623753,338500
2024-09-26,166.7158966064453,168.3691008846156,165.5991442525888,166.51647871677233,274200
2024-09-27,166.18743896484375,168.52565070972574,165.5193806398218,167.15463174358263,250100
2024-09-30,167.9024658203125,168.2713897038117,164.841362193596,165.79857421959687,289400
2024-10-01,167.5135955810547,169.12890038405368,165.47950861485637,168.22154663776053,337800
2024-10-02,167.9423370361328,169.01921193607876,166.15752632055674,166.72588330161582,175800
2024-10-03,170.3354034423828,170.65446904549174,166.79068820334203,167.55347271585296,249900
2024-10-04,173.09738159179688,174.4933220826137,171.21285432188907,173.29679948839782,245100
2024-10-07,171.52195739746094,173.0973846734935,170.27058611100043,172.02050975514425,349600
2024-10-08,172.5090789794922,174.5531466610845,171.4671063918745,171.85100143941438,292200
2024-10-09,174.63291931152344,177.10573474654421,172.26978600382188,172.26978600382188,449700
2024-10-10,172.08033752441406,174.24405298030462,170.92369237672918,174.24405298030462,401600
2024-10-11,174.2340850830078,174.9819136265829,172.1401590751533,172.1401590751533,340900
2024-10-14,176.64707946777344,176.85646294308364,173.77541294663212,174.8223759670158,211900
2024-10-15,175.62005615234375,178.65623814626218,175.17134686444786,176.61716085502738,236300
2024-10-16,177.7588348388672,178.97032861609821,176.1584860506666,176.98608477989768,207000
2024-10-17,180.4759521484375,180.74517467968906,177.85356189771582,178.75096526368424,295700
2024-10-18,180.39617919921875,181.42818620779377,179.30933873555153,180.47594940039755,232500
2024-10-21,178.6113739013672,180.80001085677551,178.212522883397,179.80789652605645,217600
2024-10-22,177.26527404785156,177.91338602321935,175.28103019857363,177.6840562001122,249000
2024-10-23,175.1314697265625,177.46469108407584,173.5311209355949,176.08869693751203,252100
2024-10-24,177.41482543945312,178.08289895272634,174.78246973690332,175.70978498537718,239000
2024-10-25,177.3350830078125,180.45601047894635,174.9171009852121,178.88058317365014,193600
2024-10-28,182.08128356933594,182.57983590206894,177.55443508254845,179.17970534132346,475700
2024-10-29,182.2906951904297,182.67457503663906,180.69532152653116,180.83491558102648,330100
2024-10-30,181.69241333007812,184.55908924284628,181.34342061137548,181.73229082226226,291500
2024-10-31,179.11988830566406,182.80717955127395,177.57437297251107,181.16395599050446,255400
2024-11-01,179.37913513183594,180.84987069681353,178.51165888400564,179.68825037890988,340900
2024-11-04,178.13275146484375,180.80999040813703,177.39490371220003,179.0351300158438,341100
2024-11-05,179.71815490722656,181.29358214409467,178.4318813361979,178.4318813361979,451000
2024-11-06,192.07228088378906,196.03078771161043,185.71074810681074,188.55250255294692,1015100
2024-11-07,188.87156677246094,190.8258986408546,186.17938717777773,189.8786370226018,461200
2024-11-08,193.90695190429688,194.31576848212475,187.99411313151444,189.15075823310096,450900
2024-11-11,201.03623962402344,201.9735204524843,196.18034472740032,197.31704344785905,285200
2024-11-12,196.3299102783203,203.1301716676898,196.05072217816073,201.18582053636038,359600
2024-11-13,189.83876037597656,198.6830740635966,189.83876037597656,197.0976812658911,361500
2024-11-14,192.6206817626953,193.87704344239407,189.6094364744442,192.770256598884,300300
2024-11-15,191.324462890625,193.28876045083766,189.85871770174325,193.28876045083766,249700
2024-11-18,190.7760467529297,191.9127455182907,187.7548206867172,191.5438216427908,227600
2024-11-19,193.8471221923828,194.3456745264728,188.0539465045945,188.0539465045945,265800
2024-11-20,193.9169158935547,195.72966061883625,191.76815650330315,194.17617285036192,157900
2024-11-21,197.5962371826172,199.81480123280318,194.65478135146805,195.43252180269772,211900
2024-11-22,198.9722442626953,200.447954946254,197.20736469837496,199.09189195701867,264900
2024-11-25,200.9864044189453,203.04043769457846,199.74998909684874,200.9465117102203,265000
2024-11-26,198.7827911376953,200.89167302932628,197.79067684216275,199.76993025572452,204500
2024-11-27,191.46405029296875,200.2086476277334,191.2446860400368,198.92238924882372,406300
2024-11-29,191.8429412841797,194.04654940110183,191.19482930458463,192.43124462975933,184900
2024-12-02,191.3643341064453,193.1242233109097,187.2064092917376,192.022426866514,241500
2024-12-03,191.4042205810547,196.37976318426624,191.06021825015966,192.03238618192432,254900
2024-12-04,190.14785766601562,192.5658395354671,188.94136953460924,191.52386698030344,235800
2024-12-05,184.93301391601562,189.8487328900571,184.65382581116108,189.8487328900571,416700
2024-12-06,180.95455932617188,185.4265745792592,180.35630562624215,184.8731887657284,433800
2024-12-09,176.28811645507812,183.03851962806667,175.17633922185368,181.81206987548742,481000
2024-12-10,174.0446319580078,177.47067318732823,173.50618688890495,176.5673056830055,545700
2024-12-11,173.4862518310547,177.03594212054892,172.40937693177943,175.48046122646588,475700
2024-12-12,170.73423767089844,174.85228505066996,169.26849250910217,173.48625644714159,934600
2024-12-13,168.75,172.78826174592675,168.3112715104154,170.73422855797145,510000
2024-12-16,167.52000427246094,170.05499267578125,166.69000244140625,169.6300048828125,1111200
2024-12-17,163.41000366210938,167.32000732421875,162.1999969482422,166.42999267578125,708300
2024-12-18,152.50999450683594,164.75,151.67999267578125,163.75999450683594,802400
2024-12-19,151.39999389648438,156.6300048828125,150.68499755859375,153.55999755859375,773100
2024-12-20,150.67999267578125,153.94000244140625,148.64500427246094,148.97000122070312,1662600
2024-12-23,150.07000732421875,151.08999633789062,148.75999450683594,150.00999450683594,529900
2024-12-24,150.5800018310547,151.75999450683594,149.2899932861328,150.57000732421875,238100
2024-12-26,154.0,155.19000244140625,149.02000427246094,149.5500030517578,344500
2024-12-27,151.5500030517578,153.44000244140625,149.75,153.07000732421875,301600
2024-12-30,147.77999877929688,150.42999267578125,147.3699951171875,150.42999267578125,290500
2024-12-31,148.0500030517578,149.24000549316406,147.5850067138672,148.9600067138672,268400
2025-01-02,149.14999389648438,150.36000061035156,147.07000732421875,148.89999389648438,332500
2025-01-03,150.27000427246094,151.6649932861328,149.2949981689453,150.25999450683594,349200
2025-01-06,146.74000549316406,146.7899932861328,142.94000244140625,142.9499969482422,402700
2025-01-07,147.26499938964844,148.7949981689453,144.25,146.74000549316406,429000
2025-01-08,147.92999267578125,148.22999572753906,144.97000122070312,145.69000244140625,338500
2025-01-10,139.75999450683594,144.88999938964844,138.27000427246094,144.6199951171875,300900
2025-01-13,138.0500030517578,139.125,136.87399291992188,137.83999633789062,475400
2025-01-14,141.13999938964844,141.6529998779297,136.22000122070312,138.50999450683594,564800
2025-01-15,144.61000061035156,147.46800231933594,143.4239959716797,146.85000610351562,272200
2025-01-16,149.58999633789062,149.72999572753906,145.0,145.27000427246094,353300
2025-01-17,150.25999450683594,151.4199981689453,147.8679962158203,150.88999938964844,457900
2025-01-21,157.1300048828125,157.60000610351562,153.25999450683594,153.94000244140625,428600
2025-01-22,160.13999938964844,160.6699981689453,156.80999755859375,157.0,552400
2025-01-23,159.86000061035156,159.97999572753906,156.91000366210938,158.8000030517578,357000
2025-01-24,160.99000549316406,161.92999267578125,157.82000732421875,158.4199981689453,302400
2025-01-27,158.6300048828125,159.99000549316406,156.6750030517578,158.30999755859375,414151
