Price,Close,High,Low,Open,Volume
Ticker,IBCP,IBCP,IBCP,IBCP,IBCP
Date,,,,,
2020-01-28,17.683137893676758,17.804754766827614,17.658815446912055,17.748000329120043,80300
2020-01-29,17.61827850341797,17.788543392412105,17.593956052449315,17.71557294662072,99200
2020-01-30,17.60205841064453,17.658814391402103,17.464227096703198,17.464227096703198,157100
2020-01-31,17.33449935913086,17.610165058779458,17.31017691568331,17.464225758767466,143200
2020-02-03,17.448013305664062,17.602060633561784,17.399365316013945,17.399365316013945,131100
2020-02-04,17.87357521057129,18.004517027715067,17.611691576283732,17.611691576283732,194800
2020-02-05,18.3809757232666,18.520101609405785,18.078173334048778,18.094541452641554,205100
2020-02-06,18.184560775756836,18.49554874747297,18.160010161797338,18.413709725392433,125000
2020-02-07,17.939044952392578,18.135457665333618,17.88994216439469,18.069986761019937,90400
2020-02-10,18.061803817749023,18.086355993738223,17.90630982504992,17.90630982504992,88200
2020-02-11,18.168195724487305,18.340056280232492,18.06998857766888,18.127275429583943,101000
2020-02-12,18.143640518188477,18.29095043334566,18.11908834534582,18.274582318117222,250200
2020-02-13,18.209115982055664,18.25003471943318,18.078174149307873,18.086358208973333,93600
2020-02-14,18.053613662719727,18.241843826509307,18.012694944171457,18.20910760291145,58900
2020-02-18,17.709896087646484,18.053618727099394,17.685345474010237,18.012699997072655,54800
2020-02-19,17.759000778198242,17.82447168406927,17.636241463859232,17.70989642808283,75700
2020-02-20,17.889942169189453,17.9390449572005,17.677161339875596,17.693529456195773,178300
2020-02-21,17.87357521057129,17.930862060452995,17.75900151080788,17.849023034500735,79800
2020-02-24,17.513484954833984,17.603508042159017,17.423463428458586,17.423463428458586,112200
2020-02-25,17.01426887512207,17.480749281057676,16.94061390987439,17.480749281057676,183600
2020-02-26,17.030635833740234,17.259784793367125,16.95698086675122,17.096106742069406,113300
2020-02-27,16.50687026977539,17.194315658615842,16.50687026977539,16.75238581109709,204700
2020-02-28,16.01583480834961,16.744198805611767,15.688480290532317,16.040386982541957,247400
2020-03-02,16.613256454467773,16.621440512263895,15.786686909401979,16.0158342838957,122300
2020-03-03,16.228612899780273,16.84240310258732,16.06493488798538,16.515048639946734,196900
2020-03-04,16.29408836364746,16.92424685661606,16.114043748920565,16.498685155316515,162500
2020-03-05,15.647561073303223,15.999466193391731,15.475698981214023,15.819421604442999,138200
2020-03-06,15.434782028198242,15.565723846301655,14.73915264393037,15.156530274491093,147300
2020-03-09,13.306973457336426,14.886460694243523,13.29878939962273,14.469083116541436,121400
2020-03-10,13.806193351745605,13.928951124898814,13.077827650596994,13.64251528024148,204500
2020-03-11,13.159664154052734,14.08444086553313,12.930515990706468,13.536123021690846,188600
2020-03-12,12.153048515319824,13.053273839859417,11.678384068814008,12.316725776102045,183800
2020-03-13,12.971434593200684,13.08600827662064,12.283989370782205,12.840492014260516,213200
2020-03-16,11.563807487487793,11.973000955068503,8.183869351614184,8.183869351614184,172100
2020-03-17,12.243071556091309,12.267622951578833,11.277374488201051,11.506523447667249,188400
2020-03-18,7.881066799163818,11.76022094041714,7.8810667991638175,11.490153296435874,163800
2020-03-19,9.771543502807617,9.992508436772129,7.520978546601957,7.848333917607725,314800
2020-03-20,9.354165077209473,10.238023108704487,9.190487028027242,9.738806463553287,235500
2020-03-23,8.944971084594727,9.591496850221649,8.11839994181956,9.354164626902266,195100
2020-03-24,9.632415771484375,9.706069948996683,8.69945427110682,9.313244547032257,155700
2020-03-25,9.73880672454834,10.188919810912715,9.501474483443458,9.681519874084168,220700
2020-03-26,10.450804710388184,10.827262065631142,9.787910748187883,9.804278086014829,183600
2020-03-27,10.549009323120117,10.95820284686524,9.984321823286015,10.254389486519818,129200
2020-03-30,10.549009323120117,10.589928051114864,9.951586372605393,10.540825265331286,129600
2020-03-31,10.532641410827637,10.671767274024154,10.188918781809742,10.458986450255985,109400
2020-04-01,9.89430046081543,10.164368149482495,9.84519688993288,10.098897241955617,173800
2020-04-02,10.246206283569336,10.31986046277926,9.828828699006191,9.83701275685442,123500
2020-04-03,9.648784637451172,10.29531046613459,9.49329141961774,10.205288159017847,121900
2020-04-06,10.295310020446777,10.352596869725206,9.894300514548204,9.894300514548204,204200
2020-04-07,10.491722106933594,11.040041512505683,10.213470375094056,10.704502934866737,141000
2020-04-08,10.990939140319824,11.05641004670131,10.467171108793178,10.696319281128375,176600
2020-04-09,11.932085037231445,12.038475464424572,11.252823739400185,11.293743254547516,133000
2020-04-13,11.457418441772461,11.899347407593268,11.277373076297408,11.899347407593268,96600
2020-04-14,10.810894012451172,11.768407016451732,10.573561776103372,11.686567991307752,124500
2020-04-15,10.319859504699707,10.606295258997788,9.967953635118073,10.40169851463477,103000
2020-04-16,9.583313941955566,10.483540155239458,9.386901205394484,10.295310697345625,131500
2020-04-17,10.622664451599121,10.663583963727309,9.918851808798452,9.918851808798452,103800
2020-04-20,10.311677932739258,10.64721652408752,10.08252897922966,10.295309815856529,108500
2020-04-21,10.508089065551758,10.581744019451131,9.918850214831426,9.918850214831426,77300
2020-04-22,10.524456977844238,10.778157301831074,10.311676942133161,10.540825093154542,80100
2020-04-23,10.647217750549316,10.95820498287113,10.491723744150981,10.549011379364774,66100
2020-04-24,10.941835403442383,11.031857703225468,10.606296818235267,10.68813584020153,42200
2020-04-27,11.96481990814209,12.087578447580858,11.089145916996282,11.105513253969907,120600
2020-04-28,12.357644081115723,12.594976281220477,11.891162957791112,12.218518227901763,91000
2020-04-29,13.298789978027344,13.503386746920073,12.545873806064126,12.799574142899992,121800
2020-04-30,12.022107124328613,12.807758834855164,11.702936629113802,12.783207438409752,99200
2020-05-01,12.259438514709473,12.275806631512712,11.866613077128955,11.866613077128955,95000
2020-05-04,11.828118324279785,12.193080948113854,11.645636616844781,12.110135292760443,117500
2020-05-05,11.429975509643555,12.276026342588688,11.396797092138012,12.118428266160459,99900
2020-05-06,10.882533073425293,11.678816019824023,10.807881423601037,11.587575553947712,90400
2020-05-07,10.94888687133789,11.371912241873446,10.874235242297994,11.081600526948469,115900
2020-05-08,11.811531066894531,11.828120675885037,11.214319381886089,11.214319381886089,84500
2020-05-11,10.857648849487305,11.62075333027116,10.708345558149084,11.529512078437376,119400
2020-05-12,10.152605056762695,10.948887852844232,10.102837826965267,10.899120623046803,146100
2020-05-13,9.688108444213867,10.102839103078695,9.364618245526358,10.06136587898502,115400
2020-05-14,9.646635055541992,9.878883999053901,9.049422695475425,9.38950170337685,148800
2020-05-15,9.804232597351074,9.961830691904114,9.472448384138298,9.688108518244583,151500
2020-05-18,10.973773002624512,11.065014255074635,10.326793387515112,10.326793387515112,121400
2020-05-19,10.393148422241211,10.915709063498365,10.384854411581886,10.915709063498365,99400
2020-05-20,11.073309898376465,11.214318398283583,10.666873215154522,10.666873215154522,68200
2020-05-21,11.031834602355957,11.288967142660537,10.965477766726655,10.965477766726655,59700
2020-05-22,10.94888687133789,11.313850215302764,10.791289603059274,10.924003258669853,43900
2020-05-26,11.736875534057617,11.844705583791907,11.172842462186654,11.172842462186654,95600
2020-05-27,12.6409912109375,12.707348057894965,11.911065103369358,12.234555325564015,124700
2020-05-28,12.00230598449707,12.956186222848261,11.91106472951733,12.956186222848261,123500
2020-05-29,11.463154792785645,11.745171758397111,11.28896788996891,11.745171758397111,85700
2020-06-01,11.454862594604492,11.98571739882593,11.313854089474159,11.44656779052952,125100
2020-06-02,11.413386344909668,11.794938529990644,11.272377877094796,11.61245684381213,95300
2020-06-03,12.267735481262207,12.558047320970521,11.645639359918208,11.70370141144542,164100
2020-06-04,12.624402046203613,12.831767384980116,12.085251690763108,12.135019720125307,109700
2020-06-05,13.578282356262207,13.95983379990186,13.263086172143288,13.387505052370482,149400
2020-06-08,13.702701568603516,14.034485784608167,13.553398275883438,13.95153933508902,137700
2020-06-09,13.26308822631836,13.545105242283555,13.005955623081437,13.420686342786471,78000
2020-06-10,12.50827693939209,13.263086631953271,12.499982136146455,13.263086631953271,130800
2020-06-11,11.595869064331055,11.894475650697808,11.488039787071916,11.844707622624693,195600
2020-06-12,11.670519828796387,12.184785721846156,11.322146031724621,12.184785721846156,133700
2020-06-15,11.778353691101074,11.89447859128981,11.065017052606127,11.172847147559345,104800
2020-06-16,12.466803550720215,12.723936910711181,12.168197757116868,12.284322627925041,226500
2020-06-17,12.201375961303711,12.516571355566684,12.093545895553014,12.516571355566684,167300
2020-06-18,12.143314361572266,12.367268513125346,11.877886193573826,12.052073107464434,107600
2020-06-19,12.350679397583008,12.350679397583008,11.778350641114693,12.325794988320238,229300
2020-06-22,12.27602767944336,12.400446560879343,12.00230550745543,12.184786428090078,137400
2020-06-23,12.135018348693848,12.51657056056317,12.043777894716625,12.51657056056317,82000
2020-06-24,11.338737487792969,11.92765511792762,11.189434181522314,11.886181889403987,145500
2020-06-25,11.537805557250977,11.57927877686655,11.006950877486421,11.206021382398129,140900
2020-06-26,11.206022262573242,11.36361956024783,10.700050367386336,11.36361956024783,420900
2020-06-29,12.010600090026855,12.02718969689226,11.338736832697858,11.4299772973496,141000
2020-06-30,12.317502975463867,12.358975415561089,11.886182637335184,11.919361064034614,141400
2020-07-01,11.5792818069458,12.350681204134155,11.554398185079231,12.350681204134155,116200
2020-07-02,11.429975509643555,12.217963518677086,11.363618674632471,11.911062958991852,124500
2020-07-06,11.496332168579102,11.828117129588842,11.338734885600472,11.77005430656652,85400
2020-07-07,11.065013885498047,11.363619669182052,11.023540662227395,11.347030854495355,79800
2020-07-08,10.973773002624512,11.197727941144668,10.741524052001953,11.023541030418757,71200
2020-07-09,10.393148422241211,11.546099753685013,10.310202778397175,10.89912025114389,80800
2020-07-10,10.907416343688965,10.915711146967336,10.442918434603875,10.442918434603875,121100
2020-07-13,11.114782333374023,11.338737288850634,10.824471320874299,11.081603909344453,88000
2020-07-14,10.749818801879883,11.089897818508401,10.600515510272842,11.065014200252548,93500
2020-07-15,11.388504028320312,11.488040087065787,11.089898225191861,11.147960266930061,110300
2020-07-16,11.239200592041016,11.537806370454811,11.098192110031075,11.330441048797361,153900
2020-07-17,11.040129661560059,11.25578898685746,10.998656440567364,11.2309053706762,87200
2020-07-20,10.708346366882324,10.957184940893898,10.691757550500762,10.957184940893898,48100
2020-07-21,11.297266006469727,11.396801295698639,10.841062004226757,10.841062004226757,65200
2020-07-22,11.073309898376465,11.396799334957244,10.990363442771327,11.197728790748144,132700
2020-07-23,11.139665603637695,11.288968100959694,10.998657118196514,11.04013034174438,134200
2020-07-24,11.106487274169922,11.363619838412573,11.089897668200228,11.16454931299195,74400
2020-07-27,10.841057777404785,11.031834267322107,10.791290547712164,11.031834267322107,103100
2020-07-28,11.853001594543457,12.201375393515459,10.940593875133752,11.479744178798002,444500
2020-07-29,11.753467559814453,12.126725014411715,11.60416426156115,11.994011323091444,123100
2020-07-30,11.77005672454834,11.836414363211157,11.454862093839067,11.595869801768993,114800
2020-07-31,11.58757495880127,11.753467065981495,11.288968374840898,11.65393180167336,160700
2020-08-03,11.621234893798828,11.781121185346011,11.495008113869291,11.730630312869158,72700
2020-08-04,11.478178024291992,11.680139903276267,11.394026840119293,11.595988719103568,87300
2020-08-05,11.688556671142578,11.74746202605201,11.419273329002449,11.671726111154014,97000
2020-08-06,11.991498947143555,12.067234858371656,11.696970581817654,11.696970581817654,87700
2020-08-07,12.597384452819824,12.647874521354076,11.831611725673909,11.882101794208161,66200
2020-08-10,12.858250617980957,13.051798004784734,12.597383412864042,12.597383412864042,61500
2020-08-11,13.211688041687012,13.39682020298533,13.068631481028127,13.068631481028127,111800
2020-08-12,13.169611930847168,13.632442717425228,13.077046255046735,13.59878159619747,87100
2020-08-13,12.790932655334473,13.04338543720478,12.774102897889929,13.009725119790424,47800
2020-08-14,12.866667747497559,13.060215162149305,12.631045540661939,12.799347116973097,61600
2020-08-17,12.765686988830566,12.849838179482244,12.622630446237851,12.757271709260353,46200
2020-08-18,12.294441223144531,12.7151955527836,12.243951153001952,12.7151955527836,88000
2020-08-19,12.294441223144531,12.496403911290432,12.168215245262887,12.27761146727207,37200
2020-08-20,12.159798622131348,12.227119243231133,12.033572658200528,12.084062722762814,66900
2020-08-21,12.084064483642578,12.176630953037321,11.949423221823197,12.159800394047286,72300
2020-08-24,12.46274471282959,12.487989750161107,12.05040482294671,12.151385774798047,72300
2020-08-25,12.631047248840332,12.689952607884086,12.378594448970158,12.673122849239583,72900
2020-08-26,12.243950843811035,12.647874604852344,12.193459972418283,12.647874604852344,89100
2020-08-27,12.504819869995117,12.572140506513978,12.109311331078132,12.252367884312035,52200
2020-08-28,12.521650314331055,13.455724739266785,12.395423520134152,12.631046548291591,68400
2020-08-31,12.546894073486328,12.66470557555869,12.067234390986714,12.47115816519161,103000
2020-09-01,12.664706230163574,12.698366546420461,12.437498493535657,12.54689472200185,93900
2020-09-02,12.698366165161133,12.807762390342782,12.487988994240704,12.706781444604003,83200
2020-09-03,12.664706230163574,13.08546058463728,12.60580007482009,12.74885661954317,57900
2020-09-04,12.681537628173828,13.01814163682857,12.43750010309868,12.98448131621563,78800
2020-09-08,12.252367973327637,12.631046757128718,12.109311419054404,12.631046757128718,69200
2020-09-09,12.151385307312012,12.370177762501864,12.058819638974105,12.311272410152764,112900
2020-09-10,11.915763854980469,12.328102952759881,11.890518817010888,12.176631922417105,225200
2020-09-11,11.789536476135254,12.05881898954342,11.705385289432606,11.983083082016075,77600
2020-09-14,12.033574104309082,12.14297032737396,11.831612216739398,11.831612216739398,56500
2020-09-15,11.755875587463379,12.084063434010128,11.739045029935262,12.084063434010128,75900
2020-09-16,11.941008567810059,12.084065116617902,11.713801627219835,11.781122261655847,82400
2020-09-17,11.755875587463379,11.890516837587702,11.74746030869932,11.755875587463379,51500
2020-09-18,11.56233024597168,11.848443354660766,11.495009608930165,11.848443354660766,169600
2020-09-21,10.754481315612793,11.31829222739027,10.619840047580906,11.301462470148914,111100
2020-09-22,10.771312713623047,11.023765512091815,10.636671435113124,10.796557752712328,137500
2020-09-23,10.342142105102539,10.990104202735061,10.291651228945684,10.779727023377788,106700
2020-09-24,10.358972549438477,10.628255079212426,10.274821357621496,10.409462622508471,87800
2020-09-25,10.443123817443848,10.45153909783868,10.21591686446056,10.21591686446056,76500
2020-09-28,10.889121055603027,10.998517271158969,10.527272899175841,10.527272899175841,91600
2020-09-29,10.737650871276855,10.981688354600184,10.451537793754634,10.754480627441287,86400
2020-09-30,10.577762603759766,10.939611550308786,10.55251757104301,10.779725273069173,66700
2020-10-01,10.695575714111328,10.76289634657027,10.45995350050503,10.670330677570536,74000
2020-10-02,11.006933212280273,11.032178247381664,10.451537624898501,10.459952904107364,38100
2020-10-05,11.35195255279541,11.394028149717814,11.032179139720506,11.116330333565314,66900
2020-10-06,11.537084579467773,12.117725242963742,11.2846318030466,11.537084579467773,115300
2020-10-07,11.797951698303223,11.831612012316599,11.495008069657658,11.621234849101707,71900
2020-10-08,11.915763854980469,12.269197596655761,11.781122582442318,11.924179135145426,67400
2020-10-09,11.932595252990723,11.999915893985778,11.722218049249845,11.999915893985778,50900
2020-10-12,12.117725372314453,12.168216249147754,11.814782518890434,11.898933712770848,39900
2020-10-13,11.680137634277344,12.058816284441537,11.587571991689433,12.058816284441537,42900
2020-10-14,11.436103820800781,11.730631396117031,11.427688540856678,11.671726041558836,32800
2020-10-15,11.646478652954102,11.72221455211025,11.116328161386164,11.25938468145331,43600
2020-10-16,11.7138032913208,12.008331710713968,11.520255837927337,11.638067366189679,52200
2020-10-19,11.781123161315918,11.890519401259747,11.764292600159024,11.797953722472812,37500
2020-10-20,11.915763854980469,12.13455632411761,11.755877544472735,12.033575369713995,106200
2020-10-21,12.142969131469727,12.159798885847115,11.806365216145597,11.907346149985298,46400
2020-10-22,12.656291007995605,12.689951324405492,12.134555702379759,12.20187633519953,91100
2020-10-23,12.765686988830566,13.009724478690154,12.588970130482227,12.63946100537828,51500
2020-10-26,12.521650314331055,12.60580070793704,12.387009042541251,12.555310632278506,151100
2020-10-27,12.294441223144531,13.270591942028336,12.176630524461716,13.270591942028336,95500
2020-10-28,12.344934463500977,12.513236067130862,12.03357629615435,12.03357629615435,81100
2020-10-29,12.588970184326172,12.664706095731564,11.94100810010247,12.437498361515388,78900
2020-10-30,12.597384452819824,12.849837203066597,12.403837050038069,12.53006382642404,95100
2020-11-02,13.001309394836426,13.211686572107324,12.681535989081631,12.799347497262422,81100
2020-11-03,13.33791446685791,13.497801584266472,13.077046392282243,13.312668625672151,121200
2020-11-04,12.60496711730957,13.099279489534952,12.43451471529757,13.099279489534952,118300
2020-11-05,12.85212230682373,12.954393740100445,12.553830016847485,12.553830016847485,115900
2020-11-06,12.596444129943848,12.903259262350316,12.553830826800597,12.775419352920569,71700
2020-11-09,13.866316795349121,14.531080770113183,13.389049247379985,13.448707386083184,166200
2020-11-10,14.846416473388672,14.982778376945229,14.00267658554668,14.113470022600591,93500
2020-11-11,14.266879081726074,14.974257140941255,14.147562809865915,14.974257140941255,74800
2020-11-12,13.951542854309082,14.121994440230857,13.704385860213408,14.062336303880121,127500
2020-11-13,14.207220077514648,14.36915045483004,14.01972285811306,14.096426635496025,77900
2020-11-16,15.255501747131348,15.443000578323117,14.701531326603625,14.761189454505708,212600
2020-11-17,14.854940414428711,15.204368021806502,14.428809027327771,15.204368021806502,120500
2020-11-18,14.641873359680176,15.06800470716534,14.633350537663022,14.795280904864768,68200
2020-11-19,14.590741157531738,14.650399298782865,14.147564071719897,14.641876474952356,59600
2020-11-20,14.437334060668945,14.462900907449766,14.215745510381083,14.360630269201513,63800
2020-11-23,14.437334060668945,14.7015351059665,14.403242764211203,14.633354138613502,71200
2020-11-24,15.681635856628418,15.715727150336916,14.573694820099927,14.769714882236723,156000
2020-11-25,15.443001747131348,15.639021789520335,15.076528504496688,15.46004576670616,124400
2020-11-27,15.21289348602295,15.417436392278612,14.829374520817005,15.349255423526724,103600
2020-11-30,14.496989250183105,15.40891011231384,14.454375138293445,15.40891011231384,171100
2020-12-01,14.846416473388672,15.153231569171982,14.650396440221385,14.829370829053573,92700
2020-12-02,15.085053443908691,15.187324077957694,14.701534502318882,14.701534502318882,122900
2020-12-03,15.03391170501709,15.178796411665614,14.863460160794174,15.178796411665614,47300
2020-12-04,15.374821662902832,15.434479798698915,14.948690263716774,15.127664671105022,84000
2020-12-07,15.264022827148438,15.31515812729159,14.863459995830286,15.221410347956123,79000
2020-12-08,15.40891170501709,15.451524195749128,15.076529725732684,15.264026960740905,85600
2020-12-09,15.553794860839844,15.792429011030448,15.417432953748687,15.553794860839844,97600
2020-12-10,15.391864776611328,15.690157063579749,15.22141320231665,15.690157063579749,60900
2020-12-11,15.494139671325684,15.707205394802523,15.366300562352073,15.511185319338823,77100
2020-12-14,15.613457679748535,15.724252778501334,15.553799530679786,15.647548979537902,79400
2020-12-15,16.00550079345703,16.184475255132238,15.621981767634772,15.732775249781882,95500
2020-12-16,15.954360961914062,16.175949511802624,15.945838137814986,16.10776854457249,83200
2020-12-17,16.116287231445312,16.192991003083833,15.809472144891231,16.073674747451495,79400
2020-12-18,15.69868278503418,16.431629403976935,15.656070289982269,16.09924576543459,352900
2020-12-21,15.519707679748535,15.971407632540844,15.332210414253423,15.954361983251491,85200
2020-12-22,15.434479713439941,15.783907328797312,15.357775931965174,15.630499765847778,76200
2020-12-23,15.869132995605469,15.869132995605469,15.579363532836446,15.724248264220957,47900
2020-12-24,15.826520919799805,15.886179059418614,15.6049323829568,15.673113346172926,36100
2020-12-28,16.07367706298828,16.201516158948,15.835042891784457,15.971404810883127,58500
2020-12-29,15.630499839782715,16.022539946452806,15.434479786447667,16.022539946452806,87300
2020-12-30,15.681635856628418,15.72424997376404,15.579365226627635,15.621977718200903,56700
2020-12-31,15.741292953491211,15.89470051390412,15.715726110463892,15.715726110463892,106200
2021-01-04,15.93731689453125,16.005497861569953,15.494139795998434,15.76686366415325,122000
2021-01-05,16.116287231445312,16.24412630898882,15.528225524070677,15.937312847996807,153200
2021-01-06,17.471384048461914,17.59070029739353,16.406055752823992,16.47423669872234,190800
2021-01-07,17.30946159362793,17.650366478732728,17.13900996385689,17.650366478732728,103300
2021-01-08,16.84923553466797,17.309456590136747,16.533897591121278,17.309456590136747,67500
2021-01-11,17.07082176208496,17.07934458380087,16.721394199542708,16.781052325992064,73500
2021-01-12,17.49695587158203,17.61627214341833,17.09639131516769,17.173095097223104,57600
2021-01-13,17.266841888427734,17.496953199451433,17.053776220938097,17.496953199451433,55500
2021-01-14,17.5480899810791,17.650360599764966,17.121958610242913,17.377636782519755,65900
2021-01-15,17.275362014770508,17.369109788456573,17.062296380524877,17.18161261552266,53300
2021-01-19,17.198665618896484,17.4202541684382,17.062303684649656,17.360596025400522,58900
2021-01-20,17.104915618896484,17.19866505520444,16.81514611172865,17.15605093617245,64400
2021-01-21,16.968551635742188,17.104913549018452,16.823666899690878,17.104913549018452,82200
2021-01-22,17.156051635742188,17.181620108203983,16.661739213751574,16.738443005574467,146900
2021-01-25,16.900371551513672,17.11343725520172,16.525375457865255,17.11343725520172,87300
2021-01-26,16.653213500976562,17.05377637425591,16.227082162166255,17.05377637425591,67400
2021-01-27,15.877652168273926,16.55094042991682,15.621974028103848,16.261171004091015,160500
2021-01-28,16.414581298828125,16.994120247939748,15.843565172563702,16.158901490098867,167300
2021-01-29,15.647544860839844,16.576511403266046,15.587886727474123,16.576511403266046,112400
2021-02-01,16.32083511352539,16.457197055030363,15.741296049347977,15.97993025976296,129300
2021-02-02,16.729915618896484,16.832187855289853,16.320829924447118,16.593553720746694,109900
2021-02-03,16.917415618896484,16.960028105431782,16.389012007823133,16.61060051404343,122600
2021-02-04,17.589290618896484,17.640972697226363,16.676232901331606,16.83989308986683,152800
2021-02-05,17.503150939941406,17.830474569491166,17.373944935832178,17.80463271149193,135200
2021-02-08,17.503150939941406,17.64097089671705,17.244738931722946,17.563446965662816,141500
2021-02-09,17.684040069580078,17.727108188530618,17.24473835592217,17.46869618894052,148100
2021-02-10,17.49454116821289,17.744340926406885,17.477314901706723,17.744340926406885,94100
2021-02-11,17.417015075683594,17.718496882190237,17.089693051125074,17.62374503481692,144400
2021-02-12,17.58067512512207,17.615130936285777,17.373945186970353,17.373945186970353,79100
2021-02-16,17.72711181640625,17.908001567493375,17.537609754121238,17.839089934360175,95300
2021-02-17,17.632356643676758,17.830474265742282,17.554832713943174,17.65819850123577,62800
2021-02-18,17.356719970703125,17.899387580009886,17.356719970703125,17.50315390495088,65100
2021-02-19,17.796018600463867,17.796018600463867,17.37394478122644,17.37394478122644,82000
2021-02-22,18.019975662231445,18.106113541472677,17.67542578820992,17.778789928944683,158500
2021-02-23,18.175024032592773,18.6746217748524,17.98552036428997,18.071658245978206,90300
2021-02-24,18.424823760986328,18.528189557018834,18.200865905368893,18.200865905368893,125600
2021-02-25,18.045820236206055,18.579872210620515,18.045820236206055,18.579872210620515,93100
2021-02-26,17.80463409423828,18.31284584042109,17.77879223423211,18.123343795873314,164800
2021-03-01,18.218093872070312,18.390369651712614,17.718496082639962,18.31284571516794,96000
2021-03-02,18.226707458496094,18.562643414799204,18.028591465955465,18.028591465955465,106800
2021-03-03,18.67462158203125,19.225901390434306,18.381753773081268,18.381753773081268,113100
2021-03-04,18.510963439941406,19.234519153282886,18.269777654512996,18.760763179450517,119000
2021-03-05,19.2172908782959,19.251746693961003,18.562645167152365,19.027788820968976,125500
2021-03-08,20.095897674560547,20.19926349513414,19.234521860575192,19.639367901688477,109300
2021-03-09,19.76856803894043,20.087276048358486,19.17421849423583,20.009752123269045,103200
2021-03-10,20.397375106811523,20.423215324133274,19.622137371230213,19.87193544868765,104100
2021-03-11,20.32846450805664,20.397374490404893,20.052824578663643,20.3543047245975,98900
2021-03-12,20.91419792175293,21.181223869158387,20.483510167834204,20.526578286048718,113200
2021-03-15,20.27678108215332,21.3018167959763,19.932229550406188,21.1295426730462,105900
2021-03-16,20.026979446411133,20.199255195600593,19.54460964880127,20.035593398164938,61700
2021-03-17,20.03559684753418,20.371532809051413,19.80302503897136,20.182030766672593,66300
2021-03-18,20.095897674560547,20.79361162386437,20.05282954103887,20.19064953984101,73000
2021-03-19,20.543807983398438,20.66440003927803,19.66520449442088,20.018368352019863,425700
2021-03-22,19.794410705566406,20.72469627900718,19.561838901470324,20.72469627900718,100200
2021-03-23,19.251745223999023,20.27678266055738,19.148379427839895,19.510157249981457,78600
2021-03-24,19.251745223999023,20.31985078390659,19.243131270740463,19.48431703314937,74700
2021-03-25,19.74272918701172,19.94084518441108,19.06224166167007,19.191449318441798,63900
2021-03-26,20.49212646484375,20.49212646484375,19.76857082403315,20.01836889555818,71500
2021-03-29,19.91500473022461,20.655786634056852,19.880548917377556,20.492126451864095,182700
2021-03-30,20.423215866088867,20.56964979225787,20.15618987470198,20.15618987470198,130800
2021-03-31,20.3629150390625,20.61271470727736,20.24232300223783,20.431825009097068,176600
2021-04-01,20.466285705566406,20.52658173838519,20.02698392553056,20.233713885027957,74500
2021-04-05,20.6988582611084,20.871132412001742,20.328466454419303,20.673016399149716,97900
2021-04-06,20.80221939086914,20.896971227962627,20.50935156980154,20.655785480335343,109000
2021-04-07,20.621334075927734,21.008952143092024,20.55242408779117,20.85390425904882,103000
2021-04-08,20.681631088256836,20.72469921677508,20.319853222694707,20.698858996841647,82100
2021-04-09,20.82805824279785,20.896968211753165,20.621328335931917,20.75914827384254,50800
2021-04-12,21.017566680908203,21.10370457920801,20.793608802506213,20.940042736732757,50700
2021-04-13,20.345691680908203,20.92281337837314,20.294007963802557,20.92281337837314,42100
2021-04-14,20.474899291992188,20.673015294255663,20.259555382677025,20.28539560031091,67900
2021-04-15,20.397375106811523,20.457671137820437,19.93223147969656,20.388761153389733,74700
2021-04-16,20.483510971069336,20.62994487886166,20.21648337024933,20.62994487886166,62800
2021-04-19,20.19064712524414,20.647175200576097,19.99252946308295,20.647175200576097,63400
2021-04-20,19.467090606689453,20.06144028316898,19.372338756585027,20.052826329255513,54300
2021-04-21,19.846097946166992,19.932234206280462,19.432636340080627,19.432636340080627,57100
2021-04-22,19.398178100585938,19.880547956526076,19.372336242199616,19.854706098139754,78600
2021-04-23,19.96668815612793,20.138962303176697,19.44986242909423,19.44986242909423,153600
2021-04-26,19.83747673034668,20.345688365123145,19.751338858818876,20.164798670620435,114100
2021-04-27,19.820253372192383,20.078665403085846,19.553227387876653,20.078665403085846,110100
2021-04-28,20.095897674560547,20.095897674560547,19.74273372226207,20.061443496332004,124700
2021-04-29,20.225099563598633,20.474899286955726,20.07005168605887,20.18203143892365,104600
2021-04-30,20.294010162353516,20.42321618322813,19.992528351683614,20.121736015501924,197200
2021-05-03,20.681631088256836,20.707472951134054,20.250943231299242,20.405991122674983,128700
2021-05-04,20.646869659423828,20.69900775458435,20.195001748192226,20.386175868740906,117800
2021-05-05,20.368799209594727,20.846735377251346,20.21238325437902,20.699009381485432,95400
2021-05-06,20.57735252380371,20.57735252380371,20.160244429860718,20.43831649248938,118000
2021-05-07,20.559972763061523,20.646870697658855,20.31665887767704,20.31665887767704,49600
2021-05-10,20.27321434020996,20.872808372252603,20.27321434020996,20.65556432589054,73800
2021-05-11,19.94300079345703,20.325349057939327,19.864792817212866,20.13417492569818,66800
2021-05-12,19.57802963256836,20.26451980213991,19.543269797430476,20.099413900115294,71700
2021-05-13,20.177623748779297,20.28190160645334,19.49982347493916,19.54327161546316,114700
2021-05-14,20.62080192565918,20.62080192565918,20.116795866899988,20.334039886321026,73000
2021-05-17,20.481760025024414,20.62948598225695,20.299275896499445,20.568657939415292,65900
2021-05-18,20.238454818725586,20.638183042074356,20.203694978030686,20.525216874696792,66900
2021-05-19,20.16024398803711,20.229762002170744,19.534580203394178,20.082036014956742,94900
2021-05-20,20.142866134643555,20.168934356715354,19.77789610867509,20.029898314197876,74400
2021-05-21,20.473073959350586,20.62948990349764,20.299279754974,20.386176028442204,77600
2021-05-24,20.27321434020996,20.56866637585761,20.203696311671724,20.542596493615566,96500
2021-05-25,19.57802963256836,20.32534785619104,19.57802963256836,20.24713988457097,102200
2021-05-26,19.986448287963867,20.012518165017948,19.456372389945695,19.569340199739838,55200
2021-05-27,20.221067428588867,20.412241509468622,20.151549430319882,20.27320551293065,78400
2021-05-28,20.247140884399414,20.273210762040186,19.838722746002087,20.221072664198886,44700
2021-06-01,20.473073959350586,20.603420026993074,20.247140001964862,20.316658015203533,62500
2021-06-02,20.10810089111328,20.6121068241444,20.047272846039856,20.6121068241444,51500
2021-06-03,20.212383270263672,20.33403938777581,20.04727735546842,20.14286525205098,46800
2021-06-04,20.151554107666016,20.212382163090105,19.96906828395354,20.212382163090105,44500
2021-06-07,20.19499969482422,20.264517700449915,20.0298938099232,20.18630973694101,63800
2021-06-08,20.203691482543945,20.325347589047237,19.82134158825342,20.099413635941023,59300
2021-06-09,19.93431282043457,20.07334886818006,19.925622860270423,19.99514088414317,81400
2021-06-10,19.456371307373047,20.212381125474113,19.456371307373047,20.212381125474113,126700
2021-06-11,19.465059280395508,19.74313129537488,19.395541276650665,19.63885511847759,132100
2021-06-14,19.343406677246094,19.551960726098315,19.16092084860025,19.430304611961247,112800
2021-06-15,19.63016700744629,19.76920302801514,19.273886997558588,19.491130986877433,123500
2021-06-16,19.838722229003906,19.969068298930463,19.326026250844613,19.551960212189403,103800
2021-06-17,19.12616539001465,19.96907166454862,19.100095508659397,19.96907166454862,71100
2021-06-18,18.335391998291016,18.97843397159889,18.335391998291016,18.74381007855088,284600
2021-06-21,18.908918380737305,19.039264452157198,18.578706565204012,18.5873965242907,199300
2021-06-22,18.75250244140625,18.900228431073167,18.535258436451386,18.900228431073167,91100
2021-06-23,18.7785701751709,18.995814155328116,18.735120384675433,18.822018308226326,83400
2021-06-24,19.473752975463867,19.508512812727403,18.79595106578733,18.934988757401204,142500
2021-06-25,19.221750259399414,19.673616529386138,18.90022840326557,19.50851227922032,439300
2021-06-28,18.952363967895508,19.621475810551516,18.72643003437114,19.117469853440237,115600
2021-06-29,18.900230407714844,19.2130623379476,18.856782265156028,19.12616439538957,84800
2021-06-30,18.865467071533203,19.074022757998726,18.75250092735113,18.75250092735113,310700
2021-07-01,19.10009002685547,19.178297991034732,18.89153600819077,18.97843393032773,153700
2021-07-02,18.874160766601562,19.056646614027155,18.822022663383002,19.030576733697668,75000
2021-07-06,18.326704025268555,18.900228054321722,18.08339014789077,18.86546821865053,110400
2021-07-07,17.99649429321289,18.483122104132455,17.944356191128787,18.06601397257887,105400
2021-07-08,17.631521224975586,18.491807138705283,17.48379526055089,17.57938147933868,163700
2021-07-09,18.404911041259766,18.404911041259766,18.00518123902302,18.057320989819186,92200
2021-07-12,18.344083786010742,18.483119812624473,18.11814982840339,18.30063399179384,100200
2021-07-13,17.987804412841797,18.413602466965113,17.97042449452487,18.283256394468626,83200
2021-07-14,17.97911262512207,18.41360059421436,17.883524741540946,18.08338880953778,85900
2021-07-15,18.326704025268555,18.335393984186354,17.831387969035383,17.93566416116858,160400
2021-07-16,17.883525848388672,18.535257842364118,17.84876767057887,18.39622181624457,68400
2021-07-19,17.12751579284668,17.605453576941915,17.03192956197975,17.605453576941915,114800
2021-07-20,17.56200408935547,17.987803786082644,17.03192985868073,17.1188277897973,139600
2021-07-21,17.874839782714844,18.092083828022396,17.814011715219216,17.82270167592438,61300
2021-07-22,17.26655387878418,17.961734016996246,17.240484002061155,17.81400803044616,159700
2021-07-23,17.475107192993164,18.126839166984176,17.179655232188697,17.509865369737156,94600
2021-07-26,17.83138656616211,18.109458599893753,17.50986474125986,17.727108724792714,86600
2021-07-27,17.770559310913086,18.248495433089374,17.59676345333618,17.822697405210103,129000
2021-07-28,18.100770950317383,18.3006350428736,17.60545486987794,17.857457061048766,84400
2021-07-29,18.057323455810547,18.13553143524513,17.692353437595923,17.692353437595923,89200
2021-07-30,18.274568557739258,18.32670666130518,18.039944605531947,18.039944605531947,141700
2021-08-02,17.97911262512207,18.830708646757337,17.718418849202656,18.430978853323598,241200
2021-08-03,18.543947219848633,18.64822340744929,17.822697235423636,18.152907372745872,186300
2021-08-04,18.231117248535156,18.47443114077943,18.231117248535156,18.23980720798391,130200
2021-08-05,18.31011390686035,18.52955438350365,18.09945125018654,18.40666657812878,99600
2021-08-06,19.0035457611084,19.14398753827425,18.590998249958467,18.61733003680329,119000
2021-08-09,18.599777221679688,19.047436041931324,18.590999400788697,18.959659507219566,49200
2021-08-10,18.827993392944336,18.88065863808014,18.46811114848676,18.61732906400521,36200
2021-08-11,19.117656707763672,19.117656707763672,18.757774426498813,18.91577017806538,54400
2021-08-12,18.97721290588379,19.19665337962612,18.898214201400716,19.179097739919225,44900
2021-08-13,18.634883880615234,18.94210086636616,18.511997755994017,18.94210086636616,121400
2021-08-16,18.634883880615234,18.722660401429483,18.064339006619445,18.617328241612807,80900
2021-08-17,18.345224380493164,18.669997037938064,18.231116063887043,18.494443978638436,70400
2021-08-18,18.046785354614258,18.450556725136906,18.046785354614258,18.327668912787544,65300
2021-08-19,17.932676315307617,18.064340268628342,17.67812455458262,17.844899788361136,51300
2021-08-20,18.213560104370117,18.310114452714966,17.774679137999755,17.86245566611343,99800
2021-08-23,18.257450103759766,18.371560108644786,18.15211959454095,18.318894854035378,49600
2021-08-24,18.169673919677734,18.30133788375114,18.08189738556275,18.30133788375114,50600
2021-08-25,18.187225341796875,18.40666580927405,18.169671376789108,18.21355880060538,45200
2021-08-26,18.055566787719727,18.32767257986947,18.038011143271767,18.266229498500017,47400
2021-08-27,18.617332458496094,18.64366592296434,18.081898741227768,18.169675281923674,60400
2021-08-30,18.222335815429688,18.599773670692773,18.187224538569016,18.599773670692773,50000
2021-08-31,18.38033676147461,18.459335475465043,18.17845022894453,18.318893689303863,54400
2021-09-01,18.23989486694336,18.450557544933503,18.011676547237833,18.450557544933503,41300
2021-09-02,18.143339157104492,18.371557459770976,17.915120854438005,18.2135600445251,64900
2021-09-03,18.108226776123047,18.187225478946388,17.941453225005247,18.099450630651933,42500
2021-09-07,17.95901107788086,18.239896345501585,17.93267928737143,18.17845159451693,55700
2021-09-08,17.95901107788086,18.090676727221123,17.827347102738873,17.83612492430811,74200
2021-09-09,17.950231552124023,18.213559452847452,17.82734374748152,17.94145373220685,93900
2021-09-10,17.651792526245117,18.073117840769818,17.643014706251105,18.03800656079377,67800
2021-09-13,17.81856918334961,17.844902647912754,17.59912866791822,17.73079431653567,78400
2021-09-14,17.476242065429688,17.87123565272397,17.414798990561295,17.836124367543043,75200
2021-09-15,17.73079490661621,17.73079490661621,17.39724437450891,17.511354383881844,67600
2021-09-16,17.651792526245117,17.81856608353741,17.47623947476084,17.73956737778928,63800
2021-09-17,17.932676315307617,17.959008101452962,17.59912584775059,17.651792768437275,286700
2021-09-20,17.555240631103516,17.97656600444243,17.24802358521956,17.423576661209882,95500
2021-09-21,17.546464920043945,17.686906728046626,17.45868837149267,17.686906728046626,63900
2021-09-22,17.8887882232666,18.099452569494158,17.660571584216587,17.739568621304304,94800
2021-09-23,18.389118194580078,18.555891802032164,18.02923583757518,18.09067892181526,61700
2021-09-24,18.57344627380371,18.66122282040019,17.335801821968655,18.345227922332217,57100
2021-09-27,19.21420669555664,19.503868044135963,18.634883998398003,18.634883998398003,92700
2021-09-28,18.98598861694336,19.354648671359634,18.898213768813985,19.19665294020801,90000
2021-09-29,19.170316696166992,19.258093205742018,19.003541495394213,19.161538877789724,81700
2021-09-30,18.854324340820312,19.21420656929032,18.819214737022154,19.196652604490183,126100
2021-10-01,19.231765747070312,19.32832010512823,18.906994736836165,18.98599177846751,78900
2021-10-04,19.231765747070312,19.337097926242425,19.108879599868008,19.293208820671463,52100
2021-10-05,19.275653839111328,19.416097307553873,19.17032333052723,19.416097307553873,39700
2021-10-06,19.135208129882812,19.23176247149549,18.994766364372317,19.23176247149549,100800
2021-10-07,19.30198860168457,19.398542969546494,19.179102442004563,19.26687898786101,75700
2021-10-08,19.372207641601562,19.48631764250695,19.143989313988985,19.337098031152504,44600
2021-10-11,19.161544799804688,19.53898273568887,19.135211336534333,19.48631748334634,49300
2021-10-12,19.14398765563965,19.20543072425164,19.047434979619972,19.17909893724539,35800
2021-10-13,19.100101470947266,19.29320850975291,18.88066096922342,19.249321079087405,63000
2021-10-14,19.319541931152344,19.328319752106214,19.047436178375033,19.275652826383,70800
2021-10-15,19.258094787597656,19.644308782735028,19.24931696849938,19.617976999638,65300
2021-10-18,19.064990997314453,19.30198715105605,19.02988138612953,19.187878821957263,63200
2021-10-19,19.21420669555664,19.25809579334011,18.959656625204097,19.196652730641148,48600
2021-10-20,19.459985733032227,19.5565400993245,19.170324308353734,19.170324308353734,48800
2021-10-21,19.345874786376953,19.51264835666778,19.187877362566184,19.433649644762394,59600
2021-10-22,19.39853858947754,19.503869081363618,19.30198424341698,19.337095523510996,42100
2021-10-25,19.284427642822266,19.337094560339974,19.14398587783751,19.29320546240855,101400
2021-10-26,19.319541931152344,19.600425504883525,18.81921785616891,19.266876679627288,75800
2021-10-27,19.33709716796875,19.459983310352268,19.135210638655376,19.319541526428782,97600
2021-10-28,19.521427154541016,19.556538439011263,19.36342972282128,19.36342972282128,73500
2021-10-29,19.775976181030273,19.784754000921296,19.293206132211655,19.486314821418286,86900
2021-11-01,20.3201904296875,20.32896825079194,19.8988650618634,19.8988650618634,70200
2021-11-02,20.21485710144043,20.40796411617252,20.0744153317811,20.293855806148546,78100
2021-11-03,20.706401824951172,20.82051012687267,19.977859568750677,20.135856966948012,60500
2021-11-04,20.60898208618164,20.865818538566476,20.316718984234413,20.6709770336802,87800
2021-11-05,21.220077514648438,21.299785790408887,20.7683995376535,20.7683995376535,78000
2021-11-08,21.175798416137695,21.30864499517431,20.97210021566583,21.20236840763938,52700
2021-11-09,21.23779296875,21.352927907159188,20.440711820494176,20.901248195659182,104000
2021-11-10,21.574338912963867,21.645190531346515,21.27321911252866,21.27321911252866,65200
2021-11-11,21.63633155822754,21.68061318152622,21.26436017911743,21.65404488324127,112500
2021-11-12,21.07837677001953,21.627478102205288,20.927816863552138,21.627478102205288,126300
2021-11-15,20.972097396850586,21.476915342879742,20.76839922375736,21.476915342879742,83100
2021-11-16,20.98981285095215,21.131516089148352,20.741831339490865,21.131516089148352,88700
2021-11-17,20.901247024536133,21.149226836318157,20.582413907404074,21.149226836318157,64400
2021-11-18,20.901247024536133,20.954385314312884,20.71526047646384,20.87467703502987,99400
2021-11-19,20.600130081176758,20.67983837147738,20.343291881488966,20.653268378298502,114300
2021-11-22,20.821537017822266,21.246646679239177,20.7772537056524,20.883531965624442,81300
2021-11-23,21.158082962036133,21.166939624979914,20.81268155340736,20.97209810792394,72200
2021-11-24,21.007524490356445,21.16694105564795,20.972099525422692,21.0960894365446,71500
2021-11-26,20.03331756591797,20.653268885526554,19.617062775406037,20.36100571032518,91100
2021-11-29,19.891611099243164,20.281295866104273,19.714482888296057,20.281295866104273,95900
2021-11-30,19.971317291259766,20.2192987876661,19.661342532296523,19.670197506064834,239300
2021-12-01,20.104167938232422,20.644410931849258,20.068741282002627,20.40528775924191,100200
2021-12-02,20.63555335998535,20.892391538644628,20.121878691902673,20.29015192311958,68300
2021-12-03,20.37871551513672,20.777255218265964,20.31672056282122,20.777255218265964,92600
2021-12-06,20.679834365844727,20.9898108026126,20.484991165412286,20.70640266464138,77000
2021-12-07,20.361000061035156,20.883531303421005,20.26357846658626,20.600124871463038,88200
2021-12-08,20.157304763793945,20.759544361907277,19.96246323644262,20.502706190673607,54400
2021-12-09,19.962461471557617,20.086451369888692,19.847326546619616,20.006743095465666,72700
2021-12-10,20.024457931518555,20.059882895470583,19.66134318252231,20.015601268221598,72700
2021-12-13,19.865041732788086,20.113021552680404,19.661343540952018,19.90046669738592,135600
2021-12-14,20.113018035888672,20.41413778388024,19.882751583175622,19.882751583175622,199900
2021-12-15,20.157304763793945,20.440711236027084,19.96246323644262,20.19272972820518,110000
2021-12-16,20.25472640991211,20.529276219246192,20.09530984667431,20.48499290210468,92900
2021-12-17,20.024457931518555,20.325577726671902,19.732194799662167,20.17501782909523,238000
2021-12-20,19.980173110961914,19.989029773592158,19.501925153578476,19.838469887349365,154200
2021-12-21,20.48499298095703,20.56470126288275,20.07759659710188,20.201586507103737,86500
2021-12-22,20.520418167114258,20.52927482994319,20.254725039189058,20.387571603151656,47100
2021-12-23,20.61783790588379,20.79496607874932,20.467278029868535,20.6266945679124,31900
2021-12-27,20.78611183166504,20.81268182083779,20.55584365987514,20.71526021644013,73600
2021-12-28,21.16693878173828,21.282073706184985,20.600125889802705,20.803824061687592,104000
2021-12-29,21.113800048828125,21.26435993121832,20.989810153648772,21.19350832122503,65700
2021-12-30,21.06066131591797,21.273216141379184,20.954383058569565,20.954383058569565,76300
2021-12-31,21.140371322631836,21.255504562414526,20.972098105193382,21.096088007918702,122500
2022-01-03,21.441490173339844,21.671758350268917,21.19351035913607,21.211223685646566,85200
2022-01-04,21.52120018005371,21.964023242929187,21.485775213426358,21.654048450305098,92200
2022-01-05,21.574338912963867,21.93745366832941,21.547768922606938,21.662902169015304,67900
2022-01-06,22.265140533447266,22.30942384824965,21.79574922119213,21.79574922119213,85700
2022-01-07,22.442270278930664,22.57511684406571,22.291710387981418,22.300567050888517,70900
2022-01-10,22.309423446655273,22.637111524115497,22.265140132650036,22.521978286173294,126300
2022-01-11,22.35370635986328,22.486552931064683,22.034873237591274,22.39798967642095,134000
2022-01-12,22.41570281982422,22.557406063857595,22.203147953774153,22.291712903603994,86600
2022-01-13,22.583972930908203,22.796527767549644,22.486551330650826,22.521977981375574,64700
2022-01-14,22.876239776611328,22.91166643311889,22.14115354643899,22.38027841015716,62600
2022-01-18,22.654829025268555,22.973662187928134,22.654829025268555,22.840815599898647,85600
2022-01-19,22.238574981689453,22.743393008163846,22.150010030376976,22.743393008163846,91900
2022-01-20,21.71604347229004,22.49541132196459,21.71604347229004,22.141153208476158,102400
2022-01-21,21.662900924682617,22.088012299795626,21.317499516061797,21.538911021944013,101900
2022-01-24,22.36256217956543,22.4422704571265,21.33521292348465,21.36178291241692,303600
2022-01-25,22.637113571166992,22.734535181552545,21.689472525824865,22.123438906905097,95000
2022-01-26,22.575119018554688,23.026798734909292,22.3005691989322,22.504267397709018,121300
2022-01-27,21.61861801147461,22.725675474943138,21.007521818654002,22.601685579590065,200700
2022-01-28,21.52120018005371,21.76032503942309,20.998668830721776,21.370640271106613,103500
2022-01-31,21.68061637878418,21.69832970641011,21.08723341720271,21.485774842606645,138100
2022-02-01,21.58319854736328,21.778040102426722,21.38835530306378,21.698331809619848,92400
2022-02-02,21.51234245300293,21.78689224387336,21.317499249155254,21.565480740763338,106100
2022-02-03,21.637466430664062,21.726840861846615,21.288908024195155,21.61065529458214,86400
2022-02-04,21.700029373168945,21.807277325104984,21.324658132041893,21.771528576018124,134900
2022-02-07,21.762592315673828,21.923465958255715,21.539157079793554,21.717904245692434,52700
2022-02-08,22.16476821899414,22.236267405326053,21.78046115788202,21.78046115788202,71000
2022-02-09,21.548095703125,22.280963038392475,21.414033191576756,22.263087809562624,222500
2022-02-10,21.637466430664062,21.691092112178886,21.44978165938865,21.557031317742805,156000
2022-02-11,21.601716995239258,21.84302744036898,21.449780978454854,21.592779381937184,239100
2022-02-14,21.396156311035156,21.753652308174033,21.21740746012803,21.735777082148243,67200
2022-02-15,21.65534019470215,21.6910906466299,21.46765543610757,21.583840995522017,99200
2022-02-16,21.610652923583984,21.932400158670692,21.387217722479395,21.655339281934783,109900
2022-02-17,21.53021812438965,21.6106549406691,21.136971656431832,21.49446767063191,118100
2022-02-18,21.771528244018555,21.986025849295164,21.458718597070217,21.458718597070217,78700
2022-02-22,21.44978141784668,21.923464704507296,21.378282214640876,21.807277433875697,91600
2022-02-23,21.09228515625,21.71790275084814,21.02078595387663,21.503405143728024,55800
2022-02-24,20.815227508544922,20.84203864600721,20.261107370424703,20.556041815238935,169500
2022-02-25,21.422964096069336,21.44977693091602,20.886721036536525,20.886721036536525,73100
2022-02-28,21.271034240722656,21.431907886834903,21.074411842516362,21.17272389395731,121400
2022-03-01,20.421977996826172,21.110158834615042,20.100230757407935,21.110158834615042,125600
2022-03-02,21.244220733642578,21.33359516092398,20.56497747284949,20.56497747284949,59600
2022-03-03,21.306781768798828,21.351468128942994,20.67222488576438,21.262095408654663,46100
2022-03-04,20.806283950805664,21.020781512606742,20.627535130300554,21.020781512606742,55900
2022-03-07,20.225351333618164,20.859908118388123,20.216415426713397,20.770533707264523,60900
2022-03-08,20.35047721862793,20.788409980103705,20.252165190960344,20.314726770503285,84800
2022-03-09,20.699039459228516,20.99397389305138,20.466666616720275,20.806289119107518,114000
2022-03-10,20.752660751342773,20.96715833866831,20.439852835248423,20.439852835248423,42100
2022-03-11,20.922470092773438,21.145905272495217,20.73478536005121,20.940345316273213,64800
2022-03-14,21.226343154907227,21.440840733806315,21.047594320153706,21.244218379317623,58400
2022-03-15,20.958227157592773,21.476596870041956,20.815228733791322,21.369347199853028,43700
2022-03-16,21.128032684326172,21.27996869367519,20.958223153923125,21.119095071461484,61700
2022-03-17,21.02972412109375,21.199533665780432,20.806288894708175,21.074410484500667,54000
2022-03-18,20.743724822998047,21.00291049414877,20.466665629958822,21.00291049414877,135500
2022-03-21,20.64541244506836,20.95822206030846,20.52028757616716,20.895658773520232,71900
2022-03-22,20.949291229248047,21.056539203393783,20.78841756335363,20.895665537499365,65600
2022-03-23,20.421977996826172,21.047595545536243,20.404102771375086,20.806286820647887,82200
2022-03-24,20.511354446411133,21.002911262166098,20.377291946954784,20.53816558256201,48600
2022-03-25,20.73478889465332,20.797350482892096,20.341542433998313,20.341542433998313,51200
2022-03-28,20.52029037475586,20.743725601160477,20.305792761968483,20.743725601160477,55200
2022-03-29,20.73478889465332,20.949286499190023,20.511353676843157,20.654352079867625,85700
2022-03-30,20.144920349121094,20.85097476124322,20.06448353316503,20.75266271848015,112800
2022-03-31,19.662302017211914,20.439857437949865,19.546116437167505,20.3594206115054,319600
2022-04-01,19.823171615600586,19.93935717188117,19.671235608356543,19.671235608356543,93400
2022-04-04,19.671236038208008,19.841047274644456,19.367364017079776,19.841047274644456,72100
2022-04-05,19.465679168701172,19.87679920148112,19.45674155433522,19.617615203571074,134600
2022-04-06,19.260112762451172,19.849981529708337,19.170740049883594,19.63548395113075,123700
2022-04-07,19.000930786132812,19.54611325330151,18.93836919901681,19.313740426388218,52500
2022-04-08,18.920494079589844,19.197553268956916,18.90261885326283,19.10817884199726,52600
2022-04-11,19.04561996459961,19.260117597019203,18.893683928551273,18.893683928551273,69200
2022-04-12,18.866870880126953,19.483550871656643,18.831120426004695,19.099243717895213,53800
2022-04-13,19.197551727294922,19.224364564632236,18.71493258795022,18.71493258795022,56700
2022-04-14,18.893680572509766,19.54611267298944,18.840056600098887,19.349488599690627,85000
2022-04-18,18.93836784362793,19.08136623385188,18.7149326458186,18.795369453403982,50100
2022-04-19,19.483549118041992,19.555048315175757,18.974117125379497,18.974117125379497,64600
2022-04-20,19.72486114501953,19.8589219374177,19.447801946773247,19.537176376597184,45000
2022-04-21,19.608675003051758,20.189606222815524,19.54611341541687,19.876796579965674,49700
2022-04-22,19.24224090576172,19.581861675025962,19.215428066869002,19.45673850287735,56900
2022-04-25,19.099245071411133,19.286929854827317,18.732809709391514,19.09030745724718,214400
2022-04-26,18.375314712524414,19.15287014230717,18.312753114490018,19.081370929599903,141400
2022-04-27,18.33062744140625,18.61662427815549,18.241253003753208,18.45575063131514,111600
2022-04-28,18.196565628051758,18.437874380253277,17.92844232996321,18.437874380253277,93800
2022-04-29,17.642446517944336,18.205504282855404,17.60669776562691,18.205504282855404,113200
2022-05-02,17.865882873535156,17.92844447249623,17.51732441950875,17.6424476174309,101800
2022-05-03,17.982067108154297,18.107190284831795,17.624569395346413,17.785443025174875,70600
2022-05-04,18.451950073242188,18.488094035001993,17.918813279996257,18.144718642438733,63200
2022-05-05,17.89170265197754,18.650744749796804,17.367602320009095,18.22604332125167,64500
2022-05-06,17.584470748901367,18.018210309371945,17.376638250803126,17.9278478291272,114400
2022-05-09,17.647727966308594,17.846524069654848,17.457966560982516,17.48507582560658,69300
2022-05-10,17.34049415588379,17.89170200633414,17.150732776516236,17.756159148797856,168600
2022-05-11,17.42182159423828,17.729053014852436,17.304349844492297,17.5212187784221,60600
2022-05-12,17.358566284179688,17.548327674601605,16.99711806852013,17.394711967506165,73200
2022-05-13,17.268205642700195,17.51218211276228,17.150733894595252,17.421821350861315,67100
2022-05-16,17.277244567871094,17.38567818727775,17.042302761128262,17.232062456850567,62800
2022-05-17,17.774232864379883,17.828449665359138,17.5121818331916,17.5121818331916,92700
2022-05-18,17.28627586364746,17.69290616517809,17.150733004310904,17.557363305841534,70100
2022-05-19,16.8525390625,17.223023705152027,16.834466220536225,17.02422761411372,78100
2022-05-20,17.024227142333984,17.087480363933235,16.62663324775452,16.897720699135483,75400
2022-05-23,17.186880111694336,18.045319441048907,17.114590465816885,17.322422982274414,55600
2022-05-24,17.38567352294922,17.720014160717078,16.888682499708157,17.051334608702206,79100
2022-05-25,17.25916862487793,17.557363609992446,17.12362576319333,17.241095783714385,39400
2022-05-26,17.38567352294922,17.620615266660526,17.367600683389693,17.430855621848035,64500
2022-05-27,17.88266944885254,17.98206663705886,17.4218222992813,17.485075525463817,86000
2022-05-31,17.900741577148438,17.91881442093966,17.557366162721458,17.747125851965546,106900
2022-06-01,17.593507766723633,17.991101659189546,17.376638840884322,17.991101659189546,58700
2022-06-02,17.70194435119629,17.70194435119629,17.322423273087903,17.539292214361105,45000
2022-06-03,17.50314712524414,17.647726410114302,17.286276474417875,17.50314712524414,59500
2022-06-06,17.74712562561035,17.819415276331977,17.53025667344548,17.65676485484924,70000
2022-06-07,17.62061882019043,17.8013438051906,17.593509555384045,17.692908469486262,50000
2022-06-08,17.322425842285156,17.5935116282028,17.186882949326336,17.5935116282028,46400
2022-06-09,16.716997146606445,17.322423598694662,16.653743919652943,17.195917144787657,81200
2022-06-10,16.563383102416992,16.617599913354283,16.25615163457011,16.46398417943084,75700
2022-06-13,16.210969924926758,16.5453089092346,16.147716696734527,16.274223153118985,104900
2022-06-14,16.599525451660156,16.644705831095827,16.220004404429137,16.283257625047476,82300
2022-06-15,16.960973739624023,17.096516602106654,16.61759664957895,16.635669490848905,100000
2022-06-16,16.536270141601562,16.780248321605754,16.364583324728354,16.689885841212984,97400
2022-06-17,16.924829483032227,16.951938747221163,16.635670892434867,16.635670892434867,196100
2022-06-21,16.97905158996582,17.295317787888173,16.9429058967624,17.186884155320943,99500
2022-06-22,17.096515655517578,17.21398567022625,16.680848946928073,16.726031047601342,115700
2022-06-23,16.80735969543457,17.19591720349979,16.608561868877754,16.951938992827976,68500
2022-06-24,17.114591598510742,17.114591598510742,16.789287308772074,16.789287308772074,291000
2022-06-27,17.250133514404297,17.35856712257886,17.02422815326597,17.29531389722351,124800
2022-06-28,17.25916862487793,17.53025434824713,17.14169688083588,17.28627616310225,79100
2022-06-29,17.087478637695312,17.213985068113683,16.98807974321182,17.186877532178805,87600
2022-06-30,17.42182159423828,17.439892712758287,16.753141950407787,16.825431595051054,249200
2022-07-01,17.76519775390625,17.792307018155842,17.204953414250603,17.376640250601216,88800
2022-07-05,17.593507766723633,17.602544187407066,17.051336313885862,17.485074165564484,125600
2022-07-06,17.665796279907227,17.765195177552826,17.349530193800142,17.503145888561114,114400
2022-07-07,17.575437545776367,17.8555597071737,17.575437545776367,17.710980415902746,50400
2022-07-08,17.593507766723633,17.611580608090495,17.34049488167161,17.575436648877787,47900
2022-07-11,17.521217346191406,17.60254340520741,17.36760164844128,17.512180925909522,44900
2022-07-12,17.530256271362305,17.701944834208682,17.34953301046402,17.34953301046402,38700
2022-07-13,17.042299270629883,17.512181064355953,17.006153589216595,17.48507352681694,69100
2022-07-14,16.843505859375,17.015194443788854,16.60856403952483,16.80736189206342,85200
2022-07-15,17.50314712524414,17.59350788564722,16.9429011037315,17.168806451781254,82500
2022-07-18,17.584470748901367,17.91881140875063,17.539290370539472,17.620616430407647,63200
2022-07-19,18.08146858215332,18.18990220993682,17.69291101496599,17.80134636627093,52900
2022-07-20,18.3254451751709,18.388698406253116,18.000140874152315,18.072430527320748,68300
2022-07-21,18.03628158569336,18.34351298712285,17.95495724862882,18.189897286408105,81300
2022-07-22,18.08146858215332,18.162794664751665,17.828453911456087,18.07243215925112,81600
2022-07-25,18.497133255004883,18.506169677692363,18.108577420571688,18.27122785838211,178900
2022-07-26,18.397733688354492,18.659783018532128,18.325444039665367,18.560385828785318,82900
2022-07-27,18.497133255004883,18.659785416336703,18.217011045778637,18.479062133151324,83100
2022-07-28,18.50616455078125,18.66881666705225,18.406767375798577,18.61459986946889,55000
2022-07-29,18.957979202270508,18.97605204643603,18.506168439260126,18.506168439260126,90600
2022-08-01,19.039302825927734,19.174845692673625,18.695927448603406,18.95797676117599,68500
2022-08-02,18.750144958496094,19.111593191305047,18.74110853723573,19.04833996600362,32100
2022-08-03,18.804363250732422,18.8856893249908,18.59653071585935,18.804363250732422,54000
2022-08-04,18.621706008911133,18.776963073011167,18.521246785272215,18.75869886812736,41900
2022-08-05,18.621706008911133,18.75869886812736,18.356856747761995,18.475581918221284,39900
2022-08-08,18.72216796875,18.868292067199945,18.53951197471924,18.658238893420233,52700
2022-08-09,18.795228958129883,18.8317608516507,18.56690984943446,18.576042822814664,31900
2022-08-10,18.97788429260254,19.09660945861033,18.69476735331169,18.941352400331525,42000
2022-08-11,19.23360252380371,19.24273549779886,18.923088375715366,19.07834544975954,66900
2022-08-12,19.46192169189453,19.49845358795776,19.306664617499173,19.425391537767982,120000
2022-08-15,19.63544464111328,19.63544464111328,19.197072341609044,19.29753157153501,39500
2022-08-16,19.82723045349121,19.9368243915119,19.62631026604592,19.63544323937569,56400
2022-08-17,19.690237045288086,19.708502989821298,19.44365376183512,19.662839870424616,57700
2022-08-18,19.936824798583984,19.973356692648977,19.626310666777893,19.726771633520038,72500
2022-08-19,19.909425735473633,19.918558708924486,19.64457647314524,19.790700564485714,104600
2022-08-22,19.388858795166016,19.77243497739915,19.1879386014007,19.75416903016505,70900
2022-08-23,19.26099967956543,19.608043949873913,19.22446778693479,19.34319469604785,50200
2022-08-24,19.26099967956543,19.34319469604785,19.08747667344293,19.28839859903841,45200
2022-08-25,19.589778900146484,19.608043103737142,19.3066619702858,19.334060888576445,44600
2022-08-26,19.114877700805664,19.580648931590044,19.078345804146476,19.580648931590044,50600
2022-08-29,18.877424240112305,19.15140647759652,18.81349516749509,19.014415358854414,33600
2022-08-30,18.804365158081055,18.85916126582798,18.667374017745313,18.85916126582798,34400
2022-08-31,18.740432739257812,18.859157908563777,18.44818456071709,18.767829917285663,106300
2022-09-01,18.612571716308594,18.74956456581526,18.411651541334695,18.667369552885837,50600
2022-09-02,18.51211166381836,18.895687792855288,18.347721645383054,18.649102765202326,47400
2022-09-06,17.964147567749023,18.886556977241618,17.872819575751787,18.512113777795864,44500
2022-09-07,18.30205726623535,18.37511929807529,17.84541913175167,17.85455036153745,54700
2022-09-08,18.384254455566406,18.548644497811452,18.073742060359404,18.155935339545312,51700
2022-09-09,18.4755859375,18.630843035375502,18.393390900863736,18.521250814485114,39600
2022-09-12,18.502979278564453,18.612571466374426,18.429917239378998,18.612571466374426,115400
2022-09-13,18.018943786621094,19.2062042066483,17.863686721768943,18.365989810143112,66900
2022-09-14,17.936750411987305,18.028078412968373,17.872821333881575,17.964149334862647,56800
2022-09-15,18.34772491455078,18.439052912391556,17.836290565353792,17.836290565353792,46000
2022-09-16,18.256397247314453,18.33859227266595,17.936750120051606,18.228998324885055,102000
2022-09-19,18.52124786376953,18.60344288731088,18.08287382423678,18.08287382423678,39800
2022-09-20,18.52124786376953,18.585176939426876,18.174201821720132,18.274662793145485,45000
2022-09-21,18.42078399658203,18.840890280253063,18.411651024075738,18.65823605593642,64600
2022-09-22,18.155935287475586,18.40252035013597,18.018944166643134,18.40252035013597,57600
2022-09-23,17.964147567749023,18.01894366617274,17.772358610361174,17.99154648792916,51500
2022-09-26,17.80889129638672,18.119405437832494,17.744962221724936,17.80889129638672,61700
2022-09-27,17.909351348876953,18.128537483034254,17.662766294723784,17.973280420264096,88600
2022-09-28,18.073741912841797,18.201600059350316,17.881952951142416,17.881952951142416,56400
2022-09-29,17.671899795532227,17.763227789641228,17.53490867533703,17.58057180142323,54800
2022-09-30,17.443578720092773,17.872817979629257,17.425312774937247,17.60796874261972,62200
2022-10-03,17.69016456604004,17.772357839140604,17.452712493925944,17.480109670980635,57000
2022-10-04,18.34772491455078,18.356857888528527,17.74496256751302,17.74496256751302,48500
2022-10-05,18.183334350585938,18.32032547248948,18.092006355338036,18.165068403149032,41300
2022-10-06,17.89108657836914,18.21073369825494,17.81802452884696,18.19246775039023,58700
2022-10-07,17.58057403564453,17.854556310853873,17.42531694850942,17.744964097544866,57200
2022-10-10,17.662763595581055,17.827153606561836,17.53490547234546,17.53490547234546,41100
2022-10-11,17.699298858642578,17.881954866305787,17.498378643762482,17.82715876078154,42500
2022-10-12,17.635366439819336,17.78149052151102,17.516641276671017,17.65363238551491,44000
2022-10-13,18.676504135131836,18.694768340295095,17.35225258331476,17.43444760332749,56300
2022-10-14,18.603443145751953,18.904824322278163,18.52124812106874,18.904824322278163,71900
2022-10-17,19.00528335571289,19.050948225582857,18.813496128069037,18.886558177924314,53500
2022-10-18,18.850027084350586,19.27926816971491,18.758700824596833,19.20620611674986,55500
2022-10-19,18.8682918548584,18.94135390326114,18.439052538234375,18.685635862883228,48500
2022-10-20,18.22899627685547,19.16967160467278,18.092005163972843,18.80436138967361,45400
2022-10-21,18.630836486816406,19.04181152554396,18.165065356903956,18.34772131676872,53900
2022-10-24,19.08747673034668,19.14227282751948,18.795228556176387,18.81349450254616,51300
2022-10-25,20.082950592041016,20.265606593964172,19.571516225367606,19.598913406300365,110700
2022-10-26,20.201675415039062,20.5213207722586,19.79983329775893,20.338666531266945,79000
2022-10-27,20.493925094604492,20.740508425093257,20.14687905001979,20.393464122445234,80300
2022-10-28,21.206275939941406,21.261073774412182,20.62177964107747,20.62177964107747,92900
2022-10-31,21.124082565307617,21.160614457782597,20.731375172820638,21.041889291111932,104200
2022-11-01,21.160615921020508,21.30674001715176,21.060154951704032,21.206279047835288,47900
2022-11-02,20.76790428161621,21.188012314322815,20.548718163570495,21.06928541167112,89900
2022-11-03,20.657243728637695,20.71257513991748,20.24225550560854,20.574245732241092,41700
2022-11-04,21.441112518310547,21.441112518310547,20.795572943209987,20.961568934461777,63700
2022-11-07,21.59788703918457,21.643996256544145,21.36733743447891,21.588664843921876,52300
2022-11-08,21.579442977905273,21.902212781208604,21.44111356476211,21.625553954922275,76900
2022-11-09,21.551774978637695,21.690104371421405,21.413443826900323,21.5609954137301,69300
2022-11-10,22.354087829589844,22.520083814294708,21.71777047453913,22.114316047122127,102400
2022-11-11,22.169647216796875,22.575413188449264,21.920653262178178,22.501637397334864,103700
2022-11-14,22.62152671813965,23.027292735727283,21.782326339603046,22.18809235719068,168700
2022-11-15,22.72296905517578,22.99040744773795,22.630750618109868,22.852078033185148,58800
2022-11-16,22.67685890197754,22.824410505946133,22.520085102891674,22.805966115711595,150900
2022-11-17,22.473976135253906,22.676859153220047,22.271091358333877,22.473976135253906,74400
2022-11-18,22.45553207397461,22.805966702680877,22.33564529331837,22.805966702680877,61300
2022-11-21,22.704524993896484,22.704524993896484,22.344866427954788,22.344866427954788,49600
2022-11-22,22.639970779418945,22.73219097431767,22.473976539345934,22.713746583547145,54400
2022-11-23,22.575416564941406,22.750634754652214,22.54775173848182,22.56619436980359,29000
2022-11-25,22.7137451171875,22.759856091136978,22.547750887830787,22.695302486561513,73700
2022-11-28,22.224979400634766,22.69530074510798,22.012874213603805,22.67685635694346,119700
2022-11-29,22.224979400634766,22.27108861209239,22.08665000730821,22.188090624305726,45200
2022-11-30,22.630746841430664,22.658411664352084,21.763879957835425,22.095870145567964,92600
2022-12-01,22.916629791259766,23.018070415627587,22.464752802119342,22.888963207002835,82800
2022-12-02,22.861297607421875,22.990404811673958,22.593859245524,22.769077421975926,54400
2022-12-05,22.3079776763916,22.639967872870205,21.948319138355387,22.639967872870205,62800
2022-12-06,22.289535522460938,22.46475371194359,22.012876704502112,22.26186893708351,112400
2022-12-07,21.920652389526367,22.3817515053736,21.86531922917815,22.178866768670556,70800
2022-12-08,21.91143226623535,22.271089047709932,21.717769704627248,21.948319284332225,69300
2022-12-09,21.892988204956055,21.985208390007248,21.6993273994069,21.791545825504368,39100
2022-12-12,22.188093185424805,22.344866985011905,21.671662569883598,21.86532339110385,70900
2022-12-13,21.64399528503418,22.584638052160628,21.49644368536185,21.87454487939142,131500
2022-12-14,21.5333309173584,21.846878483868824,21.487219946428226,21.57021793514885,85900
2022-12-15,21.256671905517578,21.496443694829164,21.136786890338694,21.302782879781624,61500
2022-12-16,21.11834144592285,21.330446640082872,20.998456436731367,21.109119251530625,184600
2022-12-19,21.164451599121094,21.616328553136608,20.99845562439016,21.192116422273813,98600
2022-12-20,21.13678550720215,21.348890698075692,21.02612093516386,21.210561302243107,104500
2022-12-21,21.782323837280273,21.782323837280273,21.146006540636726,21.146006540636726,84100
2022-12-22,21.726991653442383,21.754658235917766,21.422666282027894,21.625551035606676,93300
2022-12-23,22.33564567565918,22.48319728595117,21.80077064861222,21.902213040295695,101600
2022-12-27,22.105093002319336,22.58463654881041,22.068205984333552,22.344864775564872,99000
2022-12-28,22.04054069519043,22.547750854154327,22.022096305638186,22.151205273550094,96100
2022-12-29,22.234201431274414,22.280310642393097,22.012874051788163,22.09587028001106,87000
2022-12-30,22.05898666381836,22.261869686554864,21.96676646840943,22.05898666381836,270400
2023-01-03,22.271087646484375,22.307976421214025,21.8745421129086,22.105091678108135,95900
2023-01-04,22.344865798950195,22.639968992166857,22.289534389960515,22.40019896689365,86100
2023-01-05,22.17886734008789,22.28030971105298,22.022093566302562,22.2065339209748,76400
2023-01-06,22.649192810058594,22.732190808968348,22.35408959569232,22.390978376965055,60400
2023-01-09,22.077430725097656,22.80596656414867,22.003654921662694,22.75985734660953,93400
2023-01-10,22.26186752319336,22.3817542932608,21.99443091734571,22.197313920366472,68900
2023-01-11,22.243423461914062,22.390975047154484,22.11431450561346,22.289532672694076,76500
2023-01-12,22.418642044067383,22.556971448775435,22.289534834200378,22.35408843913388,69700
2023-01-13,22.381757736206055,22.464755740880562,21.902214100076467,22.215761726857043,48700
2023-01-17,22.04054069519043,22.307979066836563,22.012875869815865,22.252645898179832,124500
2023-01-18,21.395000457763672,22.040538188078045,21.385778264036574,22.00365117212326,77900
2023-01-19,21.348894119262695,21.45955870903512,21.09990011149022,21.20134250553545,86000
2023-01-20,21.5148868560791,21.616329234714033,21.21056147912802,21.616329234714033,78500
2023-01-23,21.58866310119629,21.68088328742494,21.348891320583295,21.60710749023277,131700
2023-01-24,21.4134464263916,21.634773833504372,21.256672626484153,21.634773833504372,62300
2023-01-25,21.164451599121094,21.302780991745653,21.081453611755627,21.26589221560382,55200
2023-01-26,19.956375122070312,21.819216527748395,19.85493448242234,21.70855369195896,154200
2023-01-27,19.937931060791016,20.35291930371112,19.735046278117515,19.928708865310043,86500
2023-01-30,19.928709030151367,20.362141667618573,19.901042443479607,19.99326264009819,84200
2023-01-31,20.44513702392578,20.50969062552204,19.873373286016278,19.928706452201975,141800
2023-02-01,20.62957763671875,20.832460638265694,20.186921096778725,20.306807865975266,119300
2023-02-02,20.93390464782715,20.943125084064143,20.537359049388996,20.657244068962587,70000
2023-02-03,21.24744987487793,21.330446104416243,20.75868413808657,20.860126514899832,54900
2023-02-06,21.127565383911133,21.256672598149684,20.98001377936597,21.13678757906444,69900
2023-02-07,21.38578224182129,21.505667264665124,20.518915218725343,21.016903218893415,78300
2023-02-08,21.5148868560791,21.560996068756587,21.25667069180551,21.27511508045799,72000
2023-02-09,21.229007720947266,21.616331121691836,21.219785525815983,21.52411092933287,71400
2023-02-10,21.13678550720215,21.321225874281396,21.072231906410522,21.118341118703484,48500
2023-02-13,21.164451599121094,21.385778979111123,21.072231417720168,21.238227392451105,46400
2023-02-14,20.91545867919922,21.210561867223646,20.758684890692024,21.210561867223646,69800
2023-02-15,21.111103057861328,21.120419733234154,20.79434320308175,20.79434320308175,82200
2023-02-16,20.971355438232422,21.23221700477554,20.952722088413474,21.055203735443637,51500
2023-02-17,21.2788028717041,21.334701155402264,21.008624576043236,21.083156213298924,68400
2023-02-21,20.91546058654785,21.222903800947726,20.878193880814855,21.21358712451448,51000
2023-02-22,20.79434585571289,21.064524145067768,20.654599261241977,20.980675832990347,67300
2023-02-23,20.85955810546875,20.999306458763776,20.75707823055296,20.88750813152258,53800
2023-02-24,20.719812393188477,20.84092740083159,20.570749135300186,20.79434402213262,68800
2023-02-27,20.617328643798828,21.073836823829552,20.55211369721559,20.924771804101262,30200
2023-02-28,20.542800903320312,20.831612545570607,20.49621929752477,20.61733253877779,123200
2023-03-01,20.496219635009766,20.580067948401847,20.4030546449103,20.458952928180224,43000
2023-03-02,20.486900329589844,20.53348370714957,20.244672097201743,20.486900329589844,65100
2023-03-03,20.617328643798828,20.69186026517596,20.291253910882627,20.55211369721559,43500
2023-03-06,20.25398826599121,20.719811368089374,20.095608340198872,20.580064792854746,125400
2023-03-07,19.946544647216797,20.32851944030612,19.834748100298693,20.179456193099266,61000
2023-03-08,20.01175880432129,20.18877206974417,19.806797291761217,19.899962261824523,61300
2023-03-09,19.08011817932129,19.91859959859512,18.931054894871476,19.881334665969923,94500
2023-03-10,18.65155792236328,19.21986091344606,18.297531360402708,18.707456198524472,120600
2023-03-13,17.142292022705078,18.465229875137418,16.965278723421882,18.29753325234011,197700
2023-03-14,17.1236572265625,18.716773231895786,16.946645719172064,17.83170858704683,183600
2023-03-15,17.216821670532227,17.356568247742967,16.378340430293644,16.657833584715124,167600
2023-03-16,18.045988082885742,18.353431264740987,16.732365276441538,17.021176884376878,123500
2023-03-17,17.1236572265625,17.878291965550254,16.89074566496795,17.86897528984957,224500
2023-03-20,16.788267135620117,17.608115116462216,16.73236707692286,17.33793860732281,136200
2023-03-21,17.375202178955078,17.65469711968678,17.179557319719663,17.179557319719663,125800
2023-03-22,16.238595962524414,17.46836884488868,16.238595962524414,17.319305572903577,150400
2023-03-23,15.837985038757324,16.667149569213507,15.716871817388357,16.40628977642679,119500
2023-03-24,16.52740478515625,16.667151371686934,15.325582008623272,15.67960681296595,147200
2023-03-27,16.406291961669922,16.909380041177673,16.341077004786907,16.592620156053634,145800
2023-03-28,16.387657165527344,16.53672041869284,16.154745610334487,16.40629051641657,136900
2023-03-29,16.573986053466797,16.573986053466797,16.23859286694939,16.43423770776852,89400
2023-03-30,16.229276657104492,16.695099750848048,16.042946708817436,16.620568126928042,96800
2023-03-31,16.555356979370117,16.62057194315227,16.03363371516391,16.294495347267013,427300
2023-04-03,16.834848403930664,16.946646742113114,16.443556885753544,16.639203533329255,133800
2023-04-04,16.154747009277344,16.7696334260755,15.931152110166588,16.7603167498241,91800
2023-04-05,16.01500129699707,16.164064571238832,15.90320295282855,15.93115298311428,58400
2023-04-06,16.08953094482422,16.117479194680058,15.949784364622495,15.959099263258324,60900
2023-04-10,16.061582565307617,16.303810825088714,15.940469323904248,16.070899241873164,84900
2023-04-11,15.903203964233398,16.05226724795522,15.800722290309205,16.05226724795522,67800
2023-04-12,15.726187705993652,16.014999319019164,15.679606104911693,15.865936063187883,60600
2023-04-13,15.940467834472656,15.996366111668594,15.698239597324669,15.726187847435542,67700
2023-04-14,15.819353103637695,16.108164724303812,15.530543259945805,16.108164724303812,89100
2023-04-17,15.996366500854492,16.108164834940574,15.521226690693558,15.735504905969792,141200
2023-04-18,15.893884658813477,15.987049639978345,15.698239797644048,15.987049639978345,98300
2023-04-19,16.126794815063477,16.21064311309289,15.539858505831646,15.89388327097601,68600
2023-04-20,16.108163833618164,16.17337878404186,15.856618930291797,15.94978390674313,75200
2023-04-21,16.01500129699707,16.164064571238832,15.8566213459934,16.070899580594133,81100
2023-04-24,16.126794815063477,16.247909813094434,16.014998269006966,16.02431494400735,72500
2023-04-25,15.62370777130127,16.108164239475148,15.586441068992123,15.977732558367304,96500
2023-04-26,15.921834945678711,16.00568325239586,15.57712504284441,15.57712504284441,103400
2023-04-27,16.499454498291016,16.76031609217152,15.837986503165274,15.91251813327767,115000
2023-04-28,16.601938247680664,16.974596445192542,16.47150832279512,16.47150832279512,85700
2023-05-01,16.201326370239258,16.92801102445937,16.024314876895453,16.6578327815019,87700
2023-05-02,14.850440979003906,16.14542959899817,14.738643534531231,16.14542959899817,110900
2023-05-03,15.157886505126953,15.549178042280563,14.897024888033084,14.897024888033084,129100
2023-05-04,14.808232307434082,14.96888327168332,14.080577833925505,14.902733192719715,93400
2023-05-05,15.4224853515625,15.450836157872498,14.883832648853838,15.356335272626977,105300
2023-05-08,15.14843463897705,15.516986105618727,15.138984370286948,15.516986105618727,80400
2023-05-09,14.91218376159668,15.082285008323339,14.846033677304005,14.99723438496001,65600
2023-05-10,14.779882431030273,15.167333538017248,14.638131102826652,15.167333538017248,74100
2023-05-11,14.562530517578125,14.855482536775472,14.373529650947846,14.534180612890388,88200
2023-05-12,14.7042818069458,14.836581962644752,14.354629078014296,14.675931001101267,91900
2023-05-15,15.101183891296387,15.19568477947118,14.638131521939872,14.732632410114666,121100
2023-05-16,15.063382148742676,15.318533078299422,15.053932781890328,15.167332393935844,78700
2023-05-17,15.998941421508789,16.036740699549792,15.195686485521763,15.318536392223438,109100
2023-05-18,16.017839431762695,16.121788781797857,15.80048685815221,15.904438010641814,73900
2023-05-19,15.592586517333984,16.244640640018837,15.535886707412747,16.244640640018837,69900
2023-05-22,16.197391510009766,16.320243217825674,15.573688108273537,15.668189006026992,68300
2023-05-23,16.065088272094727,16.452540256813606,16.017838733452663,16.1690394200525,85700
2023-05-24,15.904438972473145,16.093440751619806,15.847739159710965,15.97058905443811,114200
2023-05-25,15.876089096069336,15.923340444854782,15.649288029263165,15.781590003407755,36000
2023-05-26,16.159589767456055,16.17849030461467,15.602036538457979,15.838287845577351,59600
2023-05-30,15.932787895202637,16.169039189959715,15.791035676384922,16.169039189959715,80800
2023-05-31,15.450838088989258,15.819389604810139,15.41303700918471,15.819389604810139,80200
2023-06-01,15.724886894226074,15.961138208393916,15.365785689770927,15.564235928493762,59000
2023-06-02,16.698244094848633,16.726594903363445,15.923340019989793,15.923340019989793,80900
2023-06-05,16.376941680908203,16.726594432938718,16.131240088053836,16.726594432938718,57400
2023-06-06,17.340848922729492,17.397548740316527,16.272991843854612,16.272991843854612,122900
2023-06-07,18.049602508544922,18.266953306010905,17.52040001831546,17.52040001831546,130700
2023-06-08,17.82280158996582,17.90785221619752,17.47314881518498,17.671600877210505,106200
2023-06-09,17.454246520996094,17.784998722822017,17.350297167959855,17.558197676486824,111900
2023-06-12,17.293596267700195,17.917299621456294,17.142395563908085,17.501498587255274,48000
2023-06-13,17.652698516845703,17.69049778990867,17.255796236184874,17.255796236184874,61500
2023-06-14,17.312496185302734,17.82279989413786,17.236895836118403,17.82279989413786,56600
2023-06-15,17.35974884033203,17.539298556662562,17.19909786088312,17.246347406769125,75900
2023-06-16,16.925045013427734,17.558198645303033,16.79274484637918,17.529847837026377,169000
2023-06-20,16.59429359436035,16.9344961002835,16.547044047406438,16.9344961002835,77000
2023-06-21,16.21628761291504,16.603739565479522,16.19738707804501,16.603739565479522,130200
2023-06-22,16.52814292907715,16.726594984737087,15.809938665299319,16.206840974164578,119800
2023-06-23,16.830541610717773,16.858892414764842,16.301339219019425,16.301339219019425,206200
2023-06-26,16.49034309387207,17.095145904974853,16.46199228618117,16.83999404312041,54100
2023-06-27,16.47144317626953,16.783294862805846,16.036739787563217,16.528142991333965,33900
2023-06-28,16.27298927307129,16.47144130695679,16.1406891187839,16.47144130695679,87100
2023-06-29,16.39583969116211,16.679340514802956,16.291888548015137,16.405289958944042,95200
2023-06-30,16.02728843688965,16.509241338564767,15.980038894598843,16.509241338564767,79600
2023-07-03,16.461990356445312,16.490341160812825,16.065088107571835,16.065088107571835,23600
2023-07-05,16.09343910217285,16.461990551035303,16.09343910217285,16.310789864196636,88000
2023-07-06,15.772137641906738,16.017839215641477,15.54533660517954,16.017839215641477,38900
2023-07-07,16.112340927124023,16.291892453109885,15.677639319684765,15.696539859779005,101000
2023-07-10,16.017839431762695,16.471441511337336,15.951687551343758,16.02728789793953,38300
2023-07-11,16.140689849853516,16.18793939210928,15.885537995781593,16.027288425003384,120600
2023-07-12,16.5375919342041,16.736042172236402,16.41474204434427,16.41474204434427,146200
2023-07-13,16.839994430541992,16.92504505311682,16.537593018033544,16.66989318539234,76800
2023-07-14,16.736042022705078,17.114045562644556,16.490342245180667,17.00064414017182,57700
2023-07-17,17.132944107055664,17.217994722350323,16.698242564398033,16.698242564398033,36800
2023-07-18,17.95509910583496,17.973999642745948,17.123495308749913,17.123495308749913,60800
2023-07-19,18.408702850341797,18.50320374103256,17.558198439034054,17.983451545915212,71100
2023-07-20,18.304750442504883,18.35199997874936,17.87004713874774,18.304750442504883,63600
2023-07-21,18.257503509521484,18.54100620276316,18.134653604168385,18.42760476497555,68700
2023-07-24,18.748905181884766,18.80560499485179,18.333102347732627,18.333102347732627,52100
2023-07-25,18.77725601196289,19.438758637244963,18.455954067342763,18.748905204218328,66800
2023-07-26,19.656110763549805,20.090814166349535,19.23085943309765,19.23085943309765,75300
2023-07-27,19.297006607055664,19.949060711601895,19.278106070122867,19.83565929245952,84900
2023-07-28,19.57105827331543,19.778960586252254,19.22140733284724,19.47655918829452,47300
2023-07-31,19.523807525634766,19.75060856010304,19.306456759576136,19.57105706522859,59300
2023-08-01,19.514360427856445,19.533260967746635,19.136358642326126,19.325360436318633,54000
2023-08-02,19.58995819091797,19.608858728305403,19.202506186747808,19.259205996455663,50900
2023-08-03,19.75241470336914,19.857532152100053,18.29033400924656,19.51351273638242,53100
2023-08-04,19.972200393676758,20.115541182908427,19.695075110852468,19.695075110852468,46100
2023-08-07,20.316221237182617,20.40222608156977,19.828861059881145,19.85752994890258,54300
2023-08-08,20.067764282226562,20.096433173079276,19.609072964646785,19.933979770268447,70700
2023-08-09,19.69507598876953,19.95308869181676,19.60907114686142,19.95308869181676,139800
2023-08-10,19.599515914916992,20.01042755463721,19.523067364923268,19.790636378562702,80500
2023-08-11,19.47528648376465,19.73330103146973,19.37972716032774,19.532624265039505,69400
2023-08-14,19.57084846496582,19.67596591244449,19.064377467500975,19.47528731477406,82200
2023-08-15,19.064376831054688,19.6759652555809,19.045264237118925,19.35105844938203,76000
2023-08-16,18.63435173034668,19.064375960887098,18.557903180770293,18.940145928652225,67100
2023-08-17,18.510122299194336,18.806360181417656,18.347668914231146,18.634350500553445,95800
2023-08-18,18.58657455444336,18.739471674030685,18.32855998163571,18.32855998163571,58400
2023-08-21,18.28077507019043,18.68213038963754,18.252108004808054,18.586571074793497,45400
2023-08-22,17.936758041381836,18.299888187166115,17.802971715943713,18.299888187166115,56700
2023-08-23,18.051429748535156,18.16610348009568,17.869865589023597,17.908088951092353,34900
2023-08-24,18.060985565185547,18.213882654755263,17.93675736341406,17.98453702040069,31600
2023-08-25,17.936758041381836,18.42411821631029,17.650074620594843,18.185216276993035,35800
2023-08-28,18.175661087036133,18.32855819169172,18.022763982380546,18.022763982380546,138700
2023-08-29,18.137435913085938,18.366781570240683,17.974982511433332,18.146992209968708,37000
2023-08-30,18.022762298583984,18.099210843769487,17.94631375339848,18.099210843769487,34400
2023-08-31,18.2425537109375,18.27122260214343,18.01320804932197,18.051431414919243,59600
2023-09-01,18.605682373046875,18.78724835723058,18.3572241375,18.3572241375,40000
2023-09-05,18.185216903686523,18.51967817211506,18.118322827323603,18.51967817211506,47700
2023-09-06,17.793415069580078,18.328554837955416,17.745633593944916,18.213881119107953,59600
2023-09-07,17.822086334228516,17.908091187972396,17.564071772996872,17.726525183104496,107700
2023-09-08,17.994094848632812,18.108768586913758,17.7074132369463,17.946315187577472,41900
2023-09-11,18.051429748535156,18.16610348009568,17.97498120172052,18.156547183909208,59300
2023-09-12,18.022762298583984,18.30944388736035,17.955870049381307,18.108767139752313,46300
2023-09-13,17.97498321533203,18.099213256995643,17.755193846453125,17.755193846453125,38000
2023-09-14,18.567459106445312,18.586571699126964,18.051430040103707,18.051430040103707,57200
2023-09-15,18.032320022583008,19.312832800177333,17.95587147134339,18.55790358452074,121000
2023-09-18,17.51629066467285,17.994094558223857,17.497178071488282,17.994094558223857,36500
2023-09-19,17.49717903137207,17.774306179719726,17.344281922862088,17.535404219838217,34000
2023-09-20,17.363393783569336,17.82208508972162,17.35383748685651,17.64051909753238,47900
2023-09-21,17.267833709716797,17.47806860507899,16.847365741669748,16.847365741669748,56100
2023-09-22,17.277389526367188,17.372950674084475,17.095823527972076,17.35383808000556,48200
2023-09-25,17.573625564575195,17.71696818216085,17.382505112256148,17.611850748645264,44900
2023-09-26,17.286945343017578,17.535403591107166,17.191384197955852,17.344281300983717,56000
2023-09-27,17.34427833557129,17.53540059301789,17.17226866840473,17.420726874014544,60300
2023-09-28,17.334726333618164,17.62140979078923,17.28694666876168,17.392064118658805,52800
2023-09-29,17.52584457397461,17.783859078789128,17.47806492019872,17.48761939281233,41700
2023-10-02,17.334726333618164,17.554517530919195,17.277390371254903,17.420731188501744,42700
2023-10-03,17.067153930664062,17.286943261973185,16.971592797106222,17.229607310909287,37100
2023-10-04,17.057600021362305,17.172271939532454,16.83781065930512,17.086267089566203,97500
2023-10-05,17.277389526367188,17.306058417485563,16.608463315023485,17.07671275657045,46100
2023-10-06,17.25827407836914,17.439840046739548,16.990705096220108,17.124489587294626,34400
2023-10-09,17.29650115966797,17.420729368925763,16.95248177606609,17.315613752685227,31500
2023-10-10,17.535404205322266,17.697857610814303,17.4016178684788,17.411174165587425,42400
2023-10-11,17.55451774597168,17.669189672102995,17.40161880666759,17.40161880666759,27100
2023-10-12,17.334726333618164,17.564072005748585,17.114936958994516,17.564072005748585,124300
2023-10-13,16.895143508911133,17.47806475746993,16.69446495503149,17.47806475746993,39300
2023-10-16,17.4016170501709,17.43984223680787,17.03848689050575,17.086266551124748,60300
2023-10-17,18.022762298583984,18.118321613058047,17.258275024051862,17.258275024051862,64700
2023-10-18,17.630964279174805,17.936758477304352,17.60229538959621,17.879420698147168,39900
2023-10-19,17.630964279174805,17.869866224298164,17.573626500017618,17.621407982648606,51000
2023-10-20,17.191383361816406,17.669187241208782,17.1818270655073,17.669187241208782,56000
2023-10-23,17.11493492126465,17.458954299839508,16.885589276440463,16.99070671382215,36200
2023-10-24,16.971595764160156,19.1121571457645,16.149772423635532,19.1121571457645,61600
2023-10-25,17.716968536376953,17.726523009908398,16.847363808167838,16.914257881627872,61100
2023-10-26,18.25210952758789,18.424119224941354,17.783861919613052,17.783861919613052,44000
2023-10-27,18.08009910583496,18.280775862922162,17.802971977273963,18.23299620342821,148700
2023-10-30,18.75857925415039,18.85414039329676,18.328556862007417,18.6343510491341,63700
2023-10-31,19.064376831054688,19.20771764021836,18.78724968701795,18.79680598398583,73200
2023-11-01,19.236385345458984,19.28416683188068,18.835029972903428,19.13126972068593,64100
2023-11-02,19.63271141052246,19.719710281478807,19.313716164930277,19.449048766275315,54100
2023-11-03,20.34803581237793,20.560700557265548,19.690713615093202,20.135372911233762,90100
2023-11-06,20.560701370239258,20.69603214506896,20.04837482535841,20.222372589421475,79500
2023-11-07,20.618698120117188,20.879694742284794,20.328703102426527,20.580032978172,79800
2023-11-08,20.067707061767578,20.473701204545144,19.85504416554825,20.473701204545144,46900
2023-11-09,19.893707275390625,20.29003463095956,19.826041899133962,20.1643706241605,39400
2023-11-10,20.125703811645508,20.357700179521903,19.65204433009663,20.096705418000482,54200
2023-11-13,20.193370819091797,20.27070294796184,19.352384148098,20.009708165365062,86900
2023-11-14,21.575685501098633,21.633684140216307,20.966695181004308,20.966695181004308,85800
2023-11-15,21.401687622070312,21.72068290107498,21.140692825607214,21.54668698468074,87200
2023-11-16,21.073022842407227,21.488683694257475,21.015024211187708,21.382353177645562,43100
2023-11-17,21.256689071655273,21.45968706321266,20.937693808130863,21.33402120088109,84700
2023-11-20,21.401687622070312,21.440354610431356,20.94736157128897,21.295357091564416,145400
2023-11-21,20.82169532775879,21.45968581778128,20.792695089578388,21.26635458406519,42400
2023-11-22,20.78302764892578,21.06335774407083,20.589696421671043,21.05369099833377,46700
2023-11-24,20.792695999145508,20.986025397575418,20.72503061750787,20.734697363990872,26800
2023-11-27,20.62836265563965,20.83135877751779,20.435031435404426,20.83135877751779,37400
2023-11-28,20.541362762451172,20.71536048320259,20.135368695278885,20.135368695278885,37200
2023-11-29,20.976360321044922,21.092357590393146,20.73469719220221,20.73469719220221,52900
2023-11-30,20.899030685424805,21.16002549444925,20.78303155850227,21.16002549444925,128100
2023-12-01,21.85601043701172,21.865677181855318,20.860357843037576,20.889358077568378,91600
2023-12-04,22.126676559448242,22.184677040677325,19.816377525716295,21.77868289079096,61800
2023-12-05,21.962343215942383,22.19433958497161,21.74001359275728,21.98167670763063,41700
2023-12-06,21.711013793945312,22.648667878597017,21.672348653530747,22.18467513116254,90300
2023-12-07,22.27167320251465,22.281338104463984,21.343685897204928,21.875344004092835,39700
2023-12-08,22.503671646118164,22.68733430000825,22.213674779790036,22.397339277423512,41600
2023-12-11,22.61966896057129,22.677667596449602,22.368339080107415,22.45533795579658,48100
2023-12-12,22.329673767089844,22.7356679026276,22.310340274030096,22.7356679026276,46300
2023-12-13,23.682985305786133,23.69265205164993,22.25234010532274,22.523001614536042,172600
2023-12-14,24.233976364135742,25.026631069555272,23.91498113283902,24.41764084389543,121500
2023-12-15,23.86665153503418,24.765638684932714,23.779652659641197,24.243645432574834,236200
2023-12-18,23.84731674194336,24.11798009993878,23.412322388690587,24.069646369719983,62300
2023-12-19,24.649639129638672,24.688306115230993,23.8183173768373,23.8183173768373,93400
2023-12-20,24.68830680847168,25.596958870485683,24.620639581785042,24.717305204736835,98600
2023-12-21,25.084630966186523,25.152296340397953,24.620636404642262,24.929966726919492,140000
2023-12-22,25.432626724243164,25.693623341387426,25.248964076987566,25.345627851861746,115000
2023-12-26,25.732288360595703,25.867619110076053,25.384292897654024,25.58728902187455,49000
2023-12-27,25.94495391845703,26.00295255370879,25.54862653070715,25.693624040708237,59200
2023-12-28,25.761287689208984,26.089949673095145,25.664622074464244,25.78062118090658,47700
2023-12-29,25.152297973632812,25.838620349477907,25.142631227583028,25.819286857378337,53100
2024-01-02,24.89130210876465,25.38429510964375,24.697970869451662,24.968634235741174,67800
2024-01-03,24.47564125061035,25.74195552206949,24.320976996557786,24.794636505061685,72100
2024-01-04,24.63030433654785,24.85263396073631,24.47564008983038,24.533638721413617,48300
2024-01-05,24.562641143798828,24.997635528721784,24.18564723936121,24.504642507056907,107100
2024-01-08,24.84296989440918,24.88163503551777,24.272644774046757,24.417642279754777,83500
2024-01-09,24.591638565063477,24.755969553447585,24.16631097564404,24.53363809122682,77500
2024-01-10,24.66897201538086,24.688305507701262,24.282311387689358,24.446642384926157,75400
2024-01-11,24.465972900390625,24.562638513772374,24.166311158276105,24.562638513772374,69400
2024-01-12,24.388643264770508,24.71730527752846,23.972982375474075,24.610972907594,74000
2024-01-16,24.05031394958496,24.32097731964419,23.634654913636552,24.04064904685371,126700
2024-01-17,24.11798095703125,24.185646337998943,23.702320081094456,23.702320081094456,84600
2024-01-18,24.32097625732422,24.349976495481368,23.992314266516328,24.185645500077424,61100
2024-01-19,24.929967880249023,25.074965380801956,24.185645042002513,24.47564004310838,69600
2024-01-22,25.712955474853516,25.712955474853516,25.113630146095783,25.113630146095783,119700
2024-01-23,25.384294509887695,25.906285893710287,25.219963513477317,25.906285893710287,105200
2024-01-24,25.761287689208984,26.176948541991084,25.37462707397328,25.761287689208984,92400
2024-01-25,24.871967315673828,25.683955528344864,23.315658111173715,25.683955528344864,155100
2024-01-26,24.978300094604492,25.78062157488329,24.90096797037557,25.181296229301687,63800
2024-01-29,25.41329574584961,25.422960648597304,24.842970609080336,24.87196900481016,172600
2024-01-30,26.09961700439453,26.47661088223793,25.48096000614007,25.48096000614007,143800
2024-01-31,24.591638565063477,25.819285761381355,24.5046396980517,25.70328850119446,146700
2024-02-01,24.340307235717773,25.22962749951759,23.740981948567487,24.66896919258356,88000
2024-02-02,24.223196029663086,24.311032104024147,23.901131044167837,23.901131044167837,90900
2024-02-05,23.949928283691406,24.20367485754179,23.823053135280425,23.949928283691406,73300
2024-02-06,23.41315269470215,24.067042408807847,22.251766097099463,23.881610497244363,71200
2024-02-07,23.79377555847168,23.99872702026226,22.964215525064166,23.559546646058106,124900
2024-02-08,23.60834312438965,23.969445296640323,23.266758630095364,23.637620572067103,73600
2024-02-09,24.028005599975586,24.086562360922635,23.23748095050403,23.637622229699616,63300
2024-02-12,24.496463775634766,24.808768987321645,24.06704317882236,24.115840170091225,75600
2024-02-13,23.24724006652832,24.252474052166868,23.081327697277022,23.81329370371172,107000
2024-02-14,23.618104934692383,23.705941008285173,23.344836943349716,23.55954631130659,82900
2024-02-15,24.867324829101562,25.023477429167677,23.862092698861677,23.862092698861677,121300
2024-02-16,24.408626556396484,24.69165244314499,24.232954417697368,24.672134764445158,93000
2024-02-20,24.057281494140625,24.535499044172255,23.959685657882268,24.12559802107575,58500
2024-02-21,23.959686279296875,24.067041888114,23.764496463203496,24.067041888114,79500
2024-02-22,23.969446182250977,24.154878090830955,23.520507927409326,23.89136988308348,157600
2024-02-23,23.62786102294922,24.028004139305853,23.62786102294922,24.008484599681477,49300
2024-02-26,23.383872985839844,23.754736802652285,23.15940385862936,23.422912066129914,61700
2024-02-27,23.657140731811523,23.940168476686292,22.934934506887817,23.540027215059453,68100
2024-02-28,23.3350772857666,23.57906596659769,23.286280294194746,23.413153589173113,55400
2024-02-29,23.862092971801758,24.028005343955478,23.588824987817443,23.793774579691295,76900
2024-03-01,23.764497756958008,23.82305451882531,23.13012756251886,23.705940995090707,86700
2024-03-04,23.666902542114258,24.320792295056854,23.59858600787168,23.666902542114258,44500
2024-03-05,24.067041397094727,24.281750748862653,23.26675888602202,23.6278610622447,52400
2024-03-06,24.086563110351562,24.506223943415442,23.471710586076508,24.06704356893326,83200
2024-03-07,24.106081008911133,24.623335790843132,23.979205859824784,24.428145974420303,53500
2024-03-08,24.047523498535156,24.6721357797796,24.028005819032117,24.408627560886753,42200
2024-03-11,23.862092971801758,24.12559932399873,23.764497130272655,23.92064973212488,41700
2024-03-12,23.79377555847168,23.88161163331251,23.471710571217276,23.813295099877624,57100
2024-03-13,23.657140731811523,24.106080843323213,23.530267445082483,23.725457260164525,52200
2024-03-14,22.983732223510742,23.657141481371895,22.886138243620415,23.657141481371895,59800
2024-03-15,23.383872985839844,23.803533791529066,22.886137742542093,22.94469450149139,200500
2024-03-18,22.95445442199707,23.666900888587648,22.749502972102658,23.41315244949666,65200
2024-03-19,22.983732223510742,23.227720896208247,22.876378473334213,22.964214544424184,58100
2024-03-20,23.871850967407227,24.125599411711093,22.720225989931627,22.876378592351568,54500
2024-03-21,24.135358810424805,24.252474191179406,23.940168991148234,23.969446440222516,75400
2024-03-22,23.647382736206055,24.3012724818411,23.60834551485482,24.096322881403783,45500
2024-03-25,23.842573165893555,24.018245306393997,23.676660795586006,23.74497732545044,59300
2024-03-26,23.559545516967773,24.047522859814567,23.540027837983136,24.047522859814567,40000
2024-03-27,24.467182159423828,24.467182159423828,23.627860585956416,23.627860585956416,51900
2024-03-28,24.740449905395508,24.8185262002713,24.12559745444864,24.418384956347147,101700
2024-04-01,24.028005599975586,24.711172774986796,23.988966518353642,24.642856243634263,81100
2024-04-02,23.657140731811523,23.910889166755386,23.520507675105513,23.676660271765464,36300
2024-04-03,23.559545516967773,23.647381587599064,23.422912456646138,23.461951537587083,40600
2024-04-04,23.647382736206055,24.18415895630147,22.973975310638355,23.910890960899117,50300
2024-04-05,23.81329345703125,23.91088929584205,23.549785250687826,23.549785250687826,83700
2024-04-08,23.98896598815918,24.174397898793337,23.68642055821932,23.85233292847392,47900
2024-04-09,23.930408477783203,24.09632084283295,23.764496112733458,24.008484775366274,29700
2024-04-10,22.593351364135742,23.28628018234026,22.3981615373,23.28628018234026,63400
2024-04-11,22.895896911621094,23.081328830235933,22.446958632484634,22.700707083882335,50500
2024-04-12,22.720226287841797,22.86661912184428,22.554313912909418,22.642149985608082,55700
2024-04-15,22.58359146118164,23.022771826587825,22.261526480379068,22.92517598299913,136800
2024-04-16,22.690946578979492,22.76902287984558,22.212729003488977,22.34936206463317,54700
2024-04-17,22.642148971557617,23.159403752633025,22.573830581362675,22.876377867768596,48200
2024-04-18,23.013011932373047,23.06180892316214,22.622630421602665,22.622630421602665,59500
2024-04-19,23.77425765991211,23.77425765991211,22.866619469227892,22.866619469227892,54500
2024-04-22,23.90113067626953,24.057283281288743,23.71569875975201,23.735218300750883,48400
2024-04-23,24.691654205322266,24.77949028094045,23.9596881494947,23.9596881494947,56800
2024-04-24,24.51598358154297,24.64285687710396,24.0963227507486,24.408627965808805,95200
2024-04-25,24.56477928161621,25.05275661985929,24.38910714201097,25.042996849716133,153700
2024-04-26,24.38910675048828,25.09179343614307,24.340309762041645,24.662374725652484,55000
2024-04-29,24.38910675048828,24.57453865725991,24.350069532028133,24.398866520474765,45600
2024-04-30,24.21343421936035,24.369586813629407,23.979205327956766,24.11583838257075,76300
2024-05-01,24.437908172607422,24.935643463906228,24.389109317538725,24.418388630579944,108700
2024-05-02,24.674402236938477,24.69410879680487,24.408343943989806,24.69410879680487,88900
2024-05-03,24.83206558227539,25.147393088926474,24.75323370561262,24.910897458938162,101700
2024-05-06,24.88133430480957,25.216370243828404,24.83206508768922,25.06856071296719,80200
2024-05-07,24.930604934692383,25.245934332432192,24.89118993466257,24.930604934692383,61800
2024-05-08,25.127685546875,25.255786646212286,24.674402709758162,24.674402709758162,92700
2024-05-09,25.374034881591797,25.659801613486337,25.04885315052228,25.23607956522904,123900
2024-05-10,25.39374351501465,25.60067649114038,25.29520319707372,25.531698832431804,93600
2024-05-13,25.46272087097168,25.649947284883297,25.295202896313963,25.620384626002448,102900
2024-05-14,25.423303604125977,25.600675795701306,25.22622485309798,25.590821576224876,74000
2024-05-15,25.778047561645508,25.8470252173414,25.502135059361784,25.709069905949615,49500
2024-05-16,25.83717155456543,25.994835307980765,25.52184404773476,25.66965358162411,65100
2024-05-17,26.09337615966797,26.22147913663664,25.81746552527435,25.994835841884434,50900
2024-05-20,26.014545440673828,26.290457966863666,25.85688167699401,26.083523102346206,107800
2024-05-21,25.886442184448242,26.300309999560287,25.807610309165003,26.00468905762302,106000
2024-05-22,25.649946212768555,26.044105583870426,25.57111433854818,25.827316520139295,90400
2024-05-23,24.7335262298584,25.630239566633918,24.70396357014592,25.630239566633918,81200
2024-05-24,25.019290924072266,25.019290924072266,24.65469418752429,24.88133560532441,41300
2024-05-28,24.694108963012695,25.167102113493968,24.615277084515856,25.08826835549689,53500
2024-05-29,24.102869033813477,24.4280526483901,24.01418481470196,24.388635769229207,93800
2024-05-30,24.43790626525879,24.703964574992337,24.08316373178107,24.388637043234212,71600
2024-05-31,24.694108963012695,24.970021477501753,24.575862085017558,24.615277084515856,113900
2024-06-03,24.50688362121582,24.989729096084947,24.280240333419965,24.76308580828909,55200
2024-06-04,23.718563079833984,24.33936574970968,22.201048992527085,24.27038621344557,54800
2024-06-05,23.82695770263672,23.964913016675084,23.52148441605169,23.964913016675084,61400
2024-06-06,24.122577667236328,24.122577667236328,23.56090029118185,23.767835149438913,56700
2024-06-07,23.88608169555664,24.073308111462268,23.81710403693358,23.866373256092842,31200
2024-06-10,23.56089973449707,23.689002710272376,23.225863784854266,23.689002710272376,54500
2024-06-11,23.748125076293945,23.76783351467721,23.24557117452153,23.24557117452153,65700
2024-06-12,24.142284393310547,25.117829537132877,24.142284393310547,24.457611888748055,130700
2024-06-13,23.87622833251953,24.152140856411943,23.462360486431066,24.152140856411943,59900
2024-06-14,23.275135040283203,23.551045673970577,23.186448942455055,23.541191454267427,54900
2024-06-17,23.757980346679688,23.757980346679688,23.137177666639825,23.16674032552275,58300
2024-06-18,23.738271713256836,24.024036562120138,23.62002295819258,23.649585616833694,51400
2024-06-20,23.63973045349121,24.00432904417454,23.51162936349444,23.649584672644828,61900
2024-06-21,23.531335830688477,23.886080200837085,23.334257086883785,23.738270673108538,215600
2024-06-24,24.18170166015625,24.38863462756338,23.600315876250285,23.679147751381592,76200
2024-06-25,24.260534286499023,24.408343822009535,23.994475994879974,24.093016311720387,56600
2024-06-26,24.51673698425293,24.753234501344018,24.02403726939696,24.04374570907126,81700
2024-06-27,25.127685546875,25.176954766735435,24.359073312350493,24.59556895078105,67900
2024-06-28,26.605783462524414,27.472934096545135,25.255785474668098,25.344471569903195,970300
2024-07-01,25.975128173828125,26.635345831462608,25.74848488874453,26.58607473492263,91100
2024-07-02,26.073667526245117,26.310165038966357,25.383889065892202,26.063815186090267,101100
2024-07-03,25.669652938842773,26.103229189628067,25.669652938842773,26.103229189628067,39100
2024-07-05,25.13753890991211,25.69921626697695,25.08826781223086,25.6893620474407,123300
2024-07-08,25.571115493774414,25.768194248478707,25.41345173821089,25.45286673735166,57700
2024-07-09,25.975128173828125,25.975128173828125,25.255785200345667,25.511989263853096,54000
2024-07-10,26.526952743530273,26.58607618309862,26.034253028293456,26.034253028293456,93200
2024-07-11,27.541913986206055,28.074028684951074,26.773301777463026,27.039360066585633,136500
2024-07-12,27.857240676879883,28.21198317247695,27.42366442726109,27.857240676879883,93700
2024-07-15,29.207239151000977,29.217093371059377,28.182424698430918,28.182424698430918,194000
2024-07-16,30.774023056030273,30.80358571488581,29.27621550502042,29.561982235456604,126300
2024-07-17,31.414531707763672,31.720004992224155,30.488257634947992,30.488257634947992,189900
2024-07-18,30.97110366821289,32.025480733169516,30.66563037824887,31.089350544553707,141400
2024-07-19,31.020374298095703,31.759423887100844,30.91198163643515,31.010520078035597,146400
2024-07-22,31.798839569091797,31.956503325111754,30.537527641431893,30.96124969054812,129800
2024-07-23,32.784236907958984,33.23751970793793,31.74956833965915,31.74956833965915,128100
2024-07-24,32.75468063354492,33.23752427760188,32.35066699384389,32.51818310247568,141100
2024-07-25,34.61708450317383,35.44482020999696,31.936796736508306,33.62182893143376,191200
2024-07-26,33.78934860229492,35.23788326166582,33.66124561915306,34.67620586658311,158500
2024-07-29,33.76963806152344,34.301754642400766,33.306499138278305,34.301754642400766,127600
2024-07-30,34.28204345703125,34.479124074050425,33.345913345440266,33.78934379398338,176100
2024-07-31,34.18350601196289,35.129492353109946,33.91744770592159,34.17365367129498,120500
2024-08-01,32.961612701416016,34.203214367530954,32.39993530972109,34.18350592724334,105500
2024-08-02,32.311248779296875,32.459056440992306,31.365264332543756,31.70029841548725,122200
2024-08-05,30.981075286865234,31.527042200119013,30.11745775405909,30.92151591403406,134000
2024-08-06,31.00092887878418,31.26894889514859,30.703130122840374,30.921515750975278,91000
2024-08-07,30.81232452392578,31.576675184961758,30.633644509302865,31.517115811206903,94700
2024-08-08,30.871883392333984,31.278875910820354,30.574082741717746,31.249095277751234,49000
2024-08-09,31.080341339111328,31.219315729811026,30.385476959045928,30.782542589563054,165300
2024-08-12,31.18953514099121,31.725573269597,31.08034138243743,31.348361393419466,128100
2024-08-13,31.765281677246094,31.953886673986744,31.00092913248136,31.556822925051165,141900
2024-08-14,31.73550033569336,32.27153846748559,31.169681571384444,31.97373971575194,81200
2024-08-15,32.2913932800293,32.84728707839628,32.24176078423434,32.529634561248486,184100
2024-08-16,32.40058517456055,32.867138938908,31.775205160797267,32.31124517259436,95400
2024-08-19,32.360877990722656,32.55941175116663,32.082932998131,32.37080676143894,95200
2024-08-20,32.102787017822266,32.31124576398661,31.824842022936465,32.20205200550532,97500
2024-08-21,32.023372650146484,32.37080768754242,31.765281404887094,32.37080768754242,92000
2024-08-22,32.26161575317383,32.55941452585976,32.01344947814942,32.06308197581093,93500
2024-08-23,34.06826400756836,34.35613777914395,32.51970517569102,32.51970517569102,157800
2024-08-26,33.68112564086914,34.30650568620425,33.56200689447277,34.30650568620425,126700
2024-08-27,33.55207824707031,33.71090450508999,33.155014495379454,33.53222449147827,80400
2024-08-28,33.7506103515625,34.58444911171682,32.082932831253856,33.601709085324885,154800
2024-08-29,33.60171127319336,34.08811882608614,33.423031256760645,34.08811882608614,109500
2024-08-30,33.631492614746094,33.83995136432955,33.194717573657,33.5818601200905,70700
2024-09-03,33.820098876953125,34.14768017005013,33.0557463131102,33.31384135374119,91100
2024-09-04,32.95648193359375,33.87966077550438,32.82743441087592,33.63149450158683,41900
2024-09-05,32.91677474975586,33.28405977854188,32.638829731941236,33.28405977854188,73200
2024-09-06,32.08293533325195,33.135161689488584,32.033302836207646,33.135161689488584,62500
2024-09-09,32.231834411621094,32.698384396060675,31.884399382586086,32.27153813451711,79300
2024-09-10,33.432960510253906,33.46273925118326,31.894330379196415,32.301322914337,186300
2024-09-11,32.44029235839844,33.135158612645725,32.053153615997985,33.02596485725761,149700
2024-09-12,32.718238830566406,33.006112601162975,32.49985509659368,32.65868135162685,97600
2024-09-13,33.37339782714844,33.770465360721815,33.12523156534424,33.19471781571208,112100
2024-09-16,33.70098114013672,34.05834118453294,33.20464858663461,33.45281486338566,91500
2024-09-17,33.79031753540039,34.9616625392594,33.70097753386143,34.08811627829142,102300
2024-09-18,34.04841232299805,35.52748499468433,33.40318227717913,33.82009980339595,76700
2024-09-19,35.011295318603516,35.338872802450695,34.36606154812649,34.73335032785845,162300
2024-09-20,33.66127014160156,35.08078140057222,33.611637648733904,34.90210139687546,365000
2024-09-23,33.542152404785156,34.41569490819403,33.20464614178554,33.750611153095235,81000
2024-09-24,32.85721206665039,33.65134714632797,32.71823956372182,33.53222461234631,73100
2024-09-25,32.360877990722656,32.906846778622715,32.301320513291024,32.906846778622715,86800
2024-09-26,32.21198272705078,32.7380940097219,32.21198272705078,32.61897525994513,72100
2024-09-27,31.844696044921875,32.60904478726899,31.705721652955017,32.60904478726899,250500
2024-09-30,33.105377197265625,33.46273721352417,31.874474682060164,31.874474682060164,169500
2024-10-01,32.15242004394531,32.867140084588435,31.72557377375196,32.867140084588435,115200
2024-10-02,31.249095916748047,32.18219971836118,31.120050290859716,31.894329726264793,73300
2024-10-03,31.129976272583008,31.378142532681128,30.722983757490752,31.120049394976085,69000
2024-10-04,32.122642517089844,32.162350029005964,31.467483717340897,31.6461618408883,97700
2024-10-07,31.616382598876953,32.06308074069844,31.586601965412182,31.914183253449625,61300
2024-10-08,31.81491470336914,32.17227473407553,31.62630970348153,31.81491470336914,48200
2024-10-09,32.0730094909668,32.69838575309412,31.814914454490417,31.814914454490417,87000
2024-10-10,31.81491470336914,32.073009741864524,31.52704281791216,31.695795955372585,54600
2024-10-11,33.02596664428711,33.353544141460176,32.0233728239428,32.0233728239428,86500
2024-10-14,33.17486572265625,33.54215453496621,32.62890067667364,32.98626071745261,62800
2024-10-15,33.86973190307617,34.733353260172315,33.274134362135285,33.274134362135285,65100
2024-10-16,34.505035400390625,34.822691699512134,33.03589158383897,34.21716541439141,59200
2024-10-17,34.6837158203125,34.81276333834529,34.11789703925979,34.51496457779913,45700
2024-10-18,33.86973190307617,34.7035707324235,33.75061315223136,34.7035707324235,46400
2024-10-21,32.777801513671875,34.068265364961036,32.638829007847676,34.068265364961036,67000
2024-10-22,33.274131774902344,33.343618023051974,32.559411751972945,32.70831301898874,186200
2024-10-23,32.98625946044922,33.39325198322342,32.589195708827646,33.02596697162638,49200
2024-10-24,32.499855041503906,33.065673810770264,30.951296217517942,31.715648751918387,194700
2024-10-25,32.34103012084961,33.24435519209227,32.26161509683335,32.81750890479683,86100
2024-10-28,32.92669677734375,33.39325054681492,32.13256552154343,32.78772428091826,134700
2024-10-29,32.96640396118164,33.274131476453114,32.7480202346915,32.7480202346915,67100
2024-10-30,33.30391311645508,33.83002819077015,32.8274343261689,32.8274343261689,81800
2024-10-31,32.53955841064453,33.43295845065619,32.53955841064453,33.34361844665502,70700
2024-11-01,32.6586799621582,32.996186213084016,32.25168746428147,32.886992457385006,87300
2024-11-04,32.480003356933594,32.738094617359714,31.97374203423145,32.450220828899035,64500
2024-11-05,33.16999816894531,33.20000076293945,31.790000915527344,32.540000915527344,110000
2024-11-06,38.18000030517578,38.2400016784668,35.43000030517578,35.93000030517578,321900
2024-11-07,36.7599983215332,37.90999984741211,36.41999816894531,37.689998626708984,142700
2024-11-08,37.380001068115234,37.70000076293945,36.56999969482422,36.90999984741211,69800
2024-11-11,38.9900016784668,39.15999984741211,37.880001068115234,37.959999084472656,68200
2024-11-12,38.529998779296875,39.52000045776367,38.43000030517578,38.619998931884766,92900
2024-11-13,38.150001525878906,39.459999084472656,38.0099983215332,38.959999084472656,200700
2024-11-14,37.91999816894531,38.45000076293945,37.68000030517578,38.45000076293945,66900
2024-11-15,37.7400016784668,38.59000015258789,37.130001068115234,38.209999084472656,75000
2024-11-18,37.0,37.900001525878906,36.97999954223633,37.75,57900
2024-11-19,37.290000915527344,37.369998931884766,36.2400016784668,36.470001220703125,46000
2024-11-20,37.06999969482422,37.34000015258789,36.540000915527344,37.04999923706055,63400
2024-11-21,37.720001220703125,38.040000915527344,37.20000076293945,37.2599983215332,59500
2024-11-22,38.5,38.70000076293945,37.970001220703125,38.2400016784668,61300
2024-11-25,38.869998931884766,40.31999969482422,36.66999816894531,38.880001068115234,109600
2024-11-26,38.279998779296875,38.529998779296875,37.95000076293945,38.459999084472656,75900
2024-11-27,37.939998626708984,39.220001220703125,37.86000061035156,38.709999084472656,68900
2024-11-29,37.630001068115234,38.11000061035156,37.27000045776367,37.959999084472656,53100
2024-12-02,37.79999923706055,38.310001373291016,37.209999084472656,37.61000061035156,69700
2024-12-03,37.689998626708984,38.27000045776367,37.349998474121094,37.72999954223633,70200
2024-12-04,38.25,38.29999923706055,37.41999816894531,37.630001068115234,52500
2024-12-05,38.09000015258789,38.869998931884766,37.97999954223633,38.40999984741211,60200
2024-12-06,38.02000045776367,38.380001068115234,37.43000030517578,38.34000015258789,54200
2024-12-09,37.290000915527344,38.33000183105469,37.290000915527344,37.970001220703125,57000
2024-12-10,37.79999923706055,38.40999984741211,36.779998779296875,37.56999969482422,64300
2024-12-11,38.119998931884766,38.90999984741211,37.7400016784668,38.33000183105469,92000
2024-12-12,37.65999984741211,38.130001068115234,37.33000183105469,38.02000045776367,49000
2024-12-13,37.970001220703125,38.04999923706055,37.040000915527344,37.66999816894531,62900
2024-12-16,38.09000015258789,38.29999923706055,37.66999816894531,37.97999954223633,47900
2024-12-17,37.310001373291016,38.099998474121094,36.95000076293945,37.88999938964844,127000
2024-12-18,35.470001220703125,38.040000915527344,35.27000045776367,37.77000045776367,140800
2024-12-19,34.97999954223633,36.650001525878906,34.810001373291016,35.939998626708984,78800
2024-12-20,35.13999938964844,35.779998779296875,34.5099983215332,34.5099983215332,211600
2024-12-23,35.08000183105469,35.310001373291016,34.61000061035156,34.97999954223633,65800
2024-12-24,35.279998779296875,35.38999938964844,34.61000061035156,35.20000076293945,39300
2024-12-26,35.380001068115234,36.04999923706055,34.79999923706055,35.099998474121094,35500
2024-12-27,34.689998626708984,35.380001068115234,34.349998474121094,35.060001373291016,137400
2024-12-30,34.7400016784668,34.970001220703125,34.029998779296875,34.529998779296875,57300
2024-12-31,34.83000183105469,35.150001525878906,34.470001220703125,35.0,75600
2025-01-02,34.369998931884766,35.380001068115234,34.11000061035156,35.16999816894531,81200
2025-01-03,34.52000045776367,35.38999938964844,33.959999084472656,34.529998779296875,96900
2025-01-06,34.220001220703125,34.849998474121094,34.13999938964844,34.529998779296875,73100
2025-01-07,33.540000915527344,34.5099983215332,33.29999923706055,34.2599983215332,128800
2025-01-08,33.65999984741211,33.91999816894531,32.869998931884766,33.38999938964844,147800
2025-01-10,32.75,33.349998474121094,32.33000183105469,33.29999923706055,104500
2025-01-13,32.849998474121094,33.099998474121094,32.4900016784668,32.4900016784668,201000
2025-01-14,33.95000076293945,34.209999084472656,32.380001068115234,33.130001068115234,301000
2025-01-15,34.900001525878906,35.15999984741211,34.20000076293945,34.900001525878906,86200
2025-01-16,34.869998931884766,35.02000045776367,34.369998931884766,34.65999984741211,100800
2025-01-17,34.41999816894531,35.25,34.25,35.20000076293945,210800
2025-01-21,35.459999084472656,35.81999969482422,34.65999984741211,34.65999984741211,188500
2025-01-22,34.79999923706055,35.47999954223633,34.380001068115234,35.18000030517578,134200
2025-01-23,35.2400016784668,36.63999938964844,34.5,35.13999938964844,187200
2025-01-24,35.599998474121094,36.29999923706055,35.02000045776367,35.2599983215332,181900
2025-01-27,35.63999938964844,36.244998931884766,35.560001373291016,36.0,164602
