Price,Close,High,Low,Open,Volume
Ticker,IPWR,IPWR,IPWR,IPWR,IPWR
Date,,,,,
2020-01-28,2.4000000953674316,2.431999921798706,2.4000000953674316,2.431999921798706,1700
2020-01-29,2.359999895095825,2.4000000953674316,2.359999895095825,2.4000000953674316,3000
2020-01-30,2.2799999713897705,2.359999895095825,2.2699999809265137,2.3589999675750732,9000
2020-01-31,2.313999891281128,2.313999891281128,2.1600000858306885,2.2799999713897705,10100
2020-02-03,2.25,2.299999952316284,2.25,2.2799999713897705,4600
2020-02-04,2.5299999713897705,2.696000099182129,2.2300000190734863,2.2300000190734863,158700
2020-02-05,2.4800000190734863,2.5390000343322754,2.380000114440918,2.4200000762939453,40600
2020-02-06,2.505000114440918,2.5299999713897705,2.430000066757202,2.490000009536743,34400
2020-02-07,2.5999999046325684,2.950000047683716,2.380000114440918,2.5399999618530273,271900
2020-02-10,2.5,2.5399999618530273,2.4100000858306885,2.5399999618530273,36200
2020-02-11,2.5,2.5399999618530273,2.359999895095825,2.359999895095825,9900
2020-02-12,2.5899999141693115,2.700000047683716,2.450000047683716,2.4600000381469727,22000
2020-02-13,2.549999952316284,2.569999933242798,2.4800000190734863,2.5299999713897705,7000
2020-02-14,2.7780001163482666,3.1700000762939453,2.490000009536743,2.5,325300
2020-02-18,2.7899999618530273,2.9089999198913574,2.6600000858306885,2.8499999046325684,79800
2020-02-19,3.0399999618530273,3.0999999046325684,2.7100000381469727,2.7809998989105225,116400
2020-02-20,2.890000104904175,2.950000047683716,2.700000047683716,2.9000000953674316,55400
2020-02-21,2.7899999618530273,2.9600000381469727,2.680000066757202,2.9600000381469727,21100
2020-02-24,2.6640000343322754,2.7899999618530273,2.5,2.700000047683716,28800
2020-02-25,2.450000047683716,2.621000051498413,2.450000047683716,2.621000051498413,35800
2020-02-26,2.359999895095825,2.4800000190734863,2.3499999046325684,2.390000104904175,32000
2020-02-27,2.2799999713897705,2.4000000953674316,2.180000066757202,2.2699999809265137,29400
2020-02-28,2.2200000286102295,2.2860000133514404,2.200000047683716,2.2100000381469727,13100
2020-03-02,2.440000057220459,2.450000047683716,2.25,2.2899999618530273,53300
2020-03-03,2.509999990463257,2.569999933242798,2.359999895095825,2.359999895095825,69600
2020-03-04,2.5199999809265137,2.5999999046325684,2.4179999828338623,2.549999952316284,10300
2020-03-05,2.509999990463257,2.509999990463257,2.3910000324249268,2.509999990463257,8800
2020-03-06,2.4000000953674316,2.446000099182129,2.3399999141693115,2.4000000953674316,4800
2020-03-09,2.140000104904175,2.4000000953674316,2.140000104904175,2.4000000953674316,10100
2020-03-10,2.1500000953674316,2.390000104904175,2.119999885559082,2.2190001010894775,32300
2020-03-11,2.049999952316284,2.240000009536743,1.8630000352859497,2.2049999237060547,16700
2020-03-12,2.0399999618530273,2.0399999618530273,1.8300000429153442,2.009999990463257,16600
2020-03-13,1.75,1.9600000381469727,1.687999963760376,1.9600000381469727,17500
2020-03-16,1.5800000429153442,1.7300000190734863,1.0800000429153442,1.4500000476837158,9800
2020-03-17,1.6100000143051147,1.7400000095367432,1.600000023841858,1.7400000095367432,18800
2020-03-18,1.559999942779541,1.6399999856948853,1.559999942779541,1.6399999856948853,12000
2020-03-19,1.559999942779541,1.6200000047683716,1.559999942779541,1.6200000047683716,16700
2020-03-20,1.5800000429153442,1.6100000143051147,1.5700000524520874,1.600000023841858,2400
2020-03-23,1.5299999713897705,1.6019999980926514,1.5299999713897705,1.5700000524520874,5100
2020-03-24,2.0950000286102295,2.190000057220459,1.559999942779541,1.559999942779541,42200
2020-03-25,1.9910000562667847,2.490000009536743,1.899999976158142,2.4800000190734863,67700
2020-03-26,2.0,2.2839999198913574,1.8899999856948853,1.899999976158142,18700
2020-03-27,1.9600000381469727,1.9900000095367432,1.8899999856948853,1.9550000429153442,14100
2020-03-30,1.9800000190734863,2.0,1.8899999856948853,2.0,3400
2020-03-31,1.940000057220459,1.9539999961853027,1.8899999856948853,1.8899999856948853,4300
2020-04-01,1.8940000534057617,1.909999966621399,1.8899999856948853,1.8899999856948853,5000
2020-04-02,1.7999999523162842,1.937000036239624,1.7999999523162842,1.8899999856948853,7000
2020-04-03,1.7999999523162842,1.8899999856948853,1.7999999523162842,1.8070000410079956,3300
2020-04-06,1.8899999856948853,1.9199999570846558,1.809999942779541,1.9199999570846558,3000
2020-04-07,1.940000057220459,1.9700000286102295,1.909999966621399,1.909999966621399,9400
2020-04-08,1.909999966621399,1.909999966621399,1.899999976158142,1.899999976158142,1400
2020-04-09,2.0199999809265137,2.0799999237060547,1.899999976158142,1.940000057220459,31200
2020-04-13,2.369999885559082,2.5,2.1600000858306885,2.1600000858306885,125800
2020-04-14,2.5,2.6600000858306885,2.319999933242798,2.5,126500
2020-04-15,2.059999942779541,2.4000000953674316,2.0199999809265137,2.2300000190734863,55500
2020-04-16,1.9600000381469727,2.2300000190734863,1.9600000381469727,2.2300000190734863,17700
2020-04-17,1.9900000095367432,2.1500000953674316,1.850000023841858,1.9700000286102295,19600
2020-04-20,1.9900000095367432,2.078000068664551,1.9199999570846558,1.9199999570846558,11900
2020-04-21,1.909999966621399,2.0409998893737793,1.840000033378601,2.0409998893737793,15500
2020-04-22,1.940000057220459,1.9869999885559082,1.850000023841858,1.850000023841858,9900
2020-04-23,1.899999976158142,1.9299999475479126,1.7699999809265137,1.8200000524520874,8800
2020-04-24,2.5399999618530273,2.7200000286102295,1.8109999895095825,1.9299999475479126,825500
2020-04-27,2.049999952316284,2.240000009536743,1.899999976158142,2.140000104904175,320700
2020-04-28,2.0,2.0799999237060547,1.899999976158142,2.0799999237060547,88400
2020-04-29,1.899999976158142,2.0199999809265137,1.899999976158142,1.9299999475479126,75900
2020-04-30,2.0,2.119999885559082,1.909999966621399,1.909999966621399,178200
2020-05-01,1.9299999475479126,2.0,1.902999997138977,2.0,54700
2020-05-04,2.0,2.1500000953674316,1.9900000095367432,2.0,77100
2020-05-05,2.25,2.3499999046325684,2.0450000762939453,2.190000057220459,252200
2020-05-06,2.0799999237060547,2.253000020980835,2.0799999237060547,2.2200000286102295,44200
2020-05-07,2.0899999141693115,2.1600000858306885,2.0,2.059999942779541,28900
2020-05-08,2.069999933242798,2.1600000858306885,2.007999897003174,2.053999900817871,17700
2020-05-11,2.059999942779541,2.109999895095825,2.0,2.0,12500
2020-05-12,2.009999990463257,2.1600000858306885,2.009999990463257,2.049999952316284,33000
2020-05-13,2.0899999141693115,2.119999885559082,2.0,2.0,24400
2020-05-14,2.0199999809265137,2.1500000953674316,2.0199999809265137,2.1500000953674316,8400
2020-05-15,2.0399999618530273,2.0899999141693115,2.0199999809265137,2.069999933242798,9200
2020-05-18,1.9900000095367432,2.0999999046325684,1.8700000047683716,2.0999999046325684,29400
2020-05-19,2.009999990463257,2.0209999084472656,1.9299999475479126,2.009999990463257,16800
2020-05-20,1.9199999570846558,2.0,1.9199999570846558,1.9600000381469727,29300
2020-05-21,1.899999976158142,1.9900000095367432,1.899999976158142,1.9900000095367432,16400
2020-05-22,1.9249999523162842,1.9700000286102295,1.8799999952316284,1.8899999856948853,9700
2020-05-26,1.9500000476837158,1.9759999513626099,1.9199999570846558,1.9199999570846558,4600
2020-05-27,2.0899999141693115,2.0899999141693115,1.9299999475479126,1.9500000476837158,152700
2020-05-28,2.2200000286102295,2.553999900817871,2.0999999046325684,2.440000057220459,237400
2020-05-29,2.1700000762939453,2.3499999046325684,2.0999999046325684,2.2899999618530273,45300
2020-06-01,2.259999990463257,2.299999952316284,2.069999933242798,2.0799999237060547,36100
2020-06-02,2.180000066757202,2.240000009536743,2.069999933242798,2.240000009536743,41300
2020-06-03,2.319999933242798,2.430000066757202,2.0899999141693115,2.2200000286102295,77600
2020-06-04,2.5,2.549999952316284,2.200000047683716,2.2100000381469727,75200
2020-06-05,2.4700000286102295,2.5899999141693115,2.4200000762939453,2.509999990463257,60500
2020-06-08,2.635999917984009,2.694999933242798,2.4700000286102295,2.5199999809265137,60700
2020-06-09,2.7100000381469727,2.75,2.450000047683716,2.5999999046325684,54100
2020-06-10,4.0,5.650000095367432,2.309999942779541,2.75,545300
2020-06-11,4.630000114440918,6.860000133514404,3.7200000286102295,3.8499999046325684,800600
2020-06-12,5.400000095367432,5.599999904632568,4.699999809265137,4.889999866485596,213300
2020-06-15,4.96999979019165,5.425000190734863,4.760000228881836,5.420000076293945,130400
2020-06-16,5.849999904632568,6.099999904632568,4.800000190734863,4.989999771118164,182600
2020-06-17,5.570000171661377,5.96999979019165,5.5,5.96999979019165,87200
2020-06-18,5.400000095367432,5.534999847412109,5.179999828338623,5.510000228881836,52100
2020-06-19,5.769999980926514,6.139999866485596,5.400000095367432,5.400000095367432,126000
2020-06-22,5.75,6.289999961853027,5.650000095367432,5.829999923706055,117900
2020-06-23,5.679999828338623,6.400000095367432,5.400000095367432,5.909999847412109,59000
2020-06-24,5.71999979019165,5.800000190734863,5.349999904632568,5.760000228881836,40900
2020-06-25,5.789999961853027,5.890999794006348,5.570000171661377,5.690000057220459,17000
2020-06-26,5.690000057220459,5.789999961853027,5.5,5.789999961853027,23700
2020-06-29,5.679999828338623,5.889999866485596,5.550000190734863,5.559999942779541,36700
2020-06-30,6.53000020980835,6.599999904632568,5.752999782562256,5.760000228881836,264400
2020-07-01,6.809999942779541,9.119999885559082,6.539999961853027,6.579999923706055,956000
2020-07-02,5.800000190734863,6.849999904632568,5.610000133514404,6.78000020980835,137000
2020-07-06,6.809999942779541,6.96999979019165,5.320000171661377,5.699999809265137,247400
2020-07-07,6.420000076293945,6.9029998779296875,6.159999847412109,6.440000057220459,119000
2020-07-08,5.889999866485596,6.693999767303467,5.829999923706055,6.289999961853027,56700
2020-07-09,6.070000171661377,6.239999771118164,5.349999904632568,6.0,101700
2020-07-10,6.25,6.360000133514404,5.659999847412109,6.070000171661377,59200
2020-07-13,5.849999904632568,6.75,5.849999904632568,6.25,79200
2020-07-14,6.0,6.429999828338623,5.900000095367432,5.900000095367432,30700
2020-07-15,6.820000171661377,6.980000019073486,6.25,6.25,95700
2020-07-16,6.820000171661377,6.960000038146973,6.699999809265137,6.920000076293945,70500
2020-07-17,7.429999828338623,8.449999809265137,6.940000057220459,6.960000038146973,141000
2020-07-20,7.429999828338623,8.399999618530273,7.173999786376953,8.0,112500
2020-07-21,7.389999866485596,7.635000228881836,7.195000171661377,7.53000020980835,27800
2020-07-22,7.820000171661377,8.0,7.28000020980835,7.429999828338623,53400
2020-07-23,7.880000114440918,8.5,7.800000190734863,7.900000095367432,76300
2020-07-24,7.760000228881836,8.449999809265137,7.25,7.869999885559082,40900
2020-07-27,7.559999942779541,8.005999565124512,7.51200008392334,8.0,22800
2020-07-28,7.909999847412109,8.039999961853027,7.570000171661377,7.599999904632568,25600
2020-07-29,8.550000190734863,9.0,7.710000038146973,8.029999732971191,124100
2020-07-30,10.5,10.555000305175781,8.600000381469727,8.600000381469727,208500
2020-07-31,9.119999885559082,10.920000076293945,8.760000228881836,10.550000190734863,158500
2020-08-03,8.25,9.5,8.25,8.979999542236328,170700
2020-08-04,7.920000076293945,8.8100004196167,7.480000019073486,8.079999923706055,62000
2020-08-05,7.889999866485596,8.470000267028809,7.829999923706055,7.920000076293945,51800
2020-08-06,7.190000057220459,8.100000381469727,6.920000076293945,8.100000381469727,56300
2020-08-07,7.010000228881836,7.5,6.5,7.349999904632568,91400
2020-08-10,7.0,7.710000038146973,6.593999862670898,7.659999847412109,108100
2020-08-11,6.659999847412109,7.139999866485596,6.644999980926514,7.0,35500
2020-08-12,6.699999809265137,6.900000095367432,6.400000095367432,6.789999961853027,38200
2020-08-13,6.809999942779541,7.010000228881836,6.53000020980835,6.699999809265137,30600
2020-08-14,7.550000190734863,7.640999794006348,6.909999847412109,7.010000228881836,86800
2020-08-17,7.900000095367432,8.093000411987305,7.36299991607666,7.550000190734863,68100
2020-08-18,7.449999809265137,7.909999847412109,7.409999847412109,7.909999847412109,41500
2020-08-19,7.489999771118164,7.880000114440918,7.25,7.630000114440918,49700
2020-08-20,7.579999923706055,7.789999961853027,7.260000228881836,7.480000019073486,18300
2020-08-21,6.744999885559082,7.630000114440918,6.699999809265137,7.5,45400
2020-08-24,6.489999771118164,7.260000228881836,6.0,6.920000076293945,49100
2020-08-25,6.414999961853027,6.489999771118164,6.099999904632568,6.400000095367432,19900
2020-08-26,6.329999923706055,6.619999885559082,6.210000038146973,6.429999828338623,30300
2020-08-27,6.150000095367432,6.5289998054504395,6.0,6.329999923706055,24100
2020-08-28,6.070000171661377,6.289999961853027,6.010000228881836,6.119999885559082,24000
2020-08-31,5.929999828338623,6.050000190734863,5.690000057220459,6.010000228881836,54600
2020-09-01,5.886000156402588,5.929999828338623,5.711999893188477,5.880000114440918,18200
2020-09-02,5.913000106811523,6.150000095367432,5.699999809265137,5.989999771118164,79100
2020-09-03,5.599999904632568,6.051000118255615,5.375999927520752,6.0,55000
2020-09-04,5.269999980926514,5.5,5.25,5.489999771118164,29100
2020-09-08,5.050000190734863,5.269999980926514,4.809999942779541,5.269999980926514,74900
2020-09-09,5.519999980926514,5.550000190734863,4.949999809265137,5.119999885559082,28400
2020-09-10,5.510000228881836,5.760000228881836,5.46999979019165,5.519999980926514,30100
2020-09-11,5.199999809265137,5.590000152587891,5.079999923706055,5.53000020980835,21900
2020-09-14,5.610000133514404,5.953000068664551,5.110000133514404,5.199999809265137,43200
2020-09-15,5.389999866485596,5.900000095367432,5.389999866485596,5.599999904632568,28500
2020-09-16,6.309999942779541,6.690000057220459,5.409999847412109,5.409999847412109,51300
2020-09-17,6.159999847412109,6.625,5.699999809265137,5.989999771118164,14100
2020-09-18,6.289999961853027,6.489999771118164,6.0,6.03000020980835,49600
2020-09-21,5.809999942779541,6.360000133514404,5.63700008392334,6.25,14900
2020-09-22,5.650000095367432,5.829999923706055,5.630000114440918,5.800000190734863,10100
2020-09-23,5.900000095367432,6.75,5.650000095367432,5.760000228881836,128500
2020-09-24,6.760000228881836,6.96999979019165,6.0,6.190000057220459,256700
2020-09-25,6.300000190734863,7.420000076293945,6.21999979019165,6.590000152587891,100300
2020-09-28,6.300000190734863,7.210000038146973,6.300000190734863,6.539999961853027,27000
2020-09-29,6.110000133514404,6.668000221252441,5.900000095367432,6.449999809265137,38500
2020-09-30,6.199999809265137,6.400000095367432,6.0,6.110000133514404,31900
2020-10-01,6.119999885559082,6.449999809265137,6.119999885559082,6.239999771118164,9700
2020-10-02,6.099999904632568,6.1479997634887695,5.929999828338623,6.03000020980835,11800
2020-10-05,6.489999771118164,6.699999809265137,5.966000080108643,6.050000190734863,70100
2020-10-06,6.489999771118164,7.249000072479248,6.489999771118164,6.590000152587891,50600
2020-10-07,6.940000057220459,7.150000095367432,6.610000133514404,6.610000133514404,26100
2020-10-08,6.860000133514404,7.199999809265137,6.695000171661377,7.099999904632568,29500
2020-10-09,7.099999904632568,7.099999904632568,6.760000228881836,6.889999866485596,11500
2020-10-12,7.369999885559082,7.4039998054504395,6.880000114440918,7.090000152587891,24300
2020-10-13,6.900000095367432,7.409999847412109,6.900000095367432,7.409999847412109,18500
2020-10-14,6.300000190734863,7.03000020980835,6.2870001792907715,7.03000020980835,31700
2020-10-15,6.300000190734863,6.590000152587891,5.991000175476074,6.300000190734863,12300
2020-10-16,6.449999809265137,6.984000205993652,6.449999809265137,6.46999979019165,26500
2020-10-19,6.0,6.96999979019165,6.0,6.699999809265137,34900
2020-10-20,6.135000228881836,6.519999980926514,6.03000020980835,6.369999885559082,19500
2020-10-21,5.916999816894531,6.230000019073486,5.75,6.230000019073486,18300
2020-10-22,5.789999961853027,5.90500020980835,5.650000095367432,5.829999923706055,23800
2020-10-23,5.855000019073486,5.929999828338623,5.75,5.800000190734863,5100
2020-10-26,5.769999980926514,5.949999809265137,5.75,5.949999809265137,12800
2020-10-27,5.659999847412109,5.942999839782715,5.650000095367432,5.849999904632568,16700
2020-10-28,5.427999973297119,5.888999938964844,5.25,5.75,20500
2020-10-29,5.679999828338623,6.420000076293945,5.320000171661377,5.550000190734863,132000
2020-10-30,5.46999979019165,5.888000011444092,5.335000038146973,5.869999885559082,22200
2020-11-02,5.5,5.8429999351501465,5.400000095367432,5.400000095367432,21200
2020-11-03,5.599999904632568,5.794000148773193,5.510000228881836,5.783999919891357,15800
2020-11-04,5.550000190734863,5.824999809265137,5.550000190734863,5.650000095367432,15800
2020-11-05,5.949999809265137,6.150000095367432,5.501999855041504,5.679999828338623,18800
2020-11-06,5.980000019073486,6.170000076293945,5.840000152587891,6.170000076293945,11400
2020-11-09,5.809999942779541,6.369999885559082,5.567999839782715,6.369999885559082,18500
2020-11-10,6.090000152587891,6.170000076293945,5.53000020980835,5.900000095367432,19700
2020-11-11,6.510000228881836,6.510000228881836,5.809999942779541,6.139999866485596,38200
2020-11-12,6.099999904632568,6.800000190734863,5.920000076293945,6.599999904632568,31200
2020-11-13,5.599999904632568,6.510000228881836,5.599999904632568,6.0,145200
2020-11-16,5.929999828338623,6.300000190734863,5.75,6.170000076293945,81400
2020-11-17,6.539999961853027,6.735000133514404,5.98199987411499,6.150000095367432,113500
2020-11-18,6.599999904632568,8.710000038146973,6.519999980926514,6.800000190734863,1644600
2020-11-19,7.900000095367432,7.949999809265137,6.130000114440918,6.25,439500
2020-11-20,7.739999771118164,8.196000099182129,7.130000114440918,7.179999828338623,247600
2020-11-23,9.59000015258789,9.59000015258789,7.059999942779541,7.28000020980835,310000
2020-11-24,9.279999732971191,11.739999771118164,8.569999694824219,10.710000038146973,345400
2020-11-25,9.0,9.369999885559082,8.369999885559082,9.279999732971191,82100
2020-11-27,9.880000114440918,10.5,8.770000457763672,9.0,91300
2020-11-30,8.989999771118164,10.199999809265137,8.41100025177002,10.0,114900
2020-12-01,7.989999771118164,8.928999900817871,7.849999904632568,8.529999732971191,96400
2020-12-02,8.079999923706055,8.600000381469727,7.860000133514404,7.869999885559082,92000
2020-12-03,7.989999771118164,8.36299991607666,7.869999885559082,8.0,54100
2020-12-04,7.980000019073486,8.350000381469727,7.699999809265137,8.0,86800
2020-12-07,7.820000171661377,8.300000190734863,7.699999809265137,8.039999961853027,109700
2020-12-08,7.949999809265137,8.199999809265137,7.510000228881836,7.699999809265137,56400
2020-12-09,7.599999904632568,8.5,7.559999942779541,8.5,90900
2020-12-10,7.590000152587891,7.843999862670898,7.360000133514404,7.559999942779541,26800
2020-12-11,7.400000095367432,7.544000148773193,7.360000133514404,7.510000228881836,23300
2020-12-14,7.610000133514404,7.800000190734863,7.260000228881836,7.340000152587891,55000
2020-12-15,8.430000305175781,8.479999542236328,7.71999979019165,7.71999979019165,47900
2020-12-16,8.210000038146973,8.803999900817871,8.050000190734863,8.579999923706055,49700
2020-12-17,7.869999885559082,8.380000114440918,7.78000020980835,8.149999618530273,33000
2020-12-18,8.020000457763672,8.210000038146973,7.745999813079834,7.940000057220459,69900
2020-12-21,7.900000095367432,8.229999542236328,7.565000057220459,7.880000114440918,104400
2020-12-22,7.880000114440918,8.029999732971191,7.400000095367432,8.0,67700
2020-12-23,9.579999923706055,9.619999885559082,8.149999618530273,8.25,150000
2020-12-24,9.899999618530273,9.899999618530273,9.029999732971191,9.5,69500
2020-12-28,8.899999618530273,10.050000190734863,8.845999717712402,10.0,99900
2020-12-29,8.039999961853027,8.864999771118164,7.874000072479248,8.699999809265137,100400
2020-12-30,8.779999732971191,8.949999809265137,8.010000228881836,8.010000228881836,62100
2020-12-31,8.170000076293945,9.050000190734863,8.170000076293945,8.880000114440918,64100
2021-01-04,8.039999961853027,8.75,7.875,8.3100004196167,100600
2021-01-05,8.34000015258789,8.59000015258789,7.880000114440918,8.039999961853027,53700
2021-01-06,7.610000133514404,8.958999633789062,7.610000133514404,8.350000381469727,111100
2021-01-07,8.5,8.710000038146973,8.0,8.0,126200
2021-01-08,8.119999885559082,8.967000007629395,7.96999979019165,8.829999923706055,115000
2021-01-11,8.029999732971191,8.390000343322754,7.889999866485596,8.020000457763672,54700
2021-01-12,8.25,8.779999732971191,8.029999732971191,8.050000190734863,212800
2021-01-13,8.510000228881836,8.878999710083008,8.260000228881836,8.390000343322754,191700
2021-01-14,8.649999618530273,11.0,8.350000381469727,8.4399995803833,1291000
2021-01-15,9.0,9.75,8.779999732971191,9.02299976348877,615600
2021-01-19,9.869999885559082,10.079999923706055,8.75,9.520000457763672,563800
2021-01-20,9.109999656677246,9.989999771118164,8.9399995803833,9.880000114440918,202400
2021-01-21,13.170000076293945,17.0,12.0600004196167,12.539999961853027,9435400
2021-01-22,14.0,14.399999618530273,12.0600004196167,12.319999694824219,1040500
2021-01-25,20.739999771118164,20.88800048828125,15.0,15.5,2167800
2021-01-26,18.299999237060547,23.40999984741211,18.0,19.850000381469727,1456400
2021-01-27,16.3700008392334,19.65999984741211,14.25,16.1299991607666,890600
2021-01-28,15.359999656677246,17.445999145507812,14.0,17.445999145507812,632600
2021-01-29,17.1200008392334,17.899999618530273,15.260000228881836,15.4399995803833,472600
2021-02-01,15.789999961853027,17.170000076293945,15.319999694824219,17.170000076293945,366900
2021-02-02,17.5,18.479999542236328,16.25,16.25,467100
2021-02-03,21.209999084472656,24.950000762939453,20.079999923706055,21.5,2537300
2021-02-04,22.3700008392334,23.843000411987305,19.5,20.5,994500
2021-02-05,22.469999313354492,22.5,20.6299991607666,21.5,694700
2021-02-08,20.700000762939453,22.040000915527344,20.5,22.0,442100
2021-02-09,19.899999618530273,21.200000762939453,18.0,19.0,2596000
2021-02-10,21.450000762939453,22.878000259399414,19.25,20.0,1388600
2021-02-11,19.450000762939453,22.0,18.90399932861328,21.700000762939453,558400
2021-02-12,21.489999771118164,22.100000381469727,19.450000762939453,19.579999923706055,575500
2021-02-16,19.809999465942383,22.190000534057617,19.5,22.1200008392334,646200
2021-02-17,19.520000457763672,20.18000030517578,18.049999237060547,19.850000381469727,614600
2021-02-18,17.979999542236328,19.25,17.34000015258789,18.8799991607666,499400
2021-02-19,19.0,20.121999740600586,18.100000381469727,18.1299991607666,533700
2021-02-22,17.25,19.354999542236328,17.010000228881836,18.420000076293945,398600
2021-02-23,17.5,19.299999237060547,15.3100004196167,16.559999465942383,979900
2021-02-24,17.68000030517578,18.899999618530273,16.520000457763672,17.15999984741211,410200
2021-02-25,16.760000228881836,17.753000259399414,16.170000076293945,17.68000030517578,386100
2021-02-26,17.170000076293945,17.65999984741211,15.420000076293945,16.59000015258789,384400
2021-03-01,18.399999618530273,18.780000686645508,17.5,17.950000762939453,426300
2021-03-02,17.049999237060547,18.479999542236328,17.049999237060547,18.360000610351562,177100
2021-03-03,16.260000228881836,17.649999618530273,15.850000381469727,17.459999084472656,525900
2021-03-04,15.170000076293945,18.43000030517578,13.539999961853027,16.780000686645508,1426400
2021-03-05,15.84000015258789,16.700000762939453,12.399999618530273,15.350000381469727,787900
2021-03-08,16.260000228881836,17.6200008392334,15.199999809265137,16.15999984741211,706600
2021-03-09,16.59000015258789,17.450000762939453,16.049999237060547,16.1200008392334,517200
2021-03-10,16.020000457763672,18.850000381469727,15.600000381469727,17.049999237060547,1835800
2021-03-11,16.979999542236328,17.209999084472656,16.010000228881836,16.700000762939453,511300
2021-03-12,16.270000457763672,16.729999542236328,15.65999984741211,16.190000534057617,292600
2021-03-15,16.270000457763672,16.850000381469727,15.760000228881836,16.079999923706055,275000
2021-03-16,14.890000343322754,16.479000091552734,14.414999961853027,16.309999465942383,520400
2021-03-17,15.569999694824219,16.440000534057617,14.100000381469727,14.390000343322754,329800
2021-03-18,14.479999542236328,15.050000190734863,13.949999809265137,14.960000038146973,459400
2021-03-19,15.119999885559082,15.779999732971191,13.4399995803833,14.170000076293945,403600
2021-03-22,14.600000381469727,15.350000381469727,14.079999923706055,15.239999771118164,334100
2021-03-23,12.850000381469727,14.5600004196167,12.8100004196167,14.359999656677246,342700
2021-03-24,11.859999656677246,13.970000267028809,11.770000457763672,13.449999809265137,308500
2021-03-25,11.710000038146973,11.949999809265137,10.550000190734863,10.979999542236328,273400
2021-03-26,12.109999656677246,12.300000190734863,11.529999732971191,12.0600004196167,136100
2021-03-29,10.890000343322754,12.039999961853027,10.82699966430664,12.039999961853027,262300
2021-03-30,11.6899995803833,11.819999694824219,10.619999885559082,11.010000228881836,157100
2021-03-31,13.239999771118164,13.420000076293945,11.760000228881836,11.760000228881836,239900
2021-04-01,13.600000381469727,13.9399995803833,13.010000228881836,13.729999542236328,134900
2021-04-05,12.550000190734863,13.897000312805176,12.359999656677246,13.800000190734863,149000
2021-04-06,12.430000305175781,12.729999542236328,11.949999809265137,12.229999542236328,112200
2021-04-07,11.199999809265137,12.359999656677246,11.100000381469727,12.199999809265137,148800
2021-04-08,11.470000267028809,11.746999740600586,11.300000190734863,11.300000190734863,73900
2021-04-09,11.289999961853027,11.569999694824219,11.029999732971191,11.479999542236328,69200
2021-04-12,10.520000457763672,11.199999809265137,10.270000457763672,11.199999809265137,132700
2021-04-13,10.520000457763672,10.649999618530273,10.043999671936035,10.420000076293945,142000
2021-04-14,10.5600004196167,10.90999984741211,10.25,10.5,121100
2021-04-15,9.899999618530273,10.869999885559082,9.75,10.800000190734863,214700
2021-04-16,9.760000228881836,10.0600004196167,9.289999961853027,9.920000076293945,182800
2021-04-19,9.15999984741211,9.890000343322754,8.350000381469727,9.770000457763672,258900
2021-04-20,9.079999923706055,9.289999961853027,8.550000190734863,9.1899995803833,116800
2021-04-21,9.630000114440918,9.630000114440918,8.619999885559082,8.640000343322754,84000
2021-04-22,10.0600004196167,10.59000015258789,9.8100004196167,9.989999771118164,87500
2021-04-23,10.029999732971191,10.321999549865723,9.539999961853027,10.069999694824219,71100
2021-04-26,10.520000457763672,10.720000267028809,10.029999732971191,10.029999732971191,51200
2021-04-27,9.9399995803833,10.649999618530273,9.630000114440918,10.600000381469727,64200
2021-04-28,10.140000343322754,10.140000343322754,9.5,9.770000457763672,50200
2021-04-29,9.880000114440918,10.1899995803833,9.609999656677246,10.15999984741211,39500
2021-04-30,9.449999809265137,9.829999923706055,9.399999618530273,9.819999694824219,68000
2021-05-03,9.609999656677246,9.739999771118164,9.399999618530273,9.649999618530273,60000
2021-05-04,9.65999984741211,9.75,9.199999809265137,9.460000038146973,99900
2021-05-05,9.130000114440918,9.65999984741211,9.069999694824219,9.65999984741211,99300
2021-05-06,8.300000190734863,9.130000114440918,7.889999866485596,9.100000381469727,460700
2021-05-07,8.09000015258789,8.5,7.900000095367432,8.359999656677246,153700
2021-05-10,7.289999961853027,8.34000015258789,7.130000114440918,8.34000015258789,179900
2021-05-11,6.909999847412109,7.49399995803833,6.679999828338623,7.0,243700
2021-05-12,7.829999923706055,8.579999923706055,6.889999866485596,6.889999866485596,273900
2021-05-13,7.190000057220459,8.220000267028809,7.170000076293945,7.920000076293945,107500
2021-05-14,8.729999542236328,9.09000015258789,6.650000095367432,6.650000095367432,241000
2021-05-17,8.369999885559082,8.75,8.020000457763672,8.470000267028809,77500
2021-05-18,8.979999542236328,9.029999732971191,8.255999565124512,8.380000114440918,51600
2021-05-19,8.899999618530273,9.279999732971191,8.5600004196167,8.5600004196167,70200
2021-05-20,10.1899995803833,10.300000190734863,8.729999542236328,8.9399995803833,216400
2021-05-21,11.729999542236328,11.729999542236328,10.3100004196167,10.350000381469727,268400
2021-05-24,11.0600004196167,11.720000267028809,10.729999542236328,11.720000267028809,223900
2021-05-25,11.239999771118164,11.265000343322754,10.847999572753906,11.010000228881836,143200
2021-05-26,11.170000076293945,11.399999618530273,11.0,11.239999771118164,199200
2021-05-27,11.920000076293945,12.199999809265137,11.109999656677246,11.220000267028809,149800
2021-05-28,11.369999885559082,12.329999923706055,11.020000457763672,12.149999618530273,117200
2021-06-01,11.319999694824219,11.739999771118164,11.0,11.569999694824219,89800
2021-06-02,11.34000015258789,11.720000267028809,11.241999626159668,11.449999809265137,65200
2021-06-03,11.329999923706055,11.600000381469727,11.0,11.25,42700
2021-06-04,11.619999885559082,11.770000457763672,10.864999771118164,11.489999771118164,149600
2021-06-07,13.609999656677246,13.708999633789062,11.729999542236328,11.84000015258789,191000
2021-06-08,13.329999923706055,14.460000038146973,12.390000343322754,13.920000076293945,201500
2021-06-09,12.15999984741211,13.600000381469727,12.130000114440918,13.479999542236328,116600
2021-06-10,11.630000114440918,12.817000389099121,11.130000114440918,12.279999732971191,107000
2021-06-11,12.199999809265137,12.640000343322754,11.800000190734863,11.84000015258789,81400
2021-06-14,13.0,13.25,12.010000228881836,12.40999984741211,120500
2021-06-15,11.699999809265137,13.25,11.5600004196167,13.25,105600
2021-06-16,12.520000457763672,12.720000267028809,11.899999618530273,11.930000305175781,123800
2021-06-17,13.109999656677246,13.11299991607666,12.140000343322754,12.5600004196167,142900
2021-06-18,12.359999656677246,13.119999885559082,12.15999984741211,12.90999984741211,172700
2021-06-21,11.859999656677246,12.40999984741211,11.449999809265137,12.40999984741211,97500
2021-06-22,11.880000114440918,12.14799976348877,11.449999809265137,11.649999618530273,122300
2021-06-23,12.9399995803833,13.020000457763672,11.630000114440918,11.739999771118164,84400
2021-06-24,13.300000190734863,13.399999618530273,12.435999870300293,12.920000076293945,76400
2021-06-25,13.59000015258789,13.59000015258789,12.75,13.25,98000
2021-06-28,13.0600004196167,13.739999771118164,12.902999877929688,13.739999771118164,62500
2021-06-29,12.720000267028809,13.420000076293945,12.460000038146973,13.010000228881836,48500
2021-06-30,12.710000038146973,12.930000305175781,12.25,12.449999809265137,42700
2021-07-01,13.020000457763672,13.09000015258789,12.319999694824219,12.800000190734863,65800
2021-07-02,12.880000114440918,14.180000305175781,12.368000030517578,12.970000267028809,174200
2021-07-06,12.710000038146973,13.029999732971191,12.25,12.710000038146973,46000
2021-07-07,11.350000381469727,12.649999618530273,11.3100004196167,12.649999618530273,132100
2021-07-08,11.119999885559082,11.725000381469727,10.75,10.970000267028809,62700
2021-07-09,12.020000457763672,12.15999984741211,11.149999618530273,11.329999923706055,44200
2021-07-12,12.5,12.850000381469727,11.442000389099121,12.029999732971191,51300
2021-07-13,12.170000076293945,12.649999618530273,11.850000381469727,12.449999809265137,45400
2021-07-14,11.329999923706055,12.300000190734863,11.270000457763672,12.300000190734863,39700
2021-07-15,11.039999961853027,11.555000305175781,10.899999618530273,11.329999923706055,28500
2021-07-16,10.539999961853027,11.270000457763672,10.399999618530273,11.270000457763672,21400
2021-07-19,11.479999542236328,12.239999771118164,9.8100004196167,10.0,92800
2021-07-20,15.390000343322754,15.96500015258789,11.5,11.5,750900
2021-07-21,16.0,17.0,14.520000457763672,15.899999618530273,479700
2021-07-22,16.75,17.0,15.199999809265137,15.649999618530273,291100
2021-07-23,16.040000915527344,17.450000762939453,15.75,16.8799991607666,230200
2021-07-26,15.640000343322754,15.998000144958496,15.119999885559082,15.84000015258789,87400
2021-07-27,14.699999809265137,16.399999618530273,14.279999732971191,15.5,172200
2021-07-28,15.449999809265137,15.649999618530273,14.770000457763672,14.770000457763672,30000
2021-07-29,15.800000190734863,16.440000534057617,15.520000457763672,15.75,73500
2021-07-30,15.260000228881836,16.0,15.0649995803833,15.430000305175781,45400
2021-08-02,15.09000015258789,15.789999961853027,15.010000228881836,15.289999961853027,46300
2021-08-03,15.859999656677246,16.459999084472656,14.800000190734863,15.199999809265137,105200
2021-08-04,15.8100004196167,16.200000762939453,15.449999809265137,15.699999809265137,54400
2021-08-05,16.760000228881836,16.996999740600586,15.800000190734863,15.800000190734863,118200
2021-08-06,17.450000762939453,17.665000915527344,16.670000076293945,16.969999313354492,106900
2021-08-09,16.950000762939453,17.711000442504883,16.809999465942383,17.290000915527344,70800
2021-08-10,16.6299991607666,17.371999740600586,16.209999084472656,17.260000228881836,85800
2021-08-11,17.190000534057617,17.190000534057617,16.170000076293945,16.68000030517578,42600
2021-08-12,16.59000015258789,17.190000534057617,16.030000686645508,17.190000534057617,67000
2021-08-13,15.5,16.270000457763672,14.5,16.270000457763672,140900
2021-08-16,13.609999656677246,15.475000381469727,13.609999656677246,15.0600004196167,125800
2021-08-17,13.920000076293945,14.09000015258789,13.069999694824219,13.40999984741211,40100
2021-08-18,13.989999771118164,14.989999771118164,13.449999809265137,13.760000228881836,33700
2021-08-19,13.90999984741211,14.5,13.621000289916992,13.920000076293945,42900
2021-08-20,13.979999542236328,14.40999984741211,13.760000228881836,14.020000457763672,19600
2021-08-23,14.399999618530273,14.8100004196167,14.0600004196167,14.109999656677246,29800
2021-08-24,15.359999656677246,15.609999656677246,14.460000038146973,14.5,25700
2021-08-25,15.079999923706055,16.0,15.079999923706055,15.399999618530273,38300
2021-08-26,15.880000114440918,16.18000030517578,15.079999923706055,15.15999984741211,39800
2021-08-27,16.209999084472656,16.989999771118164,16.0,16.0,47500
2021-08-30,15.649999618530273,16.309999465942383,15.5,16.309999465942383,23400
2021-08-31,16.5,16.989999771118164,15.520000457763672,15.583999633789062,57100
2021-09-01,16.899999618530273,16.989999771118164,16.420000076293945,16.65999984741211,38900
2021-09-02,16.719999313354492,17.34000015258789,16.549999237060547,16.899999618530273,38000
2021-09-03,17.139999389648438,17.229999542236328,16.172000885009766,16.610000610351562,31700
2021-09-07,16.309999465942383,17.079999923706055,16.100000381469727,17.049999237060547,40300
2021-09-08,16.43000030517578,17.09000015258789,15.989999771118164,16.309999465942383,43500
2021-09-09,15.720000267028809,16.649999618530273,15.470000267028809,16.280000686645508,59600
2021-09-10,15.4399995803833,15.979999542236328,15.369999885559082,15.699999809265137,21300
2021-09-13,14.989999771118164,15.5600004196167,14.010000228881836,15.5600004196167,49400
2021-09-14,14.229999542236328,15.40999984741211,14.069999694824219,15.130000114440918,37500
2021-09-15,15.149999618530273,15.269000053405762,14.079999923706055,14.09000015258789,28300
2021-09-16,15.34000015258789,15.869999885559082,14.84000015258789,15.010000228881836,17600
2021-09-17,16.15999984741211,16.860000610351562,15.244999885559082,15.329999923706055,69200
2021-09-20,13.90999984741211,15.324999809265137,13.489999771118164,15.300000190734863,104200
2021-09-21,15.399999618530273,15.557999610900879,14.149999618530273,14.260000228881836,47300
2021-09-22,15.720000267028809,15.819999694824219,15.119999885559082,15.239999771118164,29000
2021-09-23,16.149999618530273,16.329999923706055,15.3100004196167,15.739999771118164,48900
2021-09-24,16.149999618530273,16.469999313354492,15.770000457763672,15.850000381469727,12800
2021-09-27,16.360000610351562,17.139999389648438,16.149999618530273,16.260000228881836,53300
2021-09-28,14.779999732971191,16.08099937438965,14.699999809265137,15.949999809265137,79500
2021-09-29,15.130000114440918,15.5600004196167,14.579999923706055,15.09000015258789,23700
2021-09-30,15.220000267028809,15.90999984741211,14.710000038146973,15.119999885559082,31900
2021-10-01,15.800000190734863,15.989999771118164,14.899999618530273,15.109999656677246,38400
2021-10-04,14.220000267028809,15.710000038146973,14.0,15.710000038146973,48300
2021-10-05,14.800000190734863,15.0,14.329999923706055,14.329999923706055,30500
2021-10-06,14.319999694824219,14.74899959564209,13.869999885559082,14.333000183105469,65600
2021-10-07,14.800000190734863,15.050000190734863,14.5,14.5600004196167,20500
2021-10-08,14.09000015258789,14.710000038146973,14.0,14.710000038146973,27800
2021-10-11,13.925000190734863,14.869999885559082,13.829999923706055,14.25,45700
2021-10-12,14.180000305175781,14.199999809265137,13.75,14.0600004196167,30200
2021-10-13,14.789999961853027,14.869999885559082,14.010000228881836,14.050000190734863,27400
2021-10-14,14.649999618530273,15.1899995803833,14.199999809265137,14.649999618530273,27600
2021-10-15,14.930000305175781,15.170000076293945,14.569999694824219,15.0,27700
2021-10-18,14.729999542236328,15.09000015258789,14.390000343322754,14.720000267028809,15100
2021-10-19,15.609999656677246,15.819999694824219,14.75,14.880000114440918,44300
2021-10-20,14.859999656677246,15.970000267028809,14.760000228881836,15.680000305175781,20300
2021-10-21,14.770000457763672,15.17300033569336,14.619999885559082,14.800000190734863,10400
2021-10-22,14.550000190734863,14.829999923706055,14.079999923706055,14.65999984741211,21700
2021-10-25,13.25,14.53600025177002,13.119999885559082,14.430000305175781,97600
2021-10-26,13.199999809265137,13.930000305175781,12.8100004196167,13.630000114440918,40300
2021-10-27,13.489999771118164,13.489999771118164,12.854999542236328,13.0600004196167,35300
2021-10-28,14.170000076293945,14.40999984741211,13.430000305175781,13.489999771118164,19700
2021-10-29,13.899999618530273,14.170000076293945,13.720000267028809,14.09000015258789,17300
2021-11-01,14.380000114440918,14.529999732971191,13.920000076293945,13.920000076293945,24000
2021-11-02,14.859999656677246,14.880000114440918,14.0600004196167,14.289999961853027,29400
2021-11-03,15.279999732971191,15.399999618530273,14.619999885559082,14.710000038146973,18500
2021-11-04,15.270000457763672,15.289999961853027,14.75100040435791,15.262999534606934,19300
2021-11-05,15.6899995803833,15.899999618530273,14.894000053405762,15.3100004196167,37800
2021-11-08,15.279999732971191,15.979999542236328,15.270999908447266,15.770000457763672,41500
2021-11-09,15.020000457763672,15.569999694824219,14.5,15.430000305175781,36600
2021-11-10,13.800000190734863,14.899999618530273,13.720000267028809,14.8100004196167,26600
2021-11-11,14.970000267028809,15.0,14.050000190734863,14.050000190734863,30500
2021-11-12,15.229999542236328,15.229999542236328,14.510000228881836,14.899999618530273,16800
2021-11-15,15.739999771118164,15.899999618530273,15.055000305175781,15.34000015258789,19800
2021-11-16,16.0,16.100000381469727,15.359999656677246,15.6899995803833,35100
2021-11-17,17.489999771118164,17.489999771118164,15.659000396728516,15.729999542236328,92000
2021-11-18,17.43000030517578,18.079999923706055,16.586999893188477,17.540000915527344,157400
2021-11-19,16.049999237060547,17.72100067138672,16.049999237060547,17.469999313354492,76900
2021-11-22,14.829999923706055,16.469999313354492,14.609999656677246,16.469999313354492,60200
2021-11-23,14.140000343322754,14.725000381469727,13.289999961853027,14.649999618530273,57100
2021-11-24,15.0,15.133999824523926,13.829999923706055,13.829999923706055,20600
2021-11-26,14.619999885559082,14.619999885559082,14.0,14.270000457763672,13400
2021-11-29,14.119999885559082,14.859000205993652,13.899999618530273,14.819999694824219,25300
2021-11-30,14.279999732971191,14.84000015258789,13.670000076293945,14.0600004196167,32600
2021-12-01,12.270000457763672,14.699999809265137,12.180000305175781,14.5,56300
2021-12-02,12.729999542236328,13.10200023651123,11.522000312805176,12.210000038146973,23700
2021-12-03,10.949999809265137,13.069999694824219,10.399999618530273,13.069999694824219,113200
2021-12-06,10.140000343322754,10.949999809265137,10.0,10.899999618530273,85500
2021-12-07,11.0600004196167,11.199999809265137,10.510000228881836,10.510000228881836,59700
2021-12-08,12.329999923706055,12.33899974822998,10.82699966430664,11.0,37400
2021-12-09,11.199999809265137,12.100000381469727,11.199999809265137,12.100000381469727,21600
2021-12-10,10.829999923706055,11.5,10.529999732971191,11.460000038146973,25300
2021-12-13,10.40999984741211,11.350000381469727,10.029999732971191,10.8100004196167,23400
2021-12-14,10.0,10.470000267028809,9.59000015258789,10.100000381469727,37300
2021-12-15,10.460000038146973,10.779999732971191,9.0,10.399999618530273,74700
2021-12-16,9.869999885559082,10.989999771118164,9.729999542236328,10.75,31500
2021-12-17,9.760000228881836,10.0,9.029999732971191,9.770000457763672,68100
2021-12-20,9.420000076293945,9.739999771118164,9.210000038146973,9.300000190734863,44100
2021-12-21,9.109999656677246,9.850000381469727,9.020000457763672,9.520000457763672,55400
2021-12-22,10.229999542236328,10.399999618530273,9.494999885559082,9.850000381469727,62000
2021-12-23,10.329999923706055,10.42199993133545,9.869999885559082,10.15999984741211,27900
2021-12-27,9.850000381469727,10.180000305175781,9.699999809265137,10.180000305175781,49000
2021-12-28,9.9399995803833,10.579999923706055,9.699999809265137,10.579999923706055,70700
2021-12-29,9.920000076293945,10.149999618530273,9.529999732971191,9.979999542236328,73500
2021-12-30,10.770000457763672,11.140000343322754,9.739999771118164,10.005000114440918,98000
2021-12-31,12.0600004196167,12.489999771118164,10.960000038146973,10.960000038146973,132700
2022-01-03,12.880000114440918,13.0,12.0,12.300000190734863,53400
2022-01-04,12.569999694824219,13.25,11.46500015258789,12.930000305175781,44600
2022-01-05,10.670000076293945,12.390000343322754,10.65999984741211,12.390000343322754,48400
2022-01-06,10.5,10.84000015258789,10.258000373840332,10.699999809265137,28900
2022-01-07,10.279999732971191,10.819999694824219,9.880000114440918,10.4399995803833,38100
2022-01-10,10.079999923706055,10.279999732971191,9.8100004196167,10.09000015258789,37500
2022-01-11,10.010000228881836,10.300000190734863,9.850000381469727,10.09000015258789,29700
2022-01-12,9.920000076293945,10.149999618530273,9.829999923706055,10.0,33500
2022-01-13,9.270000457763672,10.130000114440918,9.119999885559082,10.0600004196167,42300
2022-01-14,9.510000228881836,9.989999771118164,9.029999732971191,9.029999732971191,26600
2022-01-18,8.890000343322754,9.489999771118164,8.710000038146973,9.300000190734863,54200
2022-01-19,8.760000228881836,9.76200008392334,8.630000114440918,9.0,41400
2022-01-20,9.4399995803833,10.149999618530273,8.880000114440918,8.880000114440918,59000
2022-01-21,9.1899995803833,9.739999771118164,8.979000091552734,9.4399995803833,57900
2022-01-24,8.390000343322754,9.0649995803833,7.65500020980835,8.90999984741211,90300
2022-01-25,8.300000190734863,8.819999694824219,7.781000137329102,8.029999732971191,38600
2022-01-26,8.300000190734863,8.97599983215332,8.0,8.529999732971191,39200
2022-01-27,7.699999809265137,8.383999824523926,7.610000133514404,8.350000381469727,29300
2022-01-28,8.029999732971191,8.199999809265137,7.010000228881836,7.539999961853027,73100
2022-01-31,9.406000137329102,9.770000457763672,8.020000457763672,8.020000457763672,46500
2022-02-01,9.699999809265137,10.001999855041504,8.979999542236328,9.260000228881836,28900
2022-02-02,9.630000114440918,9.909000396728516,9.390000343322754,9.829999923706055,20500
2022-02-03,8.789999961853027,9.300000190734863,8.579999923706055,9.289999961853027,21200
2022-02-04,9.020000457763672,9.4399995803833,8.529999732971191,8.640000343322754,25900
2022-02-07,9.1899995803833,9.305999755859375,8.970000267028809,9.1899995803833,11600
2022-02-08,9.0,9.229999542236328,8.600000381469727,9.079999923706055,25700
2022-02-09,9.09000015258789,9.579999923706055,8.8100004196167,9.369999885559082,56300
2022-02-10,8.670000076293945,9.350000381469727,8.539999961853027,9.180000305175781,31700
2022-02-11,8.48799991607666,8.800000190734863,8.020000457763672,8.760000228881836,32100
2022-02-14,8.199999809265137,8.649999618530273,8.020999908447266,8.460000038146973,14000
2022-02-15,8.739999771118164,8.75,8.239999771118164,8.479999542236328,22500
2022-02-16,8.960000038146973,9.300000190734863,8.440999984741211,8.539999961853027,22500
2022-02-17,9.0,9.050000190734863,8.619999885559082,8.770000457763672,19000
2022-02-18,9.0,9.3100004196167,8.59000015258789,8.850000381469727,36800
2022-02-22,9.149999618530273,9.289999961853027,8.539999961853027,8.829999923706055,49800
2022-02-23,8.300000190734863,9.074999809265137,8.220000267028809,8.829999923706055,41300
2022-02-24,8.130000114440918,8.390000343322754,7.159999847412109,7.710000038146973,45000
2022-02-25,8.390000343322754,8.680000305175781,8.119999885559082,8.329999923706055,15700
2022-02-28,8.630000114440918,8.850000381469727,8.359999656677246,8.359999656677246,25000
2022-03-01,8.260000228881836,8.880000114440918,8.220000267028809,8.640000343322754,25200
2022-03-02,8.289999961853027,8.6899995803833,8.0,8.6899995803833,17000
2022-03-03,8.020000457763672,8.489999771118164,8.0,8.479999542236328,16400
2022-03-04,8.289999961853027,8.319999694824219,7.855000019073486,8.0,14600
2022-03-07,8.5600004196167,9.130000114440918,8.1899995803833,8.25,52600
2022-03-08,8.239999771118164,8.949999809265137,7.849999904632568,8.65999984741211,65800
2022-03-09,8.359999656677246,8.788000106811523,8.020999908447266,8.539999961853027,39300
2022-03-10,8.399999618530273,8.420000076293945,8.109999656677246,8.199999809265137,12100
2022-03-11,8.369999885559082,8.470000267028809,8.140999794006348,8.470000267028809,11800
2022-03-14,7.909999847412109,8.34000015258789,7.900000095367432,8.270000457763672,23400
2022-03-15,7.809999942779541,8.130000114440918,7.5,8.083999633789062,15400
2022-03-16,8.420000076293945,8.579999923706055,7.989999771118164,8.149999618530273,19000
2022-03-17,8.899999618530273,9.170000076293945,7.989999771118164,8.25,42800
2022-03-18,8.90999984741211,9.329999923706055,8.470000267028809,9.329999923706055,35000
2022-03-21,8.800000190734863,9.069999694824219,8.380000114440918,8.850000381469727,42000
2022-03-22,9.149999618530273,9.289999961853027,8.420000076293945,9.119999885559082,29500
2022-03-23,8.109999656677246,9.050000190734863,8.0600004196167,9.050000190734863,114400
2022-03-24,8.25,8.470000267028809,8.0,8.279999732971191,84500
2022-03-25,7.96999979019165,8.420000076293945,7.960000038146973,8.199999809265137,32200
2022-03-28,8.130000114440918,8.194999694824219,7.860000133514404,8.0,21200
2022-03-29,8.050000190734863,8.300000190734863,8.0,8.130000114440918,37000
2022-03-30,8.550000190734863,9.4399995803833,8.149999618530273,9.4399995803833,60100
2022-03-31,8.800000190734863,9.0,8.600000381469727,8.670000076293945,34200
2022-04-01,9.050000190734863,9.199999809265137,8.489999771118164,8.727999687194824,18300
2022-04-04,9.3100004196167,9.380000114440918,8.65999984741211,8.800000190734863,16200
2022-04-05,9.390000343322754,9.489999771118164,8.989999771118164,9.380000114440918,22300
2022-04-06,8.539999961853027,9.25,8.449999809265137,9.25,34000
2022-04-07,8.600000381469727,8.9399995803833,8.343999862670898,8.343999862670898,12700
2022-04-08,8.1899995803833,8.609999656677246,8.130000114440918,8.5,19900
2022-04-11,8.199999809265137,8.399999618530273,8.0,8.180000305175781,18100
2022-04-12,8.1899995803833,8.600000381469727,8.0600004196167,8.3100004196167,32900
2022-04-13,8.449999809265137,8.470000267028809,8.25,8.300000190734863,7200
2022-04-14,8.399999618530273,8.690999984741211,8.140000343322754,8.579999923706055,17500
2022-04-18,7.829999923706055,8.34000015258789,7.659999847412109,8.289999961853027,17000
2022-04-19,8.25,8.5649995803833,7.900000095367432,7.900000095367432,21800
2022-04-20,8.404999732971191,8.550000190734863,8.0600004196167,8.329999923706055,31600
2022-04-21,8.279999732971191,8.579999923706055,8.1899995803833,8.460000038146973,19500
2022-04-22,8.229999542236328,8.529999732971191,8.199999809265137,8.529999732971191,19000
2022-04-25,8.375,8.539999961853027,8.010000228881836,8.229999542236328,22300
2022-04-26,8.300000190734863,8.390000343322754,8.069999694824219,8.199999809265137,14100
2022-04-27,8.100000381469727,8.350000381469727,8.0,8.199999809265137,15100
2022-04-28,8.140000343322754,8.229999542236328,8.050000190734863,8.1899995803833,15200
2022-04-29,7.710000038146973,8.265000343322754,7.630000114440918,8.149999618530273,25900
2022-05-02,8.170000076293945,8.220000267028809,7.679999828338623,7.679999828338623,15400
2022-05-03,8.539999961853027,8.550000190734863,8.0,8.0,32500
2022-05-04,8.880000114440918,8.970000267028809,8.307999610900879,8.430000305175781,32600
2022-05-05,9.25,9.25,8.708999633789062,8.819999694824219,35400
2022-05-06,9.430000305175781,9.510000228881836,9.005999565124512,9.005999565124512,38300
2022-05-09,8.4399995803833,9.369999885559082,8.37600040435791,9.260000228881836,73000
2022-05-10,8.739999771118164,8.90999984741211,8.550000190734863,8.600000381469727,16300
2022-05-11,7.989999771118164,8.640000343322754,7.747000217437744,8.640000343322754,19600
2022-05-12,8.359999656677246,8.649999618530273,7.869999885559082,7.869999885559082,49400
2022-05-13,8.960000038146973,9.109999656677246,8.333999633789062,8.460000038146973,33400
2022-05-16,8.949999809265137,9.109999656677246,8.736000061035156,8.920000076293945,27500
2022-05-17,10.300000190734863,10.5,8.930000305175781,8.930000305175781,38500
2022-05-18,10.449999809265137,11.989999771118164,10.159000396728516,10.25,74200
2022-05-19,11.75,12.270000457763672,10.319999694824219,10.319999694824219,75400
2022-05-20,11.0,13.40999984741211,9.319999694824219,11.640000343322754,253700
2022-05-23,11.609999656677246,11.640000343322754,10.260000228881836,10.260000228881836,47200
2022-05-24,11.199999809265137,11.399999618530273,10.75,11.380000114440918,20500
2022-05-25,11.140000343322754,11.8100004196167,10.579999923706055,11.8100004196167,32000
2022-05-26,11.949999809265137,12.239999771118164,11.260000228881836,11.460000038146973,39000
2022-05-27,13.539999961853027,13.739999771118164,11.795000076293945,12.09000015258789,72800
2022-05-31,13.199999809265137,13.699999809265137,12.906000137329102,13.199999809265137,37700
2022-06-01,12.430000305175781,13.600000381469727,12.430000305175781,13.390000343322754,69600
2022-06-02,12.270000457763672,13.40999984741211,12.050000190734863,12.449999809265137,48100
2022-06-03,12.420000076293945,12.604000091552734,12.032999992370605,12.1899995803833,26200
2022-06-06,12.229999542236328,12.520000457763672,11.680000305175781,12.520000457763672,33600
2022-06-07,12.550000190734863,13.019000053405762,12.0,12.0,21400
2022-06-08,11.760000228881836,12.444000244140625,11.760000228881836,12.100000381469727,32400
2022-06-09,11.550000190734863,12.390000343322754,11.324000358581543,12.369999885559082,41800
2022-06-10,12.279999732971191,12.300000190734863,11.057999610900879,11.5,28400
2022-06-13,11.760000228881836,12.0,11.199999809265137,11.890000343322754,35400
2022-06-14,11.34000015258789,12.130000114440918,11.210000038146973,11.84000015258789,50800
2022-06-15,11.510000228881836,12.319999694824219,11.449999809265137,11.6899995803833,44000
2022-06-16,11.0,11.352999687194824,10.697999954223633,11.239999771118164,60000
2022-06-17,11.489999771118164,11.539999961853027,10.510000228881836,10.65999984741211,54600
2022-06-21,12.020000457763672,12.119999885559082,11.300000190734863,11.670000076293945,43400
2022-06-22,12.140000343322754,12.619999885559082,11.510000228881836,12.119999885559082,35400
2022-06-23,12.729999542236328,12.859999656677246,11.550000190734863,12.3100004196167,40500
2022-06-24,12.770000457763672,13.239999771118164,11.821000099182129,12.729999542236328,54100
2022-06-27,12.270000457763672,12.829999923706055,11.979999542236328,12.829999923706055,31100
2022-06-28,12.199999809265137,12.593999862670898,11.62399959564209,11.989999771118164,27900
2022-06-29,12.210000038146973,12.34000015258789,11.65999984741211,12.100000381469727,30000
2022-06-30,12.239999771118164,12.319999694824219,11.520000457763672,11.75,19900
2022-07-01,11.859999656677246,12.180000305175781,11.65999984741211,12.180000305175781,17800
2022-07-05,11.579999923706055,11.899999618530273,11.520000457763672,11.729999542236328,12400
2022-07-06,11.260000228881836,11.819999694824219,11.260000228881836,11.550000190734863,9400
2022-07-07,12.029999732971191,12.192999839782715,11.595000267028809,11.595000267028809,5000
2022-07-08,11.739999771118164,12.210000038146973,11.449999809265137,11.5,24300
2022-07-11,11.319999694824219,11.5,10.880000114440918,11.5,31700
2022-07-12,11.039999961853027,11.470000267028809,10.920000076293945,11.229999542236328,12800
2022-07-13,11.100000381469727,11.479999542236328,10.720000267028809,11.0,20500
2022-07-14,10.739999771118164,11.15999984741211,10.52400016784668,11.020000457763672,18200
2022-07-15,10.539999961853027,10.9399995803833,10.5,10.819999694824219,19400
2022-07-18,10.619999885559082,11.0,10.550000190734863,10.550000190734863,35000
2022-07-19,11.039999961853027,11.420000076293945,10.420000076293945,10.84000015258789,30300
2022-07-20,11.260000228881836,11.600000381469727,10.729999542236328,11.09000015258789,66700
2022-07-21,10.90999984741211,11.560999870300293,10.779999732971191,11.300000190734863,44400
2022-07-22,10.029999732971191,11.265000343322754,9.899999618530273,11.069999694824219,50900
2022-07-25,10.0600004196167,10.286999702453613,9.770000457763672,10.010000228881836,10100
2022-07-26,10.010000228881836,10.520000457763672,9.833000183105469,9.869999885559082,11700
2022-07-27,10.149999618530273,10.449999809265137,9.859999656677246,9.989999771118164,21300
2022-07-28,11.369999885559082,11.5,10.156000137329102,10.359999656677246,25100
2022-07-29,11.949999809265137,12.079999923706055,10.470000267028809,11.369999885559082,13500
2022-08-01,11.75,12.0,11.479999542236328,11.640000343322754,13100
2022-08-02,11.579999923706055,11.786999702453613,11.1899995803833,11.630000114440918,24400
2022-08-03,11.470000267028809,11.649999618530273,11.220000267028809,11.510000228881836,13800
2022-08-04,11.239999771118164,12.184000015258789,10.470000267028809,11.779999732971191,63700
2022-08-05,11.75,11.760000228881836,11.0,11.0,15500
2022-08-08,11.34000015258789,12.140000343322754,11.3100004196167,12.050000190734863,23700
2022-08-09,11.25,11.65999984741211,11.180999755859375,11.489999771118164,8000
2022-08-10,13.449999809265137,13.5,11.050000190734863,11.470000267028809,72400
2022-08-11,13.1899995803833,13.510000228881836,12.899999618530273,13.510000228881836,27600
2022-08-12,14.1899995803833,14.199999809265137,12.82699966430664,13.449999809265137,32900
2022-08-15,14.270000457763672,14.270000457763672,13.510000228881836,14.199999809265137,30100
2022-08-16,13.930000305175781,14.84000015258789,13.0,13.0,48300
2022-08-17,13.460000038146973,13.920000076293945,13.25,13.6899995803833,29400
2022-08-18,13.380000114440918,13.880000114440918,13.350000381469727,13.880000114440918,9400
2022-08-19,12.75,13.413000106811523,12.67300033569336,13.25,8300
2022-08-22,12.619999885559082,12.98799991607666,12.329999923706055,12.529999732971191,5700
2022-08-23,13.039999961853027,13.053999900817871,12.479999542236328,12.479999542236328,4200
2022-08-24,13.225000381469727,13.347999572753906,13.039999961853027,13.076000213623047,6700
2022-08-25,13.475000381469727,13.475000381469727,13.062999725341797,13.104999542236328,5100
2022-08-26,13.300000190734863,13.725000381469727,12.899999618530273,13.390000343322754,15300
2022-08-29,13.571000099182129,14.0,12.710000038146973,12.930000305175781,15800
2022-08-30,13.75,13.800000190734863,13.0,13.800000190734863,20900
2022-08-31,14.5,14.59000015258789,13.609999656677246,13.720000267028809,24700
2022-09-01,13.970000267028809,14.324999809265137,13.510000228881836,14.170000076293945,9700
2022-09-02,14.050000190734863,14.390000343322754,13.868000030517578,13.982000350952148,10900
2022-09-06,13.800000190734863,14.3100004196167,13.75,13.75,11000
2022-09-07,14.649999618530273,14.649999618530273,13.5,13.520000457763672,14400
2022-09-08,14.510000228881836,14.890000343322754,14.180000305175781,14.5,25600
2022-09-09,14.470000267028809,14.890000343322754,14.369999885559082,14.859999656677246,15000
2022-09-12,13.989999771118164,14.75,13.984000205993652,14.40999984741211,16600
2022-09-13,13.260000228881836,13.800000190734863,13.100000381469727,13.729999542236328,12200
2022-09-14,13.630000114440918,13.75,13.300000190734863,13.300000190734863,6700
2022-09-15,13.630000114440918,13.630000114440918,13.350000381469727,13.479999542236328,7600
2022-09-16,13.399999618530273,13.609999656677246,12.989999771118164,13.390000343322754,20600
2022-09-19,13.390000343322754,13.630000114440918,12.770000457763672,13.170000076293945,7000
2022-09-20,12.970000267028809,13.319999694824219,12.699999809265137,13.100000381469727,13200
2022-09-21,12.866999626159668,13.289999961853027,12.5600004196167,13.289999961853027,5400
2022-09-22,11.979999542236328,12.899999618530273,11.770000457763672,12.819999694824219,31600
2022-09-23,11.300000190734863,11.96500015258789,10.65999984741211,11.96500015258789,24600
2022-09-26,11.109999656677246,11.409000396728516,10.949999809265137,11.239999771118164,10300
2022-09-27,10.890000343322754,11.717000007629395,10.880000114440918,11.100000381469727,8000
2022-09-28,11.350000381469727,11.949999809265137,10.890000343322754,10.970000267028809,14900
2022-09-29,10.805000305175781,12.0,10.586000442504883,11.168999671936035,15300
2022-09-30,10.350000381469727,11.670000076293945,10.13599967956543,10.994000434875488,18000
2022-10-03,11.199999809265137,11.819999694824219,10.649999618530273,10.649999618530273,29700
2022-10-04,11.300000190734863,11.868000030517578,11.15999984741211,11.300000190734863,21900
2022-10-05,11.149999618530273,11.5,11.020000457763672,11.25,18100
2022-10-06,11.413000106811523,11.678999900817871,10.621999740600586,11.020000457763672,6700
2022-10-07,10.350000381469727,11.350000381469727,10.229999542236328,11.25,21900
2022-10-10,10.270000457763672,10.979999542236328,10.10099983215332,10.760000228881836,7000
2022-10-11,8.960000038146973,10.100000381469727,8.930000305175781,9.989999771118164,24900
2022-10-12,8.710000038146973,9.640000343322754,8.710000038146973,9.600000381469727,16400
2022-10-13,9.739999771118164,9.949999809265137,8.609999656677246,8.609999656677246,31800
2022-10-14,9.789999961853027,10.5,9.460000038146973,10.5,24100
2022-10-17,9.989999771118164,10.819999694824219,9.09000015258789,10.100000381469727,15300
2022-10-18,10.609999656677246,10.789999961853027,10.371999740600586,10.371999740600586,7000
2022-10-19,10.369999885559082,10.819999694824219,10.369999885559082,10.65999984741211,9900
2022-10-20,10.880000114440918,10.880000114440918,10.319999694824219,10.510000228881836,6700
2022-10-21,11.550000190734863,11.8100004196167,11.0,11.010000228881836,18200
2022-10-24,11.5,11.963000297546387,11.329999923706055,11.720000267028809,9100
2022-10-25,11.65999984741211,12.095000267028809,11.510000228881836,11.880000114440918,8500
2022-10-26,11.109999656677246,11.779999732971191,11.069999694824219,11.739999771118164,10800
2022-10-27,11.109999656677246,11.663999557495117,10.75,11.380000114440918,1700
2022-10-28,11.319999694824219,11.319999694824219,10.734999656677246,11.1899995803833,15600
2022-10-31,11.609999656677246,11.979999542236328,11.039999961853027,11.039999961853027,12500
2022-11-01,12.069999694824219,12.260000228881836,11.399999618530273,11.600000381469727,16400
2022-11-02,11.390000343322754,12.300000190734863,11.109999656677246,11.890000343322754,21200
2022-11-03,11.140000343322754,11.654000282287598,10.880000114440918,10.880000114440918,10800
2022-11-04,11.649999618530273,11.65999984741211,11.288999557495117,11.390000343322754,4500
2022-11-07,11.239999771118164,11.640000343322754,11.229999542236328,11.329999923706055,9000
2022-11-08,11.680000305175781,11.970000267028809,11.359999656677246,11.449999809265137,11400
2022-11-09,11.130000114440918,11.87399959564209,11.100000381469727,11.645000457763672,7700
2022-11-10,12.149999618530273,12.149999618530273,11.083000183105469,12.0,15600
2022-11-11,11.949999809265137,12.380000114440918,11.628999710083008,12.0600004196167,20300
2022-11-14,13.550000190734863,14.446000099182129,12.380000114440918,12.380000114440918,121800
2022-11-15,13.75,14.479999542236328,13.0,14.329999923706055,35600
2022-11-16,13.75,13.819999694824219,13.300000190734863,13.8100004196167,18200
2022-11-17,12.930000305175781,13.515000343322754,12.531000137329102,13.420000076293945,36700
2022-11-18,12.899999618530273,13.119999885559082,12.54800033569336,12.949999809265137,11700
2022-11-21,12.5,12.730999946594238,12.15999984741211,12.510000228881836,11700
2022-11-22,11.970000267028809,12.5,11.90999984741211,12.489999771118164,9700
2022-11-23,12.529999732971191,12.579999923706055,11.949999809265137,11.989999771118164,10900
2022-11-25,12.100000381469727,12.40999984741211,11.937999725341797,12.40999984741211,1700
2022-11-28,12.180000305175781,12.267000198364258,12.15999984741211,12.170000076293945,2600
2022-11-29,11.57699966430664,12.399999618530273,11.350000381469727,12.399999618530273,13800
2022-11-30,12.079999923706055,12.182000160217285,11.850000381469727,12.010000228881836,3200
2022-12-01,12.079999923706055,12.079999923706055,12.079999923706055,12.079999923706055,300
2022-12-02,11.859999656677246,11.859999656677246,11.489999771118164,11.489999771118164,2500
2022-12-05,11.329999923706055,11.8149995803833,11.170000076293945,11.729999542236328,16900
2022-12-06,10.600000381469727,11.454999923706055,10.550999641418457,11.454999923706055,9600
2022-12-07,10.680999755859375,10.850000381469727,10.4399995803833,10.4399995803833,2600
2022-12-08,10.510000228881836,10.989999771118164,10.369999885559082,10.791000366210938,8800
2022-12-09,10.0,10.729999542236328,10.0,10.729999542236328,20400
2022-12-12,10.020000457763672,10.279999732971191,9.65999984741211,10.260000228881836,15800
2022-12-13,10.109999656677246,10.5,9.965999603271484,10.350000381469727,11300
2022-12-14,10.149999618530273,10.571999549865723,9.949999809265137,9.949999809265137,5800
2022-12-15,10.402999877929688,10.579999923706055,10.079000473022461,10.079000473022461,2700
2022-12-16,10.270000457763672,10.739999771118164,10.270000457763672,10.5,8000
2022-12-19,11.859999656677246,12.029999732971191,10.232000350952148,10.329999923706055,45700
2022-12-20,12.5,12.949999809265137,11.739999771118164,11.739999771118164,45200
2022-12-21,11.869999885559082,12.729999542236328,11.819999694824219,12.65999984741211,11700
2022-12-22,11.960000038146973,11.960000038146973,11.423999786376953,11.760000228881836,3200
2022-12-23,11.680000305175781,12.321999549865723,11.270000457763672,11.789999961853027,12900
2022-12-27,11.137999534606934,11.666999816894531,11.008000373840332,11.008000373840332,8500
2022-12-28,10.109999656677246,11.244999885559082,10.109999656677246,11.109999656677246,33700
2022-12-29,10.319999694824219,10.460000038146973,10.0,10.270000457763672,9900
2022-12-30,10.699999809265137,10.699999809265137,9.479999542236328,10.15999984741211,60000
2023-01-03,10.890000343322754,10.890000343322754,10.5600004196167,10.84000015258789,11900
2023-01-04,10.59000015258789,10.920000076293945,10.59000015258789,10.800000190734863,5500
2023-01-05,10.175000190734863,10.399999618530273,10.100000381469727,10.300000190734863,9800
2023-01-06,10.623000144958496,10.739999771118164,10.199999809265137,10.300000190734863,10400
2023-01-09,11.21500015258789,11.21500015258789,10.65999984741211,10.65999984741211,3400
2023-01-10,11.359999656677246,11.359999656677246,11.020000457763672,11.105999946594238,5900
2023-01-11,11.539999961853027,11.569999694824219,11.118000030517578,11.289999961853027,11300
2023-01-12,11.97599983215332,12.0,10.970000267028809,11.510000228881836,16900
2023-01-13,12.180000305175781,12.350000381469727,11.829999923706055,11.869999885559082,11600
2023-01-17,12.279999732971191,12.350000381469727,11.470999717712402,12.279999732971191,11900
2023-01-18,12.0,12.319999694824219,11.760000228881836,12.319999694824219,3900
2023-01-19,11.449999809265137,12.029999732971191,11.430000305175781,11.75,6600
2023-01-20,11.600000381469727,11.979999542236328,11.319999694824219,11.449999809265137,7600
2023-01-23,11.65999984741211,12.14799976348877,11.597000122070312,11.680000305175781,3900
2023-01-24,11.75,12.229999542236328,11.539999961853027,11.649999618530273,6600
2023-01-25,12.739999771118164,13.899999618530273,12.041000366210938,12.149999618530273,130800
2023-01-26,12.880000114440918,13.489999771118164,12.710000038146973,13.210000038146973,24300
2023-01-27,13.0,13.260000228881836,12.40999984741211,12.770000457763672,29400
2023-01-30,12.350000381469727,13.1899995803833,12.300000190734863,12.550000190734863,12800
2023-01-31,12.65999984741211,12.956999778747559,12.270000457763672,12.34000015258789,14900
2023-02-01,12.649999618530273,13.130000114440918,12.220000267028809,12.65999984741211,16900
2023-02-02,12.8100004196167,13.100000381469727,12.369999885559082,12.649999618530273,9000
2023-02-03,12.520000457763672,13.130000114440918,12.326000213623047,12.59000015258789,7500
2023-02-06,12.470000267028809,12.670000076293945,12.350000381469727,12.520000457763672,6700
2023-02-07,12.489999771118164,12.65999984741211,12.253000259399414,12.319999694824219,18900
2023-02-08,12.40999984741211,12.850000381469727,12.270000457763672,12.446999549865723,18500
2023-02-09,12.5,12.704999923706055,12.409000396728516,12.609999656677246,14900
2023-02-10,12.539999961853027,12.539999961853027,12.229999542236328,12.494999885559082,9000
2023-02-13,12.586999893188477,12.649999618530273,12.413999557495117,12.550000190734863,7900
2023-02-14,12.640000343322754,13.069999694824219,12.640000343322754,12.640000343322754,6900
2023-02-15,12.930000305175781,13.260000228881836,12.75,12.78499984741211,13600
2023-02-16,13.100000381469727,13.5,12.899999618530273,13.0,32900
2023-02-17,12.789999961853027,13.489999771118164,12.789999961853027,13.029999732971191,5200
2023-02-21,12.319999694824219,12.75,11.899999618530273,12.75,20400
2023-02-22,12.210000038146973,12.670000076293945,12.050000190734863,12.109999656677246,3800
2023-02-23,12.239999771118164,12.6899995803833,12.149999618530273,12.489999771118164,6500
2023-02-24,11.829999923706055,12.050000190734863,11.539999961853027,12.050000190734863,3700
2023-02-27,11.960000038146973,12.0,11.65999984741211,11.75,3500
2023-02-28,12.020000457763672,12.8100004196167,11.71500015258789,11.880000114440918,9000
2023-03-01,12.0,12.210000038146973,11.75,12.210000038146973,7700
2023-03-02,11.649999618530273,12.199999809265137,11.59000015258789,12.0,21800
2023-03-03,11.65999984741211,12.329999923706055,11.494000434875488,12.329999923706055,10300
2023-03-06,11.579999923706055,11.741999626159668,11.329999923706055,11.741999626159668,24300
2023-03-07,11.0,11.48900032043457,10.989999771118164,11.40999984741211,13600
2023-03-08,11.0,11.569999694824219,10.789999961853027,10.789999961853027,4800
2023-03-09,11.475000381469727,11.90999984741211,11.100000381469727,11.100000381469727,10800
2023-03-10,11.069999694824219,11.449999809265137,10.609999656677246,11.449999809265137,36700
2023-03-13,10.935999870300293,11.329999923706055,10.8100004196167,11.0600004196167,5700
2023-03-14,11.369999885559082,11.616999626159668,11.010000228881836,11.010000228881836,13500
2023-03-15,11.149999618530273,11.510000228881836,10.979999542236328,11.369999885559082,21700
2023-03-16,11.15999984741211,11.37399959564209,11.029999732971191,11.37399959564209,5200
2023-03-17,11.0,11.395000457763672,10.800000190734863,11.140000343322754,22300
2023-03-20,10.510000228881836,11.050000190734863,10.25,11.017999649047852,21700
2023-03-21,10.649999618530273,11.015000343322754,10.579999923706055,10.579999923706055,6800
2023-03-22,10.359999656677246,11.0,10.3100004196167,10.770000457763672,24200
2023-03-23,10.40999984741211,10.979999542236328,10.319999694824219,10.550000190734863,32100
2023-03-24,10.210000038146973,10.63700008392334,10.199999809265137,10.529999732971191,23400
2023-03-27,9.869999885559082,10.229999542236328,9.8149995803833,10.229999542236328,22600
2023-03-28,9.630000114440918,9.869999885559082,9.300000190734863,9.75,14300
2023-03-29,9.680000305175781,10.050000190734863,9.420999526977539,9.57699966430664,14900
2023-03-30,9.90999984741211,10.140000343322754,9.66100025177002,10.039999961853027,19000
2023-03-31,10.449999809265137,10.579999923706055,9.892999649047852,10.239999771118164,7900
2023-04-03,10.4399995803833,10.449999809265137,10.109999656677246,10.289999961853027,5600
2023-04-04,10.779999732971191,10.8100004196167,10.069999694824219,10.069999694824219,10100
2023-04-05,10.84000015258789,10.880000114440918,10.550000190734863,10.75,8500
2023-04-06,10.6899995803833,10.869999885559082,10.550000190734863,10.550000190734863,10100
2023-04-10,10.800000190734863,10.800000190734863,10.380000114440918,10.600000381469727,8800
2023-04-11,10.550000190734863,10.880000114440918,10.503999710083008,10.503999710083008,4500
2023-04-12,10.609999656677246,10.710000038146973,10.529000282287598,10.710000038146973,2900
2023-04-13,10.800000190734863,10.84000015258789,10.600000381469727,10.84000015258789,5900
2023-04-14,10.454999923706055,10.760000228881836,10.319999694824219,10.699999809265137,13900
2023-04-17,10.40999984741211,10.4399995803833,10.350000381469727,10.404999732971191,4000
2023-04-18,9.960000038146973,10.46399974822998,9.720000267028809,10.380000114440918,8400
2023-04-19,10.399999618530273,10.449999809265137,9.960000038146973,9.960000038146973,8700
2023-04-20,10.029999732971191,10.229999542236328,10.029999732971191,10.229999542236328,3800
2023-04-21,9.90999984741211,9.947999954223633,9.90999984741211,9.947999954223633,1000
2023-04-24,10.625,10.800000190734863,9.989999771118164,9.989999771118164,12000
2023-04-25,10.640000343322754,10.9399995803833,10.305000305175781,10.619999885559082,18100
2023-04-26,9.732999801635742,10.579999923706055,9.729000091552734,10.020999908447266,30100
2023-04-27,9.850000381469727,10.3100004196167,9.630000114440918,9.960000038146973,7600
2023-04-28,9.979999542236328,10.0,9.180000305175781,9.760000228881836,26300
2023-05-01,9.484999656677246,9.986000061035156,9.40999984741211,9.614999771118164,25500
2023-05-02,9.640000343322754,9.789999961853027,9.520000457763672,9.520000457763672,4300
2023-05-03,9.350000381469727,9.944999694824219,9.350000381469727,9.5,11300
2023-05-04,8.92199993133545,9.350000381469727,8.40999984741211,9.350000381469727,33100
2023-05-05,9.350000381469727,9.550000190734863,8.65999984741211,8.65999984741211,11800
2023-05-08,9.09000015258789,9.5,9.079999923706055,9.3100004196167,10600
2023-05-09,9.420000076293945,9.579999923706055,8.99899959564209,9.140000343322754,7200
2023-05-10,9.609999656677246,9.880000114440918,9.270000457763672,9.420000076293945,23300
2023-05-11,9.199999809265137,9.699999809265137,9.149999618530273,9.449999809265137,4900
2023-05-12,9.041000366210938,9.199999809265137,8.970000267028809,9.1899995803833,31400
2023-05-15,9.300000190734863,9.3100004196167,8.800000190734863,9.0,12300
2023-05-16,9.020000457763672,9.883999824523926,9.020000457763672,9.399999618530273,23500
2023-05-17,9.496000289916992,9.779999732971191,9.010000228881836,9.210000038146973,35700
2023-05-18,9.270000457763672,9.75,9.164999961853027,9.4399995803833,19300
2023-05-19,9.489999771118164,9.569999694824219,9.1899995803833,9.34000015258789,10100
2023-05-22,10.369999885559082,10.5,9.430000305175781,9.430000305175781,21400
2023-05-23,10.670000076293945,10.75,10.454999923706055,10.5,7200
2023-05-24,10.569999694824219,10.710000038146973,10.314000129699707,10.710000038146973,2200
2023-05-25,10.5,10.579999923706055,10.15999984741211,10.15999984741211,8000
2023-05-26,11.289999961853027,11.369999885559082,10.380000114440918,10.380000114440918,14800
2023-05-30,11.350000381469727,11.5,10.960000038146973,11.329999923706055,14700
2023-05-31,11.199999809265137,11.460000038146973,11.024999618530273,11.1899995803833,2400
2023-06-01,11.289999961853027,11.289999961853027,10.78600025177002,10.78600025177002,3100
2023-06-02,11.100000381469727,11.430000305175781,11.100000381469727,11.430000305175781,5200
2023-06-05,11.300000190734863,11.486000061035156,11.03499984741211,11.130000114440918,10700
2023-06-06,10.819999694824219,11.015000343322754,10.579999923706055,10.769000053405762,19800
2023-06-07,11.140000343322754,11.479999542236328,11.0,11.0,7300
2023-06-08,11.0,11.380000114440918,10.8100004196167,11.25,20800
2023-06-09,11.0,11.274999618530273,10.83899974822998,11.274999618530273,5400
2023-06-12,11.024999618530273,11.300000190734863,10.819999694824219,11.010000228881836,5200
2023-06-13,11.170000076293945,11.25,11.105999946594238,11.25,26100
2023-06-14,10.6899995803833,11.489999771118164,10.6899995803833,11.149999618530273,34400
2023-06-15,10.949999809265137,11.239999771118164,10.609999656677246,10.75,14000
2023-06-16,10.989999771118164,11.036999702453613,10.850000381469727,10.972000122070312,21300
2023-06-20,10.65999984741211,11.152000427246094,10.65999984741211,10.970000267028809,9400
2023-06-21,10.800000190734863,11.0,10.770000457763672,10.800000190734863,10000
2023-06-22,10.800000190734863,10.949999809265137,10.555999755859375,10.949999809265137,3700
2023-06-23,10.84000015258789,10.859999656677246,10.649999618530273,10.649999618530273,6800
2023-06-26,10.574999809265137,10.96399974822998,10.5,10.859999656677246,11400
2023-06-27,11.010000228881836,11.010000228881836,10.6899995803833,10.6899995803833,7900
2023-06-28,11.979999542236328,12.3100004196167,10.649999618530273,10.850000381469727,23500
2023-06-29,11.835000038146973,11.979999542236328,11.210000038146973,11.859999656677246,24900
2023-06-30,11.800000190734863,12.0,11.510000228881836,11.949999809265137,22500
2023-07-03,11.819999694824219,12.039999961853027,11.789999961853027,11.789999961853027,5300
2023-07-05,11.260000228881836,12.0,11.244999885559082,11.869999885559082,7100
2023-07-06,11.199999809265137,11.5,10.880000114440918,11.5,10700
2023-07-07,11.600000381469727,11.600000381469727,10.930000305175781,11.289999961853027,22100
2023-07-10,11.170000076293945,11.600000381469727,11.119999885559082,11.319999694824219,14500
2023-07-11,10.756999969482422,11.600000381469727,10.619999885559082,11.300000190734863,23400
2023-07-12,11.020000457763672,11.215999603271484,10.630000114440918,10.84000015258789,18800
2023-07-13,11.289999961853027,11.470000267028809,10.640000343322754,11.020000457763672,21600
2023-07-14,11.640000343322754,11.6899995803833,11.09000015258789,11.206000328063965,10900
2023-07-17,12.529999732971191,12.729999542236328,11.428999900817871,11.489999771118164,42600
2023-07-18,12.550000190734863,12.729999542236328,12.225000381469727,12.5,66400
2023-07-19,12.5,12.626999855041504,11.991000175476074,12.5,21300
2023-07-20,12.109999656677246,12.489999771118164,12.109999656677246,12.489999771118164,7500
2023-07-21,12.079999923706055,12.5600004196167,12.079999923706055,12.109999656677246,10600
2023-07-24,12.010000228881836,12.010000228881836,11.489999771118164,11.489999771118164,9300
2023-07-25,12.010000228881836,12.25,11.729999542236328,11.899999618530273,9600
2023-07-26,12.0,12.0,11.75,11.968999862670898,4000
2023-07-27,11.619999885559082,12.0,11.380000114440918,12.0,21100
2023-07-28,11.59000015258789,12.079999923706055,11.300000190734863,11.59000015258789,11100
2023-07-31,12.1899995803833,12.494999885559082,11.449999809265137,11.520000457763672,26700
2023-08-01,12.449999809265137,12.720000267028809,11.902000427246094,12.489999771118164,24500
2023-08-02,12.380000114440918,12.829999923706055,11.845000267028809,12.270000457763672,13800
2023-08-03,12.0600004196167,12.670000076293945,12.010000228881836,12.140000343322754,8800
2023-08-04,12.369999885559082,12.520000457763672,12.109999656677246,12.3149995803833,5300
2023-08-07,12.229999542236328,12.5,12.0600004196167,12.5,6100
2023-08-08,11.829999923706055,12.430000305175781,11.5600004196167,12.430000305175781,10600
2023-08-09,11.220000267028809,11.960000038146973,10.789999961853027,11.960000038146973,35400
2023-08-10,10.609999656677246,11.699999809265137,10.5,11.0,28000
2023-08-11,11.199999809265137,11.595000267028809,10.720000267028809,10.720000267028809,24800
2023-08-14,11.170000076293945,11.819999694824219,10.899999618530273,10.9399995803833,8100
2023-08-15,11.0,11.678999900817871,11.0,11.170000076293945,19200
2023-08-16,10.649999618530273,11.229999542236328,10.649999618530273,11.109999656677246,11100
2023-08-17,10.600000381469727,10.925000190734863,10.600000381469727,10.770000457763672,4800
2023-08-18,10.59000015258789,11.050000190734863,10.5,10.5,3800
2023-08-21,10.539999961853027,10.859999656677246,10.539999961853027,10.859999656677246,5000
2023-08-22,10.760000228881836,11.600000381469727,10.510000228881836,10.975000381469727,30200
2023-08-23,11.5,12.270999908447266,10.75,10.989999771118164,42700
2023-08-24,11.270000457763672,11.98799991607666,11.199999809265137,11.8100004196167,11600
2023-08-25,11.24899959564209,11.4399995803833,11.069999694824219,11.069999694824219,5900
2023-08-28,11.279999732971191,12.390000343322754,11.125,11.170000076293945,18700
2023-08-29,10.619999885559082,11.859999656677246,10.270000457763672,11.140000343322754,93300
2023-08-30,10.460000038146973,10.880000114440918,10.359999656677246,10.640000343322754,18500
2023-08-31,10.100000381469727,10.800000190734863,10.100000381469727,10.619999885559082,20100
2023-09-01,10.199999809265137,10.399999618530273,10.133000373840332,10.300000190734863,12900
2023-09-05,10.210000038146973,10.739999771118164,9.899999618530273,10.199999809265137,33400
2023-09-06,10.369999885559082,10.373000144958496,10.079999923706055,10.079999923706055,4300
2023-09-07,10.100000381469727,10.539999961853027,10.010000228881836,10.350000381469727,10400
2023-09-08,10.388999938964844,10.388999938964844,10.079999923706055,10.100000381469727,7200
2023-09-11,10.170000076293945,10.399999618530273,10.100000381469727,10.300000190734863,8200
2023-09-12,10.359999656677246,10.359999656677246,10.130000114440918,10.130000114440918,4900
2023-09-13,10.420000076293945,10.59000015258789,10.350000381469727,10.350000381469727,5800
2023-09-14,10.5,10.680000305175781,10.289999961853027,10.479999542236328,6400
2023-09-15,10.989999771118164,11.0,10.069999694824219,10.380000114440918,41600
2023-09-18,10.270000457763672,10.789999961853027,10.109999656677246,10.789999961853027,7700
2023-09-19,10.449999809265137,10.739999771118164,9.859999656677246,10.010000228881836,34400
2023-09-20,10.149999618530273,10.279999732971191,10.097999572753906,10.173999786376953,2500
2023-09-21,10.140000343322754,10.1899995803833,9.75,10.1899995803833,19000
2023-09-22,9.8100004196167,10.140000343322754,9.8100004196167,10.140000343322754,3200
2023-09-25,9.949999809265137,10.170000076293945,9.779999732971191,9.789999961853027,17400
2023-09-26,10.0,10.4399995803833,9.880000114440918,9.960000038146973,23500
2023-09-27,9.90999984741211,10.149999618530273,9.899999618530273,10.126999855041504,10500
2023-09-28,10.020000457763672,10.359999656677246,9.800000190734863,10.359999656677246,2500
2023-09-29,9.694999694824219,10.050000190734863,9.510000228881836,10.050000190734863,19600
2023-10-02,9.449999809265137,9.76099967956543,9.27400016784668,9.59000015258789,20400
2023-10-03,8.557999610900879,9.350000381469727,8.489999771118164,9.25,50400
2023-10-04,8.979999542236328,9.0,8.5,8.65999984741211,17600
2023-10-05,8.600000381469727,8.972999572753906,8.489999771118164,8.810999870300293,29400
2023-10-06,9.140000343322754,9.140000343322754,8.430000305175781,8.6899995803833,47500
2023-10-09,9.149999618530273,9.399999618530273,8.833000183105469,9.149999618530273,11300
2023-10-10,9.15999984741211,9.503999710083008,9.008999824523926,9.149999618530273,5500
2023-10-11,9.119999885559082,9.630000114440918,9.119999885559082,9.170000076293945,7500
2023-10-12,9.15999984741211,9.239999771118164,8.800000190734863,9.239999771118164,1900
2023-10-13,9.100000381469727,9.670000076293945,8.90999984741211,9.029999732971191,2200
2023-10-16,9.210000038146973,9.399999618530273,9.09000015258789,9.09000015258789,15600
2023-10-17,9.149999618530273,9.25,9.0600004196167,9.0600004196167,6300
2023-10-18,9.050000190734863,9.5,9.050000190734863,9.210000038146973,3500
2023-10-19,9.0,9.411999702453613,8.949999809265137,9.411999702453613,9100
2023-10-20,8.786999702453613,9.270000457763672,8.699999809265137,9.010000228881836,10200
2023-10-23,8.458999633789062,8.75,8.458999633789062,8.75,17800
2023-10-24,8.100000381469727,8.739999771118164,8.0,8.470000267028809,24600
2023-10-25,7.758999824523926,8.170999526977539,7.758999824523926,8.050000190734863,17800
2023-10-26,7.679999828338623,7.789999961853027,7.650000095367432,7.78000020980835,8500
2023-10-27,7.289999961853027,7.889999866485596,7.010000228881836,7.889999866485596,40500
2023-10-30,7.5,7.769999980926514,7.28000020980835,7.360000133514404,13800
2023-10-31,7.46999979019165,7.550000190734863,7.230000019073486,7.360000133514404,6300
2023-11-01,7.46999979019165,7.769999980926514,7.434999942779541,7.590000152587891,6900
2023-11-02,7.739999771118164,8.029999732971191,7.539999961853027,7.539999961853027,9700
2023-11-03,8.3100004196167,8.729999542236328,7.829999923706055,7.829999923706055,14400
2023-11-06,8.319999694824219,8.710000038146973,8.319999694824219,8.319999694824219,1300
2023-11-07,8.199999809265137,8.321999549865723,8.140000343322754,8.210000038146973,4300
2023-11-08,7.900000095367432,8.100000381469727,7.800000190734863,8.100000381469727,5300
2023-11-09,7.929999828338623,8.1899995803833,7.900000095367432,8.112000465393066,1200
2023-11-10,7.802000045776367,7.900000095367432,7.728000164031982,7.900000095367432,8600
2023-11-13,8.180000305175781,8.180000305175781,7.789999961853027,7.800000190734863,8500
2023-11-14,7.860000133514404,8.229999542236328,7.599999904632568,7.599999904632568,13400
2023-11-15,8.6899995803833,9.0,8.085000038146973,8.279999732971191,14400
2023-11-16,8.40999984741211,8.788999557495117,8.180000305175781,8.6899995803833,12000
2023-11-17,8.300000190734863,8.609999656677246,8.300000190734863,8.4350004196167,6400
2023-11-20,8.5600004196167,8.840999603271484,8.25,8.4399995803833,13400
2023-11-21,8.899999618530273,8.9399995803833,8.600000381469727,8.600000381469727,11700
2023-11-22,8.40999984741211,8.979999542236328,8.270000457763672,8.979999542236328,7800
2023-11-24,8.989999771118164,8.989999771118164,8.5,8.5,4400
2023-11-27,8.619999885559082,8.802000045776367,8.539999961853027,8.539999961853027,5800
2023-11-28,8.5,8.800000190734863,8.5,8.5600004196167,4300
2023-11-29,8.75,8.95300006866455,8.5,8.6899995803833,7800
2023-11-30,8.899999618530273,9.350000381469727,8.75,8.75,9700
2023-12-01,8.989999771118164,9.130000114440918,8.895999908447266,9.029999732971191,6500
2023-12-04,8.869999885559082,9.050000190734863,8.75,8.979999542236328,3700
2023-12-05,9.097000122070312,9.199999809265137,8.710000038146973,8.949999809265137,7300
2023-12-06,9.390000343322754,9.699999809265137,9.024999618530273,9.399999618530273,19100
2023-12-07,9.210000038146973,9.565999984741211,8.699999809265137,8.798999786376953,4600
2023-12-08,8.630999565124512,9.220000267028809,8.59000015258789,9.119999885559082,10400
2023-12-11,8.390000343322754,8.729999542236328,8.194000244140625,8.729999542236328,8300
2023-12-12,8.380000114440918,8.569999694824219,8.100000381469727,8.25,8400
2023-12-13,8.260000228881836,8.734000205993652,8.25,8.734000205993652,21500
2023-12-14,8.050000190734863,8.449999809265137,8.0,8.449999809265137,30100
2023-12-15,7.760000228881836,8.069999694824219,7.74399995803833,8.0600004196167,29400
2023-12-18,9.670000076293945,9.8100004196167,7.993000030517578,8.079999923706055,50300
2023-12-19,8.989999771118164,9.75,8.829999923706055,9.670000076293945,47800
2023-12-20,8.739999771118164,8.989999771118164,8.5,8.90999984741211,17300
2023-12-21,8.5,8.630000114440918,8.310999870300293,8.609999656677246,13900
2023-12-22,8.489999771118164,8.6899995803833,8.425000190734863,8.619999885559082,16900
2023-12-26,8.375,8.9399995803833,8.350000381469727,8.59000015258789,37000
2023-12-27,8.210000038146973,8.680000305175781,8.130000114440918,8.260000228881836,22000
2023-12-28,7.989999771118164,8.350000381469727,7.701000213623047,8.130000114440918,42500
2023-12-29,7.769999980926514,8.173999786376953,7.650000095367432,7.989999771118164,41100
2024-01-02,7.75,8.020000457763672,7.699999809265137,7.800000190734863,12000
2024-01-03,7.744999885559082,7.918000221252441,7.5,7.918000221252441,17200
2024-01-04,8.420000076293945,8.479999542236328,7.699999809265137,7.699999809265137,17000
2024-01-05,7.96999979019165,8.670000076293945,7.96999979019165,8.25,17800
2024-01-08,8.079000473022461,8.390000343322754,7.900000095367432,8.390000343322754,11100
2024-01-09,8.154999732971191,8.329999923706055,7.929999828338623,8.187999725341797,9800
2024-01-10,7.929999828338623,8.25,7.811999797821045,8.220000267028809,9900
2024-01-11,7.809999942779541,7.980000019073486,7.684999942779541,7.980000019073486,7100
2024-01-12,7.909999847412109,7.909999847412109,7.71999979019165,7.800000190734863,3700
2024-01-16,8.0,8.324999809265137,7.715000152587891,7.739999771118164,20200
2024-01-17,7.744999885559082,8.244000434875488,7.744999885559082,8.0,21200
2024-01-18,7.440000057220459,7.849999904632568,7.309999942779541,7.75,15800
2024-01-19,7.800000190734863,7.800000190734863,7.300000190734863,7.445000171661377,23400
2024-01-22,7.559999942779541,8.069999694824219,7.539999961853027,7.699999809265137,7400
2024-01-23,7.369999885559082,7.738999843597412,7.369999885559082,7.489999771118164,8000
2024-01-24,6.900000095367432,7.53000020980835,6.800000190734863,7.309999942779541,31000
2024-01-25,7.099999904632568,7.380000114440918,7.039999961853027,7.052999973297119,10000
2024-01-26,7.010000228881836,7.28000020980835,7.0,7.170000076293945,31600
2024-01-29,7.25,7.460000038146973,6.953999996185303,7.0,20700
2024-01-30,7.090000152587891,7.392000198364258,7.03000020980835,7.079999923706055,14200
2024-01-31,7.25,7.678999900817871,7.210000038146973,7.429999828338623,19500
2024-02-01,7.309999942779541,7.570000171661377,7.060999870300293,7.349999904632568,5700
2024-02-02,7.550000190734863,7.699999809265137,7.400000095367432,7.400000095367432,11200
2024-02-05,7.269000053405762,7.460000038146973,7.210000038146973,7.449999809265137,5800
2024-02-06,7.3460001945495605,7.440000057220459,7.25,7.25,5900
2024-02-07,7.349999904632568,7.4039998054504395,7.28000020980835,7.28000020980835,5400
2024-02-08,7.150000095367432,7.25,7.025000095367432,7.25,14000
2024-02-09,7.170000076293945,7.309999942779541,7.099999904632568,7.110000133514404,14500
2024-02-12,7.360000133514404,7.447000026702881,7.199999809265137,7.215000152587891,11800
2024-02-13,7.050000190734863,7.25,6.76800012588501,7.25,8700
2024-02-14,7.019999980926514,7.239999771118164,6.849999904632568,6.929999828338623,22400
2024-02-15,6.900000095367432,7.309999942779541,6.900000095367432,7.150000095367432,24300
2024-02-16,6.800000190734863,7.119999885559082,6.610000133514404,6.900000095367432,9700
2024-02-20,7.699999809265137,9.229999542236328,6.800000190734863,6.800000190734863,98700
2024-02-21,10.510000228881836,10.98799991607666,7.96999979019165,8.220000267028809,135600
2024-02-22,11.380000114440918,13.336999893188477,11.010000228881836,11.010000228881836,265700
2024-02-23,10.319999694824219,12.399999618530273,9.66100025177002,11.279999732971191,96400
2024-02-26,10.760000228881836,11.175000190734863,10.380000114440918,10.380000114440918,30200
2024-02-27,10.859999656677246,11.270000457763672,10.640000343322754,10.890000343322754,20200
2024-02-28,11.600000381469727,12.114999771118164,10.770000457763672,10.770000457763672,31500
2024-02-29,11.319999694824219,12.970000267028809,11.125,12.0,80900
2024-03-01,11.010000228881836,11.430000305175781,10.1899995803833,10.949999809265137,35100
2024-03-04,11.720000267028809,11.798999786376953,10.649999618530273,11.010000228881836,18500
2024-03-05,11.609999656677246,11.720000267028809,10.90999984741211,10.9399995803833,32600
2024-03-06,12.399999618530273,12.479999542236328,11.449999809265137,11.739999771118164,30600
2024-03-07,13.380000114440918,13.979999542236328,12.279999732971191,12.399999618530273,58600
2024-03-08,12.59000015258789,13.680000305175781,12.180000305175781,12.180000305175781,39000
2024-03-11,12.75,13.109999656677246,12.550000190734863,12.550000190734863,15500
2024-03-12,13.100000381469727,13.331999778747559,12.59000015258789,13.0,17100
2024-03-13,12.109999656677246,13.251999855041504,12.010000228881836,13.220000267028809,14300
2024-03-14,11.050000190734863,12.100000381469727,11.050000190734863,12.010000228881836,36900
2024-03-15,11.649999618530273,12.095000267028809,11.210000038146973,11.25,23000
2024-03-18,11.210000038146973,12.510000228881836,11.210000038146973,11.739999771118164,17400
2024-03-19,10.550000190734863,11.640000343322754,10.5,11.640000343322754,25600
2024-03-20,10.649999618530273,11.210000038146973,10.25,10.369999885559082,21500
2024-03-21,10.130000114440918,11.399999618530273,9.850000381469727,10.600000381469727,59300
2024-03-22,9.335000038146973,10.149999618530273,9.109999656677246,10.0,57200
2024-03-25,8.149999618530273,9.329999923706055,8.149999618530273,9.119999885559082,104300
2024-03-26,7.75,8.890000343322754,7.5,8.100000381469727,344400
2024-03-27,8.859999656677246,9.149999618530273,7.690000057220459,7.739999771118164,104500
2024-03-28,8.899999618530273,9.300000190734863,8.727999687194824,8.859999656677246,31300
2024-04-01,8.510000228881836,9.00100040435791,8.329999923706055,8.989999771118164,41500
2024-04-02,8.199999809265137,8.5,8.0,8.430000305175781,17300
2024-04-03,8.130000114440918,8.430000305175781,8.100000381469727,8.23900032043457,24500
2024-04-04,7.929999828338623,8.399999618530273,7.699999809265137,8.399999618530273,42400
2024-04-05,7.949999809265137,8.430000305175781,7.809999942779541,7.809999942779541,23000
2024-04-08,8.010000228881836,8.236000061035156,7.829999923706055,8.170000076293945,13900
2024-04-09,8.25,8.5600004196167,7.985000133514404,8.199999809265137,9300
2024-04-10,8.039999961853027,8.319999694824219,7.820000171661377,8.260000228881836,55900
2024-04-11,8.140000343322754,8.380000114440918,7.96999979019165,8.140000343322754,33000
2024-04-12,7.940000057220459,8.300000190734863,7.659999847412109,8.239999771118164,34000
2024-04-15,7.699999809265137,8.039999961853027,7.510000228881836,8.0,31800
2024-04-16,7.960000038146973,8.0600004196167,7.510000228881836,7.739999771118164,38600
2024-04-17,7.610000133514404,8.069999694824219,7.550000190734863,7.650000095367432,29600
2024-04-18,7.21999979019165,7.739999771118164,7.210000038146973,7.730000019073486,33100
2024-04-19,6.949999809265137,7.466000080108643,6.920000076293945,7.210000038146973,41500
2024-04-22,7.590000152587891,7.590000152587891,7.0,7.0,26800
2024-04-23,7.900000095367432,8.020000457763672,7.617000102996826,7.617000102996826,16200
2024-04-24,7.46999979019165,7.739999771118164,7.46999979019165,7.739999771118164,6500
2024-04-25,7.5,7.835000038146973,7.320000171661377,7.53000020980835,23600
2024-04-26,7.630000114440918,7.840000152587891,7.539999961853027,7.539999961853027,25000
2024-04-29,7.824999809265137,7.824999809265137,7.570000171661377,7.599999904632568,13400
2024-04-30,7.809999942779541,8.491000175476074,7.5,7.619999885559082,48100
2024-05-01,7.434999942779541,7.900000095367432,7.260000228881836,7.710000038146973,24000
2024-05-02,7.539999961853027,7.75,7.460000038146973,7.710000038146973,18100
2024-05-03,7.639999866485596,7.922999858856201,7.552999973297119,7.75,56100
2024-05-06,7.71999979019165,7.934999942779541,7.679999828338623,7.820000171661377,17800
2024-05-07,7.880000114440918,8.086999893188477,7.760000228881836,7.909999847412109,10300
2024-05-08,7.900000095367432,8.199999809265137,7.539999961853027,7.96999979019165,17400
2024-05-09,7.739999771118164,8.0,7.670000076293945,7.804999828338623,15200
2024-05-10,7.5,7.900000095367432,7.5,7.880000114440918,16200
2024-05-13,7.210000038146973,7.559999942779541,7.130000114440918,7.5,18800
2024-05-14,7.400000095367432,7.489999771118164,7.010000228881836,7.210000038146973,27300
2024-05-15,7.099999904632568,7.843999862670898,7.099999904632568,7.449999809265137,38100
2024-05-16,7.46999979019165,7.71999979019165,7.184999942779541,7.71999979019165,22200
2024-05-17,7.440000057220459,7.599999904632568,7.349999904632568,7.510000228881836,14100
2024-05-20,7.630000114440918,7.679999828338623,7.389999866485596,7.409999847412109,17400
2024-05-21,7.619999885559082,7.679999828338623,7.38100004196167,7.650000095367432,26700
2024-05-22,7.309999942779541,7.599999904632568,7.199999809265137,7.4710001945495605,33400
2024-05-23,7.300000190734863,7.4679999351501465,7.210000038146973,7.429999828338623,7000
2024-05-24,7.400000095367432,7.559999942779541,7.199999809265137,7.5,59300
2024-05-28,7.679999828338623,7.744999885559082,7.260000228881836,7.510000228881836,22400
2024-05-29,7.590000152587891,7.900000095367432,7.440000057220459,7.510000228881836,17400
2024-05-30,7.730000019073486,7.849999904632568,7.710000038146973,7.775000095367432,19700
2024-05-31,7.369999885559082,7.860000133514404,7.300000190734863,7.789999961853027,24500
2024-06-03,7.195000171661377,7.570000171661377,6.949999809265137,7.380000114440918,16900
2024-06-04,7.235000133514404,7.400000095367432,6.710000038146973,7.210000038146973,25900
2024-06-05,7.019999980926514,7.4070000648498535,6.960000038146973,7.400000095367432,32400
2024-06-06,6.900000095367432,7.025000095367432,6.800000190734863,7.0,27400
2024-06-07,6.880000114440918,7.090000152587891,6.800000190734863,6.945000171661377,21600
2024-06-10,6.71999979019165,6.980000019073486,6.710000038146973,6.809999942779541,16900
2024-06-11,7.079999923706055,7.079999923706055,6.670000076293945,6.670000076293945,19300
2024-06-12,7.789999961853027,8.0,7.159999847412109,7.400000095367432,46600
2024-06-13,7.260000228881836,7.71999979019165,7.25,7.71999979019165,15800
2024-06-14,7.300000190734863,7.5,7.269999980926514,7.28000020980835,13200
2024-06-17,7.25,7.300000190734863,6.940000057220459,7.21999979019165,22800
2024-06-18,7.059999942779541,7.489999771118164,7.059999942779541,7.210000038146973,36700
2024-06-20,7.050000190734863,7.099999904632568,6.909999847412109,7.019999980926514,18400
2024-06-21,6.809999942779541,7.0229997634887695,6.800000190734863,6.960000038146973,35600
2024-06-24,7.039999961853027,7.269999980926514,7.0,7.269999980926514,6900
2024-06-25,6.739999771118164,7.0,6.684999942779541,7.0,40600
2024-06-26,6.840000152587891,6.954999923706055,6.659999847412109,6.954999923706055,12300
2024-06-27,6.860000133514404,7.019999980926514,6.739999771118164,6.739999771118164,7300
2024-06-28,7.059999942779541,7.059999942779541,6.619999885559082,6.619999885559082,15600
2024-07-01,6.869999885559082,7.050000190734863,6.699999809265137,7.050000190734863,10400
2024-07-02,6.610000133514404,6.96999979019165,6.519999980926514,6.78000020980835,40400
2024-07-03,6.949999809265137,7.034999847412109,6.550000190734863,6.650000095367432,13400
2024-07-05,6.980000019073486,7.230000019073486,6.869999885559082,6.900000095367432,13500
2024-07-08,7.650000095367432,7.650000095367432,6.75,6.880000114440918,34500
2024-07-09,7.300000190734863,7.65500020980835,7.235000133514404,7.289999961853027,12400
2024-07-10,7.619999885559082,7.631999969482422,7.035999774932861,7.230000019073486,7700
2024-07-11,7.699999809265137,7.800000190734863,7.513000011444092,7.513000011444092,12500
2024-07-12,7.71999979019165,7.800000190734863,7.5,7.760000228881836,12300
2024-07-15,7.96999979019165,7.980000019073486,7.624000072479248,7.71999979019165,16000
2024-07-16,7.940999984741211,8.199999809265137,7.809999942779541,7.989999771118164,16100
2024-07-17,8.0,8.020000457763672,7.809999942779541,7.96999979019165,5900
2024-07-18,7.619999885559082,8.100000381469727,7.619999885559082,7.929999828338623,7900
2024-07-19,7.570000171661377,7.789999961853027,7.46999979019165,7.630000114440918,14700
2024-07-22,7.429999828338623,7.679999828338623,7.380000114440918,7.679999828338623,5900
2024-07-23,7.400000095367432,7.510000228881836,7.289000034332275,7.510000228881836,2500
2024-07-24,7.010000228881836,7.289999961853027,7.010000228881836,7.175000190734863,7300
2024-07-25,7.130000114440918,7.164999961853027,7.0,7.130000114440918,15300
2024-07-26,7.349999904632568,7.349999904632568,7.050000190734863,7.28000020980835,6700
2024-07-29,7.28000020980835,7.400000095367432,7.150000095367432,7.369999885559082,7800
2024-07-30,7.630000114440918,7.670000076293945,7.216000080108643,7.224999904632568,23000
2024-07-31,7.389999866485596,7.800000190734863,7.389999866485596,7.800000190734863,2100
2024-08-01,7.360000133514404,7.75,7.300000190734863,7.489999771118164,11300
2024-08-02,7.119999885559082,7.400000095367432,6.909999847412109,7.090000152587891,19600
2024-08-05,6.909999847412109,7.38700008392334,6.809999942779541,7.0,13100
2024-08-06,6.869999885559082,7.061999797821045,6.869999885559082,6.96999979019165,7600
2024-08-07,7.079999923706055,8.0,7.064000129699707,7.309999942779541,35700
2024-08-08,9.039999961853027,9.210000038146973,7.119999885559082,7.119999885559082,100900
2024-08-09,9.350000381469727,9.579999923706055,8.0600004196167,9.039999961853027,52700
2024-08-12,8.770000457763672,9.6850004196167,8.630000114440918,9.0,20800
2024-08-13,8.850000381469727,9.149999618530273,8.529999732971191,8.739999771118164,29500
2024-08-14,8.380000114440918,9.149999618530273,8.199999809265137,9.149999618530273,30100
2024-08-15,8.319999694824219,8.598999977111816,8.100000381469727,8.300000190734863,23100
2024-08-16,8.09000015258789,8.1899995803833,8.0,8.010000228881836,8000
2024-08-19,8.010000228881836,8.222000122070312,7.909999847412109,8.0,11900
2024-08-20,7.980000019073486,8.130000114440918,7.809999942779541,8.130000114440918,11300
2024-08-21,8.510000228881836,8.510000228881836,7.889999866485596,7.889999866485596,18900
2024-08-22,8.4399995803833,8.449999809265137,8.220000267028809,8.380000114440918,12400
2024-08-23,8.180000305175781,8.489999771118164,7.909999847412109,8.489999771118164,15400
2024-08-26,8.050000190734863,8.1899995803833,7.900000095367432,8.0,11200
2024-08-27,7.699999809265137,7.980000019073486,7.610000133514404,7.900000095367432,17100
2024-08-28,7.53000020980835,7.763000011444092,7.343999862670898,7.690000057220459,17000
2024-08-29,7.579999923706055,7.78000020980835,7.400000095367432,7.46999979019165,10700
2024-08-30,7.880000114440918,7.949999809265137,7.579999923706055,7.579999923706055,10500
2024-09-03,7.630000114440918,7.947999954223633,7.420000076293945,7.420000076293945,14900
2024-09-04,7.619999885559082,7.900000095367432,7.519999980926514,7.744999885559082,10300
2024-09-05,7.739999771118164,7.815000057220459,7.488999843597412,7.815000057220459,11700
2024-09-06,7.489999771118164,7.800000190734863,7.300000190734863,7.670000076293945,19200
2024-09-09,7.190000057220459,7.449999809265137,6.889999866485596,7.336999893188477,25900
2024-09-10,7.159999847412109,7.190000057220459,7.019999980926514,7.190000057220459,11700
2024-09-11,7.179999828338623,7.448999881744385,7.03000020980835,7.03000020980835,7000
2024-09-12,7.409999847412109,7.489999771118164,7.165999889373779,7.165999889373779,3400
2024-09-13,7.420000076293945,7.699999809265137,7.300000190734863,7.300000190734863,14900
2024-09-16,7.699999809265137,7.809999942779541,7.349999904632568,7.449999809265137,9800
2024-09-17,7.670000076293945,7.829999923706055,7.484000205993652,7.699999809265137,14500
2024-09-18,7.829999923706055,8.399999618530273,7.550000190734863,7.889999866485596,14200
2024-09-19,8.100000381469727,8.140000343322754,7.835999965667725,7.96999979019165,5000
2024-09-20,8.739999771118164,8.739999771118164,7.820000171661377,7.96999979019165,27700
2024-09-23,8.319999694824219,8.850000381469727,8.119999885559082,8.739999771118164,17600
2024-09-24,8.020000457763672,8.5,7.992000102996826,8.5,15500
2024-09-25,7.90500020980835,7.989999771118164,7.677000045776367,7.954999923706055,5600
2024-09-26,7.980000019073486,8.489999771118164,7.839000225067139,7.929999828338623,9800
2024-09-27,7.980000019073486,8.289999961853027,7.880000114440918,8.185999870300293,21500
2024-09-30,8.199999809265137,8.289999961853027,7.909999847412109,7.920000076293945,17100
2024-10-01,8.074999809265137,8.317000389099121,7.885000228881836,8.15999984741211,15300
2024-10-02,7.889999866485596,8.130000114440918,7.870999813079834,7.929999828338623,6700
2024-10-03,7.78000020980835,8.26200008392334,7.760000228881836,7.96999979019165,21100
2024-10-04,7.929999828338623,7.929999828338623,7.75,7.78000020980835,5000
2024-10-07,7.739999771118164,8.0,7.679999828338623,7.909999847412109,29200
2024-10-08,7.710000038146973,7.960000038146973,7.619999885559082,7.75,23700
2024-10-09,7.800000190734863,7.980000019073486,7.7230000495910645,7.769999980926514,19700
2024-10-10,7.840000152587891,7.889999866485596,7.699999809265137,7.800000190734863,8700
2024-10-11,7.889999866485596,8.039999961853027,7.84499979019165,7.84499979019165,4900
2024-10-14,7.75,8.0,7.75,7.864999771118164,5000
2024-10-15,7.46999979019165,7.75,7.46999979019165,7.75,17400
2024-10-16,7.590000152587891,7.664999961853027,7.380000114440918,7.599999904632568,12500
2024-10-17,7.860000133514404,7.875,7.409999847412109,7.409999847412109,21500
2024-10-18,7.639999866485596,7.880000114440918,7.340000152587891,7.690000057220459,28800
2024-10-21,7.409999847412109,7.53000020980835,7.349999904632568,7.400000095367432,10300
2024-10-22,7.360000133514404,7.599999904632568,7.360000133514404,7.369999885559082,9300
2024-10-23,7.449999809265137,7.579999923706055,7.309999942779541,7.320000171661377,16700
2024-10-24,7.429999828338623,7.650000095367432,7.260000228881836,7.559999942779541,15500
2024-10-25,7.340000152587891,7.550000190734863,7.2729997634887695,7.485000133514404,16100
2024-10-28,7.230000019073486,7.519999980926514,7.110000133514404,7.309999942779541,21100
2024-10-29,7.406000137329102,7.465000152587891,7.25,7.25,10800
2024-10-30,7.199999809265137,7.440000057220459,7.159999847412109,7.440000057220459,14800
2024-10-31,7.199999809265137,7.880000114440918,7.099999904632568,7.880000114440918,18900
2024-11-01,7.370999813079834,7.5,7.21999979019165,7.380000114440918,13200
2024-11-04,7.251999855041504,7.46999979019165,7.14300012588501,7.14300012588501,8400
2024-11-05,7.480000019073486,7.53000020980835,7.260000228881836,7.260000228881836,19900
2024-11-06,7.110000133514404,7.440000057220459,7.079999923706055,7.420000076293945,10700
2024-11-07,7.199999809265137,7.400000095367432,7.110000133514404,7.110000133514404,22200
2024-11-08,7.400000095367432,7.449999809265137,7.179999828338623,7.199999809265137,23100
2024-11-11,7.710000038146973,7.769999980926514,7.400000095367432,7.400000095367432,32900
2024-11-12,7.800000190734863,7.822000026702881,7.610000133514404,7.710000038146973,18100
2024-11-13,7.659999847412109,8.420000076293945,7.510000228881836,7.690000057220459,42400
2024-11-14,6.53000020980835,7.920000076293945,6.349999904632568,7.755000114440918,80800
2024-11-15,6.710000038146973,7.199999809265137,6.659999847412109,6.659999847412109,25500
2024-11-18,6.159999847412109,6.710000038146973,5.800000190734863,6.690000057220459,77700
2024-11-19,5.949999809265137,6.119999885559082,5.610000133514404,6.010000228881836,74600
2024-11-20,5.869999885559082,6.260000228881836,5.619999885559082,5.959000110626221,41300
2024-11-21,6.769999980926514,6.900000095367432,5.960000038146973,5.960000038146973,76300
2024-11-22,6.619999885559082,7.214000225067139,6.482999801635742,6.849999904632568,51300
2024-11-25,6.53000020980835,6.908999919891357,6.53000020980835,6.599999904632568,28300
2024-11-26,6.159999847412109,6.539999961853027,6.090000152587891,6.539999961853027,18800
2024-11-27,6.019999980926514,6.420000076293945,6.0,6.159999847412109,18000
2024-11-29,6.309999942779541,6.420000076293945,6.190000057220459,6.190000057220459,11700
2024-12-02,6.289999961853027,6.440000057220459,6.119999885559082,6.320000171661377,21600
2024-12-03,6.110000133514404,6.440000057220459,6.054999828338623,6.159999847412109,31900
2024-12-04,6.699999809265137,7.0,6.159999847412109,6.400000095367432,101700
2024-12-05,6.670000076293945,7.079999923706055,6.519999980926514,6.769999980926514,30300
2024-12-06,6.230000019073486,6.860000133514404,6.099999904632568,6.5,38700
2024-12-09,6.159999847412109,6.835999965667725,6.050000190734863,6.260000228881836,27200
2024-12-10,6.289999961853027,6.289999961853027,6.059999942779541,6.059999942779541,17800
2024-12-11,6.320000171661377,6.489999771118164,6.090000152587891,6.199999809265137,70100
2024-12-12,6.329999923706055,6.489999771118164,6.239999771118164,6.260000228881836,33900
2024-12-13,6.360000133514404,6.473999977111816,6.179999828338623,6.260000228881836,36600
2024-12-16,7.349999904632568,7.389999866485596,6.320000171661377,6.400000095367432,179000
2024-12-17,6.909999847412109,7.696000099182129,6.809999942779541,7.570000171661377,60400
2024-12-18,6.659999847412109,7.296999931335449,6.639999866485596,6.909999847412109,52600
2024-12-19,6.369999885559082,6.775000095367432,6.320000171661377,6.590000152587891,23500
2024-12-20,6.829999923706055,6.985000133514404,6.400000095367432,6.400000095367432,35600
2024-12-23,6.880000114440918,6.989999771118164,6.699999809265137,6.889999866485596,23400
2024-12-24,6.809999942779541,6.989999771118164,6.789999961853027,6.795000076293945,13800
2024-12-26,7.5,7.590000152587891,6.760000228881836,6.760000228881836,35100
2024-12-27,7.539999961853027,7.545000076293945,7.199999809265137,7.480000019073486,36800
2024-12-30,7.53000020980835,7.659999847412109,7.164000034332275,7.460000038146973,22600
2024-12-31,7.550000190734863,7.699999809265137,7.320000171661377,7.5,46200
2025-01-02,7.760000228881836,7.894999980926514,7.409999847412109,7.489999771118164,47300
2025-01-03,8.074999809265137,8.34000015258789,7.5,7.610000133514404,40500
2025-01-06,8.579999923706055,8.619000434875488,7.880000114440918,8.0,70900
2025-01-07,8.520000457763672,8.618000030517578,8.25,8.600000381469727,21700
2025-01-08,7.880000114440918,8.380000114440918,7.760000228881836,8.380000114440918,34900
2025-01-10,7.25,7.929999828338623,7.199999809265137,7.929999828338623,31200
2025-01-13,7.340000152587891,7.579999923706055,7.010000228881836,7.230000019073486,27800
2025-01-14,7.170000076293945,7.465000152587891,7.070000171661377,7.465000152587891,26400
2025-01-15,7.5,7.679999828338623,7.099999904632568,7.360000133514404,42100
2025-01-16,7.820000171661377,7.84499979019165,7.489999771118164,7.570000171661377,38100
2025-01-17,7.510000228881836,7.860000133514404,7.510000228881836,7.860000133514404,30100
2025-01-21,7.650000095367432,7.710000038146973,7.460000038146973,7.6020002365112305,7800
2025-01-22,7.420000076293945,7.651000022888184,7.257999897003174,7.519999980926514,14600
2025-01-23,7.505000114440918,7.505000114440918,7.199999809265137,7.349999904632568,39800
2025-01-24,7.260000228881836,7.559999942779541,7.260000228881836,7.409999847412109,9800
2025-01-27,6.900000095367432,7.309999942779541,6.800000190734863,7.199999809265137,27286
