Price,Close,High,Low,Open,Volume
Ticker,KMDA,KMDA,KMDA,KMDA,KMDA
Date,,,,,
2020-01-28,6.570000171661377,6.630000114440918,6.389999866485596,6.460000038146973,20400
2020-01-29,6.579999923706055,6.690000057220459,6.559999942779541,6.559999942779541,29900
2020-01-30,6.519999980926514,6.610000133514404,6.519999980926514,6.610000133514404,22800
2020-01-31,6.5,6.510000228881836,6.409999847412109,6.510000228881836,23300
2020-02-03,6.409999847412109,6.559999942779541,6.369999885559082,6.559999942779541,42900
2020-02-04,6.519999980926514,6.619999885559082,6.46999979019165,6.619999885559082,39700
2020-02-05,6.730000019073486,6.829999923706055,6.610000133514404,6.639999866485596,32300
2020-02-06,6.960000038146973,7.119999885559082,6.880000114440918,7.010000228881836,78400
2020-02-07,7.019999980926514,7.159999847412109,6.900000095367432,6.920000076293945,96700
2020-02-10,7.130000114440918,7.150000095367432,6.929999828338623,6.96999979019165,104000
2020-02-11,7.130000114440918,7.199999809265137,6.940000057220459,7.119999885559082,29000
2020-02-12,6.699999809265137,6.900000095367432,6.449999809265137,6.900000095367432,148500
2020-02-13,6.559999942779541,6.630000114440918,6.480000019073486,6.550000190734863,27100
2020-02-14,6.510000228881836,6.659999847412109,6.429999828338623,6.659999847412109,15200
2020-02-18,6.03000020980835,6.199999809265137,6.010000228881836,6.110000133514404,114600
2020-02-19,6.110000133514404,6.429999828338623,6.0,6.0,57700
2020-02-20,6.150000095367432,6.190000057220459,6.010000228881836,6.039999961853027,34400
2020-02-21,6.03000020980835,6.130000114440918,5.940000057220459,6.090000152587891,52400
2020-02-24,5.889999866485596,6.0,5.599999904632568,5.829999923706055,107700
2020-02-25,6.010000228881836,6.260000228881836,5.71999979019165,6.019999980926514,78500
2020-02-26,6.139999866485596,6.300000190734863,6.03000020980835,6.21999979019165,43100
2020-02-27,5.920000076293945,6.070000171661377,5.809999942779541,6.03000020980835,45800
2020-02-28,5.809999942779541,5.840000152587891,5.679999828338623,5.800000190734863,51000
2020-03-02,5.710000038146973,5.789999961853027,5.510000228881836,5.71999979019165,100700
2020-03-03,5.679999828338623,5.880000114440918,5.650000095367432,5.690000057220459,60100
2020-03-04,5.710000038146973,5.880000114440918,5.659999847412109,5.670000076293945,31900
2020-03-05,5.679999828338623,5.889999866485596,5.449999809265137,5.449999809265137,78500
2020-03-06,5.690000057220459,5.690000057220459,5.550000190734863,5.599999904632568,94800
2020-03-09,5.349999904632568,5.449999809265137,5.090000152587891,5.090000152587891,88200
2020-03-10,5.460000038146973,5.46999979019165,5.210000038146973,5.400000095367432,85100
2020-03-11,5.150000095367432,5.75,4.880000114440918,5.699999809265137,614000
2020-03-12,4.570000171661377,4.679999828338623,4.420000076293945,4.420000076293945,123400
2020-03-13,4.699999809265137,4.920000076293945,4.510000228881836,4.650000095367432,91400
2020-03-16,4.639999866485596,4.739999771118164,4.400000095367432,4.5,160200
2020-03-17,4.559999942779541,4.699999809265137,4.5,4.699999809265137,66800
2020-03-18,4.610000133514404,4.730000019073486,4.5,4.590000152587891,84900
2020-03-19,5.5,6.75,4.769999980926514,4.809999942779541,585100
2020-03-20,5.360000133514404,5.789999961853027,5.300000190734863,5.550000190734863,137800
2020-03-23,5.420000076293945,5.71999979019165,5.110000133514404,5.510000228881836,95200
2020-03-24,5.639999866485596,5.730000019073486,5.489999771118164,5.539999961853027,88200
2020-03-25,5.519999980926514,5.650000095367432,5.460000038146973,5.559999942779541,48600
2020-03-26,5.539999961853027,5.599999904632568,5.360000133514404,5.519999980926514,47500
2020-03-27,5.489999771118164,5.5,5.28000020980835,5.429999828338623,34200
2020-03-30,5.760000228881836,5.760000228881836,5.5,5.670000076293945,86500
2020-03-31,5.829999923706055,6.139999866485596,5.75,5.929999828338623,117100
2020-04-01,5.369999885559082,5.730000019073486,5.360000133514404,5.690000057220459,55300
2020-04-02,5.670000076293945,5.71999979019165,5.460000038146973,5.559999942779541,69900
2020-04-03,5.71999979019165,5.730000019073486,5.559999942779541,5.659999847412109,24400
2020-04-06,6.050000190734863,6.159999847412109,5.789999961853027,5.789999961853027,84300
2020-04-07,6.099999904632568,6.260000228881836,5.920000076293945,6.260000228881836,69000
2020-04-08,6.289999961853027,6.360000133514404,6.139999866485596,6.139999866485596,45900
2020-04-09,6.449999809265137,6.550000190734863,6.25,6.340000152587891,49900
2020-04-13,6.829999923706055,6.960000038146973,6.590000152587891,6.739999771118164,79500
2020-04-14,6.739999771118164,6.949999809265137,6.699999809265137,6.949999809265137,52700
2020-04-15,6.659999847412109,6.760000228881836,6.5,6.690000057220459,79400
2020-04-16,6.639999866485596,6.809999942779541,6.519999980926514,6.809999942779541,40700
2020-04-17,6.809999942779541,6.940000057220459,6.710000038146973,6.940000057220459,18100
2020-04-20,6.880000114440918,7.0,6.789999961853027,6.829999923706055,49300
2020-04-21,7.5,7.639999866485596,7.360000133514404,7.639999866485596,110700
2020-04-22,7.230000019073486,7.369999885559082,7.170000076293945,7.369999885559082,50600
2020-04-23,7.320000171661377,7.420000076293945,7.239999771118164,7.239999771118164,16200
2020-04-24,7.400000095367432,7.449999809265137,7.150000095367432,7.300000190734863,27200
2020-04-27,7.5,7.559999942779541,7.380000114440918,7.550000190734863,142100
2020-04-28,7.289999961853027,7.699999809265137,7.099999904632568,7.639999866485596,94600
2020-04-29,7.480000019073486,7.5,7.300000190734863,7.409999847412109,48200
2020-04-30,7.5,7.5,7.380000114440918,7.5,35200
2020-05-01,7.28000020980835,7.480000019073486,7.25,7.480000019073486,19200
2020-05-04,7.440000057220459,7.53000020980835,7.329999923706055,7.329999923706055,34700
2020-05-05,7.489999771118164,7.610000133514404,7.46999979019165,7.610000133514404,56200
2020-05-06,7.400000095367432,7.5,7.400000095367432,7.480000019073486,27700
2020-05-07,7.429999828338623,7.599999904632568,7.420000076293945,7.420000076293945,35200
2020-05-08,7.5,7.519999980926514,7.46999979019165,7.519999980926514,19500
2020-05-11,7.5,7.5,7.329999923706055,7.329999923706055,35100
2020-05-12,7.460000038146973,7.699999809265137,7.460000038146973,7.5,57600
2020-05-13,7.360000133514404,7.539999961853027,7.28000020980835,7.539999961853027,33400
2020-05-14,7.389999866485596,7.400000095367432,7.21999979019165,7.349999904632568,36800
2020-05-15,7.480000019073486,7.5,7.369999885559082,7.420000076293945,52400
2020-05-18,6.96999979019165,7.5,6.809999942779541,7.5,229500
2020-05-19,6.710000038146973,7.0,6.539999961853027,7.0,154500
2020-05-20,7.320000171661377,7.349999904632568,6.909999847412109,6.909999847412109,76000
2020-05-21,8.350000381469727,9.220000267028809,7.400000095367432,7.420000076293945,379600
2020-05-22,8.579999923706055,9.75,8.5,9.199999809265137,353100
2020-05-26,7.650000095367432,8.199999809265137,7.599999904632568,8.1899995803833,322100
2020-05-27,7.860000133514404,8.40999984741211,7.079999923706055,7.619999885559082,378800
2020-05-28,7.670000076293945,8.329999923706055,7.539999961853027,7.869999885559082,122300
2020-05-29,7.849999904632568,8.09000015258789,7.610000133514404,7.690000057220459,136300
2020-06-01,7.550000190734863,7.730000019073486,7.519999980926514,7.519999980926514,129100
2020-06-02,7.559999942779541,7.670000076293945,7.449999809265137,7.539999961853027,81100
2020-06-03,7.800000190734863,7.849999904632568,7.679999828338623,7.820000171661377,103400
2020-06-04,7.829999923706055,8.239999771118164,7.800000190734863,8.039999961853027,99300
2020-06-05,7.980000019073486,7.989999771118164,7.809999942779541,7.869999885559082,68600
2020-06-08,8.0600004196167,8.149999618530273,7.949999809265137,8.149999618530273,80400
2020-06-09,7.820000171661377,7.960000038146973,7.789999961853027,7.960000038146973,44000
2020-06-10,7.789999961853027,8.050000190734863,7.659999847412109,7.949999809265137,35000
2020-06-11,7.28000020980835,7.699999809265137,7.269999980926514,7.610000133514404,59600
2020-06-12,7.710000038146973,7.739999771118164,7.360000133514404,7.360000133514404,104100
2020-06-15,8.039999961853027,8.119999885559082,7.900000095367432,8.029999732971191,58700
2020-06-16,8.40999984741211,8.420000076293945,8.149999618530273,8.25,64200
2020-06-17,8.319999694824219,8.890000343322754,8.050000190734863,8.729999542236328,854900
2020-06-18,8.699999809265137,8.859999656677246,8.449999809265137,8.449999809265137,147400
2020-06-19,8.720000267028809,8.800000190734863,8.630000114440918,8.800000190734863,62300
2020-06-22,8.350000381469727,8.760000228881836,8.289999961853027,8.760000228881836,92900
2020-06-23,8.9399995803833,9.25,8.350000381469727,8.350000381469727,228100
2020-06-24,9.449999809265137,9.90999984741211,9.15999984741211,9.90999984741211,789100
2020-06-25,8.989999771118164,9.25,8.729999542236328,9.25,319400
2020-06-26,8.739999771118164,9.100000381469727,8.710000038146973,9.010000228881836,114300
2020-06-29,7.670000076293945,8.34000015258789,7.650000095367432,8.34000015258789,422000
2020-06-30,7.760000228881836,7.860000133514404,7.480000019073486,7.480000019073486,171600
2020-07-01,8.8100004196167,9.039999961853027,7.730000019073486,7.730000019073486,437600
2020-07-02,8.829999923706055,9.140000343322754,8.600000381469727,8.760000228881836,340200
2020-07-06,8.460000038146973,8.6899995803833,8.430000305175781,8.640000343322754,131500
2020-07-07,8.279999732971191,8.59000015258789,8.180000305175781,8.359999656677246,144300
2020-07-08,8.34000015258789,8.460000038146973,8.119999885559082,8.399999618530273,55400
2020-07-09,8.539999961853027,8.630000114440918,8.399999618530273,8.609999656677246,69000
2020-07-10,8.470000267028809,8.520000457763672,8.390000343322754,8.520000457763672,50300
2020-07-13,8.5,8.600000381469727,8.40999984741211,8.539999961853027,198800
2020-07-14,8.65999984741211,8.699999809265137,8.460000038146973,8.59000015258789,115100
2020-07-15,8.779999732971191,8.800000190734863,8.680000305175781,8.699999809265137,119500
2020-07-16,8.930000305175781,8.930000305175781,8.729999542236328,8.75,52600
2020-07-17,9.079999923706055,9.149999618530273,8.970000267028809,9.029999732971191,134100
2020-07-20,9.229999542236328,9.4399995803833,9.069999694824219,9.069999694824219,100200
2020-07-21,9.399999618530273,9.5,9.239999771118164,9.239999771118164,108900
2020-07-22,9.199999809265137,9.40999984741211,8.800000190734863,9.140000343322754,180100
2020-07-23,8.930000305175781,9.229999542236328,8.899999618530273,9.09000015258789,113900
2020-07-24,8.680000305175781,8.930000305175781,8.680000305175781,8.930000305175781,49400
2020-07-27,8.510000228881836,8.779999732971191,8.510000228881836,8.670000076293945,110600
2020-07-28,8.539999961853027,8.739999771118164,8.390000343322754,8.40999984741211,63200
2020-07-29,8.5,8.59000015258789,8.449999809265137,8.529999732971191,91700
2020-07-30,9.020000457763672,10.0,8.569999694824219,8.720000267028809,1518800
2020-07-31,8.859999656677246,9.380000114440918,8.850000381469727,9.25,281300
2020-08-03,9.020000457763672,9.1899995803833,8.880000114440918,8.9399995803833,96500
2020-08-04,8.859999656677246,8.920000076293945,8.710000038146973,8.899999618530273,76400
2020-08-05,8.9399995803833,8.989999771118164,8.770000457763672,8.960000038146973,103300
2020-08-06,8.699999809265137,9.069999694824219,8.649999618530273,8.979999542236328,82500
2020-08-07,8.699999809265137,8.869999885559082,8.5,8.579999923706055,63600
2020-08-10,8.600000381469727,8.850000381469727,8.59000015258789,8.850000381469727,130400
2020-08-11,8.510000228881836,8.65999984741211,8.460000038146973,8.600000381469727,106800
2020-08-12,8.050000190734863,8.229999542236328,7.659999847412109,8.149999618530273,255900
2020-08-13,9.0,9.59000015258789,8.84000015258789,9.039999961853027,1990900
2020-08-14,9.949999809265137,12.100000381469727,9.699999809265137,10.680000305175781,4244700
2020-08-17,11.260000228881836,11.5600004196167,9.75,9.979999542236328,1043200
2020-08-18,11.529999732971191,11.920000076293945,10.720000267028809,11.1899995803833,1918500
2020-08-19,10.289999961853027,10.850000381469727,9.850000381469727,10.699999809265137,882500
2020-08-20,9.779999732971191,10.170000076293945,9.270000457763672,9.869999885559082,624300
2020-08-21,10.0,10.470000267028809,9.640000343322754,9.699999809265137,550600
2020-08-24,11.729999542236328,13.329999923706055,11.100000381469727,12.680000305175781,5569900
2020-08-25,11.119999885559082,11.989999771118164,10.609999656677246,11.899999618530273,1261600
2020-08-26,10.880000114440918,11.649999618530273,10.760000228881836,11.550000190734863,513400
2020-08-27,10.079999923706055,10.880000114440918,9.789999961853027,10.720000267028809,487000
2020-08-28,10.220000267028809,10.350000381469727,10.079999923706055,10.140000343322754,164900
2020-08-31,9.920000076293945,10.289999961853027,9.630000114440918,10.199999809265137,307100
2020-09-01,9.34000015258789,9.930000305175781,9.119999885559082,9.90999984741211,282800
2020-09-02,9.390000343322754,9.8100004196167,8.9399995803833,9.15999984741211,521300
2020-09-03,8.930000305175781,9.289999961853027,8.850000381469727,9.239999771118164,321500
2020-09-04,8.770000457763672,8.90999984741211,8.350000381469727,8.890000343322754,317600
2020-09-08,9.180000305175781,10.140000343322754,9.039999961853027,10.039999961853027,1157400
2020-09-09,9.4399995803833,9.600000381469727,9.210000038146973,9.369999885559082,317400
2020-09-10,8.8100004196167,9.100000381469727,8.710000038146973,9.069999694824219,363200
2020-09-11,9.079999923706055,9.15999984741211,8.850000381469727,8.930000305175781,196200
2020-09-14,9.010000228881836,9.1899995803833,8.850000381469727,9.100000381469727,167300
2020-09-15,8.75,8.989999771118164,8.619999885559082,8.899999618530273,215300
2020-09-16,8.6899995803833,8.9399995803833,8.5,8.510000228881836,210500
2020-09-17,8.979999542236328,9.039999961853027,8.670000076293945,8.670000076293945,141700
2020-09-18,8.770000457763672,9.029999732971191,8.619999885559082,8.979999542236328,96900
2020-09-21,8.710000038146973,8.739999771118164,8.510000228881836,8.739999771118164,142000
2020-09-22,8.6899995803833,8.84000015258789,8.529999732971191,8.84000015258789,125700
2020-09-23,8.270000457763672,8.75,8.1899995803833,8.75,110600
2020-09-24,8.239999771118164,8.369999885559082,7.96999979019165,8.180000305175781,112100
2020-09-25,8.420000076293945,8.619999885559082,8.319999694824219,8.5,161900
2020-09-28,8.140000343322754,8.59000015258789,7.960000038146973,8.420000076293945,228900
2020-09-29,8.020000457763672,8.140000343322754,7.909999847412109,8.119999885559082,165600
2020-09-30,8.359999656677246,8.770000457763672,8.239999771118164,8.329999923706055,277500
2020-10-01,8.09000015258789,8.25,8.0,8.229999542236328,149500
2020-10-02,8.010000228881836,8.270000457763672,7.960000038146973,8.199999809265137,157300
2020-10-05,8.270000457763672,8.350000381469727,8.109999656677246,8.119999885559082,89900
2020-10-06,8.130000114440918,8.449999809265137,8.09000015258789,8.319999694824219,95300
2020-10-07,7.960000038146973,8.069999694824219,7.900000095367432,8.0600004196167,175700
2020-10-08,8.029999732971191,8.100000381469727,7.920000076293945,8.029999732971191,103500
2020-10-09,8.09000015258789,8.100000381469727,7.869999885559082,8.029999732971191,128700
2020-10-12,7.880000114440918,8.020000457763672,7.820000171661377,8.020000457763672,145900
2020-10-13,7.960000038146973,8.210000038146973,7.820000171661377,7.820000171661377,371500
2020-10-14,7.900000095367432,8.09000015258789,7.900000095367432,8.09000015258789,69800
2020-10-15,7.940000057220459,8.010000228881836,7.860000133514404,7.869999885559082,144800
2020-10-16,7.949999809265137,8.130000114440918,7.940000057220459,8.0,173000
2020-10-19,8.40999984741211,8.850000381469727,8.25,8.800000190734863,541900
2020-10-20,8.460000038146973,8.779999732971191,8.399999618530273,8.75,211700
2020-10-21,8.300000190734863,8.4399995803833,8.239999771118164,8.4399995803833,136900
2020-10-22,8.329999923706055,8.380000114440918,8.130000114440918,8.199999809265137,62900
2020-10-23,8.380000114440918,8.430000305175781,8.329999923706055,8.350000381469727,54400
2020-10-26,7.860000133514404,8.09000015258789,7.820000171661377,8.039999961853027,183700
2020-10-27,7.619999885559082,7.739999771118164,7.460000038146973,7.679999828338623,163900
2020-10-28,7.230000019073486,7.300000190734863,6.889999866485596,7.269999980926514,279600
2020-10-29,7.099999904632568,7.199999809265137,7.03000020980835,7.139999866485596,133700
2020-10-30,7.150000095367432,7.239999771118164,6.960000038146973,7.090000152587891,127500
2020-11-02,7.380000114440918,7.5,7.119999885559082,7.349999904632568,128900
2020-11-03,7.289999961853027,7.46999979019165,7.210000038146973,7.449999809265137,66200
2020-11-04,7.400000095367432,7.480000019073486,7.329999923706055,7.389999866485596,185100
2020-11-05,7.320000171661377,7.460000038146973,7.260000228881836,7.460000038146973,245200
2020-11-06,7.329999923706055,7.340000152587891,7.139999866485596,7.300000190734863,139000
2020-11-09,6.570000171661377,7.03000020980835,6.449999809265137,7.03000020980835,515100
2020-11-10,6.409999847412109,6.610000133514404,6.349999904632568,6.559999942779541,319800
2020-11-11,6.389999866485596,6.659999847412109,6.21999979019165,6.659999847412109,363400
2020-11-12,6.539999961853027,6.659999847412109,6.400000095367432,6.579999923706055,241000
2020-11-13,6.659999847412109,6.800000190734863,6.510000228881836,6.53000020980835,138000
2020-11-16,6.900000095367432,6.929999828338623,6.760000228881836,6.849999904632568,134200
2020-11-17,6.659999847412109,6.840000152587891,6.510000228881836,6.699999809265137,186000
2020-11-18,6.559999942779541,6.760000228881836,6.559999942779541,6.650000095367432,133900
2020-11-19,6.679999828338623,6.769999980926514,6.610000133514404,6.639999866485596,97600
2020-11-20,6.78000020980835,6.829999923706055,6.639999866485596,6.710000038146973,68700
2020-11-23,6.639999866485596,6.78000020980835,6.590000152587891,6.760000228881836,153400
2020-11-24,6.679999828338623,6.909999847412109,6.570000171661377,6.710000038146973,334700
2020-11-25,6.619999885559082,6.78000020980835,6.590000152587891,6.630000114440918,149200
2020-11-27,6.800000190734863,6.820000171661377,6.630000114440918,6.650000095367432,95000
2020-11-30,6.78000020980835,6.849999904632568,6.739999771118164,6.849999904632568,77700
2020-12-01,6.739999771118164,6.869999885559082,6.699999809265137,6.789999961853027,66000
2020-12-02,6.75,6.78000020980835,6.599999904632568,6.730000019073486,66000
2020-12-03,6.760000228881836,6.789999961853027,6.679999828338623,6.71999979019165,107500
2020-12-04,6.710000038146973,6.75,6.639999866485596,6.71999979019165,57800
2020-12-07,6.699999809265137,6.760000228881836,6.650000095367432,6.760000228881836,69100
2020-12-08,6.550000190734863,6.730000019073486,6.349999904632568,6.730000019073486,258800
2020-12-09,6.320000171661377,6.489999771118164,6.230000019073486,6.489999771118164,193500
2020-12-10,6.449999809265137,6.519999980926514,6.309999942779541,6.389999866485596,128100
2020-12-11,6.300000190734863,6.440000057220459,6.239999771118164,6.389999866485596,80500
2020-12-14,6.510000228881836,6.659999847412109,6.369999885559082,6.380000114440918,158200
2020-12-15,6.5,6.539999961853027,6.360000133514404,6.440000057220459,143800
2020-12-16,6.489999771118164,6.539999961853027,6.449999809265137,6.449999809265137,93200
2020-12-17,6.46999979019165,6.619999885559082,6.449999809265137,6.449999809265137,101500
2020-12-18,6.329999923706055,6.570000171661377,6.320000171661377,6.489999771118164,741600
2020-12-21,6.400000095367432,6.5,6.320000171661377,6.369999885559082,227200
2020-12-22,6.429999828338623,6.590000152587891,6.309999942779541,6.519999980926514,282300
2020-12-23,6.53000020980835,6.590000152587891,6.440000057220459,6.480000019073486,248000
2020-12-24,6.599999904632568,6.639999866485596,6.46999979019165,6.510000228881836,38800
2020-12-28,6.429999828338623,6.630000114440918,6.389999866485596,6.630000114440918,208400
2020-12-29,6.570000171661377,6.590000152587891,6.380000114440918,6.380000114440918,208900
2020-12-30,6.53000020980835,6.590000152587891,6.46999979019165,6.5,314100
2020-12-31,6.480000019073486,6.519999980926514,6.349999904632568,6.519999980926514,266000
2021-01-04,6.480000019073486,6.519999980926514,6.369999885559082,6.489999771118164,150200
2021-01-05,6.53000020980835,6.590000152587891,6.5,6.5,140400
2021-01-06,6.489999771118164,6.590000152587891,6.420000076293945,6.5,161600
2021-01-07,6.630000114440918,6.630000114440918,6.5,6.53000020980835,119000
2021-01-08,6.610000133514404,6.71999979019165,6.53000020980835,6.670000076293945,89100
2021-01-11,7.190000057220459,7.239999771118164,6.880000114440918,6.909999847412109,269700
2021-01-12,7.039999961853027,7.389999866485596,6.849999904632568,7.369999885559082,264100
2021-01-13,7.059999942779541,7.210000038146973,6.980000019073486,7.119999885559082,165900
2021-01-14,7.230000019073486,7.289999961853027,7.0,7.059999942779541,137500
2021-01-15,6.960000038146973,7.150000095367432,6.849999904632568,7.110000133514404,159300
2021-01-19,7.150000095367432,7.159999847412109,6.909999847412109,7.139999866485596,162100
2021-01-20,6.960000038146973,7.199999809265137,6.909999847412109,7.159999847412109,137700
2021-01-21,6.739999771118164,7.0,6.690000057220459,7.0,168600
2021-01-22,6.949999809265137,6.949999809265137,6.670000076293945,6.699999809265137,129200
2021-01-25,6.809999942779541,6.940000057220459,6.599999904632568,6.920000076293945,111100
2021-01-26,6.730000019073486,6.889999866485596,6.730000019073486,6.840000152587891,74200
2021-01-27,6.510000228881836,6.78000020980835,6.460000038146973,6.699999809265137,168600
2021-01-28,6.400000095367432,6.659999847412109,6.369999885559082,6.630000114440918,151800
2021-01-29,6.46999979019165,6.550000190734863,6.380000114440918,6.449999809265137,143000
2021-02-01,6.809999942779541,7.079999923706055,6.679999828338623,7.010000228881836,317500
2021-02-02,7.010000228881836,7.079999923706055,6.550000190734863,6.829999923706055,379400
2021-02-03,7.630000114440918,7.849999904632568,7.099999904632568,7.150000095367432,1219700
2021-02-04,7.25,7.579999923706055,7.079999923706055,7.5,754600
2021-02-05,7.389999866485596,7.599999904632568,7.28000020980835,7.349999904632568,671500
2021-02-08,7.590000152587891,7.639999866485596,7.440000057220459,7.440000057220459,430100
2021-02-09,8.0600004196167,8.15999984741211,7.900000095367432,8.0,849400
2021-02-10,7.400000095367432,7.590000152587891,7.119999885559082,7.579999923706055,788100
2021-02-11,6.989999771118164,7.300000190734863,6.949999809265137,7.190000057220459,472100
2021-02-12,6.980000019073486,7.110000133514404,6.71999979019165,7.099999904632568,325600
2021-02-16,7.0,7.139999866485596,6.889999866485596,7.039999961853027,255600
2021-02-17,7.0,7.079999923706055,6.829999923706055,7.010000228881836,150800
2021-02-18,6.710000038146973,6.869999885559082,6.599999904632568,6.849999904632568,214200
2021-02-19,6.75,6.820000171661377,6.670000076293945,6.760000228881836,130400
2021-02-22,6.630000114440918,6.809999942779541,6.599999904632568,6.739999771118164,152500
2021-02-23,6.53000020980835,6.550000190734863,6.199999809265137,6.550000190734863,398600
2021-02-24,6.489999771118164,6.579999923706055,6.289999961853027,6.369999885559082,343100
2021-02-25,6.260000228881836,6.480000019073486,6.179999828338623,6.440000057220459,198200
2021-02-26,6.139999866485596,6.269999980926514,5.980000019073486,6.239999771118164,229500
2021-03-01,6.199999809265137,6.329999923706055,6.090000152587891,6.329999923706055,137200
2021-03-02,6.110000133514404,6.199999809265137,6.019999980926514,6.199999809265137,200700
2021-03-03,6.260000228881836,6.610000133514404,6.21999979019165,6.360000133514404,273800
2021-03-04,6.019999980926514,6.420000076293945,5.920000076293945,6.420000076293945,241200
2021-03-05,6.099999904632568,6.119999885559082,5.78000020980835,6.050000190734863,176000
2021-03-08,6.079999923706055,6.150000095367432,5.929999828338623,6.059999942779541,146700
2021-03-09,6.239999771118164,6.28000020980835,6.099999904632568,6.119999885559082,103200
2021-03-10,6.190000057220459,6.320000171661377,6.110000133514404,6.289999961853027,95600
2021-03-11,6.21999979019165,6.429999828338623,6.159999847412109,6.210000038146973,132700
2021-03-12,6.199999809265137,6.230000019073486,6.130000114440918,6.159999847412109,43700
2021-03-15,6.369999885559082,6.389999866485596,6.199999809265137,6.210000038146973,71700
2021-03-16,6.300000190734863,6.429999828338623,6.210000038146973,6.420000076293945,99100
2021-03-17,6.269999980926514,6.329999923706055,6.179999828338623,6.269999980926514,85800
2021-03-18,6.210000038146973,6.369999885559082,6.179999828338623,6.230000019073486,63500
2021-03-19,6.389999866485596,6.409999847412109,6.170000076293945,6.21999979019165,90100
2021-03-22,6.320000171661377,6.429999828338623,6.25,6.389999866485596,109100
2021-03-23,6.179999828338623,6.329999923706055,6.099999904632568,6.329999923706055,72100
2021-03-24,6.050000190734863,6.380000114440918,6.050000190734863,6.380000114440918,143900
2021-03-25,6.210000038146973,6.21999979019165,6.0,6.150000095367432,121100
2021-03-26,6.090000152587891,6.179999828338623,6.010000228881836,6.179999828338623,95400
2021-03-29,6.03000020980835,6.099999904632568,6.010000228881836,6.059999942779541,52700
2021-03-30,6.03000020980835,6.03000020980835,5.920000076293945,6.010000228881836,75300
2021-03-31,6.190000057220459,6.230000019073486,6.099999904632568,6.099999904632568,89700
2021-04-01,6.190000057220459,6.25,6.139999866485596,6.239999771118164,83300
2021-04-05,6.269999980926514,6.300000190734863,6.170000076293945,6.300000190734863,61900
2021-04-06,6.199999809265137,6.309999942779541,6.179999828338623,6.210000038146973,28000
2021-04-07,6.139999866485596,6.320000171661377,6.139999866485596,6.210000038146973,69700
2021-04-08,6.170000076293945,6.199999809265137,6.150000095367432,6.170000076293945,33900
2021-04-09,6.139999866485596,6.210000038146973,6.079999923706055,6.179999828338623,70200
2021-04-12,6.019999980926514,6.130000114440918,6.010000228881836,6.130000114440918,79600
2021-04-13,6.03000020980835,6.099999904632568,6.0,6.039999961853027,37200
2021-04-14,6.179999828338623,6.239999771118164,6.03000020980835,6.03000020980835,79800
2021-04-15,6.329999923706055,6.329999923706055,6.199999809265137,6.199999809265137,68100
2021-04-16,6.170000076293945,6.320000171661377,6.159999847412109,6.320000171661377,44500
2021-04-19,6.079999923706055,6.170000076293945,6.039999961853027,6.170000076293945,33700
2021-04-20,6.019999980926514,6.119999885559082,5.96999979019165,6.119999885559082,45400
2021-04-21,6.110000133514404,6.130000114440918,6.019999980926514,6.050000190734863,41500
2021-04-22,6.019999980926514,6.170000076293945,6.019999980926514,6.059999942779541,43400
2021-04-23,6.050000190734863,6.079999923706055,5.949999809265137,6.019999980926514,52900
2021-04-26,6.110000133514404,6.170000076293945,6.059999942779541,6.090000152587891,52500
2021-04-27,6.110000133514404,6.21999979019165,6.079999923706055,6.090000152587891,36200
2021-04-28,6.119999885559082,6.179999828338623,6.079999923706055,6.099999904632568,76300
2021-04-29,6.079999923706055,6.170000076293945,6.03000020980835,6.130000114440918,66900
2021-04-30,6.03000020980835,6.130000114440918,6.019999980926514,6.03000020980835,47700
2021-05-03,6.019999980926514,6.119999885559082,6.019999980926514,6.039999961853027,37000
2021-05-04,6.099999904632568,6.139999866485596,6.019999980926514,6.119999885559082,62900
2021-05-05,6.119999885559082,6.289999961853027,6.059999942779541,6.289999961853027,108800
2021-05-06,6.079999923706055,6.139999866485596,6.010000228881836,6.119999885559082,65700
2021-05-07,6.119999885559082,6.130000114440918,6.03000020980835,6.059999942779541,45300
2021-05-10,6.0,6.119999885559082,5.96999979019165,6.119999885559082,77400
2021-05-11,5.889999866485596,5.949999809265137,5.840000152587891,5.949999809265137,101600
2021-05-12,5.860000133514404,5.96999979019165,5.820000171661377,5.909999847412109,66300
2021-05-13,5.670000076293945,5.880000114440918,5.550000190734863,5.789999961853027,133600
2021-05-14,5.730000019073486,5.75,5.550000190734863,5.630000114440918,57200
2021-05-17,5.820000171661377,5.820000171661377,5.71999979019165,5.730000019073486,29800
2021-05-18,6.019999980926514,6.03000020980835,5.949999809265137,5.989999771118164,51600
2021-05-19,5.940000057220459,5.989999771118164,5.820000171661377,5.96999979019165,70200
2021-05-20,6.050000190734863,6.070000171661377,5.949999809265137,5.949999809265137,24500
2021-05-21,6.039999961853027,6.079999923706055,6.019999980926514,6.070000171661377,30400
2021-05-24,5.989999771118164,6.03000020980835,5.96999979019165,6.019999980926514,18500
2021-05-25,5.900000095367432,6.03000020980835,5.900000095367432,5.980000019073486,37400
2021-05-26,5.909999847412109,5.960000038146973,5.889999866485596,5.909999847412109,23400
2021-05-27,5.889999866485596,5.96999979019165,5.820000171661377,5.949999809265137,38100
2021-05-28,5.869999885559082,5.920000076293945,5.849999904632568,5.869999885559082,32800
2021-06-01,5.809999942779541,5.880000114440918,5.78000020980835,5.880000114440918,71000
2021-06-02,6.0,6.099999904632568,5.900000095367432,6.050000190734863,190700
2021-06-03,5.909999847412109,5.980000019073486,5.860000133514404,5.980000019073486,30100
2021-06-04,5.909999847412109,6.0,5.829999923706055,5.920000076293945,43200
2021-06-07,5.860000133514404,5.949999809265137,5.789999961853027,5.869999885559082,73900
2021-06-08,5.900000095367432,5.920000076293945,5.829999923706055,5.889999866485596,56500
2021-06-09,5.960000038146973,5.980000019073486,5.889999866485596,5.929999828338623,70000
2021-06-10,5.949999809265137,6.010000228881836,5.920000076293945,5.989999771118164,42000
2021-06-11,5.900000095367432,5.989999771118164,5.869999885559082,5.940000057220459,45500
2021-06-14,5.900000095367432,5.949999809265137,5.829999923706055,5.920000076293945,58300
2021-06-15,5.809999942779541,5.900000095367432,5.800000190734863,5.889999866485596,33700
2021-06-16,5.769999980926514,5.889999866485596,5.71999979019165,5.829999923706055,68000
2021-06-17,5.78000020980835,5.78000020980835,5.679999828338623,5.75,82800
2021-06-18,5.739999771118164,5.800000190734863,5.579999923706055,5.760000228881836,603100
2021-06-21,5.789999961853027,5.820000171661377,5.690000057220459,5.820000171661377,91300
2021-06-22,5.800000190734863,5.800000190734863,5.699999809265137,5.800000190734863,24200
2021-06-23,5.760000228881836,5.800000190734863,5.71999979019165,5.800000190734863,193900
2021-06-24,5.820000171661377,5.840000152587891,5.760000228881836,5.789999961853027,33600
2021-06-25,6.179999828338623,6.46999979019165,5.820000171661377,5.820000171661377,296700
2021-06-28,5.929999828338623,6.03000020980835,5.869999885559082,6.03000020980835,281500
2021-06-29,5.949999809265137,6.0,5.829999923706055,5.889999866485596,56400
2021-06-30,5.820000171661377,5.889999866485596,5.789999961853027,5.880000114440918,49300
2021-07-01,5.869999885559082,5.869999885559082,5.739999771118164,5.849999904632568,36700
2021-07-02,5.860000133514404,5.889999866485596,5.760000228881836,5.800000190734863,24600
2021-07-06,5.849999904632568,5.849999904632568,5.760000228881836,5.849999904632568,24800
2021-07-07,5.699999809265137,5.829999923706055,5.699999809265137,5.769999980926514,53400
2021-07-08,5.71999979019165,5.730000019073486,5.599999904632568,5.650000095367432,31500
2021-07-09,5.650000095367432,5.78000020980835,5.639999866485596,5.730000019073486,42600
2021-07-12,5.699999809265137,5.730000019073486,5.630000114440918,5.630000114440918,24700
2021-07-13,5.739999771118164,5.739999771118164,5.610000133514404,5.710000038146973,45800
2021-07-14,5.800000190734863,5.800000190734863,5.659999847412109,5.710000038146973,58100
2021-07-15,5.739999771118164,5.800000190734863,5.579999923706055,5.699999809265137,99000
2021-07-16,5.550000190734863,5.699999809265137,5.53000020980835,5.699999809265137,51000
2021-07-19,5.460000038146973,5.519999980926514,5.360000133514404,5.440000057220459,207000
2021-07-20,5.409999847412109,5.570000171661377,5.409999847412109,5.440000057220459,53200
2021-07-21,5.570000171661377,5.590000152587891,5.480000019073486,5.5,26400
2021-07-22,5.539999961853027,5.630000114440918,5.5,5.53000020980835,42900
2021-07-23,5.559999942779541,5.579999923706055,5.5,5.53000020980835,33800
2021-07-26,5.5,5.579999923706055,5.429999828338623,5.5,39800
2021-07-27,5.440000057220459,5.46999979019165,5.340000152587891,5.46999979019165,32200
2021-07-28,5.510000228881836,5.539999961853027,5.440000057220459,5.449999809265137,21400
2021-07-29,5.420000076293945,5.5,5.420000076293945,5.440000057220459,24600
2021-07-30,5.440000057220459,5.599999904632568,5.440000057220459,5.489999771118164,37100
2021-08-02,5.539999961853027,5.639999866485596,5.5,5.510000228881836,40400
2021-08-03,5.78000020980835,5.78000020980835,5.650000095367432,5.670000076293945,62900
2021-08-04,5.489999771118164,5.710000038146973,5.460000038146973,5.710000038146973,108300
2021-08-05,5.590000152587891,5.670000076293945,5.400000095367432,5.5,99100
2021-08-06,5.630000114440918,5.630000114440918,5.510000228881836,5.619999885559082,69600
2021-08-09,5.579999923706055,5.599999904632568,5.489999771118164,5.550000190734863,29400
2021-08-10,5.619999885559082,5.650000095367432,5.5,5.590000152587891,41300
2021-08-11,5.429999828338623,5.480000019073486,5.28000020980835,5.480000019073486,122200
2021-08-12,5.380000114440918,5.480000019073486,5.340000152587891,5.46999979019165,51900
2021-08-13,5.46999979019165,5.489999771118164,5.349999904632568,5.409999847412109,80500
2021-08-16,5.400000095367432,5.460000038146973,5.300000190734863,5.460000038146973,45500
2021-08-17,5.309999942779541,5.340000152587891,5.199999809265137,5.289999961853027,62800
2021-08-18,5.260000228881836,5.289999961853027,5.21999979019165,5.260000228881836,29000
2021-08-19,5.25,5.25,5.170000076293945,5.21999979019165,39700
2021-08-20,5.309999942779541,5.340000152587891,5.210000038146973,5.210000038146973,50700
2021-08-23,5.309999942779541,5.329999923706055,5.260000228881836,5.300000190734863,100200
2021-08-24,5.309999942779541,5.320000171661377,5.25,5.269999980926514,19200
2021-08-25,5.369999885559082,5.369999885559082,5.25,5.300000190734863,32700
2021-08-26,5.349999904632568,5.349999904632568,5.309999942779541,5.340000152587891,31200
2021-08-27,5.369999885559082,5.389999866485596,5.289999961853027,5.340000152587891,42000
2021-08-30,5.389999866485596,5.389999866485596,5.25,5.309999942779541,42300
2021-08-31,5.380000114440918,5.440000057220459,5.300000190734863,5.360000133514404,67600
2021-09-01,5.440000057220459,5.440000057220459,5.349999904632568,5.369999885559082,44600
2021-09-02,5.489999771118164,5.489999771118164,5.360000133514404,5.369999885559082,47500
2021-09-03,5.360000133514404,5.460000038146973,5.300000190734863,5.420000076293945,18200
2021-09-07,5.400000095367432,5.519999980926514,5.309999942779541,5.360000133514404,24600
2021-09-08,5.349999904632568,5.409999847412109,5.289999961853027,5.409999847412109,21700
2021-09-09,5.25,5.340000152587891,5.21999979019165,5.28000020980835,29500
2021-09-10,5.309999942779541,5.329999923706055,5.25,5.329999923706055,38800
2021-09-13,5.300000190734863,5.349999904632568,5.230000019073486,5.329999923706055,38100
2021-09-14,5.320000171661377,5.320000171661377,5.239999771118164,5.300000190734863,25500
2021-09-15,5.360000133514404,5.420000076293945,5.300000190734863,5.340000152587891,14300
2021-09-16,5.400000095367432,5.400000095367432,5.300000190734863,5.300000190734863,14700
2021-09-17,5.369999885559082,5.369999885559082,5.25,5.369999885559082,19200
2021-09-20,5.300000190734863,5.369999885559082,5.21999979019165,5.28000020980835,26900
2021-09-21,5.269999980926514,5.340000152587891,5.239999771118164,5.340000152587891,19700
2021-09-22,5.309999942779541,5.309999942779541,5.210000038146973,5.25,15900
2021-09-23,5.369999885559082,5.369999885559082,5.260000228881836,5.320000171661377,49800
2021-09-24,5.349999904632568,5.389999866485596,5.260000228881836,5.329999923706055,18100
2021-09-27,5.400000095367432,5.409999847412109,5.28000020980835,5.360000133514404,36300
2021-09-28,5.309999942779541,5.340000152587891,5.239999771118164,5.340000152587891,19000
2021-09-29,5.349999904632568,5.349999904632568,5.25,5.260000228881836,30300
2021-09-30,5.300000190734863,5.300000190734863,5.25,5.300000190734863,21300
2021-10-01,5.309999942779541,5.309999942779541,5.239999771118164,5.28000020980835,19300
2021-10-04,5.25,5.300000190734863,5.199999809265137,5.28000020980835,27900
2021-10-05,5.289999961853027,5.300000190734863,5.21999979019165,5.28000020980835,26600
2021-10-06,5.25,5.25,5.179999828338623,5.210000038146973,33400
2021-10-07,5.21999979019165,5.300000190734863,5.170000076293945,5.190000057220459,24600
2021-10-08,5.28000020980835,5.28000020980835,5.150000095367432,5.199999809265137,17200
2021-10-11,5.210000038146973,5.300000190734863,5.139999866485596,5.300000190734863,24100
2021-10-12,5.239999771118164,5.25,5.170000076293945,5.190000057220459,35600
2021-10-13,5.300000190734863,5.300000190734863,5.110000133514404,5.210000038146973,42700
2021-10-14,5.25,5.300000190734863,5.21999979019165,5.260000228881836,14600
2021-10-15,5.269999980926514,5.269999980926514,5.190000057220459,5.239999771118164,17900
2021-10-18,5.230000019073486,5.260000228881836,5.170000076293945,5.230000019073486,128600
2021-10-19,5.239999771118164,5.269999980926514,5.210000038146973,5.230000019073486,40600
2021-10-20,5.400000095367432,5.400000095367432,5.239999771118164,5.260000228881836,55600
2021-10-21,5.559999942779541,5.610000133514404,5.429999828338623,5.449999809265137,93200
2021-10-22,5.630000114440918,5.630000114440918,5.420000076293945,5.519999980926514,25400
2021-10-25,5.650000095367432,5.650000095367432,5.53000020980835,5.630000114440918,14300
2021-10-26,5.650000095367432,5.650000095367432,5.559999942779541,5.630000114440918,158400
2021-10-27,5.679999828338623,5.690000057220459,5.53000020980835,5.659999847412109,47700
2021-10-28,5.739999771118164,5.739999771118164,5.650000095367432,5.739999771118164,22300
2021-10-29,5.710000038146973,5.710000038146973,5.610000133514404,5.699999809265137,23000
2021-11-01,5.889999866485596,5.900000095367432,5.690000057220459,5.690000057220459,61800
2021-11-02,5.920000076293945,6.0,5.869999885559082,5.909999847412109,42500
2021-11-03,5.940000057220459,6.0,5.889999866485596,5.96999979019165,73900
2021-11-04,5.940000057220459,6.019999980926514,5.909999847412109,5.980000019073486,29300
2021-11-05,5.900000095367432,5.989999771118164,5.849999904632568,5.989999771118164,14000
2021-11-08,5.760000228881836,5.869999885559082,5.639999866485596,5.800000190734863,59100
2021-11-09,5.75,5.769999980926514,5.650000095367432,5.699999809265137,39000
2021-11-10,5.619999885559082,5.75,5.570000171661377,5.630000114440918,53700
2021-11-11,5.650000095367432,5.679999828338623,5.590000152587891,5.630000114440918,31900
2021-11-12,5.639999866485596,5.670000076293945,5.590000152587891,5.639999866485596,13700
2021-11-15,5.659999847412109,5.659999847412109,5.539999961853027,5.599999904632568,22900
2021-11-16,5.630000114440918,5.690000057220459,5.599999904632568,5.670000076293945,30500
2021-11-17,5.769999980926514,5.809999942779541,5.550000190734863,5.650000095367432,40800
2021-11-18,5.590000152587891,5.650000095367432,5.570000171661377,5.630000114440918,47300
2021-11-19,5.599999904632568,5.650000095367432,5.550000190734863,5.559999942779541,40400
2021-11-22,6.019999980926514,6.429999828338623,5.860000133514404,6.119999885559082,487100
2021-11-23,6.480000019073486,6.5,6.230000019073486,6.289999961853027,306700
2021-11-24,6.389999866485596,6.480000019073486,6.260000228881836,6.389999866485596,122600
2021-11-26,6.309999942779541,6.389999866485596,6.25,6.360000133514404,37000
2021-11-29,6.28000020980835,6.320000171661377,6.170000076293945,6.289999961853027,96000
2021-11-30,6.230000019073486,6.360000133514404,6.170000076293945,6.230000019073486,148600
2021-12-01,6.260000228881836,6.380000114440918,6.139999866485596,6.309999942779541,122300
2021-12-02,6.199999809265137,6.289999961853027,6.159999847412109,6.230000019073486,37100
2021-12-03,6.199999809265137,6.25,6.110000133514404,6.239999771118164,34000
2021-12-06,6.28000020980835,6.320000171661377,6.190000057220459,6.230000019073486,68000
2021-12-07,6.380000114440918,6.570000171661377,6.289999961853027,6.289999961853027,103000
2021-12-08,6.539999961853027,6.630000114440918,6.440000057220459,6.440000057220459,91600
2021-12-09,6.510000228881836,6.599999904632568,6.460000038146973,6.519999980926514,42500
2021-12-10,6.5,6.550000190734863,6.369999885559082,6.489999771118164,52200
2021-12-13,6.619999885559082,6.699999809265137,6.510000228881836,6.599999904632568,89400
2021-12-14,6.630000114440918,6.670000076293945,6.519999980926514,6.550000190734863,43600
2021-12-15,6.71999979019165,6.739999771118164,6.559999942779541,6.650000095367432,61500
2021-12-16,6.539999961853027,6.730000019073486,6.539999961853027,6.710000038146973,76000
2021-12-17,6.71999979019165,6.769999980926514,6.480000019073486,6.489999771118164,372000
2021-12-20,6.559999942779541,6.619999885559082,6.449999809265137,6.590000152587891,170400
2021-12-21,6.630000114440918,6.670000076293945,6.550000190734863,6.579999923706055,21200
2021-12-22,6.550000190734863,6.639999866485596,6.53000020980835,6.610000133514404,34900
2021-12-23,6.78000020980835,6.849999904632568,6.730000019073486,6.75,109000
2021-12-27,6.820000171661377,6.960000038146973,6.809999942779541,6.880000114440918,77900
2021-12-28,6.739999771118164,6.860000133514404,6.710000038146973,6.78000020980835,44400
2021-12-29,6.650000095367432,6.690000057220459,6.539999961853027,6.690000057220459,131500
2021-12-30,6.539999961853027,6.639999866485596,6.489999771118164,6.590000152587891,46900
2021-12-31,6.579999923706055,6.619999885559082,6.409999847412109,6.409999847412109,64700
2022-01-03,6.599999904632568,6.639999866485596,6.550000190734863,6.619999885559082,21800
2022-01-04,6.519999980926514,6.710000038146973,6.510000228881836,6.710000038146973,25000
2022-01-05,6.460000038146973,6.630000114440918,6.429999828338623,6.570000171661377,20600
2022-01-06,6.489999771118164,6.650000095367432,6.46999979019165,6.510000228881836,28300
2022-01-07,6.510000228881836,6.550000190734863,6.440000057220459,6.440000057220459,25400
2022-01-10,6.489999771118164,6.539999961853027,6.409999847412109,6.420000076293945,12400
2022-01-11,6.809999942779541,6.880000114440918,6.550000190734863,6.559999942779541,81000
2022-01-12,6.760000228881836,6.769999980926514,6.710000038146973,6.760000228881836,35600
2022-01-13,6.679999828338623,6.760000228881836,6.619999885559082,6.75,64000
2022-01-14,6.760000228881836,6.760000228881836,6.619999885559082,6.670000076293945,14500
2022-01-18,6.550000190734863,6.690000057220459,6.409999847412109,6.690000057220459,31300
2022-01-19,6.369999885559082,6.460000038146973,6.300000190734863,6.429999828338623,52000
2022-01-20,6.309999942779541,6.449999809265137,6.28000020980835,6.349999904632568,18400
2022-01-21,6.25,6.320000171661377,6.199999809265137,6.309999942779541,65900
2022-01-24,6.139999866485596,6.21999979019165,5.829999923706055,6.119999885559082,125200
2022-01-25,6.079999923706055,6.150000095367432,5.96999979019165,6.039999961853027,79600
2022-01-26,6.0,6.150000095367432,5.920000076293945,6.099999904632568,31000
2022-01-27,5.920000076293945,6.0,5.869999885559082,5.980000019073486,18100
2022-01-28,5.949999809265137,6.019999980926514,5.880000114440918,5.880000114440918,11700
2022-01-31,6.050000190734863,6.050000190734863,5.880000114440918,5.880000114440918,17600
2022-02-01,6.070000171661377,6.099999904632568,6.0,6.010000228881836,23000
2022-02-02,6.090000152587891,6.190000057220459,6.039999961853027,6.099999904632568,36600
2022-02-03,6.079999923706055,6.119999885559082,6.039999961853027,6.090000152587891,29600
2022-02-04,6.110000133514404,6.150000095367432,6.050000190734863,6.070000171661377,29400
2022-02-07,6.099999904632568,6.119999885559082,6.039999961853027,6.050000190734863,12500
2022-02-08,6.070000171661377,6.090000152587891,6.0,6.0,25500
2022-02-09,6.090000152587891,6.179999828338623,6.059999942779541,6.059999942779541,59100
2022-02-10,6.079999923706055,6.150000095367432,6.0,6.039999961853027,15200
2022-02-11,6.099999904632568,6.119999885559082,6.039999961853027,6.090000152587891,65000
2022-02-14,6.050000190734863,6.070000171661377,5.940000057220459,5.96999979019165,41700
2022-02-15,6.079999923706055,6.130000114440918,5.980000019073486,5.980000019073486,31600
2022-02-16,6.099999904632568,6.159999847412109,6.039999961853027,6.070000171661377,12500
2022-02-17,5.949999809265137,6.110000133514404,5.949999809265137,6.099999904632568,17700
2022-02-18,5.889999866485596,6.010000228881836,5.889999866485596,5.989999771118164,22100
2022-02-22,5.71999979019165,5.849999904632568,5.71999979019165,5.849999904632568,118600
2022-02-23,5.769999980926514,5.860000133514404,5.739999771118164,5.739999771118164,44000
2022-02-24,5.679999828338623,5.760000228881836,5.510000228881836,5.510000228881836,72800
2022-02-25,5.820000171661377,5.889999866485596,5.690000057220459,5.690000057220459,14400
2022-02-28,5.550000190734863,5.809999942779541,5.550000190734863,5.739999771118164,60900
2022-03-01,5.75,5.809999942779541,5.690000057220459,5.710000038146973,23900
2022-03-02,5.699999809265137,5.75,5.650000095367432,5.679999828338623,37400
2022-03-03,5.650000095367432,5.809999942779541,5.650000095367432,5.809999942779541,5200
2022-03-04,5.570000171661377,5.679999828338623,5.559999942779541,5.599999904632568,8200
2022-03-07,5.5,5.539999961853027,5.400000095367432,5.519999980926514,42800
2022-03-08,5.429999828338623,5.619999885559082,5.369999885559082,5.369999885559082,21700
2022-03-09,5.659999847412109,5.670000076293945,5.510000228881836,5.539999961853027,5100
2022-03-10,5.539999961853027,5.619999885559082,5.519999980926514,5.550000190734863,5800
2022-03-11,5.510000228881836,5.610000133514404,5.510000228881836,5.570000171661377,5300
2022-03-14,5.510000228881836,5.519999980926514,5.429999828338623,5.46999979019165,25000
2022-03-15,5.599999904632568,5.699999809265137,5.590000152587891,5.699999809265137,10000
2022-03-16,5.75,5.78000020980835,5.699999809265137,5.699999809265137,16000
2022-03-17,5.789999961853027,5.800000190734863,5.699999809265137,5.75,12100
2022-03-18,5.900000095367432,5.929999828338623,5.769999980926514,5.78000020980835,12200
2022-03-21,5.900000095367432,5.940000057220459,5.78000020980835,5.78000020980835,16900
2022-03-22,5.900000095367432,5.920000076293945,5.840000152587891,5.920000076293945,14200
2022-03-23,5.699999809265137,5.900000095367432,5.699999809265137,5.829999923706055,22500
2022-03-24,5.670000076293945,5.78000020980835,5.650000095367432,5.769999980926514,26700
2022-03-25,5.670000076293945,5.829999923706055,5.639999866485596,5.730000019073486,27100
2022-03-28,5.670000076293945,5.699999809265137,5.619999885559082,5.699999809265137,12500
2022-03-29,5.480000019073486,5.809999942779541,5.260000228881836,5.71999979019165,73500
2022-03-30,5.559999942779541,5.670000076293945,5.550000190734863,5.630000114440918,24200
2022-03-31,5.519999980926514,5.639999866485596,5.489999771118164,5.489999771118164,16100
2022-04-01,5.539999961853027,5.550000190734863,5.429999828338623,5.460000038146973,6700
2022-04-04,5.590000152587891,5.590000152587891,5.550000190734863,5.579999923706055,5900
2022-04-05,5.679999828338623,5.769999980926514,5.670000076293945,5.769999980926514,11700
2022-04-06,5.71999979019165,5.75,5.679999828338623,5.71999979019165,8900
2022-04-07,5.789999961853027,5.820000171661377,5.650000095367432,5.71999979019165,12700
2022-04-08,5.769999980926514,5.78000020980835,5.739999771118164,5.739999771118164,2300
2022-04-11,5.650000095367432,5.789999961853027,5.610000133514404,5.789999961853027,9200
2022-04-12,5.630000114440918,5.71999979019165,5.599999904632568,5.710000038146973,8800
2022-04-13,5.849999904632568,5.849999904632568,5.639999866485596,5.639999866485596,25000
2022-04-14,5.710000038146973,5.840000152587891,5.710000038146973,5.840000152587891,11800
2022-04-18,5.550000190734863,5.710000038146973,5.519999980926514,5.710000038146973,140900
2022-04-19,5.699999809265137,5.739999771118164,5.619999885559082,5.619999885559082,6000
2022-04-20,5.71999979019165,5.75,5.679999828338623,5.679999828338623,4400
2022-04-21,5.599999904632568,5.690000057220459,5.599999904632568,5.690000057220459,4100
2022-04-22,5.519999980926514,5.559999942779541,5.519999980926514,5.519999980926514,3000
2022-04-25,5.420000076293945,5.489999771118164,5.369999885559082,5.429999828338623,15600
2022-04-26,5.369999885559082,5.409999847412109,5.360000133514404,5.409999847412109,5200
2022-04-27,5.380000114440918,5.389999866485596,5.320000171661377,5.389999866485596,23900
2022-04-28,5.440000057220459,5.440000057220459,5.329999923706055,5.400000095367432,8900
2022-04-29,5.369999885559082,5.489999771118164,5.369999885559082,5.449999809265137,5700
2022-05-02,5.139999866485596,5.179999828338623,5.050000190734863,5.050000190734863,38400
2022-05-03,5.099999904632568,5.230000019073486,5.070000171661377,5.230000019073486,14300
2022-05-04,4.960000038146973,5.139999866485596,4.960000038146973,5.079999923706055,8900
2022-05-05,4.940000057220459,5.03000020980835,4.909999847412109,5.010000228881836,5300
2022-05-06,4.900000095367432,4.96999979019165,4.860000133514404,4.860000133514404,12400
2022-05-09,4.570000171661377,4.809999942779541,4.550000190734863,4.809999942779541,37600
2022-05-10,4.599999904632568,4.71999979019165,4.550000190734863,4.570000171661377,19000
2022-05-11,4.489999771118164,4.659999847412109,4.480000019073486,4.630000114440918,16600
2022-05-12,4.590000152587891,4.650000095367432,4.519999980926514,4.550000190734863,17100
2022-05-13,4.769999980926514,4.769999980926514,4.699999809265137,4.699999809265137,11100
2022-05-16,4.75,4.849999904632568,4.639999866485596,4.789999961853027,8000
2022-05-17,4.929999828338623,4.96999979019165,4.829999923706055,4.829999923706055,16100
2022-05-18,4.659999847412109,4.829999923706055,4.650000095367432,4.829999923706055,7100
2022-05-19,4.670000076293945,4.730000019073486,4.650000095367432,4.659999847412109,3700
2022-05-20,4.630000114440918,4.690000057220459,4.599999904632568,4.670000076293945,13800
2022-05-23,4.670000076293945,4.699999809265137,4.599999904632568,4.639999866485596,18100
2022-05-24,4.579999923706055,4.599999904632568,4.460000038146973,4.599999904632568,5100
2022-05-25,4.46999979019165,4.539999961853027,4.420000076293945,4.480000019073486,31100
2022-05-26,4.550000190734863,4.570000171661377,4.489999771118164,4.5,14400
2022-05-27,4.5,4.539999961853027,4.5,4.53000020980835,3900
2022-05-31,4.510000228881836,4.630000114440918,4.480000019073486,4.570000171661377,15000
2022-06-01,4.630000114440918,4.659999847412109,4.570000171661377,4.659999847412109,18000
2022-06-02,4.699999809265137,4.730000019073486,4.579999923706055,4.659999847412109,9800
2022-06-03,4.650000095367432,4.739999771118164,4.619999885559082,4.699999809265137,16300
2022-06-06,4.590000152587891,4.789999961853027,4.590000152587891,4.739999771118164,45800
2022-06-07,4.880000114440918,4.929999828338623,4.650000095367432,4.650000095367432,25300
2022-06-08,4.949999809265137,4.949999809265137,4.829999923706055,4.949999809265137,8700
2022-06-09,4.599999904632568,4.869999885559082,4.599999904632568,4.869999885559082,15100
2022-06-10,4.599999904632568,4.659999847412109,4.579999923706055,4.659999847412109,3000
2022-06-13,4.369999885559082,4.579999923706055,4.369999885559082,4.579999923706055,24200
2022-06-14,4.429999828338623,4.429999828338623,4.340000152587891,4.380000114440918,9200
2022-06-15,4.489999771118164,4.519999980926514,4.409999847412109,4.519999980926514,10500
2022-06-16,4.360000133514404,4.429999828338623,4.269999980926514,4.409999847412109,8400
2022-06-17,4.21999979019165,4.420000076293945,4.21999979019165,4.420000076293945,9600
2022-06-21,4.5,4.5,4.380000114440918,4.380000114440918,26400
2022-06-22,4.590000152587891,4.610000133514404,4.519999980926514,4.519999980926514,3600
2022-06-23,4.5,4.570000171661377,4.420000076293945,4.570000171661377,29800
2022-06-24,4.610000133514404,4.610000133514404,4.550000190734863,4.559999942779541,10600
2022-06-27,4.5,4.570000171661377,4.5,4.539999961853027,10700
2022-06-28,4.480000019073486,4.539999961853027,4.429999828338623,4.539999961853027,13100
2022-06-29,4.559999942779541,4.559999942779541,4.480000019073486,4.480000019073486,13300
2022-06-30,4.510000228881836,4.53000020980835,4.429999828338623,4.519999980926514,3300
2022-07-01,4.449999809265137,4.480000019073486,4.409999847412109,4.409999847412109,1600
2022-07-05,4.550000190734863,4.550000190734863,4.409999847412109,4.409999847412109,6000
2022-07-06,4.679999828338623,4.710000038146973,4.53000020980835,4.550000190734863,31500
2022-07-07,4.710000038146973,4.730000019073486,4.670000076293945,4.71999979019165,3800
2022-07-08,4.699999809265137,4.710000038146973,4.610000133514404,4.610000133514404,3900
2022-07-11,4.570000171661377,4.690000057220459,4.570000171661377,4.670000076293945,1000
2022-07-12,4.679999828338623,4.699999809265137,4.619999885559082,4.679999828338623,1900
2022-07-13,4.739999771118164,4.760000228881836,4.670000076293945,4.670000076293945,7900
2022-07-14,4.639999866485596,4.679999828338623,4.619999885559082,4.639999866485596,2400
2022-07-15,4.800000190734863,4.860000133514404,4.46999979019165,4.46999979019165,2900
2022-07-18,4.800000190734863,4.869999885559082,4.75,4.869999885559082,16600
2022-07-19,4.860000133514404,4.860000133514404,4.800000190734863,4.800000190734863,14600
2022-07-20,4.75,4.820000171661377,4.699999809265137,4.760000228881836,45500
2022-07-21,4.78000020980835,4.809999942779541,4.539999961853027,4.659999847412109,114600
2022-07-22,4.71999979019165,4.849999904632568,4.710000038146973,4.78000020980835,90000
2022-07-25,4.869999885559082,4.900000095367432,4.800000190734863,4.800000190734863,41500
2022-07-26,4.849999904632568,4.900000095367432,4.789999961853027,4.789999961853027,11100
2022-07-27,4.889999866485596,4.900000095367432,4.800000190734863,4.829999923706055,8300
2022-07-28,4.840000152587891,4.889999866485596,4.800000190734863,4.869999885559082,12700
2022-07-29,5.130000114440918,5.150000095367432,4.760000228881836,4.849999904632568,159400
2022-08-01,5.050000190734863,5.099999904632568,4.96999979019165,4.96999979019165,26300
2022-08-02,5.159999847412109,5.25,5.010000228881836,5.019999980926514,42300
2022-08-03,5.179999828338623,5.179999828338623,5.0,5.139999866485596,59800
2022-08-04,5.25,5.25,5.079999923706055,5.170000076293945,8300
2022-08-05,5.170000076293945,5.25,5.0,5.159999847412109,8500
2022-08-08,5.28000020980835,5.289999961853027,5.159999847412109,5.159999847412109,25000
2022-08-09,5.170000076293945,5.239999771118164,5.159999847412109,5.239999771118164,28500
2022-08-10,5.320000171661377,5.349999904632568,5.230000019073486,5.260000228881836,6700
2022-08-11,5.239999771118164,5.380000114440918,5.239999771118164,5.340000152587891,7700
2022-08-12,5.300000190734863,5.340000152587891,5.110000133514404,5.139999866485596,8300
2022-08-15,5.429999828338623,5.429999828338623,5.320000171661377,5.320000171661377,12100
2022-08-16,5.260000228881836,5.400000095367432,5.260000228881836,5.300000190734863,10200
2022-08-17,5.190000057220459,5.28000020980835,5.059999942779541,5.28000020980835,26800
2022-08-18,5.090000152587891,5.190000057220459,5.019999980926514,5.139999866485596,29400
2022-08-19,4.960000038146973,5.139999866485596,4.960000038146973,5.050000190734863,20100
2022-08-22,5.050000190734863,5.110000133514404,4.909999847412109,4.980000019073486,48700
2022-08-23,5.099999904632568,5.150000095367432,5.050000190734863,5.079999923706055,36600
2022-08-24,5.130000114440918,5.130000114440918,5.070000171661377,5.090000152587891,12100
2022-08-25,5.079999923706055,5.119999885559082,5.039999961853027,5.110000133514404,11000
2022-08-26,5.03000020980835,5.090000152587891,5.0,5.050000190734863,10300
2022-08-29,4.920000076293945,5.0,4.900000095367432,4.989999771118164,5200
2022-08-30,4.900000095367432,4.96999979019165,4.840000152587891,4.960000038146973,10600
2022-08-31,4.989999771118164,4.989999771118164,4.920000076293945,4.960000038146973,6700
2022-09-01,4.909999847412109,4.940000057220459,4.860000133514404,4.940000057220459,5800
2022-09-02,4.849999904632568,4.949999809265137,4.849999904632568,4.880000114440918,4200
2022-09-06,4.760000228881836,4.940000057220459,4.75,4.849999904632568,11500
2022-09-07,4.880000114440918,4.880000114440918,4.809999942779541,4.820000171661377,15300
2022-09-08,4.920000076293945,4.929999828338623,4.820000171661377,4.840000152587891,25100
2022-09-09,5.0,5.0,4.769999980926514,4.829999923706055,15300
2022-09-12,5.0,5.03000020980835,4.900000095367432,5.03000020980835,7300
2022-09-13,4.869999885559082,4.920000076293945,4.760000228881836,4.78000020980835,54200
2022-09-14,4.809999942779541,4.849999904632568,4.769999980926514,4.769999980926514,12900
2022-09-15,4.860000133514404,5.090000152587891,4.800000190734863,4.800000190734863,37900
2022-09-16,4.760000228881836,4.929999828338623,4.659999847412109,4.860000133514404,182800
2022-09-19,4.710000038146973,4.760000228881836,4.619999885559082,4.75,13700
2022-09-20,4.5,4.679999828338623,4.340000152587891,4.679999828338623,191900
2022-09-21,4.480000019073486,4.579999923706055,4.440000057220459,4.489999771118164,21700
2022-09-22,4.449999809265137,4.519999980926514,4.449999809265137,4.449999809265137,10700
2022-09-23,4.5,4.519999980926514,4.409999847412109,4.429999828338623,79600
2022-09-26,4.449999809265137,4.5,4.409999847412109,4.5,5600
2022-09-27,4.440000057220459,4.440000057220459,4.409999847412109,4.409999847412109,11000
2022-09-28,4.5,4.539999961853027,4.360000133514404,4.360000133514404,10000
2022-09-29,4.420000076293945,4.449999809265137,4.349999904632568,4.449999809265137,41300
2022-09-30,4.510000228881836,4.559999942779541,4.360000133514404,4.460000038146973,61700
2022-10-03,4.480000019073486,4.510000228881836,4.400000095367432,4.46999979019165,23100
2022-10-04,4.610000133514404,4.679999828338623,4.53000020980835,4.559999942779541,24500
2022-10-05,4.579999923706055,4.630000114440918,4.550000190734863,4.590000152587891,4100
2022-10-06,4.130000114440918,4.570000171661377,4.110000133514404,4.539999961853027,227400
2022-10-07,4.179999828338623,4.309999942779541,4.150000095367432,4.159999847412109,23500
2022-10-10,4.230000019073486,4.320000171661377,4.190000057220459,4.320000171661377,15900
2022-10-11,4.340000152587891,4.360000133514404,4.25,4.25,28100
2022-10-12,4.409999847412109,4.53000020980835,4.349999904632568,4.400000095367432,21900
2022-10-13,4.46999979019165,4.46999979019165,4.159999847412109,4.159999847412109,14500
2022-10-14,4.380000114440918,4.449999809265137,4.239999771118164,4.239999771118164,12200
2022-10-17,4.5,4.539999961853027,4.420000076293945,4.5,11100
2022-10-18,4.599999904632568,4.619999885559082,4.460000038146973,4.539999961853027,19600
2022-10-19,4.510000228881836,4.679999828338623,4.510000228881836,4.53000020980835,35200
2022-10-20,4.550000190734863,4.579999923706055,4.429999828338623,4.519999980926514,21400
2022-10-21,4.630000114440918,4.630000114440918,4.409999847412109,4.409999847412109,8100
2022-10-24,4.71999979019165,4.739999771118164,4.599999904632568,4.630000114440918,17300
2022-10-25,4.710000038146973,4.710000038146973,4.630000114440918,4.679999828338623,8900
2022-10-26,4.840000152587891,4.840000152587891,4.699999809265137,4.71999979019165,15600
2022-10-27,4.699999809265137,4.78000020980835,4.659999847412109,4.760000228881836,16800
2022-10-28,4.699999809265137,4.760000228881836,4.590000152587891,4.710000038146973,11400
2022-10-31,4.510000228881836,4.690000057220459,4.510000228881836,4.610000133514404,19200
2022-11-01,4.599999904632568,4.670000076293945,4.53000020980835,4.590000152587891,4700
2022-11-02,4.679999828338623,4.699999809265137,4.480000019073486,4.579999923706055,37400
2022-11-03,4.349999904632568,4.519999980926514,4.21999979019165,4.5,158500
2022-11-04,4.420000076293945,4.489999771118164,4.289999961853027,4.289999961853027,9400
2022-11-07,4.360000133514404,4.440000057220459,4.210000038146973,4.440000057220459,121400
2022-11-08,4.300000190734863,4.369999885559082,4.269999980926514,4.269999980926514,7100
2022-11-09,4.309999942779541,4.409999847412109,4.269999980926514,4.269999980926514,10800
2022-11-10,4.400000095367432,4.480000019073486,4.320000171661377,4.400000095367432,21500
2022-11-11,4.5,4.670000076293945,4.389999866485596,4.429999828338623,19400
2022-11-14,4.420000076293945,4.579999923706055,4.380000114440918,4.5,106200
2022-11-15,4.5,4.599999904632568,4.460000038146973,4.510000228881836,16200
2022-11-16,4.489999771118164,4.570000171661377,4.409999847412109,4.5,15500
2022-11-17,4.46999979019165,4.510000228881836,4.389999866485596,4.5,8100
2022-11-18,4.53000020980835,4.559999942779541,4.420000076293945,4.550000190734863,12900
2022-11-21,4.46999979019165,4.550000190734863,4.380000114440918,4.460000038146973,78200
2022-11-22,4.320000171661377,4.360000133514404,4.309999942779541,4.320000171661377,58900
2022-11-23,4.300000190734863,4.329999923706055,4.300000190734863,4.320000171661377,15000
2022-11-25,4.309999942779541,4.349999904632568,4.239999771118164,4.300000190734863,11900
2022-11-28,4.449999809265137,4.550000190734863,4.230000019073486,4.349999904632568,205400
2022-11-29,4.619999885559082,4.71999979019165,4.46999979019165,4.5,139300
2022-11-30,4.699999809265137,4.739999771118164,4.5,4.690000057220459,86400
2022-12-01,4.699999809265137,4.710000038146973,4.619999885559082,4.679999828338623,60900
2022-12-02,4.690000057220459,4.71999979019165,4.639999866485596,4.71999979019165,31000
2022-12-05,4.619999885559082,4.679999828338623,4.579999923706055,4.679999828338623,45000
2022-12-06,4.579999923706055,4.599999904632568,4.53000020980835,4.599999904632568,28300
2022-12-07,4.570000171661377,4.579999923706055,4.489999771118164,4.539999961853027,45800
2022-12-08,4.699999809265137,4.699999809265137,4.550000190734863,4.550000190734863,34400
2022-12-09,4.599999904632568,4.699999809265137,4.559999942779541,4.670000076293945,18700
2022-12-12,4.489999771118164,4.550000190734863,4.46999979019165,4.550000190734863,44600
2022-12-13,4.590000152587891,4.599999904632568,4.5,4.519999980926514,28100
2022-12-14,4.329999923706055,4.590000152587891,4.239999771118164,4.590000152587891,100600
2022-12-15,4.059999942779541,4.119999885559082,3.9700000286102295,4.110000133514404,77400
2022-12-16,3.890000104904175,4.090000152587891,3.8499999046325684,4.050000190734863,328900
2022-12-19,4.179999828338623,4.230000019073486,3.9600000381469727,3.9600000381469727,96500
2022-12-20,4.119999885559082,4.199999809265137,4.03000020980835,4.139999866485596,25400
2022-12-21,4.070000171661377,4.119999885559082,4.039999961853027,4.050000190734863,33900
2022-12-22,3.930000066757202,4.03000020980835,3.75,4.03000020980835,73000
2022-12-23,3.9200000762939453,3.940000057220459,3.799999952316284,3.930000066757202,40700
2022-12-27,3.7899999618530273,3.8299999237060547,3.7200000286102295,3.809999942779541,60600
2022-12-28,3.819999933242798,3.859999895095825,3.75,3.75,27100
2022-12-29,3.9800000190734863,4.0,3.7799999713897705,3.7899999618530273,41200
2022-12-30,4.010000228881836,4.039999961853027,3.930000066757202,3.930000066757202,38700
2023-01-03,4.150000095367432,4.239999771118164,4.019999980926514,4.099999904632568,74600
2023-01-04,4.309999942779541,4.320000171661377,4.21999979019165,4.239999771118164,103300
2023-01-05,4.389999866485596,4.400000095367432,4.25,4.320000171661377,110400
2023-01-06,4.5,4.519999980926514,4.260000228881836,4.360000133514404,109400
2023-01-09,4.699999809265137,4.710000038146973,4.5,4.5,55400
2023-01-10,4.900000095367432,4.96999979019165,4.679999828338623,4.679999828338623,144900
2023-01-11,5.25,5.380000114440918,4.949999809265137,4.949999809265137,102900
2023-01-12,5.079999923706055,5.199999809265137,4.989999771118164,5.199999809265137,46200
2023-01-13,5.079999923706055,5.090000152587891,4.960000038146973,5.050000190734863,22500
2023-01-17,4.920000076293945,5.139999866485596,4.579999923706055,5.079999923706055,90000
2023-01-18,5.070000171661377,5.130000114440918,5.03000020980835,5.070000171661377,26600
2023-01-19,4.699999809265137,4.889999866485596,4.630000114440918,4.789999961853027,29100
2023-01-20,4.800000190734863,4.829999923706055,4.710000038146973,4.730000019073486,4100
2023-01-23,4.820000171661377,4.849999904632568,4.75,4.809999942779541,12600
2023-01-24,4.639999866485596,4.769999980926514,4.570000171661377,4.769999980926514,33400
2023-01-25,4.639999866485596,4.639999866485596,4.519999980926514,4.610000133514404,3200
2023-01-26,4.590000152587891,4.610000133514404,4.510000228881836,4.599999904632568,40400
2023-01-27,4.449999809265137,4.610000133514404,4.400000095367432,4.5,25300
2023-01-30,4.510000228881836,4.590000152587891,4.400000095367432,4.480000019073486,36400
2023-01-31,4.679999828338623,4.679999828338623,4.550000190734863,4.579999923706055,6000
2023-02-01,4.659999847412109,4.670000076293945,4.610000133514404,4.619999885559082,17200
2023-02-02,4.760000228881836,4.769999980926514,4.670000076293945,4.670000076293945,16200
2023-02-03,4.690000057220459,4.75,4.480000019073486,4.75,18100
2023-02-06,4.510000228881836,4.579999923706055,4.449999809265137,4.579999923706055,16700
2023-02-07,4.5,4.5,4.409999847412109,4.440000057220459,5800
2023-02-08,4.400000095367432,4.460000038146973,4.360000133514404,4.460000038146973,14300
2023-02-09,4.300000190734863,4.400000095367432,4.210000038146973,4.389999866485596,32300
2023-02-10,4.300000190734863,4.389999866485596,4.300000190734863,4.300000190734863,20700
2023-02-13,4.21999979019165,4.300000190734863,4.150000095367432,4.300000190734863,56800
2023-02-14,4.25,4.320000171661377,4.210000038146973,4.210000038146973,44900
2023-02-15,4.320000171661377,4.349999904632568,4.210000038146973,4.210000038146973,37200
2023-02-16,4.25,4.369999885559082,4.239999771118164,4.320000171661377,12100
2023-02-17,4.349999904632568,4.369999885559082,4.210000038146973,4.210000038146973,7600
2023-02-21,4.360000133514404,4.409999847412109,4.25,4.300000190734863,50600
2023-02-22,4.510000228881836,4.570000171661377,4.340000152587891,4.409999847412109,38800
2023-02-23,4.400000095367432,4.5,4.309999942779541,4.5,51600
2023-02-24,4.369999885559082,4.429999828338623,4.289999961853027,4.389999866485596,39400
2023-02-27,4.21999979019165,4.329999923706055,4.199999809265137,4.329999923706055,36000
2023-02-28,4.320000171661377,4.320000171661377,4.199999809265137,4.199999809265137,3600
2023-03-01,4.400000095367432,4.420000076293945,4.320000171661377,4.380000114440918,4700
2023-03-02,4.309999942779541,4.400000095367432,4.28000020980835,4.349999904632568,17700
2023-03-03,4.329999923706055,4.329999923706055,4.309999942779541,4.320000171661377,6000
2023-03-06,4.28000020980835,4.400000095367432,4.230000019073486,4.329999923706055,30300
2023-03-07,4.309999942779541,4.309999942779541,4.239999771118164,4.239999771118164,13900
2023-03-08,4.360000133514404,4.360000133514404,4.269999980926514,4.300000190734863,12800
2023-03-09,4.349999904632568,4.380000114440918,4.309999942779541,4.380000114440918,14300
2023-03-10,4.199999809265137,4.28000020980835,4.190000057220459,4.210000038146973,28600
2023-03-13,4.130000114440918,4.190000057220459,4.099999904632568,4.190000057220459,17500
2023-03-14,4.260000228881836,4.260000228881836,4.130000114440918,4.150000095367432,14400
2023-03-15,4.369999885559082,4.400000095367432,4.199999809265137,4.329999923706055,24800
2023-03-16,4.380000114440918,4.409999847412109,4.300000190734863,4.320000171661377,26100
2023-03-17,4.230000019073486,4.349999904632568,4.199999809265137,4.329999923706055,36300
2023-03-20,4.25,4.269999980926514,4.199999809265137,4.199999809265137,16600
2023-03-21,4.369999885559082,4.400000095367432,4.260000228881836,4.260000228881836,37700
2023-03-22,4.340000152587891,4.409999847412109,4.300000190734863,4.340000152587891,14200
2023-03-23,4.360000133514404,4.46999979019165,4.309999942779541,4.360000133514404,23000
2023-03-24,4.369999885559082,4.429999828338623,4.300000190734863,4.300000190734863,14600
2023-03-27,4.599999904632568,4.650000095367432,4.369999885559082,4.369999885559082,64700
2023-03-28,4.539999961853027,4.630000114440918,4.53000020980835,4.599999904632568,15300
2023-03-29,4.570000171661377,4.599999904632568,4.519999980926514,4.550000190734863,7600
2023-03-30,4.619999885559082,4.699999809265137,4.559999942779541,4.559999942779541,16200
2023-03-31,4.639999866485596,4.659999847412109,4.550000190734863,4.659999847412109,10700
2023-04-03,4.699999809265137,4.800000190734863,4.650000095367432,4.650000095367432,15100
2023-04-04,4.699999809265137,4.769999980926514,4.670000076293945,4.760000228881836,7400
2023-04-05,4.679999828338623,4.730000019073486,4.610000133514404,4.610000133514404,7400
2023-04-06,4.619999885559082,4.699999809265137,4.610000133514404,4.610000133514404,10500
2023-04-10,4.71999979019165,4.730000019073486,4.579999923706055,4.579999923706055,18500
2023-04-11,4.599999904632568,4.730000019073486,4.599999904632568,4.730000019073486,6200
2023-04-12,4.650000095367432,4.659999847412109,4.559999942779541,4.599999904632568,10300
2023-04-13,4.699999809265137,4.71999979019165,4.559999942779541,4.559999942779541,13600
2023-04-14,4.590000152587891,4.739999771118164,4.590000152587891,4.699999809265137,20800
2023-04-17,4.670000076293945,4.699999809265137,4.619999885559082,4.659999847412109,20000
2023-04-18,4.690000057220459,4.710000038146973,4.579999923706055,4.579999923706055,10900
2023-04-19,4.650000095367432,4.679999828338623,4.579999923706055,4.579999923706055,4700
2023-04-20,4.5,4.610000133514404,4.5,4.610000133514404,12700
2023-04-21,4.550000190734863,4.619999885559082,4.510000228881836,4.539999961853027,4500
2023-04-24,4.510000228881836,4.550000190734863,4.480000019073486,4.489999771118164,21100
2023-04-25,4.480000019073486,4.550000190734863,4.460000038146973,4.460000038146973,17100
2023-04-26,4.539999961853027,4.539999961853027,4.420000076293945,4.539999961853027,11600
2023-04-27,4.53000020980835,4.559999942779541,4.510000228881836,4.519999980926514,6200
2023-04-28,4.659999847412109,4.679999828338623,4.480000019073486,4.519999980926514,29400
2023-05-01,4.610000133514404,4.699999809265137,4.53000020980835,4.650000095367432,46700
2023-05-02,4.570000171661377,4.630000114440918,4.539999961853027,4.599999904632568,18100
2023-05-03,4.71999979019165,4.840000152587891,4.710000038146973,4.75,51000
2023-05-04,4.889999866485596,4.949999809265137,4.869999885559082,4.869999885559082,36000
2023-05-05,4.989999771118164,5.0,4.860000133514404,4.860000133514404,15300
2023-05-08,4.940000057220459,5.050000190734863,4.940000057220459,4.940000057220459,31200
2023-05-09,4.820000171661377,4.940000057220459,4.760000228881836,4.940000057220459,18000
2023-05-10,4.75,4.860000133514404,4.639999866485596,4.769999980926514,22300
2023-05-11,4.949999809265137,4.949999809265137,4.880000114440918,4.949999809265137,18300
2023-05-12,4.800000190734863,4.920000076293945,4.739999771118164,4.869999885559082,15300
2023-05-15,4.760000228881836,4.880000114440918,4.710000038146973,4.880000114440918,11900
2023-05-16,4.760000228881836,4.820000171661377,4.739999771118164,4.809999942779541,22400
2023-05-17,4.760000228881836,4.840000152587891,4.71999979019165,4.840000152587891,14300
2023-05-18,4.75,4.909999847412109,4.610000133514404,4.900000095367432,18200
2023-05-19,4.849999904632568,4.949999809265137,4.849999904632568,4.860000133514404,3800
2023-05-22,4.860000133514404,4.900000095367432,4.849999904632568,4.849999904632568,10600
2023-05-23,4.679999828338623,4.840000152587891,4.670000076293945,4.840000152587891,30200
2023-05-24,5.400000095367432,5.71999979019165,5.010000228881836,5.409999847412109,407200
2023-05-25,5.389999866485596,5.5,5.150000095367432,5.400000095367432,363800
2023-05-26,5.309999942779541,5.440000057220459,5.210000038146973,5.440000057220459,112600
2023-05-30,4.980000019073486,5.21999979019165,4.820000171661377,5.21999979019165,109500
2023-05-31,4.829999923706055,4.929999828338623,4.809999942779541,4.929999828338623,25200
2023-06-01,4.71999979019165,4.829999923706055,4.650000095367432,4.829999923706055,37100
2023-06-02,4.78000020980835,4.78000020980835,4.699999809265137,4.71999979019165,30800
2023-06-05,4.829999923706055,4.909999847412109,4.800000190734863,4.800000190734863,51400
2023-06-06,5.190000057220459,5.190000057220459,5.010000228881836,5.059999942779541,44100
2023-06-07,5.190000057220459,5.269999980926514,5.130000114440918,5.199999809265137,51000
2023-06-08,5.150000095367432,5.25,5.150000095367432,5.199999809265137,27300
2023-06-09,5.329999923706055,5.349999904632568,5.150000095367432,5.150000095367432,23300
2023-06-12,5.28000020980835,5.340000152587891,5.21999979019165,5.25,65100
2023-06-13,5.460000038146973,5.510000228881836,5.340000152587891,5.340000152587891,27000
2023-06-14,5.380000114440918,5.539999961853027,5.360000133514404,5.400000095367432,21400
2023-06-15,5.349999904632568,5.420000076293945,5.269999980926514,5.420000076293945,23900
2023-06-16,5.329999923706055,5.420000076293945,5.300000190734863,5.389999866485596,18600
2023-06-20,5.300000190734863,5.380000114440918,5.300000190734863,5.360000133514404,13400
2023-06-21,5.480000019073486,5.539999961853027,5.300000190734863,5.300000190734863,54500
2023-06-22,5.460000038146973,5.46999979019165,5.309999942779541,5.46999979019165,24900
2023-06-23,5.400000095367432,5.460000038146973,5.380000114440918,5.460000038146973,10900
2023-06-26,5.53000020980835,5.53000020980835,5.389999866485596,5.429999828338623,20700
2023-06-27,5.510000228881836,5.670000076293945,5.440000057220459,5.480000019073486,25200
2023-06-28,5.420000076293945,5.579999923706055,5.409999847412109,5.510000228881836,29700
2023-06-29,5.389999866485596,5.440000057220459,5.300000190734863,5.380000114440918,32600
2023-06-30,5.28000020980835,5.400000095367432,5.21999979019165,5.400000095367432,12300
2023-07-03,5.170000076293945,5.28000020980835,5.050000190734863,5.28000020980835,22800
2023-07-05,5.019999980926514,5.150000095367432,5.0,5.139999866485596,41800
2023-07-06,4.900000095367432,5.019999980926514,4.820000171661377,5.019999980926514,25600
2023-07-07,4.940000057220459,5.059999942779541,4.869999885559082,4.940000057220459,20000
2023-07-10,5.050000190734863,5.139999866485596,4.980000019073486,4.980000019073486,31600
2023-07-11,5.050000190734863,5.119999885559082,5.0,5.0,22200
2023-07-12,5.119999885559082,5.25,5.050000190734863,5.199999809265137,21200
2023-07-13,5.110000133514404,5.230000019073486,5.050000190734863,5.230000019073486,29500
2023-07-14,5.130000114440918,5.170000076293945,5.110000133514404,5.139999866485596,11300
2023-07-17,5.059999942779541,5.159999847412109,4.989999771118164,5.159999847412109,14700
2023-07-18,5.03000020980835,5.079999923706055,5.0,5.019999980926514,12800
2023-07-19,5.059999942779541,5.150000095367432,5.039999961853027,5.059999942779541,10200
2023-07-20,5.139999866485596,5.139999866485596,5.099999904632568,5.130000114440918,9000
2023-07-21,5.099999904632568,5.119999885559082,5.079999923706055,5.110000133514404,6200
2023-07-24,5.019999980926514,5.130000114440918,5.0,5.070000171661377,19300
2023-07-25,5.119999885559082,5.119999885559082,4.909999847412109,4.909999847412109,11300
2023-07-26,5.079999923706055,5.119999885559082,4.949999809265137,5.119999885559082,25900
2023-07-27,4.860000133514404,5.070000171661377,4.809999942779541,5.070000171661377,26600
2023-07-28,4.949999809265137,5.0,4.840000152587891,4.840000152587891,18900
2023-07-31,4.929999828338623,5.039999961853027,4.929999828338623,4.949999809265137,13300
2023-08-01,5.03000020980835,5.139999866485596,5.0,5.019999980926514,24500
2023-08-02,4.940000057220459,5.099999904632568,4.940000057220459,5.099999904632568,11200
2023-08-03,5.329999923706055,5.340000152587891,5.039999961853027,5.039999961853027,34500
2023-08-04,5.340000152587891,5.340000152587891,5.179999828338623,5.329999923706055,28600
2023-08-07,5.130000114440918,5.260000228881836,5.050000190734863,5.25,12200
2023-08-08,5.21999979019165,5.239999771118164,5.039999961853027,5.099999904632568,48900
2023-08-09,5.119999885559082,5.159999847412109,5.099999904632568,5.150000095367432,9800
2023-08-10,5.059999942779541,5.190000057220459,5.059999942779541,5.170000076293945,14600
2023-08-11,5.130000114440918,5.150000095367432,5.03000020980835,5.03000020980835,11600
2023-08-14,5.090000152587891,5.130000114440918,5.039999961853027,5.050000190734863,10800
2023-08-15,5.119999885559082,5.179999828338623,5.039999961853027,5.110000133514404,17900
2023-08-16,5.309999942779541,5.550000190734863,5.199999809265137,5.199999809265137,122600
2023-08-17,5.829999923706055,5.849999904632568,5.650000095367432,5.650000095367432,150800
2023-08-18,5.809999942779541,5.849999904632568,5.699999809265137,5.840000152587891,55300
2023-08-21,5.579999923706055,5.679999828338623,5.369999885559082,5.679999828338623,95800
2023-08-22,5.460000038146973,5.5,5.389999866485596,5.5,63200
2023-08-23,5.429999828338623,5.449999809265137,5.309999942779541,5.349999904632568,49900
2023-08-24,5.440000057220459,5.449999809265137,5.309999942779541,5.449999809265137,21200
2023-08-25,5.420000076293945,5.460000038146973,5.329999923706055,5.460000038146973,10500
2023-08-28,5.429999828338623,5.460000038146973,5.360000133514404,5.440000057220459,9700
2023-08-29,5.510000228881836,5.579999923706055,5.409999847412109,5.460000038146973,20200
2023-08-30,5.630000114440918,5.690000057220459,5.570000171661377,5.570000171661377,21200
2023-08-31,5.75,5.769999980926514,5.670000076293945,5.699999809265137,28800
2023-09-01,5.760000228881836,5.820000171661377,5.699999809265137,5.769999980926514,26400
2023-09-05,5.489999771118164,5.690000057220459,5.480000019073486,5.690000057220459,21900
2023-09-06,5.380000114440918,5.480000019073486,5.360000133514404,5.480000019073486,14800
2023-09-07,5.389999866485596,5.420000076293945,5.300000190734863,5.400000095367432,10400
2023-09-08,5.389999866485596,5.639999866485596,5.349999904632568,5.639999866485596,11300
2023-09-11,5.309999942779541,5.369999885559082,5.230000019073486,5.369999885559082,35500
2023-09-12,5.139999866485596,5.25,5.139999866485596,5.25,19800
2023-09-13,5.150000095367432,5.210000038146973,5.059999942779541,5.099999904632568,12800
2023-09-14,5.150000095367432,5.210000038146973,5.099999904632568,5.099999904632568,26600
2023-09-15,5.179999828338623,5.25,5.159999847412109,5.159999847412109,38500
2023-09-18,5.300000190734863,5.320000171661377,5.190000057220459,5.210000038146973,17600
2023-09-19,5.269999980926514,5.360000133514404,5.230000019073486,5.269999980926514,13100
2023-09-20,5.28000020980835,5.320000171661377,5.21999979019165,5.21999979019165,12500
2023-09-21,5.28000020980835,5.28000020980835,5.150000095367432,5.260000228881836,29900
2023-09-22,5.170000076293945,5.289999961853027,5.170000076293945,5.269999980926514,5600
2023-09-25,5.210000038146973,5.329999923706055,5.179999828338623,5.230000019073486,4600
2023-09-26,5.050000190734863,5.159999847412109,5.019999980926514,5.159999847412109,31500
2023-09-27,5.090000152587891,5.210000038146973,5.070000171661377,5.190000057220459,10900
2023-09-28,5.25,5.340000152587891,5.170000076293945,5.190000057220459,27200
2023-09-29,5.340000152587891,5.380000114440918,5.309999942779541,5.360000133514404,10200
2023-10-02,5.380000114440918,5.400000095367432,5.349999904632568,5.349999904632568,16500
2023-10-03,5.300000190734863,5.429999828338623,5.28000020980835,5.389999866485596,13900
2023-10-04,5.269999980926514,5.340000152587891,5.230000019073486,5.25,6700
2023-10-05,5.329999923706055,5.329999923706055,5.210000038146973,5.329999923706055,14800
2023-10-06,5.260000228881836,5.320000171661377,5.179999828338623,5.179999828338623,5800
2023-10-09,4.829999923706055,4.909999847412109,4.75,4.900000095367432,80800
2023-10-10,4.96999979019165,5.03000020980835,4.880000114440918,4.940000057220459,22000
2023-10-11,4.940000057220459,4.989999771118164,4.880000114440918,4.96999979019165,20700
2023-10-12,4.849999904632568,4.920000076293945,4.829999923706055,4.920000076293945,15800
2023-10-13,4.760000228881836,4.840000152587891,4.75,4.800000190734863,16500
2023-10-16,4.699999809265137,4.75,4.679999828338623,4.710000038146973,15200
2023-10-17,4.699999809265137,4.760000228881836,4.610000133514404,4.619999885559082,22300
2023-10-18,4.489999771118164,4.599999904632568,4.46999979019165,4.590000152587891,26800
2023-10-19,4.53000020980835,4.570000171661377,4.480000019073486,4.510000228881836,30900
2023-10-20,4.360000133514404,4.550000190734863,4.28000020980835,4.550000190734863,28900
2023-10-23,4.320000171661377,4.440000057220459,4.300000190734863,4.380000114440918,15900
2023-10-24,4.340000152587891,4.340000152587891,4.239999771118164,4.300000190734863,53500
2023-10-25,4.230000019073486,4.320000171661377,4.230000019073486,4.320000171661377,9600
2023-10-26,4.190000057220459,4.230000019073486,4.159999847412109,4.210000038146973,16300
2023-10-27,4.139999866485596,4.309999942779541,4.139999866485596,4.21999979019165,4100
2023-10-30,4.360000133514404,4.360000133514404,4.150000095367432,4.199999809265137,18500
2023-10-31,4.230000019073486,4.369999885559082,4.079999923706055,4.329999923706055,74700
2023-11-01,4.460000038146973,4.46999979019165,4.329999923706055,4.329999923706055,28200
2023-11-02,4.369999885559082,4.579999923706055,4.360000133514404,4.5,37600
2023-11-03,4.659999847412109,4.659999847412109,4.449999809265137,4.510000228881836,41300
2023-11-06,4.760000228881836,4.760000228881836,4.639999866485596,4.75,25800
2023-11-07,4.75,4.760000228881836,4.699999809265137,4.739999771118164,7500
2023-11-08,4.739999771118164,4.78000020980835,4.739999771118164,4.739999771118164,8900
2023-11-09,4.650000095367432,4.71999979019165,4.630000114440918,4.659999847412109,16400
2023-11-10,4.679999828338623,4.679999828338623,4.599999904632568,4.639999866485596,14900
2023-11-13,4.789999961853027,4.789999961853027,4.579999923706055,4.710000038146973,34000
2023-11-14,4.860000133514404,4.880000114440918,4.800000190734863,4.800000190734863,20900
2023-11-15,4.619999885559082,4.800000190734863,4.619999885559082,4.800000190734863,12200
2023-11-16,4.730000019073486,4.769999980926514,4.670000076293945,4.690000057220459,12300
2023-11-17,4.71999979019165,4.809999942779541,4.710000038146973,4.809999942779541,4900
2023-11-20,4.71999979019165,4.75,4.699999809265137,4.730000019073486,11500
2023-11-21,4.75,4.760000228881836,4.710000038146973,4.710000038146973,12800
2023-11-22,4.75,4.800000190734863,4.730000019073486,4.769999980926514,7500
2023-11-24,4.71999979019165,4.769999980926514,4.699999809265137,4.739999771118164,6500
2023-11-27,4.769999980926514,4.769999980926514,4.699999809265137,4.75,11400
2023-11-28,4.789999961853027,4.820000171661377,4.760000228881836,4.769999980926514,11300
2023-11-29,4.769999980926514,4.820000171661377,4.699999809265137,4.820000171661377,39000
2023-11-30,4.730000019073486,4.739999771118164,4.599999904632568,4.650000095367432,20500
2023-12-01,4.650000095367432,4.75,4.610000133514404,4.619999885559082,9600
2023-12-04,4.75,4.809999942779541,4.690000057220459,4.690000057220459,16200
2023-12-05,4.840000152587891,4.840000152587891,4.670000076293945,4.769999980926514,8800
2023-12-06,5.849999904632568,6.349999904632568,5.599999904632568,5.599999904632568,2385200
2023-12-07,5.889999866485596,6.099999904632568,5.510000228881836,5.690000057220459,257400
2023-12-08,5.71999979019165,5.849999904632568,5.699999809265137,5.849999904632568,47700
2023-12-11,5.480000019073486,5.670000076293945,5.480000019073486,5.670000076293945,80900
2023-12-12,5.739999771118164,5.769999980926514,5.619999885559082,5.650000095367432,65900
2023-12-13,5.840000152587891,5.869999885559082,5.710000038146973,5.710000038146973,25900
2023-12-14,5.849999904632568,5.929999828338623,5.849999904632568,5.869999885559082,24800
2023-12-15,5.929999828338623,5.929999828338623,5.699999809265137,5.809999942779541,40400
2023-12-18,5.989999771118164,6.050000190734863,5.949999809265137,5.989999771118164,29900
2023-12-19,5.989999771118164,5.989999771118164,5.900000095367432,5.980000019073486,30000
2023-12-20,5.96999979019165,6.059999942779541,5.900000095367432,5.980000019073486,65000
2023-12-21,5.960000038146973,5.980000019073486,5.909999847412109,5.980000019073486,7600
2023-12-22,6.090000152587891,6.090000152587891,5.920000076293945,5.920000076293945,24900
2023-12-26,6.079999923706055,6.079999923706055,5.920000076293945,5.920000076293945,19900
2023-12-27,6.21999979019165,6.329999923706055,6.010000228881836,6.010000228881836,82800
2023-12-28,6.190000057220459,6.349999904632568,6.059999942779541,6.199999809265137,54700
2023-12-29,6.119999885559082,6.25,6.119999885559082,6.210000038146973,25400
2024-01-02,6.159999847412109,6.239999771118164,6.070000171661377,6.099999904632568,26200
2024-01-03,6.099999904632568,6.190000057220459,6.070000171661377,6.099999904632568,29600
2024-01-04,6.170000076293945,6.230000019073486,6.079999923706055,6.119999885559082,12300
2024-01-05,5.949999809265137,6.139999866485596,5.889999866485596,6.130000114440918,25000
2024-01-08,6.090000152587891,6.179999828338623,5.820000171661377,5.869999885559082,65600
2024-01-09,6.03000020980835,6.110000133514404,5.980000019073486,6.010000228881836,47000
2024-01-10,6.0,6.03000020980835,5.980000019073486,5.989999771118164,11500
2024-01-11,5.949999809265137,6.0,5.900000095367432,5.96999979019165,9200
2024-01-12,5.889999866485596,5.96999979019165,5.860000133514404,5.909999847412109,30000
2024-01-16,5.650000095367432,5.760000228881836,5.599999904632568,5.739999771118164,36300
2024-01-17,5.610000133514404,5.71999979019165,5.570000171661377,5.599999904632568,30500
2024-01-18,5.880000114440918,6.0,5.630000114440918,5.630000114440918,43000
2024-01-19,5.869999885559082,5.920000076293945,5.820000171661377,5.829999923706055,20000
2024-01-22,5.829999923706055,5.869999885559082,5.75,5.75,23600
2024-01-23,5.630000114440918,5.730000019073486,5.630000114440918,5.710000038146973,18800
2024-01-24,5.789999961853027,5.789999961853027,5.670000076293945,5.679999828338623,7300
2024-01-25,5.639999866485596,5.829999923706055,5.639999866485596,5.71999979019165,13700
2024-01-26,5.739999771118164,5.75,5.630000114440918,5.690000057220459,36700
2024-01-29,5.659999847412109,5.699999809265137,5.650000095367432,5.679999828338623,17700
2024-01-30,5.610000133514404,5.679999828338623,5.590000152587891,5.670000076293945,15000
2024-01-31,5.730000019073486,5.880000114440918,5.639999866485596,5.639999866485596,43700
2024-02-01,5.800000190734863,5.829999923706055,5.670000076293945,5.679999828338623,16300
2024-02-02,5.71999979019165,5.820000171661377,5.699999809265137,5.809999942779541,19600
2024-02-05,5.599999904632568,5.730000019073486,5.599999904632568,5.659999847412109,36800
2024-02-06,5.78000020980835,5.78000020980835,5.679999828338623,5.769999980926514,9300
2024-02-07,5.900000095367432,5.920000076293945,5.829999923706055,5.909999847412109,20300
2024-02-08,5.980000019073486,6.0,5.920000076293945,6.0,18900
2024-02-09,5.989999771118164,5.989999771118164,5.849999904632568,5.909999847412109,8300
2024-02-12,6.010000228881836,6.070000171661377,6.0,6.050000190734863,16000
2024-02-13,5.909999847412109,5.989999771118164,5.880000114440918,5.989999771118164,19400
2024-02-14,6.010000228881836,6.019999980926514,5.909999847412109,5.960000038146973,18500
2024-02-15,6.139999866485596,6.230000019073486,6.099999904632568,6.110000133514404,18500
2024-02-16,6.130000114440918,6.28000020980835,6.099999904632568,6.139999866485596,7200
2024-02-20,6.059999942779541,6.139999866485596,6.010000228881836,6.079999923706055,7800
2024-02-21,6.010000228881836,6.090000152587891,6.010000228881836,6.090000152587891,1900
2024-02-22,6.230000019073486,6.269999980926514,6.070000171661377,6.130000114440918,20600
2024-02-23,6.150000095367432,6.25,6.010000228881836,6.139999866485596,3400
2024-02-26,6.119999885559082,6.25,6.110000133514404,6.150000095367432,10900
2024-02-27,6.400000095367432,6.440000057220459,6.139999866485596,6.139999866485596,30600
2024-02-28,6.260000228881836,6.460000038146973,6.260000228881836,6.460000038146973,33300
2024-02-29,6.300000190734863,6.429999828338623,6.25,6.400000095367432,16100
2024-03-01,6.369999885559082,6.409999847412109,6.21999979019165,6.21999979019165,14300
2024-03-04,6.420000076293945,6.46999979019165,6.369999885559082,6.429999828338623,12800
2024-03-05,6.369999885559082,6.53000020980835,6.369999885559082,6.420000076293945,56700
2024-03-06,6.050000190734863,6.079999923706055,5.889999866485596,5.980000019073486,113900
2024-03-07,6.199999809265137,6.239999771118164,5.989999771118164,6.050000190734863,43400
2024-03-08,6.050000190734863,6.25,6.03000020980835,6.25,27900
2024-03-11,5.710000038146973,5.849999904632568,5.710000038146973,5.829999923706055,52800
2024-03-12,5.789999961853027,5.789999961853027,5.659999847412109,5.710000038146973,13600
2024-03-13,5.71999979019165,5.78000020980835,5.690000057220459,5.690000057220459,15900
2024-03-14,5.579999923706055,5.710000038146973,5.559999942779541,5.710000038146973,32800
2024-03-15,5.599999904632568,5.650000095367432,5.559999942779541,5.639999866485596,9500
2024-03-18,5.869999885559082,5.880000114440918,5.710000038146973,5.710000038146973,25100
2024-03-19,5.739999771118164,5.949999809265137,5.699999809265137,5.829999923706055,23500
2024-03-20,5.869999885559082,5.920000076293945,5.789999961853027,5.800000190734863,7400
2024-03-21,5.800000190734863,5.909999847412109,5.800000190734863,5.909999847412109,21400
2024-03-22,5.730000019073486,5.869999885559082,5.670000076293945,5.75,12400
2024-03-25,5.730000019073486,5.78000020980835,5.71999979019165,5.739999771118164,24100
2024-03-26,5.590000152587891,5.789999961853027,5.590000152587891,5.670000076293945,23000
2024-03-27,5.599999904632568,5.710000038146973,5.570000171661377,5.679999828338623,7500
2024-03-28,5.610000133514404,5.670000076293945,5.590000152587891,5.650000095367432,13900
2024-04-01,5.610000133514404,5.639999866485596,5.590000152587891,5.590000152587891,15700
2024-04-02,5.559999942779541,5.650000095367432,5.559999942779541,5.590000152587891,8200
2024-04-03,5.599999904632568,5.670000076293945,5.53000020980835,5.539999961853027,11700
2024-04-04,5.329999923706055,5.46999979019165,5.300000190734863,5.460000038146973,31000
2024-04-05,5.380000114440918,5.389999866485596,5.309999942779541,5.309999942779541,10100
2024-04-08,5.420000076293945,5.53000020980835,5.400000095367432,5.400000095367432,8700
2024-04-09,5.300000190734863,5.369999885559082,5.269999980926514,5.360000133514404,26000
2024-04-10,5.269999980926514,5.300000190734863,5.199999809265137,5.269999980926514,25800
2024-04-11,5.199999809265137,5.269999980926514,5.159999847412109,5.170000076293945,13900
2024-04-12,5.139999866485596,5.199999809265137,5.099999904632568,5.179999828338623,16200
2024-04-15,5.119999885559082,5.360000133514404,5.119999885559082,5.210000038146973,11000
2024-04-16,4.900000095367432,5.119999885559082,4.900000095367432,5.119999885559082,108000
2024-04-17,5.079999923706055,5.269999980926514,4.940000057220459,4.949999809265137,34500
2024-04-18,5.099999904632568,5.119999885559082,5.019999980926514,5.119999885559082,6500
2024-04-19,5.050000190734863,5.21999979019165,5.039999961853027,5.059999942779541,26600
2024-04-22,5.099999904632568,5.199999809265137,5.059999942779541,5.150000095367432,8000
2024-04-23,5.090000152587891,5.119999885559082,5.010000228881836,5.119999885559082,5300
2024-04-24,5.179999828338623,5.360000133514404,5.139999866485596,5.150000095367432,10900
2024-04-25,5.199999809265137,5.199999809265137,5.119999885559082,5.130000114440918,10500
2024-04-26,5.150000095367432,5.199999809265137,5.119999885559082,5.199999809265137,5500
2024-04-29,5.28000020980835,5.300000190734863,5.21999979019165,5.25,17200
2024-04-30,5.21999979019165,5.340000152587891,5.199999809265137,5.25,8800
2024-05-01,5.369999885559082,5.369999885559082,5.260000228881836,5.260000228881836,14800
2024-05-02,5.559999942779541,5.599999904632568,5.269999980926514,5.269999980926514,38300
2024-05-03,5.75,5.78000020980835,5.519999980926514,5.619999885559082,34800
2024-05-06,5.710000038146973,5.769999980926514,5.650000095367432,5.730000019073486,7700
2024-05-07,5.610000133514404,5.679999828338623,5.539999961853027,5.639999866485596,21600
2024-05-08,5.739999771118164,5.849999904632568,5.71999979019165,5.849999904632568,33900
2024-05-09,5.559999942779541,5.619999885559082,5.550000190734863,5.610000133514404,26700
2024-05-10,5.539999961853027,5.570000171661377,5.5,5.570000171661377,17200
2024-05-13,5.570000171661377,5.590000152587891,5.5,5.53000020980835,8500
2024-05-14,5.659999847412109,5.670000076293945,5.570000171661377,5.579999923706055,7700
2024-05-15,5.590000152587891,5.639999866485596,5.5,5.579999923706055,5900
2024-05-16,5.460000038146973,5.460000038146973,5.369999885559082,5.380000114440918,31100
2024-05-17,5.369999885559082,5.590000152587891,5.369999885559082,5.409999847412109,21200
2024-05-20,5.420000076293945,5.420000076293945,5.349999904632568,5.349999904632568,2600
2024-05-21,5.300000190734863,5.360000133514404,5.199999809265137,5.320000171661377,19700
2024-05-22,5.320000171661377,5.320000171661377,5.25,5.269999980926514,9000
2024-05-23,5.21999979019165,5.260000228881836,5.210000038146973,5.239999771118164,7700
2024-05-24,5.300000190734863,5.300000190734863,5.210000038146973,5.210000038146973,7000
2024-05-28,5.239999771118164,5.239999771118164,5.119999885559082,5.150000095367432,50000
2024-05-29,5.190000057220459,5.25,5.110000133514404,5.159999847412109,45000
2024-05-30,5.21999979019165,5.269999980926514,5.199999809265137,5.21999979019165,3100
2024-05-31,5.269999980926514,5.269999980926514,5.159999847412109,5.21999979019165,5700
2024-06-03,5.360000133514404,5.409999847412109,5.170000076293945,5.21999979019165,30800
2024-06-04,5.230000019073486,5.300000190734863,5.190000057220459,5.25,4200
2024-06-05,5.179999828338623,5.21999979019165,5.170000076293945,5.21999979019165,4500
2024-06-06,5.159999847412109,5.199999809265137,5.079999923706055,5.110000133514404,10400
2024-06-07,5.059999942779541,5.139999866485596,5.050000190734863,5.050000190734863,6800
2024-06-10,5.25,5.25,4.949999809265137,5.0,31800
2024-06-11,5.099999904632568,5.210000038146973,5.099999904632568,5.150000095367432,4700
2024-06-12,5.320000171661377,5.539999961853027,5.110000133514404,5.199999809265137,18000
2024-06-13,5.159999847412109,5.159999847412109,5.079999923706055,5.079999923706055,12700
2024-06-14,5.090000152587891,5.139999866485596,5.050000190734863,5.139999866485596,6500
2024-06-17,5.170000076293945,5.199999809265137,5.079999923706055,5.099999904632568,16900
2024-06-18,5.059999942779541,5.110000133514404,5.050000190734863,5.059999942779541,6400
2024-06-20,4.909999847412109,5.019999980926514,4.909999847412109,4.980000019073486,11400
2024-06-21,4.78000020980835,4.860000133514404,4.739999771118164,4.860000133514404,22500
2024-06-24,4.96999979019165,5.0,4.840000152587891,4.869999885559082,25800
2024-06-25,5.050000190734863,5.070000171661377,4.920000076293945,4.929999828338623,17700
2024-06-26,5.0,5.0,4.949999809265137,4.949999809265137,1100
2024-06-27,5.050000190734863,5.190000057220459,4.949999809265137,4.949999809265137,4900
2024-06-28,4.960000038146973,5.099999904632568,4.949999809265137,5.099999904632568,2600
2024-07-01,4.829999923706055,4.989999771118164,4.829999923706055,4.96999979019165,36900
2024-07-02,5.0,5.03000020980835,4.929999828338623,4.940000057220459,16500
2024-07-03,5.150000095367432,5.429999828338623,5.099999904632568,5.429999828338623,138600
2024-07-05,5.670000076293945,5.909999847412109,5.21999979019165,5.21999979019165,163800
2024-07-08,5.710000038146973,5.880000114440918,5.630000114440918,5.670000076293945,66000
2024-07-09,5.800000190734863,5.820000171661377,5.690000057220459,5.75,67500
2024-07-10,5.900000095367432,6.010000228881836,5.75,5.829999923706055,41700
2024-07-11,6.25,6.440000057220459,5.809999942779541,5.960000038146973,99800
2024-07-12,6.210000038146973,6.389999866485596,6.210000038146973,6.329999923706055,37700
2024-07-15,5.78000020980835,6.050000190734863,5.690000057220459,6.050000190734863,101500
2024-07-16,5.820000171661377,5.869999885559082,5.730000019073486,5.75,28300
2024-07-17,5.820000171661377,5.820000171661377,5.739999771118164,5.75,32300
2024-07-18,5.829999923706055,5.849999904632568,5.739999771118164,5.760000228881836,21400
2024-07-19,5.78000020980835,5.940000057220459,5.710000038146973,5.78000020980835,34600
2024-07-22,5.880000114440918,5.929999828338623,5.730000019073486,5.769999980926514,54200
2024-07-23,5.880000114440918,5.900000095367432,5.820000171661377,5.860000133514404,27500
2024-07-24,5.820000171661377,5.880000114440918,5.820000171661377,5.849999904632568,28700
2024-07-25,5.940000057220459,5.989999771118164,5.800000190734863,5.809999942779541,47400
2024-07-26,5.940000057220459,6.099999904632568,5.869999885559082,5.96999979019165,26800
2024-07-29,5.869999885559082,5.920000076293945,5.75,5.800000190734863,78600
2024-07-30,5.809999942779541,5.889999866485596,5.760000228881836,5.809999942779541,30700
2024-07-31,5.650000095367432,5.739999771118164,5.599999904632568,5.739999771118164,39100
2024-08-01,5.539999961853027,5.610000133514404,5.420000076293945,5.559999942779541,54900
2024-08-02,5.380000114440918,5.5,5.380000114440918,5.5,49900
2024-08-05,5.179999828338623,5.269999980926514,5.079999923706055,5.110000133514404,48500
2024-08-06,5.309999942779541,5.349999904632568,5.190000057220459,5.21999979019165,35400
2024-08-07,5.28000020980835,5.440000057220459,5.28000020980835,5.349999904632568,32200
2024-08-08,5.449999809265137,5.519999980926514,5.380000114440918,5.380000114440918,11800
2024-08-09,5.53000020980835,5.579999923706055,5.460000038146973,5.5,29700
2024-08-12,5.349999904632568,5.409999847412109,5.329999923706055,5.409999847412109,26900
2024-08-13,5.550000190734863,5.710000038146973,5.409999847412109,5.409999847412109,70700
2024-08-14,5.329999923706055,5.510000228881836,5.300000190734863,5.5,104300
2024-08-15,5.369999885559082,5.449999809265137,5.329999923706055,5.380000114440918,26600
2024-08-16,5.539999961853027,5.619999885559082,5.400000095367432,5.460000038146973,78600
2024-08-19,5.679999828338623,5.699999809265137,5.550000190734863,5.550000190734863,183200
2024-08-20,5.619999885559082,5.639999866485596,5.539999961853027,5.639999866485596,26700
2024-08-21,5.539999961853027,5.539999961853027,5.449999809265137,5.539999961853027,29700
2024-08-22,5.559999942779541,5.619999885559082,5.510000228881836,5.510000228881836,38800
2024-08-23,5.71999979019165,5.769999980926514,5.510000228881836,5.650000095367432,63700
2024-08-26,5.71999979019165,5.78000020980835,5.659999847412109,5.690000057220459,40000
2024-08-27,5.659999847412109,5.679999828338623,5.619999885559082,5.670000076293945,22800
2024-08-28,5.71999979019165,5.730000019073486,5.619999885559082,5.650000095367432,13400
2024-08-29,5.800000190734863,5.800000190734863,5.670000076293945,5.739999771118164,11000
2024-08-30,5.75,5.78000020980835,5.699999809265137,5.769999980926514,13100
2024-09-03,5.449999809265137,5.559999942779541,5.440000057220459,5.559999942779541,38700
2024-09-04,5.460000038146973,5.510000228881836,5.389999866485596,5.400000095367432,17000
2024-09-05,5.5,5.559999942779541,5.46999979019165,5.489999771118164,14000
2024-09-06,5.349999904632568,5.579999923706055,5.349999904632568,5.53000020980835,23800
2024-09-09,5.329999923706055,5.349999904632568,5.25,5.269999980926514,35200
2024-09-10,5.269999980926514,5.349999904632568,5.260000228881836,5.28000020980835,20800
2024-09-11,5.260000228881836,5.320000171661377,5.25,5.25,29100
2024-09-12,5.420000076293945,5.590000152587891,5.300000190734863,5.300000190734863,26000
2024-09-13,5.460000038146973,5.510000228881836,5.400000095367432,5.449999809265137,15900
2024-09-16,5.460000038146973,5.489999771118164,5.400000095367432,5.460000038146973,29700
2024-09-17,5.289999961853027,5.420000076293945,5.260000228881836,5.389999866485596,67800
2024-09-18,5.269999980926514,5.360000133514404,5.260000228881836,5.289999961853027,66400
2024-09-19,5.449999809265137,5.449999809265137,5.340000152587891,5.360000133514404,22800
2024-09-20,5.360000133514404,5.440000057220459,5.340000152587891,5.400000095367432,16300
2024-09-23,5.309999942779541,5.420000076293945,5.260000228881836,5.400000095367432,58000
2024-09-24,5.360000133514404,5.400000095367432,5.360000133514404,5.360000133514404,3600
2024-09-25,5.300000190734863,5.349999904632568,5.300000190734863,5.349999904632568,7800
2024-09-26,5.369999885559082,5.420000076293945,5.329999923706055,5.389999866485596,19800
2024-09-27,5.409999847412109,5.46999979019165,5.329999923706055,5.420000076293945,16400
2024-09-30,5.369999885559082,5.409999847412109,5.320000171661377,5.409999847412109,24800
2024-10-01,5.239999771118164,5.369999885559082,5.210000038146973,5.369999885559082,36300
2024-10-02,5.230000019073486,5.239999771118164,5.170000076293945,5.239999771118164,13400
2024-10-03,5.170000076293945,5.210000038146973,5.170000076293945,5.210000038146973,2700
2024-10-04,5.199999809265137,5.239999771118164,5.170000076293945,5.239999771118164,13400
2024-10-07,5.239999771118164,5.269999980926514,5.179999828338623,5.230000019073486,31300
2024-10-08,5.260000228881836,5.289999961853027,5.25,5.25,12600
2024-10-09,5.21999979019165,5.260000228881836,5.21999979019165,5.25,17100
2024-10-10,5.199999809265137,5.260000228881836,5.179999828338623,5.239999771118164,17000
2024-10-11,5.25,5.25,5.199999809265137,5.199999809265137,5400
2024-10-14,5.269999980926514,5.320000171661377,5.25,5.28000020980835,30700
2024-10-15,5.269999980926514,5.329999923706055,5.25,5.309999942779541,17200
2024-10-16,5.25,5.309999942779541,5.179999828338623,5.230000019073486,23000
2024-10-17,5.300000190734863,5.300000190734863,5.210000038146973,5.25,40600
2024-10-18,5.440000057220459,5.460000038146973,5.320000171661377,5.320000171661377,18600
2024-10-21,5.400000095367432,5.5,5.369999885559082,5.449999809265137,36700
2024-10-22,5.349999904632568,5.429999828338623,5.309999942779541,5.400000095367432,10600
2024-10-23,5.340000152587891,5.389999866485596,5.309999942779541,5.389999866485596,20000
2024-10-24,5.320000171661377,5.369999885559082,5.230000019073486,5.329999923706055,19600
2024-10-25,5.28000020980835,5.389999866485596,5.28000020980835,5.349999904632568,8200
2024-10-28,5.46999979019165,5.519999980926514,5.429999828338623,5.460000038146973,58300
2024-10-29,5.5,5.550000190734863,5.449999809265137,5.539999961853027,38700
2024-10-30,5.599999904632568,5.619999885559082,5.489999771118164,5.550000190734863,91500
2024-10-31,5.739999771118164,5.849999904632568,5.739999771118164,5.849999904632568,98600
2024-11-01,5.920000076293945,6.0,5.789999961853027,5.889999866485596,91400
2024-11-04,5.989999771118164,6.059999942779541,5.949999809265137,6.010000228881836,54400
2024-11-05,5.989999771118164,6.050000190734863,5.949999809265137,6.039999961853027,49500
2024-11-06,5.989999771118164,6.039999961853027,5.840000152587891,6.039999961853027,68800
2024-11-07,5.980000019073486,6.039999961853027,5.929999828338623,6.019999980926514,41100
2024-11-08,6.0,6.039999961853027,5.920000076293945,5.989999771118164,23500
2024-11-11,6.099999904632568,6.099999904632568,6.0,6.039999961853027,60200
2024-11-12,6.269999980926514,6.320000171661377,6.070000171661377,6.070000171661377,95800
2024-11-13,6.03000020980835,6.230000019073486,5.800000190734863,6.230000019073486,101300
2024-11-14,5.860000133514404,6.039999961853027,5.840000152587891,6.03000020980835,49800
2024-11-15,5.809999942779541,5.869999885559082,5.760000228881836,5.869999885559082,29300
2024-11-18,5.949999809265137,6.119999885559082,5.809999942779541,5.809999942779541,94000
2024-11-19,5.909999847412109,5.920000076293945,5.809999942779541,5.900000095367432,43200
2024-11-20,5.820000171661377,5.929999828338623,5.659999847412109,5.900000095367432,32800
2024-11-21,5.849999904632568,5.889999866485596,5.789999961853027,5.860000133514404,23400
2024-11-22,5.869999885559082,5.889999866485596,5.800000190734863,5.829999923706055,31000
2024-11-25,5.800000190734863,5.829999923706055,5.710000038146973,5.829999923706055,33100
2024-11-26,5.809999942779541,5.829999923706055,5.699999809265137,5.78000020980835,36600
2024-11-27,5.809999942779541,5.809999942779541,5.679999828338623,5.78000020980835,31700
2024-11-29,5.889999866485596,5.949999809265137,5.829999923706055,5.829999923706055,16200
2024-12-02,5.989999771118164,5.989999771118164,5.840000152587891,5.940000057220459,37800
2024-12-03,5.960000038146973,5.989999771118164,5.860000133514404,5.989999771118164,20800
2024-12-04,6.059999942779541,6.210000038146973,5.929999828338623,5.949999809265137,47200
2024-12-05,6.0,6.150000095367432,5.949999809265137,6.019999980926514,39800
2024-12-06,6.079999923706055,6.119999885559082,5.889999866485596,5.889999866485596,24000
2024-12-09,6.199999809265137,6.28000020980835,6.150000095367432,6.21999979019165,36300
2024-12-10,6.070000171661377,6.199999809265137,6.059999942779541,6.190000057220459,27900
2024-12-11,6.070000171661377,6.139999866485596,5.96999979019165,6.090000152587891,22500
2024-12-12,5.789999961853027,6.050000190734863,5.769999980926514,6.039999961853027,49100
2024-12-13,5.869999885559082,5.880000114440918,5.75,5.840000152587891,22300
2024-12-16,5.800000190734863,5.900000095367432,5.800000190734863,5.900000095367432,25600
2024-12-17,5.75,5.800000190734863,5.710000038146973,5.800000190734863,24000
2024-12-18,5.800000190734863,5.940000057220459,5.679999828338623,5.929999828338623,38000
2024-12-19,5.849999904632568,5.96999979019165,5.679999828338623,5.800000190734863,56900
2024-12-20,5.900000095367432,5.989999771118164,5.829999923706055,5.940000057220459,17700
2024-12-23,6.050000190734863,6.090000152587891,5.989999771118164,6.03000020980835,59600
2024-12-24,6.050000190734863,6.070000171661377,6.0,6.03000020980835,17700
2024-12-26,6.03000020980835,6.059999942779541,5.980000019073486,6.010000228881836,23300
2024-12-27,5.920000076293945,5.989999771118164,5.849999904632568,5.989999771118164,19800
2024-12-30,5.989999771118164,5.989999771118164,5.869999885559082,5.909999847412109,33500
2024-12-31,6.090000152587891,6.099999904632568,6.0,6.0,37300
2025-01-02,6.329999923706055,6.389999866485596,6.300000190734863,6.309999942779541,38700
2025-01-03,6.449999809265137,6.449999809265137,6.389999866485596,6.400000095367432,17600
2025-01-06,6.639999866485596,6.71999979019165,6.46999979019165,6.519999980926514,45900
2025-01-07,6.800000190734863,6.800000190734863,6.650000095367432,6.650000095367432,91800
2025-01-08,7.320000171661377,7.960000038146973,6.860000133514404,6.860000133514404,1168400
2025-01-10,7.409999847412109,8.0,7.099999904632568,7.829999923706055,515900
2025-01-13,7.199999809265137,7.400000095367432,6.78000020980835,7.360000133514404,246700
2025-01-14,7.210000038146973,7.400000095367432,7.050000190734863,7.269999980926514,123200
2025-01-15,7.239999771118164,7.349999904632568,7.179999828338623,7.210000038146973,128000
2025-01-16,7.090000152587891,7.199999809265137,7.0,7.199999809265137,79500
2025-01-17,7.159999847412109,7.230000019073486,7.099999904632568,7.150000095367432,80000
2025-01-21,7.079999923706055,7.159999847412109,6.900000095367432,7.159999847412109,118000
2025-01-22,7.53000020980835,7.559999942779541,7.389999866485596,7.5,152600
2025-01-23,7.130000114440918,7.320000171661377,7.099999904632568,7.269999980926514,86500
2025-01-24,7.190000057220459,7.269999980926514,7.019999980926514,7.059999942779541,67200
2025-01-27,6.900000095367432,6.989799976348877,6.860000133514404,6.949999809265137,63177
