Price,Close,High,Low,Open,Volume
Ticker,LFCR,LFCR,LFCR,LFCR,LFCR
Date,,,,,
2020-01-28,11.4399995803833,11.550000190734863,11.3100004196167,11.369999885559082,82600
2020-01-29,11.359999656677246,11.449999809265137,11.319999694824219,11.449999809265137,38200
2020-01-30,11.229999542236328,11.380000114440918,11.109999656677246,11.300000190734863,86300
2020-01-31,11.199999809265137,11.300000190734863,11.149999618530273,11.210000038146973,86300
2020-02-03,11.329999923706055,11.4399995803833,11.229999542236328,11.239999771118164,76100
2020-02-04,11.300000190734863,11.420000076293945,11.199999809265137,11.369999885559082,136100
2020-02-05,11.510000228881836,11.529999732971191,11.3100004196167,11.3100004196167,97000
2020-02-06,11.619999885559082,11.800000190734863,11.449999809265137,11.449999809265137,99500
2020-02-07,11.550000190734863,11.640000343322754,11.420000076293945,11.579999923706055,65800
2020-02-10,11.65999984741211,11.779999732971191,11.470000267028809,11.539999961853027,74100
2020-02-11,11.369999885559082,11.720000267028809,11.350000381469727,11.720000267028809,80100
2020-02-12,11.329999923706055,11.489999771118164,11.260000228881836,11.4399995803833,139600
2020-02-13,11.380000114440918,11.489999771118164,11.260000228881836,11.329999923706055,210400
2020-02-14,11.449999809265137,11.479999542236328,11.350000381469727,11.420000076293945,57700
2020-02-18,11.569999694824219,11.84000015258789,11.430000305175781,11.430000305175781,174900
2020-02-19,11.680000305175781,11.819999694824219,11.59000015258789,11.609999656677246,128600
2020-02-20,11.649999618530273,11.84000015258789,11.539999961853027,11.649999618530273,165600
2020-02-21,11.619999885559082,11.720000267028809,11.520000457763672,11.670000076293945,105600
2020-02-24,11.640000343322754,11.6899995803833,11.369999885559082,11.40999984741211,109200
2020-02-25,11.34000015258789,11.8100004196167,11.300000190734863,11.640000343322754,63000
2020-02-26,11.260000228881836,11.529999732971191,11.220000267028809,11.390000343322754,83200
2020-02-27,11.25,11.34000015258789,11.100000381469727,11.199999809265137,374400
2020-02-28,10.260000228881836,11.119999885559082,10.09000015258789,11.050000190734863,438400
2020-03-02,10.380000114440918,10.460000038146973,10.15999984741211,10.25,149700
2020-03-03,9.869999885559082,10.34000015258789,9.779999732971191,10.34000015258789,295100
2020-03-04,10.050000190734863,10.15999984741211,9.869999885559082,10.039999961853027,80800
2020-03-05,9.789999961853027,9.920000076293945,9.600000381469727,9.90999984741211,167700
2020-03-06,9.949999809265137,9.989999771118164,9.5,9.569999694824219,148200
2020-03-09,9.399999618530273,9.600000381469727,9.300000190734863,9.600000381469727,163300
2020-03-10,9.739999771118164,9.84000015258789,9.390000343322754,9.5600004196167,141200
2020-03-11,9.539999961853027,9.609999656677246,9.40999984741211,9.59000015258789,177900
2020-03-12,9.0,9.479999542236328,8.850000381469727,9.229999542236328,239100
2020-03-13,9.630000114440918,9.710000038146973,8.949999809265137,9.260000228881836,365700
2020-03-16,8.8100004196167,9.25,8.09000015258789,9.09000015258789,214000
2020-03-17,9.329999923706055,9.420000076293945,8.739999771118164,8.899999618530273,229000
2020-03-18,8.670000076293945,9.09000015258789,8.470000267028809,9.0600004196167,229600
2020-03-19,8.470000267028809,9.039999961853027,8.210000038146973,8.65999984741211,135200
2020-03-20,8.40999984741211,8.930000305175781,7.96999979019165,8.6899995803833,314200
2020-03-23,8.119999885559082,8.819999694824219,7.800000190734863,8.470000267028809,197000
2020-03-24,8.100000381469727,8.539999961853027,7.900000095367432,8.430000305175781,193900
2020-03-25,7.690000057220459,8.09000015258789,7.53000020980835,8.079999923706055,233700
2020-03-26,7.840000152587891,7.849999904632568,7.579999923706055,7.739999771118164,206000
2020-03-27,7.849999904632568,8.09000015258789,7.610000133514404,7.75,171500
2020-03-30,8.470000267028809,8.470000267028809,7.639999866485596,7.940000057220459,168600
2020-03-31,8.6899995803833,9.079999923706055,8.5,8.5600004196167,302900
2020-04-01,9.770000457763672,9.84000015258789,8.350000381469727,9.119999885559082,413300
2020-04-02,9.65999984741211,10.0,9.25,9.739999771118164,277900
2020-04-03,9.789999961853027,10.020000457763672,9.34000015258789,9.630000114440918,197100
2020-04-06,9.760000228881836,10.199999809265137,9.630000114440918,9.979999542236328,227500
2020-04-07,9.800000190734863,10.15999984741211,9.630000114440918,9.899999618530273,166100
2020-04-08,9.920000076293945,10.220000267028809,9.770000457763672,9.949999809265137,157700
2020-04-09,10.130000114440918,10.210000038146973,9.979999542236328,10.029999732971191,238100
2020-04-13,9.600000381469727,10.220000267028809,9.529999732971191,10.100000381469727,127100
2020-04-14,9.920000076293945,10.180000305175781,9.779999732971191,9.779999732971191,208900
2020-04-15,9.739999771118164,9.859999656677246,9.529999732971191,9.670000076293945,228600
2020-04-16,9.5,9.930000305175781,9.399999618530273,9.75,178400
2020-04-17,9.729999542236328,10.079999923706055,9.489999771118164,9.65999984741211,301200
2020-04-20,9.670000076293945,10.020000457763672,9.399999618530273,9.5600004196167,196400
2020-04-21,10.15999984741211,10.510000228881836,9.5600004196167,9.84000015258789,370100
2020-04-22,10.4399995803833,10.529999732971191,10.119999885559082,10.25,197600
2020-04-23,10.609999656677246,10.890000343322754,10.359999656677246,10.479999542236328,180900
2020-04-24,10.279999732971191,10.609999656677246,10.15999984741211,10.609999656677246,128900
2020-04-27,10.859999656677246,11.050000190734863,10.25,10.350000381469727,221800
2020-04-28,11.140000343322754,11.239999771118164,10.5600004196167,11.0600004196167,139300
2020-04-29,11.539999961853027,11.75,11.119999885559082,11.369999885559082,195900
2020-04-30,11.149999618530273,11.449999809265137,10.970000267028809,11.449999809265137,128400
2020-05-01,11.09000015258789,11.279999732971191,10.949999809265137,11.050000190734863,174600
2020-05-04,10.979999542236328,11.460000038146973,10.710000038146973,11.0,111900
2020-05-05,10.680000305175781,11.149999618530273,10.649999618530273,11.0,91800
2020-05-06,10.4399995803833,10.75,10.390000343322754,10.640000343322754,75000
2020-05-07,10.34000015258789,10.699999809265137,10.260000228881836,10.460000038146973,110400
2020-05-08,10.729999542236328,11.359999656677246,10.4399995803833,10.510000228881836,121100
2020-05-11,10.90999984741211,11.039999961853027,10.390000343322754,10.640000343322754,140200
2020-05-12,10.75,11.029999732971191,10.680000305175781,10.890000343322754,113700
2020-05-13,10.5,10.989999771118164,10.359999656677246,10.800000190734863,80100
2020-05-14,9.90999984741211,10.470000267028809,9.779999732971191,10.319999694824219,113500
2020-05-15,9.859999656677246,10.039999961853027,9.819999694824219,9.949999809265137,88800
2020-05-18,10.300000190734863,10.399999618530273,10.0,10.15999984741211,156300
2020-05-19,9.970000267028809,10.390000343322754,9.949999809265137,10.270000457763672,73900
2020-05-20,10.300000190734863,10.399999618530273,10.039999961853027,10.130000114440918,74200
2020-05-21,10.1899995803833,10.390000343322754,10.180000305175781,10.25,67600
2020-05-22,10.109999656677246,10.1899995803833,9.960000038146973,10.1899995803833,49700
2020-05-26,10.770000457763672,10.90999984741211,10.270000457763672,10.449999809265137,114800
2020-05-27,11.199999809265137,11.279999732971191,10.710000038146973,10.9399995803833,94700
2020-05-28,10.989999771118164,11.550000190734863,10.970000267028809,11.319999694824219,140600
2020-05-29,10.670000076293945,11.0,10.460000038146973,10.920000076293945,122700
2020-06-01,10.84000015258789,11.0600004196167,10.6899995803833,10.760000228881836,81200
2020-06-02,10.890000343322754,10.979999542236328,10.710000038146973,10.90999984741211,66100
2020-06-03,10.9399995803833,11.109999656677246,10.739999771118164,11.069999694824219,60100
2020-06-04,10.899999618530273,10.989999771118164,10.75,10.859999656677246,71500
2020-06-05,11.529999732971191,11.5600004196167,10.989999771118164,11.079999923706055,109900
2020-06-08,11.029999732971191,11.680000305175781,11.029999732971191,11.640000343322754,128600
2020-06-09,10.949999809265137,11.119999885559082,10.739999771118164,11.0,176600
2020-06-10,11.0,11.369999885559082,10.970000267028809,11.039999961853027,110600
2020-06-11,10.039999961853027,10.850000381469727,10.020000457763672,10.710000038146973,104000
2020-06-12,10.40999984741211,10.479999542236328,10.0,10.3100004196167,203400
2020-06-15,10.170000076293945,10.229999542236328,9.960000038146973,10.149999618530273,119400
2020-06-16,10.380000114440918,10.539999961853027,10.279999732971191,10.420000076293945,73800
2020-06-17,9.949999809265137,10.369999885559082,9.930000305175781,10.359999656677246,116600
2020-06-18,10.010000228881836,10.0600004196167,9.770000457763672,9.770000457763672,413900
2020-06-19,10.020000457763672,10.09000015258789,9.829999923706055,10.020000457763672,275500
2020-06-22,10.0,10.210000038146973,9.9399995803833,10.020000457763672,184300
2020-06-23,10.0,10.180000305175781,9.949999809265137,10.069999694824219,119900
2020-06-24,9.960000038146973,10.020000457763672,9.770000457763672,9.899999618530273,137300
2020-06-25,9.779999732971191,10.0600004196167,9.680000305175781,9.90999984741211,102800
2020-06-26,9.619999885559082,10.010000228881836,9.550000190734863,9.720000267028809,225900
2020-06-29,9.800000190734863,9.960000038146973,9.609999656677246,9.729999542236328,319100
2020-06-30,7.960000038146973,9.020000457763672,7.75,9.0,655300
2020-07-01,7.739999771118164,8.170000076293945,7.670000076293945,8.109999656677246,432000
2020-07-02,7.590000152587891,7.949999809265137,7.480000019073486,7.869999885559082,272500
2020-07-06,7.900000095367432,7.949999809265137,7.639999866485596,7.710000038146973,163800
2020-07-07,8.100000381469727,8.220000267028809,7.71999979019165,7.849999904632568,214000
2020-07-08,7.96999979019165,8.180000305175781,7.920000076293945,8.100000381469727,202800
2020-07-09,7.78000020980835,8.029999732971191,7.590000152587891,7.849999904632568,186600
2020-07-10,8.039999961853027,8.079999923706055,7.710000038146973,7.769999980926514,154700
2020-07-13,8.199999809265137,8.34000015258789,7.949999809265137,8.039999961853027,161100
2020-07-14,8.739999771118164,8.789999961853027,8.180000305175781,8.220000267028809,188900
2020-07-15,8.890000343322754,8.970000267028809,8.75,8.859999656677246,251700
2020-07-16,9.149999618530273,9.199999809265137,8.329999923706055,8.829999923706055,218100
2020-07-17,9.199999809265137,9.380000114440918,9.020000457763672,9.020000457763672,119200
2020-07-20,9.140000343322754,9.380000114440918,9.039999961853027,9.119999885559082,118600
2020-07-21,9.390000343322754,9.40999984741211,9.130000114440918,9.130000114440918,133600
2020-07-22,9.25,9.399999618530273,9.149999618530273,9.319999694824219,167300
2020-07-23,9.399999618530273,9.5600004196167,8.550000190734863,9.260000228881836,173800
2020-07-24,9.460000038146973,9.460000038146973,9.34000015258789,9.350000381469727,185100
2020-07-27,9.489999771118164,9.510000228881836,9.380000114440918,9.40999984741211,463400
2020-07-28,9.8100004196167,9.869999885559082,9.5,9.5,139200
2020-07-29,9.930000305175781,10.029999732971191,9.710000038146973,9.779999732971191,132200
2020-07-30,9.65999984741211,9.880000114440918,9.619999885559082,9.819999694824219,143000
2020-07-31,9.4399995803833,9.649999618530273,9.279999732971191,9.579999923706055,157300
2020-08-03,9.600000381469727,9.680000305175781,9.170000076293945,9.430000305175781,103500
2020-08-04,9.859999656677246,9.890000343322754,9.569999694824219,9.619999885559082,83600
2020-08-05,10.109999656677246,10.149999618530273,9.75,9.890000343322754,159300
2020-08-06,10.289999961853027,10.329999923706055,10.069999694824219,10.069999694824219,61100
2020-08-07,10.319999694824219,10.399999618530273,9.710000038146973,10.25,89600
2020-08-10,10.699999809265137,10.770000457763672,9.100000381469727,10.1899995803833,198700
2020-08-11,10.800000190734863,10.930000305175781,10.710000038146973,10.710000038146973,377500
2020-08-12,9.15999984741211,10.760000228881836,9.0600004196167,10.75,360000
2020-08-13,9.40999984741211,9.5600004196167,9.039999961853027,9.170000076293945,145100
2020-08-14,9.739999771118164,9.989999771118164,9.350000381469727,9.350000381469727,198100
2020-08-17,9.529999732971191,9.84000015258789,9.390000343322754,9.710000038146973,169600
2020-08-18,9.479999542236328,9.600000381469727,9.140000343322754,9.479999542236328,152600
2020-08-19,9.829999923706055,9.869999885559082,9.180000305175781,9.40999984741211,266600
2020-08-20,9.6899995803833,9.890000343322754,9.40999984741211,9.729999542236328,92900
2020-08-21,9.609999656677246,9.739999771118164,9.529999732971191,9.609999656677246,177600
2020-08-24,10.449999809265137,10.619999885559082,9.739999771118164,9.739999771118164,119800
2020-08-25,10.5,10.600000381469727,10.220000267028809,10.600000381469727,84400
2020-08-26,10.430000305175781,10.529999732971191,10.260000228881836,10.4399995803833,79500
2020-08-27,10.329999923706055,10.6899995803833,10.279999732971191,10.520000457763672,233600
2020-08-28,10.3100004196167,10.630000114440918,10.119999885559082,10.430000305175781,87300
2020-08-31,10.239999771118164,10.329999923706055,10.119999885559082,10.329999923706055,186700
2020-09-01,10.40999984741211,10.5600004196167,10.210000038146973,10.210000038146973,94900
2020-09-02,10.390000343322754,10.460000038146973,10.260000228881836,10.390000343322754,201200
2020-09-03,10.1899995803833,10.4399995803833,10.149999618530273,10.4399995803833,70900
2020-09-04,10.199999809265137,10.489999771118164,10.09000015258789,10.260000228881836,48200
2020-09-08,9.619999885559082,10.109999656677246,9.609999656677246,10.109999656677246,66800
2020-09-09,9.640000343322754,9.770000457763672,9.399999618530273,9.619999885559082,123600
2020-09-10,9.6899995803833,9.829999923706055,9.600000381469727,9.600000381469727,48900
2020-09-11,9.680000305175781,9.699999809265137,9.5,9.680000305175781,146300
2020-09-14,9.720000267028809,9.84000015258789,9.5600004196167,9.720000267028809,173000
2020-09-15,9.729999542236328,9.960000038146973,9.699999809265137,9.789999961853027,135800
2020-09-16,9.819999694824219,9.930000305175781,9.720000267028809,9.739999771118164,69200
2020-09-17,9.680000305175781,9.819999694824219,9.529999732971191,9.819999694824219,201900
2020-09-18,10.010000228881836,10.039999961853027,9.579999923706055,9.789999961853027,311800
2020-09-21,9.510000228881836,10.300000190734863,9.319999694824219,9.899999618530273,97600
2020-09-22,9.670000076293945,9.729999542236328,9.449999809265137,9.5600004196167,73300
2020-09-23,9.359999656677246,9.760000228881836,9.300000190734863,9.699999809265137,194300
2020-09-24,9.180000305175781,9.430000305175781,9.140000343322754,9.420000076293945,183800
2020-09-25,9.34000015258789,9.479999542236328,9.149999618530273,9.180000305175781,219600
2020-09-28,9.640000343322754,9.75,9.380000114440918,9.420000076293945,116500
2020-09-29,9.680000305175781,9.739999771118164,9.34000015258789,9.579999923706055,78000
2020-09-30,9.720000267028809,9.90999984741211,9.609999656677246,9.670000076293945,62500
2020-10-01,9.619999885559082,9.8100004196167,9.40999984741211,9.8100004196167,71200
2020-10-02,9.430000305175781,9.600000381469727,9.329999923706055,9.550000190734863,131400
2020-10-05,9.979999542236328,10.029999732971191,9.5,9.5,163800
2020-10-06,10.520000457763672,10.6899995803833,10.0,10.140000343322754,295800
2020-10-07,10.100000381469727,10.4399995803833,9.369999885559082,9.5,298600
2020-10-08,9.880000114440918,10.149999618530273,9.699999809265137,10.100000381469727,495700
2020-10-09,10.0600004196167,10.130000114440918,9.949999809265137,9.970000267028809,61000
2020-10-12,10.239999771118164,10.34000015258789,10.029999732971191,10.119999885559082,69800
2020-10-13,10.279999732971191,10.380000114440918,10.039999961853027,10.149999618530273,53400
2020-10-14,10.420000076293945,10.479999542236328,10.170000076293945,10.359999656677246,335900
2020-10-15,10.359999656677246,10.770000457763672,10.270000457763672,10.350000381469727,152200
2020-10-16,10.430000305175781,10.729999542236328,10.300000190734863,10.460000038146973,340900
2020-10-19,10.09000015258789,10.5600004196167,10.0600004196167,10.489999771118164,79900
2020-10-20,10.210000038146973,10.329999923706055,10.0,10.170000076293945,215800
2020-10-21,9.960000038146973,10.300000190734863,9.899999618530273,10.199999809265137,120100
2020-10-22,10.0,10.119999885559082,9.970000267028809,9.970000267028809,102400
2020-10-23,10.25,10.359999656677246,9.989999771118164,10.09000015258789,78100
2020-10-26,10.149999618530273,10.199999809265137,9.949999809265137,10.199999809265137,88900
2020-10-27,10.149999618530273,10.369999885559082,10.069999694824219,10.09000015258789,157500
2020-10-28,9.760000228881836,10.199999809265137,9.5600004196167,9.960000038146973,109000
2020-10-29,9.710000038146973,9.800000190734863,9.539999961853027,9.6899995803833,90600
2020-10-30,9.609999656677246,9.6899995803833,9.529999732971191,9.6899995803833,113500
2020-11-02,9.640000343322754,9.779999732971191,9.600000381469727,9.710000038146973,138700
2020-11-03,9.970000267028809,10.010000228881836,9.6899995803833,9.8100004196167,64500
2020-11-04,9.739999771118164,10.119999885559082,9.609999656677246,9.890000343322754,235800
2020-11-05,9.710000038146973,9.880000114440918,9.649999618530273,9.75,77400
2020-11-06,9.4399995803833,9.779999732971191,9.319999694824219,9.779999732971191,160100
2020-11-09,9.300000190734863,10.140000343322754,9.270000457763672,9.890000343322754,183000
2020-11-10,9.630000114440918,9.710000038146973,9.199999809265137,9.420000076293945,252900
2020-11-11,9.729999542236328,9.880000114440918,9.510000228881836,9.720000267028809,280400
2020-11-12,9.65999984741211,9.8100004196167,9.550000190734863,9.779999732971191,121900
2020-11-13,9.850000381469727,9.9399995803833,9.619999885559082,9.760000228881836,73700
2020-11-16,10.210000038146973,10.300000190734863,9.970000267028809,9.979999542236328,128300
2020-11-17,10.25,10.34000015258789,10.0600004196167,10.210000038146973,71200
2020-11-18,10.170000076293945,10.460000038146973,10.149999618530273,10.300000190734863,102600
2020-11-19,10.300000190734863,10.329999923706055,9.949999809265137,10.119999885559082,81200
2020-11-20,10.210000038146973,10.260000228881836,10.0,10.1899995803833,105400
2020-11-23,10.210000038146973,10.270000457763672,10.100000381469727,10.210000038146973,80600
2020-11-24,10.40999984741211,10.489999771118164,10.180000305175781,10.239999771118164,84800
2020-11-25,10.5600004196167,10.729999542236328,10.270000457763672,10.350000381469727,190600
2020-11-27,10.319999694824219,10.649999618530273,10.199999809265137,10.520000457763672,35500
2020-11-30,10.350000381469727,10.449999809265137,9.989999771118164,10.300000190734863,170600
2020-12-01,10.5,10.670000076293945,10.119999885559082,10.449999809265137,136300
2020-12-02,10.75,10.84000015258789,10.3100004196167,10.5,92400
2020-12-03,10.9399995803833,11.100000381469727,10.6899995803833,10.779999732971191,93400
2020-12-04,11.100000381469727,11.170000076293945,10.8100004196167,11.029999732971191,145300
2020-12-07,11.039999961853027,11.149999618530273,10.970000267028809,11.140000343322754,88700
2020-12-08,11.220000267028809,11.270000457763672,10.949999809265137,10.949999809265137,54300
2020-12-09,11.699999809265137,11.720000267028809,11.180000305175781,11.3100004196167,94800
2020-12-10,11.760000228881836,11.819999694824219,11.40999984741211,11.699999809265137,69700
2020-12-11,11.770000457763672,11.8100004196167,11.40999984741211,11.710000038146973,218100
2020-12-14,11.640000343322754,11.890000343322754,11.630000114440918,11.710000038146973,72500
2020-12-15,11.34000015258789,11.739999771118164,11.300000190734863,11.739999771118164,70200
2020-12-16,10.989999771118164,11.40999984741211,10.920000076293945,11.40999984741211,108700
2020-12-17,11.029999732971191,11.270000457763672,10.920000076293945,11.020000457763672,258900
2020-12-18,10.9399995803833,11.109999656677246,10.899999618530273,11.109999656677246,563000
2020-12-21,10.510000228881836,10.930000305175781,10.449999809265137,10.729999542236328,228300
2020-12-22,10.229999542236328,10.920000076293945,10.199999809265137,10.529999732971191,165800
2020-12-23,10.25,10.390000343322754,10.210000038146973,10.239999771118164,99300
2020-12-24,10.130000114440918,10.399999618530273,10.050000190734863,10.220000267028809,45200
2020-12-28,10.579999923706055,10.630000114440918,10.15999984741211,10.15999984741211,137300
2020-12-29,10.470000267028809,10.720000267028809,10.449999809265137,10.630000114440918,67900
2020-12-30,10.600000381469727,10.720000267028809,10.40999984741211,10.539999961853027,151600
2020-12-31,10.850000381469727,10.90999984741211,10.579999923706055,10.609999656677246,150500
2021-01-04,11.09000015258789,11.180000305175781,10.8100004196167,10.890000343322754,90800
2021-01-05,11.039999961853027,11.40999984741211,11.029999732971191,11.09000015258789,226400
2021-01-06,11.270000457763672,11.65999984741211,11.039999961853027,11.199999809265137,221600
2021-01-07,10.800000190734863,11.229999542236328,10.239999771118164,11.229999542236328,254100
2021-01-08,10.739999771118164,11.0,10.600000381469727,10.880000114440918,118600
2021-01-11,10.9399995803833,10.9399995803833,10.609999656677246,10.609999656677246,86000
2021-01-12,10.550000190734863,10.9399995803833,10.40999984741211,10.9399995803833,97400
2021-01-13,10.829999923706055,10.960000038146973,10.390000343322754,10.539999961853027,198800
2021-01-14,11.020000457763672,11.199999809265137,10.859999656677246,10.920000076293945,141200
2021-01-15,10.829999923706055,11.039999961853027,10.699999809265137,10.979999542236328,84600
2021-01-19,11.180000305175781,11.199999809265137,10.699999809265137,10.850000381469727,264600
2021-01-20,11.789999961853027,12.239999771118164,11.600000381469727,12.029999732971191,263000
2021-01-21,11.6899995803833,11.920000076293945,11.609999656677246,11.859999656677246,281800
2021-01-22,11.319999694824219,11.789999961853027,11.229999542236328,11.619999885559082,121100
2021-01-25,11.350000381469727,11.5600004196167,11.149999618530273,11.270000457763672,135900
2021-01-26,10.970000267028809,11.59000015258789,10.770000457763672,11.449999809265137,154400
2021-01-27,10.770000457763672,10.9399995803833,10.550000190734863,10.779999732971191,110600
2021-01-28,10.680000305175781,10.880000114440918,10.4399995803833,10.859999656677246,113400
2021-01-29,10.65999984741211,10.720000267028809,10.550000190734863,10.640000343322754,79000
2021-02-01,10.520000457763672,10.850000381469727,10.5,10.640000343322754,49600
2021-02-02,10.859999656677246,11.0,10.479999542236328,10.5600004196167,113900
2021-02-03,11.010000228881836,11.029999732971191,10.789999961853027,10.789999961853027,87900
2021-02-04,11.130000114440918,11.149999618530273,10.829999923706055,11.0,50100
2021-02-05,10.949999809265137,11.210000038146973,10.8100004196167,11.210000038146973,56300
2021-02-08,11.109999656677246,11.130000114440918,10.90999984741211,10.9399995803833,76700
2021-02-09,12.010000228881836,12.1899995803833,11.350000381469727,11.430000305175781,188200
2021-02-10,11.930000305175781,12.1899995803833,11.529999732971191,12.109999656677246,117400
2021-02-11,12.020000457763672,12.100000381469727,11.75,11.949999809265137,100700
2021-02-12,11.970000267028809,12.079999923706055,11.739999771118164,11.770000457763672,105900
2021-02-16,12.050000190734863,12.1899995803833,11.819999694824219,12.069999694824219,185800
2021-02-17,11.739999771118164,12.069999694824219,11.640000343322754,11.989999771118164,70400
2021-02-18,11.4399995803833,11.739999771118164,11.359999656677246,11.739999771118164,96100
2021-02-19,11.359999656677246,11.600000381469727,11.279999732971191,11.460000038146973,70400
2021-02-22,11.5600004196167,11.630000114440918,11.270000457763672,11.369999885559082,50100
2021-02-23,11.25,11.5600004196167,10.989999771118164,11.5600004196167,87500
2021-02-24,11.75,11.779999732971191,11.100000381469727,11.289999961853027,128200
2021-02-25,11.640000343322754,11.859999656677246,11.569999694824219,11.670000076293945,110500
2021-02-26,11.149999618530273,11.720000267028809,11.149999618530273,11.640000343322754,83300
2021-03-01,11.229999542236328,11.40999984741211,11.1899995803833,11.300000190734863,58800
2021-03-02,11.210000038146973,11.430000305175781,11.15999984741211,11.210000038146973,51100
2021-03-03,11.350000381469727,11.470000267028809,10.90999984741211,11.239999771118164,50300
2021-03-04,11.069999694824219,11.479999542236328,10.989999771118164,11.369999885559082,64900
2021-03-05,11.119999885559082,11.210000038146973,10.930000305175781,11.210000038146973,95700
2021-03-08,11.15999984741211,11.319999694824219,10.880000114440918,11.199999809265137,93000
2021-03-09,11.859999656677246,11.899999618530273,11.319999694824219,11.329999923706055,78600
2021-03-10,11.949999809265137,12.09000015258789,11.539999961853027,11.880000114440918,64500
2021-03-11,12.220000267028809,12.220000267028809,11.829999923706055,12.050000190734863,84100
2021-03-12,12.09000015258789,12.220000267028809,11.949999809265137,12.170000076293945,47700
2021-03-15,11.829999923706055,12.0600004196167,11.729999542236328,12.0600004196167,57900
2021-03-16,11.670000076293945,11.859999656677246,11.449999809265137,11.850000381469727,54800
2021-03-17,11.630000114440918,11.800000190734863,11.470000267028809,11.579999923706055,52900
2021-03-18,11.359999656677246,11.779999732971191,11.300000190734863,11.630000114440918,47400
2021-03-19,11.40999984741211,11.470000267028809,11.220000267028809,11.359999656677246,233300
2021-03-22,11.15999984741211,11.550000190734863,11.050000190734863,11.550000190734863,55900
2021-03-23,10.75,11.149999618530273,10.710000038146973,11.149999618530273,60600
2021-03-24,10.4399995803833,10.869999885559082,10.34000015258789,10.869999885559082,78500
2021-03-25,10.699999809265137,10.729999542236328,10.229999542236328,10.449999809265137,479500
2021-03-26,10.819999694824219,10.949999809265137,10.609999656677246,10.819999694824219,110200
2021-03-29,10.520000457763672,11.010000228881836,10.510000228881836,10.800000190734863,70300
2021-03-30,10.550000190734863,10.600000381469727,10.319999694824219,10.510000228881836,166600
2021-03-31,10.600000381469727,10.779999732971191,10.529999732971191,10.59000015258789,159500
2021-04-01,10.630000114440918,10.869999885559082,10.579999923706055,10.649999618530273,150200
2021-04-05,10.989999771118164,11.109999656677246,10.65999984741211,10.760000228881836,215300
2021-04-06,11.180000305175781,11.319999694824219,11.050000190734863,11.0600004196167,114300
2021-04-07,10.949999809265137,11.239999771118164,10.880000114440918,11.239999771118164,133100
2021-04-08,10.020000457763672,10.180000305175781,9.270000457763672,9.380000114440918,755700
2021-04-09,9.90999984741211,10.0600004196167,9.479999542236328,10.0,400700
2021-04-12,10.0600004196167,10.149999618530273,9.789999961853027,9.880000114440918,417400
2021-04-13,10.399999618530273,10.460000038146973,10.039999961853027,10.100000381469727,144700
2021-04-14,10.550000190734863,10.75,10.449999809265137,10.449999809265137,88500
2021-04-15,11.300000190734863,11.350000381469727,10.75,10.859999656677246,285200
2021-04-16,11.199999809265137,11.739999771118164,11.029999732971191,11.649999618530273,169500
2021-04-19,10.970000267028809,11.420000076293945,10.899999618530273,11.239999771118164,127500
2021-04-20,10.899999618530273,11.609999656677246,10.739999771118164,11.260000228881836,115900
2021-04-21,11.170000076293945,11.1899995803833,10.949999809265137,10.949999809265137,76500
2021-04-22,11.3100004196167,11.369999885559082,11.199999809265137,11.260000228881836,113800
2021-04-23,11.649999618530273,11.75,11.350000381469727,11.670000076293945,106600
2021-04-26,11.270000457763672,11.729999542236328,11.170000076293945,11.729999542236328,92100
2021-04-27,11.399999618530273,11.40999984741211,11.239999771118164,11.279999732971191,118400
2021-04-28,11.350000381469727,11.390000343322754,11.239999771118164,11.390000343322754,70500
2021-04-29,11.470000267028809,11.479999542236328,11.25,11.380000114440918,79300
2021-04-30,11.319999694824219,11.420000076293945,11.180000305175781,11.359999656677246,121200
2021-05-03,11.6899995803833,11.720000267028809,11.350000381469727,11.4399995803833,77000
2021-05-04,11.550000190734863,11.65999984741211,11.5,11.649999618530273,74100
2021-05-05,11.949999809265137,12.029999732971191,11.489999771118164,11.529999732971191,120400
2021-05-06,12.40999984741211,12.40999984741211,11.829999923706055,12.020000457763672,182200
2021-05-07,12.520000457763672,12.5600004196167,12.119999885559082,12.369999885559082,123200
2021-05-10,12.020000457763672,12.5600004196167,12.0,12.5600004196167,84000
2021-05-11,11.649999618530273,12.0600004196167,11.59000015258789,11.899999618530273,63300
2021-05-12,11.65999984741211,11.819999694824219,11.539999961853027,11.640000343322754,59700
2021-05-13,11.760000228881836,11.859999656677246,11.4399995803833,11.670000076293945,59100
2021-05-14,12.170000076293945,12.199999809265137,11.649999618530273,11.890000343322754,93100
2021-05-17,12.390000343322754,12.489999771118164,12.079999923706055,12.210000038146973,82800
2021-05-18,12.09000015258789,12.40999984741211,12.039999961853027,12.34000015258789,84200
2021-05-19,12.069999694824219,12.149999618530273,11.829999923706055,12.140000343322754,82700
2021-05-20,12.170000076293945,12.25,11.960000038146973,12.100000381469727,74200
2021-05-21,12.220000267028809,12.329999923706055,12.029999732971191,12.100000381469727,64100
2021-05-24,11.90999984741211,12.180000305175781,11.899999618530273,12.180000305175781,82600
2021-05-25,11.539999961853027,11.859999656677246,11.520000457763672,11.859999656677246,118700
2021-05-26,11.729999542236328,11.770000457763672,11.329999923706055,11.520000457763672,94000
2021-05-27,11.369999885559082,11.880000114440918,11.350000381469727,11.800000190734863,399400
2021-05-28,11.970000267028809,12.010000228881836,11.40999984741211,11.4399995803833,148500
2021-06-01,11.640000343322754,11.989999771118164,11.5600004196167,11.979999542236328,89100
2021-06-02,12.4399995803833,12.460000038146973,11.930000305175781,12.4399995803833,128700
2021-06-03,12.3100004196167,12.470000267028809,12.199999809265137,12.319999694824219,116800
2021-06-04,12.75,12.850000381469727,12.289999961853027,12.40999984741211,170600
2021-06-07,12.779999732971191,12.84000015258789,12.479999542236328,12.739999771118164,83200
2021-06-08,12.710000038146973,12.880000114440918,12.65999984741211,12.770000457763672,154700
2021-06-09,12.289999961853027,12.699999809265137,12.239999771118164,12.699999809265137,45600
2021-06-10,12.079999923706055,12.3100004196167,12.0600004196167,12.289999961853027,33100
2021-06-11,12.0600004196167,12.260000228881836,11.949999809265137,12.260000228881836,101000
2021-06-14,11.710000038146973,12.149999618530273,11.670000076293945,12.149999618530273,60000
2021-06-15,11.539999961853027,11.850000381469727,11.4399995803833,11.720000267028809,81700
2021-06-16,11.510000228881836,11.609999656677246,11.300000190734863,11.539999961853027,275000
2021-06-17,11.529999732971191,11.699999809265137,11.329999923706055,11.5600004196167,187900
2021-06-18,11.470000267028809,11.640000343322754,11.329999923706055,11.479999542236328,298800
2021-06-21,11.289999961853027,11.600000381469727,11.279999732971191,11.479999542236328,242300
2021-06-22,10.9399995803833,11.510000228881836,10.710000038146973,11.199999809265137,237700
2021-06-23,10.979999542236328,11.1899995803833,10.930000305175781,10.9399995803833,141500
2021-06-24,11.25,11.300000190734863,10.899999618530273,11.0,66300
2021-06-25,11.100000381469727,11.449999809265137,10.869999885559082,11.199999809265137,314200
2021-06-28,10.800000190734863,11.130000114440918,10.720000267028809,11.130000114440918,116000
2021-06-29,10.949999809265137,11.029999732971191,10.75,10.819999694824219,88000
2021-06-30,11.25,11.279999732971191,10.869999885559082,10.869999885559082,136500
2021-07-01,11.239999771118164,11.40999984741211,11.0600004196167,11.270000457763672,84400
2021-07-02,11.220000267028809,11.289999961853027,11.109999656677246,11.270000457763672,72400
2021-07-06,11.149999618530273,11.210000038146973,10.960000038146973,11.210000038146973,124900
2021-07-07,11.25,11.3100004196167,11.149999618530273,11.170000076293945,113600
2021-07-08,11.3100004196167,11.359999656677246,11.15999984741211,11.180000305175781,104300
2021-07-09,11.4399995803833,11.470000267028809,11.300000190734863,11.350000381469727,79900
2021-07-12,11.25,11.430000305175781,11.15999984741211,11.390000343322754,61200
2021-07-13,11.319999694824219,11.369999885559082,11.15999984741211,11.199999809265137,145000
2021-07-14,11.270000457763672,11.359999656677246,11.1899995803833,11.359999656677246,96900
2021-07-15,11.510000228881836,11.579999923706055,11.119999885559082,11.25,146000
2021-07-16,11.59000015258789,11.6899995803833,11.449999809265137,11.630000114440918,116100
2021-07-19,11.960000038146973,12.050000190734863,11.300000190734863,11.5,197400
2021-07-20,12.170000076293945,12.34000015258789,11.90999984741211,12.0,131100
2021-07-21,12.109999656677246,12.619999885559082,11.890000343322754,12.25,434500
2021-07-22,11.359999656677246,12.260000228881836,11.34000015258789,12.09000015258789,103800
2021-07-23,11.819999694824219,11.859999656677246,11.239999771118164,11.329999923706055,76500
2021-07-26,11.890000343322754,12.109999656677246,11.699999809265137,11.880000114440918,119200
2021-07-27,12.140000343322754,12.579999923706055,11.75,11.75,234000
2021-07-28,12.4399995803833,12.529999732971191,12.0,12.25,566100
2021-07-29,11.3100004196167,12.640000343322754,11.109999656677246,12.399999618530273,433000
2021-07-30,10.9399995803833,11.529999732971191,10.930000305175781,11.380000114440918,77700
2021-08-02,10.640000343322754,11.039999961853027,10.550000190734863,10.880000114440918,134400
2021-08-03,10.800000190734863,10.880000114440918,10.5600004196167,10.59000015258789,225100
2021-08-04,10.520000457763672,10.75,10.4399995803833,10.6899995803833,209300
2021-08-05,10.579999923706055,10.630000114440918,10.489999771118164,10.579999923706055,93900
2021-08-06,10.760000228881836,10.890000343322754,10.579999923706055,10.619999885559082,92400
2021-08-09,10.989999771118164,11.079999923706055,10.800000190734863,10.960000038146973,73700
2021-08-10,10.989999771118164,11.039999961853027,10.84000015258789,11.0,35400
2021-08-11,11.170000076293945,11.510000228881836,11.029999732971191,11.039999961853027,92400
2021-08-12,10.84000015258789,11.149999618530273,10.800000190734863,11.149999618530273,69400
2021-08-13,10.720000267028809,10.829999923706055,10.699999809265137,10.829999923706055,47600
2021-08-16,10.859999656677246,10.989999771118164,10.579999923706055,10.6899995803833,54300
2021-08-17,10.819999694824219,10.930000305175781,10.739999771118164,10.850000381469727,107800
2021-08-18,10.6899995803833,10.859999656677246,10.65999984741211,10.859999656677246,91000
2021-08-19,10.569999694824219,10.699999809265137,10.479999542236328,10.630000114440918,141000
2021-08-20,10.880000114440918,10.90999984741211,10.520000457763672,10.520000457763672,46600
2021-08-23,10.789999961853027,11.010000228881836,10.670000076293945,10.869999885559082,46600
2021-08-24,10.84000015258789,10.880000114440918,10.739999771118164,10.770000457763672,35900
2021-08-25,10.739999771118164,10.869999885559082,10.6899995803833,10.819999694824219,62900
2021-08-26,10.619999885559082,10.819999694824219,10.5600004196167,10.710000038146973,157000
2021-08-27,10.869999885559082,10.90999984741211,10.649999618530273,10.649999618530273,162900
2021-08-30,10.8100004196167,10.960000038146973,10.789999961853027,10.829999923706055,39000
2021-08-31,10.829999923706055,10.869999885559082,10.699999809265137,10.760000228881836,77600
2021-09-01,10.479999542236328,10.829999923706055,10.34000015258789,10.829999923706055,149900
2021-09-02,10.550000190734863,10.609999656677246,10.350000381469727,10.5,135500
2021-09-03,10.550000190734863,10.649999618530273,10.460000038146973,10.510000228881836,24700
2021-09-07,10.4399995803833,10.619999885559082,10.420000076293945,10.5,45100
2021-09-08,10.579999923706055,10.579999923706055,10.3100004196167,10.399999618530273,78100
2021-09-09,10.449999809265137,10.569999694824219,10.390000343322754,10.550000190734863,66900
2021-09-10,10.600000381469727,10.680000305175781,10.359999656677246,10.449999809265137,57200
2021-09-13,10.470000267028809,10.720000267028809,10.449999809265137,10.680000305175781,72500
2021-09-14,10.210000038146973,10.460000038146973,10.130000114440918,10.460000038146973,117800
2021-09-15,10.180000305175781,10.300000190734863,10.050000190734863,10.239999771118164,135400
2021-09-16,10.239999771118164,10.329999923706055,10.039999961853027,10.199999809265137,53000
2021-09-17,10.1899995803833,10.380000114440918,10.140000343322754,10.289999961853027,494500
2021-09-20,10.390000343322754,10.420000076293945,10.050000190734863,10.050000190734863,107900
2021-09-21,10.270000457763672,10.520000457763672,10.220000267028809,10.5,70700
2021-09-22,10.1899995803833,10.430000305175781,10.140000343322754,10.270000457763672,48700
2021-09-23,10.279999732971191,10.34000015258789,10.130000114440918,10.229999542236328,46600
2021-09-24,10.220000267028809,10.619999885559082,10.15999984741211,10.59000015258789,64300
2021-09-27,10.34000015258789,10.510000228881836,10.1899995803833,10.270000457763672,47800
2021-09-28,10.199999809265137,10.369999885559082,10.149999618530273,10.289999961853027,44500
2021-09-29,10.279999732971191,10.579999923706055,10.149999618530273,10.1899995803833,116200
2021-09-30,9.220000267028809,9.930000305175781,8.6899995803833,9.0600004196167,202500
2021-10-01,9.1899995803833,9.460000038146973,9.09000015258789,9.220000267028809,184400
2021-10-04,9.140000343322754,9.359999656677246,9.09000015258789,9.199999809265137,95700
2021-10-05,9.430000305175781,9.4399995803833,9.069999694824219,9.170000076293945,274700
2021-10-06,9.420000076293945,9.65999984741211,9.260000228881836,9.369999885559082,258400
2021-10-07,9.579999923706055,9.699999809265137,9.510000228881836,9.510000228881836,57300
2021-10-08,9.539999961853027,9.569999694824219,9.34000015258789,9.5600004196167,52300
2021-10-11,9.489999771118164,9.640000343322754,9.430000305175781,9.539999961853027,52900
2021-10-12,9.630000114440918,9.649999618530273,9.399999618530273,9.470000267028809,63500
2021-10-13,9.680000305175781,10.050000190734863,9.569999694824219,9.680000305175781,185700
2021-10-14,9.770000457763672,10.0,9.59000015258789,9.789999961853027,81100
2021-10-15,9.8100004196167,9.899999618530273,9.710000038146973,9.890000343322754,89900
2021-10-18,9.579999923706055,9.819999694824219,9.5600004196167,9.819999694824219,91800
2021-10-19,9.539999961853027,9.600000381469727,9.40999984741211,9.600000381469727,43000
2021-10-20,9.510000228881836,9.550000190734863,9.449999809265137,9.529999732971191,40900
2021-10-21,9.680000305175781,9.75,9.40999984741211,9.470000267028809,293400
2021-10-22,9.5,9.729999542236328,9.399999618530273,9.539999961853027,74800
2021-10-25,9.399999618530273,9.5,9.180000305175781,9.5,91700
2021-10-26,9.529999732971191,9.680000305175781,9.319999694824219,9.399999618530273,91900
2021-10-27,9.350000381469727,9.5600004196167,9.3100004196167,9.5600004196167,92200
2021-10-28,9.640000343322754,9.6899995803833,9.350000381469727,9.399999618530273,89300
2021-10-29,9.720000267028809,9.729999542236328,9.539999961853027,9.65999984741211,60900
2021-11-01,9.520000457763672,9.710000038146973,9.329999923706055,9.6899995803833,146600
2021-11-02,9.390000343322754,9.59000015258789,9.319999694824219,9.479999542236328,46500
2021-11-03,9.5600004196167,9.600000381469727,9.329999923706055,9.329999923706055,50100
2021-11-04,9.449999809265137,9.6899995803833,9.4399995803833,9.539999961853027,51600
2021-11-05,9.739999771118164,9.800000190734863,9.420000076293945,9.420000076293945,95900
2021-11-08,9.819999694824219,9.829999923706055,9.699999809265137,9.800000190734863,30200
2021-11-09,9.800000190734863,9.819999694824219,9.670000076293945,9.760000228881836,77000
2021-11-10,9.670000076293945,9.84000015258789,9.619999885559082,9.800000190734863,45100
2021-11-11,9.510000228881836,9.770000457763672,9.5,9.729999542236328,37200
2021-11-12,9.510000228881836,9.600000381469727,9.369999885559082,9.520000457763672,81200
2021-11-15,9.539999961853027,9.569999694824219,9.369999885559082,9.5,300300
2021-11-16,9.539999961853027,9.680000305175781,9.449999809265137,9.489999771118164,72400
2021-11-17,9.510000228881836,9.569999694824219,9.420000076293945,9.489999771118164,60500
2021-11-18,9.529999732971191,9.569999694824219,9.359999656677246,9.489999771118164,124600
2021-11-19,9.489999771118164,9.649999618530273,9.430000305175781,9.479999542236328,171300
2021-11-22,9.460000038146973,9.59000015258789,9.350000381469727,9.569999694824219,175900
2021-11-23,9.430000305175781,9.520000457763672,9.359999656677246,9.489999771118164,63200
2021-11-24,9.039999961853027,9.369999885559082,9.020000457763672,9.369999885559082,141400
2021-11-26,8.670000076293945,9.050000190734863,8.4399995803833,9.0,66900
2021-11-29,8.25,8.880000114440918,8.09000015258789,8.649999618530273,293200
2021-11-30,7.949999809265137,8.550000190734863,7.650000095367432,8.180000305175781,1076700
2021-12-01,8.670000076293945,8.75,8.0600004196167,8.119999885559082,301400
2021-12-02,9.130000114440918,9.15999984741211,8.640000343322754,8.720000267028809,135000
2021-12-03,9.109999656677246,9.270000457763672,9.029999732971191,9.119999885559082,149500
2021-12-06,9.15999984741211,9.359999656677246,8.930000305175781,9.25,77100
2021-12-07,9.130000114440918,9.399999618530273,8.949999809265137,9.170000076293945,89300
2021-12-08,9.1899995803833,9.369999885559082,8.979999542236328,9.109999656677246,72800
2021-12-09,9.289999961853027,9.399999618530273,9.109999656677246,9.109999656677246,38600
2021-12-10,9.260000228881836,9.460000038146973,8.880000114440918,9.34000015258789,49300
2021-12-13,9.430000305175781,9.5,9.1899995803833,9.239999771118164,77100
2021-12-14,10.65999984741211,10.84000015258789,9.470000267028809,9.5,358800
2021-12-15,11.050000190734863,11.3100004196167,10.550000190734863,10.550000190734863,231300
2021-12-16,10.609999656677246,11.25,10.579999923706055,11.069999694824219,147400
2021-12-17,10.720000267028809,10.90999984741211,10.4399995803833,10.670000076293945,163700
2021-12-20,10.729999542236328,10.75,10.460000038146973,10.75,125300
2021-12-21,10.960000038146973,11.359999656677246,10.579999923706055,10.65999984741211,162100
2021-12-22,10.800000190734863,11.069999694824219,10.600000381469727,10.90999984741211,104200
2021-12-23,11.010000228881836,11.069999694824219,10.569999694824219,10.729999542236328,124900
2021-12-27,11.140000343322754,11.1899995803833,10.779999732971191,11.0600004196167,159200
2021-12-28,11.239999771118164,11.279999732971191,10.90999984741211,11.069999694824219,56700
2021-12-29,11.180000305175781,11.289999961853027,11.069999694824219,11.239999771118164,123900
2021-12-30,11.029999732971191,11.229999542236328,10.960000038146973,11.229999542236328,65700
2021-12-31,11.100000381469727,11.130000114440918,10.90999984741211,10.970000267028809,78500
2022-01-03,11.020000457763672,11.229999542236328,10.970000267028809,11.199999809265137,146500
2022-01-04,10.960000038146973,11.180000305175781,10.8100004196167,11.09000015258789,108800
2022-01-05,10.649999618530273,11.050000190734863,10.5600004196167,10.989999771118164,117300
2022-01-06,10.760000228881836,11.899999618530273,10.1899995803833,10.40999984741211,272200
2022-01-07,10.4399995803833,10.760000228881836,10.430000305175781,10.670000076293945,178100
2022-01-10,10.069999694824219,10.369999885559082,9.960000038146973,10.319999694824219,238700
2022-01-11,10.25,10.300000190734863,9.989999771118164,10.180000305175781,130900
2022-01-12,10.380000114440918,10.600000381469727,10.25,10.300000190734863,456000
2022-01-13,10.699999809265137,10.819999694824219,10.350000381469727,10.380000114440918,221000
2022-01-14,10.960000038146973,11.029999732971191,10.4399995803833,10.640000343322754,187900
2022-01-18,10.880000114440918,11.329999923706055,10.760000228881836,11.079999923706055,117800
2022-01-19,10.710000038146973,10.930000305175781,10.619999885559082,10.8100004196167,77200
2022-01-20,10.84000015258789,11.130000114440918,10.539999961853027,10.630000114440918,255200
2022-01-21,10.800000190734863,11.1899995803833,10.729999542236328,10.729999542236328,126600
2022-01-24,10.979999542236328,11.15999984741211,10.65999984741211,10.729999542236328,108500
2022-01-25,10.9399995803833,11.029999732971191,10.539999961853027,10.9399995803833,153500
2022-01-26,10.619999885559082,11.15999984741211,10.5600004196167,11.050000190734863,79200
2022-01-27,10.4399995803833,10.800000190734863,10.390000343322754,10.720000267028809,98800
2022-01-28,10.449999809265137,10.479999542236328,10.170000076293945,10.470000267028809,79600
2022-01-31,10.75,10.829999923706055,10.319999694824219,10.460000038146973,156200
2022-02-01,10.949999809265137,11.220000267028809,10.569999694824219,10.739999771118164,202500
2022-02-02,10.970000267028809,11.09000015258789,10.770000457763672,11.029999732971191,90500
2022-02-03,10.779999732971191,11.050000190734863,10.75,10.800000190734863,98800
2022-02-04,10.6899995803833,10.869999885559082,10.489999771118164,10.789999961853027,82500
2022-02-07,10.75,10.890000343322754,10.550000190734863,10.760000228881836,101400
2022-02-08,10.949999809265137,10.989999771118164,10.75,10.75,124800
2022-02-09,11.25,11.40999984741211,10.920000076293945,10.949999809265137,281800
2022-02-10,11.289999961853027,11.460000038146973,10.34000015258789,11.050000190734863,199800
2022-02-11,11.270000457763672,11.420000076293945,11.140000343322754,11.260000228881836,88200
2022-02-14,11.520000457763672,11.539999961853027,11.079999923706055,11.279999732971191,107200
2022-02-15,11.65999984741211,11.789999961853027,11.539999961853027,11.539999961853027,60400
2022-02-16,11.380000114440918,11.649999618530273,11.289999961853027,11.609999656677246,35300
2022-02-17,11.65999984741211,11.729999542236328,11.130000114440918,11.319999694824219,62000
2022-02-18,11.84000015258789,11.949999809265137,11.539999961853027,11.579999923706055,112000
2022-02-22,11.890000343322754,12.039999961853027,11.579999923706055,11.729999542236328,96900
2022-02-23,11.539999961853027,11.960000038146973,11.5,11.90999984741211,51000
2022-02-24,11.3100004196167,11.430000305175781,10.970000267028809,11.420000076293945,70600
2022-02-25,11.539999961853027,11.649999618530273,11.350000381469727,11.399999618530273,25400
2022-02-28,11.520000457763672,11.609999656677246,11.479999542236328,11.479999542236328,48900
2022-03-01,11.600000381469727,11.779999732971191,11.529999732971191,11.5600004196167,51000
2022-03-02,11.819999694824219,11.899999618530273,11.670000076293945,11.6899995803833,32200
2022-03-03,11.729999542236328,11.880000114440918,11.520000457763672,11.880000114440918,68800
2022-03-04,11.739999771118164,11.770000457763672,11.619999885559082,11.619999885559082,30100
2022-03-07,11.930000305175781,11.949999809265137,11.720000267028809,11.760000228881836,43900
2022-03-08,11.600000381469727,11.90999984741211,11.59000015258789,11.859999656677246,105300
2022-03-09,11.819999694824219,11.989999771118164,11.670000076293945,11.670000076293945,50700
2022-03-10,11.760000228881836,11.8100004196167,11.600000381469727,11.649999618530273,39600
2022-03-11,11.6899995803833,11.949999809265137,11.569999694824219,11.789999961853027,127800
2022-03-14,11.359999656677246,11.729999542236328,11.25,11.710000038146973,99800
2022-03-15,11.579999923706055,11.720000267028809,11.289999961853027,11.390000343322754,56200
2022-03-16,11.3100004196167,11.65999984741211,11.239999771118164,11.550000190734863,75600
2022-03-17,10.90999984741211,11.34000015258789,10.75,11.199999809265137,199200
2022-03-18,10.420000076293945,11.40999984741211,10.380000114440918,10.710000038146973,452500
2022-03-21,11.0600004196167,11.229999542236328,10.489999771118164,10.59000015258789,167900
2022-03-22,11.050000190734863,11.149999618530273,10.859999656677246,10.859999656677246,82600
2022-03-23,11.010000228881836,11.130000114440918,10.9399995803833,11.050000190734863,91800
2022-03-24,11.069999694824219,11.119999885559082,10.970000267028809,11.069999694824219,65500
2022-03-25,11.260000228881836,11.430000305175781,11.039999961853027,11.079999923706055,60800
2022-03-28,11.09000015258789,11.220000267028809,10.960000038146973,11.15999984741211,45600
2022-03-29,11.25,11.260000228881836,11.100000381469727,11.100000381469727,52000
2022-03-30,11.420000076293945,11.5600004196167,11.25,11.260000228881836,55500
2022-03-31,11.579999923706055,11.600000381469727,11.380000114440918,11.380000114440918,92200
2022-04-01,11.640000343322754,11.6899995803833,11.329999923706055,11.640000343322754,69600
2022-04-04,11.609999656677246,11.65999984741211,11.529999732971191,11.619999885559082,62300
2022-04-05,11.329999923706055,11.770000457763672,11.300000190734863,11.6899995803833,93100
2022-04-06,10.649999618530273,11.050000190734863,10.15999984741211,10.210000038146973,251500
2022-04-07,10.729999542236328,10.789999961853027,10.609999656677246,10.6899995803833,71000
2022-04-08,10.5,10.680000305175781,10.470000267028809,10.680000305175781,108900
2022-04-11,10.529999732971191,10.630000114440918,10.4399995803833,10.4399995803833,96200
2022-04-12,10.40999984741211,10.760000228881836,10.399999618530273,10.600000381469727,86500
2022-04-13,10.319999694824219,10.569999694824219,10.300000190734863,10.420000076293945,91700
2022-04-14,10.260000228881836,10.430000305175781,10.170000076293945,10.390000343322754,93400
2022-04-18,10.229999542236328,10.359999656677246,10.180000305175781,10.300000190734863,68800
2022-04-19,10.380000114440918,10.40999984741211,10.289999961853027,10.300000190734863,102600
2022-04-20,10.579999923706055,10.649999618530273,10.420000076293945,10.449999809265137,76300
2022-04-21,10.5,10.609999656677246,10.479999542236328,10.579999923706055,76300
2022-04-22,10.319999694824219,10.539999961853027,10.239999771118164,10.510000228881836,71100
2022-04-25,10.140000343322754,10.270000457763672,10.039999961853027,10.260000228881836,65400
2022-04-26,10.0,10.1899995803833,9.9399995803833,10.050000190734863,81900
2022-04-27,10.119999885559082,10.170000076293945,9.960000038146973,10.0,61900
2022-04-28,10.1899995803833,10.260000228881836,10.050000190734863,10.180000305175781,70600
2022-04-29,9.949999809265137,10.199999809265137,9.920000076293945,10.119999885559082,65100
2022-05-02,9.670000076293945,9.920000076293945,9.550000190734863,9.899999618530273,61900
2022-05-03,9.529999732971191,9.6899995803833,9.420000076293945,9.619999885559082,52800
2022-05-04,9.5600004196167,9.59000015258789,9.289999961853027,9.5600004196167,57700
2022-05-05,9.199999809265137,9.680000305175781,9.109999656677246,9.479999542236328,81000
2022-05-06,8.84000015258789,9.289999961853027,8.699999809265137,9.130000114440918,182600
2022-05-09,8.899999618530273,9.079999923706055,8.739999771118164,8.75,116500
2022-05-10,8.970000267028809,9.100000381469727,8.850000381469727,8.9399995803833,104400
2022-05-11,8.90999984741211,9.100000381469727,8.869999885559082,8.970000267028809,98900
2022-05-12,9.029999732971191,9.109999656677246,8.699999809265137,8.9399995803833,67200
2022-05-13,9.199999809265137,9.430000305175781,9.029999732971191,9.029999732971191,58700
2022-05-16,9.0600004196167,9.25,9.039999961853027,9.149999618530273,57200
2022-05-17,9.579999923706055,9.649999618530273,9.0600004196167,9.180000305175781,94600
2022-05-18,9.050000190734863,9.470000267028809,9.0,9.470000267028809,89300
2022-05-19,9.170000076293945,9.34000015258789,8.770000457763672,9.010000228881836,121200
2022-05-20,9.0600004196167,9.239999771118164,9.029999732971191,9.239999771118164,73300
2022-05-23,9.449999809265137,9.59000015258789,8.800000190734863,9.130000114440918,85100
2022-05-24,9.239999771118164,9.489999771118164,9.1899995803833,9.369999885559082,49900
2022-05-25,9.479999542236328,9.550000190734863,9.25,9.25,53500
2022-05-26,9.710000038146973,9.90999984741211,9.510000228881836,9.550000190734863,33700
2022-05-27,9.869999885559082,9.989999771118164,9.65999984741211,9.65999984741211,44100
2022-05-31,9.5,9.899999618530273,9.479999542236328,9.899999618530273,67700
2022-06-01,9.3100004196167,9.600000381469727,9.289999961853027,9.600000381469727,44400
2022-06-02,9.489999771118164,9.520000457763672,9.170000076293945,9.359999656677246,32200
2022-06-03,9.5,9.739999771118164,9.449999809265137,9.449999809265137,40400
2022-06-06,10.170000076293945,10.279999732971191,9.630000114440918,9.640000343322754,72700
2022-06-07,10.0,10.5,9.970000267028809,10.5,61500
2022-06-08,9.90999984741211,10.380000114440918,9.869999885559082,9.899999618530273,41000
2022-06-09,9.899999618530273,10.09000015258789,9.8100004196167,9.930000305175781,52700
2022-06-10,9.770000457763672,9.920000076293945,9.619999885559082,9.899999618530273,39500
2022-06-13,9.550000190734863,9.75,9.460000038146973,9.569999694824219,96500
2022-06-14,9.550000190734863,9.760000228881836,9.369999885559082,9.600000381469727,44200
2022-06-15,9.600000381469727,9.739999771118164,9.489999771118164,9.649999618530273,39100
2022-06-16,9.569999694824219,9.609999656677246,9.34000015258789,9.460000038146973,52600
2022-06-17,9.880000114440918,9.930000305175781,9.520000457763672,9.619999885559082,140300
2022-06-21,10.09000015258789,10.270000457763672,9.600000381469727,9.890000343322754,484800
2022-06-22,10.1899995803833,10.3100004196167,10.079999923706055,10.079999923706055,34500
2022-06-23,10.609999656677246,10.65999984741211,10.140000343322754,10.140000343322754,27100
2022-06-24,10.84000015258789,11.100000381469727,10.569999694824219,10.720000267028809,105700
2022-06-27,10.479999542236328,10.90999984741211,10.449999809265137,10.90999984741211,37800
2022-06-28,10.09000015258789,10.6899995803833,10.09000015258789,10.479999542236328,26400
2022-06-29,10.0600004196167,10.100000381469727,9.890000343322754,10.039999961853027,33100
2022-06-30,9.970000267028809,10.029999732971191,9.859999656677246,9.920000076293945,39500
2022-07-01,10.119999885559082,10.1899995803833,9.989999771118164,10.020000457763672,46400
2022-07-05,10.1899995803833,10.210000038146973,9.970000267028809,9.970000267028809,51500
2022-07-06,10.270000457763672,10.329999923706055,10.119999885559082,10.119999885559082,25000
2022-07-07,10.319999694824219,10.600000381469727,10.119999885559082,10.260000228881836,67600
2022-07-08,10.109999656677246,10.350000381469727,10.09000015258789,10.229999542236328,93400
2022-07-11,9.859999656677246,10.119999885559082,9.75,10.119999885559082,70900
2022-07-12,9.699999809265137,9.899999618530273,9.65999984741211,9.899999618530273,55600
2022-07-13,9.970000267028809,10.09000015258789,9.579999923706055,9.579999923706055,38200
2022-07-14,9.760000228881836,9.890000343322754,9.699999809265137,9.8100004196167,22400
2022-07-15,10.039999961853027,10.039999961853027,9.819999694824219,9.90999984741211,97100
2022-07-18,9.779999732971191,10.15999984741211,9.649999618530273,10.15999984741211,79100
2022-07-19,10.069999694824219,10.109999656677246,9.739999771118164,9.90999984741211,142300
2022-07-20,10.739999771118164,10.899999618530273,10.300000190734863,10.5,89500
2022-07-21,10.489999771118164,10.800000190734863,10.34000015258789,10.6899995803833,36000
2022-07-22,10.289999961853027,10.989999771118164,10.279999732971191,10.4399995803833,41400
2022-07-25,10.34000015258789,10.420000076293945,10.149999618530273,10.3100004196167,49300
2022-07-26,10.300000190734863,10.390000343322754,10.140000343322754,10.1899995803833,28600
2022-07-27,10.300000190734863,10.40999984741211,10.1899995803833,10.359999656677246,32000
2022-07-28,10.430000305175781,10.520000457763672,10.25,10.390000343322754,13600
2022-07-29,10.479999542236328,10.510000228881836,10.329999923706055,10.5,21300
2022-08-01,10.420000076293945,10.640000343322754,10.319999694824219,10.399999618530273,40700
2022-08-02,10.380000114440918,10.489999771118164,10.279999732971191,10.399999618530273,46100
2022-08-03,10.380000114440918,10.460000038146973,10.34000015258789,10.4399995803833,36500
2022-08-04,10.489999771118164,10.649999618530273,10.380000114440918,10.380000114440918,32400
2022-08-05,10.420000076293945,10.529999732971191,10.319999694824219,10.430000305175781,28300
2022-08-08,10.729999542236328,10.739999771118164,10.430000305175781,10.430000305175781,44800
2022-08-09,10.800000190734863,10.869999885559082,10.670000076293945,10.670000076293945,208300
2022-08-10,11.020000457763672,11.140000343322754,10.649999618530273,10.960000038146973,38600
2022-08-11,11.3100004196167,11.960000038146973,11.229999542236328,11.399999618530273,134500
2022-08-12,11.229999542236328,11.539999961853027,11.109999656677246,11.390000343322754,72800
2022-08-15,11.569999694824219,11.630000114440918,11.079999923706055,11.079999923706055,51600
2022-08-16,11.5600004196167,11.829999923706055,11.40999984741211,11.569999694824219,59400
2022-08-17,11.229999542236328,11.430000305175781,10.65999984741211,11.430000305175781,121700
2022-08-18,11.15999984741211,11.220000267028809,10.970000267028809,11.149999618530273,40800
2022-08-19,11.050000190734863,11.149999618530273,10.770000457763672,11.069999694824219,33600
2022-08-22,10.779999732971191,10.949999809265137,10.760000228881836,10.880000114440918,29500
2022-08-23,10.670000076293945,10.8100004196167,10.529999732971191,10.720000267028809,61400
2022-08-24,10.65999984741211,10.789999961853027,10.619999885559082,10.729999542236328,33600
2022-08-25,10.670000076293945,10.75,10.619999885559082,10.670000076293945,31700
2022-08-26,10.1899995803833,10.670000076293945,10.1899995803833,10.600000381469727,39100
2022-08-29,10.140000343322754,10.1899995803833,10.010000228881836,10.010000228881836,32800
2022-08-30,10.140000343322754,10.1899995803833,9.960000038146973,10.1899995803833,41700
2022-08-31,10.5,10.510000228881836,9.789999961853027,10.130000114440918,259500
2022-09-01,10.239999771118164,10.350000381469727,10.149999618530273,10.300000190734863,186400
2022-09-02,10.0600004196167,10.239999771118164,10.050000190734863,10.239999771118164,30300
2022-09-06,9.869999885559082,9.960000038146973,9.779999732971191,9.949999809265137,55500
2022-09-07,9.90999984741211,9.960000038146973,9.819999694824219,9.829999923706055,31600
2022-09-08,9.979999542236328,10.069999694824219,9.65999984741211,9.789999961853027,59500
2022-09-09,10.149999618530273,10.1899995803833,10.010000228881836,10.029999732971191,39100
2022-09-12,10.319999694824219,10.329999923706055,10.130000114440918,10.130000114440918,23500
2022-09-13,9.90999984741211,10.180000305175781,9.390000343322754,10.140000343322754,47100
2022-09-14,9.890000343322754,10.109999656677246,9.859999656677246,9.859999656677246,51100
2022-09-15,9.859999656677246,9.960000038146973,9.819999694824219,9.920000076293945,90300
2022-09-16,9.670000076293945,9.829999923706055,9.59000015258789,9.760000228881836,114000
2022-09-19,9.4399995803833,9.59000015258789,9.420000076293945,9.5600004196167,72400
2022-09-20,9.180000305175781,9.34000015258789,9.170000076293945,9.329999923706055,48900
2022-09-21,9.15999984741211,9.3100004196167,9.119999885559082,9.289999961853027,44500
2022-09-22,9.0,9.109999656677246,8.6899995803833,9.100000381469727,91700
2022-09-23,8.779999732971191,8.899999618530273,8.6899995803833,8.869999885559082,63900
2022-09-26,8.569999694824219,8.84000015258789,8.4399995803833,8.829999923706055,58300
2022-09-27,8.800000190734863,9.039999961853027,8.600000381469727,8.600000381469727,61900
2022-09-28,9.130000114440918,9.210000038146973,8.8100004196167,8.890000343322754,73100
2022-09-29,8.890000343322754,9.029999732971191,8.770000457763672,9.029999732971191,39400
2022-09-30,8.890000343322754,9.119999885559082,8.850000381469727,8.850000381469727,38700
2022-10-03,9.079999923706055,9.199999809265137,8.949999809265137,8.949999809265137,47200
2022-10-04,9.140000343322754,9.359999656677246,9.069999694824219,9.069999694824219,65400
2022-10-05,8.699999809265137,8.979999542236328,8.579999923706055,8.979999542236328,78600
2022-10-06,8.710000038146973,8.930000305175781,8.289999961853027,8.6899995803833,79800
2022-10-07,8.239999771118164,8.600000381469727,8.210000038146973,8.569999694824219,78700
2022-10-10,8.050000190734863,8.319999694824219,8.020000457763672,8.319999694824219,65400
2022-10-11,8.229999542236328,8.319999694824219,7.880000114440918,8.010000228881836,116900
2022-10-12,8.0600004196167,8.239999771118164,8.029999732971191,8.180000305175781,54100
2022-10-13,8.239999771118164,8.350000381469727,7.980000019073486,7.980000019073486,61900
2022-10-14,8.180000305175781,8.300000190734863,8.109999656677246,8.210000038146973,50400
2022-10-17,8.279999732971191,8.6899995803833,8.229999542236328,8.279999732971191,51300
2022-10-18,8.279999732971191,8.609999656677246,8.229999542236328,8.399999618530273,48900
2022-10-19,8.0600004196167,8.300000190734863,8.0,8.300000190734863,53100
2022-10-20,8.09000015258789,8.149999618530273,8.0,8.140000343322754,36900
2022-10-21,8.09000015258789,8.279999732971191,8.069999694824219,8.15999984741211,43300
2022-10-24,8.119999885559082,8.15999984741211,8.0600004196167,8.079999923706055,334700
2022-10-25,8.479999542236328,8.65999984741211,8.130000114440918,8.130000114440918,56300
2022-10-26,8.5600004196167,8.760000228881836,8.5,8.529999732971191,48300
2022-10-27,9.199999809265137,9.350000381469727,8.739999771118164,8.739999771118164,73200
2022-10-28,9.90999984741211,10.0,9.210000038146973,9.270000457763672,71300
2022-10-31,9.949999809265137,10.5,9.84000015258789,9.859999656677246,150500
2022-11-01,9.680000305175781,9.989999771118164,9.649999618530273,9.850000381469727,48700
2022-11-02,9.15999984741211,9.65999984741211,9.119999885559082,9.5600004196167,48000
2022-11-03,9.130000114440918,9.25,8.970000267028809,9.0,44000
2022-11-04,9.050000190734863,9.260000228881836,8.989999771118164,9.260000228881836,36500
2022-11-07,9.029999732971191,9.180000305175781,8.949999809265137,9.029999732971191,29400
2022-11-08,8.949999809265137,9.0600004196167,8.930000305175781,9.050000190734863,32100
2022-11-09,8.649999618530273,8.949999809265137,8.569999694824219,8.90999984741211,22800
2022-11-10,9.029999732971191,9.079999923706055,8.84000015258789,9.010000228881836,57000
2022-11-11,9.079999923706055,9.119999885559082,8.9399995803833,9.119999885559082,57300
2022-11-14,8.760000228881836,9.010000228881836,8.710000038146973,9.010000228881836,72100
2022-11-15,9.210000038146973,9.390000343322754,8.75,9.050000190734863,45600
2022-11-16,8.970000267028809,9.149999618530273,8.800000190734863,8.84000015258789,48200
2022-11-17,8.850000381469727,9.069999694824219,8.739999771118164,8.970000267028809,54100
2022-11-18,8.84000015258789,9.180000305175781,8.84000015258789,9.0600004196167,60400
2022-11-21,8.729999542236328,8.859999656677246,8.569999694824219,8.84000015258789,41400
2022-11-22,8.380000114440918,8.710000038146973,8.300000190734863,8.710000038146973,92100
2022-11-23,8.529999732971191,8.600000381469727,8.359999656677246,8.369999885559082,32000
2022-11-25,8.369999885559082,8.460000038146973,8.270000457763672,8.449999809265137,22500
2022-11-28,8.319999694824219,8.359999656677246,8.020000457763672,8.34000015258789,164000
2022-11-29,8.670000076293945,8.75,8.140000343322754,8.270000457763672,70000
2022-11-30,8.510000228881836,8.729999542236328,8.390000343322754,8.729999542236328,43900
2022-12-01,8.279999732971191,8.579999923706055,8.270000457763672,8.529999732971191,31300
2022-12-02,8.130000114440918,8.449999809265137,8.039999961853027,8.15999984741211,77700
2022-12-05,7.900000095367432,8.260000228881836,7.809999942779541,8.100000381469727,81800
2022-12-06,8.039999961853027,8.100000381469727,7.829999923706055,7.849999904632568,105900
2022-12-07,7.980000019073486,8.130000114440918,7.909999847412109,8.050000190734863,44300
2022-12-08,8.079999923706055,8.289999961853027,7.869999885559082,7.869999885559082,30800
2022-12-09,7.760000228881836,8.369999885559082,7.710000038146973,8.1899995803833,31300
2022-12-12,7.639999866485596,7.78000020980835,7.519999980926514,7.710000038146973,56300
2022-12-13,7.630000114440918,8.029999732971191,7.570000171661377,7.869999885559082,107600
2022-12-14,7.230000019073486,7.659999847412109,7.139999866485596,7.630000114440918,144900
2022-12-15,6.739999771118164,7.309999942779541,6.639999866485596,7.150000095367432,116500
2022-12-16,6.570000171661377,6.989999771118164,6.230000019073486,6.510000228881836,283900
2022-12-19,6.710000038146973,6.800000190734863,6.480000019073486,6.599999904632568,86000
2022-12-20,6.829999923706055,7.059999942779541,6.659999847412109,6.710000038146973,57400
2022-12-21,7.099999904632568,7.159999847412109,6.730000019073486,6.800000190734863,95000
2022-12-22,7.079999923706055,7.269999980926514,6.820000171661377,7.059999942779541,61000
2022-12-23,6.929999828338623,7.139999866485596,6.78000020980835,7.070000171661377,41100
2022-12-27,6.760000228881836,6.980000019073486,6.71999979019165,6.980000019073486,24800
2022-12-28,6.889999866485596,7.010000228881836,6.769999980926514,6.769999980926514,68100
2022-12-29,6.909999847412109,6.989999771118164,6.75,6.869999885559082,67600
2022-12-30,6.480000019073486,6.900000095367432,6.389999866485596,6.820000171661377,105800
2023-01-03,6.349999904632568,6.690000057220459,6.269999980926514,6.599999904632568,65100
2023-01-04,6.380000114440918,6.559999942779541,6.329999923706055,6.389999866485596,26400
2023-01-05,6.070000171661377,6.300000190734863,5.940000057220459,6.260000228881836,228100
2023-01-06,6.130000114440918,6.28000020980835,6.010000228881836,6.119999885559082,302800
2023-01-09,6.349999904632568,6.389999866485596,6.119999885559082,6.199999809265137,105700
2023-01-10,6.639999866485596,6.650000095367432,6.0,6.230000019073486,225200
2023-01-11,7.260000228881836,7.340000152587891,6.670000076293945,6.739999771118164,97700
2023-01-12,7.139999866485596,7.380000114440918,6.949999809265137,7.380000114440918,101600
2023-01-13,7.0,7.079999923706055,6.960000038146973,7.0,79400
2023-01-17,7.25,7.260000228881836,7.0,7.0,70700
2023-01-18,6.989999771118164,7.329999923706055,6.949999809265137,7.21999979019165,49200
2023-01-19,7.019999980926514,7.409999847412109,6.730000019073486,7.309999942779541,77500
2023-01-20,7.0,7.139999866485596,6.869999885559082,7.139999866485596,115400
2023-01-23,6.739999771118164,7.019999980926514,6.739999771118164,6.980000019073486,53300
2023-01-24,6.809999942779541,6.849999904632568,6.46999979019165,6.679999828338623,65100
2023-01-25,7.019999980926514,7.090000152587891,6.710000038146973,6.769999980926514,45300
2023-01-26,6.829999923706055,7.070000171661377,6.75,7.070000171661377,35500
2023-01-27,6.659999847412109,6.78000020980835,6.550000190734863,6.78000020980835,88800
2023-01-30,6.400000095367432,6.590000152587891,6.389999866485596,6.559999942779541,67400
2023-01-31,6.210000038146973,6.460000038146973,5.980000019073486,6.389999866485596,197300
2023-02-01,6.28000020980835,6.369999885559082,6.010000228881836,6.28000020980835,147000
2023-02-02,6.170000076293945,6.389999866485596,6.130000114440918,6.380000114440918,71300
2023-02-03,6.309999942779541,6.579999923706055,6.059999942779541,6.099999904632568,118800
2023-02-06,6.119999885559082,6.420000076293945,6.019999980926514,6.349999904632568,95800
2023-02-07,5.849999904632568,6.300000190734863,5.760000228881836,6.130000114440918,169400
2023-02-08,6.230000019073486,6.309999942779541,5.929999828338623,6.0,159300
2023-02-09,5.929999828338623,6.340000152587891,5.880000114440918,6.269999980926514,113700
2023-02-10,5.96999979019165,6.170000076293945,5.849999904632568,5.940000057220459,90400
2023-02-13,5.949999809265137,6.239999771118164,5.900000095367432,6.0,69900
2023-02-14,5.889999866485596,6.099999904632568,5.820000171661377,5.949999809265137,74500
2023-02-15,5.980000019073486,6.019999980926514,5.78000020980835,5.860000133514404,42100
2023-02-16,5.96999979019165,6.090000152587891,5.869999885559082,6.0,49100
2023-02-17,5.96999979019165,6.130000114440918,5.840000152587891,6.059999942779541,71600
2023-02-21,5.96999979019165,6.329999923706055,5.849999904632568,6.25,120900
2023-02-22,5.980000019073486,6.21999979019165,5.920000076293945,6.050000190734863,134100
2023-02-23,5.980000019073486,6.050000190734863,5.920000076293945,6.050000190734863,64400
2023-02-24,5.849999904632568,5.909999847412109,5.769999980926514,5.860000133514404,86300
2023-02-27,5.760000228881836,6.070000171661377,5.71999979019165,5.880000114440918,71000
2023-02-28,5.789999961853027,6.0,5.760000228881836,6.0,104300
2023-03-01,5.679999828338623,6.010000228881836,5.519999980926514,5.849999904632568,170500
2023-03-02,5.630000114440918,5.809999942779541,5.519999980926514,5.630000114440918,94600
2023-03-03,5.599999904632568,5.670000076293945,5.429999828338623,5.599999904632568,84400
2023-03-06,5.309999942779541,5.650000095367432,5.159999847412109,5.599999904632568,224600
2023-03-07,5.309999942779541,5.400000095367432,5.230000019073486,5.340000152587891,71500
2023-03-08,5.139999866485596,5.409999847412109,5.110000133514404,5.289999961853027,79700
2023-03-09,4.800000190734863,5.320000171661377,4.739999771118164,5.130000114440918,164500
2023-03-10,4.579999923706055,4.840000152587891,4.480000019073486,4.769999980926514,204900
2023-03-13,5.039999961853027,5.28000020980835,4.579999923706055,4.639999866485596,201500
2023-03-14,5.320000171661377,5.46999979019165,5.130000114440918,5.210000038146973,169000
2023-03-15,5.010000228881836,5.199999809265137,4.940000057220459,5.199999809265137,159900
2023-03-16,5.110000133514404,5.139999866485596,4.949999809265137,5.0,125600
2023-03-17,1.6699999570846558,3.5,1.5199999809265137,3.299999952316284,3948900
2023-03-20,3.0999999046325684,3.140000104904175,1.7999999523162842,1.809999942779541,32348200
2023-03-21,3.25,3.5999999046325684,2.700000047683716,2.9700000286102295,4799500
2023-03-22,3.259999990463257,3.490000009536743,3.190000057220459,3.2799999713897705,1340500
2023-03-23,3.0399999618530273,3.309999942779541,2.890000104904175,3.2200000286102295,876400
2023-03-24,3.119999885559082,3.140000104904175,2.759999990463257,2.9600000381469727,571600
2023-03-27,3.2100000381469727,3.259999990463257,3.009999990463257,3.109999895095825,492200
2023-03-28,3.319999933242798,3.490000009536743,3.0899999141693115,3.200000047683716,299900
2023-03-29,3.369999885559082,3.4200000762939453,3.180000066757202,3.319999933242798,308700
2023-03-30,3.7899999618530273,3.819999933242798,3.359999895095825,3.359999895095825,500900
2023-03-31,3.7799999713897705,3.9700000286102295,3.7200000286102295,3.819999933242798,486400
2023-04-03,3.6700000762939453,3.890000104904175,3.549999952316284,3.8399999141693115,392000
2023-04-04,3.5,3.619999885559082,3.4000000953674316,3.5999999046325684,290900
2023-04-05,3.7100000381469727,3.809999942779541,3.5399999618530273,3.569999933242798,374400
2023-04-06,3.8299999237060547,3.869999885559082,3.609999895095825,3.809999942779541,305900
2023-04-10,3.740000009536743,3.869999885559082,3.690000057220459,3.7200000286102295,322400
2023-04-11,3.819999933242798,3.9800000190734863,3.6500000953674316,3.6500000953674316,276000
2023-04-12,3.7799999713897705,3.9000000953674316,3.690000057220459,3.8499999046325684,368900
2023-04-13,3.9800000190734863,4.0,3.759999990463257,3.8499999046325684,173400
2023-04-14,3.8299999237060547,4.110000133514404,3.700000047683716,3.930000066757202,389200
2023-04-17,3.940000057220459,4.0,3.7300000190734863,3.740000009536743,413900
2023-04-18,3.8399999141693115,3.9700000286102295,3.690000057220459,3.930000066757202,196500
2023-04-19,3.9000000953674316,3.9600000381469727,3.809999942779541,3.8399999141693115,160600
2023-04-20,3.930000066757202,4.050000190734863,3.7799999713897705,3.7799999713897705,213800
2023-04-21,4.369999885559082,4.420000076293945,3.890000104904175,3.890000104904175,288300
2023-04-24,4.360000133514404,4.570000171661377,4.300000190734863,4.320000171661377,341500
2023-04-25,4.380000114440918,4.420000076293945,4.139999866485596,4.349999904632568,292900
2023-04-26,4.21999979019165,4.389999866485596,4.199999809265137,4.300000190734863,296000
2023-04-27,4.349999904632568,4.369999885559082,4.059999942779541,4.21999979019165,193300
2023-04-28,4.25,4.429999828338623,4.179999828338623,4.389999866485596,157800
2023-05-01,4.239999771118164,4.389999866485596,4.179999828338623,4.230000019073486,82700
2023-05-02,4.300000190734863,4.329999923706055,4.130000114440918,4.230000019073486,156100
2023-05-03,4.400000095367432,4.599999904632568,4.349999904632568,4.380000114440918,168100
2023-05-04,4.349999904632568,4.53000020980835,4.230000019073486,4.440000057220459,131100
2023-05-05,4.400000095367432,4.590000152587891,4.340000152587891,4.46999979019165,96100
2023-05-08,4.46999979019165,4.5,4.340000152587891,4.46999979019165,100000
2023-05-09,4.400000095367432,4.71999979019165,4.21999979019165,4.429999828338623,187100
2023-05-10,4.510000228881836,4.550000190734863,4.329999923706055,4.420000076293945,88300
2023-05-11,4.369999885559082,4.539999961853027,4.260000228881836,4.539999961853027,155400
2023-05-12,4.300000190734863,4.420000076293945,4.130000114440918,4.420000076293945,159900
2023-05-15,4.28000020980835,4.409999847412109,4.130000114440918,4.329999923706055,146800
2023-05-16,4.519999980926514,4.539999961853027,4.21999979019165,4.309999942779541,75900
2023-05-17,4.980000019073486,5.039999961853027,4.429999828338623,4.53000020980835,315200
2023-05-18,5.239999771118164,5.739999771118164,4.900000095367432,4.960000038146973,294900
2023-05-19,5.639999866485596,5.670000076293945,5.210000038146973,5.329999923706055,262100
2023-05-22,5.360000133514404,5.739999771118164,5.139999866485596,5.739999771118164,370300
2023-05-23,8.050000190734863,9.5,5.909999847412109,6.0,15417600
2023-05-24,8.359999656677246,8.65999984741211,7.380000114440918,7.829999923706055,1458600
2023-05-25,8.350000381469727,9.100000381469727,8.100000381469727,8.199999809265137,797600
2023-05-26,7.940000057220459,8.460000038146973,7.5,8.380000114440918,529700
2023-05-30,8.010000228881836,8.1899995803833,7.829999923706055,7.980000019073486,273400
2023-05-31,8.1899995803833,8.319999694824219,8.0,8.039999961853027,269700
2023-06-01,8.25,8.699999809265137,8.0,8.199999809265137,537200
2023-06-02,8.149999618530273,8.65999984741211,8.09000015258789,8.65999984741211,428300
2023-06-05,8.359999656677246,8.5600004196167,8.0600004196167,8.180000305175781,391200
2023-06-06,8.5,8.5600004196167,8.170000076293945,8.359999656677246,401000
2023-06-07,8.34000015258789,8.970000267028809,7.909999847412109,8.539999961853027,896200
2023-06-08,8.380000114440918,8.550000190734863,8.270000457763672,8.359999656677246,344300
2023-06-09,8.609999656677246,8.800000190734863,8.289999961853027,8.300000190734863,386700
2023-06-12,8.640000343322754,8.760000228881836,8.510000228881836,8.539999961853027,445600
2023-06-13,8.770000457763672,8.819999694824219,8.449999809265137,8.460000038146973,375500
2023-06-14,8.600000381469727,8.899999618530273,8.470000267028809,8.670000076293945,263000
2023-06-15,8.550000190734863,8.710000038146973,8.25,8.5600004196167,363900
2023-06-16,8.279999732971191,8.670000076293945,8.279999732971191,8.670000076293945,483900
2023-06-20,8.199999809265137,8.390000343322754,7.869999885559082,8.180000305175781,876700
2023-06-21,8.050000190734863,8.1899995803833,7.980000019073486,8.1899995803833,540100
2023-06-22,8.619999885559082,8.6899995803833,7.960000038146973,8.069999694824219,477000
2023-06-23,8.90999984741211,9.199999809265137,8.510000228881836,8.579999923706055,3741800
2023-06-26,8.350000381469727,8.920000076293945,8.1899995803833,8.890000343322754,410900
2023-06-27,8.289999961853027,8.420000076293945,8.210000038146973,8.390000343322754,382100
2023-06-28,9.220000267028809,9.8100004196167,8.449999809265137,8.5,837700
2023-06-29,9.84000015258789,9.989999771118164,9.050000190734863,9.100000381469727,354900
2023-06-30,9.670000076293945,10.069999694824219,9.609999656677246,9.859999656677246,370500
2023-07-03,9.75,9.989999771118164,9.369999885559082,9.59000015258789,240100
2023-07-05,9.420000076293945,9.859999656677246,9.350000381469727,9.609999656677246,286500
2023-07-06,9.369999885559082,9.489999771118164,9.050000190734863,9.34000015258789,198600
2023-07-07,9.5600004196167,9.789999961853027,9.369999885559082,9.369999885559082,178100
2023-07-10,9.779999732971191,9.989999771118164,9.5600004196167,9.600000381469727,148300
2023-07-11,9.8100004196167,9.920000076293945,9.600000381469727,9.819999694824219,206500
2023-07-12,9.899999618530273,9.960000038146973,9.699999809265137,9.859999656677246,128100
2023-07-13,9.899999618530273,10.229999542236328,9.800000190734863,9.949999809265137,172300
2023-07-14,9.859999656677246,9.979999542236328,9.579999923706055,9.90999984741211,182700
2023-07-17,10.15999984741211,10.359999656677246,9.859999656677246,9.859999656677246,272700
2023-07-18,10.380000114440918,10.640000343322754,10.210000038146973,10.220000267028809,309900
2023-07-19,10.020000457763672,10.859999656677246,9.9399995803833,10.40999984741211,692400
2023-07-20,10.520000457763672,10.609999656677246,10.020000457763672,10.130000114440918,320500
2023-07-21,10.449999809265137,10.739999771118164,10.210000038146973,10.420000076293945,318600
2023-07-24,10.029999732971191,10.350000381469727,9.960000038146973,10.34000015258789,246600
2023-07-25,10.130000114440918,10.399999618530273,9.819999694824219,9.920000076293945,178500
2023-07-26,10.489999771118164,10.550000190734863,10.069999694824219,10.130000114440918,206200
2023-07-27,10.09000015258789,10.649999618530273,10.050000190734863,10.489999771118164,215100
2023-07-28,10.550000190734863,10.5600004196167,10.180000305175781,10.210000038146973,267000
2023-07-31,10.460000038146973,10.65999984741211,10.319999694824219,10.319999694824219,210500
2023-08-01,10.40999984741211,10.619999885559082,10.079999923706055,10.529999732971191,210600
2023-08-02,10.479999542236328,10.600000381469727,10.149999618530273,10.390000343322754,364300
2023-08-03,10.3100004196167,10.510000228881836,10.130000114440918,10.449999809265137,187000
2023-08-04,10.460000038146973,10.529999732971191,10.180000305175781,10.34000015258789,152800
2023-08-07,10.710000038146973,10.729999542236328,10.270000457763672,10.460000038146973,312900
2023-08-08,10.84000015258789,10.869999885559082,10.329999923706055,10.729999542236328,215900
2023-08-09,10.350000381469727,11.460000038146973,10.3100004196167,10.859999656677246,574300
2023-08-10,10.010000228881836,10.619999885559082,10.010000228881836,10.289999961853027,207700
2023-08-11,10.170000076293945,10.359999656677246,9.920000076293945,9.989999771118164,541500
2023-08-14,9.989999771118164,10.279999732971191,9.960000038146973,10.149999618530273,264900
2023-08-15,9.579999923706055,10.069999694824219,9.5600004196167,9.970000267028809,356200
2023-08-16,9.479999542236328,9.680000305175781,9.25,9.510000228881836,211600
2023-08-17,8.960000038146973,9.520000457763672,8.84000015258789,9.399999618530273,404300
2023-08-18,9.149999618530273,9.270000457763672,8.800000190734863,8.800000190734863,194600
2023-08-21,9.109999656677246,9.289999961853027,8.9399995803833,9.039999961853027,221300
2023-08-22,9.0,9.579999923706055,8.949999809265137,9.1899995803833,194700
2023-08-23,8.550000190734863,9.020000457763672,8.510000228881836,8.8100004196167,203900
2023-08-24,8.289999961853027,8.569999694824219,7.920000076293945,8.510000228881836,533400
2023-08-25,8.390000343322754,8.619999885559082,8.220000267028809,8.300000190734863,223300
2023-08-28,8.380000114440918,8.479999542236328,8.239999771118164,8.399999618530273,157700
2023-08-29,8.779999732971191,8.800000190734863,8.399999618530273,8.420000076293945,128700
2023-08-30,9.069999694824219,9.09000015258789,8.789999961853027,8.8100004196167,223800
2023-08-31,8.0,8.859999656677246,7.960000038146973,8.289999961853027,605800
2023-09-01,7.869999885559082,8.050000190734863,7.639999866485596,8.0,435400
2023-09-05,7.829999923706055,8.050000190734863,7.71999979019165,7.739999771118164,190300
2023-09-06,7.829999923706055,8.029999732971191,7.730000019073486,7.860000133514404,156500
2023-09-07,7.75,7.889999866485596,7.639999866485596,7.78000020980835,226100
2023-09-08,7.489999771118164,7.820000171661377,7.369999885559082,7.820000171661377,211900
2023-09-11,7.46999979019165,7.670000076293945,7.460000038146973,7.5,168100
2023-09-12,7.550000190734863,7.570000171661377,7.409999847412109,7.46999979019165,141200
2023-09-13,7.809999942779541,7.929999828338623,7.519999980926514,7.559999942779541,283100
2023-09-14,7.949999809265137,8.220000267028809,7.889999866485596,8.0,227700
2023-09-15,8.050000190734863,8.09000015258789,7.840000152587891,7.920000076293945,242300
2023-09-18,8.15999984741211,8.329999923706055,7.989999771118164,8.100000381469727,192200
2023-09-19,8.239999771118164,8.329999923706055,8.09000015258789,8.170000076293945,129000
2023-09-20,8.119999885559082,8.319999694824219,8.119999885559082,8.300000190734863,113700
2023-09-21,7.940000057220459,8.0600004196167,7.880000114440918,8.029999732971191,166300
2023-09-22,8.039999961853027,8.180000305175781,7.809999942779541,7.929999828338623,172000
2023-09-25,8.010000228881836,8.220000267028809,7.840000152587891,8.039999961853027,130200
2023-09-26,7.920000076293945,8.109999656677246,7.849999904632568,7.96999979019165,134400
2023-09-27,7.579999923706055,8.0,7.53000020980835,7.949999809265137,225300
2023-09-28,7.579999923706055,7.71999979019165,7.480000019073486,7.510000228881836,165800
2023-09-29,7.550000190734863,7.829999923706055,7.480000019073486,7.599999904632568,109300
2023-10-02,7.300000190734863,7.739999771118164,7.260000228881836,7.460000038146973,179300
2023-10-03,7.139999866485596,7.289999961853027,7.110000133514404,7.289999961853027,168300
2023-10-04,7.059999942779541,7.340000152587891,7.03000020980835,7.199999809265137,312600
2023-10-05,6.730000019073486,7.28000020980835,6.699999809265137,7.159999847412109,319400
2023-10-06,7.059999942779541,7.119999885559082,6.679999828338623,6.78000020980835,540000
2023-10-09,6.760000228881836,7.059999942779541,6.75,7.019999980926514,261000
2023-10-10,7.289999961853027,7.340000152587891,6.670000076293945,6.909999847412109,467100
2023-10-11,7.21999979019165,7.409999847412109,7.150000095367432,7.269999980926514,144600
2023-10-12,7.090000152587891,7.269999980926514,6.920000076293945,7.269999980926514,137200
2023-10-13,7.110000133514404,7.150000095367432,6.940000057220459,7.090000152587891,102400
2023-10-16,7.289999961853027,7.369999885559082,7.070000171661377,7.110000133514404,124900
2023-10-17,7.320000171661377,7.710000038146973,7.300000190734863,7.300000190734863,236600
2023-10-18,7.059999942779541,7.489999771118164,7.050000190734863,7.429999828338623,120500
2023-10-19,7.130000114440918,7.519999980926514,6.920000076293945,6.920000076293945,150400
2023-10-20,7.110000133514404,7.179999828338623,6.929999828338623,7.159999847412109,141000
2023-10-23,7.260000228881836,7.340000152587891,7.039999961853027,7.039999961853027,124000
2023-10-24,7.28000020980835,7.449999809265137,7.130000114440918,7.230000019073486,145800
2023-10-25,7.110000133514404,7.239999771118164,7.03000020980835,7.179999828338623,133200
2023-10-26,7.099999904632568,7.28000020980835,7.059999942779541,7.170000076293945,98500
2023-10-27,7.03000020980835,7.190000057220459,6.989999771118164,7.150000095367432,141400
2023-10-30,7.090000152587891,7.210000038146973,7.03000020980835,7.090000152587891,102800
2023-10-31,7.019999980926514,7.210000038146973,5.809999942779541,7.0,513700
2023-11-01,7.03000020980835,7.190000057220459,6.940000057220459,6.940000057220459,146700
2023-11-02,7.159999847412109,7.420000076293945,7.079999923706055,7.090000152587891,199500
2023-11-03,7.230000019073486,7.369999885559082,7.039999961853027,7.179999828338623,150900
2023-11-06,7.289999961853027,7.409999847412109,7.150000095367432,7.409999847412109,147900
2023-11-07,7.269999980926514,7.360000133514404,7.099999904632568,7.230000019073486,90800
2023-11-08,7.230000019073486,7.329999923706055,7.170000076293945,7.289999961853027,55400
2023-11-09,7.070000171661377,7.230000019073486,7.0,7.230000019073486,116200
2023-11-10,7.0,7.110000133514404,6.980000019073486,7.110000133514404,107400
2023-11-13,7.139999866485596,7.21999979019165,6.860000133514404,6.96999979019165,101500
2023-11-14,7.619999885559082,7.619999885559082,7.239999771118164,7.239999771118164,157700
2023-11-15,7.699999809265137,7.920000076293945,7.579999923706055,7.699999809265137,141900
2023-11-16,7.429999828338623,7.929999828338623,7.309999942779541,7.630000114440918,64300
2023-11-17,7.389999866485596,7.510000228881836,7.349999904632568,7.409999847412109,58300
2023-11-20,7.429999828338623,7.510000228881836,7.320000171661377,7.400000095367432,107600
2023-11-21,7.429999828338623,7.489999771118164,7.21999979019165,7.420000076293945,94000
2023-11-22,7.449999809265137,7.519999980926514,7.349999904632568,7.429999828338623,109200
2023-11-24,7.510000228881836,7.510000228881836,7.369999885559082,7.400000095367432,52100
2023-11-27,7.28000020980835,7.539999961853027,7.260000228881836,7.539999961853027,179600
2023-11-28,7.28000020980835,7.46999979019165,7.25,7.269999980926514,59700
2023-11-29,7.320000171661377,7.389999866485596,7.260000228881836,7.360000133514404,78300
2023-11-30,7.170000076293945,7.400000095367432,7.110000133514404,7.400000095367432,112700
2023-12-01,7.360000133514404,7.409999847412109,7.079999923706055,7.150000095367432,67800
2023-12-04,7.260000228881836,7.46999979019165,7.199999809265137,7.349999904632568,538600
2023-12-05,7.230000019073486,7.309999942779541,7.150000095367432,7.25,134600
2023-12-06,7.150000095367432,7.320000171661377,7.150000095367432,7.210000038146973,64300
2023-12-07,7.050000190734863,7.179999828338623,6.909999847412109,7.179999828338623,85900
2023-12-08,6.269999980926514,7.070000171661377,6.25,7.070000171661377,135900
2023-12-11,5.900000095367432,6.380000114440918,5.75,6.289999961853027,297000
2023-12-12,5.760000228881836,5.920000076293945,5.590000152587891,5.909999847412109,244400
2023-12-13,6.03000020980835,6.059999942779541,5.75,5.75,149500
2023-12-14,5.960000038146973,6.21999979019165,5.840000152587891,6.159999847412109,204200
2023-12-15,5.849999904632568,5.989999771118164,5.739999771118164,5.989999771118164,180400
2023-12-18,5.909999847412109,5.960000038146973,5.650000095367432,5.849999904632568,146900
2023-12-19,6.269999980926514,6.300000190734863,6.010000228881836,6.010000228881836,177600
2023-12-20,6.099999904632568,6.329999923706055,6.039999961853027,6.289999961853027,161000
2023-12-21,6.050000190734863,6.190000057220459,5.96999979019165,6.110000133514404,122100
2023-12-22,6.320000171661377,6.449999809265137,6.039999961853027,6.050000190734863,102300
2023-12-26,6.309999942779541,6.489999771118164,5.989999771118164,6.420000076293945,121200
2023-12-27,6.269999980926514,6.489999771118164,6.21999979019165,6.389999866485596,104600
2023-12-28,6.179999828338623,6.269999980926514,6.110000133514404,6.210000038146973,58900
2023-12-29,6.190000057220459,6.349999904632568,6.159999847412109,6.179999828338623,116300
2024-01-02,6.380000114440918,6.480000019073486,6.150000095367432,6.150000095367432,68400
2024-01-03,6.349999904632568,6.53000020980835,6.159999847412109,6.400000095367432,85700
2024-01-04,6.320000171661377,6.449999809265137,6.119999885559082,6.119999885559082,119000
2024-01-05,7.110000133514404,7.460000038146973,6.409999847412109,6.409999847412109,275400
2024-01-08,7.599999904632568,7.639999866485596,6.869999885559082,7.110000133514404,393100
2024-01-09,7.139999866485596,7.849999904632568,7.010000228881836,7.559999942779541,167700
2024-01-10,7.03000020980835,7.159999847412109,6.71999979019165,7.090000152587891,291900
2024-01-11,6.75,7.090000152587891,6.730000019073486,7.090000152587891,123300
2024-01-12,6.869999885559082,7.0,6.699999809265137,6.760000228881836,94000
2024-01-16,6.760000228881836,7.050000190734863,6.650000095367432,6.760000228881836,188300
2024-01-17,6.570000171661377,6.840000152587891,6.550000190734863,6.699999809265137,100300
2024-01-18,6.670000076293945,6.75,6.550000190734863,6.559999942779541,96800
2024-01-19,7.03000020980835,7.179999828338623,6.599999904632568,6.71999979019165,172300
2024-01-22,6.820000171661377,7.170000076293945,6.670000076293945,7.0,126800
2024-01-23,6.53000020980835,6.820000171661377,6.489999771118164,6.820000171661377,62900
2024-01-24,6.159999847412109,6.599999904632568,6.130000114440918,6.53000020980835,115500
2024-01-25,6.5,6.559999942779541,6.099999904632568,6.210000038146973,123500
2024-01-26,6.639999866485596,6.639999866485596,6.380000114440918,6.539999961853027,76800
2024-01-29,7.019999980926514,7.039999961853027,6.489999771118164,6.539999961853027,152600
2024-01-30,6.78000020980835,7.050000190734863,6.610000133514404,7.050000190734863,98100
2024-01-31,6.53000020980835,6.840000152587891,6.5,6.710000038146973,81900
2024-02-01,6.480000019073486,6.769999980926514,6.230000019073486,6.519999980926514,95700
2024-02-02,6.489999771118164,6.610000133514404,6.389999866485596,6.489999771118164,131800
2024-02-05,7.53000020980835,7.590000152587891,6.5,6.5,296500
2024-02-06,7.510000228881836,8.010000228881836,7.380000114440918,7.579999923706055,207000
2024-02-07,7.610000133514404,7.880000114440918,7.5,7.880000114440918,150700
2024-02-08,8.319999694824219,8.399999618530273,7.389999866485596,7.690000057220459,293400
2024-02-09,8.550000190734863,8.899999618530273,8.279999732971191,8.319999694824219,216000
2024-02-12,8.390000343322754,8.59000015258789,8.239999771118164,8.40999984741211,125900
2024-02-13,7.889999866485596,8.229999542236328,7.869999885559082,8.170000076293945,151600
2024-02-14,7.900000095367432,8.0600004196167,7.840000152587891,7.940000057220459,92700
2024-02-15,8.210000038146973,8.25,7.860000133514404,7.900000095367432,98700
2024-02-16,8.1899995803833,8.350000381469727,8.0,8.100000381469727,69300
2024-02-20,8.029999732971191,8.210000038146973,7.960000038146973,8.149999618530273,104100
2024-02-21,8.029999732971191,8.09000015258789,7.809999942779541,7.96999979019165,107900
2024-02-22,7.809999942779541,8.100000381469727,7.800000190734863,7.96999979019165,44800
2024-02-23,8.069999694824219,8.069999694824219,7.75,7.889999866485596,60900
2024-02-26,8.319999694824219,8.420000076293945,8.010000228881836,8.029999732971191,111400
2024-02-27,8.260000228881836,8.420000076293945,8.079999923706055,8.300000190734863,141900
2024-02-28,8.25,8.359999656677246,8.130000114440918,8.180000305175781,103100
2024-02-29,8.350000381469727,8.399999618530273,8.220000267028809,8.25,87000
2024-03-01,8.399999618530273,8.449999809265137,8.199999809265137,8.3100004196167,173700
2024-03-04,8.180000305175781,8.420000076293945,8.15999984741211,8.399999618530273,107900
2024-03-05,7.880000114440918,8.220000267028809,7.829999923706055,8.220000267028809,89000
2024-03-06,7.789999961853027,8.130000114440918,7.730000019073486,7.889999866485596,44000
2024-03-07,7.869999885559082,7.909999847412109,7.690000057220459,7.710000038146973,52400
2024-03-08,7.929999828338623,8.1899995803833,7.849999904632568,7.849999904632568,76600
2024-03-11,7.570000171661377,8.010000228881836,7.559999942779541,8.010000228881836,64200
2024-03-12,7.769999980926514,7.800000190734863,7.53000020980835,7.679999828338623,57500
2024-03-13,7.699999809265137,8.0,7.670000076293945,7.809999942779541,60700
2024-03-14,7.429999828338623,7.670000076293945,7.349999904632568,7.670000076293945,92700
2024-03-15,7.380000114440918,7.590000152587891,7.349999904632568,7.389999866485596,126800
2024-03-18,7.179999828338623,7.53000020980835,7.179999828338623,7.380000114440918,67200
2024-03-19,7.190000057220459,7.400000095367432,7.150000095367432,7.170000076293945,85500
2024-03-20,5.010000228881836,5.920000076293945,4.5,5.699999809265137,2958000
2024-03-21,5.039999961853027,5.110000133514404,4.820000171661377,5.010000228881836,798800
2024-03-22,5.190000057220459,5.429999828338623,5.059999942779541,5.130000114440918,413000
2024-03-25,5.400000095367432,5.730000019073486,5.349999904632568,5.349999904632568,280100
2024-03-26,5.159999847412109,5.449999809265137,4.989999771118164,5.349999904632568,285400
2024-03-27,5.170000076293945,5.480000019073486,5.099999904632568,5.099999904632568,114200
2024-03-28,5.309999942779541,5.360000133514404,5.070000171661377,5.230000019073486,164600
2024-04-01,5.789999961853027,5.809999942779541,5.300000190734863,5.360000133514404,444000
2024-04-02,5.519999980926514,5.699999809265137,5.449999809265137,5.699999809265137,210200
2024-04-03,6.150000095367432,6.159999847412109,5.230000019073486,5.400000095367432,478900
2024-04-04,6.119999885559082,6.5,6.079999923706055,6.159999847412109,210800
2024-04-05,6.139999866485596,6.269999980926514,6.110000133514404,6.110000133514404,125900
2024-04-08,6.010000228881836,6.360000133514404,5.789999961853027,6.320000171661377,205700
2024-04-09,6.150000095367432,6.179999828338623,5.889999866485596,5.889999866485596,116500
2024-04-10,5.849999904632568,6.059999942779541,5.849999904632568,6.050000190734863,126100
2024-04-11,6.170000076293945,6.25,5.840000152587891,5.860000133514404,120800
2024-04-12,6.059999942779541,6.21999979019165,5.940000057220459,6.159999847412109,106100
2024-04-15,6.25,6.309999942779541,6.0,6.119999885559082,230400
2024-04-16,6.539999961853027,6.650000095367432,6.21999979019165,6.28000020980835,188600
2024-04-17,6.53000020980835,6.699999809265137,6.349999904632568,6.519999980926514,139100
2024-04-18,6.320000171661377,6.53000020980835,6.010000228881836,6.53000020980835,149600
2024-04-19,6.690000057220459,6.690000057220459,6.269999980926514,6.369999885559082,170600
2024-04-22,6.289999961853027,6.75,6.269999980926514,6.75,169800
2024-04-23,6.449999809265137,6.489999771118164,6.239999771118164,6.360000133514404,137000
2024-04-24,6.329999923706055,6.429999828338623,6.179999828338623,6.429999828338623,105100
2024-04-25,6.639999866485596,6.75,6.099999904632568,6.210000038146973,256400
2024-04-26,6.599999904632568,6.739999771118164,6.440000057220459,6.630000114440918,110900
2024-04-29,6.460000038146973,6.670000076293945,6.420000076293945,6.550000190734863,74200
2024-04-30,6.420000076293945,6.460000038146973,6.309999942779541,6.420000076293945,122200
2024-05-01,6.440000057220459,6.590000152587891,6.320000171661377,6.409999847412109,109900
2024-05-02,6.349999904632568,6.5,6.230000019073486,6.5,133300
2024-05-03,6.389999866485596,6.510000228881836,6.260000228881836,6.429999828338623,113400
2024-05-06,6.659999847412109,6.679999828338623,6.360000133514404,6.360000133514404,56500
2024-05-07,6.869999885559082,7.239999771118164,6.659999847412109,6.659999847412109,207400
2024-05-08,6.650000095367432,6.889999866485596,6.599999904632568,6.889999866485596,70800
2024-05-09,6.570000171661377,6.699999809265137,6.559999942779541,6.650000095367432,50300
2024-05-10,6.28000020980835,6.650000095367432,6.28000020980835,6.539999961853027,73000
2024-05-13,6.110000133514404,6.5,6.079999923706055,6.260000228881836,119500
2024-05-14,6.119999885559082,6.349999904632568,6.03000020980835,6.079999923706055,198600
2024-05-15,5.989999771118164,6.139999866485596,5.880000114440918,6.079999923706055,235700
2024-05-16,5.769999980926514,6.050000190734863,5.769999980926514,5.960000038146973,184000
2024-05-17,5.869999885559082,5.909999847412109,5.579999923706055,5.849999904632568,215900
2024-05-20,5.940000057220459,6.0,5.829999923706055,5.840000152587891,220000
2024-05-21,5.960000038146973,6.230000019073486,5.809999942779541,5.829999923706055,283000
2024-05-22,5.829999923706055,5.960000038146973,5.809999942779541,5.809999942779541,212900
2024-05-23,5.690000057220459,5.940000057220459,5.650000095367432,5.900000095367432,240400
2024-05-24,5.619999885559082,5.820000171661377,5.590000152587891,5.610000133514404,110800
2024-05-28,5.579999923706055,5.679999828338623,5.53000020980835,5.650000095367432,270300
2024-05-29,5.71999979019165,5.909999847412109,5.460000038146973,5.489999771118164,134200
2024-05-30,5.78000020980835,5.989999771118164,5.690000057220459,5.690000057220459,162800
2024-05-31,5.840000152587891,5.989999771118164,5.670000076293945,5.849999904632568,99300
2024-06-03,5.809999942779541,5.949999809265137,5.690000057220459,5.849999904632568,147800
2024-06-04,5.510000228881836,5.900000095367432,5.429999828338623,5.789999961853027,152400
2024-06-05,5.860000133514404,5.880000114440918,5.429999828338623,5.429999828338623,208300
2024-06-06,6.059999942779541,6.440000057220459,5.760000228881836,5.860000133514404,235200
2024-06-07,5.909999847412109,6.260000228881836,5.860000133514404,5.900000095367432,124700
2024-06-10,5.900000095367432,6.059999942779541,5.769999980926514,5.869999885559082,98400
2024-06-11,5.630000114440918,5.900000095367432,5.619999885559082,5.900000095367432,102100
2024-06-12,5.440000057220459,5.869999885559082,5.420000076293945,5.849999904632568,122000
2024-06-13,5.269999980926514,5.460000038146973,5.260000228881836,5.460000038146973,85100
2024-06-14,5.199999809265137,5.400000095367432,5.139999866485596,5.25,160700
2024-06-17,5.150000095367432,5.389999866485596,5.039999961853027,5.25,194000
2024-06-18,4.889999866485596,5.230000019073486,4.889999866485596,5.119999885559082,149900
2024-06-20,5.099999904632568,5.25,4.889999866485596,4.960000038146973,236800
2024-06-21,5.019999980926514,5.519999980926514,4.800000190734863,5.090000152587891,599100
2024-06-24,5.03000020980835,5.159999847412109,5.010000228881836,5.159999847412109,167400
2024-06-25,4.699999809265137,5.03000020980835,4.659999847412109,5.03000020980835,757700
2024-06-26,4.829999923706055,4.849999904632568,4.5,4.630000114440918,348500
2024-06-27,5.139999866485596,5.139999866485596,4.75,4.75,353900
2024-06-28,5.130000114440918,5.449999809265137,5.03000020980835,5.03000020980835,2790700
2024-07-01,4.71999979019165,5.210000038146973,4.679999828338623,5.210000038146973,207400
2024-07-02,4.71999979019165,4.769999980926514,4.46999979019165,4.670000076293945,284400
2024-07-03,4.929999828338623,5.050000190734863,4.710000038146973,4.710000038146973,54000
2024-07-05,4.889999866485596,4.989999771118164,4.699999809265137,4.989999771118164,130900
2024-07-08,5.0,5.079999923706055,4.849999904632568,4.940000057220459,148800
2024-07-09,5.03000020980835,5.130000114440918,4.869999885559082,4.949999809265137,73400
2024-07-10,4.900000095367432,5.03000020980835,4.889999866485596,5.03000020980835,68500
2024-07-11,5.179999828338623,5.199999809265137,4.989999771118164,5.039999961853027,183100
2024-07-12,5.03000020980835,5.340000152587891,5.0,5.139999866485596,130600
2024-07-15,5.010000228881836,5.119999885559082,4.940000057220459,5.099999904632568,127900
2024-07-16,5.579999923706055,5.630000114440918,5.070000171661377,5.170000076293945,340900
2024-07-17,5.559999942779541,5.710000038146973,5.420000076293945,5.460000038146973,137500
2024-07-18,5.090000152587891,5.679999828338623,5.03000020980835,5.539999961853027,140800
2024-07-19,4.849999904632568,5.090000152587891,4.75,4.989999771118164,150200
2024-07-22,5.400000095367432,5.409999847412109,4.769999980926514,4.789999961853027,188600
2024-07-23,5.619999885559082,5.78000020980835,5.329999923706055,5.389999866485596,252000
2024-07-24,5.769999980926514,5.940000057220459,5.619999885559082,5.619999885559082,126700
2024-07-25,6.070000171661377,6.28000020980835,5.679999828338623,5.730000019073486,188400
2024-07-26,6.210000038146973,6.269999980926514,5.900000095367432,6.170000076293945,72300
2024-07-29,6.380000114440918,6.510000228881836,6.119999885559082,6.199999809265137,135300
2024-07-30,6.320000171661377,6.53000020980835,6.260000228881836,6.440000057220459,98900
2024-07-31,6.329999923706055,6.429999828338623,6.0,6.400000095367432,104700
2024-08-01,6.03000020980835,6.269999980926514,5.769999980926514,6.269999980926514,115200
2024-08-02,5.610000133514404,5.980000019073486,5.5,5.960000038146973,259800
2024-08-05,5.260000228881836,5.539999961853027,5.230000019073486,5.5,257200
2024-08-06,5.139999866485596,5.449999809265137,5.070000171661377,5.320000171661377,126500
2024-08-07,4.820000171661377,5.199999809265137,4.800000190734863,5.199999809265137,125800
2024-08-08,5.019999980926514,5.159999847412109,4.829999923706055,4.929999828338623,198200
2024-08-09,5.010000228881836,5.070000171661377,4.820000171661377,5.0,81700
2024-08-12,5.429999828338623,5.429999828338623,5.0,5.0,142100
2024-08-13,6.039999961853027,6.159999847412109,5.400000095367432,5.460000038146973,197600
2024-08-14,5.809999942779541,6.300000190734863,5.769999980926514,6.010000228881836,173200
2024-08-15,5.980000019073486,6.239999771118164,5.820000171661377,5.940000057220459,66200
2024-08-16,5.75,6.090000152587891,5.75,5.960000038146973,61900
2024-08-19,5.599999904632568,5.96999979019165,5.539999961853027,5.840000152587891,156300
2024-08-20,5.690000057220459,5.860000133514404,5.519999980926514,5.599999904632568,82600
2024-08-21,5.710000038146973,5.75,5.610000133514404,5.679999828338623,55300
2024-08-22,5.710000038146973,5.739999771118164,5.550000190734863,5.71999979019165,43700
2024-08-23,6.0,6.070000171661377,5.78000020980835,5.869999885559082,64500
2024-08-26,6.340000152587891,6.380000114440918,5.929999828338623,6.099999904632568,199000
2024-08-27,4.739999771118164,5.929999828338623,3.8299999237060547,5.789999961853027,2290000
2024-08-28,3.9700000286102295,4.610000133514404,3.859999895095825,4.599999904632568,945900
2024-08-29,3.819999933242798,4.150000095367432,3.680000066757202,3.990000009536743,699600
2024-08-30,4.380000114440918,4.539999961853027,3.890000104904175,3.9100000858306885,755700
2024-09-03,4.369999885559082,4.429999828338623,4.25,4.300000190734863,401100
2024-09-04,4.21999979019165,4.440000057220459,4.070000171661377,4.360000133514404,400900
2024-09-05,4.579999923706055,4.739999771118164,4.380000114440918,4.440000057220459,560200
2024-09-06,4.769999980926514,4.829999923706055,4.449999809265137,4.590000152587891,338200
2024-09-09,4.75,5.199999809265137,4.659999847412109,4.849999904632568,390200
2024-09-10,4.840000152587891,4.920000076293945,4.630000114440918,4.75,188100
2024-09-11,4.849999904632568,4.909999847412109,4.619999885559082,4.840000152587891,157500
2024-09-12,5.119999885559082,5.130000114440918,4.809999942779541,4.829999923706055,261700
2024-09-13,5.179999828338623,5.269999980926514,5.119999885559082,5.119999885559082,116900
2024-09-16,5.090000152587891,5.239999771118164,5.03000020980835,5.179999828338623,97000
2024-09-17,5.079999923706055,5.260000228881836,5.050000190734863,5.090000152587891,123200
2024-09-18,5.199999809265137,5.360000133514404,5.079999923706055,5.079999923706055,162600
2024-09-19,5.619999885559082,5.769999980926514,5.28000020980835,5.349999904632568,235500
2024-09-20,5.0,5.579999923706055,4.980000019073486,5.579999923706055,388800
2024-09-23,4.889999866485596,5.050000190734863,4.71999979019165,5.010000228881836,138300
2024-09-24,4.989999771118164,5.019999980926514,4.809999942779541,4.96999979019165,177400
2024-09-25,4.739999771118164,4.949999809265137,4.71999979019165,4.909999847412109,138200
2024-09-26,4.71999979019165,4.809999942779541,4.599999904632568,4.760000228881836,105800
2024-09-27,4.949999809265137,4.949999809265137,4.710000038146973,4.800000190734863,68400
2024-09-30,4.929999828338623,5.019999980926514,4.800000190734863,4.96999979019165,60900
2024-10-01,4.849999904632568,4.860000133514404,4.670000076293945,4.860000133514404,63300
2024-10-02,4.96999979019165,5.110000133514404,4.840000152587891,4.880000114440918,94200
2024-10-03,4.710000038146973,4.940000057220459,4.670000076293945,4.929999828338623,81200
2024-10-04,5.380000114440918,5.429999828338623,4.860000133514404,4.909999847412109,285300
2024-10-07,5.090000152587891,5.449999809265137,4.96999979019165,5.440000057220459,131700
2024-10-08,4.809999942779541,5.179999828338623,4.730000019073486,5.179999828338623,191400
2024-10-09,4.539999961853027,4.760000228881836,4.5,4.739999771118164,163900
2024-10-10,4.489999771118164,4.510000228881836,4.380000114440918,4.5,122700
2024-10-11,4.619999885559082,4.639999866485596,4.329999923706055,4.46999979019165,131200
2024-10-14,4.630000114440918,4.739999771118164,4.599999904632568,4.610000133514404,63900
2024-10-15,4.639999866485596,4.760000228881836,4.570000171661377,4.630000114440918,114700
2024-10-16,4.610000133514404,4.78000020980835,4.510000228881836,4.710000038146973,140200
2024-10-17,5.059999942779541,5.070000171661377,4.590000152587891,4.769999980926514,198000
2024-10-18,5.210000038146973,5.409999847412109,5.010000228881836,5.059999942779541,176200
2024-10-21,5.25,5.269999980926514,5.170000076293945,5.269999980926514,164500
2024-10-22,5.25,5.260000228881836,5.159999847412109,5.210000038146973,149800
2024-10-23,5.309999942779541,5.320000171661377,5.179999828338623,5.21999979019165,110400
2024-10-24,5.389999866485596,5.460000038146973,5.340000152587891,5.360000133514404,78500
2024-10-25,5.5,5.5,5.400000095367432,5.449999809265137,69100
2024-10-28,5.619999885559082,5.840000152587891,5.550000190734863,5.579999923706055,207600
2024-10-29,5.730000019073486,5.789999961853027,5.53000020980835,5.619999885559082,130900
2024-10-30,5.929999828338623,5.980000019073486,5.739999771118164,5.739999771118164,89800
2024-10-31,5.679999828338623,5.929999828338623,5.559999942779541,5.929999828338623,128700
2024-11-01,5.880000114440918,5.880000114440918,5.679999828338623,5.760000228881836,80000
2024-11-04,5.989999771118164,6.079999923706055,5.800000190734863,5.849999904632568,97800
2024-11-05,6.139999866485596,6.159999847412109,5.940000057220459,5.960000038146973,85100
2024-11-06,6.409999847412109,6.480000019073486,6.239999771118164,6.28000020980835,159300
2024-11-07,6.389999866485596,6.75,6.360000133514404,6.440000057220459,465300
2024-11-08,6.739999771118164,6.860000133514404,6.380000114440918,6.440000057220459,227300
2024-11-11,6.539999961853027,6.860000133514404,6.440000057220459,6.78000020980835,459600
2024-11-12,7.019999980926514,7.070000171661377,6.480000019073486,6.480000019073486,235600
2024-11-13,7.090000152587891,7.230000019073486,6.96999979019165,7.079999923706055,208600
2024-11-14,6.679999828338623,7.130000114440918,6.550000190734863,7.110000133514404,172200
2024-11-15,6.400000095367432,6.690000057220459,6.340000152587891,6.690000057220459,165400
2024-11-18,6.429999828338623,6.489999771118164,6.289999961853027,6.429999828338623,139100
2024-11-19,7.090000152587891,7.159999847412109,6.269999980926514,6.349999904632568,239400
2024-11-20,7.480000019073486,7.489999771118164,7.090000152587891,7.119999885559082,347500
2024-11-21,6.980000019073486,7.989999771118164,6.829999923706055,7.46999979019165,375200
2024-11-22,7.309999942779541,7.460000038146973,7.059999942779541,7.139999866485596,207500
2024-11-25,7.460000038146973,7.590000152587891,7.260000228881836,7.389999866485596,233600
2024-11-26,7.440000057220459,7.5,7.079999923706055,7.420000076293945,313000
2024-11-27,7.5,7.739999771118164,7.460000038146973,7.5,194200
2024-11-29,7.409999847412109,7.539999961853027,7.409999847412109,7.53000020980835,56600
2024-12-02,7.630000114440918,7.679999828338623,7.440000057220459,7.539999961853027,107600
2024-12-03,7.46999979019165,7.639999866485596,7.349999904632568,7.639999866485596,91300
2024-12-04,7.610000133514404,7.710000038146973,7.380000114440918,7.519999980926514,270200
2024-12-05,7.190000057220459,7.650000095367432,7.170000076293945,7.610000133514404,111200
2024-12-06,7.150000095367432,7.489999771118164,6.949999809265137,7.269999980926514,152600
2024-12-09,7.170000076293945,7.739999771118164,7.130000114440918,7.320000171661377,251200
2024-12-10,7.28000020980835,7.369999885559082,6.989999771118164,7.170000076293945,136000
2024-12-11,7.760000228881836,7.809999942779541,7.25,7.369999885559082,248100
2024-12-12,7.579999923706055,7.730000019073486,7.349999904632568,7.670000076293945,181500
2024-12-13,7.610000133514404,7.630000114440918,7.190000057220459,7.550000190734863,141800
2024-12-16,7.760000228881836,7.880000114440918,7.599999904632568,7.650000095367432,146800
2024-12-17,7.46999979019165,7.739999771118164,7.260000228881836,7.739999771118164,176900
2024-12-18,6.940000057220459,7.559999942779541,6.849999904632568,7.550000190734863,201300
2024-12-19,7.070000171661377,7.190000057220459,6.869999885559082,7.010000228881836,206300
2024-12-20,7.239999771118164,7.360000133514404,7.03000020980835,7.050000190734863,761700
2024-12-23,7.03000020980835,7.420000076293945,6.929999828338623,7.300000190734863,162300
2024-12-24,7.599999904632568,7.630000114440918,6.900000095367432,7.130000114440918,247400
2024-12-26,7.489999771118164,7.78000020980835,7.480000019073486,7.670000076293945,230000
2024-12-27,7.28000020980835,7.570000171661377,7.110000133514404,7.409999847412109,191300
2024-12-30,7.420000076293945,7.480000019073486,6.989999771118164,7.289999961853027,286900
2024-12-31,7.429999828338623,7.590000152587891,7.28000020980835,7.489999771118164,786400
2025-01-02,6.659999847412109,7.510000228881836,5.679999828338623,7.449999809265137,859600
2025-01-03,7.619999885559082,7.690000057220459,6.769999980926514,7.090000152587891,612400
2025-01-06,6.869999885559082,7.590000152587891,6.699999809265137,7.590000152587891,533100
2025-01-07,5.909999847412109,6.769999980926514,5.789999961853027,6.769999980926514,903300
2025-01-08,5.800000190734863,5.96999979019165,5.650000095367432,5.880000114440918,379000
2025-01-10,6.289999961853027,6.349999904632568,5.949999809265137,6.050000190734863,325200
2025-01-13,6.360000133514404,6.420000076293945,6.150000095367432,6.199999809265137,188500
2025-01-14,6.429999828338623,6.480000019073486,6.139999866485596,6.420000076293945,330800
2025-01-15,6.369999885559082,6.579999923706055,6.130000114440918,6.559999942779541,182000
2025-01-16,6.440000057220459,6.510000228881836,6.260000228881836,6.380000114440918,116200
2025-01-17,6.480000019073486,6.539999961853027,6.380000114440918,6.510000228881836,82500
2025-01-21,6.559999942779541,6.670000076293945,6.480000019073486,6.539999961853027,127200
2025-01-22,6.429999828338623,6.579999923706055,6.369999885559082,6.550000190734863,247300
2025-01-23,6.139999866485596,6.440000057220459,6.050000190734863,6.349999904632568,186500
2025-01-24,6.320000171661377,6.400000095367432,6.050000190734863,6.099999904632568,202300
2025-01-27,5.949999809265137,6.349999904632568,5.849999904632568,6.340000152587891,139046
