Price,Close,High,Low,Open,Volume
Ticker,LILAK,LILAK,LILAK,LILAK,LILAK
Date,,,,,
2020-01-28,16.459510803222656,16.949153900146484,16.440677642822266,16.75141143798828,417685
2020-01-29,16.403013229370117,16.48775863647461,16.11111068725586,16.318267822265625,592702
2020-01-30,16.54425621032715,16.581920623779297,16.242937088012695,16.261770248413086,342283
2020-01-31,15.866290092468262,16.46892738342285,15.819209098815918,16.421846389770508,603853
2020-02-03,16.026365280151367,16.205272674560547,15.856874465942383,15.941619873046875,409826
2020-02-04,15.913371086120605,16.233522415161133,15.838041305541992,16.233522415161133,608207
2020-02-05,16.12994384765625,16.29001808166504,16.007532119750977,16.1676082611084,291307
2020-02-06,16.346515655517578,16.43126106262207,16.17984962463379,16.205272674560547,375417
2020-02-07,16.18644142150879,16.354991912841797,15.96045207977295,16.30885124206543,467599
2020-02-10,16.139360427856445,16.158191680908203,15.96045207977295,16.11111068725586,282811
2020-02-11,16.205272674560547,16.4077205657959,16.026365280151367,16.299434661865234,611818
2020-02-12,16.393596649169922,16.54896354675293,15.7532958984375,16.337099075317383,833776
2020-02-13,16.214689254760742,16.421846389770508,16.12994384765625,16.318267822265625,531531
2020-02-14,16.148775100708008,16.27118682861328,16.003765106201172,16.224105834960938,237782
2020-02-18,16.32768440246582,16.337099075317383,15.969867706298828,16.07344627380371,442642
2020-02-19,16.506591796875,16.676082611083984,16.233522415161133,16.355932235717773,707292
2020-02-20,18.022598266601562,18.107345581054688,16.6807918548584,17.532957077026367,1226716
2020-02-21,17.693031311035156,18.083803176879883,17.523540496826172,18.050846099853516,471847
2020-02-24,17.165725708007812,17.288135528564453,16.98681640625,17.06214714050293,586224
2020-02-25,16.56308937072754,17.212806701660156,16.54425621032715,17.137475967407227,543001
2020-02-26,16.1676082611084,16.779661178588867,16.11111068725586,16.600753784179688,539602
2020-02-27,15.310733795166016,16.48775863647461,15.282485961914062,15.847457885742188,817846
2020-02-28,14.303201675415039,14.97175121307373,13.88888931274414,14.717514038085938,3428773
2020-03-02,14.519774436950684,14.8305082321167,14.171375274658203,14.444443702697754,1606063
2020-03-03,14.12429428100586,14.65160083770752,13.973634719848633,14.435028076171875,1711519
2020-03-04,14.04896354675293,14.36440658569336,14.011299133300781,14.237288475036621,1488924
2020-03-05,13.67231559753418,14.133709907531738,13.51224136352539,13.804142951965332,906311
2020-03-06,13.992466926574707,14.020715713500977,13.276836395263672,13.37099838256836,1262824
2020-03-09,12.344633102416992,13.625234603881836,12.325799942016602,13.427495002746582,1479260
2020-03-10,12.231637954711914,13.022599220275879,11.883238792419434,13.022599220275879,1434125
2020-03-11,11.30885124206543,12.109228134155273,11.167608261108398,11.826742172241211,1257620
2020-03-12,9.359699249267578,10.828624725341797,9.237288475036621,10.536723136901855,1770035
2020-03-13,9.868172645568848,10.0,9.04896354675293,9.924670219421387,1794143
2020-03-16,8.154425621032715,9.839924812316895,8.130885124206543,9.839924812316895,1433063
2020-03-17,10.018832206726074,10.018832206726074,8.032014846801758,8.408662796020508,1622205
2020-03-18,8.52165699005127,9.661017417907715,8.258004188537598,9.256120681762695,1162359
2020-03-19,8.945385932922363,9.373823165893555,8.352166175842285,8.465160369873047,1302118
2020-03-20,8.69114875793457,9.152542114257812,8.455743789672852,9.020715713500977,1461524
2020-03-23,9.340866088867188,9.435028076171875,8.201506614685059,9.06779670715332,1130605
2020-03-24,10.320151329040527,10.710923194885254,9.708098411560059,10.141242980957031,1395787
2020-03-25,10.254237174987793,10.72504711151123,10.009415626525879,10.263652801513672,1302331
2020-03-26,11.177023887634277,11.224104881286621,9.293785095214844,10.433144569396973,785774
2020-03-27,10.1694917678833,11.214689254760742,10.098870277404785,10.668549537658691,1039273
2020-03-30,9.77401065826416,10.35781478881836,9.609228134155273,10.235404968261719,1006139
2020-03-31,9.661017417907715,10.047080993652344,9.449152946472168,9.679848670959473,929462
2020-04-01,8.954801559448242,9.4161958694458,8.785310745239258,9.4161958694458,1674031
2020-04-02,9.284369468688965,9.4161958694458,8.841808319091797,8.841808319091797,843122
2020-04-03,8.728814125061035,9.322033882141113,8.427495002746582,9.256120681762695,746055
2020-04-06,9.519774436950684,9.585686683654785,9.171375274658203,9.180790901184082,1511332
2020-04-07,9.802260398864746,10.320151329040527,9.576271057128906,9.858757019042969,1686987
2020-04-08,10.103577613830566,10.37664794921875,9.65160083770752,10.084746360778809,1178395
2020-04-09,10.73446273803711,11.073446273803711,10.395480155944824,10.574387550354004,891868
2020-04-13,10.433144569396973,10.677966117858887,10.030132293701172,10.677966117858887,1027804
2020-04-14,10.574387550354004,10.87099838256836,10.310733795166016,10.772128105163574,747967
2020-04-15,9.783427238464355,10.310733795166016,9.65160083770752,10.084746360778809,938914
2020-04-16,9.62335205078125,9.943503379821777,9.350281715393066,9.79284381866455,898558
2020-04-17,10.310733795166016,10.489642143249512,9.839924812316895,10.056496620178223,820501
2020-04-20,9.887005805969238,10.244820594787598,9.679848670959473,10.018832206726074,783862
2020-04-21,9.482109069824219,9.788135528564453,9.369114875793457,9.491524696350098,1151314
2020-04-22,9.27495288848877,9.783427238464355,9.26553726196289,9.783427238464355,770906
2020-04-23,9.595104217529297,9.877589225769043,9.27495288848877,9.322033882141113,1167881
2020-04-24,9.632767677307129,9.79284381866455,9.256120681762695,9.613936424255371,727151
2020-04-27,9.77401065826416,9.877589225769043,9.632767677307129,9.764595031738281,988085
2020-04-28,9.755179405212402,10.112994194030762,9.557438850402832,10.103577613830566,815191
2020-04-29,10.433144569396973,10.612052917480469,9.896422386169434,10.188323974609375,1560609
2020-04-30,9.736347198486328,10.513182640075684,9.708098411560059,10.301318168640137,936684
2020-05-01,9.566855430603027,9.731637954711914,9.312618255615234,9.679848670959473,1237336
2020-05-04,9.47269344329834,9.510357856750488,9.209039688110352,9.39736270904541,773879
2020-05-05,9.190206527709961,9.839924812316895,9.12900161743164,9.821091651916504,1146748
2020-05-06,8.775895118713379,9.227871894836426,8.738229751586914,9.020715713500977,1230646
2020-05-07,8.775895118713379,9.096044540405273,8.709980964660645,8.945385932922363,1008581
2020-05-08,9.077213287353516,9.312618255615234,8.860639572143555,9.143125534057617,1609036
2020-05-11,8.794727325439453,9.06779670715332,8.681733131408691,8.879472732543945,877212
2020-05-12,8.493409156799316,8.832391738891602,8.483991622924805,8.775895118713379,787154
2020-05-13,7.975518226623535,8.455743789672852,7.721281051635742,8.389830589294434,1218433
2020-05-14,8.408662796020508,8.446328163146973,7.551788806915283,7.758944988250732,1572610
2020-05-15,8.361581802368164,8.502824783325195,8.267419815063477,8.389830589294434,1030990
2020-05-18,8.917137145996094,9.06779670715332,8.719396591186523,8.728814125061035,1174253
2020-05-19,8.361581802368164,8.950094223022461,8.34274959564209,8.832391738891602,615960
2020-05-20,8.771185874938965,8.785310745239258,8.408662796020508,8.51224136352539,857459
2020-05-21,8.418079376220703,8.785310745239258,8.28625202178955,8.719396591186523,2952148
2020-05-22,8.653484344482422,8.67231559753418,8.239171028137207,8.493409156799316,1204096
2020-05-26,9.18549919128418,9.331450462341309,8.935970306396484,9.001882553100586,2958626
2020-05-27,9.307909965515137,9.4161958694458,9.133709907531738,9.331450462341309,3158813
2020-05-28,9.143125534057617,9.50564956665039,9.086628913879395,9.369114875793457,2062404
2020-05-29,9.03954792022705,9.199623107910156,8.658191680908203,9.030132293701172,2007817
2020-06-01,9.284369468688965,9.369114875793457,9.063089370727539,9.12429428100586,1177121
2020-06-02,9.143125534057617,9.383238792419434,9.030132293701172,9.369114875793457,700389
2020-06-03,9.312618255615234,9.491524696350098,9.133709907531738,9.303201675415039,1753256
2020-06-04,9.4161958694458,9.566855430603027,9.180790901184082,9.227871894836426,1334722
2020-06-05,10.320151329040527,10.536723136901855,9.745762825012207,9.8305082321167,3180159
2020-06-08,10.998117446899414,11.125234603881836,10.517890930175781,10.593219757080078,2317496
2020-06-09,10.423728942871094,10.866290092468262,10.254237174987793,10.762711524963379,1086426
2020-06-10,10.122410774230957,10.423728942871094,10.018832206726074,10.37664794921875,683822
2020-06-11,9.143125534057617,9.863465309143066,9.133709907531738,9.858757019042969,1181263
2020-06-12,9.717514038085938,9.764595031738281,9.322033882141113,9.576271057128906,1027273
2020-06-15,9.693973541259766,9.731637954711914,9.237288475036621,9.237288475036621,804996
2020-06-16,9.717514038085938,10.209980964660645,9.665724754333496,10.178908348083496,1106923
2020-06-17,9.209039688110352,9.726929664611816,9.209039688110352,9.689266204833984,550328
2020-06-18,9.435028076171875,9.538605690002441,9.058380126953125,9.114877700805664,1403114
2020-06-19,9.293785095214844,9.529190063476562,9.2467041015625,9.435028076171875,1794249
2020-06-22,9.218456268310547,9.293785095214844,9.114877700805664,9.293785095214844,633271
2020-06-23,9.359699249267578,9.39736270904541,9.138418197631836,9.378531455993652,1069859
2020-06-24,8.794727325439453,9.218456268310547,8.568737983703613,9.218456268310547,1751238
2020-06-25,8.88888931274414,8.88888931274414,8.531072616577148,8.709980964660645,918736
2020-06-26,8.474575996398926,8.831450462341309,8.380414009094238,8.766477584838867,1924875
2020-06-29,8.757061958312988,8.757061958312988,8.446328163146973,8.634652137756348,805208
2020-06-30,8.88888931274414,8.926553726196289,8.549905776977539,8.700565338134766,833351
2020-07-01,9.03954792022705,9.199623107910156,8.855932235717773,8.907720565795898,717275
2020-07-02,8.634652137756348,9.340866088867188,8.61111068725586,9.312618255615234,986173
2020-07-06,9.65160083770752,9.661017417907715,8.738229751586914,8.832391738891602,1794886
2020-07-07,8.757061958312988,9.557438850402832,8.681733131408691,9.538605690002441,1425416
2020-07-08,9.03954792022705,9.04896354675293,8.69114875793457,8.766477584838867,683716
2020-07-09,8.813558578491211,9.190206527709961,8.75235366821289,9.03954792022705,719824
2020-07-10,9.143125534057617,9.18549919128418,8.728814125061035,8.804142951965332,635288
2020-07-13,8.879472732543945,9.322033882141113,8.860639572143555,9.256120681762695,1165439
2020-07-14,8.681733131408691,8.983051300048828,8.531072616577148,8.87005615234375,1865509
2020-07-15,8.935970306396484,9.086628913879395,8.804142951965332,8.954801559448242,1569636
2020-07-16,8.841808319091797,8.89830493927002,8.724104881286621,8.88888931274414,564878
2020-07-17,9.114877700805664,9.18549919128418,8.728814125061035,8.804142951965332,1031096
2020-07-20,8.945385932922363,9.105461120605469,8.846515655517578,9.04896354675293,1742317
2020-07-21,8.87005615234375,9.218456268310547,8.841808319091797,9.086628913879395,822731
2020-07-22,8.964218139648438,9.110169410705566,8.738229751586914,8.794727325439453,675538
2020-07-23,8.88888931274414,8.945385932922363,8.775895118713379,8.935970306396484,862981
2020-07-24,8.681733131408691,8.917137145996094,8.60169506072998,8.879472732543945,644209
2020-07-27,8.606403350830078,8.74764633178711,8.436910629272461,8.67231559753418,580489
2020-07-28,8.644067764282227,8.799434661865234,8.549905776977539,8.549905776977539,546718
2020-07-29,8.89830493927002,8.907720565795898,8.531072616577148,8.709980964660645,697415
2020-07-30,9.39736270904541,9.425612449645996,8.74764633178711,8.74764633178711,1248275
2020-07-31,9.632767677307129,9.952919006347656,9.209039688110352,9.303201675415039,1709289
2020-08-03,9.708098411560059,9.783427238464355,9.180790901184082,9.670433044433594,1247850
2020-08-04,9.726929664611816,10.15065860748291,9.425612449645996,9.708098411560059,732461
2020-08-05,9.858757019042969,9.981167793273926,9.708098411560059,9.952919006347656,534080
2020-08-06,8.333333015441895,9.679848670959473,8.333333015441895,9.576271057128906,2439839
2020-08-07,8.719396591186523,8.785310745239258,8.28625202178955,8.408662796020508,2446105
2020-08-10,9.293785095214844,9.378531455993652,8.738229751586914,8.738229751586914,1434125
2020-08-11,9.322033882141113,9.698681831359863,9.279661178588867,9.406780242919922,1025786
2020-08-12,9.595104217529297,9.77401065826416,9.4161958694458,9.4161958694458,817315
2020-08-13,8.973634719848633,9.64218521118164,8.940677642822266,9.585686683654785,713452
2020-08-14,9.077213287353516,9.256120681762695,8.775895118713379,8.973634719848633,443597
2020-08-17,8.775895118713379,9.133709907531738,8.766477584838867,9.133709907531738,411737
2020-08-18,8.907720565795898,8.935970306396484,8.568737983703613,8.719396591186523,992439
2020-08-19,8.700565338134766,8.983051300048828,8.677023887634277,8.860639572143555,528239
2020-08-20,8.709980964660645,8.794727325439453,8.418079376220703,8.578153610229492,867123
2020-08-21,8.389830589294434,8.69114875793457,8.34274959564209,8.69114875793457,996793
2020-08-24,8.625234603881836,8.67231559753418,8.298493385314941,8.427495002746582,560099
2020-08-25,9.077213287353516,9.138418197631836,8.625234603881836,8.644067764282227,1370723
2020-08-26,8.973634719848633,9.03954792022705,8.75235366821289,8.992466926574707,1069965
2020-08-27,9.152542114257812,9.227871894836426,8.917137145996094,9.001882553100586,1125826
2020-08-28,9.340866088867188,9.35499095916748,9.096044540405273,9.133709907531738,1049999
2020-08-31,8.983051300048828,9.331450462341309,8.973634719848633,9.303201675415039,897602
2020-09-01,8.851223945617676,8.992466926574707,8.709980964660645,8.907720565795898,1289693
2020-09-02,9.26553726196289,9.293785095214844,8.832391738891602,8.851223945617676,654511
2020-09-03,9.12429428100586,9.576271057128906,9.020715713500977,9.27495288848877,1091948
2020-09-04,9.209039688110352,9.387947082519531,8.855932235717773,9.322033882141113,624881
2020-09-08,8.879472732543945,9.086628913879395,8.742938041687012,9.06779670715332,1339501
2020-09-09,9.133709907531738,9.161958694458008,8.841808319091797,8.954801559448242,939233
2020-09-10,8.766477584838867,9.218456268310547,8.69114875793457,9.12429428100586,2430493
2020-09-11,8.770000457763672,8.989999771118164,8.5,8.989999771118164,1558800
2020-09-14,8.600000381469727,9.050000190734863,8.600000381469727,8.979999542236328,1163700
2020-09-15,8.279999732971191,8.65999984741211,8.210000038146973,8.65999984741211,1571300
2020-09-16,8.020000457763672,8.449999809265137,8.010000228881836,8.449999809265137,2451200
2020-09-17,7.800000190734863,8.0,7.695000171661377,8.0,3505700
2020-09-18,8.229999542236328,8.25,7.789999961853027,7.980000019073486,5979600
2020-09-21,8.100000381469727,8.15999984741211,7.960000038146973,8.149999618530273,1984700
2020-09-22,7.949999809265137,8.199999809265137,7.78000020980835,8.050000190734863,1743100
2020-09-23,7.519999980926514,8.09000015258789,7.519999980926514,7.920000076293945,2426500
2020-09-24,7.670000076293945,7.840000152587891,7.4679999351501465,7.53000020980835,2484200
2020-09-25,7.75,7.789999961853027,7.465000152587891,7.619999885559082,2230000
2020-09-28,8.279999732971191,8.40999984741211,7.809999942779541,8.0,2691700
2020-09-29,8.25,8.510000228881836,8.020000457763672,8.220000267028809,1397900
2020-09-30,8.140000343322754,8.274999618530273,8.020000457763672,8.220000267028809,3663500
2020-10-01,8.729999542236328,8.75,8.15999984741211,8.15999984741211,2690100
2020-10-02,8.84000015258789,8.859999656677246,8.359999656677246,8.510000228881836,2376700
2020-10-05,9.140000343322754,9.154999732971191,8.84000015258789,8.920000076293945,1412500
2020-10-06,8.75,9.300000190734863,8.704999923706055,9.180000305175781,1737300
2020-10-07,9.029999732971191,9.170000076293945,8.779999732971191,8.890000343322754,1355500
2020-10-08,9.550000190734863,9.5600004196167,9.039999961853027,9.119999885559082,1294500
2020-10-09,10.9399995803833,10.989999771118164,10.050000190734863,10.0600004196167,5088900
2020-10-12,10.9399995803833,10.975000381469727,10.569999694824219,10.869999885559082,2064800
2020-10-13,10.649999618530273,10.9399995803833,10.645000457763672,10.890000343322754,1384600
2020-10-14,10.550000190734863,10.869999885559082,10.470000267028809,10.65999984741211,1106500
2020-10-15,10.260000228881836,10.505000114440918,10.119999885559082,10.4399995803833,1298200
2020-10-16,10.09000015258789,10.359999656677246,10.0600004196167,10.229999542236328,536100
2020-10-19,10.199999809265137,10.295000076293945,10.079999923706055,10.149999618530273,738800
2020-10-20,10.479999542236328,10.526000022888184,10.1899995803833,10.34000015258789,814900
2020-10-21,10.5,10.59000015258789,10.319999694824219,10.5,775800
2020-10-22,10.539999961853027,10.710000038146973,10.470000267028809,10.569999694824219,549900
2020-10-23,10.520000457763672,10.630000114440918,10.46500015258789,10.600000381469727,559400
2020-10-26,10.260000228881836,10.420000076293945,10.079999923706055,10.40999984741211,936000
2020-10-27,10.199999809265137,10.270000457763672,10.029999732971191,10.270000457763672,881100
2020-10-28,9.75,10.0600004196167,9.600000381469727,9.9399995803833,1865900
2020-10-29,9.770000457763672,9.845000267028809,9.529999732971191,9.699999809265137,651700
2020-10-30,9.720000267028809,9.859999656677246,9.5600004196167,9.729999542236328,1200200
2020-11-02,9.800000190734863,10.0,9.720000267028809,9.960000038146973,896500
2020-11-03,10.369999885559082,10.444999694824219,9.819999694824219,9.970000267028809,831800
2020-11-04,10.029999732971191,10.34000015258789,9.979999542236328,10.25,812900
2020-11-05,10.229999542236328,10.369999885559082,9.5,9.510000228881836,1201900
2020-11-06,9.84000015258789,10.319999694824219,9.720000267028809,10.25,1404000
2020-11-09,10.890000343322754,11.170000076293945,10.359999656677246,10.390000343322754,1931000
2020-11-10,11.279999732971191,11.40999984741211,10.819999694824219,11.050000190734863,1813200
2020-11-11,11.399999618530273,11.420000076293945,11.180000305175781,11.390000343322754,803000
2020-11-12,11.329999923706055,11.46500015258789,10.819999694824219,11.220000267028809,989200
2020-11-13,11.600000381469727,11.6899995803833,11.402999877929688,11.520000457763672,672900
2020-11-16,11.720000267028809,11.930000305175781,11.539999961853027,11.859999656677246,944300
2020-11-17,11.9399995803833,11.960000038146973,11.5,11.699999809265137,795000
2020-11-18,11.930000305175781,12.369999885559082,11.90999984741211,12.0,765300
2020-11-19,11.869999885559082,11.989999771118164,11.661999702453613,11.859999656677246,462900
2020-11-20,11.729999542236328,11.880000114440918,11.609999656677246,11.699999809265137,512700
2020-11-23,12.029999732971191,12.170000076293945,11.789999961853027,11.920000076293945,717800
2020-11-24,12.520000457763672,12.779999732971191,12.109999656677246,12.279999732971191,1129200
2020-11-25,11.989999771118164,12.454999923706055,11.850000381469727,12.40999984741211,1083600
2020-11-27,11.720000267028809,12.0600004196167,11.529999732971191,11.920000076293945,472600
2020-11-30,11.3100004196167,11.960000038146973,11.220000267028809,11.720000267028809,1279200
2020-12-01,11.350000381469727,11.505999565124512,11.289999961853027,11.489999771118164,1033400
2020-12-02,11.430000305175781,11.460000038146973,11.15999984741211,11.34000015258789,687300
2020-12-03,11.359999656677246,11.654999732971191,11.329999923706055,11.4399995803833,1211600
2020-12-04,11.619999885559082,11.800000190734863,11.390000343322754,11.520000457763672,697500
2020-12-07,11.40999984741211,11.720000267028809,11.380000114440918,11.670000076293945,469600
2020-12-08,11.444999694824219,11.529999732971191,11.229999542236328,11.3100004196167,839400
2020-12-09,11.34000015258789,11.829999923706055,11.25,11.489999771118164,882400
2020-12-10,11.6899995803833,11.899999618530273,10.960000038146973,11.300000190734863,1160400
2020-12-11,11.430000305175781,11.729999542236328,11.21500015258789,11.619999885559082,979300
2020-12-14,11.569999694824219,12.300000190734863,11.430000305175781,11.539999961853027,781700
2020-12-15,11.819999694824219,11.850000381469727,11.359999656677246,11.680000305175781,807900
2020-12-16,11.579999923706055,12.0,11.5,11.859999656677246,422600
2020-12-17,11.680000305175781,11.680000305175781,11.5,11.619999885559082,606100
2020-12-18,11.479999542236328,11.819999694824219,11.470000267028809,11.720000267028809,1721000
2020-12-21,11.069999694824219,11.329999923706055,10.920000076293945,11.170000076293945,1238100
2020-12-22,10.920000076293945,11.109999656677246,10.720000267028809,11.109999656677246,701000
2020-12-23,11.274999618530273,11.319999694824219,10.75,10.850000381469727,655200
2020-12-24,11.239999771118164,11.350000381469727,11.180000305175781,11.289999961853027,176500
2020-12-28,11.270000457763672,11.489999771118164,11.229999542236328,11.430000305175781,449300
2020-12-29,11.15999984741211,11.319999694824219,11.039999961853027,11.3100004196167,469600
2020-12-30,11.079999923706055,11.199999809265137,10.9399995803833,11.15999984741211,530000
2020-12-31,11.09000015258789,11.270000457763672,10.899999618530273,11.079999923706055,811100
2021-01-04,11.100000381469727,11.380000114440918,10.914999961853027,11.210000038146973,755600
2021-01-05,11.109999656677246,11.199999809265137,10.84000015258789,11.0600004196167,664900
2021-01-06,11.760000228881836,12.059000015258789,11.1899995803833,11.289999961853027,1033300
2021-01-07,12.069999694824219,12.210000038146973,11.699999809265137,11.859999656677246,739400
2021-01-08,11.5,12.123000144958496,11.489999771118164,12.09000015258789,1054900
2021-01-11,11.079999923706055,11.359999656677246,10.979999542236328,11.289999961853027,495800
2021-01-12,11.350000381469727,11.449999809265137,10.890000343322754,11.069999694824219,825800
2021-01-13,11.289999961853027,11.539999961853027,11.100000381469727,11.289999961853027,567600
2021-01-14,11.170000076293945,11.5,11.130000114440918,11.319999694824219,688300
2021-01-15,11.140000343322754,11.279999732971191,10.845000267028809,11.079999923706055,749000
2021-01-19,11.09000015258789,11.3100004196167,10.930000305175781,11.3100004196167,709800
2021-01-20,10.920000076293945,11.229999542236328,10.920000076293945,11.15999984741211,438700
2021-01-21,10.6899995803833,11.0,10.680000305175781,11.0,550300
2021-01-22,10.720000267028809,10.729999542236328,10.319999694824219,10.593999862670898,736200
2021-01-25,10.6850004196167,10.885000228881836,10.430000305175781,10.59000015258789,875600
2021-01-26,10.630000114440918,10.920000076293945,10.5649995803833,10.899999618530273,510900
2021-01-27,10.180000305175781,10.520000457763672,10.09000015258789,10.449999809265137,1225700
2021-01-28,10.220000267028809,10.380000114440918,10.069999694824219,10.380000114440918,1446800
2021-01-29,9.890000343322754,10.1899995803833,9.75,10.170000076293945,1120000
2021-02-01,9.960000038146973,10.100000381469727,9.739999771118164,10.050000190734863,1182700
2021-02-02,10.069999694824219,10.149999618530273,9.819999694824219,9.960000038146973,683400
2021-02-03,10.244999885559082,10.350000381469727,9.949999809265137,10.170000076293945,677400
2021-02-04,10.529999732971191,10.529999732971191,10.15999984741211,10.25,1009300
2021-02-05,10.9399995803833,10.9399995803833,10.470000267028809,10.65999984741211,1189000
2021-02-08,11.859999656677246,11.880000114440918,10.90999984741211,11.029999732971191,1525200
2021-02-09,11.494999885559082,11.8100004196167,11.300000190734863,11.779999732971191,1189700
2021-02-10,11.4399995803833,11.670000076293945,11.420000076293945,11.539999961853027,730000
2021-02-11,11.529999732971191,11.640000343322754,11.210000038146973,11.354999542236328,685800
2021-02-12,11.399999618530273,11.600000381469727,11.380000114440918,11.5,723200
2021-02-16,11.619999885559082,11.75,11.40999984741211,11.40999984741211,844200
2021-02-17,11.829999923706055,11.954999923706055,11.5,11.600000381469727,837700
2021-02-18,11.489999771118164,11.9399995803833,11.449999809265137,11.739999771118164,618800
2021-02-19,11.479999542236328,11.600000381469727,11.369999885559082,11.489999771118164,566600
2021-02-22,11.569999694824219,11.697999954223633,11.270000457763672,11.420000076293945,683300
2021-02-23,11.449999809265137,11.619999885559082,11.25,11.529999732971191,714000
2021-02-24,11.180000305175781,11.670000076293945,11.149999618530273,11.529999732971191,864000
2021-02-25,10.739999771118164,11.300000190734863,10.59000015258789,11.109999656677246,875400
2021-02-26,10.960000038146973,11.1899995803833,10.609999656677246,10.84000015258789,1024400
2021-03-01,12.475000381469727,12.489999771118164,11.130000114440918,11.229999542236328,1096000
2021-03-02,12.524999618530273,12.90999984741211,12.210000038146973,12.40999984741211,875500
2021-03-03,12.979999542236328,13.149999618530273,12.430000305175781,12.539999961853027,785900
2021-03-04,12.654999732971191,13.229999542236328,12.600000381469727,13.0,978700
2021-03-05,12.979999542236328,13.350000381469727,12.645000457763672,12.829999923706055,975300
2021-03-08,13.420000076293945,13.5600004196167,12.739999771118164,13.010000228881836,1274100
2021-03-09,13.579999923706055,13.899999618530273,13.119999885559082,13.539999961853027,918100
2021-03-10,14.3100004196167,14.5,13.59000015258789,13.706999778747559,1141200
2021-03-11,13.880000114440918,14.399999618530273,13.800000190734863,14.3100004196167,959100
2021-03-12,14.550000190734863,14.574999809265137,13.920000076293945,14.0600004196167,789100
2021-03-15,14.5,14.930000305175781,14.34000015258789,14.520000457763672,586000
2021-03-16,14.100000381469727,14.420000076293945,13.970000267028809,14.210000038146973,838700
2021-03-17,14.539999961853027,14.609999656677246,13.800000190734863,13.970000267028809,680800
2021-03-18,14.104999542236328,14.649999618530273,14.039999961853027,14.350000381469727,945600
2021-03-19,14.4399995803833,14.635000228881836,13.850000381469727,14.149999618530273,2213400
2021-03-22,14.470000267028809,14.5649995803833,13.479999542236328,14.350000381469727,429500
2021-03-23,13.9399995803833,14.539999961853027,13.5,14.260000228881836,1127200
2021-03-24,13.579999923706055,14.359999656677246,13.550000190734863,14.050000190734863,464600
2021-03-25,13.75,13.800000190734863,13.260000228881836,13.5600004196167,354100
2021-03-26,13.670000076293945,14.239999771118164,13.479999542236328,14.0,527100
2021-03-29,13.260000228881836,13.630000114440918,13.125,13.600000381469727,595200
2021-03-30,13.229999542236328,13.59000015258789,13.149999618530273,13.199999809265137,657000
2021-03-31,12.979999542236328,13.529999732971191,12.979999542236328,13.210000038146973,950000
2021-04-01,13.369999885559082,13.380000114440918,12.859999656677246,12.920000076293945,585800
2021-04-05,13.489999771118164,13.670000076293945,13.34000015258789,13.520000457763672,443900
2021-04-06,13.75,13.8100004196167,13.395000457763672,13.430000305175781,474500
2021-04-07,13.795000076293945,13.970000267028809,13.710000038146973,13.789999961853027,445900
2021-04-08,14.020000457763672,14.069999694824219,13.5600004196167,13.789999961853027,545400
2021-04-09,14.050000190734863,14.140000343322754,13.800000190734863,13.960000038146973,469500
2021-04-12,13.944999694824219,14.199999809265137,13.869999885559082,14.199999809265137,540500
2021-04-13,13.755000114440918,14.039999961853027,13.640000343322754,13.84000015258789,523600
2021-04-14,13.90999984741211,14.170000076293945,13.270000457763672,13.75,399900
2021-04-15,14.010000228881836,14.199999809265137,13.920000076293945,14.069999694824219,500700
2021-04-16,14.0,14.140000343322754,13.859999656677246,14.130000114440918,652100
2021-04-19,13.699999809265137,14.109999656677246,13.430000305175781,13.890000343322754,679100
2021-04-20,13.90999984741211,13.90999984741211,13.460000038146973,13.569999694824219,728500
2021-04-21,13.9399995803833,14.170000076293945,13.800000190734863,13.800000190734863,509800
2021-04-22,13.789999961853027,14.050000190734863,13.739999771118164,13.989999771118164,517800
2021-04-23,14.039999961853027,14.175000190734863,13.729999542236328,13.850000381469727,511500
2021-04-26,14.149999618530273,14.420000076293945,14.069999694824219,14.260000228881836,362500
2021-04-27,13.84000015258789,14.199999809265137,13.729999542236328,14.149999618530273,406800
2021-04-28,13.890000343322754,14.020000457763672,13.3100004196167,13.890000343322754,619500
2021-04-29,14.0649995803833,14.199999809265137,13.890000343322754,14.069999694824219,400800
2021-04-30,13.949999809265137,14.140000343322754,13.829999923706055,13.920000076293945,543700
2021-05-03,14.300000190734863,14.329999923706055,14.026000022888184,14.079999923706055,541200
2021-05-04,14.21500015258789,14.300000190734863,13.90999984741211,14.300000190734863,533500
2021-05-05,14.399999618530273,14.4350004196167,13.630000114440918,13.890000343322754,500200
2021-05-06,14.609999656677246,14.899999618530273,14.0,14.34000015258789,858800
2021-05-07,14.630000114440918,14.640000343322754,13.880000114440918,14.510000228881836,672600
2021-05-10,14.119999885559082,14.899999618530273,14.0649995803833,14.710000038146973,556600
2021-05-11,13.9399995803833,14.130000114440918,13.569999694824219,13.84000015258789,538700
2021-05-12,13.699999809265137,13.979999542236328,13.680000305175781,13.869999885559082,760400
2021-05-13,14.020000457763672,14.130000114440918,13.699999809265137,13.699999809265137,357600
2021-05-14,14.420000076293945,14.449999809265137,14.09000015258789,14.119999885559082,424500
2021-05-17,14.170000076293945,14.479999542236328,14.079999923706055,14.390000343322754,532300
2021-05-18,13.899999618530273,14.300000190734863,13.880000114440918,14.170000076293945,599800
2021-05-19,13.539999961853027,13.925000190734863,13.430000305175781,13.710000038146973,455100
2021-05-20,13.890000343322754,13.949999809265137,13.279999732971191,13.550000190734863,508300
2021-05-21,13.899999618530273,14.210000038146973,13.845000267028809,14.100000381469727,312100
2021-05-24,14.079999923706055,14.140000343322754,13.680000305175781,13.90999984741211,433000
2021-05-25,14.039999961853027,14.449999809265137,13.984999656677246,14.130000114440918,990700
2021-05-26,14.59000015258789,14.640000343322754,14.010000228881836,14.100000381469727,564100
2021-05-27,14.430000305175781,14.75,14.40999984741211,14.640000343322754,594400
2021-05-28,14.380000114440918,14.529999732971191,13.600000381469727,13.600000381469727,332300
2021-06-01,14.770000457763672,14.819999694824219,14.3100004196167,14.380000114440918,480700
2021-06-02,14.449999809265137,14.899999618530273,14.420000076293945,14.640000343322754,500700
2021-06-03,14.40999984741211,14.520000457763672,14.130000114440918,14.449999809265137,401200
2021-06-04,14.640000343322754,14.789999961853027,14.34000015258789,14.510000228881836,363700
2021-06-07,14.510000228881836,14.954999923706055,14.460000038146973,14.65999984741211,528900
2021-06-08,14.029999732971191,14.520000457763672,14.020000457763672,14.520000457763672,557400
2021-06-09,13.760000228881836,14.119999885559082,13.75,14.050000190734863,722100
2021-06-10,14.1899995803833,14.300000190734863,13.779999732971191,13.779999732971191,592000
2021-06-11,14.050000190734863,14.390000343322754,14.029999732971191,14.260000228881836,305300
2021-06-14,14.069999694824219,14.116000175476074,13.899999618530273,14.100000381469727,328200
2021-06-15,14.199999809265137,14.28499984741211,13.979999542236328,14.130000114440918,410200
2021-06-16,14.270000457763672,14.34000015258789,14.020000457763672,14.229999542236328,521400
2021-06-17,14.369999885559082,14.640000343322754,14.147000312805176,14.229999542236328,996500
2021-06-18,14.1899995803833,14.460000038146973,13.970000267028809,14.210000038146973,2971300
2021-06-21,14.289999961853027,14.3100004196167,14.09000015258789,14.229999542236328,373500
2021-06-22,14.34000015258789,14.380000114440918,14.0600004196167,14.300000190734863,338700
2021-06-23,14.319999694824219,14.489999771118164,14.220000267028809,14.34000015258789,421000
2021-06-24,14.5600004196167,14.59000015258789,14.279999732971191,14.40999984741211,369100
2021-06-25,14.739999771118164,14.869999885559082,14.53499984741211,14.5600004196167,1536400
2021-06-28,14.350000381469727,14.800000190734863,14.199999809265137,14.760000228881836,518300
2021-06-29,14.119999885559082,14.59000015258789,14.109999656677246,14.390000343322754,315600
2021-06-30,14.100000381469727,14.23799991607666,13.960000038146973,14.069999694824219,461300
2021-07-01,14.1899995803833,14.319999694824219,14.069999694824219,14.180000305175781,381500
2021-07-02,13.899999618530273,14.229999542236328,13.760000228881836,14.15999984741211,421000
2021-07-06,13.6899995803833,13.979999542236328,13.59000015258789,13.979999542236328,637200
2021-07-07,13.479999542236328,13.8100004196167,13.460000038146973,13.640000343322754,482400
2021-07-08,13.260000228881836,13.449999809265137,13.109999656677246,13.180000305175781,575400
2021-07-09,14.0,14.010000228881836,13.199999809265137,13.199999809265137,520900
2021-07-12,14.3100004196167,14.329999923706055,13.859999656677246,13.960000038146973,889500
2021-07-13,14.109999656677246,14.359999656677246,13.970000267028809,14.3100004196167,446900
2021-07-14,13.979999542236328,14.279999732971191,13.90999984741211,14.140000343322754,440900
2021-07-15,13.800000190734863,14.029999732971191,13.765000343322754,13.920000076293945,298100
2021-07-16,13.569999694824219,13.960000038146973,13.569999694824219,13.960000038146973,445100
2021-07-19,13.109999656677246,13.479999542236328,12.970000267028809,13.020000457763672,718400
2021-07-20,13.970000267028809,14.0600004196167,13.039999961853027,13.119999885559082,1278000
2021-07-21,14.15999984741211,14.449999809265137,14.100000381469727,14.100000381469727,506700
2021-07-22,14.100000381469727,14.149999618530273,13.899999618530273,13.96500015258789,513700
2021-07-23,14.229999542236328,14.279999732971191,14.039999961853027,14.1899995803833,333700
2021-07-26,14.229999542236328,14.420000076293945,14.029999732971191,14.3100004196167,516300
2021-07-27,14.069999694824219,14.210000038146973,13.869999885559082,14.09000015258789,585800
2021-07-28,14.199999809265137,14.3100004196167,13.880000114440918,14.130000114440918,572700
2021-07-29,13.920000076293945,14.399999618530273,13.920000076293945,14.289999961853027,381300
2021-07-30,13.829999923706055,14.119999885559082,13.670000076293945,13.920000076293945,428900
2021-08-02,13.449999809265137,14.09000015258789,13.420000076293945,13.930000305175781,463900
2021-08-03,13.4399995803833,13.640000343322754,13.140000343322754,13.550000190734863,352700
2021-08-04,13.09000015258789,13.4399995803833,13.079999923706055,13.260000228881836,462500
2021-08-05,14.529999732971191,14.774999618530273,13.180000305175781,13.3100004196167,1371000
2021-08-06,14.149999618530273,14.694999694824219,14.130000114440918,14.609999656677246,502300
2021-08-09,13.859999656677246,14.399999618530273,13.854999542236328,14.170000076293945,398900
2021-08-10,13.75,13.9399995803833,13.630000114440918,13.84000015258789,311800
2021-08-11,13.90999984741211,13.954999923706055,13.609999656677246,13.789999961853027,347500
2021-08-12,13.770000457763672,13.880000114440918,13.609999656677246,13.84000015258789,266900
2021-08-13,13.5600004196167,13.829999923706055,13.510000228881836,13.829999923706055,301900
2021-08-16,13.40999984741211,13.609999656677246,13.305000305175781,13.40999984741211,343000
2021-08-17,13.130000114440918,13.414999961853027,13.069999694824219,13.220000267028809,615500
2021-08-18,13.359999656677246,13.529999732971191,13.050000190734863,13.109999656677246,694200
2021-08-19,12.899999618530273,13.300000190734863,12.829999923706055,13.229999542236328,748800
2021-08-20,13.8100004196167,13.829999923706055,12.8149995803833,12.84000015258789,1020100
2021-08-23,14.119999885559082,14.260000228881836,13.899999618530273,13.930000305175781,644700
2021-08-24,14.300000190734863,14.470000267028809,13.880000114440918,14.0,511400
2021-08-25,14.59000015258789,14.609999656677246,14.100000381469727,14.289999961853027,722900
2021-08-26,14.5,14.725000381469727,14.380000114440918,14.510000228881836,718600
2021-08-27,14.550000190734863,14.9399995803833,14.479999542236328,14.609999656677246,543300
2021-08-30,14.359999656677246,14.59000015258789,14.329999923706055,14.5600004196167,800700
2021-08-31,14.390000343322754,14.569999694824219,14.289999961853027,14.460000038146973,461700
2021-09-01,14.359999656677246,14.529999732971191,14.3100004196167,14.40999984741211,325400
2021-09-02,14.420000076293945,14.550000190734863,14.34000015258789,14.4399995803833,336500
2021-09-03,14.350000381469727,14.619999885559082,14.279999732971191,14.520000457763672,430900
2021-09-07,14.020000457763672,14.390000343322754,14.0,14.289999961853027,595800
2021-09-08,14.050000190734863,14.199999809265137,13.739999771118164,13.949999809265137,573000
2021-09-09,13.65999984741211,13.979999542236328,13.649999618530273,13.979999542236328,495100
2021-09-10,13.430000305175781,13.8100004196167,13.390000343322754,13.8100004196167,531800
2021-09-13,13.729999542236328,13.770000457763672,13.40999984741211,13.550000190734863,620500
2021-09-14,13.300000190734863,13.859999656677246,13.239999771118164,13.859999656677246,2036700
2021-09-15,13.050000190734863,13.630000114440918,12.789999961853027,13.359999656677246,1001800
2021-09-16,12.90999984741211,13.164999961853027,12.800000190734863,13.09000015258789,689600
2021-09-17,12.710000038146973,13.079999923706055,12.640000343322754,12.819999694824219,3433100
2021-09-20,12.359999656677246,12.9399995803833,12.15999984741211,12.420000076293945,902500
2021-09-21,12.239999771118164,12.5600004196167,12.210000038146973,12.460000038146973,600800
2021-09-22,12.449999809265137,12.609999656677246,12.279999732971191,12.289999961853027,715200
2021-09-23,12.65999984741211,12.71500015258789,12.430000305175781,12.5,521800
2021-09-24,12.489999771118164,12.600000381469727,12.380000114440918,12.539999961853027,568100
2021-09-27,12.670000076293945,12.930000305175781,12.489999771118164,12.520000457763672,463500
2021-09-28,12.399999618530273,12.90999984741211,12.380000114440918,12.65999984741211,590900
2021-09-29,12.859999656677246,12.899999618530273,12.324999809265137,12.5,751700
2021-09-30,13.119999885559082,13.154999732971191,12.819999694824219,12.90999984741211,647300
2021-10-01,13.170000076293945,13.329999923706055,12.954999923706055,13.199999809265137,626700
2021-10-04,13.140000343322754,13.350000381469727,12.850000381469727,13.100000381469727,560000
2021-10-05,13.239999771118164,13.380000114440918,12.975000381469727,13.220000267028809,308500
2021-10-06,12.880000114440918,13.180000305175781,12.770000457763672,13.149999618530273,577800
2021-10-07,12.789999961853027,13.079999923706055,12.739999771118164,12.979999542236328,663800
2021-10-08,12.579999923706055,12.949999809265137,12.569999694824219,12.859999656677246,390100
2021-10-11,12.489999771118164,12.710000038146973,12.479999542236328,12.569999694824219,355100
2021-10-12,12.529999732971191,12.604999542236328,12.369999885559082,12.529999732971191,495400
2021-10-13,12.40999984741211,12.630000114440918,12.359999656677246,12.600000381469727,273800
2021-10-14,12.869999885559082,12.90999984741211,12.449999809265137,12.539999961853027,1083500
2021-10-15,12.779999732971191,13.239999771118164,12.779999732971191,13.130000114440918,535100
2021-10-18,12.449999809265137,12.875,12.380000114440918,12.779999732971191,364700
2021-10-19,12.350000381469727,12.729999542236328,12.239999771118164,12.550000190734863,645000
2021-10-20,12.619999885559082,12.800000190734863,12.350000381469727,12.369999885559082,487800
2021-10-21,12.279999732971191,12.6850004196167,12.260000228881836,12.630000114440918,267500
2021-10-22,12.260000228881836,12.510000228881836,12.220000267028809,12.289999961853027,455500
2021-10-25,12.170000076293945,12.359999656677246,12.119999885559082,12.270000457763672,392000
2021-10-26,11.970000267028809,12.210000038146973,11.944999694824219,12.180000305175781,530300
2021-10-27,12.180000305175781,12.244999885559082,11.800000190734863,11.9399995803833,857200
2021-10-28,12.140000343322754,12.279999732971191,12.069999694824219,12.199999809265137,895300
2021-10-29,12.029999732971191,12.229999542236328,11.899999618530273,12.069999694824219,820800
2021-11-01,12.850000381469727,12.890000343322754,12.100000381469727,12.15999984741211,821700
2021-11-02,12.739999771118164,13.010000228881836,12.65999984741211,12.819999694824219,855200
2021-11-03,13.029999732971191,13.130000114440918,12.25,12.829999923706055,882100
2021-11-04,13.0600004196167,13.279999732971191,12.9399995803833,13.279999732971191,681400
2021-11-05,13.359999656677246,13.630000114440918,12.960000038146973,13.279999732971191,866800
2021-11-08,13.1899995803833,13.579999923706055,13.130000114440918,13.399999618530273,308700
2021-11-09,13.15999984741211,13.329999923706055,13.079999923706055,13.220000267028809,585600
2021-11-10,13.229999542236328,13.399999618530273,13.15999984741211,13.15999984741211,442200
2021-11-11,13.300000190734863,13.4399995803833,13.204999923706055,13.229999542236328,511100
2021-11-12,13.460000038146973,13.489999771118164,13.335000038146973,13.359999656677246,460300
2021-11-15,13.270000457763672,13.880000114440918,13.210000038146973,13.479999542236328,713400
2021-11-16,12.869999885559082,13.295000076293945,12.819999694824219,13.289999961853027,720600
2021-11-17,12.59000015258789,13.0600004196167,12.520000457763672,13.0,1545300
2021-11-18,12.180000305175781,12.649999618530273,12.010000228881836,12.630000114440918,1104000
2021-11-19,12.220000267028809,12.279999732971191,12.039999961853027,12.130000114440918,653300
2021-11-22,12.149999618530273,12.550000190734863,12.130000114440918,12.329999923706055,760000
2021-11-23,12.329999923706055,12.364999771118164,12.029999732971191,12.1899995803833,1036500
2021-11-24,12.220000267028809,12.289999961853027,12.140000343322754,12.220000267028809,480400
2021-11-26,11.449999809265137,11.899999618530273,11.1899995803833,11.800000190734863,844600
2021-11-29,11.369999885559082,11.609999656677246,11.300000190734863,11.579999923706055,927600
2021-11-30,11.239999771118164,11.350000381469727,10.744999885559082,11.210000038146973,1770200
2021-12-01,11.0,11.850000381469727,10.979999542236328,11.529999732971191,1466900
2021-12-02,11.300000190734863,11.3100004196167,11.079999923706055,11.079999923706055,807300
2021-12-03,11.149999618530273,11.520000457763672,11.079999923706055,11.40999984741211,931500
2021-12-06,11.850000381469727,12.029999732971191,11.220000267028809,11.319999694824219,829500
2021-12-07,11.5,12.050000190734863,11.454999923706055,12.010000228881836,754700
2021-12-08,11.319999694824219,11.670000076293945,11.295000076293945,11.479999542236328,635600
2021-12-09,11.170000076293945,11.359999656677246,11.109999656677246,11.229999542236328,682400
2021-12-10,11.1899995803833,11.350000381469727,11.109999656677246,11.260000228881836,1454400
2021-12-13,11.050000190734863,11.1899995803833,10.9399995803833,11.149999618530273,868500
2021-12-14,10.930000305175781,11.239999771118164,10.90999984741211,10.989999771118164,748000
2021-12-15,10.890000343322754,11.029999732971191,10.609999656677246,10.979999542236328,983200
2021-12-16,10.760000228881836,11.149999618530273,10.720000267028809,11.039999961853027,1200300
2021-12-17,11.180000305175781,11.239999771118164,10.75,10.829999923706055,2556800
2021-12-20,10.6899995803833,11.050000190734863,10.579999923706055,11.0,1003200
2021-12-21,11.260000228881836,11.46500015258789,10.770000457763672,10.829999923706055,764700
2021-12-22,11.380000114440918,11.46500015258789,11.170000076293945,11.210000038146973,638300
2021-12-23,11.479999542236328,11.574999809265137,11.319999694824219,11.399999618530273,375000
2021-12-27,11.420000076293945,11.529999732971191,11.029999732971191,11.029999732971191,442000
2021-12-28,11.4399995803833,11.5600004196167,11.319999694824219,11.319999694824219,351800
2021-12-29,11.380000114440918,11.479999542236328,11.3100004196167,11.479999542236328,381900
2021-12-30,11.449999809265137,11.65999984741211,11.289999961853027,11.3100004196167,439300
2021-12-31,11.399999618530273,11.5600004196167,11.350000381469727,11.399999618530273,324200
2022-01-03,11.84000015258789,11.885000228881836,11.420000076293945,11.4399995803833,676800
2022-01-04,11.90999984741211,12.145000457763672,11.859999656677246,12.020000457763672,479800
2022-01-05,11.430000305175781,12.09000015258789,11.380000114440918,11.90999984741211,595600
2022-01-06,11.510000228881836,11.699999809265137,11.40999984741211,11.5,421700
2022-01-07,11.5600004196167,11.734999656677246,11.460000038146973,11.734999656677246,528900
2022-01-10,10.989999771118164,11.527999877929688,10.930000305175781,11.489999771118164,1380600
2022-01-11,11.149999618530273,11.21500015258789,10.925000190734863,11.0,620800
2022-01-12,11.100000381469727,11.229999542236328,10.960000038146973,11.140000343322754,1180000
2022-01-13,11.130000114440918,11.229999542236328,10.930000305175781,11.119999885559082,996100
2022-01-14,11.149999618530273,11.220000267028809,10.890000343322754,11.020000457763672,685900
2022-01-18,10.640000343322754,11.140000343322754,10.579999923706055,11.020000457763672,898800
2022-01-19,10.550000190734863,10.78499984741211,10.510000228881836,10.670000076293945,639900
2022-01-20,10.40999984741211,10.739999771118164,10.350000381469727,10.569999694824219,537800
2022-01-21,10.140000343322754,10.550000190734863,10.130000114440918,10.279999732971191,888300
2022-01-24,10.609999656677246,10.640000343322754,9.960000038146973,10.229999542236328,1411100
2022-01-25,10.779999732971191,10.925000190734863,10.300000190734863,10.470000267028809,673500
2022-01-26,10.460000038146973,11.0,10.350000381469727,10.949999809265137,610700
2022-01-27,10.300000190734863,10.680000305175781,10.210000038146973,10.5,562100
2022-01-28,10.5,10.5,10.109999656677246,10.279999732971191,882900
2022-01-31,10.8100004196167,10.829999923706055,10.170000076293945,10.369999885559082,1558200
2022-02-01,10.760000228881836,10.920000076293945,10.550000190734863,10.8100004196167,1372300
2022-02-02,10.350000381469727,10.789999961853027,10.335000038146973,10.739999771118164,898700
2022-02-03,10.4399995803833,10.503000259399414,10.270000457763672,10.300000190734863,679800
2022-02-04,10.479999542236328,10.520000457763672,10.260000228881836,10.359999656677246,886700
2022-02-07,10.59000015258789,10.654999732971191,10.430000305175781,10.510000228881836,897400
2022-02-08,10.869999885559082,10.90999984741211,10.550000190734863,10.619999885559082,3391100
2022-02-09,10.90999984741211,11.079999923706055,10.630000114440918,10.949999809265137,743000
2022-02-10,10.720000267028809,11.010000228881836,10.640000343322754,10.729999542236328,1113800
2022-02-11,11.109999656677246,11.229999542236328,10.729999542236328,10.729999542236328,945500
2022-02-14,11.0,11.239999771118164,10.890000343322754,11.079999923706055,615600
2022-02-15,11.40999984741211,11.449999809265137,10.960000038146973,11.100000381469727,765300
2022-02-16,11.630000114440918,11.65999984741211,11.369999885559082,11.399999618530273,1036600
2022-02-17,11.380000114440918,11.579999923706055,11.359999656677246,11.470000267028809,837800
2022-02-18,11.029999732971191,11.350000381469727,10.970000267028809,11.329999923706055,656900
2022-02-22,10.930000305175781,11.149999618530273,10.859999656677246,10.960000038146973,803000
2022-02-23,10.609999656677246,11.420000076293945,10.579999923706055,10.9399995803833,1176400
2022-02-24,10.300000190734863,10.350000381469727,9.859999656677246,10.279999732971191,1429900
2022-02-25,10.380000114440918,10.694999694824219,10.289999961853027,10.369999885559082,1104200
2022-02-28,10.09000015258789,10.335000038146973,10.010000228881836,10.220000267028809,1205700
2022-03-01,9.65999984741211,10.170000076293945,9.5600004196167,10.130000114440918,1623800
2022-03-02,10.15999984741211,10.234999656677246,9.645000457763672,9.710000038146973,1372200
2022-03-03,9.8100004196167,10.270000457763672,9.774999618530273,10.170000076293945,1190500
2022-03-04,9.739999771118164,9.8100004196167,9.475000381469727,9.699999809265137,1609700
2022-03-07,9.109999656677246,9.720000267028809,9.055000305175781,9.720000267028809,1948600
2022-03-08,9.350000381469727,9.6850004196167,9.09000015258789,9.180000305175781,1277000
2022-03-09,9.949999809265137,10.029999732971191,9.40999984741211,9.550000190734863,1303500
2022-03-10,9.699999809265137,9.949999809265137,9.484999656677246,9.850000381469727,1815600
2022-03-11,9.630000114440918,9.960000038146973,9.619999885559082,9.829999923706055,700100
2022-03-14,9.479999542236328,9.779999732971191,9.4399995803833,9.539999961853027,652000
2022-03-15,9.619999885559082,9.800000190734863,9.470000267028809,9.470000267028809,1431100
2022-03-16,9.75,9.869999885559082,9.289999961853027,9.569999694824219,2715900
2022-03-17,9.789999961853027,9.8100004196167,9.59000015258789,9.8100004196167,1026700
2022-03-18,9.8100004196167,9.819999694824219,9.5600004196167,9.789999961853027,2252400
2022-03-21,9.869999885559082,9.989999771118164,9.800000190734863,9.899999618530273,1060700
2022-03-22,10.100000381469727,10.180000305175781,9.890000343322754,9.90999984741211,1454400
2022-03-23,9.84000015258789,10.09000015258789,9.765000343322754,10.0,857500
2022-03-24,9.859999656677246,9.979999542236328,9.770000457763672,9.84000015258789,863000
2022-03-25,9.899999618530273,10.005000114440918,9.670999526977539,9.869999885559082,772200
2022-03-28,9.819999694824219,9.932999610900879,9.619999885559082,9.850000381469727,979000
2022-03-29,9.975000381469727,10.050000190734863,9.850000381469727,9.899999618530273,919700
2022-03-30,9.779999732971191,9.979999542236328,9.739999771118164,9.890000343322754,617100
2022-03-31,9.59000015258789,9.819999694824219,9.489999771118164,9.680000305175781,1202200
2022-04-01,9.760000228881836,9.8100004196167,9.579999923706055,9.6899995803833,964500
2022-04-04,10.600000381469727,10.630000114440918,9.75,9.75,2070800
2022-04-05,10.579999923706055,10.760000228881836,10.319999694824219,10.449999809265137,955200
2022-04-06,10.510000228881836,10.649999618530273,10.229999542236328,10.470000267028809,1362300
2022-04-07,10.390000343322754,10.649999618530273,10.324999809265137,10.649999618530273,1347700
2022-04-08,10.729999542236328,10.739999771118164,10.265999794006348,10.369999885559082,1821500
2022-04-11,10.670000076293945,10.925000190734863,10.625,10.720000267028809,1269100
2022-04-12,10.600000381469727,10.925000190734863,10.449999809265137,10.75,822100
2022-04-13,11.010000228881836,11.029999732971191,10.569999694824219,10.569999694824219,853300
2022-04-14,10.710000038146973,11.09000015258789,10.6899995803833,10.949999809265137,898100
2022-04-18,10.699999809265137,10.84000015258789,10.550000190734863,10.609999656677246,904100
2022-04-19,11.119999885559082,11.15999984741211,10.670000076293945,10.710000038146973,998200
2022-04-20,10.75,11.319999694824219,10.739999771118164,11.140000343322754,862700
2022-04-21,10.369999885559082,10.960000038146973,10.319999694824219,10.880000114440918,944600
2022-04-22,10.039999961853027,10.350000381469727,9.9350004196167,10.350000381469727,1095000
2022-04-25,10.100000381469727,10.164999961853027,9.789999961853027,9.930000305175781,882400
2022-04-26,9.59000015258789,9.979999542236328,9.5600004196167,9.979999542236328,1297000
2022-04-27,9.520000457763672,9.694999694824219,9.475000381469727,9.619999885559082,726000
2022-04-28,9.8100004196167,9.859999656677246,9.15999984741211,9.640000343322754,1487900
2022-04-29,9.239999771118164,9.779999732971191,9.1899995803833,9.760000228881836,1804900
2022-05-02,9.210000038146973,9.319999694824219,9.010000228881836,9.1899995803833,1207100
2022-05-03,9.279999732971191,9.390000343322754,9.0600004196167,9.170000076293945,1080600
2022-05-04,9.539999961853027,9.569999694824219,9.069999694824219,9.279999732971191,1560500
2022-05-05,8.699999809265137,9.380000114440918,8.569999694824219,9.260000228881836,2003500
2022-05-06,8.359999656677246,8.765000343322754,8.329999923706055,8.75,1463700
2022-05-09,7.829999923706055,8.329999923706055,7.755000114440918,8.279999732971191,1796300
2022-05-10,8.25,8.4399995803833,7.900000095367432,7.949999809265137,3571800
2022-05-11,8.020000457763672,8.449999809265137,7.989999771118164,8.289999961853027,1357000
2022-05-12,8.300000190734863,8.3100004196167,7.900000095367432,7.989999771118164,2050700
2022-05-13,8.460000038146973,8.550000190734863,8.305000305175781,8.390000343322754,1228700
2022-05-16,8.869999885559082,8.930000305175781,8.479999542236328,8.479999542236328,1539300
2022-05-17,9.460000038146973,9.460000038146973,8.979999542236328,9.010000228881836,1579500
2022-05-18,9.270000457763672,9.609999656677246,9.220000267028809,9.25,1214700
2022-05-19,9.25,9.420000076293945,8.944999694824219,9.199999809265137,1493700
2022-05-20,9.199999809265137,9.470000267028809,9.020000457763672,9.399999618530273,1208300
2022-05-23,9.149999618530273,9.510000228881836,9.09000015258789,9.479999542236328,1123100
2022-05-24,9.010000228881836,9.149999618530273,8.880000114440918,9.029999732971191,1104800
2022-05-25,9.279999732971191,9.324999809265137,8.899999618530273,8.930000305175781,966200
2022-05-26,9.430000305175781,9.694999694824219,9.210000038146973,9.380000114440918,967000
2022-05-27,9.649999618530273,9.710000038146973,9.444999694824219,9.510000228881836,918500
2022-05-31,9.510000228881836,9.795000076293945,9.414999961853027,9.5600004196167,1814500
2022-06-01,9.220000267028809,9.670000076293945,9.085000038146973,9.569999694824219,1008200
2022-06-02,9.350000381469727,9.354999542236328,9.050000190734863,9.210000038146973,1066200
2022-06-03,9.039999961853027,9.329999923706055,9.03499984741211,9.220000267028809,1115800
2022-06-06,9.199999809265137,9.279999732971191,9.100000381469727,9.15999984741211,928700
2022-06-07,9.130000114440918,9.170000076293945,8.899999618530273,9.029999732971191,886400
2022-06-08,9.010000228881836,9.234999656677246,8.979999542236328,9.0,871200
2022-06-09,8.789999961853027,9.015000343322754,8.770000457763672,8.979999542236328,1004900
2022-06-10,8.3100004196167,8.670000076293945,8.305000305175781,8.539999961853027,1809100
2022-06-13,7.869999885559082,8.170000076293945,7.840000152587891,8.039999961853027,1782000
2022-06-14,7.460000038146973,7.929999828338623,7.440000057220459,7.889999866485596,1593200
2022-06-15,7.760000228881836,7.840000152587891,7.480000019073486,7.610000133514404,1347300
2022-06-16,7.010000228881836,7.53000020980835,6.949999809265137,7.5,1623600
2022-06-17,7.679999828338623,7.730000019073486,7.019999980926514,7.03000020980835,2152100
2022-06-21,7.409999847412109,7.84499979019165,7.400000095367432,7.809999942779541,1479600
2022-06-22,7.429999828338623,7.579999923706055,7.309999942779541,7.349999904632568,834600
2022-06-23,7.5,7.619999885559082,7.360000133514404,7.360000133514404,1450800
2022-06-24,7.760000228881836,7.800000190734863,7.539999961853027,7.539999961853027,1584500
2022-06-27,7.800000190734863,7.900000095367432,7.659999847412109,7.760000228881836,682600
2022-06-28,7.699999809265137,8.109999656677246,7.690000057220459,7.849999904632568,704800
2022-06-29,8.029999732971191,8.029999732971191,7.610000133514404,7.699999809265137,1018200
2022-06-30,7.789999961853027,7.880000114440918,7.670000076293945,7.849999904632568,870300
2022-07-01,8.0,8.010000228881836,7.704999923706055,7.789999961853027,837200
2022-07-05,7.75,7.860000133514404,7.619999885559082,7.769999980926514,889400
2022-07-06,7.659999847412109,7.789999961853027,7.585000038146973,7.71999979019165,681200
2022-07-07,7.590000152587891,7.929999828338623,7.570000171661377,7.710000038146973,661200
2022-07-08,7.389999866485596,7.550000190734863,7.349999904632568,7.550000190734863,516500
2022-07-11,6.989999771118164,7.340000152587891,6.949999809265137,7.289999961853027,718500
2022-07-12,7.130000114440918,7.199999809265137,6.900000095367432,6.929999828338623,1047100
2022-07-13,7.039999961853027,7.090000152587891,6.889999866485596,7.050000190734863,753600
2022-07-14,6.880000114440918,7.019999980926514,6.760000228881836,6.849999904632568,872400
2022-07-15,7.0,7.114999771118164,6.914999961853027,7.079999923706055,1194500
2022-07-18,7.019999980926514,7.21999979019165,6.96999979019165,7.090000152587891,1216600
2022-07-19,7.309999942779541,7.440000057220459,7.074999809265137,7.139999866485596,6374700
2022-07-20,7.449999809265137,7.510000228881836,7.300000190734863,7.309999942779541,2170600
2022-07-21,7.269999980926514,7.480000019073486,7.210000038146973,7.360000133514404,1834700
2022-07-22,7.079999923706055,7.335000038146973,6.989999771118164,7.28000020980835,1326600
2022-07-25,7.019999980926514,7.135000228881836,6.980000019073486,7.130000114440918,937100
2022-07-26,6.949999809265137,7.039999961853027,6.909999847412109,6.949999809265137,890300
2022-07-27,7.099999904632568,7.125,7.0,7.050000190734863,1014200
2022-07-28,7.139999866485596,7.15500020980835,6.940000057220459,7.070000171661377,1298400
2022-07-29,7.340000152587891,7.355000019073486,7.065000057220459,7.159999847412109,1191400
2022-08-01,7.289999961853027,7.425000190734863,7.224999904632568,7.28000020980835,718800
2022-08-02,7.170000076293945,7.429999828338623,7.159999847412109,7.230000019073486,648800
2022-08-03,7.510000228881836,7.550000190734863,7.170000076293945,7.230000019073486,1178100
2022-08-04,7.440000057220459,7.800000190734863,7.427000045776367,7.480000019073486,924100
2022-08-05,7.159999847412109,7.449999809265137,7.159999847412109,7.360000133514404,913100
2022-08-08,7.260000228881836,7.519999980926514,7.190000057220459,7.190000057220459,819500
2022-08-09,7.340000152587891,7.340000152587891,7.110000133514404,7.260000228881836,889400
2022-08-10,7.820000171661377,7.965000152587891,7.130000114440918,7.539999961853027,1395300
2022-08-11,7.820000171661377,8.005000114440918,7.795000076293945,7.909999847412109,858200
2022-08-12,8.119999885559082,8.130000114440918,7.820000171661377,7.840000152587891,903000
2022-08-15,8.0,8.175000190734863,7.980000019073486,8.020000457763672,980600
2022-08-16,8.079999923706055,8.194999694824219,7.909999847412109,8.079999923706055,727800
2022-08-17,7.710000038146973,8.0,7.710000038146973,7.920000076293945,680900
2022-08-18,7.75,7.824999809265137,7.585000038146973,7.739999771118164,634000
2022-08-19,7.570000171661377,7.699999809265137,7.5,7.679999828338623,651600
2022-08-22,7.079999923706055,7.480000019073486,7.010000228881836,7.409999847412109,1660600
2022-08-23,7.050000190734863,7.210000038146973,7.050000190734863,7.099999904632568,846600
2022-08-24,7.070000171661377,7.15500020980835,7.010000228881836,7.010000228881836,638200
2022-08-25,7.239999771118164,7.269999980926514,7.059999942779541,7.090000152587891,724600
2022-08-26,7.010000228881836,7.300000190734863,6.954999923706055,7.21999979019165,733300
2022-08-29,6.949999809265137,7.039999961853027,6.869999885559082,6.920000076293945,704800
2022-08-30,6.800000190734863,7.039999961853027,6.78000020980835,6.949999809265137,616000
2022-08-31,6.96999979019165,7.045000076293945,6.789999961853027,6.809999942779541,1592200
2022-09-01,7.019999980926514,7.03000020980835,6.800000190734863,6.880000114440918,1699100
2022-09-02,6.760000228881836,7.090000152587891,6.739999771118164,7.070000171661377,1214200
2022-09-06,6.670000076293945,6.875,6.630000114440918,6.835000038146973,1422900
2022-09-07,6.559999942779541,6.739999771118164,6.449999809265137,6.650000095367432,1096800
2022-09-08,6.5,6.579999923706055,6.340000152587891,6.489999771118164,1197000
2022-09-09,6.949999809265137,6.96999979019165,6.550000190734863,6.550000190734863,1230500
2022-09-12,7.28000020980835,7.335000038146973,6.960000038146973,6.96999979019165,1350600
2022-09-13,6.880000114440918,7.125,6.864999771118164,7.079999923706055,1285700
2022-09-14,6.699999809265137,6.960000038146973,6.650000095367432,6.960000038146973,1399400
2022-09-15,6.619999885559082,6.849999904632568,6.610000133514404,6.650000095367432,1712000
2022-09-16,6.78000020980835,6.800000190734863,6.480000019073486,6.570000171661377,2310200
2022-09-19,6.71999979019165,6.820000171661377,6.559999942779541,6.760000228881836,1069300
2022-09-20,6.590000152587891,6.695000171661377,6.565000057220459,6.590000152587891,1485400
2022-09-21,6.400000095367432,6.670000076293945,6.385000228881836,6.650000095367432,1641100
2022-09-22,6.210000038146973,6.460000038146973,6.159999847412109,6.460000038146973,1460300
2022-09-23,6.28000020980835,6.309999942779541,6.170000076293945,6.190000057220459,1432300
2022-09-26,5.980000019073486,6.340000152587891,5.925000190734863,6.199999809265137,2163600
2022-09-27,5.889999866485596,6.179999828338623,5.880000114440918,6.03000020980835,2176400
2022-09-28,6.429999828338623,6.449999809265137,5.900000095367432,5.929999828338623,1689300
2022-09-29,6.21999979019165,6.34499979019165,6.103000164031982,6.269999980926514,1539900
2022-09-30,6.150000095367432,6.445000171661377,6.150000095367432,6.21999979019165,1694000
2022-10-03,6.409999847412109,6.510000228881836,6.230000019073486,6.309999942779541,1402900
2022-10-04,6.670000076293945,6.739999771118164,6.5,6.53000020980835,2152900
2022-10-05,6.940000057220459,6.945000171661377,6.369999885559082,6.460000038146973,1681600
2022-10-06,7.070000171661377,7.079999923706055,6.760000228881836,6.909999847412109,2557900
2022-10-07,7.170000076293945,7.315000057220459,6.920000076293945,6.929999828338623,2720900
2022-10-10,7.519999980926514,7.53000020980835,7.099999904632568,7.25,1924600
2022-10-11,7.510000228881836,7.525000095367432,7.269999980926514,7.460000038146973,2396700
2022-10-12,7.440000057220459,7.519999980926514,7.284999847412109,7.480000019073486,1656900
2022-10-13,7.340000152587891,7.525000095367432,7.110000133514404,7.289999961853027,1648100
2022-10-14,7.090000152587891,7.429999828338623,7.090000152587891,7.409999847412109,1236400
2022-10-17,7.519999980926514,7.585000038146973,7.260000228881836,7.260000228881836,1314100
2022-10-18,7.559999942779541,7.829999923706055,7.505000114440918,7.690000057220459,767300
2022-10-19,7.429999828338623,7.590000152587891,7.324999809265137,7.46999979019165,1039800
2022-10-20,7.409999847412109,7.610000133514404,7.340000152587891,7.489999771118164,769600
2022-10-21,7.670000076293945,7.679999828338623,7.3480000495910645,7.420000076293945,1196400
2022-10-24,7.71999979019165,7.760000228881836,7.599999904632568,7.71999979019165,775700
2022-10-25,7.75,7.909999847412109,7.699999809265137,7.730000019073486,737200
2022-10-26,7.599999904632568,7.855000019073486,7.599999904632568,7.769999980926514,715300
2022-10-27,7.559999942779541,7.860000133514404,7.550000190734863,7.619999885559082,761600
2022-10-28,7.909999847412109,7.934999942779541,7.579999923706055,7.650000095367432,664900
2022-10-31,7.789999961853027,7.909999847412109,7.75,7.820000171661377,917300
2022-11-01,8.050000190734863,8.1899995803833,7.849999904632568,7.929999828338623,1047600
2022-11-02,7.710000038146973,8.199999809265137,7.699999809265137,8.0600004196167,1026900
2022-11-03,7.590000152587891,7.710000038146973,7.474999904632568,7.570000171661377,848200
2022-11-04,7.769999980926514,7.800000190734863,7.53000020980835,7.75,1145700
2022-11-07,8.149999618530273,8.15999984741211,7.769999980926514,7.849999904632568,1093600
2022-11-08,8.239999771118164,8.350000381469727,8.0649995803833,8.229999542236328,1131300
2022-11-09,7.329999923706055,7.920000076293945,7.079999923706055,7.800000190734863,2756400
2022-11-10,7.659999847412109,8.119999885559082,7.632999897003174,7.739999771118164,1761700
2022-11-11,8.029999732971191,8.140000343322754,7.519999980926514,7.579999923706055,1625100
2022-11-14,8.1899995803833,8.329999923706055,7.940000057220459,7.940000057220459,1086900
2022-11-15,8.25,8.5,8.130000114440918,8.3100004196167,1781300
2022-11-16,8.390000343322754,8.609999656677246,8.239999771118164,8.260000228881836,1554400
2022-11-17,8.0,8.244999885559082,7.945000171661377,8.229999542236328,1231200
2022-11-18,7.920000076293945,8.199999809265137,7.869999885559082,8.15999984741211,1769000
2022-11-21,7.710000038146973,7.920000076293945,7.570000171661377,7.869999885559082,1260600
2022-11-22,7.760000228881836,7.820000171661377,7.619999885559082,7.71999979019165,974500
2022-11-23,7.949999809265137,7.954999923706055,7.639999866485596,7.699999809265137,950000
2022-11-25,7.800000190734863,7.989999771118164,7.775000095367432,7.900000095367432,533400
2022-11-28,7.579999923706055,7.789999961853027,7.539999961853027,7.739999771118164,988500
2022-11-29,7.679999828338623,7.699999809265137,7.53000020980835,7.619999885559082,764800
2022-11-30,7.789999961853027,7.795000076293945,7.510000228881836,7.699999809265137,1218500
2022-12-01,7.789999961853027,7.980000019073486,7.75,7.789999961853027,1009600
2022-12-02,7.78000020980835,7.789999961853027,7.550000190734863,7.650000095367432,900300
2022-12-05,7.539999961853027,7.71999979019165,7.489999771118164,7.71999979019165,971600
2022-12-06,7.28000020980835,7.610000133514404,7.28000020980835,7.559999942779541,975800
2022-12-07,6.96999979019165,7.25,6.96999979019165,7.25,3356800
2022-12-08,6.989999771118164,7.019999980926514,6.789999961853027,6.96999979019165,1629800
2022-12-09,6.909999847412109,7.039999961853027,6.864999771118164,6.960000038146973,974200
2022-12-12,6.900000095367432,7.0,6.820000171661377,6.909999847412109,1136700
2022-12-13,7.050000190734863,7.349999904632568,6.994999885559082,7.199999809265137,1265800
2022-12-14,7.050000190734863,7.139999866485596,6.974999904632568,7.0,1348100
2022-12-15,6.940000057220459,7.019999980926514,6.820000171661377,6.929999828338623,1419700
2022-12-16,6.869999885559082,7.119999885559082,6.820000171661377,6.909999847412109,2339300
2022-12-19,6.920000076293945,6.940000057220459,6.78000020980835,6.869999885559082,1283200
2022-12-20,7.130000114440918,7.215000152587891,6.860000133514404,6.880000114440918,1655300
2022-12-21,7.800000190734863,7.840000152587891,7.210000038146973,7.210000038146973,1425100
2022-12-22,7.630000114440918,7.820000171661377,7.519999980926514,7.760000228881836,930900
2022-12-23,7.739999771118164,7.784999847412109,7.514999866485596,7.610000133514404,863200
2022-12-27,7.659999847412109,7.84499979019165,7.630000114440918,7.730000019073486,480500
2022-12-28,7.46999979019165,7.739999771118164,7.46999979019165,7.650000095367432,727900
2022-12-29,7.610000133514404,7.715000152587891,7.46999979019165,7.510000228881836,731100
2022-12-30,7.599999904632568,7.619999885559082,7.489999771118164,7.559999942779541,780600
2023-01-03,7.889999866485596,7.965000152587891,7.679999828338623,7.679999828338623,891500
2023-01-04,8.020000457763672,8.0600004196167,7.890999794006348,8.039999961853027,1447700
2023-01-05,8.0,8.140000343322754,7.599999904632568,7.699999809265137,1289600
2023-01-06,8.239999771118164,8.3100004196167,8.005000114440918,8.100000381469727,1056500
2023-01-09,8.5600004196167,8.609999656677246,8.270000457763672,8.300000190734863,1759700
2023-01-10,8.609999656677246,8.710000038146973,8.46500015258789,8.479999542236328,1914100
2023-01-11,8.6899995803833,8.75,8.550000190734863,8.670000076293945,904300
2023-01-12,8.930000305175781,8.96500015258789,8.678000450134277,8.739999771118164,1704400
2023-01-13,9.0600004196167,9.079999923706055,8.755000114440918,8.890000343322754,1016200
2023-01-17,8.829999923706055,9.045000076293945,8.800000190734863,9.039999961853027,1103700
2023-01-18,8.829999923706055,8.920000076293945,8.71500015258789,8.850000381469727,876400
2023-01-19,9.010000228881836,9.039999961853027,8.630000114440918,8.789999961853027,974600
2023-01-20,9.170000076293945,9.260000228881836,8.960000038146973,9.09000015258789,1471700
2023-01-23,9.100000381469727,9.220000267028809,9.03499984741211,9.170000076293945,1063500
2023-01-24,9.069999694824219,9.199999809265137,9.020000457763672,9.079999923706055,693100
2023-01-25,9.369999885559082,9.375,8.979999542236328,9.020000457763672,1978000
2023-01-26,9.819999694824219,9.84000015258789,9.390000343322754,9.479999542236328,2092700
2023-01-27,9.65999984741211,9.850000381469727,9.630000114440918,9.8100004196167,829600
2023-01-30,9.779999732971191,9.795000076293945,9.529999732971191,9.5600004196167,742000
2023-01-31,9.850000381469727,9.885000228881836,9.699999809265137,9.789999961853027,780400
2023-02-01,9.949999809265137,9.949999809265137,9.6899995803833,9.819999694824219,1458000
2023-02-02,9.9399995803833,9.979999542236328,9.680000305175781,9.949999809265137,1494300
2023-02-03,9.699999809265137,9.90999984741211,9.664999961853027,9.8100004196167,796400
2023-02-06,9.579999923706055,9.670000076293945,9.40999984741211,9.609999656677246,1020900
2023-02-07,9.609999656677246,9.630000114440918,9.425000190734863,9.579999923706055,928500
2023-02-08,9.380000114440918,9.550000190734863,9.270000457763672,9.539999961853027,1032000
2023-02-09,9.359999656677246,9.550000190734863,9.279999732971191,9.5,855500
2023-02-10,9.34000015258789,9.4399995803833,9.270000457763672,9.34000015258789,559700
2023-02-13,9.40999984741211,9.5,9.329999923706055,9.390000343322754,714300
2023-02-14,9.170000076293945,9.460000038146973,9.149999618530273,9.380000114440918,945600
2023-02-15,8.880000114440918,9.130000114440918,8.78499984741211,9.130000114440918,1128500
2023-02-16,9.029999732971191,9.085000038146973,8.670000076293945,8.720000267028809,1122300
2023-02-17,9.260000228881836,9.270000457763672,8.925000190734863,9.09000015258789,824800
2023-02-21,8.579999923706055,9.170000076293945,8.569999694824219,9.130000114440918,1323300
2023-02-22,8.890000343322754,8.904999732971191,8.520000457763672,8.529999732971191,1530200
2023-02-23,9.210000038146973,9.550000190734863,8.609999656677246,8.619999885559082,2166000
2023-02-24,8.640000343322754,9.050000190734863,8.550000190734863,9.050000190734863,1882900
2023-02-27,8.729999542236328,9.0,8.670000076293945,8.699999809265137,1444300
2023-02-28,8.779999732971191,9.045000076293945,8.760000228881836,8.779999732971191,1365100
2023-03-01,8.75,8.819999694824219,8.649999618530273,8.800000190734863,909200
2023-03-02,8.819999694824219,8.869999885559082,8.640000343322754,8.699999809265137,845200
2023-03-03,9.020000457763672,9.119999885559082,8.869999885559082,8.90999984741211,843900
2023-03-06,8.899999618530273,9.125,8.819999694824219,8.989999771118164,872500
2023-03-07,8.579999923706055,9.039999961853027,8.579999923706055,8.869999885559082,1288300
2023-03-08,8.8100004196167,8.859999656677246,8.569999694824219,8.649999618530273,841400
2023-03-09,8.40999984741211,8.895000457763672,8.385000228881836,8.789999961853027,1110000
2023-03-10,8.140000343322754,8.399999618530273,8.015000343322754,8.369999885559082,1835000
2023-03-13,8.010000228881836,8.210000038146973,7.940000057220459,7.980000019073486,1483700
2023-03-14,8.229999542236328,8.414999961853027,8.085000038146973,8.210000038146973,1095700
2023-03-15,7.960000038146973,8.104999542236328,7.829999923706055,8.020000457763672,1499300
2023-03-16,7.809999942779541,7.875,7.599999904632568,7.75,1509700
2023-03-17,7.809999942779541,7.869999885559082,7.670000076293945,7.699999809265137,3871000
2023-03-20,7.78000020980835,7.892000198364258,7.715000152587891,7.860000133514404,999400
2023-03-21,8.149999618530273,8.175000190734863,7.96999979019165,7.96999979019165,1271000
2023-03-22,7.820000171661377,8.130000114440918,7.78000020980835,8.119999885559082,1310000
2023-03-23,7.71999979019165,8.029999732971191,7.704999923706055,7.840000152587891,1136400
2023-03-24,7.849999904632568,7.909999847412109,7.610000133514404,7.619999885559082,899400
2023-03-27,7.920000076293945,8.029999732971191,7.860000133514404,7.860000133514404,896000
2023-03-28,7.880000114440918,8.079999923706055,7.840000152587891,7.880000114440918,956600
2023-03-29,8.170000076293945,8.225000381469727,7.920000076293945,8.0,914800
2023-03-30,8.140000343322754,8.319999694824219,8.100000381469727,8.220000267028809,723700
2023-03-31,8.260000228881836,8.354999542236328,8.140000343322754,8.15999984741211,1121500
2023-04-03,7.960000038146973,8.319999694824219,7.869999885559082,8.260000228881836,1120500
2023-04-04,7.849999904632568,8.100000381469727,7.724999904632568,8.0,656000
2023-04-05,7.929999828338623,7.989999771118164,7.739999771118164,7.809999942779541,629900
2023-04-06,7.980000019073486,8.095000267028809,7.920000076293945,8.010000228881836,615900
2023-04-10,8.109999656677246,8.114999771118164,7.920000076293945,7.940000057220459,1434000
2023-04-11,8.829999923706055,8.890000343322754,8.140000343322754,8.1899995803833,1673700
2023-04-12,8.8100004196167,9.119999885559082,8.765000343322754,8.979999542236328,1189800
2023-04-13,8.819999694824219,9.010000228881836,8.800000190734863,8.819999694824219,1064200
2023-04-14,8.699999809265137,8.850000381469727,8.619999885559082,8.84000015258789,1171200
2023-04-17,8.920000076293945,8.960000038146973,8.645000457763672,8.680000305175781,730500
2023-04-18,8.9399995803833,9.010000228881836,8.850000381469727,8.90999984741211,962200
2023-04-19,8.960000038146973,9.029999732971191,8.779999732971191,8.829999923706055,893500
2023-04-20,8.479999542236328,8.869999885559082,8.420000076293945,8.850000381469727,887800
2023-04-21,8.329999923706055,8.65999984741211,8.329999923706055,8.470000267028809,736300
2023-04-24,8.220000267028809,8.470000267028809,8.210000038146973,8.300000190734863,972700
2023-04-25,7.96999979019165,8.265000343322754,7.960000038146973,8.119999885559082,898100
2023-04-26,8.079999923706055,8.164999961853027,7.880000114440918,7.949999809265137,908400
2023-04-27,8.609999656677246,8.609999656677246,8.180000305175781,8.180000305175781,1401000
2023-04-28,8.880000114440918,9.050000190734863,8.529999732971191,8.5600004196167,1402400
2023-05-01,8.59000015258789,8.960000038146973,8.5600004196167,8.850000381469727,745300
2023-05-02,8.390000343322754,8.569999694824219,8.329999923706055,8.5600004196167,877100
2023-05-03,8.479999542236328,8.739999771118164,8.430000305175781,8.4399995803833,756900
2023-05-04,8.149999618530273,8.40999984741211,8.024999618530273,8.369999885559082,949300
2023-05-05,8.220000267028809,8.3149995803833,8.1899995803833,8.25,974700
2023-05-08,8.350000381469727,8.375,8.164999961853027,8.1899995803833,828800
2023-05-09,8.329999923706055,8.369999885559082,7.380000114440918,8.270000457763672,2116600
2023-05-10,7.75,8.4399995803833,7.739999771118164,8.40999984741211,1259700
2023-05-11,7.630000114440918,7.748000144958496,7.545000076293945,7.619999885559082,1148900
2023-05-12,7.639999866485596,7.739999771118164,7.570000171661377,7.730000019073486,948000
2023-05-15,8.279999732971191,8.289999961853027,7.690000057220459,7.699999809265137,1392300
2023-05-16,8.119999885559082,8.350000381469727,8.09000015258789,8.210000038146973,1047600
2023-05-17,8.239999771118164,8.300000190734863,7.994999885559082,8.220000267028809,1011200
2023-05-18,7.75,8.220000267028809,7.579999923706055,8.220000267028809,1723900
2023-05-19,8.069999694824219,8.329999923706055,7.804999828338623,7.840000152587891,1265200
2023-05-22,8.109999656677246,8.289999961853027,7.989999771118164,8.15999984741211,1039800
2023-05-23,8.180000305175781,8.4350004196167,8.0600004196167,8.0600004196167,833100
2023-05-24,7.679999828338623,8.130000114440918,7.650000095367432,8.0600004196167,1228100
2023-05-25,7.289999961853027,7.664999961853027,7.28000020980835,7.590000152587891,1366900
2023-05-26,7.440000057220459,7.510000228881836,7.230000019073486,7.289999961853027,1200400
2023-05-30,7.269999980926514,7.639999866485596,7.25,7.460000038146973,978300
2023-05-31,7.300000190734863,7.46999979019165,7.175000190734863,7.360000133514404,1854900
2023-06-01,7.269999980926514,7.510000228881836,7.230000019073486,7.289999961853027,946800
2023-06-02,7.659999847412109,7.697999954223633,7.289999961853027,7.289999961853027,1176600
2023-06-05,7.840000152587891,7.885000228881836,7.599999904632568,7.639999866485596,886200
2023-06-06,8.270000457763672,8.300000190734863,7.789999961853027,7.789999961853027,1185800
2023-06-07,8.449999809265137,8.529999732971191,8.270000457763672,8.369999885559082,1716100
2023-06-08,8.390000343322754,8.567999839782715,8.260000228881836,8.40999984741211,949300
2023-06-09,7.900000095367432,8.449999809265137,7.849999904632568,8.420000076293945,1156200
2023-06-12,8.140000343322754,8.145000457763672,7.849999904632568,7.880000114440918,853800
2023-06-13,8.359999656677246,8.420000076293945,8.095000267028809,8.140000343322754,1260600
2023-06-14,8.380000114440918,8.579999923706055,8.293000221252441,8.399999618530273,890200
2023-06-15,8.479999542236328,8.5600004196167,8.300000190734863,8.300000190734863,1157600
2023-06-16,8.319999694824219,8.569999694824219,8.295000076293945,8.569999694824219,1572300
2023-06-20,8.270000457763672,8.324999809265137,8.15999984741211,8.3100004196167,783300
2023-06-21,8.170000076293945,8.279999732971191,8.15999984741211,8.170000076293945,1248400
2023-06-22,8.09000015258789,8.149999618530273,8.039999961853027,8.119999885559082,889300
2023-06-23,8.079999923706055,8.225000381469727,8.0,8.0,2022300
2023-06-26,8.109999656677246,8.335000038146973,8.039999961853027,8.109999656677246,888700
2023-06-27,8.5600004196167,8.600000381469727,8.050000190734863,8.220000267028809,1280800
2023-06-28,8.609999656677246,8.760000228881836,8.510000228881836,8.539999961853027,1106900
2023-06-29,8.670000076293945,8.760000228881836,8.550000190734863,8.600000381469727,905900
2023-06-30,8.619999885559082,8.869999885559082,8.609999656677246,8.869999885559082,699300
2023-07-03,8.630000114440918,8.779999732971191,8.569999694824219,8.569999694824219,348600
2023-07-05,8.550000190734863,8.609999656677246,8.289999961853027,8.59000015258789,662200
2023-07-06,8.3100004196167,8.479999542236328,8.270000457763672,8.399999618530273,572500
2023-07-07,8.5600004196167,8.640000343322754,8.319999694824219,8.319999694824219,651800
2023-07-10,8.460000038146973,8.65999984741211,8.399999618530273,8.510000228881836,616900
2023-07-11,8.199999809265137,8.574999809265137,8.15999984741211,8.510000228881836,572700
2023-07-12,8.3100004196167,8.4399995803833,8.244999885559082,8.380000114440918,717400
2023-07-13,8.510000228881836,8.529999732971191,8.199999809265137,8.380000114440918,787000
2023-07-14,8.170000076293945,8.460000038146973,8.149999618530273,8.460000038146973,625000
2023-07-17,8.079999923706055,8.345000267028809,8.0600004196167,8.130000114440918,823000
2023-07-18,8.270000457763672,8.475000381469727,8.050000190734863,8.09000015258789,576300
2023-07-19,8.380000114440918,8.5,8.270000457763672,8.270000457763672,716300
2023-07-20,8.449999809265137,8.470000267028809,8.289999961853027,8.399999618530273,646300
2023-07-21,8.40999984741211,8.579999923706055,8.390000343322754,8.5,695200
2023-07-24,8.5,8.569999694824219,8.399999618530273,8.40999984741211,717400
2023-07-25,8.029999732971191,8.470000267028809,8.020000457763672,8.470000267028809,793100
2023-07-26,8.149999618530273,8.170000076293945,7.929999828338623,8.0,675600
2023-07-27,8.149999618530273,8.380000114440918,8.140000343322754,8.229999542236328,539800
2023-07-28,8.239999771118164,8.380000114440918,8.210000038146973,8.25,458100
2023-07-31,8.319999694824219,8.4399995803833,8.229999542236328,8.25,814700
2023-08-01,8.239999771118164,8.305000305175781,8.079999923706055,8.300000190734863,500500
2023-08-02,8.15999984741211,8.229999542236328,8.079999923706055,8.140000343322754,602700
2023-08-03,8.140000343322754,8.274999618530273,8.055000305175781,8.15999984741211,629600
2023-08-04,7.920000076293945,8.274999618530273,7.90500020980835,8.140000343322754,655700
2023-08-07,8.130000114440918,8.140000343322754,7.800000190734863,7.909999847412109,592900
2023-08-08,8.300000190734863,8.3149995803833,7.960000038146973,7.960000038146973,783000
2023-08-09,9.670000076293945,9.734999656677246,8.399999618530273,8.399999618530273,2796500
2023-08-10,9.199999809265137,9.720000267028809,9.109999656677246,9.670000076293945,1502800
2023-08-11,9.239999771118164,9.324999809265137,9.015000343322754,9.09000015258789,1367500
2023-08-14,9.119999885559082,9.25,9.050000190734863,9.130000114440918,1484300
2023-08-15,9.069999694824219,9.25100040435791,8.979999542236328,9.010000228881836,995000
2023-08-16,9.029999732971191,9.140000343322754,8.930000305175781,9.010000228881836,855300
2023-08-17,8.890000343322754,9.119999885559082,8.864999771118164,9.09000015258789,647000
2023-08-18,8.600000381469727,8.914999961853027,8.59000015258789,8.770000457763672,737700
2023-08-21,8.600000381469727,8.6850004196167,8.520000457763672,8.5600004196167,1412300
2023-08-22,8.65999984741211,8.819999694824219,8.59000015258789,8.59000015258789,1049800
2023-08-23,8.65999984741211,8.765000343322754,8.600000381469727,8.65999984741211,527700
2023-08-24,8.6899995803833,8.795000076293945,8.579999923706055,8.59000015258789,488700
2023-08-25,8.619999885559082,8.805000305175781,8.539999961853027,8.65999984741211,417600
2023-08-28,8.890000343322754,8.975000381469727,8.699999809265137,8.699999809265137,826100
2023-08-29,9.229999542236328,9.324999809265137,8.918000221252441,8.960000038146973,736400
2023-08-30,9.170000076293945,9.289999961853027,9.104999542236328,9.199999809265137,578700
2023-08-31,8.960000038146973,9.220000267028809,8.954999923706055,9.140000343322754,732200
2023-09-01,8.75,9.039999961853027,8.729999542236328,8.979999542236328,525500
2023-09-05,8.380000114440918,8.670000076293945,8.350000381469727,8.640000343322754,1054800
2023-09-06,8.4399995803833,8.475000381469727,8.25,8.25,1059800
2023-09-07,7.960000038146973,8.414999961853027,7.929999828338623,8.40999984741211,988500
2023-09-08,8.149999618530273,8.21500015258789,7.889999866485596,7.929999828338623,930800
2023-09-11,8.390000343322754,8.449999809265137,8.199999809265137,8.199999809265137,1030000
2023-09-12,8.630000114440918,8.654999732971191,8.395000457763672,8.420000076293945,746900
2023-09-13,8.850000381469727,8.869999885559082,8.550000190734863,8.699999809265137,921000
2023-09-14,8.960000038146973,9.220000267028809,8.920000076293945,8.920000076293945,1614300
2023-09-15,8.479999542236328,9.039999961853027,8.404999732971191,8.9399995803833,2125700
2023-09-18,8.239999771118164,8.520000457763672,8.220000267028809,8.520000457763672,755800
2023-09-19,8.260000228881836,8.399999618530273,8.239999771118164,8.239999771118164,513200
2023-09-20,8.270000457763672,8.479999542236328,8.265000343322754,8.350000381469727,536300
2023-09-21,8.210000038146973,8.329999923706055,8.149999618530273,8.199999809265137,492900
2023-09-22,8.100000381469727,8.319999694824219,8.079999923706055,8.229999542236328,704600
2023-09-25,8.050000190734863,8.180000305175781,7.96999979019165,8.039999961853027,656000
2023-09-26,7.889999866485596,8.015000343322754,7.809999942779541,7.940000057220459,957700
2023-09-27,8.0600004196167,8.229999542236328,7.914999961853027,8.100000381469727,506700
2023-09-28,8.119999885559082,8.239999771118164,8.050000190734863,8.050000190734863,571200
2023-09-29,8.15999984741211,8.248000144958496,8.119999885559082,8.119999885559082,589600
2023-10-02,8.149999618530273,8.220000267028809,8.050000190734863,8.149999618530273,692100
2023-10-03,7.659999847412109,8.130000114440918,7.590000152587891,8.100000381469727,707200
2023-10-04,7.659999847412109,7.789999961853027,7.644999980926514,7.679999828338623,720800
2023-10-05,7.75,7.809999942779541,7.614999771118164,7.630000114440918,926800
2023-10-06,7.690000057220459,7.820000171661377,7.605000019073486,7.820000171661377,907100
2023-10-09,7.820000171661377,7.900000095367432,7.650000095367432,7.690000057220459,571800
2023-10-10,7.639999866485596,7.860000133514404,7.570000171661377,7.800000190734863,1164200
2023-10-11,7.610000133514404,7.71999979019165,7.539999961853027,7.639999866485596,759900
2023-10-12,7.369999885559082,7.659999847412109,7.320000171661377,7.659999847412109,540700
2023-10-13,7.429999828338623,7.565000057220459,7.380000114440918,7.380000114440918,580500
2023-10-16,7.489999771118164,7.599999904632568,7.460000038146973,7.460000038146973,626600
2023-10-17,7.380000114440918,7.730000019073486,7.349999904632568,7.730000019073486,722600
2023-10-18,7.28000020980835,7.360000133514404,7.210000038146973,7.269999980926514,537900
2023-10-19,7.110000133514404,7.320000171661377,7.074999809265137,7.309999942779541,1427500
2023-10-20,7.070000171661377,7.179999828338623,7.03000020980835,7.110000133514404,658900
2023-10-23,7.019999980926514,7.130000114440918,6.994999885559082,7.019999980926514,939400
2023-10-24,7.039999961853027,7.150000095367432,7.010000228881836,7.090000152587891,694200
2023-10-25,6.800000190734863,6.960000038146973,6.789999961853027,6.929999828338623,704500
2023-10-26,6.75,6.849999904632568,6.65500020980835,6.840000152587891,737000
2023-10-27,6.730000019073486,6.75,6.614999771118164,6.699999809265137,787400
2023-10-30,6.769999980926514,6.920000076293945,6.71999979019165,6.820000171661377,537500
2023-10-31,6.849999904632568,6.900000095367432,6.670000076293945,6.760000228881836,898100
2023-11-01,6.760000228881836,6.820000171661377,6.699999809265137,6.820000171661377,634900
2023-11-02,6.760000228881836,6.914999961853027,6.684999942779541,6.840000152587891,1043600
2023-11-03,6.889999866485596,7.070000171661377,6.769999980926514,6.900000095367432,942300
2023-11-06,6.789999961853027,7.139999866485596,6.784999847412109,6.940000057220459,1193800
2023-11-07,6.579999923706055,6.78000020980835,6.53000020980835,6.78000020980835,1030500
2023-11-08,6.630000114440918,6.690000057220459,6.570000171661377,6.619999885559082,816300
2023-11-09,6.429999828338623,6.650000095367432,6.40500020980835,6.630000114440918,1229600
2023-11-10,7.28000020980835,7.400000095367432,6.619999885559082,6.690000057220459,2288300
2023-11-13,7.130000114440918,7.315000057220459,7.110000133514404,7.130000114440918,1245900
2023-11-14,7.179999828338623,7.46999979019165,7.099999904632568,7.409999847412109,1135800
2023-11-15,7.179999828338623,7.429999828338623,7.150000095367432,7.150000095367432,1181500
2023-11-16,7.010000228881836,7.190000057220459,6.909999847412109,7.179999828338623,825300
2023-11-17,7.010000228881836,7.130000114440918,6.940000057220459,7.099999904632568,787300
2023-11-20,7.050000190734863,7.144999980926514,6.9710001945495605,6.989999771118164,760100
2023-11-21,6.809999942779541,7.0,6.75,6.989999771118164,595400
2023-11-22,6.869999885559082,6.989999771118164,6.789999961853027,6.889999866485596,531700
2023-11-24,7.039999961853027,7.050000190734863,6.869999885559082,6.869999885559082,251100
2023-11-27,6.880000114440918,7.0,6.804999828338623,6.940000057220459,548600
2023-11-28,6.980000019073486,7.047999858856201,6.78000020980835,6.889999866485596,854000
2023-11-29,7.039999961853027,7.139999866485596,6.980000019073486,7.0,832600
2023-11-30,6.829999923706055,7.070000171661377,6.760000228881836,7.039999961853027,1024900
2023-12-01,7.179999828338623,7.21999979019165,6.659999847412109,6.760000228881836,1431700
2023-12-04,7.25,7.380000114440918,7.130000114440918,7.150000095367432,995400
2023-12-05,6.860000133514404,7.179999828338623,6.859000205993652,7.179999828338623,767400
2023-12-06,6.889999866485596,6.945000171661377,6.829999923706055,6.889999866485596,795900
2023-12-07,7.050000190734863,7.199999809265137,6.860000133514404,6.900000095367432,1026400
2023-12-08,7.159999847412109,7.210000038146973,7.0,7.050000190734863,635400
2023-12-11,7.090000152587891,7.21999979019165,6.980000019073486,7.139999866485596,776800
2023-12-12,6.769999980926514,7.039999961853027,6.75,7.039999961853027,692100
2023-12-13,7.0,7.0,6.590000152587891,6.769999980926514,1123100
2023-12-14,7.199999809265137,7.414999961853027,7.130000114440918,7.139999866485596,994900
2023-12-15,7.059999942779541,7.260000228881836,7.019999980926514,7.260000228881836,1916400
2023-12-18,6.989999771118164,7.150000095367432,6.980000019073486,7.150000095367432,1236300
2023-12-19,7.230000019073486,7.260000228881836,7.010000228881836,7.050000190734863,1029900
2023-12-20,7.099999904632568,7.275000095367432,7.09499979019165,7.25,1062100
2023-12-21,7.190000057220459,7.190000057220459,7.090000152587891,7.170000076293945,455900
2023-12-22,7.21999979019165,7.349999904632568,7.164999961853027,7.190000057220459,764600
2023-12-26,7.28000020980835,7.309999942779541,7.130000114440918,7.260000228881836,433400
2023-12-27,7.260000228881836,7.329999923706055,7.159999847412109,7.210000038146973,508400
2023-12-28,7.320000171661377,7.329999923706055,7.210000038146973,7.230000019073486,450700
2023-12-29,7.340000152587891,7.349999904632568,7.23199987411499,7.320000171661377,546100
2024-01-02,7.389999866485596,7.46999979019165,7.175000190734863,7.25,1240800
2024-01-03,7.099999904632568,7.340000152587891,7.090000152587891,7.340000152587891,747900
2024-01-04,7.079999923706055,7.179999828338623,7.0,7.179999828338623,579800
2024-01-05,7.03000020980835,7.175000190734863,7.0,7.03000020980835,507200
2024-01-08,7.190000057220459,7.190000057220459,7.0,7.019999980926514,523500
2024-01-09,7.159999847412109,7.190000057220459,7.019999980926514,7.059999942779541,513600
2024-01-10,7.130000114440918,7.204999923706055,7.09499979019165,7.119999885559082,648100
2024-01-11,7.210000038146973,7.260000228881836,7.010000228881836,7.079999923706055,853000
2024-01-12,7.190000057220459,7.385000228881836,7.190000057220459,7.329999923706055,393300
2024-01-16,7.130000114440918,7.199999809265137,7.059999942779541,7.139999866485596,538300
2024-01-17,7.079999923706055,7.21999979019165,7.0,7.0,696500
2024-01-18,7.110000133514404,7.21999979019165,6.860000133514404,7.099999904632568,724200
2024-01-19,7.210000038146973,7.21999979019165,7.039999961853027,7.159999847412109,556400
2024-01-22,7.179999828338623,7.289999961853027,7.065000057220459,7.289999961853027,499200
2024-01-23,7.360000133514404,7.409999847412109,7.260000228881836,7.300000190734863,1097100
2024-01-24,7.099999904632568,7.46999979019165,7.070000171661377,7.46999979019165,442300
2024-01-25,7.239999771118164,7.269999980926514,7.065000057220459,7.21999979019165,717600
2024-01-26,7.340000152587891,7.460000038146973,7.269999980926514,7.28000020980835,464100
2024-01-29,7.400000095367432,7.420000076293945,7.190000057220459,7.300000190734863,370700
2024-01-30,7.340000152587891,7.427999973297119,7.289999961853027,7.349999904632568,521300
2024-01-31,7.119999885559082,7.360000133514404,7.079999923706055,7.360000133514404,666200
2024-02-01,7.269999980926514,7.320000171661377,7.135000228881836,7.139999866485596,456300
2024-02-02,6.909999847412109,7.159999847412109,6.909999847412109,7.159999847412109,693300
2024-02-05,6.610000133514404,6.809999942779541,6.480000019073486,6.809999942779541,1065000
2024-02-06,6.650000095367432,6.730000019073486,6.559999942779541,6.559999942779541,786500
2024-02-07,6.78000020980835,6.809999942779541,6.534999847412109,6.630000114440918,865700
2024-02-08,6.860000133514404,6.880000114440918,6.619999885559082,6.769999980926514,1073300
2024-02-09,6.789999961853027,6.909999847412109,6.599999904632568,6.909999847412109,895500
2024-02-12,7.03000020980835,7.090000152587891,6.800000190734863,6.800000190734863,961700
2024-02-13,6.400000095367432,6.855000019073486,6.389999866485596,6.840000152587891,887100
2024-02-14,6.539999961853027,6.610000133514404,6.420000076293945,6.480000019073486,841600
2024-02-15,6.789999961853027,6.789999961853027,6.570000171661377,6.570000171661377,763500
2024-02-16,6.71999979019165,6.789999961853027,6.590000152587891,6.730000019073486,531800
2024-02-20,6.840000152587891,6.849999904632568,6.599999904632568,6.619999885559082,819700
2024-02-21,6.550000190734863,6.809999942779541,6.514999866485596,6.809999942779541,661400
2024-02-22,6.53000020980835,6.550000190734863,6.414999961853027,6.53000020980835,922300
2024-02-23,6.059999942779541,6.559999942779541,5.949999809265137,6.550000190734863,2572700
2024-02-26,6.199999809265137,6.385000228881836,6.0,6.010000228881836,2163800
2024-02-27,6.429999828338623,6.494999885559082,6.210000038146973,6.269999980926514,1647200
2024-02-28,6.239999771118164,6.414999961853027,6.170000076293945,6.340000152587891,1471500
2024-02-29,6.519999980926514,6.644999980926514,6.360000133514404,6.420000076293945,1965900
2024-03-01,6.489999771118164,6.619999885559082,6.375,6.480000019073486,1689500
2024-03-04,6.519999980926514,6.610000133514404,6.400000095367432,6.480000019073486,1559000
2024-03-05,6.340000152587891,6.559999942779541,6.324999809265137,6.392000198364258,1471600
2024-03-06,6.340000152587891,6.460000038146973,6.269999980926514,6.420000076293945,1556800
2024-03-07,6.269999980926514,6.380000114440918,6.179999828338623,6.349999904632568,1486800
2024-03-08,6.400000095367432,6.449999809265137,6.295000076293945,6.340000152587891,1608600
2024-03-11,6.489999771118164,6.559999942779541,6.380000114440918,6.389999866485596,1505200
2024-03-12,6.21999979019165,6.519999980926514,6.190000057220459,6.519999980926514,1275500
2024-03-13,6.510000228881836,6.690000057220459,6.170000076293945,6.210000038146973,1865000
2024-03-14,6.380000114440918,6.59499979019165,6.320000171661377,6.519999980926514,1652000
2024-03-15,6.309999942779541,6.5,6.199999809265137,6.369999885559082,7723600
2024-03-18,6.289999961853027,6.420000076293945,6.241000175476074,6.269999980926514,1894500
2024-03-19,6.320000171661377,6.465000152587891,6.179999828338623,6.199999809265137,1388000
2024-03-20,6.579999923706055,6.684999942779541,6.260000228881836,6.260000228881836,2258700
2024-03-21,6.78000020980835,6.869999885559082,6.550000190734863,6.590000152587891,2178600
2024-03-22,6.690000057220459,6.900000095367432,6.635000228881836,6.760000228881836,2017500
2024-03-25,7.179999828338623,7.670000076293945,6.900000095367432,6.96999979019165,4354100
2024-03-26,6.949999809265137,7.190000057220459,6.889999866485596,7.179999828338623,2410500
2024-03-27,7.079999923706055,7.105000019073486,6.914999961853027,6.96999979019165,1799900
2024-03-28,6.989999771118164,7.125,6.960000038146973,7.099999904632568,1364400
2024-04-01,7.03000020980835,7.150000095367432,6.929999828338623,7.090000152587891,1299700
2024-04-02,6.960000038146973,7.039999961853027,6.880000114440918,6.940000057220459,1253200
2024-04-03,7.400000095367432,7.400000095367432,6.920000076293945,6.920000076293945,1575600
2024-04-04,7.269999980926514,7.590000152587891,7.239999771118164,7.480000019073486,1011000
2024-04-05,7.300000190734863,7.320000171661377,7.059999942779541,7.21999979019165,1063300
2024-04-08,7.380000114440918,7.510000228881836,7.260000228881836,7.289999961853027,954600
2024-04-09,7.46999979019165,7.550000190734863,7.375,7.389999866485596,694100
2024-04-10,7.320000171661377,7.360000133514404,7.099999904632568,7.21999979019165,1059000
2024-04-11,7.639999866485596,7.690000057220459,7.28000020980835,7.289999961853027,838200
2024-04-12,7.239999771118164,7.625,7.215000152587891,7.610000133514404,667200
2024-04-15,7.28000020980835,7.440000057220459,7.190000057220459,7.25,879700
2024-04-16,7.25,7.320000171661377,7.150000095367432,7.210000038146973,1116200
2024-04-17,7.199999809265137,7.46999979019165,7.190000057220459,7.360000133514404,742600
2024-04-18,7.199999809265137,7.389999866485596,7.144999980926514,7.210000038146973,1162600
2024-04-19,7.260000228881836,7.309999942779541,7.159999847412109,7.170000076293945,947400
2024-04-22,7.380000114440918,7.5,7.289999961853027,7.309999942779541,820100
2024-04-23,7.445000171661377,7.570000171661377,7.329999923706055,7.380000114440918,907600
2024-04-24,7.480000019073486,7.489999771118164,7.289999961853027,7.409999847412109,1051000
2024-04-25,7.460000038146973,7.525000095367432,7.269999980926514,7.420000076293945,1403800
2024-04-26,7.610000133514404,7.650000095367432,7.429999828338623,7.449999809265137,651200
2024-04-29,7.710000038146973,7.829999923706055,7.619999885559082,7.619999885559082,790800
2024-04-30,7.539999961853027,7.625,7.465000152587891,7.610000133514404,1011600
2024-05-01,7.730000019073486,7.869999885559082,7.565000057220459,7.599999904632568,833400
2024-05-02,7.940000057220459,7.949999809265137,7.724999904632568,7.760000228881836,921700
2024-05-03,8.010000228881836,8.140000343322754,7.920000076293945,8.050000190734863,668100
2024-05-06,8.130000114440918,8.170000076293945,8.045000076293945,8.079999923706055,540900
2024-05-07,8.1899995803833,8.265000343322754,8.140000343322754,8.170000076293945,719700
2024-05-08,8.600000381469727,8.680000305175781,7.889999866485596,7.989999771118164,2198900
2024-05-09,8.6899995803833,8.6899995803833,8.404999732971191,8.5600004196167,1343000
2024-05-10,8.399999618530273,8.765000343322754,8.295000076293945,8.760000228881836,1112800
2024-05-13,8.350000381469727,8.845000267028809,8.300000190734863,8.550000190734863,831700
2024-05-14,8.460000038146973,8.625,8.399999618530273,8.520000457763672,650700
2024-05-15,8.470000267028809,8.529999732971191,8.364999771118164,8.520000457763672,684100
2024-05-16,8.649999618530273,8.725000381469727,8.4399995803833,8.4399995803833,813200
2024-05-17,8.739999771118164,8.800000190734863,8.510000228881836,8.59000015258789,806100
2024-05-20,8.630000114440918,8.835000038146973,8.619999885559082,8.699999809265137,946000
2024-05-21,8.65999984741211,8.710000038146973,8.545000076293945,8.609999656677246,786700
2024-05-22,8.529999732971191,8.6899995803833,8.449999809265137,8.630000114440918,597700
2024-05-23,8.619999885559082,8.664999961853027,8.399999618530273,8.520000457763672,848900
2024-05-24,8.550000190734863,8.6899995803833,8.529999732971191,8.680000305175781,530200
2024-05-28,8.619999885559082,8.65999984741211,8.520000457763672,8.550000190734863,785400
2024-05-29,8.630000114440918,8.640000343322754,8.460000038146973,8.539999961853027,551500
2024-05-30,8.9399995803833,9.024999618530273,8.609999656677246,8.65999984741211,1154600
2024-05-31,9.069999694824219,9.119999885559082,8.869999885559082,8.989999771118164,1106200
2024-06-03,9.039999961853027,9.149999618530273,8.949999809265137,9.149999618530273,672500
2024-06-04,8.84000015258789,9.079999923706055,8.84000015258789,9.0,895400
2024-06-05,8.979999542236328,9.039999961853027,8.819999694824219,8.850000381469727,808100
2024-06-06,9.050000190734863,9.130000114440918,8.920000076293945,8.920000076293945,735100
2024-06-07,8.880000114440918,9.045000076293945,8.835000038146973,8.930000305175781,511200
2024-06-10,8.829999923706055,8.880000114440918,8.680000305175781,8.779999732971191,646000
2024-06-11,8.710000038146973,8.805000305175781,8.675000190734863,8.729999542236328,660500
2024-06-12,8.6899995803833,8.9399995803833,8.680000305175781,8.890000343322754,688000
2024-06-13,8.390000343322754,8.65999984741211,8.34000015258789,8.649999618530273,789600
2024-06-14,8.3100004196167,8.369999885559082,8.199999809265137,8.289999961853027,604800
2024-06-17,8.279999732971191,8.319999694824219,8.1899995803833,8.260000228881836,430000
2024-06-18,8.319999694824219,8.494999885559082,8.289999961853027,8.300000190734863,775200
2024-06-20,8.550000190734863,8.619999885559082,8.239999771118164,8.3100004196167,887800
2024-06-21,9.010000228881836,9.020000457763672,8.510000228881836,8.510000228881836,3322800
2024-06-24,9.0,9.220000267028809,8.954999923706055,9.029999732971191,1947300
2024-06-25,9.119999885559082,9.154999732971191,8.805000305175781,8.960000038146973,1327000
2024-06-26,9.210000038146973,9.350000381469727,9.085000038146973,9.109999656677246,1484800
2024-06-27,9.4399995803833,9.470000267028809,9.220000267028809,9.289999961853027,1039300
2024-06-28,9.619999885559082,9.670000076293945,9.470000267028809,9.489999771118164,1908100
2024-07-01,9.600000381469727,9.6899995803833,9.494999885559082,9.619999885559082,1155100
2024-07-02,9.399999618530273,9.619999885559082,9.380000114440918,9.600000381469727,823100
2024-07-03,9.15999984741211,9.430000305175781,9.069999694824219,9.430000305175781,584200
2024-07-05,9.109999656677246,9.130000114440918,8.90999984741211,9.09000015258789,861700
2024-07-08,9.170000076293945,9.220000267028809,9.085000038146973,9.220000267028809,1074700
2024-07-09,9.350000381469727,9.470000267028809,9.170000076293945,9.1899995803833,1078400
2024-07-10,9.420000076293945,9.430000305175781,9.270000457763672,9.420000076293945,585400
2024-07-11,9.850000381469727,9.880000114440918,9.454999923706055,9.5600004196167,1946700
2024-07-12,9.819999694824219,9.979999542236328,9.8100004196167,9.920000076293945,1043300
2024-07-15,9.949999809265137,10.020000457763672,9.739999771118164,9.859999656677246,1252500
2024-07-16,10.109999656677246,10.149999618530273,9.949999809265137,10.079999923706055,1971600
2024-07-17,10.239999771118164,10.270000457763672,9.914999961853027,10.069999694824219,1184200
2024-07-18,9.970000267028809,10.444999694824219,9.914999961853027,10.239999771118164,1389300
2024-07-19,10.029999732971191,10.09000015258789,9.739999771118164,9.979999542236328,1308500
2024-07-22,10.039999961853027,10.09000015258789,9.765000343322754,10.020000457763672,831300
2024-07-23,10.199999809265137,10.220000267028809,9.944999694824219,9.979999542236328,1355600
2024-07-24,10.020000457763672,10.3100004196167,9.989999771118164,10.170000076293945,969600
2024-07-25,10.085000038146973,10.3100004196167,9.970000267028809,10.069999694824219,940000
2024-07-26,10.319999694824219,10.324999809265137,10.154999732971191,10.25,975400
2024-07-29,10.279999732971191,10.420000076293945,10.21500015258789,10.34000015258789,699500
2024-07-30,10.470000267028809,10.53499984741211,10.260000228881836,10.319999694824219,1176300
2024-07-31,10.600000381469727,10.930000305175781,10.4399995803833,10.470000267028809,1298600
2024-08-01,10.489999771118164,10.6899995803833,10.385000228881836,10.569999694824219,836200
2024-08-02,10.300000190734863,10.520000457763672,10.130000114440918,10.210000038146973,1372600
2024-08-05,10.0,10.109999656677246,9.390000343322754,9.760000228881836,1642100
2024-08-06,10.15999984741211,10.260000228881836,9.859999656677246,9.989999771118164,1030100
2024-08-07,9.220000267028809,10.09000015258789,8.90999984741211,10.050000190734863,2559000
2024-08-08,9.4399995803833,9.484999656677246,8.970000267028809,9.229999542236328,1798000
2024-08-09,9.140000343322754,9.569999694824219,9.0649995803833,9.4399995803833,1172400
2024-08-12,9.170000076293945,9.170000076293945,8.960000038146973,9.09000015258789,915000
2024-08-13,9.579999923706055,9.619999885559082,9.270000457763672,9.350000381469727,732900
2024-08-14,9.609999656677246,9.680000305175781,9.520000457763672,9.539999961853027,647400
2024-08-15,9.729999542236328,9.850000381469727,9.699999809265137,9.803000450134277,738000
2024-08-16,9.789999961853027,9.84000015258789,9.489999771118164,9.729999542236328,713100
2024-08-19,9.779999732971191,9.8100004196167,9.59000015258789,9.720000267028809,760100
2024-08-20,9.460000038146973,9.779999732971191,9.460000038146973,9.779999732971191,933100
2024-08-21,9.460000038146973,9.520000457763672,9.305000305175781,9.5,585100
2024-08-22,9.210000038146973,9.479999542236328,9.145000457763672,9.460000038146973,624200
2024-08-23,9.380000114440918,9.489999771118164,9.239999771118164,9.270000457763672,616300
2024-08-26,9.550000190734863,9.609999656677246,9.359999656677246,9.4399995803833,649700
2024-08-27,9.520000457763672,9.65999984741211,9.484000205993652,9.529999732971191,417000
2024-08-28,9.539999961853027,9.579999923706055,9.390000343322754,9.460000038146973,482700
2024-08-29,9.430000305175781,9.640000343322754,9.385000228881836,9.640000343322754,492300
2024-08-30,9.470000267028809,9.569999694824219,9.380000114440918,9.430000305175781,632300
2024-09-03,9.40999984741211,9.494999885559082,9.050000190734863,9.329999923706055,2796600
2024-09-04,9.180000305175781,9.404999732971191,9.109999656677246,9.180000305175781,1066000
2024-09-05,9.479999542236328,9.619999885559082,9.239999771118164,9.270000457763672,731700
2024-09-06,9.380000114440918,9.5600004196167,9.335000038146973,9.5,508400
2024-09-09,9.1899995803833,9.449999809265137,9.140000343322754,9.34000015258789,528700
2024-09-10,9.069999694824219,9.170000076293945,8.899999618530273,9.170000076293945,757500
2024-09-11,9.170000076293945,9.180000305175781,8.949999809265137,9.020000457763672,509400
2024-09-12,9.380000114440918,9.380000114440918,9.15999984741211,9.220000267028809,465200
2024-09-13,9.59000015258789,9.640000343322754,9.289999961853027,9.5,395200
2024-09-16,9.710000038146973,9.720000267028809,9.545000076293945,9.59000015258789,995900
2024-09-17,9.630000114440918,9.75,9.5,9.739999771118164,611700
2024-09-18,9.59000015258789,9.850000381469727,9.579999923706055,9.630000114440918,916200
2024-09-19,9.579999923706055,9.779999732971191,9.5600004196167,9.770000457763672,728100
2024-09-20,9.449999809265137,9.595000267028809,9.404999732971191,9.510000228881836,2081800
2024-09-23,9.430000305175781,9.569999694824219,9.390000343322754,9.470000267028809,493600
2024-09-24,9.470000267028809,9.585000038146973,9.369999885559082,9.479999542236328,678700
2024-09-25,9.380000114440918,9.460000038146973,9.335000038146973,9.460000038146973,447300
2024-09-26,9.609999656677246,9.625,9.449999809265137,9.470000267028809,528900
2024-09-27,9.760000228881836,9.864999771118164,9.609999656677246,9.699999809265137,429500
2024-09-30,9.489999771118164,9.710000038146973,9.414999961853027,9.699999809265137,483700
2024-10-01,9.59000015258789,9.609999656677246,9.329999923706055,9.470000267028809,563600
2024-10-02,9.619999885559082,9.789999961853027,9.550000190734863,9.579999923706055,456500
2024-10-03,9.479999542236328,9.604999542236328,9.414999961853027,9.550000190734863,598900
2024-10-04,9.670000076293945,9.6899995803833,9.539999961853027,9.569999694824219,421200
2024-10-07,9.40999984741211,9.680000305175781,9.3100004196167,9.609999656677246,509600
2024-10-08,9.380000114440918,9.550000190734863,9.375,9.40999984741211,608100
2024-10-09,9.350000381469727,9.5,9.319999694824219,9.390000343322754,408800
2024-10-10,9.399999618530273,9.430000305175781,9.210000038146973,9.25,539500
2024-10-11,9.510000228881836,9.6899995803833,9.4399995803833,9.4399995803833,376800
2024-10-14,9.489999771118164,9.5600004196167,9.420000076293945,9.510000228881836,418000
2024-10-15,9.420000076293945,9.5,9.40999984741211,9.470000267028809,694400
2024-10-16,9.989999771118164,9.989999771118164,9.460000038146973,9.529999732971191,695500
2024-10-17,9.960000038146973,10.020000457763672,9.895000457763672,10.0,452000
2024-10-18,10.010000228881836,10.050000190734863,9.920000076293945,9.979999542236328,372000
2024-10-21,9.609999656677246,10.039999961853027,9.600000381469727,10.010000228881836,502500
2024-10-22,9.520000457763672,9.654999732971191,9.430000305175781,9.5600004196167,586000
2024-10-23,9.5,9.550000190734863,9.244999885559082,9.489999771118164,539100
2024-10-24,9.720000267028809,9.75,9.5,9.520000457763672,312100
2024-10-25,9.8100004196167,9.90999984741211,9.75,9.8100004196167,275800
2024-10-28,9.8100004196167,10.008000373840332,9.789999961853027,9.90999984741211,370500
2024-10-29,9.619999885559082,9.789999961853027,9.585000038146973,9.720000267028809,339300
2024-10-30,9.739999771118164,9.859999656677246,9.609999656677246,9.609999656677246,446000
2024-10-31,9.680000305175781,9.845000267028809,9.600000381469727,9.729999542236328,493200
2024-11-01,9.779999732971191,10.020000457763672,9.760000228881836,9.800000190734863,486800
2024-11-04,9.760000228881836,9.869999885559082,9.640000343322754,9.729999542236328,292900
2024-11-05,9.880000114440918,9.994999885559082,9.710000038146973,9.710000038146973,490800
2024-11-06,10.239999771118164,10.670000076293945,10.1899995803833,10.539999961853027,1410600
2024-11-07,8.130000114440918,9.239999771118164,7.909999847412109,9.239999771118164,2310000
2024-11-08,7.539999961853027,8.135000228881836,7.46999979019165,8.119999885559082,1324400
2024-11-11,7.360000133514404,7.554999828338623,7.184999942779541,7.550000190734863,1014900
2024-11-12,6.849999904632568,7.309999942779541,6.824999809265137,7.300000190734863,1258000
2024-11-13,6.5,6.889999866485596,6.46999979019165,6.889999866485596,1024600
2024-11-14,6.440000057220459,6.659999847412109,6.364999771118164,6.639999866485596,1187900
2024-11-15,6.389999866485596,6.505000114440918,6.269999980926514,6.5,979200
2024-11-18,6.590000152587891,6.715000152587891,6.360000133514404,6.360000133514404,943400
2024-11-19,6.909999847412109,6.929999828338623,6.610000133514404,6.630000114440918,796600
2024-11-20,6.980000019073486,7.0,6.730000019073486,6.900000095367432,923400
2024-11-21,6.96999979019165,7.070000171661377,6.860000133514404,6.960000038146973,675000
2024-11-22,7.039999961853027,7.099999904632568,6.940000057220459,6.949999809265137,657900
2024-11-25,7.420000076293945,7.590000152587891,7.079999923706055,7.099999904632568,1274400
2024-11-26,7.03000020980835,7.429999828338623,6.864999771118164,7.409999847412109,1090900
2024-11-27,7.010000228881836,7.190000057220459,6.989999771118164,7.059999942779541,625100
2024-11-29,6.909999847412109,7.079999923706055,6.860000133514404,7.059999942779541,640400
2024-12-02,7.03000020980835,7.190000057220459,6.809999942779541,7.119999885559082,1083000
2024-12-03,6.949999809265137,7.070000171661377,6.849999904632568,7.039999961853027,672600
2024-12-04,6.809999942779541,6.909999847412109,6.659999847412109,6.849999904632568,1369700
2024-12-05,6.800000190734863,7.019999980926514,6.800000190734863,6.849999904632568,1188300
2024-12-06,6.820000171661377,6.960000038146973,6.769999980926514,6.860000133514404,1085200
2024-12-09,6.739999771118164,7.0,6.739999771118164,6.920000076293945,1108700
2024-12-10,6.800000190734863,6.835000038146973,6.659999847412109,6.730000019073486,845500
2024-12-11,6.920000076293945,6.949999809265137,6.679999828338623,6.860000133514404,660300
2024-12-12,6.739999771118164,6.980000019073486,6.739999771118164,6.900000095367432,1277200
2024-12-13,6.670000076293945,6.739999771118164,6.625,6.699999809265137,843000
2024-12-16,6.599999904632568,6.684999942779541,6.574999809265137,6.639999866485596,1332400
2024-12-17,6.550000190734863,6.679999828338623,6.539999961853027,6.559999942779541,1370100
2024-12-18,6.400000095367432,6.659999847412109,6.349999904632568,6.559999942779541,1577600
2024-12-19,6.21999979019165,6.489999771118164,6.150000095367432,6.420000076293945,1262900
2024-12-20,6.230000019073486,6.329999923706055,6.159999847412109,6.159999847412109,2543800
2024-12-23,6.130000114440918,6.260000228881836,6.019999980926514,6.159999847412109,1147200
2024-12-24,6.349999904632568,6.360000133514404,6.175000190734863,6.199999809265137,603400
2024-12-26,6.360000133514404,6.429999828338623,6.28000020980835,6.300000190734863,720600
2024-12-27,6.380000114440918,6.46999979019165,6.309999942779541,6.349999904632568,707000
2024-12-30,6.230000019073486,6.360000133514404,6.179999828338623,6.360000133514404,691100
2024-12-31,6.340000152587891,6.369999885559082,6.204999923706055,6.230000019073486,570600
2025-01-02,6.369999885559082,6.478000164031982,6.304999828338623,6.360000133514404,469300
2025-01-03,6.429999828338623,6.46999979019165,6.300000190734863,6.420000076293945,538600
2025-01-06,6.710000038146973,6.889999866485596,6.519999980926514,6.519999980926514,1195000
2025-01-07,6.670000076293945,6.809999942779541,6.59499979019165,6.71999979019165,671800
2025-01-08,6.630000114440918,6.679999828338623,6.53000020980835,6.650000095367432,804900
2025-01-10,6.480000019073486,6.590000152587891,6.309999942779541,6.53000020980835,638200
2025-01-13,6.21999979019165,6.420000076293945,6.175000190734863,6.409999847412109,842800
2025-01-14,6.300000190734863,6.300000190734863,6.135000228881836,6.21999979019165,534300
2025-01-15,6.570000171661377,6.599999904632568,6.389999866485596,6.460000038146973,489100
2025-01-16,6.579999923706055,6.605000019073486,6.489999771118164,6.570000171661377,451900
2025-01-17,6.659999847412109,6.675000190734863,6.5,6.639999866485596,780200
2025-01-21,6.869999885559082,7.0,6.715000152587891,6.760000228881836,606200
2025-01-22,6.849999904632568,6.929999828338623,6.78000020980835,6.800000190734863,728800
2025-01-23,6.78000020980835,6.909999847412109,6.675000190734863,6.760000228881836,746600
2025-01-24,6.840000152587891,6.869999885559082,6.739999771118164,6.809999942779541,448300
2025-01-27,6.880000114440918,7.03000020980835,6.760000228881836,6.849999904632568,676563
