Price,Close,High,Low,Open,Volume
Ticker,MLAB,MLAB,MLAB,MLAB,MLAB
Date,,,,,
2020-01-28,259.5397644042969,261.5029258642238,251.4318979890493,259.9127698745576,50100
2020-01-29,261.2379150390625,262.86731272234965,255.868667141315,260.14834483032246,27800
2020-01-30,262.1704406738281,262.9164517483809,254.62208110780466,259.8146524897592,35100
2020-01-31,257.60595703125,261.5421039363283,257.17405926810375,261.5421039363283,69700
2020-02-03,260.1188659667969,261.9838631656548,256.4968310593504,259.2550702227877,49500
2020-02-04,259.02935791015625,263.9274362558265,255.21099442266976,262.6611887036601,23300
2020-02-05,259.0685729980469,263.0341671998341,258.42072617630953,260.9826672420646,34300
2020-02-06,265.2721862792969,265.2721862792969,258.15572614784486,259.65754343253957,41600
2020-02-07,263.2696838378906,265.9101376421285,261.64025669790107,263.65251459161925,19700
2020-02-10,248.61474609375,260.70782690370675,245.86631727532964,260.4133347351203,57900
2020-02-11,244.30557250976562,247.3779242986245,241.64548273773693,241.64548273773693,78300
2020-02-12,252.8748016357422,254.72017804605997,245.41479770080124,245.41479770080124,43600
2020-02-13,254.9655303955078,255.21092551619645,252.00116812155417,253.4244418482729,39600
2020-02-14,257.0170593261719,258.14587101900446,251.48096034880572,254.22937403182968,53500
2020-02-18,258.99981689453125,262.8868972506138,255.0734948862973,257.8513844821802,30700
2020-02-19,262.7691650390625,263.0636272665029,260.668567965102,261.7483127248263,23700
2020-02-20,264.7322998046875,265.23288554097763,261.2771169211587,262.0820202024774,28100
2020-02-21,264.516357421875,266.4598678865038,259.62807512886565,264.5850452994242,29700
2020-02-24,262.0819396972656,262.4745658255716,256.76176129904144,258.008387449616,37600
2020-02-25,256.1925354003906,263.3188201087702,252.85516736711023,263.3188201087702,59400
2020-02-26,252.1385955810547,259.80473741679896,251.31407149900943,257.5961811399222,26800
2020-02-27,242.61135864257812,255.26201754460584,242.61135864257812,248.16075513659715,37700
2020-02-28,235.02880859375,246.9133424157967,230.82502639597956,239.65494130923332,63900
2020-03-02,246.86419677734375,248.7598356151079,235.5297047947494,235.5297047947494,30600
2020-03-03,241.47201538085938,257.334417161442,238.32898760908117,247.12943839333929,37300
2020-03-04,250.34117126464844,253.8967024960045,242.8175748587804,245.449842955857,105600
2020-03-05,252.619873046875,254.32887806728223,240.4210314199578,245.22395119594108,43700
2020-03-06,244.870361328125,251.44123025097346,240.25406048889909,248.88752426141093,35000
2020-03-09,231.78759765625,239.91031828637477,229.33211657377927,234.4689788019292,35900
2020-03-10,232.33761596679688,237.27804255576643,221.97548311596142,237.16018426324763,26500
2020-03-11,226.8766326904297,234.55736962830153,220.2762984232667,227.7704164032439,37000
2020-03-12,209.20701599121094,221.97551931461817,205.49432930075497,216.08236393458407,44600
2020-03-13,200.28868103027344,220.9932995118789,190.53551727227483,216.259124746321,62500
2020-03-16,189.07205200195312,190.69266359571415,178.6608057410444,190.69266359571415,48400
2020-03-17,195.16160583496094,205.22907684921276,178.77864556360873,191.94983283696288,73000
2020-03-18,199.385009765625,204.4040123350698,179.23042231609156,186.83259507885268,58300
2020-03-19,212.0847930908203,237.69055559151641,193.3052796101948,199.35558825851112,64100
2020-03-20,193.83567810058594,220.02091635996948,191.1150009286159,212.5660795652632,39000
2020-03-23,187.2942657470703,206.26039804562032,182.25561408466612,194.70982115040943,55200
2020-03-24,211.94728088378906,212.98841736525858,194.48390207737606,194.48390207737606,49700
2020-03-25,211.04367065429688,219.26463101778202,191.28196488071058,213.5679122498521,97100
2020-03-26,216.21983337402344,219.10748141509984,202.0664373561307,213.2437916142365,31400
2020-03-27,202.31199645996094,213.27326778831042,195.37772016756372,210.7686740458068,32900
2020-03-30,214.9528045654297,215.28674637184204,197.43048142520436,202.33162671027767,32100
2020-03-31,222.0638427734375,227.96682780275304,207.69438031039755,214.8152741411062,58900
2020-04-01,205.25857543945312,217.06453296735995,203.71654107544882,211.4169263403811,22700
2020-04-02,215.129638671875,215.21803240679765,198.87434854547237,204.2960557601006,16700
2020-04-03,205.3076629638672,216.08231409760867,204.6594124246786,213.43039778564207,85700
2020-04-06,209.4918212890625,213.14557840591502,206.75151094495683,210.02221360538454,35700
2020-04-07,206.28004455566406,215.8367720643415,199.6797106683148,210.28739120063082,39100
2020-04-08,206.32913208007812,207.88098263840465,200.85831408219045,207.48811173527008,47100
2020-04-09,221.35670471191406,222.7317831158369,206.25059522335053,210.38561699000957,39100
2020-04-13,210.79811096191406,223.09516300698934,206.2505707106691,219.0583519715527,22700
2020-04-14,220.0012664794922,224.9318612097765,209.5998382632089,215.4635277012579,26100
2020-04-15,207.31134033203125,215.0215410575879,205.86751642158066,212.01603495405908,21600
2020-04-16,211.17137145996094,214.9429867765823,205.26840037868013,206.3193384805781,36200
2020-04-17,217.4672393798828,224.23454492982776,209.85524770236984,216.08234439391643,19100
2020-04-20,217.85028076171875,220.49238075742213,214.2751009686763,214.35367816036663,14400
2020-04-21,212.36961364746094,217.53593958816006,205.02281967015136,213.13572241847922,13100
2020-04-22,218.94053649902344,220.99331525269653,214.91354120403585,215.89573371627006,14800
2020-04-23,218.46905517578125,222.42730445976656,211.41692071685782,219.42178303256475,21000
2020-04-24,225.21673583984375,231.7679578009203,216.2787783889935,219.44143933393633,18600
2020-04-27,236.95391845703125,241.34431972025746,226.64089817185476,228.85083109010688,26100
2020-04-28,235.73597717285156,241.3246539627367,231.0705635767559,239.28169210536691,37600
2020-04-29,238.5057830810547,247.44372495844246,237.120888195568,244.57572493938352,27900
2020-04-30,233.7617950439453,238.74151778762314,228.26151151867276,238.74151778762314,73500
2020-05-01,226.66053771972656,231.2866553957608,224.93186955452802,227.12216933319968,100300
2020-05-04,223.35052490234375,225.86494980061116,219.3726580435635,225.4131347445052,23700
2020-05-05,220.86558532714844,229.73478090325668,220.86558532714844,226.03192659515912,23500
2020-05-06,231.79737854003906,235.0287845533438,223.81215049193037,223.81215049193037,28500
2020-05-07,234.15464782714844,234.74396922588912,226.54265719325457,234.74396922588912,41200
2020-05-08,230.0294189453125,239.19327431645715,224.8139805639265,235.7261369182497,37100
2020-05-11,231.9938507080078,233.98770015689175,224.2836490669393,225.9631897420744,36400
2020-05-12,222.32904052734375,233.81087044231197,222.32904052734375,230.68749126288097,19700
2020-05-13,225.11849975585938,226.88644910997388,219.67716034121102,224.0577301433907,35400
2020-05-14,226.67034912109375,230.80538550501817,216.72073582907964,221.6513456178261,39700
2020-05-15,233.72250366210938,235.4806214153854,223.95950907702996,228.38919128370233,35700
2020-05-18,240.3326416015625,245.35164496507537,238.75131136409775,238.82988854828386,32700
2020-05-19,239.4683380126953,244.35965220048823,234.94043023429057,237.34679873109815,32400
2020-05-20,241.62913513183594,247.51247271594357,241.62913513183594,243.92747662579694,24000
2020-05-21,240.18533325195312,247.41427022695106,240.18533325195312,243.2694169213723,19300
2020-05-22,244.4676971435547,244.59538695913503,239.8219310070909,240.11659174231684,20900
2020-05-26,253.56277465820312,255.32090731575585,249.19202180179371,249.19202180179371,23300
2020-05-27,255.37002563476562,259.86845366694394,243.68194199477037,254.18158121591506,31100
2020-05-28,254.95721435546875,260.44120849226675,247.4682909175708,257.0210640890756,27900
2020-05-29,259.7041015625,263.3895902317881,247.77294684364307,253.75819183974866,39100
2020-06-01,253.98422241210938,264.37239393715384,252.25452008093515,252.25452008093515,48700
2020-06-02,244.86390686035156,258.52478141065285,241.9941409474931,255.2324349127426,35500
2020-06-03,237.60104370117188,250.08258003460742,237.30621654065516,245.8860318264774,35000
2020-06-04,244.952392578125,247.86146404719972,233.56176102602944,233.56176102602944,38600
2020-06-05,242.9474639892578,246.387254177202,239.8123385328386,245.6992991388722,51600
2020-06-08,241.71896362304688,243.73370084298372,238.82953751203334,243.73370084298372,33800
2020-06-09,231.93032836914062,235.0654389989812,230.29888133543074,232.84432261319387,83700
2020-06-10,218.48562622070312,234.87869004587077,213.27679846463363,230.95732412273802,283600
2020-06-11,217.42417907714844,220.11704829254984,211.30135788258244,217.1981399630266,99600
2020-06-12,221.20797729492188,225.78781546755476,219.16375748830083,224.07774308220894,61700
2020-06-15,222.8197784423828,223.09496045381167,216.29400574966496,216.6478133352585,49900
2020-06-16,225.08021545410156,228.5101680313066,222.3873457691762,224.53967400322122,92100
2020-06-17,227.8124237060547,231.5077362619069,225.41439582552297,227.3210250418899,45200
2020-06-18,222.9180908203125,229.87628250869793,222.66255392464126,225.39472921937985,24800
2020-06-19,217.6601104736328,225.41438025880512,216.3038454553842,225.41438025880512,139200
2020-06-22,218.7215118408203,220.93280545975318,212.28418741755678,216.61832650977593,31000
2020-06-23,218.43650817871094,221.34559459436278,217.27681463896246,220.146580767266,21000
2020-06-24,208.2940216064453,218.0826724106634,208.2940216064453,216.52002860702223,42200
2020-06-25,212.52987670898438,215.18342592759498,205.03112990189493,209.06060408310307,99800
2020-06-26,204.9623565673828,213.19818680577313,204.9623565673828,213.19818680577313,54400
2020-06-29,208.53973388671875,209.6208017758642,206.23999210819477,207.38986299745676,28500
2020-06-30,213.07040405273438,213.88612740613817,209.19818126517856,209.80751063911922,45100
2020-07-01,211.5077667236328,215.8812107415082,209.3456011450936,212.55935180383744,37200
2020-07-02,213.19821166992188,219.55691141789876,211.95006989286497,212.91320705051822,28000
2020-07-06,218.51510620117188,222.7607969216436,213.8763026345648,215.1146365928493,47000
2020-07-07,214.55442810058594,219.13426609175335,213.52248816749469,217.20797721689678,25900
2020-07-08,217.68959045410156,219.27189462339405,214.81000171539122,215.4586365019522,30000
2020-07-09,214.38735961914062,220.69691522586544,210.08270350576174,217.11953436795093,61800
2020-07-10,216.2153778076172,217.3947314145816,212.98198171059113,212.98198171059113,41500
2020-07-13,207.46847534179688,217.51266297773114,206.40705266639728,217.51266297773114,64100
2020-07-14,213.56182861328125,213.8566707643313,203.9795561800704,209.3259751986229,28000
2020-07-15,224.35292053222656,226.5150711505,217.22764156535914,217.2473017062989,34900
2020-07-16,221.1392059326172,223.5667163629696,218.3972081773397,222.45616565736063,16700
2020-07-17,225.0900115966797,230.908168447758,220.1465435374834,220.1465435374834,35300
2020-07-20,224.0679473876953,228.48069738272687,212.28420312132212,225.07038977176865,25000
2020-07-21,225.4733123779297,227.89099987978,222.28904432589866,226.04333650432193,21200
2020-07-22,219.1637420654297,225.55192288796465,215.61584411644702,223.25218139096236,40300
2020-07-23,227.8418731689453,229.34555166209927,218.1613148994163,218.89841278807197,45000
2020-07-24,227.62564086914062,233.61087171258424,226.7116317522541,226.7116317522541,34200
2020-07-27,228.00894165039062,229.73865925734825,223.085133266003,227.6059912147426,35600
2020-07-28,219.84185791015625,229.9155269118335,216.88362941545165,227.02610140365306,27900
2020-07-29,227.026123046875,228.2349592433573,219.85170144050733,219.85170144050733,26500
2020-07-30,229.43399047851562,232.16616534164442,223.49790232166663,225.57160489726525,40300
2020-07-31,232.8639678955078,234.64282840463417,227.54703151453703,229.4831431726998,44100
2020-08-03,237.00149536132812,241.09977213123798,230.96712225871477,235.56662011013154,35300
2020-08-04,239.29144287109375,242.73123285279738,231.9990899094374,238.31848330246874,30400
2020-08-05,242.59364318847656,242.94745075982215,238.80004561649673,241.8565453311978,22200
2020-08-06,236.1465606689453,243.72393530463677,235.88120116906396,243.02614254459266,22400
2020-08-07,247.497802734375,248.85406757087347,235.03592734366612,235.03592734366612,29000
2020-08-10,242.75088500976562,247.56658482723134,226.79025462098411,245.6992763256737,37000
2020-08-11,238.90811157226562,248.45107673871186,234.2005206895739,244.02849037863456,39700
2020-08-12,241.86639404296875,247.34056658381283,236.93274795866222,242.05311291186092,34700
2020-08-13,243.13418579101562,243.54695879353056,239.7828439179535,241.25703963963304,26700
2020-08-14,238.14158630371094,243.6845618925661,237.9253697207599,242.4855481130358,29800
2020-08-17,240.30372619628906,244.3135403753275,237.9941618872556,238.02364460210705,41000
2020-08-18,238.8197479248047,239.98927913092217,235.2325437178686,239.80254524136768,28100
2020-08-19,238.80987548828125,240.9818487064646,237.65016709880246,240.5887358604377,19500
2020-08-20,236.81480407714844,238.33812763826427,234.62315567034753,238.33812763826427,18900
2020-08-21,232.51016235351562,236.74601586748895,229.19814060288866,236.4708338524022,91600
2020-08-24,233.7877960205078,236.1661633766465,231.13423165968115,233.5420967275642,25900
2020-08-25,233.8369140625,236.392192600327,230.90818281256162,236.392192600327,18200
2020-08-26,235.87132263183594,236.88360252509398,232.12686778446272,232.33324679384046,32000
2020-08-27,236.96218872070312,239.98920532434025,234.6133044563483,236.1169826885428,26900
2020-08-28,240.93533325195312,240.93533325195312,236.94251509925252,239.15527679426793,13200
2020-08-31,241.84996032714844,242.9415901481287,235.65422391094285,240.41413209797756,27900
2020-09-01,245.86241149902344,245.86241149902344,241.04351423614287,241.43688809204102,27500
2020-09-02,247.7211456298828,248.52758159110624,245.43955011718657,246.25580016695932,20400
2020-09-03,240.3452606201172,247.8489862908576,238.81108155909442,247.8489862908576,23700
2020-09-04,239.3028564453125,244.87901535567312,235.39855929717353,243.364509172691,30300
2020-09-08,235.75259399414062,238.74227486883223,234.09056138364042,236.3328257912225,40400
2020-09-09,243.1087646484375,246.19679612917457,237.27691508702628,237.27691508702628,30800
2020-09-10,242.8039093017578,246.0689696898805,242.4006913008898,245.41988925037384,29800
2020-09-11,242.77439880371094,245.35103227155184,241.50575526596728,241.50575526596728,28000
2020-09-14,242.0270233154297,248.0752341210324,241.55495656492812,245.12488445854243,41000
2020-09-15,242.40069580078125,245.83294091014366,241.6041038858045,243.89554365720517,23800
2020-09-16,243.93482971191406,245.5968619200894,243.4529490167921,244.2888721645801,43800
2020-09-17,243.89556884765625,245.4297482506973,241.43694416169197,241.43694416169197,36200
2020-09-18,241.5155792236328,245.58706038301602,241.27954589328758,245.3411979579174,228900
2020-09-21,232.39898681640625,240.06989716772952,226.90150681702076,237.01136812405292,33100
2020-09-22,231.3565216064453,235.02478446353496,225.20996152125815,232.16295749262198,27200
2020-09-23,230.55007934570312,233.66762774021197,228.80938438220738,232.0252537253604,21100
2020-09-24,236.7163543701172,237.542448567503,230.21575085243984,230.21575085243984,40600
2020-09-25,240.650146484375,240.650146484375,235.75257101943814,236.2639690819673,26600
2020-09-28,246.90487670898438,248.38005124361746,242.82356649900012,242.82356649900012,24200
2020-09-29,251.63528442382812,252.07784881930812,238.093192079701,238.093192079701,27100
2020-09-30,250.54364013671875,254.03488957250877,246.0886141968062,252.66791009619058,38200
2020-10-01,254.12342834472656,254.68400194702355,249.67824594779918,251.2419275653854,30800
2020-10-02,254.71351623535156,255.9919890608732,250.46500559552828,250.46500559552828,26100
2020-10-05,256.23779296875,258.8931190149293,254.71345802418497,254.71345802418497,19500
2020-10-06,261.59765625,264.98072608521113,258.10642133888445,258.7554718193255,38200
2020-10-07,268.8850402832031,270.4487220199263,262.66962972323387,263.5154122422373,33700
2020-10-08,273.28106689453125,273.28106689453125,270.4487263403112,270.4487263403112,28800
2020-10-09,278.2867736816406,279.3783884852865,274.5299884778694,275.3167662761091,25100
2020-10-12,279.3587646484375,281.6108732298712,275.1496004508825,280.2832099172353,22300
2020-10-13,277.4803466796875,284.02028164949394,276.48708282021653,278.3162849869196,27400
2020-10-14,272.3073425292969,282.2893488076726,272.04179196013297,279.732374142092,34000
2020-10-15,276.2509765625,277.0082519348818,269.5438433321122,272.4745338377286,21100
2020-10-16,274.5201416015625,279.26034596510283,274.5201416015625,275.8576186800716,19200
2020-10-19,270.5469970703125,276.3690020267489,270.45849020581437,275.857619027704,17300
2020-10-20,270.556884765625,273.064699992016,268.06875774503476,272.6811401290057,12100
2020-10-21,267.0065612792969,273.29081850877617,263.623492319178,271.8549605113133,21400
2020-10-22,273.65478515625,275.9954007748057,265.6101419772414,268.934207518719,16500
2020-10-23,272.7794494628906,274.76603714482735,270.9994078352669,273.3891834994241,14300
2020-10-26,269.9570007324219,270.0848540229306,265.954352389234,268.4818258650316,17700
2020-10-27,269.8979797363281,271.43215910417723,267.89173363509946,269.46525940052373,23200
2020-10-28,257.26055908203125,268.97344659178765,257.22121269731184,266.642676006502,41200
2020-10-29,261.8828430175781,263.84974252273474,253.73988026672995,255.80510073714066,26400
2020-10-30,257.0835876464844,261.8828269465512,255.72642226921107,261.83363645443814,18300
2020-11-02,256.96563720703125,260.56506750462074,254.93973277908614,258.65717226470974,23100
2020-11-03,259.6307678222656,264.99058166299386,257.6737121688202,257.6737121688202,33700
2020-11-04,261.9123229980469,265.06918803139706,259.7192194321202,260.3092952359011,26800
2020-11-05,263.5547180175781,267.085299408657,262.56145406883957,265.2462529749691,26200
2020-11-06,260.938720703125,264.6660038268381,259.8471058375092,262.35489080784697,17500
2020-11-09,262.6990966796875,271.1272683769163,262.6990966796875,266.49522838277335,29800
2020-11-10,268.8751525878906,270.74370108912694,262.8072845064412,266.62304428251673,33400
2020-11-11,267.5966796875,270.8912423119955,266.5542253663169,269.63242784797234,14000
2020-11-12,269.0030212402344,269.878305963834,266.6525918365618,267.49834425430413,25700
2020-11-13,275.86749267578125,278.6407980979364,268.8653354177089,270.4486750730438,32100
2020-11-16,284.6694030761719,284.84644686980937,275.3856335074515,277.736093202741,31200
2020-11-17,285.1905517578125,286.57721935296814,278.3162483719889,280.80437476294156,32900
2020-11-18,274.48089599609375,287.354252659788,274.2251893967538,287.354252659788,36000
2020-11-19,270.4388122558594,275.46425562229297,266.00347470011474,275.46425562229297,34100
2020-11-20,274.9822998046875,278.0014969673692,267.3900984900564,267.3900984900564,27300
2020-11-23,276.2509765625,278.3162266496794,275.11017146660566,278.3162266496794,22900
2020-11-24,265.8264465332031,278.00155883317996,264.5578180071177,276.7525884969357,52700
2020-11-25,266.1510314941406,270.03564030344893,263.67271872199257,265.7674716555913,23000
2020-11-27,270.2347717285156,270.59885864065456,256.68466647770936,264.31091190096157,11200
2020-11-30,267.42034912109375,269.3195222761275,265.69829438844374,269.2407829571227,36500
2020-12-01,269.71319580078125,275.5288256895014,267.754982685028,271.76981807461823,33700
2020-12-02,267.0563049316406,270.6775333966699,267.0563049316406,267.8041483999091,18200
2020-12-03,262.628173828125,270.60865464700964,262.628173828125,268.70948111438514,37400
2020-12-04,267.509033203125,268.68985326713056,260.9455283164425,260.9455283164425,26300
2020-12-07,264.6946105957031,268.95548359871077,261.15212139361984,265.6884919716496,22900
2020-12-08,267.9615478515625,267.9615478515625,262.78553385594,264.77329620450257,49600
2020-12-09,263.4547424316406,269.4573100590499,263.4547424316406,266.0427198363479,23000
2020-12-10,277.2409973144531,277.42796568306784,263.6417061753134,263.6417061753134,50300
2020-12-11,279.8584899902344,281.92496168402096,274.5447270849628,274.5447270849628,18700
2020-12-14,273.1277770996094,280.7540211230304,272.00599682028536,280.7540211230304,25700
2020-12-15,276.6506652832031,278.63839835348807,269.8510031553398,275.18443774234925,36000
2020-12-16,275.0564880371094,276.9950313917634,273.57062081722916,275.39105516046845,15200
2020-12-17,281.9349060058594,282.01361532129266,275.5387005450547,276.3160638946565,23200
2020-12-18,277.2409973144531,285.4675154427356,276.6899421323008,283.76513030807445,96300
2020-12-21,280.68511962890625,282.5351035494693,273.6394508824193,273.7673797750496,23300
2020-12-22,280.9410095214844,284.5327186984566,280.4489937429879,281.6199936982303,11600
2020-12-23,281.0788269042969,282.8008823652166,278.0086227999783,278.0086227999783,12400
2020-12-24,280.25213623046875,280.96064005364053,276.3160105529046,280.96064005364053,7500
2020-12-28,277.0934143066406,283.5978778515865,276.38491045656,282.2202097879109,16000
2020-12-29,277.04425048828125,279.2681413666333,273.5706203243509,279.2681413666333,15700
2020-12-30,277.34930419921875,281.413359390925,275.568209458728,279.26814774386787,18400
2020-12-31,282.0628356933594,283.57822275413247,274.4464105954923,275.19428423033617,20300
2021-01-04,274.74163818359375,283.4011043602753,274.4168909345678,280.5670885118307,32000
2021-01-05,276.51287841796875,279.7700205976243,274.36769674640163,276.30624019132523,20200
2021-01-06,284.6802673339844,289.11825848480254,276.148732052999,277.89045679151127,34100
2021-01-07,286.9928283691406,290.28934044464944,284.1588123762287,286.0186466329258,13300
2021-01-08,285.0739440917969,286.79599925624103,283.9127640722035,285.17232321984375,14300
2021-01-11,285.47735595703125,285.47735595703125,279.9766236316111,280.6753075985889,19000
2021-01-12,292.0507507324219,293.6350272142929,286.35319928659675,286.35319928659675,19900
2021-01-13,290.47625732421875,295.20944637873725,288.5869036540814,292.1392729412396,18300
2021-01-14,292.2672424316406,297.47274810397727,291.84408601006425,292.2672424316406,23500
2021-01-15,290.6140441894531,303.05221824089676,288.73457022790996,290.01379931770344,25900
2021-01-19,287.3371887207031,294.6190155794914,286.37282707095335,294.0482905412361,18200
2021-01-20,288.1243591308594,290.7418860515671,286.1956661477994,287.8291617462976,25000
2021-01-21,283.7947082519531,290.78133863814355,283.40110161687085,289.77763721414453,11600
2021-01-22,283.6963806152344,288.34101231662225,280.5868662832788,281.4527891172071,24800
2021-01-25,282.41705322265625,283.24363611626217,280.0553835223166,281.2165335373635,12900
2021-01-26,290.3581848144531,294.353350341965,284.04068930799485,285.36913785232457,24400
2021-01-27,286.5401611328125,294.95361921633247,281.6101532565702,285.7233980960572,24300
2021-01-28,278.4809265136719,290.18107596794044,277.1131082551402,290.18107596794044,23000
2021-01-29,272.7144775390625,280.5473591012605,272.7144775390625,278.47103722445837,19700
2021-02-01,273.5115661621094,277.5854409373845,271.6517322212552,273.7870937796146,22400
2021-02-02,279.00244140625,281.3838107762664,273.7575668859979,273.7575668859979,30100
2021-02-03,277.49688720703125,278.1266817911033,268.29618653649106,277.152470170758,29300
2021-02-04,281.541259765625,283.0861965470472,278.72694387308206,278.94343202099,17600
2021-02-05,283.0074768066406,286.84519380518645,257.08808965614276,282.46624144168277,15100
2021-02-08,277.998779296875,281.43304000048397,273.8559846037509,280.22267031126603,38000
2021-02-09,274.5054016113281,277.35908677625986,274.0527555581957,275.4402434897872,19200
2021-02-10,277.1918640136719,279.70113258344355,272.99005988942434,273.816642830411,27400
2021-02-11,279.1598815917969,279.46492893574987,275.5091333581854,275.86337026203165,31800
2021-02-12,282.1021423339844,287.66191428561393,278.61869245662126,279.16974769248407,14700
2021-02-16,270.2839660644531,282.5449910870982,270.08714773724273,282.1218647168823,74400
2021-02-17,274.8793029785156,279.00239657653685,267.9123745057037,270.559421136326,27000
2021-02-18,274.2791442871094,278.0774919262492,272.19297202703376,275.2139563080668,22700
2021-02-19,272.0256652832031,275.3812162404133,272.0256652832031,274.00357817168157,25000
2021-02-22,271.5828552246094,272.83259450028015,270.323296054111,271.2876577745939,11900
2021-02-23,272.5767822265625,273.8757112841475,269.40819893593124,269.40819893593124,24500
2021-02-24,272.67510986328125,275.28278709512864,271.42537075254756,273.06871642144125,19500
2021-02-25,271.75946044921875,274.457254881972,269.83947839602365,271.0111548206737,22200
2021-02-26,267.7225646972656,273.00986139772743,265.76322049479404,272.8424661923543,22100
2021-03-01,274.2308044433594,274.2308044433594,267.8210783320538,269.6622756806086,17700
2021-03-02,273.63018798828125,278.57286914192633,273.63018798828125,274.8806191637513,20200
2021-03-03,273.4234313964844,278.3070389720348,272.25175499534356,274.97908617199505,22200
2021-03-04,265.89117431640625,274.348913369374,265.81241955028656,274.348913369374,25200
2021-03-05,264.7589416503906,266.9348993000146,263.459262401363,266.9348993000146,30500
2021-03-08,258.9498291015625,267.0629243981022,257.472928935584,264.2469825044898,23300
2021-03-09,262.88818359375,266.3146021970537,258.3491922998696,258.9497838395365,20700
2021-03-10,263.3804626464844,268.8449798524449,263.1441682952308,267.48625728513383,27800
2021-03-11,264.2666320800781,268.46103766499084,264.09926690794816,265.9896820676221,20800
2021-03-12,262.189208984375,264.660535179483,259.7769263528424,259.7769263528424,27300
2021-03-15,264.2666320800781,266.83645368625656,260.1608669364191,260.8894613159177,36900
2021-03-16,261.5196228027344,268.5102896469453,261.5196228027344,263.6758994640036,26800
2021-03-17,257.79779052734375,261.4014299338384,256.8525829929273,261.3128195444499,31800
2021-03-18,249.6354522705078,258.62486919738836,249.01516454910941,256.88210814228114,24600
2021-03-19,248.591796875,252.73696937011306,246.730903527741,252.73696937011306,59600
2021-03-22,240.5673370361328,252.0280812561823,240.5673370361328,250.1671877238275,55600
2021-03-23,242.86141967773438,249.57638331436053,237.96795687736287,242.17220273904877,54400
2021-03-24,241.02024841308594,251.87054556619373,239.72058411209758,244.73219494353427,44400
2021-03-25,240.73471069335938,241.7882399515826,233.5274311617885,237.55445675875853,29900
2021-03-26,239.27749633789062,246.70137373148842,234.46280293620228,243.0091237294635,34500
2021-03-29,241.0103759765625,245.20476637966212,237.65288652160322,239.26762984814798,35700
2021-03-30,242.4380645751953,245.77585812268364,239.3267398549173,239.3267398549173,40300
2021-03-31,239.7501220703125,244.5845121210575,239.56304564928251,243.57037522960493,27500
2021-04-01,244.72232055664062,247.16412422577005,241.55190751600352,241.55190751600352,13000
2021-04-05,239.98646545410156,247.92234090360733,239.52370214412528,244.61408353005726,32300
2021-04-06,238.9525909423828,244.42696487165114,238.19444468958994,239.93719100228876,31600
2021-04-07,234.33482360839844,239.53351093024335,233.88190095229444,237.97784097065872,21000
2021-04-08,231.38099670410156,240.26209278426015,229.68748352632045,236.11692023283229,51400
2021-04-09,237.2886199951172,239.11013615812865,229.29367212904037,229.8942787806026,26700
2021-04-12,242.2509765625,248.316116147507,237.28859918991483,237.43628317988916,44100
2021-04-13,248.38507080078125,250.2262681754722,240.76426063762915,240.76426063762915,41400
2021-04-14,253.36708068847656,255.5824304778373,248.3062527944246,251.1615865134131,42900
2021-04-15,249.10377502441406,255.1787696362716,245.57890557496728,255.1787696362716,25600
2021-04-16,249.1628875732422,251.34870089776194,246.2878572148208,251.08285467618398,25800
2021-04-19,249.6846923828125,249.9505385703002,244.49586157425722,247.42010954141168,17600
2021-04-20,248.42442321777344,252.62865439423058,248.26688361230052,249.6847100139494,25200
2021-04-21,252.79608154296875,254.41084016730397,249.3401405203184,249.3401405203184,14000
2021-04-22,253.31790161132812,253.79052045610405,250.66932505263912,251.17148069723797,13200
2021-04-23,257.6402893066406,260.8894572130108,251.07299423645006,251.07299423645006,41100
2021-04-26,256.9510192871094,259.3731264598236,253.27845109763928,257.96515591188177,39000
2021-04-27,251.22068786621094,258.1621360018653,249.93086425012064,258.1621360018653,12100
2021-04-28,251.31918334960938,252.19549188874552,250.0982737790275,252.19549188874552,7500
2021-04-29,246.16970825195312,251.08285287712297,245.5691016216128,250.09825282894568,16800
2021-04-30,244.82078552246094,248.42442515072386,243.7180383231776,244.2497307398348,20700
2021-05-03,245.6675567626953,246.54385021942588,244.1611198654372,244.1611198654372,23200
2021-05-04,246.58323669433594,247.10507351420918,241.91622709100076,241.91622709100076,17600
2021-05-05,246.0318603515625,247.21337738302998,243.6786668803599,246.73091795966727,11800
2021-05-06,246.2484588623047,247.0558230264935,244.61401930403045,246.23860324735637,13700
2021-05-07,247.44970703125,249.35981862600144,246.31740788966772,249.10382800579072,12000
2021-05-10,244.96849060058594,249.02503791875156,244.2103443704128,248.60166711704974,18900
2021-05-11,242.99929809570312,244.54511237932462,241.49286120405344,241.49286120405344,10500
2021-05-12,239.8091583251953,243.0681817138528,239.36609135817045,243.0681817138528,21900
2021-05-13,243.4915771484375,244.56478751691236,239.38579705004386,239.38579705004386,24600
2021-05-14,243.176513671875,247.98136667467935,237.62337004724225,245.17525055116525,20800
2021-05-17,241.87686157226562,243.2946881048371,240.01596800421683,241.43379453678833,11900
2021-05-18,239.8091583251953,244.87000140196974,239.8091583251953,241.12851863546584,13200
2021-05-19,238.96237182617188,240.32112437695537,236.34333271551415,237.652852270843,19100
2021-05-20,241.3254852294922,241.5716352490964,239.31689265619104,239.77965589495136,11000
2021-05-21,241.77838134765625,243.77711820983185,239.42518787316453,243.77711820983185,17100
2021-05-24,242.1820526123047,243.77709973494282,240.17346028680188,242.30019979952144,14600
2021-05-25,244.26942443847656,245.40172351785995,243.53097439601962,243.58020740361098,21800
2021-05-26,244.96849060058594,245.03740479034485,242.1722301195942,243.50143114652698,19500
2021-05-27,242.17044067382812,246.2493074929202,240.5152402800155,246.2493074929202,35700
2021-05-28,242.42660522460938,244.34780795992248,240.52511137294584,243.04730727504645,28500
2021-06-01,249.92422485351562,250.98827902789597,242.56452808915623,244.13104602638026,44700
2021-06-02,253.88485717773438,256.8306961176433,247.40201807152417,251.88483410633114,53300
2021-06-03,254.20008850097656,254.83062226535048,252.46606803180615,254.77151066453226,21700
2021-06-04,257.8257751464844,257.8257751464844,254.45626311014118,255.17549443980437,16300
2021-06-07,256.41680908203125,260.25921265097173,253.71724959662635,256.49561451068024,23800
2021-06-08,253.08680725097656,257.1459647964394,252.25921465046943,256.05236995300083,38600
2021-06-09,254.8602294921875,255.84546312721247,254.04249880457235,254.43658624519344,15500
2021-06-10,259.4612731933594,260.6829532294396,255.756785255641,255.756785255641,15800
2021-06-11,260.338134765625,261.0869219745973,257.4514073349539,259.12631659704084,16600
2021-06-14,260.65338134765625,261.07702455120705,258.1804355559143,258.1804355559143,20400
2021-06-15,259.4119873046875,260.9588112277434,258.12133373159924,259.79624282963897,16500
2021-06-16,251.352783203125,260.791337627523,247.0276084384371,258.3971972050192,34600
2021-06-17,257.6385498046875,259.59915476877876,251.382311319943,252.554741542765,17700
2021-06-18,256.347900390625,258.7518724761526,252.4266603341144,256.96860229088804,63400
2021-06-21,258.3972473144531,260.2593535522918,254.0720867444839,257.9144923936571,16700
2021-06-22,260.11151123046875,260.5745721875354,254.84050588520523,259.4218357397087,17100
2021-06-23,260.7420349121094,261.0868726440839,258.72231830144995,260.1016391624081,29000
2021-06-24,260.6139831542969,262.0721397181819,258.9193801459226,261.8948048848151,16300
2021-06-25,268.8210144042969,270.6535346088025,261.57954087515486,261.57954087515486,229400
2021-06-28,264.1116027832031,270.0821165457769,261.4022101327401,270.0821165457769,28100
2021-06-29,264.17071533203125,265.284034217591,261.68790717890437,265.284034217591,10100
2021-06-30,267.1658630371094,267.4712831100525,260.04261183203135,260.04261183203135,12000
2021-07-01,265.7470397949219,266.9588577434721,260.9390955582017,266.9588577434721,24500
2021-07-02,267.63873291015625,269.490977106755,261.431772526781,266.01310329231484,15900
2021-07-06,269.4121398925781,269.4121398925781,262.59431015249464,266.59435616233446,12600
2021-07-07,271.5303649902344,272.0131197951509,270.4958517507748,270.4958517507748,14300
2021-07-08,273.6978759765625,273.84568506683553,266.06231574608773,266.06231574608773,14100
2021-07-09,275.0181579589844,275.8161948753193,272.4368203288848,275.3334099018588,8700
2021-07-12,280.7226257324219,280.7226257324219,273.7866022609185,275.9639602788991,18900
2021-07-13,281.924560546875,283.1856582265917,277.6289569108507,280.74229838479454,19400
2021-07-14,276.3777770996094,283.5798338334318,275.19551456973625,283.5798338334318,12100
2021-07-15,274.9786682128906,277.15602576856855,274.14121374780234,277.15602576856855,9700
2021-07-16,278.3777160644531,279.5698702590683,275.95405004998315,277.5304296784694,18300
2021-07-19,275.9146728515625,277.6683875534855,275.23485922476056,276.1314254581797,9700
2021-07-20,279.2053527832031,282.55514087120724,277.5994172709424,277.7570582484528,20900
2021-07-21,278.811279296875,279.88518043784643,278.19057724591283,278.7226118705871,12500
2021-07-22,277.7373046875,279.19546102361403,275.9146167840922,275.9146167840922,9000
2021-07-23,278.89990234375,278.89990234375,277.04768851111027,278.80140304151263,7200
2021-07-26,280.0526428222656,280.8900973717981,278.30879022404156,279.69797316850173,9400
2021-07-27,284.5552062988281,286.6537589041739,280.00343138596656,280.052681044508,14800
2021-07-28,282.2301025390625,286.70307299002496,281.6980978662565,284.7326051344234,13700
2021-07-29,287.4714660644531,287.4714660644531,280.9984739284296,280.9984739284296,36300
2021-07-30,290.16107177734375,290.5354652458892,287.59945915771124,287.59945915771124,14400
2021-08-02,284.73248291015625,289.7867356008982,283.3827178191819,289.7867356008982,9800
2021-08-03,286.7029724121094,290.43701610728596,285.64876526311883,287.09705983158966,19700
2021-08-04,280.7325134277344,284.5355013559078,277.4418362369518,284.19069358923144,14900
2021-08-05,285.8162841796875,285.8162841796875,277.6881066723729,277.6881066723729,7300
2021-08-06,281.9049377441406,285.38281167952937,280.48619873855364,284.0330462525211,10000
2021-08-09,276.0132141113281,281.24480263533974,265.8455951455302,281.24480263533974,19300
2021-08-10,276.8801574707031,279.4122146735691,271.2347589328433,274.4170738259554,24500
2021-08-11,273.54034423828125,275.9640111232487,272.05263148327634,274.3679370754177,9500
2021-08-12,273.2052917480469,274.9393126736301,269.9047829215258,272.63386943408676,10400
2021-08-13,274.5747375488281,276.7225394490303,274.5747375488281,275.91464073051486,22200
2021-08-16,264.1903991699219,273.44175764334324,262.5549076909047,270.4466389066524,31000
2021-08-17,266.58447265625,267.99337944095817,262.0326986038075,262.21006348831196,12000
2021-08-18,269.3629150390625,273.56002065055014,265.6288705164805,265.6288705164805,28100
2021-08-19,269.1954040527344,273.087058974003,266.49584337573464,267.9047503620189,15100
2021-08-20,264.90960693359375,272.7028080750693,264.90960693359375,268.032780510899,35100
2021-08-23,267.1264343261719,271.36292747003574,265.8357805051225,267.36288080729594,20000
2021-08-24,263.07708740234375,266.21998525876063,261.6879043002675,265.7470923334212,13900
2021-08-25,264.8406677246094,266.67321803611406,259.15588011617444,263.49090237023,16400
2021-08-26,263.8948059082031,267.9441012672519,262.33812009989737,263.12632496072973,24000
2021-08-27,267.3628234863281,271.81609837239824,265.0278247849926,266.0130583343792,48800
2021-08-30,265.69683837890625,270.9610866787253,263.87310476248484,267.36286807554404,9900
2021-08-31,263.1336669921875,265.6671878493611,261.4873432432757,264.5138015239443,13200
2021-09-01,265.0362854003906,267.4810865771849,263.33081515635524,263.33081515635524,17600
2021-09-02,264.780029296875,270.3696132053558,264.27725405384626,265.5982725388506,42300
2021-09-03,270.3104248046875,271.0891968201914,263.2224141272269,265.2236169279417,22800
2021-09-07,267.2544250488281,272.5285407736977,267.027676791646,271.80888506717605,21100
2021-09-08,268.8119812011719,270.87233059013334,266.0615794805376,266.5347513457575,13900
2021-09-09,264.2279968261719,270.6850731297729,263.6660750482347,270.01472614101624,20400
2021-09-10,264.2081604003906,268.3978721304996,263.92226576451037,266.66282893987716,39500
2021-09-13,276.0282287597656,278.9068220969522,262.2662583495989,265.8743452356929,56300
2021-09-14,298.623046875,302.3395580200008,280.94736379301133,280.94736379301133,103300
2021-09-15,292.7278747558594,304.5182123727458,292.4715532583131,301.37346047855425,64700
2021-09-16,299.4905700683594,302.2607076737876,293.67426787462097,294.3939236193097,49600
2021-09-17,308.9740295410156,314.52414054641946,297.7850276557645,301.038203847925,124300
2021-09-20,312.0104064941406,313.82430224558766,298.91878621808974,307.5742395771623,49200
2021-09-21,307.57421875,320.88271859975964,307.57421875,314.1890276590219,61400
2021-09-22,311.2118835449219,313.46940791087445,304.9913944252568,308.076999631477,48200
2021-09-23,317.8660888671875,318.3294229716923,311.31042724064883,312.24693313891055,37900
2021-09-24,314.63262939453125,319.6405549308807,312.0990783458284,316.269085438588,49100
2021-09-27,310.6204528808594,316.0227300529342,310.6204528808594,314.65243272637076,22000
2021-09-28,298.64276123046875,308.99381743845976,298.2878522307313,308.99381743845976,30300
2021-09-29,300.6636657714844,301.7973769329327,298.0413946228451,298.8990788257357,30100
2021-09-30,298.0709533691406,303.51267040846,298.0216746622056,301.2945870721324,13100
2021-10-01,302.3494567871094,305.5336198170747,298.51462219618327,299.91449266053814,25900
2021-10-04,295.212158203125,301.3242233762718,294.43338599635365,301.3242233762718,21000
2021-10-05,297.48931884765625,297.48931884765625,295.1923836203561,295.21208908570446,20100
2021-10-06,303.6309509277344,304.6562067182136,295.00507164001465,295.1036591345245,28700
2021-10-07,304.9815368652344,309.7726127043715,300.56510556921273,304.7548187027901,22900
2021-10-08,303.5225524902344,307.574237134922,301.7184944442326,305.96735409531544,14300
2021-10-11,299.13568115234375,305.21814234954303,299.13568115234375,302.7043263422842,11300
2021-10-12,304.4196472167969,304.97170118690156,295.7839286360541,301.0284413520483,14500
2021-10-13,305.20831298828125,306.6377266077174,302.5170273579506,303.9168978171088,22700
2021-10-14,304.8139343261719,310.62036758997084,301.9649152431433,307.3967641711156,24500
2021-10-15,305.3364562988281,309.4965963324108,303.4535462513029,304.64637384288466,44900
2021-10-18,297.70623779296875,302.9409126066337,296.9077301152696,302.1226994610386,29800
2021-10-19,305.7110290527344,307.41649957572747,296.74013797491926,299.69758252840074,21300
2021-10-20,303.01971435546875,308.9641755391524,299.38205586108427,306.68694608620285,26900
2021-10-21,298.701904296875,302.4677243040438,292.7771473271225,300.51580003953904,212500
2021-10-22,291.751953125,303.049384285354,287.1678894354448,299.07655114984215,87200
2021-10-25,298.652587890625,301.56072332645743,290.8153486639456,292.21521883375596,20800
2021-10-26,302.6451721191406,308.3037399772664,298.1695640816805,298.1695640816805,27000
2021-10-27,300.8707275390625,304.73510520271526,298.2484562249561,304.14361023000157,26100
2021-10-28,299.638427734375,304.6759270434553,299.638427734375,302.87189915312183,25000
2021-10-29,301.3636474609375,301.4917781355183,295.3008613458342,299.58916246943704,23500
2021-11-01,300.5354919433594,300.5354919433594,297.07530237861124,298.19911563071895,13300
2021-11-02,300.6735534667969,301.51150217372316,297.71610867859886,299.12581680731574,19300
2021-11-03,306.04620361328125,307.2981775252863,299.08635382952366,299.08635382952366,32200
2021-11-04,308.00799560546875,312.9666431211617,307.6038079048849,309.5261589053991,17900
2021-11-05,318.2012939453125,318.64492263082604,308.2149853959179,311.08371002002923,22100
2021-11-08,319.17724609375,322.3614387195379,318.35903304924403,320.15322320066684,46500
2021-11-09,310.2261047363281,319.84766814249997,309.5853310446177,317.36339524862336,26200
2021-11-10,313.4891357421875,314.17921820065044,307.8108323356078,307.8108323356078,29500
2021-11-11,309.73321533203125,315.26362300701476,309.73321533203125,313.5877555682407,50700
2021-11-12,309.0628356933594,314.41580332404436,305.96736249908946,309.1515554232694,26200
2021-11-15,302.38885498046875,310.1373757944053,300.0031997526802,308.65865343373713,36700
2021-11-16,305.24774169921875,306.9137412111659,299.89474389940517,300.17077086948507,21000
2021-11-17,306.765869140625,309.161392094339,305.6026147949552,306.5489886622219,16600
2021-11-18,304.12384033203125,305.9771768143778,300.42703514160945,305.9771768143778,29900
2021-11-19,307.9193115234375,312.2963323917102,303.2169548680351,303.2169548680351,237600
2021-11-22,306.8841552734375,313.0060872427234,306.6672747998684,307.3672250146082,16100
2021-11-23,310.7289123535156,312.03016534074555,305.1491956221312,306.04629091786114,28500
2021-11-24,310.7781677246094,312.0104364308925,308.4812320933591,308.4812320933591,12900
2021-11-26,308.36285400390625,314.88897317903377,306.98271931606956,306.98271931606956,27100
2021-11-29,309.0237121582031,315.54329869301984,306.7551897004452,309.506999006142,30000
2021-11-30,304.5655517578125,309.11246938254453,302.60275583969286,309.11246938254453,19400
2021-12-01,305.443359375,311.45991323877024,304.78254228754867,306.005568610648,25400
2021-12-02,307.28778076171875,309.58592169809634,305.1080234311404,305.21653421143697,19100
2021-12-03,305.8773498535156,307.1792986103724,302.27729027136496,305.0488452173552,28700
2021-12-06,312.1897888183594,312.5843406371482,301.3698643797783,307.7217633812833,35200
2021-12-07,317.26934814453125,323.90725788809965,310.7793501785144,311.6867771947634,52600
2021-12-08,319.5675048828125,321.5993205614066,315.750453390503,315.750453390503,12700
2021-12-09,320.4255676269531,321.16530715147746,315.94766927714386,317.6934738190714,15100
2021-12-10,318.2853088378906,324.51882508721565,314.67537592225466,320.1001330725125,34200
2021-12-13,323.2464294433594,324.4004061483903,318.1372726815239,318.1372726815239,26700
2021-12-14,311.8642883300781,323.6014814702916,310.956861369456,322.1318754091442,23500
2021-12-15,321.0962829589844,321.8754837477787,311.59805199718966,313.205727406866,29900
2021-12-16,314.22161865234375,327.35940017751085,310.0001728586807,319.9521620118092,24700
2021-12-17,316.8156433105469,322.1516348304847,309.78318123325346,311.81502687178323,137200
2021-12-20,317.3482666015625,317.3482666015625,307.4949454384065,313.245174290058,23200
2021-12-21,320.19873046875,320.30721114997044,315.6221942047438,316.6183863872275,13400
2021-12-22,323.5916442871094,326.10677672994234,320.19873336083486,321.9247922509821,17300
2021-12-23,324.39056396484375,325.71222819421786,320.77075894627575,323.86778584792535,11300
2021-12-27,327.8623962402344,328.2470451082907,322.7828579564219,323.60148971669474,11400
2021-12-28,326.3435363769531,328.85866922541555,324.5583004449493,328.32604825396373,10400
2021-12-29,326.2054138183594,328.7402317056555,325.97854952880135,326.53088596417217,8100
2021-12-30,327.1523132324219,328.2273978618381,326.4816232049097,327.6947769105399,10100
2021-12-31,323.6015319824219,326.50131345912166,323.6015319824219,326.30403753686574,7400
2022-01-03,324.5187683105469,328.3950260721623,320.7214630497951,323.6014985769143,18800
2022-01-04,315.6221923828125,324.9034610895789,314.94162962248083,323.51274719238285,25500
2022-01-05,308.32342529296875,315.918065993005,307.7415005064782,314.28080241071723,25000
2022-01-06,309.5760192871094,313.50158075215603,307.9979024614583,308.3234046711627,14500
2022-01-07,301.27130126953125,308.4418331498168,301.27130126953125,308.4418331498168,14000
2022-01-10,300.9852294921875,302.8691031442781,297.3259929732459,297.83886822142796,21400
2022-01-11,296.39886474609375,301.8236216697481,289.0113116674624,301.36989305498446,43900
2022-01-12,294.8108825683594,302.2280242217878,294.8108825683594,299.05207433509946,14500
2022-01-13,289.9778747558594,296.7242951687825,288.35045392775504,294.09083948877714,12700
2022-01-14,292.0985107421875,293.8640310560938,286.5258116475443,286.5258116475443,25100
2022-01-18,291.77301025390625,297.1385901633749,288.0841552535971,290.68805290087414,30700
2022-01-19,295.1560974121094,299.68330010627034,292.2957770077476,293.7062066067835,38900
2022-01-20,289.1494445800781,299.6734573840436,287.77844594952444,299.6734573840436,14600
2022-01-21,290.3230895996094,295.89578757899864,287.0583751513272,287.0583751513272,25100
2022-01-24,296.90185546875,298.66737562584524,281.2193830014694,287.33457533214505,31100
2022-01-25,285.6380920410156,289.1986904746626,285.20410911557417,288.41951985405103,27800
2022-01-26,275.50860595703125,289.8496995645319,274.8773771445025,289.8496995645319,25400
2022-01-27,268.26898193359375,276.928864350114,265.53688825608504,276.928864350114,34900
2022-01-28,275.8833312988281,275.8833312988281,264.0573738816758,267.6968940888024,35900
2022-01-31,280.4401550292969,282.28459741557026,276.22858242872917,277.3234125104225,25400
2022-02-01,278.1815185546875,281.160192162648,275.5480326399746,281.160192162648,21800
2022-02-02,275.7254943847656,280.11462645194575,274.2460157239279,278.90144311403344,32200
2022-02-03,266.79937744140625,275.2817296573407,266.79937744140625,275.18309170481456,25000
2022-02-04,264.9352111816406,268.20979846258354,259.33292481429385,267.27281319308753,23600
2022-02-07,266.16815185546875,269.2553365444898,264.08703226770973,266.19777033499366,19300
2022-02-08,270.24169921875,272.15516166241696,264.9254521943987,264.9254521943987,23900
2022-02-09,267.7660217285156,275.77493104410337,267.57861862038544,271.2378554421457,22800
2022-02-10,260.45733642578125,266.3555063866603,259.80636209663976,263.49518652836616,21700
2022-02-11,261.0196228027344,263.99829703786173,256.79814618991344,260.8322196783303,21600
2022-02-14,260.3587341308594,262.7752287093266,257.7942976618916,259.7274752646177,25000
2022-02-15,254.28297424316406,261.3746123601105,253.3755773506357,261.3746123601105,44600
2022-02-16,256.6796875,258.7016598296429,252.24126634847545,252.24126634847545,23600
2022-02-17,251.61993408203125,255.81177633782144,250.919640710099,254.81561424613642,23500
2022-02-18,250.4067840576172,251.2747349301465,248.75963240004285,250.2489693353245,25900
2022-02-22,251.6692657470703,253.5136782386001,247.9311067331729,247.9311067331729,16600
2022-02-23,247.5070037841797,251.8862645252945,246.69821461575745,251.36351642376903,17500
2022-02-24,252.34982299804688,253.2177888808591,242.1611418510882,242.1611418510882,18600
2022-02-25,253.6328125,255.55735080605467,251.5503908517384,254.1657666664158,20800
2022-02-28,251.9945068359375,254.59013967789366,250.23776101155028,253.99797173417502,22200
2022-03-01,246.73414611816406,253.8104946811553,245.75707347813153,250.0403896999303,25200
2022-03-02,250.07986450195312,250.68189643040444,248.1257342503642,249.1718846369779,22800
2022-03-03,251.19512939453125,251.99454570022328,249.26072686490937,251.68859773725063,16100
2022-03-04,259.9491882324219,260.54132596676953,248.90535264376146,248.90535264376146,30300
2022-03-07,254.4420928955078,260.48213936722607,254.4420928955078,260.2057983560661,14200
2022-03-08,246.58612060546875,254.44212766975187,246.34925039519223,254.44212766975187,11100
2022-03-09,248.99420166015625,252.4682223386844,247.26706279416453,249.9910171580089,13000
2022-03-10,248.80670166015625,249.64558866292336,244.60234246474238,247.6322447968262,17200
2022-03-11,244.93792724609375,249.1126800617768,241.45404212360623,248.0763935814415,16700
2022-03-14,249.5962677001953,250.3759560711823,247.64213738946717,247.64213738946717,21500
2022-03-15,248.11585998535156,252.95184339452297,245.53995480746076,252.95184339452297,17200
2022-03-16,254.16578674316406,254.84677542101133,250.21804026006816,250.35621078459823,19300
2022-03-17,259.95916748046875,261.2027175840343,254.23494563918206,254.23494563918206,20000
2022-03-18,263.79827880859375,264.8740360335216,261.04471740157254,261.72570603039406,37500
2022-03-21,262.2290344238281,263.1073922279894,260.61044414177127,261.765173074108,56700
2022-03-22,255.93243408203125,262.74229133639466,255.74491369819202,262.74229133639466,15300
2022-03-23,246.10252380371094,254.8270552404767,244.2569570860577,254.8270552404767,16000
2022-03-24,247.523681640625,249.2014707087531,244.03979693804726,247.72106593226547,15900
2022-03-25,248.57969665527344,250.6818762634377,245.87550022654656,249.57651217925482,13900
2022-03-28,246.31964111328125,250.68189912557565,244.3260249429573,247.63226861268788,18700
2022-03-29,251.34315490722656,253.26767836328563,249.13241138930388,249.32981076691664,30100
2022-03-30,250.33644104003906,255.0243894869271,250.33644104003906,254.98490359302633,16200
2022-03-31,251.5504150390625,252.76432782734207,250.50426461260105,250.50426461260105,14000
2022-04-01,253.6821746826172,254.97505913035056,248.06650340460652,249.20147439291048,28300
2022-04-04,256.603515625,257.39305285628024,252.52746265393037,252.52746265393037,23300
2022-04-05,254.1361541748047,259.9590736253187,251.6984197630122,254.6098945477254,30700
2022-04-06,247.2868194580078,251.95502512096314,243.7733277509485,251.412222066249,51700
2022-04-07,248.56983947753906,251.3826146619435,247.18813433470046,248.85604445017827,39300
2022-04-08,247.54342651367188,249.8923252035447,246.3393627480037,249.27056543301237,40700
2022-04-11,242.61862182617188,246.42819763610612,241.97710401202315,246.42819763610612,24900
2022-04-12,247.0401153564453,252.24127582185162,244.1878689836983,244.1878689836983,33600
2022-04-13,246.14198303222656,248.5402468110438,245.45113042126638,246.74401496308988,50900
2022-04-14,246.73414611816406,248.0862444198653,245.87551610869912,246.70453922538644,26500
2022-04-18,239.4110870361328,245.3524497039252,239.2827804565335,244.08917203534884,20700
2022-04-19,242.55941772460938,243.63517502796037,239.50977211845964,239.50977211845964,24100
2022-04-20,245.64849853515625,246.67492096901955,242.77652465183166,242.77652465183166,21700
2022-04-21,238.04913330078125,241.72053909543496,237.23985302317436,241.72053909543496,27400
2022-04-22,229.91676330566406,236.3713222215869,227.46914962732401,235.6113768019716,43500
2022-04-25,229.27523803710938,231.07146986903598,228.22908765563886,228.52517164611064,37500
2022-04-26,220.04739379882812,228.25869858576357,219.7611737478423,227.7257594410546,51400
2022-04-27,218.36959838867188,222.79108543625964,216.49442477203598,221.16263092337857,36700
2022-04-28,214.24420166015625,221.6955760968235,213.74086940915893,221.6955760968235,22300
2022-04-29,210.8392791748047,216.61284948183132,209.72403595282898,214.26395051959108,26800
2022-05-02,213.9678497314453,214.2737976562637,208.01662346517367,212.33939536787793,28700
2022-05-03,215.5666961669922,215.72460964151233,211.81633397415712,211.98411139353806,35800
2022-05-04,228.4856719970703,228.61397856575903,212.42822540132948,212.42822540132948,44600
2022-05-05,224.18260192871094,226.26503837867776,217.65895158578255,222.72194024278423,30000
2022-05-06,223.7878875732422,224.83403802294666,220.78760675409995,222.35683242865667,31200
2022-05-09,218.88279724121094,224.69585319418817,216.32663506967918,220.90602027661325,48200
2022-05-10,219.98812866210938,221.99160845067894,215.55679364004556,220.7678168908365,30200
2022-05-11,212.9907684326172,222.1988879912791,212.97102548552672,219.1887285868736,29500
2022-05-12,210.5431671142578,215.33967914678004,207.36523035290386,211.7472308590916,25800
2022-05-13,215.13246154785156,216.43522524399975,211.71766893726777,212.44799247044853,17500
2022-05-16,209.5266571044922,217.10632346724358,208.52984143425076,215.38906330727,16900
2022-05-17,213.8395538330078,216.37598815341605,211.70776713763445,211.7176461418035,29900
2022-05-18,210.2964630126953,211.20444292279853,207.65146496199623,210.91823792070025,36300
2022-05-19,209.39833068847656,212.90195853120844,208.3225734391924,208.9048624024427,24200
2022-05-20,209.28976440429688,212.08279667489998,206.80268005763483,212.08279667489998,26600
2022-05-23,208.48048400878906,210.24709382208755,207.1875844673974,209.57598419094387,17500
2022-05-24,206.96060180664062,207.69094031133434,203.72345096654846,203.80240770160648,17500
2022-05-25,205.7071990966797,209.00357895872838,205.27295961985251,208.8456654801777,15100
2022-05-26,207.98703002929688,209.51676975235907,205.2828182520715,206.80269403027637,23700
2022-05-27,214.515625,215.00946823078561,209.37965841400944,210.12042326018786,22000
2022-05-31,206.6734161376953,223.61223489672543,201.7646126466978,216.50089455993117,56300
2022-06-01,206.55487060546875,208.79690797957758,203.8288463779651,208.67839042912928,25400
2022-06-02,213.20199584960938,214.25881250507044,206.7622760316433,207.5622996378566,35400
2022-06-03,208.80677795410156,213.76495265327583,207.5919128746145,213.76495265327583,26400
2022-06-06,208.18455505371094,210.1796859632106,205.0832201092727,208.72778563190388,25900
2022-06-07,206.6536407470703,209.12285698000682,203.44365964425285,208.35246272100264,30500
2022-06-08,206.4363555908203,208.79692578760663,205.34990945361804,205.48818496456744,76900
2022-06-09,205.83384704589844,209.96238418147223,205.52766666236215,206.27831799841135,24500
2022-06-10,199.23611450195312,202.3374493926246,196.5397346780867,202.3374493926246,20300
2022-06-13,186.5048370361328,193.5371598458164,186.25791541982764,193.40877085354933,31300
2022-06-14,182.42567443847656,188.9937980184285,179.76879562026954,188.9937980184285,32500
2022-06-15,183.28500366210938,185.3393784612049,182.00100810949894,183.06771141147217,24000
2022-06-16,179.88734436035156,180.42068843112864,176.12426126333062,179.86758641079692,28800
2022-06-17,185.95175170898438,187.77896279102507,179.32436830160447,179.32436830160447,150800
2022-06-21,186.573974609375,188.67775168594534,182.88003672915477,188.67775168594534,46300
2022-06-22,189.48765563964844,191.09757434044067,183.9368474200245,183.9368474200245,38900
2022-06-23,195.5816650390625,196.43107594542596,188.00611216378408,188.7765063496837,38100
2022-06-24,197.2014617919922,199.38424020276872,192.90502010771226,195.71004574651636,157200
2022-06-27,200.49046325683594,201.59666717729388,195.38412649207464,199.30522754674746,31800
2022-06-28,192.21368408203125,201.29052607599607,192.21368408203125,200.76705339931897,39200
2022-06-29,200.2238311767578,200.96459613570767,191.93714110547484,194.05078985217568,49500
2022-06-30,201.42877197265625,204.15478108076618,196.99405449785203,196.99405449785203,30300
2022-07-01,204.32269287109375,204.59924387383415,199.90773319541069,199.90773319541069,29300
2022-07-05,202.07077026367188,203.5720579103708,199.43364921054712,202.78190572416614,39500
2022-07-06,199.17684936523438,202.9498036961652,198.87066898285636,200.9941887819225,42100
2022-07-07,201.2312469482422,202.0608999665413,197.50766473417883,198.67312753547054,30500
2022-07-08,201.32015991210938,204.3424784731295,199.30527082416174,199.30527082416174,40900
2022-07-11,190.8704376220703,199.24601586553044,190.65314536192545,199.24601586553044,68200
2022-07-12,194.6433563232422,195.33473375439908,188.12462038171117,191.5321352766897,40900
2022-07-13,195.1865997314453,201.21149336116247,190.21853788222765,194.02113690488682,47900
2022-07-14,191.2655029296875,195.29526604234664,186.40608669495478,195.29526604234664,32200
2022-07-15,196.06561279296875,196.97428243053938,192.93464885792392,194.90015012876876,41400
2022-07-18,190.93954467773438,197.70518756717,190.57409045655533,196.78664643671425,33700
2022-07-19,197.39903259277344,197.9718925947878,192.01614396107564,192.01614396107564,42900
2022-07-20,200.39169311523438,200.7966481562946,196.96442010118503,196.96442010118503,33200
2022-07-21,205.19186401367188,205.87337008888792,198.9200489047498,198.9200489047498,31700
2022-07-22,201.3695068359375,205.50791523823435,197.54715024286065,205.50791523823435,32500
2022-07-25,200.1151580810547,202.04114370061706,197.15209864452808,202.04114370061706,28800
2022-07-26,200.30282592773438,201.28062592084171,197.13234562024394,199.31513942421586,25900
2022-07-27,202.2880401611328,203.05843431314145,197.88296745307304,201.38924196015685,38400
2022-07-28,207.91787719726562,208.6784000130016,203.08809087299392,203.08809087299392,20400
2022-07-29,210.6241455078125,212.02665852519473,207.10798398945983,207.91787908021863,28300
2022-08-01,212.3328094482422,212.74763591092525,208.6981308775537,210.3080493961075,36900
2022-08-02,211.0192108154297,213.74523515066673,208.71791457514865,210.26857451475988,40200
2022-08-03,211.56243896484375,212.03652425082726,208.59937955337284,210.7327859466478,27800
2022-08-04,202.8806915283203,212.12543795097915,202.8806915283203,209.10311961353494,36200
2022-08-05,199.927490234375,202.44609370655976,197.06320554578795,199.80897268256842,27100
2022-08-08,199.09783935546875,202.12015752599655,195.9273591727017,200.32257599717585,49000
2022-08-09,188.91481018066406,197.97189401371318,188.83579344834743,197.8336184998842,45000
2022-08-10,193.7939910888672,196.64840471100777,189.53704925642108,192.46060817340685,53400
2022-08-11,188.2925567626953,195.56193012156527,187.25548290696153,192.9050509828121,44300
2022-08-12,193.72483825683594,194.0804060157313,187.66044347577073,189.95188349329666,51100
2022-08-15,197.2014617919922,199.32498143265138,191.4136191331342,193.55689672079848,29900
2022-08-16,197.83358764648438,198.85090342619083,193.18157810156893,196.27304133613413,30500
2022-08-17,196.3520965576172,197.44842927229033,194.14955968792296,197.24100845777323,33900
2022-08-18,196.0063934326172,196.0063934326172,192.25318151696143,195.47304932518279,37300
2022-08-19,187.2851104736328,195.59155760737733,187.05794679707012,195.59155760737733,100300
2022-08-22,180.69725036621094,184.40107490940017,180.2922952658061,184.40107490940017,69500
2022-08-23,171.6204071044922,179.88735366069395,171.6204071044922,179.88735366069395,53600
2022-08-24,165.9313201904297,170.60307278308235,162.86948622998483,170.60307278308235,92300
2022-08-25,173.39822387695312,174.40566823586866,164.22262375138,165.6646374715134,67400
2022-08-26,170.35614013671875,174.71184062648746,167.6696320163329,174.71184062648746,71300
2022-08-29,172.45994567871094,172.7562546520157,168.56845833752925,168.56845833752925,70900
2022-08-30,171.580078125,174.43710928443912,170.5025161323634,171.74813700676447,116500
2022-08-31,168.91090393066406,172.09417277594028,168.55501005092125,171.18466954653613,86600
2022-09-01,176.3846435546875,176.91849186591963,167.51696905499,168.456128761376,64800
2022-09-02,162.09950256347656,176.98770220171008,161.43714744305248,176.98770220171008,73300
2022-09-06,154.5169677734375,161.31847202334325,153.90403033637142,161.31847202334325,59000
2022-09-07,159.3116455078125,160.0629853213374,153.75576152534003,155.52535021640588,63200
2022-09-08,160.66603088378906,160.9527160243321,157.31470346368775,158.90633773015014,51300
2022-09-09,164.80821228027344,165.08501688946393,161.77322698595788,163.15725003191034,37900
2022-09-12,168.4264678955078,168.4264678955078,165.68807804369612,166.13294156854423,66400
2022-09-13,158.51087951660156,167.50707512605496,158.10555306923763,164.41277652185434,61800
2022-09-14,155.45614624023438,158.6690713612567,153.27135052066149,158.6690713612567,41400
2022-09-15,157.1862030029297,157.9671844183072,152.46073219490256,154.22042558778008,69100
2022-09-16,151.85769653320312,156.93906144689794,147.00370367378721,156.93906144689794,144200
2022-09-19,147.37933349609375,150.82952585699218,147.3002443064339,149.8705901738572,52000
2022-09-20,145.33291625976562,149.91010241757346,141.6652480901689,146.68729766706207,50600
2022-09-21,143.88961791992188,147.468317359034,143.55350014508502,145.11546276573205,77400
2022-09-22,142.5451202392578,143.73142793311777,141.1709776026319,143.5435929903518,69700
2022-09-23,139.2827911376953,141.40825889359448,136.92005576080751,140.57784484722006,51900
2022-09-26,142.65386962890625,146.3413146252995,139.09493137185035,139.09493137185035,112400
2022-09-27,137.9877166748047,144.7793410289523,134.5573001464888,144.7793410289523,186600
2022-09-28,142.82191467285156,145.66906500271187,136.60366136002747,137.89872979806785,64000
2022-09-29,141.0128173828125,141.33905468046834,138.4523667225496,140.6371474488956,59600
2022-09-30,139.22344970703125,145.5108970804553,138.94664508116585,141.92230235157928,43600
2022-10-03,142.3770751953125,148.26907718385388,137.18696533139882,139.96490743548088,56900
2022-10-04,144.7200164794922,148.27895455449223,144.1268551054187,144.8089861601871,66900
2022-10-05,142.5945587158203,143.4842857515157,139.89569087708296,141.8629949836627,45400
2022-10-06,136.98924255371094,141.79378666097188,136.50482689514317,141.79378666097188,46100
2022-10-07,131.75958251953125,135.66451914633632,131.6804933241748,134.40901776744684,53500
2022-10-10,129.67364501953125,133.3413289438266,128.01281726230218,133.3413289438266,42700
2022-10-11,127.15274047851562,131.12688586324396,125.69951609104429,129.218909909696,59800
2022-10-12,129.2485809326172,130.39533669770915,126.04553599908125,128.24021242090197,44100
2022-10-13,127.32080841064453,129.49572375589338,124.15731575126834,126.16416465651794,73300
2022-10-14,125.06681823730469,129.42650650651254,124.07822590369119,129.42650650651254,43300
2022-10-17,129.96035766601562,132.16491439462936,128.68506508022438,129.20901782175963,68700
2022-10-18,130.02952575683594,136.06982446520212,129.35729032788012,131.96717303007898,56300
2022-10-19,123.09950256347656,128.06223229598018,121.43866729645968,128.06223229598018,63500
2022-10-20,118.24552917480469,123.94970359930667,117.26682488013033,123.94970359930667,103300
2022-10-21,117.19762420654297,118.83868355886985,112.90712955517864,118.83868355886985,61500
2022-10-24,119.87669372558594,122.14057079589617,116.65388100296524,118.30482818665436,49500
2022-10-25,128.72459411621094,128.72459411621094,119.82725697312613,119.82725697312613,46400
2022-10-26,131.41355895996094,134.14208319113027,128.83334770004802,130.3359970408469,53900
2022-10-27,133.27212524414062,136.41585659499398,130.57327249504522,131.62117791708923,71600
2022-10-28,134.2607421875,136.90028229681488,131.77938049519196,134.4584576663965,46800
2022-10-31,130.70179748535156,133.60824623989697,130.34590364616128,133.0842935161893,65800
2022-11-01,132.12535095214844,135.83257196746933,131.91775502273418,133.1732714303114,37600
2022-11-02,126.5398178100586,133.5291728000775,126.05540968186551,130.87973752062408,46200
2022-11-03,145.8568878173828,147.42876089342047,131.18618306231133,132.06602952456336,71300
2022-11-04,160.2409210205078,161.22951331269635,145.84701965979804,146.1337198719766,142300
2022-11-07,158.32302856445312,164.1853879237626,156.61276834949123,159.5983208997002,79200
2022-11-08,165.98464965820312,166.75575048501577,157.27515346158995,159.86527567818422,67600
2022-11-09,166.98313903808594,168.47590807020393,162.30708631736198,165.92533797291512,84300
2022-11-10,173.84397888183594,176.04853570133744,168.88124082986963,175.27743483918493,79400
2022-11-11,178.45079040527344,185.05459480454965,172.66753450879435,174.31848183743304,69700
2022-11-14,182.80059814453125,184.4119932683199,175.17854519401217,176.56258340678218,110900
2022-11-15,186.68577575683594,188.12912722513818,183.3838809281132,184.3230406436847,149700
2022-11-16,180.21046447753906,187.5260557668351,179.192215724098,187.5260557668351,79300
2022-11-17,181.3572540283203,181.69337178926486,174.66447994798105,179.89414165118652,59800
2022-11-18,176.3846435546875,186.23102990182923,175.50479697516684,184.69870875734574,58400
2022-11-21,182.0492706298828,182.38540348479907,175.47513770197907,175.66297265730003,42600
2022-11-22,167.96182250976562,177.94661058185832,152.34207653757937,177.94661058185832,148200
2022-11-23,171.8173065185547,174.88193291568126,165.49030815581185,168.95038043576372,38300
2022-11-25,174.3184814453125,174.54585344977679,170.05765106111664,170.91772153192778,21700
2022-11-28,167.7443389892578,173.8736234911791,167.2994754585627,170.2454914572638,72800
2022-11-29,163.2716827392578,167.85318994112313,156.3548951075878,167.85318994112313,43800
2022-11-30,167.3980255126953,168.65472711406517,157.58193445314103,163.27170602680232,87400
2022-12-01,175.47254943847656,176.244378079704,164.34038815274226,167.37822342547895,61600
2022-12-02,176.1652069091797,177.42190840312836,169.72340194856682,173.08778229104297,93600
2022-12-05,172.6425018310547,177.6297033215218,168.88230220228743,175.3043276358734,75800
2022-12-06,171.92013549804688,173.94865033627391,169.0999822806237,173.94865033627391,84000
2022-12-07,171.04937744140625,174.94811030233743,170.87125500108434,172.23680501402956,71100
2022-12-08,175.8980255126953,176.4917467782521,168.97134787634155,170.0598318302093,88600
2022-12-09,171.8607635498047,178.51037541961625,171.0988398660466,172.6721816221197,127600
2022-12-12,169.1197967529297,173.50338720926285,166.05226184610297,171.86077135337604,89800
2022-12-13,173.8101348876953,179.83635620205717,173.8101348876953,175.14600025122925,90500
2022-12-14,172.58311462402344,178.88638607853161,171.18788029956605,173.70126796793718,76200
2022-12-15,164.74606323242188,171.4847277250889,163.98412456718893,171.4847277250889,65900
2022-12-16,165.82467651367188,166.65587426687281,153.93057639196857,161.8170954264358,137600
2022-12-19,160.778076171875,167.60581021129164,158.5318644772276,164.17215600616572,105600
2022-12-20,160.58018493652344,164.3799589489245,157.02779228064264,160.7681971833124,87400
2022-12-21,163.66749572753906,165.91372262158004,160.10521333370042,161.41137901508677,56700
2022-12-22,161.68846130371094,162.66809698823445,157.10696848777636,161.36193117449739,89600
2022-12-23,161.10462951660156,164.79555506659688,159.4323291585912,159.92709186337723,71700
2022-12-27,159.95677185058594,163.94455792938362,153.27747552668464,162.0644657444617,78500
2022-12-28,161.3421173095703,164.43932150242532,159.01672661140964,161.36191204501145,75000
2022-12-29,164.1622314453125,169.6343048202258,161.3519833845709,162.68784849952803,81300
2022-12-30,164.4690399169922,165.2903327944994,161.37182027186046,163.03421586353494,67500
2023-01-03,170.4061737060547,170.99987987946187,164.182050560299,165.6366540885333,87200
2023-01-04,176.5016632080078,178.85673879111582,171.89048573291907,171.99933414471718,90300
2023-01-05,170.22805786132812,176.82819064220925,167.427699093306,174.57207387838923,94700
2023-01-06,174.2455291748047,175.0866318290673,167.92246228723735,171.49464969000763,82300
2023-01-09,176.91722106933594,181.10292394363643,174.2949850739108,176.135502728856,69300
2023-01-10,183.84393310546875,184.73451510081645,176.25427445189962,178.33228400875026,125500
2023-01-11,186.30784606933594,187.28748167706937,182.71586393993974,183.77466339365807,71600
2023-01-12,186.7827911376953,188.37592748271658,178.59942773652838,188.37592748271658,98700
2023-01-13,188.5144805908203,191.3544287873338,184.76418592713333,184.76418592713333,57400
2023-01-17,182.1617431640625,192.7793625041785,182.1617431640625,186.67397696612454,91800
2023-01-18,189.97897338867188,191.2059751335462,180.8060693592825,182.16171422861942,61500
2023-01-19,191.8096160888672,193.89751546291242,185.23916748269468,187.30727211936184,76200
2023-01-20,194.81776428222656,197.1233602606996,189.5930714130458,193.4818989615668,65400
2023-01-23,200.14138793945312,200.59657623508878,192.54184064764428,194.6989986209377,86100
2023-01-24,194.18446350097656,202.16003554502254,193.35325071729406,200.3492023111153,104100
2023-01-25,185.54591369628906,191.68098363166692,185.44697020959734,191.68098363166692,90500
2023-01-26,190.186767578125,192.73974477055475,185.1006079277998,186.47604754824889,100500
2023-01-27,191.24559020996094,193.3730639130262,185.7339261408056,188.8212558485944,46400
2023-01-30,187.45571899414062,193.02675256491227,186.8619976360015,189.41497531766163,83900
2023-01-31,192.50225830078125,192.957446613257,186.54532646120185,188.75196380245524,96700
2023-02-01,194.24383544921875,195.9260255783318,189.12799103765963,192.77934211199835,65000
2023-02-02,201.6256866455078,204.1984586814153,194.16467189971067,195.43126318229184,95100
2023-02-03,195.79736328125,202.4667691367517,195.10469860164778,198.1128639230026,87800
2023-02-06,178.0255126953125,201.13092099362146,176.73912669629206,195.797379860624,106900
2023-02-07,181.3305206298828,183.47778883037802,174.1564618327933,175.83865191025015,61800
2023-02-08,182.37942504882812,183.45800411693656,178.14425752173997,179.45043830433548,59900
2023-02-09,176.40267944335938,185.17976402192917,176.39277452702723,182.33983124284276,53200
2023-02-10,179.05462646484375,180.00457753671031,174.76008965221217,175.10642959795604,51400
2023-02-13,181.08314514160156,183.2403032296678,176.94693628696044,179.0546150860705,68200
2023-02-14,167.82350158691406,179.6483262309821,167.82350158691406,179.58895712716424,86500
2023-02-15,175.8980255126953,177.02608383808598,165.51791397526466,166.04236121695757,51300
2023-02-16,173.9585723876953,179.82645089873657,170.2379471337848,172.53365336270485,37700
2023-02-17,176.3334197998047,177.11515330588102,171.76181737318575,174.11689261063626,38600
2023-02-21,172.3555145263672,175.76938898996278,168.26878518563223,172.91955121129456,51400
2023-02-22,169.3671417236328,175.02722723822924,167.78389531854523,174.35434223143218,52800
2023-02-23,170.50511169433594,171.91023588812766,167.714658041583,170.04993848594526,33900
2023-02-24,169.08021545410156,171.9498484312443,166.11163898744675,167.1110693945554,42100
2023-02-27,174.7554931640625,175.2804319351506,169.98150344890158,171.43747026323587,42800
2023-02-28,174.83473205566406,179.05405553251862,171.72471087587317,173.1905767845802,42000
2023-03-01,173.666015625,174.97342076575939,170.39751788621413,173.6065908664405,40300
2023-03-02,175.75582885742188,176.8750452463045,171.2294678704126,172.2991586015988,26600
2023-03-03,176.90476989746094,178.45977288792383,173.1806729220703,175.2903270457712,42000
2023-03-06,171.03138732910156,176.32041692414225,168.69393316026836,176.32041692414225,25800
2023-03-07,169.6051483154297,172.01194144180423,167.62424265232866,171.44739118663807,42600
2023-03-08,169.4962158203125,172.89346213742928,167.2974090927411,171.1007447408761,45600
2023-03-09,170.50643920898438,175.12195276865882,168.34725941329623,168.34725941329623,28200
2023-03-10,161.5923614501953,169.7536976182358,158.4724413072036,169.5357968023896,79800
2023-03-13,164.48451232910156,170.42722943904826,158.9478694023701,160.41375050426362,41800
2023-03-14,168.29776000976562,169.99144116940977,165.85134006423095,169.35755189889343,35000
2023-03-15,166.26731872558594,168.0006112509515,152.5792678983741,164.1279520088137,61100
2023-03-16,167.23797607421875,169.26839240279602,162.77102387988074,162.77102387988074,39100
2023-03-17,163.90011596679688,167.58460138625352,163.11766494822575,166.39606111519547,85300
2023-03-20,166.0196990966797,168.47603300492736,164.28640663824675,165.58389743189022,52700
2023-03-21,172.46755981445312,173.9829514677297,166.27722949449614,168.47603603319374,53500
2023-03-22,167.64404296875,171.6751932989416,167.62424479330593,171.48700484044562,43200
2023-03-23,167.8718719482422,171.00169170992433,165.77210146720793,167.8817710367865,37300
2023-03-24,169.22877502441406,169.94190228743884,163.6228082507347,165.41552549610407,29200
2023-03-27,169.3773193359375,171.85345121092516,166.9210007476204,171.85345121092516,42300
2023-03-28,166.65359497070312,170.7243568832684,163.42472404543466,169.62495358971103,41900
2023-03-29,167.60443115234375,170.31827738046843,165.84142630242167,168.63449545837815,39900
2023-03-30,169.1198272705078,171.23939580424917,165.28677950619473,165.28677950619473,35000
2023-03-31,173.06179809570312,173.92350223185616,168.67409983685937,169.36741371247578,42100
2023-04-03,169.78343200683594,173.26983039932765,168.61470485494542,172.7547906666261,25000
2023-04-04,171.1205291748047,171.94260678685447,168.76324674779713,169.27828641947733,45300
2023-04-05,168.89202880859375,171.3483477117499,165.40563045007073,165.40563045007073,53800
2023-04-06,173.824462890625,175.04271557835858,168.6840105443089,170.32816578626125,39800
2023-04-10,176.76612854003906,177.18211694038965,170.48666084271412,172.70526564458393,68100
2023-04-11,182.20372009277344,182.87722080293537,175.42901084669683,177.47925558102426,34100
2023-04-12,182.58999633789062,185.95753011903594,180.02471186652863,185.49201605163307,41000
2023-04-13,167.138916015625,184.77887860042077,163.28605508947814,184.77887860042077,81800
2023-04-14,163.2464599609375,170.1796305042363,162.1866680664536,168.4562369570387,52600
2023-04-17,168.06004333496094,169.69429971230645,163.5237822845539,164.89059703011037,36900
2023-04-18,162.55311584472656,168.02041977270943,161.44381349616316,168.02041977270943,40000
2023-04-19,166.0296173095703,167.44595764125154,157.93761927879913,162.02817930263538,38100
2023-04-20,168.0501251220703,169.69428040073547,164.8311535151814,165.64333206721253,61100
2023-04-21,171.20970153808594,173.29955791589413,167.20827817644997,167.4063657484514,41400
2023-04-24,176.92457580566406,176.93447489223408,170.22910568568074,170.22910568568074,45800
2023-04-25,163.61288452148438,175.53792842274729,162.3748186420169,175.53792842274729,53700
2023-04-26,159.45301818847656,166.39608759316138,158.1951387708331,161.95886282234844,64400
2023-04-27,163.8011016845703,165.2174420448201,160.1067015707897,160.1067015707897,34600
2023-04-28,164.9202880859375,168.33736229081495,164.67267488924261,166.14845498226376,17800
2023-05-01,166.9011993408203,168.37697948407705,164.61325574357556,164.61325574357556,25200
2023-05-02,166.6932373046875,166.7328487735826,162.7512387292134,165.30659408355243,34700
2023-05-03,166.8814239501953,171.15027377125588,166.8814239501953,168.34729009299122,27800
2023-05-04,165.86123657226562,167.52519006244754,164.4250678868432,167.18843972940275,17600
2023-05-05,165.08865356445312,169.20894054296713,162.91957478362465,169.20894054296713,35100
2023-05-08,159.77984619140625,164.4052587581723,158.16540335950387,164.4052587581723,48400
2023-05-09,159.027099609375,163.42471247217856,156.9075312157754,159.44308797300366,43500
2023-05-10,157.75930786132812,161.562642674854,155.25346369149656,160.09677688251554,34100
2023-05-11,158.7101593017578,160.9485771493928,155.61003725646967,155.86754953918904,37300
2023-05-12,154.70872497558594,158.4031097031552,154.37197464934326,156.8183942844841,27700
2023-05-15,156.50144958496094,157.95741648534425,154.91673409083097,154.91673409083097,25100
2023-05-16,155.2435760498047,156.79857907433728,154.2234108831526,156.4915411269327,32400
2023-05-17,155.45155334472656,156.55095648233637,153.5795982848082,155.46146754444163,42900
2023-05-18,156.38259887695312,157.38295080830417,153.08438909407636,154.70873115311278,58800
2023-05-19,157.1848602294922,161.2754352309758,156.02603223837124,158.16541396649177,58000
2023-05-22,155.5506134033203,158.3238842327934,154.03522184648267,158.3238842327934,66000
2023-05-23,153.98570251464844,158.74977820345194,153.65885126754554,155.87747104495122,113800
2023-05-24,142.52613830566406,154.441283146243,138.8614663171784,154.441283146243,102900
2023-05-25,139.71328735351562,148.86507783244468,138.42569552681618,145.4579173481738,54500
2023-05-26,139.35670471191406,142.41720020985446,138.66339078063294,138.66339078063294,26400
2023-05-30,131.74136352539062,140.3978555879627,130.14491858552887,139.49551385449408,60100
2023-05-31,128.39974975585938,130.87870072328823,126.35708901439055,130.21434367965523,59200
2023-06-01,127.15035247802734,128.5088279362509,125.59357909302894,128.12211217931227,53400
2023-06-02,130.25401306152344,131.1166832414189,126.45625798988907,129.72847661511383,63600
2023-06-05,128.3501739501953,129.76812670994678,124.5028370200062,128.50883045109967,45400
2023-06-06,131.9000244140625,133.21882811540308,128.8360295865855,130.26390773330962,92900
2023-06-07,136.11427307128906,137.57189776235245,132.14795067499563,133.09985957712732,36800
2023-06-08,132.2570037841797,133.6055537863167,130.81920004349956,133.49647933282338,35700
2023-06-09,129.94662475585938,133.47664883907632,128.0626127681946,133.47664883907632,30900
2023-06-12,135.11273193359375,135.94567091978752,128.68729555489278,129.9267709822055,55300
2023-06-13,136.96702575683594,138.25606836328618,134.9541184574683,135.37058047144245,57800
2023-06-14,134.70620727539062,137.51236657360738,132.98085188273885,137.51236657360738,44100
2023-06-15,133.3179931640625,136.73894281078395,132.22726370890126,133.93278335329478,45000
2023-06-16,134.40875244140625,136.17376468696972,132.6933222515692,135.1226916789734,241300
2023-06-20,133.58572387695312,136.233241950861,132.87178471878502,134.51781195180138,36900
2023-06-21,130.56141662597656,132.73298057479255,130.21437249193633,132.63381646202714,33000
2023-06-22,130.25401306152344,132.0289354716076,128.31050865437888,130.76963915000138,36300
2023-06-23,126.02987670898438,130.07551929263317,125.35560168418313,129.4111621908145,59900
2023-06-26,126.34718322753906,127.61640503434226,125.45475928051847,125.6332440699226,27900
2023-06-27,124.27478790283203,125.50434562459488,122.93615571908164,124.09630310732139,41000
2023-06-28,126.22820281982422,127.1999474898386,124.18554181082524,124.80032445472342,29600
2023-06-29,133.21885681152344,133.9427063975452,126.02989005019265,126.02989005019265,71700
2023-06-30,127.41808319091797,134.07159442577515,127.13053152821541,134.07159442577515,38700
2023-07-03,127.31893157958984,128.24110932272504,126.01996353083362,126.01996353083362,12300
2023-07-05,123.79882049560547,126.77356191351424,123.46168676618528,124.44334931585075,35900
2023-07-06,122.82707214355469,123.25345203646248,120.97281399250758,122.95597487763065,24300
2023-07-07,121.02239990234375,122.97580708178724,120.5662662268715,122.97580708178724,25700
2023-07-10,122.10321807861328,125.31593667285544,121.15130173828814,121.15130173828814,29100
2023-07-11,123.0650405883789,124.40367257770231,121.76607272175906,121.76607272175906,31200
2023-07-12,123.03530883789062,126.49592262476916,123.03530883789062,125.37543939613778,27800
2023-07-13,120.7348403930664,125.53408624643332,119.06898489744347,124.21528240299044,62000
2023-07-14,121.32978820800781,122.39077901961356,119.80275336010783,121.3099523619075,23300
2023-07-17,121.38927459716797,122.26187021850717,118.04765338502878,121.64708762757803,46700
2023-07-18,119.0293197631836,121.54793504864861,117.72043385378493,121.30995029046082,48100
2023-07-19,124.86973571777344,127.62633592984177,120.07048204666047,120.07048204666047,57800
2023-07-20,124.04670715332031,126.06953208735317,122.85681369337539,124.58216147984295,35400
2023-07-21,122.86673736572266,124.86972654890494,121.5875976755823,124.42351837183297,38300
2023-07-24,124.82014465332031,125.65307616741,123.0848788612218,124.0566310334667,34900
2023-07-25,126.5653305053711,128.26093976533602,123.45176843675715,124.44334890612869,62100
2023-07-26,131.89010620117188,132.77261216965138,126.19843670931158,126.47608558161058,39400
2023-07-27,126.79339599609375,130.68038201397346,124.91930953408752,130.68038201397346,31400
2023-07-28,126.97187805175781,128.74680037759686,126.35709545703232,127.71556337990519,21100
2023-07-31,127.57673645019531,132.32639985505608,127.04127456728352,132.32639985505608,22300
2023-08-01,126.27777099609375,128.4493270751466,124.89947475177613,126.0695400057823,32300
2023-08-02,124.98870849609375,126.37691496009634,121.64707993024103,124.53257486916965,37600
2023-08-03,131.5232391357422,137.7503635704705,125.09780162372859,126.42651588488955,49500
2023-08-04,134.93426513671875,135.59862220133596,130.70021251412626,130.74979456110412,31100
2023-08-07,135.52920532226562,137.40330685194448,132.95110529363285,134.16083462341345,30000
2023-08-08,137.82968139648438,138.64278462123153,135.2515661959342,135.83661015557877,24800
2023-08-09,136.63980102539062,138.37506696514987,136.01510044537545,136.87777067086822,23600
2023-08-10,138.4741973876953,139.23771853538088,136.62985723076002,136.63978271820392,41900
2023-08-11,138.43455505371094,140.29873124677124,136.58030434911444,138.8807632553662,23200
2023-08-14,139.01959228515625,139.31706948093014,136.16385054455532,137.15543111025588,34600
2023-08-15,138.75184631347656,140.19956044041518,137.4330576181783,137.4330576181783,14000
2023-08-16,137.95860290527344,139.03942204327257,136.38197837582075,137.44297679720344,24600
2023-08-17,137.7503662109375,138.81136464674418,136.68938290544904,138.81136464674418,29000
2023-08-18,136.99676513671875,139.5054625844344,136.3224825307971,136.3224825307971,23000
2023-08-21,136.06466674804688,139.30713896520902,134.5574602697773,137.98833518801268,21800
2023-08-22,137.23472595214844,137.74044165666513,134.85493896373853,135.54904224116504,16500
2023-08-23,137.79002380371094,138.80142495283988,136.73893583391708,136.89759233467655,19200
2023-08-24,137.23472595214844,138.91049930571026,136.14399655342586,136.86784603343372,28000
2023-08-25,140.75482177734375,141.9546406080681,137.77017049542118,137.77017049542118,19300
2023-08-28,138.64279174804688,142.71817304782672,137.81977812349044,141.17130990010816,20900
2023-08-29,138.40480041503906,142.6884200723453,137.87926398928673,140.8044232777973,62200
2023-08-30,139.9931640625,140.91638497650612,137.98786849482147,138.88130906629073,33300
2023-08-31,142.31613159179688,143.70593149938279,141.16457444112118,142.38561401333473,34900
2023-09-01,139.40744018554688,144.40082776455128,138.82173995430017,143.8746730670818,25200
2023-09-05,128.61659240722656,139.3875930164283,128.16987216049,137.88857855042008,34400
2023-09-06,129.67880249023438,130.14538132504654,127.89190643645162,128.85484444466567,34700
2023-09-07,129.6192626953125,131.1778228740921,124.90384221447879,128.34856907082363,33000
2023-09-08,121.84626770019531,126.63117061165097,121.84626770019531,126.63117061165097,25300
2023-09-11,126.4326171875,127.17715599431686,122.93824414615561,123.29562337933493,33900
2023-09-12,121.9753189086914,126.75029223859002,121.44917176717045,125.75757378671318,25800
2023-09-13,121.9753189086914,123.63315690560397,120.5755822561015,120.78405222213475,33100
2023-09-14,124.67549133300781,125.0328705374391,121.01236584834679,122.59078435638516,47000
2023-09-15,122.01502990722656,128.34856339993604,120.43660361286047,125.1619456168138,77100
2023-09-18,120.77413177490234,122.95810936271609,120.35718426456195,121.61794095320126,26500
2023-09-19,118.00444030761719,119.78140717315384,117.86546033590731,119.15598972661901,20700
2023-09-20,116.1480484008789,120.75426099651084,115.8502298626227,119.44387306109554,21300
2023-09-21,112.17718505859375,117.28968660036861,110.66825634427781,117.28968660036861,39600
2023-09-22,112.11763000488281,113.81517773391761,109.91379371930886,111.97865002055302,41900
2023-09-25,111.56169891357422,112.89194560155156,110.93628900416032,111.6311889035091,23400
2023-09-26,109.35786437988281,112.01834246479751,108.86150517171087,112.01834246479751,58900
2023-09-27,106.12159729003906,109.69538197537369,105.75428875955713,109.20895208547942,41600
2023-09-28,103.52067565917969,107.7198779096241,103.08387713060984,106.57825021148773,85700
2023-09-29,104.30492401123047,105.22815244411832,102.49817679108696,104.86084390240063,37900
2023-10-02,99.6987075805664,103.27249224721236,98.69605989232778,103.27249224721236,45400
2023-10-03,96.18447875976562,100.39360237456836,95.54913963201577,98.58685530993475,46100
2023-10-04,98.22948455810547,98.72584376774489,94.04021919077475,97.84232498049396,60700
2023-10-05,98.41810607910156,98.5868663971116,95.35060971800809,97.41545832849013,47900
2023-10-06,99.30162048339844,99.55972938844597,97.00844339972012,97.68349221564729,22700
2023-10-09,101.67422485351562,102.38898337057614,97.28641099181088,97.28641099181088,33400
2023-10-10,105.80392456054688,106.38962475713845,102.24006171197233,102.50809991035561,36200
2023-10-11,106.76686096191406,108.1169585161061,105.41676340772204,106.73707304955873,50700
2023-10-12,101.89261627197266,107.41212816869655,101.76356560617283,107.41212816869655,50600
2023-10-13,100.71128845214844,102.05146448165279,98.60673008658097,101.67422660568045,38900
2023-10-16,98.22948455810547,102.55773747206847,98.05079493968167,102.06137826242905,49400
2023-10-17,106.10174560546875,106.49883450171913,98.76555683849183,98.76555683849183,51400
2023-10-18,99.26191711425781,104.00711016129898,99.25199538278125,104.00711016129898,25000
2023-10-19,97.88203430175781,101.048808472392,97.62392539292532,99.57958188423832,25000
2023-10-20,95.85688781738281,99.47038224541595,95.58885717757484,97.88203429471574,25400
2023-10-23,97.35589599609375,99.12293358730061,95.62856805089429,95.62856805089429,41900
2023-10-24,100.67157745361328,101.1977169983675,97.40553298039212,98.36846347472773,39700
2023-10-25,99.27184295654297,99.57958324607927,96.81982722370186,99.57958324607927,49900
2023-10-26,95.8668212890625,100.33405435486009,95.63849271098735,99.60936654725187,20800
2023-10-27,95.81717681884766,96.02565434822604,93.26589082891961,95.76754544305689,34600
2023-10-30,93.30560302734375,98.9641026173307,91.86616433473264,97.1970650254057,62000
2023-10-31,93.14677429199219,95.38039081194432,92.65041506533616,94.298323759437,40200
2023-11-01,88.4114990234375,96.8694641038742,87.13089136781362,93.11698973215047,46600
2023-11-02,89.68217468261719,92.91843871736015,86.57496888434322,90.12890249726806,59300
2023-11-03,92.54122161865234,94.70534829456143,90.6848352602224,91.9356627157254,48900
2023-11-06,91.24075317382812,96.48230519411757,88.40157790053127,94.63584833599191,76000
2023-11-07,92.6404800415039,92.75960897513028,88.47106582450421,89.52334489642959,39500
2023-11-08,93.0475082397461,93.52400887789453,90.77418196827323,92.19376972473563,24400
2023-11-09,85.03626251220703,93.23611111370069,84.01375618937014,92.60077193813315,75300
2023-11-10,84.4207763671875,86.92242348336866,83.14016868103074,85.90985401520595,34600
2023-11-13,83.93435668945312,85.48299520857334,82.25665991117856,85.15539626834668,33300
2023-11-14,92.89859008789062,93.84166954239659,87.2798002843648,87.2798002843648,49700
2023-11-15,93.08720397949219,96.89924669444908,91.7867452579927,94.22883169036544,43300
2023-11-16,90.95286560058594,99.86747289174502,90.17853886045765,93.19640380705013,30000
2023-11-17,89.2751693725586,91.2903865885357,88.19310233746549,91.2903865885357,41100
2023-11-20,88.6795425415039,91.71725862917869,88.39165327699655,89.890660283969,32100
2023-11-21,87.90522003173828,89.65239901588393,86.4260641174406,88.08390965214416,35300
2023-11-22,87.23017120361328,89.92043724106803,86.36650344260464,89.37443907482569,65400
2023-11-24,90.9330062866211,91.32016586676781,86.95220327857052,87.16068081296385,27900
2023-11-27,85.81058502197266,92.17390633178677,85.81058502197266,90.83373794248546,36900
2023-11-28,86.99191284179688,87.27980209386018,84.54982642556115,85.42342348667478,39500
2023-11-29,87.37979125976562,89.40864230609156,86.65377782356414,87.41957354550085,38800
2023-11-30,84.90339660644531,88.51355341295417,84.72438012749559,87.12120386420024,43700
2023-12-01,89.87606811523438,90.63190872591947,84.19727812899195,84.19727812899195,46000
2023-12-04,94.96807861328125,95.42556348283334,90.16448368913693,90.16448368913693,59000
2023-12-05,94.47081756591797,96.57923315930314,93.42656103131534,94.60011188998429,55900
2023-12-06,94.52053833007812,98.83681343799397,93.95365409729438,95.45540297588424,73600
2023-12-07,99.84130096435547,100.08993454731038,92.31267637598879,95.17693252005914,50900
2023-12-08,102.44698333740234,103.72993353211729,98.22021243987197,99.90097029596336,53900
2023-12-11,102.8149642944336,104.51561722038207,100.65682645165356,102.2878622725993,56100
2023-12-12,102.05912017822266,104.73441248430325,100.44797176098123,103.2724457406815,45900
2023-12-13,107.82740020751953,107.85723502061316,100.63692191958216,101.80052515639781,59300
2023-12-14,114.43110656738281,116.4201750359287,109.7170164214834,109.7170164214834,70700
2023-12-15,109.76675415039062,119.05570093188864,109.49822563850117,115.36597956494687,163400
2023-12-18,105.63944244384766,110.37342818969702,104.65485553792293,110.37342818969702,46400
2023-12-19,104.42609405517578,109.93581459489596,104.1376782182144,107.54893092752457,102000
2023-12-20,101.64141082763672,105.76873003138188,101.64141082763672,104.06807714831194,83100
2023-12-21,103.759765625,103.98850426551924,102.03921794268929,102.2977989859539,37800
2023-12-22,104.50566864013672,106.44500753784551,102.02927270897658,104.4261040731295,62900
2023-12-26,104.42609405517578,105.26149916552407,102.68565915425619,105.26149916552407,36100
2023-12-27,103.24260711669922,105.17200615893012,103.02380834848398,104.4261054060299,34800
2023-12-28,105.4206314086914,106.89254544996426,101.47232918812726,102.3574640712413,149900
2023-12-29,104.19735717773438,106.44500686138866,103.02380637876742,105.907957419045,54400
2024-01-02,105.67921447753906,108.4838008372669,102.04916284623778,104.03823140172403,107100
2024-01-03,96.59912109375,105.7388944263187,94.71945173237422,105.7388944263187,104500
2024-01-04,100.08993530273438,103.48130104192893,97.56381717032342,98.45889959325562,75100
2024-01-05,98.38927459716797,100.45790767800246,96.86763839414355,99.13517529180302,64900
2024-01-08,101.989501953125,102.0093893017977,95.4951861895553,98.3594500109066,46000
2024-01-09,101.46239471435547,103.89900851250981,98.4887390249688,101.074526910857,77800
2024-01-10,99.26446533203125,102.18839858079959,96.82785934985398,101.4424978612317,56000
2024-01-11,95.81343078613281,98.7970336850811,94.52054074920528,98.52851276276135,70400
2024-01-12,95.43551635742188,100.31868371132886,94.2619655081015,98.12076368435581,70100
2024-01-16,94.83879089355469,95.544909331851,93.12819069365058,95.544909331851,56400
2024-01-17,91.79552459716797,94.9780315187388,90.93027697113386,92.81989377543312,57500
2024-01-18,90.18437194824219,92.18338804507191,89.12022053516566,92.18338804507191,47700
2024-01-19,90.72142791748047,90.95016657718274,88.16547484861529,90.86066212452408,49700
2024-01-22,95.8631591796875,96.38032125729607,92.12370814136604,92.12370814136604,50800
2024-01-23,92.50163269042969,97.16599316195511,91.14906550380347,97.16599316195511,49200
2024-01-24,92.71050262451172,96.79803982021086,91.79553275174146,94.75924116303985,58500
2024-01-25,91.6463394165039,94.3315790545373,91.07945515568821,94.3315790545373,49300
2024-01-26,94.49070739746094,95.475294244806,92.03420642525613,92.80994197696404,38300
2024-01-29,95.90294647216797,96.80796877372502,92.69059722333883,94.22218101366866,54000
2024-01-30,93.53595733642578,96.39026602463781,93.42655795244956,95.4156266244612,29900
2024-01-31,91.11923217773438,95.72392309750411,91.00983280146454,93.64535012376585,58300
2024-02-01,93.55583953857422,94.45092190928493,90.34349047138312,93.6851262635735,48000
2024-02-02,93.4862289428711,94.4011987242439,89.60754345855341,91.4872127738998,60700
2024-02-05,98.75725555419922,100.99495765055394,90.81092131333747,91.96458470288472,93300
2024-02-06,95.38578796386719,101.39276843405827,94.62993977441283,98.51856492586242,64600
2024-02-07,90.12470245361328,96.41015902765254,89.82633912371514,96.41015902765254,65300
2024-02-08,92.87956237792969,92.90939719441086,89.60754345455193,91.34797856777233,54600
2024-02-09,93.3370361328125,93.88403299535621,90.75124864778431,93.30720131989085,53600
2024-02-12,94.80895233154297,95.6543049305878,93.68512376748978,93.99343454611119,42300
2024-02-13,90.36338806152344,94.4509246848061,89.18983727159348,91.3081926214465,61300
2024-02-14,96.60906982421875,97.08644966895034,90.21421340713428,92.15356001596828,70200
2024-02-15,103.7000961303711,105.95769341481683,97.07650112648322,98.1903823600697,70600
2024-02-16,102.14862823486328,105.7090632400255,101.50217935149321,102.4569314735817,63600
2024-02-20,102.69561004638672,103.16304236368394,99.6523300442134,100.77615861670098,38900
2024-02-21,102.10883331298828,102.76522958378,99.5230456871699,102.1685105297749,32900
2024-02-22,104.47583770751953,105.03277452188043,101.48228715493971,102.05911890563921,74100
2024-02-23,104.16752624511719,105.39080684066971,101.02480162810484,103.94872747292935,69600
2024-02-26,105.45046997070312,106.25604032071912,103.80948686819006,104.09790272395128,17700
2024-02-27,107.151123046875,109.37888533555805,105.1023848228754,106.75330781048913,34900
2024-02-28,106.77263641357422,106.77263641357422,104.08340319828213,106.0455508667563,39500
2024-02-29,108.75470733642578,112.05150931206745,107.87821066690462,109.4718382118597,54600
2024-03-01,108.99375915527344,109.11328351260192,105.07942574078088,109.00372141812916,50300
2024-03-04,111.8523178100586,112.08139665700928,108.16706334282804,109.19295602025556,38400
2024-03-05,110.81645965576172,111.25470041073078,108.76466676143976,110.26864921332583,48300
2024-03-06,111.35430908203125,112.89812540248045,109.35231987788309,112.18099448762261,43800
2024-03-07,113.64513397216797,114.52163067804716,112.56943761439602,112.56943761439602,23300
2024-03-08,111.55350494384766,115.28855533259255,110.74673649155218,114.74074490265151,22300
2024-03-11,106.40412139892578,111.68298825906805,105.5774283906027,111.68298825906805,46100
2024-03-12,106.04554748535156,107.00171943361057,105.00969264165951,106.96187798589406,25100
2024-03-13,105.00969696044922,107.04156528368253,104.26268688274489,106.30451746806185,39500
2024-03-14,99.45194244384766,105.46786465307531,98.46589124633404,105.00969937343282,44400
2024-03-15,100.67704010009766,102.83838743601476,97.93800314659606,98.81449223608396,52500
2024-03-18,101.31449127197266,103.25671449672863,100.39816070434316,100.4678813432067,27500
2024-03-19,101.3742446899414,102.57942001648,100.34835208299414,101.3642824280254,25100
2024-03-20,104.03360748291016,104.30253538449573,100.61728085925559,101.65313581558893,34800
2024-03-21,106.10531616210938,108.01766024434929,102.73879329239662,105.38818523152445,60600
2024-03-22,102.59934997558594,108.07742407677314,101.86229453434261,107.05153141547848,23300
2024-03-25,99.48181915283203,103.97384187242629,98.87425034955962,103.62523868996985,25400
2024-03-26,101.93201446533203,104.01368656079053,98.436012670855,100.8862048853952,42600
2024-03-27,106.82244110107422,106.88219947561119,102.43001819710032,102.43001819710032,21500
2024-03-28,109.29256439208984,110.88618446782527,106.68300629377438,106.68300629377438,43200
2024-04-01,111.55350494384766,112.1013153737887,107.65908875767282,109.77063997974255,46200
2024-04-02,99.00373840332031,110.74673788518531,97.36031469179588,110.35829324778602,100700
2024-04-03,99.40215301513672,104.49178274504946,98.81450108284969,98.81450108284969,45700
2024-04-04,99.76071166992188,104.31249287217696,99.3125010541235,101.76269325062387,35600
2024-04-05,100.51766967773438,102.72882062338977,99.29257746123609,99.60133918102395,29100
2024-04-08,105.71687316894531,106.5136870152218,102.78859102270623,102.78859102270623,39100
2024-04-09,106.46388244628906,107.1710511196719,103.16708019174852,105.48779347135837,29800
2024-04-10,103.63520812988281,103.94396988444652,101.94198061370967,102.5893909111,39900
2024-04-11,104.30252838134766,104.67104848984228,101.61328754095463,104.1630871080287,23400
2024-04-12,104.59137725830078,105.83639410348917,101.79257422301103,103.58540151967422,59600
2024-04-15,104.03360748291016,107.68898281885858,101.88222226512552,103.76468718030458,30000
2024-04-16,102.09138488769531,104.77066366422649,101.52365749032782,103.78460481697239,26400
2024-04-17,100.73680114746094,103.93400345522711,100.60732213276538,103.93400345522711,30600
2024-04-18,99.22286224365234,102.90810895491049,99.1431793442032,100.60732032591817,31100
2024-04-19,100.33839416503906,101.54356954375343,98.51569530242622,98.51569530242622,27100
2024-04-22,101.85233306884766,103.13719127501484,99.14317538753197,100.78659902793089,36100
2024-04-23,106.19496154785156,108.14714708572026,101.64318018071866,101.64318018071866,34400
2024-04-24,104.05352783203125,108.34634343152266,102.84835245209685,105.02961677162388,19600
2024-04-25,101.39417266845703,103.04755105081786,100.25871793868477,103.04755105081786,24300
2024-04-26,102.77863311767578,104.49177751385874,101.67305755034793,101.67305755034793,19500
2024-04-29,105.09933471679688,107.01168629448401,103.60531455862287,103.60531455862287,30900
2024-04-30,105.6571044921875,106.48379744730376,101.84237130323548,103.33639142015336,52100
2024-05-01,109.74076080322266,114.80051088742663,103.91408371600556,106.27463069857679,59900
2024-05-02,112.91804504394531,113.68497203979105,108.53558444188273,111.14513475934018,39500
2024-05-03,115.03955841064453,115.95588900020358,112.03160100614247,115.63716498648827,33300
2024-05-06,115.26863861083984,115.76664533021808,113.4160530068344,115.18895571198425,34300
2024-05-07,114.72083282470703,117.8483145411084,114.72083282470703,115.36824310590676,22300
2024-05-08,112.75868225097656,113.69493732970491,110.32840699077767,113.246726715876,40200
2024-05-09,116.64313507080078,116.64313507080078,113.69493618752733,113.69493618752733,30200
2024-05-10,115.57740020751953,117.33038598535727,115.18895557478552,117.33038598535727,16700
2024-05-13,115.89612579345703,118.1072768710323,114.78058799244279,117.22082550735279,19400
2024-05-14,117.63915252685547,118.51564165210384,116.41405260502741,117.88815589642397,21400
2024-05-15,118.127197265625,119.20289364830305,116.73277687315122,118.52560417761462,16400
2024-05-16,120.12918090820312,120.1490978333364,117.06145770707572,118.33635368703011,21800
2024-05-17,121.73277282714844,122.01165539507178,118.37620455125935,120.13915272545779,32600
2024-05-20,121.07539367675781,123.29650703447307,120.94591466268584,120.94591466268584,20200
2024-05-21,117.99771118164062,121.0953135283422,117.99771118164062,121.0953135283422,23500
2024-05-22,113.90409851074219,118.39612128852411,113.54553306157675,117.03158012925674,35000
2024-05-23,112.3503189086914,114.78058653146164,111.90210830195359,114.57142462124244,30200
2024-05-24,111.19493865966797,116.69293704584774,107.5694503842648,113.17700325662676,35300
2024-05-28,113.79454040527344,113.94394394748333,110.25868950188527,112.69892709403395,29400
2024-05-29,116.37420654296875,116.63317216477343,111.55350514664188,112.72880130839603,49400
2024-05-30,110.07940673828125,116.75270163017255,109.63120371076474,116.75270163017255,34300
2024-05-31,95.45667266845703,117.69997632256793,88.96323030138383,117.50048788127394,121700
2024-06-03,92.68374633789062,97.65108788967012,90.96811827093067,97.65108788967012,70800
2024-06-04,94.4991226196289,98.41913094882487,89.95071879704923,92.52416100613905,41200
2024-06-05,106.92743682861328,108.18423536090009,94.49911777154473,94.49911777154473,62300
2024-06-06,107.07705688476562,109.07197180617717,104.91257602143325,105.85018846969555,56100
2024-06-07,104.5335464477539,107.72540732448061,103.69567821136526,106.33894204271527,26000
2024-06-10,99.69586944580078,103.49618751890887,99.04752818894181,103.49618751890887,42100
2024-06-11,95.33699035644531,98.54880474695491,92.93311411149982,98.54880474695491,55400
2024-06-12,95.1773910522461,100.76315142628967,94.57891808538369,99.54625969133465,81800
2024-06-13,92.76354217529297,96.74339524104687,92.26481345392042,94.94797641010354,59200
2024-06-14,91.36710357666016,91.9955066589811,88.3946845501141,91.9955066589811,47800
2024-06-17,91.43692779541016,91.43692779541016,89.67143135728534,90.52924542168404,28800
2024-06-18,91.04792022705078,91.76609085131273,88.86348584658684,90.95815270401647,36500
2024-06-20,91.46684265136719,91.76608292228617,89.8110672862718,90.14023006228344,32100
2024-06-21,92.50420379638672,93.56151389120615,90.5491880650178,91.89575412983864,104900
2024-06-24,90.91825103759766,93.48171646282026,90.91825103759766,92.29473962363271,25700
2024-06-25,89.7113265991211,91.47682295908534,88.49442727745243,91.47682295908534,44100
2024-06-26,87.95579528808594,90.21005118009069,87.72637673390119,89.01309771433769,47300
2024-06-27,84.72403717041016,88.58419258286239,83.46723866845076,88.58419258286239,75800
2024-06-28,86.54937744140625,86.58927665161619,84.1056097935179,85.7713618673029,212200
2024-07-01,88.22510528564453,90.18012851524047,86.57930663939712,87.61665565388179,61600
2024-07-02,87.50695037841797,89.15274917585913,87.18776428079337,87.31743101701694,44700
2024-07-03,90.19010162353516,90.89829550628176,85.82124069236733,88.03559746912242,17600
2024-07-05,91.24740600585938,91.44689444121703,89.0130959578744,89.9507083460466,28200
2024-07-08,94.91805267333984,95.92547919824875,91.92568038391546,92.62389754078265,33900
2024-07-09,92.54410552978516,95.03774927702014,91.37708208247841,94.02034597654685,42200
2024-07-10,93.89067077636719,94.0203451204406,91.73616655557242,93.35204281866932,28100
2024-07-11,104.73302459716797,104.76294710088212,95.755908203125,95.755908203125,50700
2024-07-12,105.24173736572266,107.21669884922134,104.03481476802982,105.94993123990623,27600
2024-07-15,102.53862762451172,107.35634126429855,102.49872841381001,106.35888382674491,46000
2024-07-16,113.01193237304688,113.02190146837098,102.51867571478878,104.1146061162359,41500
2024-07-17,111.92469787597656,113.55055075554158,108.77273633835424,111.12673649391854,26500
2024-07-18,107.20672607421875,112.27380394755477,106.67806725304749,110.598075189681,29800
2024-07-19,107.84510803222656,108.38373599738715,106.06962728336532,107.41620100126518,34200
2024-07-22,110.52825927734375,110.52825927734375,106.39878598044972,107.82515046000466,26800
2024-07-23,113.19147491455078,114.00938972016365,110.10932743303637,110.10932743303637,45400
2024-07-24,108.1942138671875,115.10659449482554,108.1942138671875,112.94211359374611,39100
2024-07-25,107.91492462158203,111.28632808394259,107.10697890726165,109.23156815936746,67800
2024-07-26,109.74026489257812,111.60551305674169,106.82769097580646,110.18912530940707,49800
2024-07-29,108.1243896484375,109.64052163170129,107.55583920346402,109.16174631487965,22100
2024-07-30,110.0893783569336,110.77761880301107,107.28651782755875,109.01212251525207,19600
2024-07-31,114.22882843017578,116.65265043578012,109.85996736266532,111.2564093709553,38600
2024-08-01,110.74769592285156,114.78740151047631,108.29395158732994,113.29121538320732,26000
2024-08-02,106.62820434570312,109.84001859503621,102.01994812579089,104.26422741815136,31600
2024-08-05,104.44377136230469,106.6681048814068,97.60121247053333,105.79033743243535,64600
2024-08-06,112.80245971679688,115.2661808435209,105.15196287801966,107.22667620683951,26800
2024-08-07,118.68746185302734,119.46547745959282,113.82984885972873,115.43575599020221,44000
2024-08-08,127.91394805908203,127.92391715432163,119.00664517245897,119.29590874433107,29400
2024-08-09,119.22608947753906,127.23567169741943,119.2161127720981,127.23567169741943,40500
2024-08-12,116.82221984863281,120.96166219815692,116.62272379167005,120.96166219815692,33400
2024-08-13,125.24075317382812,125.85917952347455,118.78720234814968,118.78720234814968,26100
2024-08-14,122.95657348632812,126.69703883175056,122.63738741458526,126.69703883175056,21200
2024-08-15,128.5922088623047,131.39506177953575,127.34538708631275,127.34538708631275,23300
2024-08-16,129.17074584960938,130.83649804304682,125.67964461043074,127.92392397847415,22500
2024-08-19,130.48739624023438,130.49736533594384,128.23313257043475,129.17074504690078,13800
2024-08-20,128.02366638183594,128.74183694428584,126.45765092149608,126.95637963319783,16700
2024-08-21,130.716796875,131.07588215208781,126.64716880800202,129.28045576664869,19100
2024-08-22,128.572265625,130.16820371253812,127.23567622818312,128.05359868354466,14200
2024-08-23,135.49461364746094,139.873451156654,134.86622581611385,135.49461364746094,65700
2024-08-26,137.39976501464844,139.9831761813633,135.69410606249727,138.06805968596117,26100
2024-08-27,140.50186157226562,140.81107095659442,137.05065198654628,137.05065198654628,28700
2024-08-28,135.38490295410156,139.7537716984019,133.8288716807874,138.57676392756574,48600
2024-08-29,133.85877990722656,137.01074894099239,133.06081094399582,136.93095052267012,30600
2024-08-30,133.50926208496094,134.31816457851775,130.633150785061,134.19833168707532,33400
2024-09-03,124.63128662109375,132.06123096454044,123.22318913510037,132.06123096454044,37200
2024-09-04,121.02616882324219,124.08202965057512,120.387034632154,124.04208281124704,25200
2024-09-05,119.7978286743164,122.1246806441216,118.44965522360253,120.94627554680622,25300
2024-09-06,117.80052947998047,121.0261662095672,116.69202947457713,119.07879783455142,33100
2024-09-09,120.626708984375,122.74384577069614,118.2399405543493,118.2399405543493,29400
2024-09-10,118.62940979003906,121.38568070439908,116.43237937864933,121.38568070439908,83500
2024-09-11,119.40835571289062,119.52819623046997,117.25127973002591,118.07017088578353,58900
2024-09-12,121.39566040039062,122.48419078954144,117.46099207376675,120.05747560572635,46400
2024-09-13,125.54005432128906,127.21778346859283,121.89498715742951,123.77245050029356,26400
2024-09-16,122.7738037109375,126.61859749296491,122.17460873684027,126.14923165215968,26100
2024-09-17,122.63398742675781,129.56460754883034,122.49417730490737,124.81104054867488,49300
2024-09-18,125.97946166992188,128.84558451282513,122.63399199683386,122.63399199683386,24400
2024-09-19,128.25636291503906,128.93545151906577,126.61858832673245,128.44610848437242,19100
2024-09-20,128.3961944580078,133.39941598938037,126.56865897415807,127.4274969558831,84800
2024-09-23,125.97946166992188,130.43343136404783,125.5300654451581,130.43343136404783,21700
2024-09-24,129.8042755126953,130.2337021186833,125.89956541139678,125.89956541139678,18100
2024-09-25,123.43290710449219,129.95408578075654,123.1432982330649,129.95408578075654,30200
2024-09-26,127.47743225097656,127.97674868488153,124.4515297089382,125.93951325349204,27300
2024-09-27,127.5473403930664,131.4620392344067,126.26907200561494,128.82560878051788,16500
2024-09-30,129.6844482421875,131.3521888096234,127.3675848590732,127.62723550916068,28700
2024-10-01,130.21372985839844,131.00265518113767,126.30901960811401,129.16514626784632,26800
2024-10-02,132.14112854003906,133.63910074256765,130.02398413184903,130.02398413184903,23900
2024-10-03,130.47337341308594,135.2768837671802,129.9840455768441,131.0825493880934,28100
2024-10-04,133.3994140625,133.61911786196507,131.87148369959522,132.97998369211052,13000
2024-10-07,126.78836059570312,132.11114912505295,126.43883528800927,132.11114912505295,31500
2024-10-08,125.15058135986328,127.41750922657657,124.90091933132707,126.80834088650226,16700
2024-10-09,124.25179290771484,126.31899413891152,124.12197139953311,125.1306080987304,16100
2024-10-10,122.31442260742188,123.19323019231605,120.2072745074635,122.39430866489927,22200
2024-10-11,126.00941467285156,127.2976716065962,122.37433628174522,123.74248689023685,19500
2024-10-14,128.376220703125,128.376220703125,124.75112309965212,125.15058387716094,25100
2024-10-15,130.77296447753906,131.69171889274105,127.17783287351536,127.17783287351536,25900
2024-10-16,133.5192413330078,133.54919955547646,130.66310729843556,131.34219589676516,44800
2024-10-17,132.88011169433594,134.63774207559598,132.88011169433594,134.58780662373556,20200
2024-10-18,135.7262725830078,136.04583206447825,129.65449005345602,133.06986486917364,17100
2024-10-21,133.12977600097656,134.45797980483138,131.4420582709794,134.45797980483138,31200
2024-10-22,133.81884765625,134.72762109973092,130.88281975464145,132.36081470087615,33800
2024-10-23,119.83777618408203,132.8002247079751,119.37839895633273,132.8002247079751,63500
2024-10-24,116.30255889892578,122.0547741915,115.52361458599937,121.18594758603874,36900
2024-10-25,112.8871841430664,117.7206373757457,112.30796640620072,116.65208419453235,33000
2024-10-28,112.74737548828125,115.31390087960904,111.92848432580921,114.57490339617831,40700
2024-10-29,112.52767181396484,113.0869123297564,110.56033377495164,111.47908822777508,51100
2024-10-30,114.8245620727539,116.63211269851885,111.61889496187212,111.61889496187212,27500
2024-10-31,113.88583374023438,115.16410212848777,113.17679448172134,114.39514642023805,17900
2024-11-01,117.8404769897461,118.1001276317101,113.4963592347029,115.20404658865448,33500
2024-11-04,118.28986358642578,119.91766485447774,116.28258640492463,117.67070664488188,35200
2024-11-05,120.64667510986328,122.02481437077962,117.19135358134213,117.31119409679411,43200
2024-11-06,133.9786376953125,140.35000244638775,130.6431565754331,132.92007310837027,63600
2024-11-07,117.73062133789062,133.36945390077946,116.92171883259644,133.36945390077946,47300
2024-11-08,118.67933654785156,120.1773086978643,113.1068859403052,117.90039224889779,44700
2024-11-11,118.77920532226562,120.83641793327185,117.40106609276573,120.16732554684869,40000
2024-11-12,112.248046875,119.51820375342596,111.47908357877401,117.57084302494768,44400
2024-11-13,107.62430572509766,114.26531732004051,107.62430572509766,114.26531732004051,27200
2024-11-14,104.45858764648438,110.04103437572901,103.4499509523197,106.98516606988719,31400
2024-11-15,102.301513671875,105.15764784376555,101.86210607032865,105.15764784376555,35000
2024-11-18,102.91069030761719,103.78949789748756,99.44538016287632,102.02189410335045,54500
2024-11-19,99.61515045166016,101.93201379649946,99.33553019576102,101.05320618951922,34700
2024-11-20,98.45671081542969,101.20299304283223,97.76764881934686,98.42675259200176,30100
2024-11-21,100.72364807128906,102.78086072113923,98.58654174478364,98.71636325503815,67500
2024-11-22,108.94252014160156,110.7900252654452,100.17439083582985,100.88343008926519,63400
2024-11-25,113.46640014648438,115.84317988751445,109.58165963736916,110.90985582316458,48700
2024-11-26,116.29257202148438,117.5608594168752,111.54899339049851,112.86720862108294,43000
2024-11-27,118.19000244140625,119.56814171112856,116.00296825876595,117.13143788159788,33300
2024-11-29,117.13999938964844,119.55000305175781,116.9800033569336,119.55000305175781,19200
2024-12-02,121.47000122070312,121.61000061035156,115.05999755859375,118.0,43200
2024-12-03,123.0,123.08999633789062,120.0,121.3499984741211,36400
2024-12-04,126.33000183105469,126.54000091552734,123.0,123.0,35500
2024-12-05,123.0,125.5,121.98999786376953,125.12999725341797,42800
2024-12-06,124.0,124.2699966430664,119.63999938964844,123.5999984741211,30600
2024-12-09,131.05999755859375,132.42999267578125,124.80000305175781,124.9000015258789,36100
2024-12-10,128.86000061035156,131.4499969482422,127.30999755859375,130.27999877929688,32800
2024-12-11,128.77999877929688,131.64999389648438,127.98999786376953,130.33999633789062,30200
2024-12-12,127.16000366210938,128.60000610351562,124.51000213623047,128.60000610351562,17700
2024-12-13,127.56999969482422,127.56999969482422,121.02999877929688,126.25,22500
2024-12-16,133.25999450683594,133.2899932861328,127.2699966430664,127.2699966430664,40200
2024-12-17,132.3300018310547,138.0,131.7899932861328,132.80999755859375,52800
2024-12-18,129.99000549316406,136.60000610351562,128.92999267578125,133.02000427246094,80900
2024-12-19,131.39999389648438,133.75999450683594,127.51000213623047,130.75999450683594,39200
2024-12-20,132.0800018310547,136.27000427246094,129.75,129.75,141800
2024-12-23,135.39999389648438,136.5800018310547,131.16000366210938,131.49000549316406,53700
2024-12-24,131.25,135.3800048828125,131.2100067138672,135.17999267578125,17500
2024-12-26,135.6199951171875,136.27999877929688,128.97000122070312,130.64999389648438,22700
2024-12-27,133.05999755859375,135.5500030517578,131.0500030517578,135.5500030517578,40800
2024-12-30,132.0399932861328,133.1199951171875,130.52999877929688,130.52999877929688,22200
2024-12-31,131.8699951171875,132.64999389648438,130.66000366210938,131.8000030517578,15500
2025-01-02,131.97000122070312,134.30999755859375,130.38999938964844,132.39999389648438,22900
2025-01-03,138.35000610351562,138.35000610351562,131.75,132.3300018310547,27800
2025-01-06,144.19000244140625,147.33999633789062,137.97999572753906,138.2100067138672,59100
2025-01-07,138.91000366210938,147.0,138.52999877929688,144.36000061035156,46600
2025-01-08,142.02999877929688,142.0399932861328,137.0,137.9499969482422,26100
2025-01-10,134.38999938964844,140.69000244140625,132.5,138.5800018310547,23500
2025-01-13,131.10000610351562,133.0,125.69999694824219,133.0,29100
2025-01-14,131.0500030517578,132.99000549316406,129.2100067138672,132.63999938964844,31000
2025-01-15,135.0800018310547,137.0,134.02000427246094,135.77999877929688,18500
2025-01-16,137.16000366210938,137.82000732421875,131.89999389648438,133.99000549316406,23900
2025-01-17,139.61000061035156,144.91000366210938,138.30999755859375,138.30999755859375,30100
2025-01-21,146.63999938964844,148.0,141.64999389648438,141.64999389648438,48300
2025-01-22,144.85000610351562,147.05999755859375,143.3800048828125,146.50999450683594,27800
2025-01-23,142.41000366210938,143.6999969482422,138.63999938964844,143.6999969482422,28000
2025-01-24,140.47000122070312,149.5,138.9499969482422,141.61000061035156,17800
2025-01-27,139.49000549316406,140.5,133.50999450683594,139.49000549316406,34148
