Price,Close,High,Low,Open,Volume
Ticker,NTAP,NTAP,NTAP,NTAP,NTAP
Date,,,,,
2020-01-28,49.52742004394531,50.81520553732734,49.46651167430312,50.728191209797636,3157600
2020-01-29,48.32666015625,49.71015665887642,48.291854419505974,49.71015665887642,2950100
2020-01-30,47.726280212402344,48.45718420102844,47.04758483698463,47.68277469435782,2411300
2020-01-31,46.464599609375,47.587056483431006,46.26446826886273,47.49134567964172,2271200
2020-02-03,47.021484375,47.68277691007713,46.542917015755684,46.551616792065545,1764300
2020-02-04,48.622501373291016,49.10976840158928,47.94380279647065,48.12653125134018,1901000
2020-02-05,50.29314041137695,50.44106314055351,49.36210848054225,49.623144881094966,2237000
2020-02-06,50.597679138183594,50.867415279056544,49.89287795999227,50.519367896162336,1166900
2020-02-07,49.89287567138672,50.380145968196324,49.80586465946877,50.32793736949115,1252500
2020-02-10,50.51937484741211,50.55417726700995,49.49262878597197,49.49262878597197,1551400
2020-02-11,51.406898498535156,52.05078803633029,50.78910828458651,51.12845592197283,2268900
2020-02-12,52.92091369628906,53.042730461404055,51.528717353177896,51.72884537004651,4480500
2020-02-13,48.0134162902832,48.37886657689432,46.29057211213546,46.534205636542865,10365600
2020-02-14,47.19550323486328,48.15263782072626,46.70823284756946,48.083026342859455,3217300
2020-02-18,46.490699768066406,47.108486668371235,45.907715285797586,46.96056726375929,2635300
2020-02-19,46.29926681518555,47.13458450958678,46.16004719945201,46.25576130762959,1936000
2020-02-20,46.734336853027344,46.81264810827892,45.838110624571065,46.290575286107085,2462700
2020-02-21,45.24642562866211,46.421091120164554,45.12460885997391,46.334080090889564,3233200
2020-02-24,43.59318161010742,44.14136028901687,43.22773137033939,43.94123230258332,2601600
2020-02-25,42.46202850341797,44.37630097399072,42.131380625592094,44.071759059715525,2715800
2020-02-26,42.1835823059082,43.75850686500415,41.98345432092762,43.036302845100096,2239200
2020-02-27,40.78268814086914,42.3402100263702,40.365029252776715,41.23515276611705,3494600
2020-02-28,40.65217208862305,40.75658598207279,39.05984444703976,39.15555856572612,5519100
2020-03-02,41.391780853271484,41.43528637096158,39.86036472347583,40.93061639109167,3145600
2020-03-03,39.9473762512207,41.931257091813436,39.3817945565038,40.90451092923271,2557800
2020-03-04,40.32151412963867,40.39112226809956,39.451390823707115,40.39112226809956,2766000
2020-03-05,38.22452926635742,39.486209125546715,38.033101015936715,39.146861459261316,2353600
2020-03-06,38.285430908203125,38.415950750365894,36.327653191306375,36.68440366472615,4223800
2020-03-09,34.683128356933594,37.04116259312797,34.57001135585637,35.81428840993112,2770100
2020-03-10,37.84168243408203,37.85908198771418,35.16169975556051,36.14494049870729,3980900
2020-03-11,35.196495056152344,36.858430752536414,34.752730227279734,36.61479724288565,2799100
2020-03-12,31.246137619018555,33.93481961347163,31.202632103878535,32.63833401904751,3012000
2020-03-13,35.50104522705078,35.50104522705078,32.003147660077325,33.317036266294934,3833300
2020-03-16,34.848445892333984,36.83232975112972,31.324446342638687,31.43756332826817,4034800
2020-03-17,36.632198333740234,38.49426542774784,34.28286751917265,36.57999304762134,4520400
2020-03-18,36.79752731323242,37.44141690921952,33.908717268176076,34.49169847857677,3151900
2020-03-19,33.551963806152344,36.31025374500316,33.038590801478,36.31025374500316,3054400
2020-03-20,31.533283233642578,34.70053285858592,31.524580138165508,33.90001735687302,3433200
2020-03-23,30.75886344909668,32.67313575393716,30.158479447537438,32.13366012995968,3639800
2020-03-24,33.30832290649414,33.847801807868514,31.985734931580385,32.38599422081949,5841800
2020-03-25,32.794952392578125,34.291565823287094,32.18586861892459,33.26481986304596,2901700
2020-03-26,36.936744689941406,37.04115858465122,32.56002105590302,32.90807179727957,2875400
2020-03-27,35.005062103271484,36.63219184447254,34.23935262301215,35.80557731428287,2146200
2020-03-30,35.43143081665039,36.2493457309813,34.53520133344696,36.2493457309813,2157900
2020-03-31,36.27544021606445,37.00634394166845,34.88324422408402,34.935452818504686,3882100
2020-04-01,34.81364059448242,35.648961696792384,33.8565060496424,34.9180578068073,2105500
2020-04-02,34.81365203857422,35.84406041704113,33.968190993387324,34.21478295834262,1638400
2020-04-03,32.88493347167969,35.650296905202524,32.65595576757073,34.56704963816054,2004900
2020-04-06,34.87528610229492,35.13949551302136,33.63351463821708,34.13550714329777,2604400
2020-04-07,34.989776611328125,36.909679067144616,34.910514460049015,36.04660417519553,1726900
2020-04-08,36.09063720703125,36.363652024554526,34.89289955017863,35.377277860345224,1450700
2020-04-09,37.63184356689453,38.59179478780512,36.45172007843163,36.48694844753492,2471900
2020-04-13,36.6630859375,37.62303713233256,36.16109344988282,37.49974120338267,1214400
2020-04-14,37.99292755126953,38.28355656926752,37.446901245422744,37.834403243191055,2131300
2020-04-15,35.606258392333984,37.29717974776922,35.47415369163219,37.29717974776922,1628400
2020-04-16,36.29319763183594,36.47814153973674,34.98097273151615,35.9056956305825,1194300
2020-04-17,37.12105178833008,37.746340325228346,36.71593219581038,36.98014164819015,1293900
2020-04-20,36.06422805786133,37.03298495883568,35.89689493818464,37.02417954390891,1617500
2020-04-21,34.29403305053711,36.028991688313035,34.249999266543085,35.914501162278675,1301500
2020-04-22,34.94575119018555,35.2099573044732,34.575859942532425,34.95455660485116,2753700
2020-04-23,36.14348220825195,36.61024636572214,34.936935697732515,34.95454988323963,4252500
2020-04-24,37.922481536865234,38.0457774983096,36.284398941531954,36.3812752996848,2355600
2020-04-27,37.60542678833008,38.84719833601196,37.51735585897103,37.526164631688154,2361900
2020-04-28,37.22673034667969,38.52134445739125,37.129854003760805,38.486116085500306,2395000
2020-04-29,39.525333404541016,39.754311125099086,37.446906293599255,38.424471872013626,3852600
2020-04-30,38.54775619506836,39.049748633669076,38.230707631833845,39.049748633669076,1633800
2020-05-01,36.530982971191406,38.010540907962394,36.178709351689236,37.490934211601605,1700800
2020-05-04,35.800010681152344,36.72473349765799,35.236366875703496,36.54859501842785,2759200
2020-05-05,36.284400939941406,36.980146314482745,36.143490782020905,36.249172560570486,2124100
2020-05-06,37.51736068725586,37.596622854098406,36.257974791625905,36.67189981397729,1566300
2020-05-07,37.87843322753906,38.37162028760258,37.67587515632422,37.92247036613698,1571200
2020-05-08,39.542938232421875,39.61339160685471,38.14264256011357,38.14264256011357,1553000
2020-05-11,38.759132385253906,39.22589997190696,37.66707959742728,38.32759653443242,1770100
2020-05-12,37.89604568481445,39.190659558782336,37.887240273233175,38.78554343480661,1880100
2020-05-13,36.51336669921875,37.755138108077325,35.78239654485054,37.755138108077325,2011200
2020-05-14,36.84803009033203,36.91848346755849,35.06023238884847,35.8880788887415,1874700
2020-05-15,37.3236083984375,37.35002799878409,36.04660841520474,36.18751854965757,1539100
2020-05-18,39.322776794433594,39.710278859308254,38.42447334627774,38.5741889078556,1953400
2020-05-19,39.34919357299805,40.18584898168366,38.84720099969921,39.31396519883888,1318600
2020-05-20,40.49408721923828,40.634997350614405,39.93925210713617,39.98328925283577,1279200
2020-05-21,40.0449333190918,40.881585252771046,39.50771244576111,40.37078733619515,1410800
2020-05-22,39.34919357299805,39.85999156005534,38.82078139886117,39.85999156005534,1626600
2020-05-26,39.754310607910156,40.81113833730007,39.53413830426904,40.7054565722299,2733200
2020-05-27,40.77590560913086,40.90801032103695,39.56055368210696,40.027321200496054,3107400
2020-05-28,38.88243103027344,40.432442604119004,38.75032630133014,39.43726282888453,3456900
2020-05-29,39.22589874267578,39.402037258936694,38.33640074736139,38.85600752257157,3149200
2020-06-01,37.57900619506836,38.864814968143364,37.57900619506836,38.61821970997907,2648200
2020-06-02,38.87360382080078,39.21707192168849,37.41166051986767,37.755128620755386,3313400
2020-06-03,40.23868942260742,40.59096645592301,38.900041399396066,38.99691775153599,2787700
2020-06-04,39.8599853515625,40.450048768352445,39.51651715591502,39.93044208890667,2104600
2020-06-05,42.32592010498047,42.53728361136856,40.749485781768875,40.899201318830244,3646800
2020-06-08,43.162574768066406,43.72621865921987,42.695810582760686,42.81030111560339,2246700
2020-06-09,41.14579391479492,42.801486926961154,41.10175677419172,42.783876102194455,2414300
2020-06-10,40.7054557800293,41.41881187982319,40.46766929357711,41.410006466056515,1848200
2020-06-11,36.2315559387207,39.61340286135803,36.2051363357476,39.56936906988189,3755100
2020-06-12,37.3940544128418,37.90485564924451,36.31080733790308,37.446896962678544,2512100
2020-06-15,37.90486145019531,38.28355804974277,36.21393655182208,36.52217976703365,2194100
2020-06-16,39.05856704711914,39.82476911651449,38.23952577263645,39.43726369487191,2371100
2020-06-17,38.01934814453125,39.36680479846606,37.82559882035714,39.36680479846606,2392500
2020-06-18,37.68468475341797,38.03695835298452,37.12104430646183,37.8872428290702,1716600
2020-06-19,38.82077407836914,38.82957949046715,37.05058724564833,38.019343835406936,6242100
2020-06-22,37.25315475463867,38.380439283727384,36.67189998165656,38.21310617542641,3281200
2020-06-23,37.33241271972656,38.433274162792635,37.27076474767986,37.719918097805824,2208000
2020-06-24,36.08183670043945,37.18269817302242,36.04660832702177,37.18269817302242,3337100
2020-06-25,36.839229583740234,36.84803499723033,35.19233841739999,35.729559348484905,2510100
2020-06-26,38.741512298583984,39.1290142662493,37.54377466817585,38.24832522736826,7400900
2020-06-29,38.7679328918457,39.10259567590578,37.957697208262694,39.01452475401515,1886500
2020-06-30,39.076175689697266,39.67504456582432,38.547763556438056,38.73270746712254,2387100
2020-07-01,38.318782806396484,39.33157665602,38.213101050816725,39.06737058728939,1685600
2020-07-02,38.354007720947266,39.15543462760961,38.283554343432115,38.83838602988611,1646800
2020-07-06,39.675052642822266,39.75431481490348,38.697486973674955,39.13783162755658,2980600
2020-07-07,37.746337890625,39.41083986353246,37.605427759573644,39.190667573792055,2875000
2020-07-08,38.5389518737793,38.56537483014078,37.658262811805194,37.98412018362037,2013000
2020-07-09,37.64849853515625,38.85951988011675,37.603976390937206,38.351959963011524,2509600
2020-07-10,38.2362060546875,38.41429805812066,37.3635589743697,37.71083651281202,1832200
2020-07-13,38.64580535888672,39.509545673014934,38.53894815557128,38.84170343798915,2705400
2020-07-14,38.92185974121094,38.95747882280063,37.81769538651106,38.13826032717315,1903000
2020-07-15,39.518463134765625,40.123973868090616,38.904045933608735,39.47394098607277,2338200
2020-07-16,39.482845306396484,39.643127764220175,39.07323609054587,39.322562848572794,1893600
2020-07-17,39.9013557434082,40.16849200571233,39.30474814066783,39.61640994404088,2469700
2020-07-20,40.20412063598633,40.36440311083084,39.037621157245184,39.749985824985984,1992900
2020-07-21,40.569190979003906,41.33498055741871,40.09724682169488,40.09724682169488,2358300
2020-07-22,40.06163787841797,40.676051616772,40.04382834148892,40.676051616772,1217000
2020-07-23,39.79449462890625,40.711667015435765,39.58969006794338,40.01710872519045,1568700
2020-07-24,38.46772384643555,39.77669267214263,38.343060472256035,39.75888653025029,1989800
2020-07-27,39.26022720336914,39.48284132826989,38.04920582041754,38.48553099982468,1762200
2020-07-28,38.2451057434082,39.2869381740497,38.12934545217409,39.21570342339768,1393600
2020-07-29,37.782066345214844,38.191675485051775,36.85599084894045,38.022489987333486,2993200
2020-07-30,38.156063079833984,38.547866148852,36.91832897759387,37.23889388976414,2526300
2020-07-31,39.44721984863281,39.54517060111029,37.4436928466465,38.20948593311942,6109000
2020-08-03,38.08482360839844,39.438317849666475,37.8354968839197,39.33146062761399,3832600
2020-08-04,38.49442672729492,39.28693231727732,37.94234475396246,37.95124782265853,2810700
2020-08-05,38.37867736816406,38.895143816773285,38.120447540681745,38.7437644313173,2354400
2020-08-06,37.58616256713867,38.17386363553893,37.29231373134929,37.73754191640467,3683400
2020-08-07,38.11153793334961,38.15606007946735,36.962848220673045,37.65740660803344,2426400
2020-08-10,39.42051315307617,39.46503530265395,38.058115674426816,38.1026378240046,2351700
2020-08-11,38.79718780517578,40.39110568852616,38.61019276326009,39.50064922589312,1654300
2020-08-12,38.5389518737793,39.18898463763382,38.22729349276055,39.180081568242535,2921700
2020-08-13,37.16765213012695,38.27181617874659,36.900512489079375,38.04029900623655,3674400
2020-08-14,37.00737762451172,37.43479638611331,36.811476084969264,37.23889484657086,2375200
2020-08-17,36.784759521484375,37.27450992089619,36.455288168232165,36.802569059240334,3236300
2020-08-18,36.50871658325195,36.83818453789309,35.68949823185841,36.83818453789309,3545400
2020-08-19,36.94503402709961,37.62177933232227,36.4285677336018,36.68680088035071,2231400
2020-08-20,36.8827018737793,36.95394001512617,36.33952633170633,36.94503694586858,2017900
2020-08-21,36.73133087158203,37.1765591245709,36.36624384000403,36.8292816307311,11406800
2020-08-24,37.66631317138672,37.986878088076175,36.76695350785004,37.33684518337693,3406700
2020-08-25,37.19436264038086,38.236194953223105,36.74913445947636,37.69301942584963,2475600
2020-08-26,37.58616256713867,37.86220526472875,36.71351573204869,37.35464540551132,6808400
2020-08-27,39.09994888305664,41.51308543610211,38.82390611622729,41.245949137427885,10789000
2020-08-28,40.7294807434082,40.84523763968037,38.610193377515394,39.099943760390715,4883000
2020-08-31,42.19873046875,42.29668122138575,40.56029047082766,41.130182053266424,5290900
2020-09-01,41.56650924682617,42.198732539821705,41.103471464163796,42.082972244950625,3165300
2020-09-02,42.87548065185547,43.16042645225511,41.53979593867395,41.7089814461544,3340800
2020-09-03,41.44184112548828,43.03575887573511,40.969896929864646,42.43915132924462,3174500
2020-09-04,41.31718444824219,42.29668527482509,40.8719561821914,41.59322379922754,2705500
2020-09-08,40.24863815307617,40.9520996675222,40.21301907458775,40.25754122428713,2120600
2020-09-09,41.46855163574219,41.63773711811352,40.275339999847134,40.92537272283768,2612600
2020-09-10,39.509559631347656,41.81584243362953,39.509559631347656,41.81584243362953,2395300
2020-09-11,39.26022720336914,40.13287416536144,38.717048195119794,39.99040126129784,2340100
2020-09-14,40.40890884399414,40.667138595793304,39.44721438574744,39.52735559060134,2788200
2020-09-15,40.40890884399414,41.04113201738523,40.19519783211,40.969893881150085,3001600
2020-09-16,40.168495178222656,41.43294183817849,40.0972570243435,40.622626520324815,2391400
2020-09-17,38.449913024902344,39.393798164348055,38.1560607411498,39.26022832685652,3413600
2020-09-18,37.942352294921875,38.75266758016614,37.488217574273264,38.69923896690689,3702200
2020-09-21,36.85599136352539,37.22998483320555,36.25938718154026,37.22998483320555,2504300
2020-09-22,37.29231262207031,37.38135689770413,36.535422691897345,37.06079207050818,2487900
2020-09-23,36.67789077758789,37.94234038663033,36.5710369814277,37.443683676514574,2042900
2020-09-24,36.94503402709961,37.18545424309753,36.027861712236486,36.47308987001544,1711300
2020-09-25,37.36355209350586,37.45259977723465,36.58885592758531,36.606665464331066,1605100
2020-09-28,38.82389831542969,38.83280478179526,37.85330068770286,38.01358311406668,2296800
2020-09-29,39.171180725097656,39.42050744408284,38.73485557005181,38.92185060929069,1743900
2020-09-30,39.03761291503906,39.821215582519336,38.672525887603136,39.242417501471714,2564800
2020-10-01,38.191680908203125,39.509556195350335,37.951257231944744,39.509556195350335,2084800
2020-10-02,38.07592010498047,38.74376250908914,37.46150631605646,37.54164754042238,1882400
2020-10-05,38.601287841796875,38.86842750873906,38.35196110926094,38.62800384658428,2437300
2020-10-06,38.610191345214844,39.70545234640896,38.44990891608188,38.69923562947906,1662600
2020-10-07,39.7054557800293,39.839025614798096,38.92185310281782,39.08213554581158,1674500
2020-10-08,41.64076232910156,41.6677690504828,39.98449315877264,39.98449315877264,2943200
2020-10-09,41.28970718383789,42.027826828017645,40.97465737246315,41.84780032653802,1848700
2020-10-12,41.9918212890625,42.477897623745775,41.05566842396433,41.73977801997594,2011800
2020-10-13,42.19886016845703,43.00898979091381,41.64977036742444,42.76594987404107,2415600
2020-10-14,42.009822845458984,42.81095587338639,41.80278962491101,42.19885616316397,1557700
2020-10-15,42.35189437866211,42.396901019285686,41.253717925543214,41.30772452077687,1398700
2020-10-16,42.441898345947266,42.90097143648016,42.02782844873432,42.56791827535686,1332100
2020-10-19,43.20701599121094,44.05315215154284,42.58591637249992,42.8289562495047,2792800
2020-10-20,42.53190994262695,43.594082783092745,42.52290999107081,43.405052896345126,2183800
2020-10-21,42.12684631347656,42.72094273638484,41.91981307574337,42.57691946518846,1660600
2020-10-22,42.036827087402344,42.360880260024935,41.7037739638892,42.225856960170475,1666100
2020-10-23,42.207855224609375,42.720938289449926,41.91080876096841,42.720938289449926,1803500
2020-10-26,40.443572998046875,42.027828954198476,39.81346990963517,41.77578909234803,2416400
2020-10-27,39.65143966674805,40.560589257251,39.53441969856954,40.29054264856441,1340800
2020-10-28,38.06718826293945,39.057347830137275,37.716131751547245,38.70629131874506,2496900
2020-10-29,39.7054557800293,39.92148897965175,37.986176400480005,38.16620635602258,2725500
2020-10-30,39.50741958618164,39.68744952851217,38.76929991303346,39.11135646008291,1548200
2020-11-02,40.45257568359375,40.5065857006909,39.534425995657124,40.02050584817401,1576100
2020-11-03,41.66777038574219,41.92881362015256,40.96565398168031,40.96565398168031,1970400
2020-11-04,40.65960693359375,41.6497699289989,40.41657045306501,40.974660200498604,2129700
2020-11-05,42.04583740234375,42.207864028593654,41.24470765798923,41.478747644255094,1406200
2020-11-06,42.315879821777344,42.61292977545667,41.71278339526856,42.37889322747357,1696600
2020-11-09,44.692264556884766,45.09732763931283,43.549078359475395,43.87313157244631,2895300
2020-11-10,45.01631546020508,45.44838871081297,44.17918255083966,44.19718245531146,2474200
2020-11-11,44.35020446777344,45.448383949941295,44.08916124106382,45.1963406745248,1506300
2020-11-12,42.73894500732422,44.47622760425538,42.07283868234312,44.14317444176483,1995500
2020-11-13,44.854286193847656,44.97130272595602,42.94597380306481,43.1620103990387,1444100
2020-11-16,46.42954635620117,46.45654964554877,45.169340201935164,45.169340201935164,1658000
2020-11-17,46.267520904541016,46.501557430213616,45.07032468480125,45.64641776379744,1183400
2020-11-18,46.39353561401367,47.2216684634047,46.10548910693982,46.27651564745704,2065500
2020-11-19,46.78960418701172,46.84361420108805,45.7454346180354,46.159501091263714,1176400
2020-11-20,46.70859146118164,47.29368793600409,46.5735715749973,46.942631424624885,1320500
2020-11-23,48.21183395385742,48.33785387832176,46.825607917178914,46.825607917178914,1603700
2020-11-24,49.832096099853516,50.16514924521561,48.60789667131836,48.77892321973989,2638000
2020-11-25,48.17583084106445,49.74208349487239,47.986800940395504,49.192997131089115,2576300
2020-11-27,47.94178771972656,48.634900743638795,47.73475449447259,48.18482761905569,739100
2020-11-30,47.98680114746094,48.04080772857901,47.104658173413696,47.89678445595468,4533800
2020-12-01,48.75192642211914,48.99496634988719,47.38370355123184,47.38370355123184,3997100
2020-12-02,53.315670013427734,54.39584636303447,51.20932733351969,52.08247042646791,9338800
2020-12-03,52.649559020996094,53.64871853764614,52.136472466789776,53.423681960837584,3475000
2020-12-04,53.99977111816406,54.080784412119186,52.65855179241485,52.79357509360178,1894300
2020-12-07,54.341835021972656,54.809911543210085,53.414685366056034,53.828751869301726,1910600
2020-12-08,54.50386428833008,55.07095748652518,53.92777113692567,54.161807692013944,1967900
2020-12-09,54.71089172363281,55.53002472988824,54.269821953841415,54.86391838218287,1409600
2020-12-10,55.01694869995117,55.368005257350866,53.54971249511585,53.54971249511585,1807600
2020-12-11,55.64704132080078,55.980094474357614,54.5398618369885,54.72889172680842,1877700
2020-12-14,55.51201629638672,56.70021247779577,55.20596987494868,56.00709946938439,2136800
2020-12-15,56.394168853759766,56.53819212896762,55.31399257280797,56.01610561022306,1867200
2020-12-16,57.6723747253418,58.54551775875668,57.546354789340825,57.61836814350465,3128300
2020-12-17,57.71738052368164,57.915406931642245,56.844237554785835,57.87040373929385,2537900
2020-12-18,58.34748458862305,58.44650123390914,57.4383383100417,57.7443881982961,4568400
2020-12-21,58.09544372558594,58.16745707867009,56.8712441934407,57.23130409129013,1695400
2020-12-22,59.57168197631836,60.021755123051626,58.96858560791287,59.22062547127211,2721700
2020-12-23,59.562686920166016,60.876899868308215,59.51768371974182,59.913743474306706,1421200
2020-12-24,59.22962188720703,59.65268482659203,58.91456522751146,59.50866500772212,509600
2020-12-28,59.319644927978516,60.6518576596894,59.16662169904456,60.03076135767172,1347200
2020-12-29,58.55451583862305,59.65268848603182,58.266469315642404,59.28363209763669,1146000
2020-12-30,58.80656051635742,59.87772996324781,58.53651387432746,58.53651387432746,1349400
2020-12-31,59.62569046020508,59.760713782050715,58.518514329727985,58.7525474288509,1032700
2021-01-04,58.38349151611328,60.05776423940238,57.7803951232004,59.83272765689117,2319900
2021-01-05,58.662540435791016,59.094613738331795,57.91541726034143,57.951423941184174,1860300
2021-01-06,58.71654510498047,59.868731249255994,58.21245851618158,58.27546848133505,2406400
2021-01-07,59.16087341308594,59.82285436962824,58.6621270822207,59.11553661126929,2014900
2021-01-08,58.91604232788086,59.68683723536186,58.54424314891263,59.22435752348078,2670800
2021-01-11,59.14275360107422,59.55988963297374,58.045503120070315,58.20873086459465,1440400
2021-01-12,59.99515151977539,60.35787360408975,59.31503723396556,59.714032910407404,1550200
2021-01-13,59.12461471557617,59.97702705884614,58.807229348980584,59.86820625380675,981900
2021-01-14,59.70497512817383,60.01329726577028,58.9523204209601,59.29690923970275,928200
2021-01-15,58.63493347167969,59.77752069560062,58.435432138413056,59.29690762099366,1475800
2021-01-19,58.29033279418945,59.26062899029133,57.855060025220055,58.94324367726379,1306500
2021-01-20,58.4989128112793,58.87977524272277,58.06363651928535,58.73468083923081,1062200
2021-01-21,58.91604232788086,59.197154055455044,57.96387943609297,58.32660848622555,980600
2021-01-22,58.72561264038086,58.8797702421372,57.49233798936745,57.9729510527733,1466600
2021-01-25,59.53268051147461,59.5417506404434,58.26313227661476,58.82536265849762,1693600
2021-01-26,59.57801818847656,60.08584164091737,58.87977045428236,59.71404245106752,1968300
2021-01-27,62.470767974853516,64.0577014183806,59.042992843791936,59.07019631015262,4425000
2021-01-28,61.11961364746094,63.4773421137022,61.08334005032108,62.361951486715405,2843600
2021-01-29,60.24906539916992,61.73624822353341,59.42385666742335,60.829429090702945,5979700
2021-02-01,59.922611236572266,61.15588583701725,59.886337640267286,60.602725600708204,1955400
2021-02-02,59.01579666137695,60.66620736960562,58.653067588676684,60.48483937401468,2336600
2021-02-03,60.448570251464844,60.93824652357512,58.96138042162292,59.260632413398014,1844800
2021-02-04,60.68434524536133,60.75689244901975,59.84100302865804,60.50298415469741,1102500
2021-02-05,61.10148239135742,61.554892044681935,60.4395081718537,60.97452824190514,1447800
2021-02-08,63.232505798339844,63.25063913819029,61.382593801929836,61.609298601708296,1105400
2021-02-09,63.359458923339844,63.84007198425637,62.68840774537968,63.23250479096497,1121000
2021-02-10,62.343814849853516,63.75845047107813,61.817858096866615,63.477338756214486,1847900
2021-02-11,62.71562194824219,63.33225238959127,61.90854645978091,63.09648436853959,1294200
2021-02-12,63.35039138793945,63.395735116421754,62.43450203675365,62.50704923493267,1048600
2021-02-16,62.434505462646484,63.54082608089682,62.38916865015808,63.377598335278215,1418900
2021-02-17,61.88134002685547,62.51611761544169,61.13774856252636,62.47077388822789,1490700
2021-02-18,61.72718048095703,62.334747663002176,61.24656742893681,61.5095458178402,1319400
2021-02-19,64.70155334472656,65.00080536340161,62.98766548283414,63.09648628557469,3231600
2021-02-22,64.4476318359375,64.90104137662047,63.41385863665878,63.98515216726632,2197000
2021-02-23,62.869781494140625,64.1755965351453,61.518615803873274,63.63150635818652,1691100
2021-02-24,64.90106201171875,64.90106201171875,62.34383166594232,62.41637887595309,2222300
2021-02-25,55.50639724731445,61.618356150567315,55.46105698337301,61.618356150567315,6272600
2021-02-26,56.766883850097656,57.99109191710582,55.61522644300094,56.540179036863655,4089000
2021-03-01,59.151824951171875,59.98609703218147,56.98452395621999,57.129614903319094,3143800
2021-03-02,57.78252029418945,59.29690669154861,57.74624669612031,58.7165429594052,2083100
2021-03-03,57.855064392089844,58.69840998587645,57.21122358892837,58.26313372481216,1495100
2021-03-04,55.38851547241211,58.02735906673489,54.463559522132705,57.56487936197492,2115500
2021-03-05,55.6152229309082,56.494835198424916,53.34817494173191,56.34974426548727,2175100
2021-03-08,56.757808685302734,57.27469530538012,55.75123891170771,56.13210473974601,2147100
2021-03-09,58.58959197998047,59.532684825111794,57.33818045314239,57.501408194001314,3685500
2021-03-10,60.448570251464844,61.699978237322505,59.92261346322037,59.977020400459,3985700
2021-03-11,61.64558029174805,62.452648931420065,60.94732554242494,60.95639567278146,1701500
2021-03-12,61.26470947265625,61.60930523323939,60.69341580637468,61.08334838070463,1073500
2021-03-15,62.38914489746094,62.45262194556341,60.784071523545315,61.33723162207224,1674400
2021-03-16,62.66120147705078,63.150884645109365,61.663701802182274,62.28033909694334,1458700
2021-03-17,64.52925109863281,64.61993162581041,62.017358293080655,62.61586222571818,1780800
2021-03-18,63.75845718383789,65.31818735016252,63.44107184033732,63.5861662364985,1785300
2021-03-19,63.622432708740234,64.83756700730709,63.38665780062994,63.731246575190504,2952400
2021-03-22,63.967041015625,64.42952084469925,62.85165011455955,63.65871882341452,986200
2021-03-23,62.05363845825195,64.16652886577101,61.58209551591023,63.82193314013526,1263400
2021-03-24,62.2349967956543,63.531748478184305,62.03550239090299,62.77909382937243,1269300
2021-03-25,63.72218704223633,63.98516546068594,61.40980205542542,61.854141560435195,1891400
2021-03-26,67.78472900390625,67.86633940357528,63.90354428963617,63.90354428963617,1773700
2021-03-29,65.65371704101562,68.53740261872555,65.22751087385214,67.41294173389535,2415400
2021-03-30,65.490478515625,65.490478515625,64.48390873030463,65.17309320459626,1820800
2021-03-31,65.8985366821289,66.77815224061024,65.69903539029025,65.86226309102369,1659700
2021-04-01,66.78722381591797,66.8597709997012,65.40885499795768,66.8597709997012,1679100
2021-04-05,67.40387725830078,67.9661007716896,65.98923450808975,67.06835164143702,1478000
2021-04-06,66.56961822509766,67.0320911568963,65.68093213225039,66.83258977369692,1902700
2021-04-07,66.80537414550781,67.05021922343592,65.97110207523265,66.37916798047016,1275200
2021-04-08,67.25262451171875,68.58526253843976,66.45851528536558,67.67249619434143,1508000
2021-04-09,67.43516540527344,67.6451046986573,66.79623184080698,67.20697385169919,1704800
2021-04-12,67.7272720336914,68.06499814826866,66.83276475659285,67.51733963684117,1391600
2021-04-13,67.98284149169922,68.02847563134264,66.86926541935041,67.84592514505958,1319400
2021-04-14,69.78099060058594,69.93616618579922,68.00109885240728,68.08324448823622,2352800
2021-04-15,70.00003814697266,70.88542242510862,69.59841881325663,70.5476964432244,2046800
2021-04-16,70.93108367919922,71.89861393803541,69.43414718053141,69.43414718053141,1992400
2021-04-19,70.56596374511719,71.4148367226159,70.20998542847462,70.65724595049593,1611500
2021-04-20,68.63090515136719,70.50207201962989,68.47572957692647,70.30126230529284,1231100
2021-04-21,69.28809356689453,69.37023919170835,67.95544863317787,68.4574728865543,1020900
2021-04-22,68.91386413574219,69.57105706688263,68.43009905139021,69.31548358562915,1996500
2021-04-23,70.22824096679688,70.54770777728088,68.68566369979017,69.07815348520029,984400
2021-04-26,70.419921875,70.8215343140727,70.08219583491558,70.41079226206413,854000
2021-04-27,69.9817886352539,70.72113405344925,69.79010855316001,70.50206513346706,950300
2021-04-28,69.91790771484375,70.25563380368304,69.29722625883291,70.17348120310905,1087300
2021-04-29,70.16434478759766,71.11362253196097,69.67145017241744,70.90368322844104,1219900
2021-04-30,68.17453002929688,69.99093335888871,67.93720879667232,69.99093335888871,1155400
2021-05-03,67.82766723632812,68.89560918978862,67.4443070293704,68.35707340623438,1265600
2021-05-04,68.8043212890625,68.84083277677915,66.89664306188307,67.61772927561509,1323300
2021-05-05,69.8905258178711,70.32865677182355,68.23842079497228,69.69884570172167,1223200
2021-05-06,71.07711029052734,71.15012629789163,69.79010653725992,69.82661802286897,1346900
2021-05-07,72.58316802978516,72.7383435824493,70.57508509592854,70.73025368473895,1226200
2021-05-10,71.98075866699219,72.583180868163,71.53350508207772,72.5649286043084,1402900
2021-05-11,70.04568481445312,71.06798559060998,69.4341330569001,70.58422055959475,1514000
2021-05-12,67.85504150390625,70.01830008146591,67.47168133993993,69.40674834887383,1134500
2021-05-13,69.9270248413086,70.26475086983571,68.24753127515046,68.24753127515046,837100
2021-05-14,71.65215301513672,71.88947419793223,69.29721434025693,70.59334078716755,743000
2021-05-17,71.59739685058594,72.08116191624858,71.10450217127264,71.42396901049752,2219600
2021-05-18,70.53857421875,72.0263876532657,70.50206273332928,71.92598280932216,2079700
2021-05-19,70.93108367919922,70.94934290890691,69.22420782202725,69.89966004409754,1093900
2021-05-20,70.73025512695312,71.78906732505692,70.22823786517952,70.92193520477801,1673200
2021-05-21,71.44220733642578,72.0811478540807,70.98582423689517,71.35093210929035,1064700
2021-05-24,72.09941101074219,72.8570087417877,71.82558528795113,72.06289952159915,1260300
2021-05-25,71.387451171875,72.72921874116238,71.31442819687268,72.54666826751075,1031200
2021-05-26,72.51018524169922,72.52843751068708,71.46050219654548,71.52439558378839,1211200
2021-05-27,72.09028625488281,73.62373393481103,71.48785714740723,73.02130482733544,2779700
2021-05-28,70.62073516845703,72.10854181538167,70.34690247728716,71.84383873761202,1548800
2021-06-01,70.01829528808594,70.62984697881181,69.50714843779011,70.34689168151998,2641000
2021-06-02,70.33776092529297,70.52031834303853,69.48888808337307,69.89050743855987,2965300
2021-06-03,71.81645202636719,73.43204529670996,69.93615569607536,70.0548128068715,4066200
2021-06-04,73.69673919677734,73.71499842007907,70.74850834419806,71.03146363069519,2544900
2021-06-07,73.9614486694336,74.49998438211428,73.52332476595652,73.70587523176299,1683600
2021-06-08,74.7099380493164,74.97464117499995,73.85194225846398,74.26268440571258,1812200
2021-06-09,74.85596466064453,75.10240849243834,74.30830628477177,75.10240849243834,1338100
2021-06-10,76.33464813232422,76.84580202902741,75.79611932290949,76.19773874949314,2142800
2021-06-11,76.09732818603516,76.46242913134405,75.58617432766523,75.89651848780278,1506100
2021-06-14,75.75048065185547,75.96954959912918,75.28497480757235,75.96954959912918,1153000
2021-06-15,76.23423767089844,76.57196370604623,75.20281426755855,75.485769589746,1546100
2021-06-16,75.52228546142578,76.82754161377942,75.36711685404745,76.12471459198342,1825600
2021-06-17,74.36308288574219,76.06082901907544,73.28601820936792,75.59531618539238,2481900
2021-06-18,71.3418197631836,73.9340728001946,70.8489251088531,73.83366794669091,4457400
2021-06-21,72.50103759765625,73.11258943261073,71.61565304897475,71.78908089859222,1697000
2021-06-22,73.70588684082031,73.89756694926388,71.58826907020172,72.1633093955324,2134100
2021-06-23,73.56896209716797,74.50911026824456,73.35902974875403,73.60547358468652,1118500
2021-06-24,73.92494201660156,74.25353844761945,73.31339025592831,74.22615657234368,1502400
2021-06-25,75.24845886230469,75.44013895693222,74.21702844721032,75.38536824142828,2536500
2021-06-28,75.26671600341797,75.67746505897549,74.94724915833208,75.19369302058264,1327200
2021-06-29,75.78699493408203,76.16123250989885,75.39450509391433,75.5770625566988,1063400
2021-06-30,74.68254089355469,75.75960544225173,74.46347892408285,75.75960544225173,1690200
2021-07-01,74.8103256225586,75.16630392487811,74.33569020741734,75.06589907408498,1075000
2021-07-02,75.75048065185547,75.80525137060134,74.6642933846733,75.27584519380555,1131500
2021-07-06,74.7373046875,75.9239037035356,74.16226440586368,75.54966616511435,1265400
2021-07-07,75.32147216796875,75.94215353180896,74.4360947047718,75.10241020539404,1427800
2021-07-08,74.9449462890625,75.33064338473338,73.42969969172108,73.99906707554841,1219800
2021-07-09,75.8265609741211,76.22144343118553,75.3031127874363,75.54188071657701,1095300
2021-07-12,75.51432800292969,76.35919046986005,75.43167460599823,75.77145944883837,991900
2021-07-13,73.63175201416016,75.1469989923852,73.43890341784888,75.11026492552018,965900
2021-07-14,73.31951904296875,74.64191748068637,72.78689256671663,74.38478600808732,1174000
2021-07-15,72.7042465209961,73.59502850289249,71.98794963015797,72.92465095379849,1715700
2021-07-16,71.0512466430664,73.15422472353661,70.9961420384358,72.89708624997682,1032400
2021-07-19,70.98696899414062,71.00533252616263,69.38906846223291,69.92170197286882,1656700
2021-07-20,71.85018920898438,72.63995414074206,71.11552888137028,71.36347507794214,1443000
2021-07-21,71.90528106689453,72.53892434861453,71.42774528260378,72.24505886839934,1472900
2021-07-22,70.83084869384766,72.50221038965311,69.79313746175288,72.17161075696126,4009400
2021-07-23,71.37266540527344,71.64816042029082,70.74820022907029,71.34511660440245,1525700
2021-07-26,72.1348648071289,72.98891246693918,71.40019759208353,71.69406307684052,1141700
2021-07-27,71.59304809570312,71.87772832123655,70.62880523197411,71.72161381086698,1190900
2021-07-28,71.82263946533203,72.18997312746076,70.78492835065224,71.694073734533,818800
2021-07-29,72.55729675292969,73.08074487200619,72.1715926075792,72.5021921571334,979500
2021-07-30,73.08992004394531,73.448075379415,72.08894317687275,72.20832361782558,1161000
2021-08-02,73.58583068847656,74.559265918301,73.1633994404159,73.46645022912463,984300
2021-08-03,75.05516052246094,75.3398407569669,73.29196050435856,73.76949632399474,1473700
2021-08-04,74.72456359863281,75.1378095669639,74.15519610318631,74.77966119272857,924500
2021-08-05,74.82559204101562,75.49596956004004,74.74293863084515,74.8715043743925,624000
2021-08-06,75.459228515625,75.74391578400416,74.8714974547815,75.21128232064383,1014900
2021-08-09,75.53270721435547,76.23064057409019,75.15618822873941,75.45923906989752,1220100
2021-08-10,75.83574676513672,76.22144395665677,75.50514717060331,75.78982743010998,826700
2021-08-11,75.94593811035156,76.68060539570727,74.65109560263755,74.81639539152727,1538900
2021-08-12,76.27655029296875,76.37756723655605,75.36740480699063,76.19390388801966,834800
2021-08-13,75.56026458740234,76.53369308980405,75.55107931672629,76.51532955476061,608000
2021-08-16,75.11944580078125,75.48677243533638,74.85312908631427,75.30310911805881,778800
2021-08-17,73.93479919433594,74.80721046920671,72.96136398579804,74.67864474462168,864000
2021-08-18,73.16340637207031,74.55927298220274,73.12667230271869,73.53992532819397,1005000
2021-08-19,72.78688049316406,72.95218027045959,71.67570138157417,71.67570138157417,1163200
2021-08-20,74.08174133300781,74.1368459433473,72.77771332466645,72.78689859410765,1430000
2021-08-23,74.12763977050781,74.76129006341954,73.71438683788053,74.32967360339595,1375000
2021-08-24,74.18274688720703,74.57762933685189,73.39298198791734,74.25621501884018,1991300
2021-08-25,75.55107116699219,75.84493674014847,74.02664569571519,74.02664569571519,1919700
2021-08-26,79.11418151855469,83.83440017804888,78.5080799677457,80.35392641048374,5095700
2021-08-27,79.94985961914062,79.96823015463207,78.24176414637152,78.89378503649532,2295000
2021-08-30,81.15289306640625,81.46512216671455,79.72029229386922,79.96824552652139,1563500
2021-08-31,81.6671371459961,81.82325165999792,80.71207252091041,81.44673977291669,2077800
2021-09-01,82.02528381347656,82.53954667549455,81.22633371886488,81.38245523595407,1900700
2021-09-02,82.420166015625,82.75076557073254,81.51102074223225,82.32833436282979,1619600
2021-09-03,83.88951110839844,84.05481092068948,82.36508573398773,82.59466841737486,1899400
2021-09-07,82.64977264404297,84.07318819765804,82.57630449795656,83.52218410831799,1715700
2021-09-08,82.20895385742188,82.68648970241136,80.85901373398293,82.57628750595842,1470800
2021-09-09,84.5690689086914,84.67008584393686,82.2824274785953,82.67730995101653,2335700
2021-09-10,84.7802734375,85.76288681493835,84.40376156708453,84.80782223212725,2001700
2021-09-13,84.25684356689453,85.40475696698846,83.46707858712531,85.30374002727561,1233700
2021-09-14,84.66089630126953,85.1108763124839,83.78847806823877,84.6241622382287,1301600
2021-09-15,85.68024444580078,85.68024444580078,83.89868090916373,84.75272861415604,1234700
2021-09-16,85.3680191040039,86.02921831408605,84.77110276121824,85.57005297445201,1055000
2021-09-17,82.658935546875,84.9639402045746,82.46608697031284,84.73435756490926,2367300
2021-09-20,81.70386505126953,82.5487274229858,80.59268599593072,81.27224859871941,1645400
2021-09-21,80.89573669433594,82.24568375568236,80.88655843315985,82.23650549450628,1309800
2021-09-22,82.63139343261719,83.09055874907551,81.6487799356486,81.87836259387778,1324000
2021-09-23,85.20271301269531,85.6526930505578,82.70485262844338,82.93443528131496,1714200
2021-09-24,85.99247741699219,86.1302284092042,84.63335204314349,84.63335204314349,788000
2021-09-27,86.19451904296875,86.62613558787261,85.45985168913573,85.60678796242519,867600
2021-09-28,84.31194305419922,86.04758759346426,84.18337731101718,85.50577581952675,1400400
2021-09-29,82.95281219482422,84.98232216148922,82.82424645983599,84.50478628326977,1241100
2021-09-30,82.42935180664062,84.24764236498147,82.0987522494321,83.66909664301959,1364900
2021-10-01,83.18238830566406,83.84358746563743,81.97937044270442,82.74158653024631,1105000
2021-10-04,82.22734069824219,83.65993450466765,81.79572410109914,83.3660689288289,1012900
2021-10-05,82.92525482177734,83.36604958007571,81.61204180190677,82.47526778953538,811900
2021-10-06,82.79669189453125,82.87933828713669,80.73962626535686,81.8324419429616,1076600
2021-10-07,84.17265319824219,84.90218114092794,83.43388876263187,83.43388876263187,1064900
2021-10-08,84.50507354736328,84.83751674859461,83.96023333880942,84.83751674859461,672300
2021-10-11,84.67129516601562,85.24383075518652,84.28344006757786,84.47737113948568,598400
2021-10-12,83.33229064941406,84.65282703993522,83.21224444859516,84.26497896463263,1601700
2021-10-13,83.3415298461914,84.14493549572641,83.12913281974703,83.3415298461914,861800
2021-10-14,85.28077697753906,86.20422882796261,84.54201972442732,86.20422882796261,1788200
2021-10-15,87.19231414794922,87.44165007044711,85.41928844622635,85.79790705247207,2166000
2021-10-18,83.42463684082031,85.0868529908367,82.75052093497591,84.39426410255962,2665800
2021-10-19,83.85865020751953,84.68975818212569,83.35075597803296,84.191093397362,1328600
2021-10-20,83.757080078125,84.3757981728608,82.99062039618588,83.8955992648682,1314200
2021-10-21,85.64091491699219,85.67785383312534,83.452338737781,83.51698007966957,1235900
2021-10-22,85.8902587890625,87.01687117657417,85.62245690634428,85.87178580659723,1922300
2021-10-25,85.97337341308594,86.82294749917013,85.24384554175958,86.08419018120179,930800
2021-10-26,83.72013854980469,86.49972322846465,83.0552521664117,86.01953142122399,1401900
2021-10-27,81.61466979980469,84.23727664777164,81.48538710786741,84.1541623198815,1227400
2021-10-28,82.84285736083984,83.32305622618533,81.72548156566981,81.91940559173622,1000300
2021-10-29,82.4642562866211,83.33229626911583,81.81783573881232,82.18721790250608,1118700
2021-11-01,83.22148895263672,83.91407788752603,82.31650297774793,82.48272460393652,905700
2021-11-02,83.35076141357422,84.02487728194305,83.07372305551316,83.81248731342393,1503100
2021-11-03,83.11067199707031,83.58163444442648,81.9286546781504,83.58163444442648,2091400
2021-11-04,83.757080078125,84.86522652669204,82.94444498547865,83.32306362621814,1606500
2021-11-05,84.08028411865234,84.8744531822104,83.7293679468518,83.91406252289885,1265600
2021-11-08,84.85598754882812,85.55781290781621,84.27421543600936,84.3388567818781,939900
2021-11-09,84.77286529541016,85.68708046706718,83.88634550094491,84.80979716191725,697400
2021-11-10,84.42195129394531,85.0406622315807,84.11721054721365,84.65281421503707,874900
2021-11-11,84.89293670654297,85.52088430445532,84.56972993821583,84.82829535287753,716200
2021-11-12,82.9167251586914,85.13301054540119,82.63968684333629,84.93908654280342,1489100
2021-11-15,82.05792236328125,83.60008508163455,80.9128441758298,83.23993946586049,1815900
2021-11-16,81.94711303710938,82.26109032143336,81.30993606825542,82.07639572907269,1260400
2021-11-17,81.22681427001953,82.99061047661365,81.18064591020914,81.96557848076236,1366000
2021-11-18,80.63581848144531,81.5315679389895,77.69000470774407,81.27300253792082,2394700
2021-11-19,79.4168472290039,81.01442179066972,79.37990831508002,81.01442179066972,1899600
2021-11-22,79.59230041503906,80.91283656377074,79.00129191934991,79.65694174908704,2371500
2021-11-23,80.11868286132812,80.54346985830742,78.95513158111108,80.00786610522896,1341500
2021-11-24,82.9074935913086,83.07371518131418,80.31259653463336,80.40494029677481,2624600
2021-11-26,81.55926513671875,82.35343427213274,80.4880646802351,80.95902003966701,1084000
2021-11-29,84.51431274414062,84.96680923687025,81.93788820538225,81.93788820538225,2677600
2021-11-30,82.07640075683594,85.28077991545689,81.97482048615963,84.15416749186787,3771300
2021-12-01,82.61200714111328,85.53011856266184,78.25331299242902,82.6489460630115,5918600
2021-12-02,83.27687072753906,84.0156348714448,81.22680692130882,82.3811214928009,1944500
2021-12-03,83.1568374633789,84.41273247584324,82.15027133711378,83.33228851463831,1897800
2021-12-06,81.44842529296875,84.03409249559925,81.26373779794214,84.03409249559925,1576500
2021-12-07,83.72936248779297,84.04333972391315,81.49461110365964,82.08561961772172,1238400
2021-12-08,82.9352035522461,84.1633961319354,82.6581722406462,84.1633961319354,890800
2021-12-09,82.4734878540039,83.64627572549189,82.1595175862852,82.82440408895887,1655400
2021-12-10,82.48271942138672,83.46157613333888,81.30070217403804,83.23071316954801,1405300
2021-12-13,80.51576232910156,83.88635566369291,80.44188449638305,83.57238544270612,2002100
2021-12-14,80.19255065917969,81.34686540527828,79.78623665941008,80.34030632846179,1302200
2021-12-15,81.91014862060547,82.01172885343807,80.06324554419609,80.94052873271622,1345600
2021-12-16,81.40226745605469,83.3692170091127,81.27298478376227,81.98403948137057,1001300
2021-12-17,81.31916046142578,82.27031465550787,80.54346435784042,81.20835075827237,3205100
2021-12-20,80.82975006103516,80.97750575848194,79.49074751847598,80.13716108135708,1405500
2021-12-21,83.01831817626953,83.04602060299142,81.00519297173491,81.80859152818189,1310300
2021-12-22,83.01831817626953,83.32305896096643,82.34419526273196,83.11066194713517,1348700
2021-12-23,83.69243621826172,84.31115429442615,83.1106641058569,83.23994679750241,1583300
2021-12-27,86.19498443603516,86.22269390712593,83.27688051976985,83.71090397694645,858200
2021-12-28,86.1211166381836,86.57360604641364,85.52087156051951,86.18575798221646,620400
2021-12-29,86.04723358154297,86.92450991808971,85.89947792107574,86.25039409199657,1150500
2021-12-30,84.67129516601562,86.23192386867404,84.51430301040557,85.9456560740886,618700
2021-12-31,84.94831085205078,85.51161689261428,84.71744795166825,84.7636233498954,671000
2022-01-03,85.31771850585938,85.72403958699141,84.5974271677644,85.01297769501036,1012800
2022-01-04,86.98915100097656,87.94031221032205,85.52086611765792,85.54856854256919,1954500
2022-01-05,85.55779266357422,87.48780313739951,85.51161726514592,87.16459648453123,2026100
2022-01-06,86.56983184814453,87.07120239218239,85.0657272996369,85.98490308857001,1535300
2022-01-07,85.64136505126953,87.18261595007287,85.43710220120109,86.56982739986753,1776300
2022-01-10,86.53269958496094,86.6255514990762,83.73803264353322,84.95431621549275,3615400
2022-01-11,88.22249603271484,88.2874881187714,86.49556244841091,86.81123627108391,1883500
2022-01-12,87.92538452148438,89.69875106678845,87.6932689265664,88.32462362808751,1759900
2022-01-13,88.64958953857422,89.42020791634604,87.68398783099379,88.43604007829158,2413200
2022-01-14,88.5845947265625,89.89372293461129,87.70255125870601,89.7451726445799,1659500
2022-01-18,86.64410400390625,88.63101281542951,86.29129087002268,88.12036278614582,1292100
2022-01-19,83.01382446289062,87.64684973709393,82.90240642763953,86.67196140856274,1921200
2022-01-20,81.51899719238281,84.36937632455052,81.36115320928653,83.9329978865187,2587100
2022-01-21,78.25080871582031,81.77896861412916,77.82371686852707,80.81336688318562,2927300
2022-01-24,80.33056640625,80.42341831622677,76.58886394302692,77.591605068484,2951800
2022-01-25,79.5877914428711,81.07332974261281,77.32234110851161,79.43923407109423,2214200
2022-01-26,78.58505249023438,81.44471821930871,77.69372948706943,81.04547912671973,2354800
2022-01-27,77.83300018310547,81.01762631396046,77.44304769776132,79.42066994509713,2222400
2022-01-28,80.19129943847656,80.23771830796589,77.06237862377458,77.82371750273751,1504400
2022-01-31,80.32127380371094,80.6740869199143,79.29996671271802,79.87560879264956,2136000
2022-02-01,80.7855224609375,81.31474579180069,79.81063402237587,80.47912814212023,3235700
2022-02-02,82.31747436523438,82.58672220993675,80.29342618313169,81.00833906728289,2469900
2022-02-03,81.66755676269531,83.2645133200593,81.44472775671157,81.55613871790025,1107000
2022-02-04,81.36114501953125,82.13177039279957,80.17271446411281,81.55612124344164,853800
2022-02-07,81.0826187133789,81.77896547577424,80.80407717497854,81.70468678772008,1301600
2022-02-08,82.73527526855469,82.8931121578657,80.98976871260933,81.32400862025409,952600
2022-02-09,85.14000701904297,85.47425408024507,83.05096642833313,83.05096642833313,1395000
2022-02-10,83.60804748535156,85.40925984367635,83.1809485195194,83.6823190987252,1321400
2022-02-11,82.70742797851562,84.56435268166898,82.12249216351475,83.84015318081607,1408200
2022-02-14,81.50971221923828,83.15308749547482,80.68338127757052,82.95811124803019,1404000
2022-02-15,83.99799346923828,84.07227216042638,82.63315262398208,82.85598161394049,1249000
2022-02-16,85.00074005126953,85.2978477516468,83.45020237768207,83.93300681804908,1154800
2022-02-17,84.55506134033203,85.39996543308958,83.90514056406099,84.10939631974247,1483200
2022-02-18,84.39722442626953,85.78991787527198,83.59874628215304,84.95430038914948,1969700
2022-02-22,79.95918273925781,84.62006077144457,79.62493571567086,84.07227136721396,2857700
2022-02-23,78.07440948486328,80.75767267008499,77.6194648359311,80.5719759169241,2663600
2022-02-24,73.61778259277344,73.6827746757048,66.88643037137263,67.60134328361762,6421900
2022-02-25,74.406982421875,75.8553816208329,73.37638850458372,73.82205361082045,2516400
2022-02-28,72.77289581298828,73.48781597959893,71.25021772038289,73.22784758577959,2399200
2022-03-01,71.7979965209961,73.4506584004377,71.11092926940353,72.68931954304531,1860600
2022-03-02,75.29829406738281,75.94822195304391,72.57789913831203,72.57789913831203,1739200
2022-03-03,74.98262786865234,76.46816634069272,74.49054391387705,75.60469599700578,1341200
2022-03-04,74.60194396972656,75.4375614517594,73.35780789483725,74.28627018962814,1185100
2022-03-07,72.9957046508789,74.42553736602473,72.55003965405749,74.17484859168617,1678500
2022-03-08,73.27425384521484,74.63909476130297,72.79145649464799,73.08856419121365,1883800
2022-03-09,75.0011978149414,75.84610206977631,74.36055643857677,74.84336089379859,1053100
2022-03-10,76.70956420898438,76.92310658907319,74.7690741557796,74.96405040509775,1932300
2022-03-11,78.08369445800781,78.33438329862277,76.59815588186866,76.96954229680513,1991900
2022-03-14,74.63909149169922,78.45507250819455,74.03558951722269,77.73087297226509,3206500
2022-03-15,76.22677612304688,76.58887596123661,74.4812690291167,75.01049241444072,1549800
2022-03-16,78.78932189941406,79.29997906626447,76.42173988380745,76.54244453248452,2042800
2022-03-17,80.22843933105469,80.26557159345688,77.88871011778323,78.38079405608073,1740600
2022-03-18,83.2738037109375,83.46877998548133,79.71779064359323,80.45127686703339,5351500
2022-03-21,82.1689224243164,83.74730567134112,81.50971497015404,83.43163185537855,1903300
2022-03-22,81.34257507324219,83.28305769889329,79.34637989794246,82.28032389207685,3273300
2022-03-23,80.9804916381836,82.94882739211204,80.43269513886538,81.92752016912573,1635200
2022-03-24,80.12631225585938,80.21915708412352,78.24152753242603,79.64350781511564,1711000
2022-03-25,79.55994415283203,80.4605538009656,79.11427909059887,80.4605538009656,1291700
2022-03-28,79.97775268554688,80.08917072659318,78.52935356997571,79.17927443373043,953400
2022-03-29,81.82539367675781,82.06679589866735,80.4048472528094,80.4048472528094,873400
2022-03-30,80.3769760131836,82.19676115762017,80.07058177323334,81.82537484406878,905000
2022-03-31,77.06238555908203,80.11702795717963,76.99739346906321,79.88491233802577,2216000
2022-04-01,76.31961059570312,77.68445153128019,75.02904835622968,77.5823200950393,2023700
2022-04-04,77.66587829589844,77.89799388728869,76.17105332065678,76.42173504257174,1455600
2022-04-05,75.34473419189453,77.75873530401421,75.21475000703009,77.37806227433494,1381300
2022-04-06,74.10059356689453,75.20546626394628,73.97989598595218,75.20546626394628,2125300
2022-04-07,73.6334228515625,75.4833711949844,73.1102083063886,74.5677386126665,2242300
2022-04-08,72.97004699707031,74.04451136364635,72.66172113802233,73.77355898402197,1882900
2022-04-11,72.05443572998047,72.7645105925021,71.66201768375524,72.61502377396313,1738300
2022-04-12,71.37238311767578,73.56802381359196,71.05471916846223,71.12012098908053,2523600
2022-04-13,72.20392608642578,72.52159717481516,71.25092707778579,71.37238556931652,1292200
2022-04-14,70.54085540771484,72.68978498005062,70.50348191369642,72.20393668607629,937000
2022-04-18,71.14813232421875,71.4751413491835,70.49410714602712,70.54082577599156,1229000
2022-04-19,72.04508209228516,72.40946463437777,70.84915917174911,71.0733929372839,1834600
2022-04-20,73.5773696899414,74.65183429201873,72.58699721706411,72.86728768178173,1826900
2022-04-21,72.85794830322266,74.45562744571771,72.48422056227477,74.15664667861215,1275000
2022-04-22,71.017333984375,72.6150128777043,70.94258702218983,72.40011714348756,1180600
2022-04-25,72.31604766845703,72.35342115756595,69.95222972636567,70.98932088227943,1790000
2022-04-26,70.55017852783203,72.2132592867513,70.41937490375497,71.96099006298634,1204100
2022-04-27,69.66258239746094,70.42872105326889,68.27045387874263,70.30726256783161,2205400
2022-04-28,70.07367706298828,71.06404941776768,69.49439876642622,70.54083491007486,3966300
2022-04-29,68.43862915039062,71.12011793720195,68.39191051126924,70.02696308482807,2635600
2022-05-02,69.13936614990234,69.32622645035342,67.6631455402428,68.6441799382698,2475300
2022-05-03,69.19542694091797,69.59718302628406,68.41995023236254,69.51309802454566,2355400
2022-05-04,71.6620101928711,71.69004565116383,68.78432330036317,69.3542564385114,2003200
2022-05-05,68.30782318115234,71.22289080745543,67.67248820342974,70.42871673910473,2008800
2022-05-06,68.1957015991211,69.30753957379582,67.30810452693981,68.18636357438125,1674900
2022-05-09,66.6353988647461,67.63511643001331,66.20561447604148,67.03715492153181,1624700
2022-05-10,68.22372436523438,69.24213211160252,66.68210927384615,67.96211712859305,2276700
2022-05-11,65.15919494628906,68.84974737239797,65.10313826810636,67.83133923973213,2091100
2022-05-12,65.1031265258789,66.08416098672505,63.74837144019993,64.99100606147066,1951400
2022-05-13,66.53262329101562,66.74751904862374,65.13114967467507,66.19626905283282,1993400
2022-05-16,66.80357360839844,67.30810494978351,65.86925789359566,66.64474164766513,1225200
2022-05-17,69.04593658447266,69.12068355659159,67.84066839004343,68.03687384565792,1269800
2022-05-18,66.08415222167969,68.48534327189593,65.69173421243103,68.31716616172167,1318000
2022-05-19,63.776390075683594,65.20589192024866,61.758264792817904,64.86019255375882,3338000
2022-05-20,62.26280212402344,64.48647108264441,60.33811392562262,64.30895593418668,2464800
2022-05-23,64.00996398925781,64.6920103879599,62.54308877694924,62.55242680063499,2069500
2022-05-24,62.97288513183594,63.963257579701846,61.30980418041442,63.72033348047038,1653300
2022-05-25,64.87889099121094,65.6543676824493,62.73930696839011,62.97288591679941,1395400
2022-05-26,65.85990905761719,66.23363674829191,64.22485664814522,64.3930337525357,2088800
2022-05-27,68.25176239013672,68.2611004144663,66.70079495988526,66.97174735896279,1904400
2022-05-31,67.22401428222656,68.0088432063268,66.92503353215584,67.55103049208861,2918700
2022-06-01,67.74724578857422,68.85907682762206,66.58868897641557,66.89701492456736,2725500
2022-06-02,68.11161804199219,68.83103801659311,65.50487630375302,67.45759275500076,3853500
2022-06-03,66.43920135498047,68.28914276539889,66.33642604015007,66.95307792913243,1625900
2022-06-06,66.21495819091797,67.65380526702502,66.08415455929581,67.23335891258526,1279900
2022-06-07,66.76620483398438,66.85963498640241,65.38342147036458,65.99072102521366,1353500
2022-06-08,65.47685241699219,66.71949413118956,65.35538680193807,66.60737366996972,1273800
2022-06-09,63.31856918334961,65.54224501769822,63.29054085405325,65.3460395843609,1151800
2022-06-10,62.421634674072266,63.1877733247776,61.81433512266695,62.58981179877654,1718800
2022-06-13,60.23533630371094,62.029220796019445,60.10453267166323,60.982784611374484,1635500
2022-06-14,60.09519577026367,61.04819481007896,59.525262525969715,61.01082844858875,1747600
2022-06-15,61.13228988647461,62.029232298961354,60.19797398243451,60.50629994155126,2371900
2022-06-16,59.13283920288086,59.992407902584276,58.7777982527666,59.992407902584276,2143000
2022-06-17,59.57197189331055,60.478262894352284,58.65634286692389,59.282336285818616,3596800
2022-06-21,60.263362884521484,61.50600448114051,60.25401773157145,60.767894219876496,2022700
2022-06-22,60.450225830078125,61.21636445559263,59.59065705574739,59.74014743233238,2509600
2022-06-23,60.59037399291992,61.094905345243355,59.87095401336041,60.749205957096734,1952100
2022-06-24,62.421634674072266,63.2812106049295,60.97344949914555,61.37520556770224,4509300
2022-06-27,62.85141372680664,63.514784143767656,62.300170887791474,62.78601191322411,1452800
2022-06-28,61.3284797668457,63.61755029801942,61.113591155419776,63.03827914699053,1378900
2022-06-29,61.066871643066406,61.543374621953205,60.71183426114329,61.543374621953205,1104300
2022-06-30,60.95475387573242,61.459285205843315,60.19796044469761,60.26336225814181,1475300
2022-07-01,58.65634536743164,60.833302913887685,57.544510837450254,60.82395775988077,2066200
2022-07-05,60.00175857543945,60.02978690740325,57.23618124808589,57.806114425561226,2389000
2022-07-06,59.170223236083984,60.254025892395475,58.67503342247878,60.11387709221566,1393900
2022-07-07,61.01605224609375,61.345663681211164,59.876534321836154,60.24381666167991,1457900
2022-07-08,61.25148391723633,61.52459256058455,60.6016734490978,61.0160461748661,1495800
2022-07-11,60.648773193359375,61.100809704594546,60.187313566689085,60.921881878684744,1379200
2022-07-12,60.573429107666016,61.628192902634396,60.149640403660435,61.1949882685377,1219200
2022-07-13,60.54517364501953,60.855953204513284,59.45274261080563,59.78235402921262,1762500
2022-07-14,61.20439529418945,61.421001184933786,59.480992837468314,59.80118832020543,1347400
2022-07-15,62.10848617553711,62.21207937801568,61.166735014816354,61.41159232840128,1330700
2022-07-18,61.750614166259766,63.445768878239434,61.43983460489847,62.5981915222496,1326200
2022-07-19,64.33100891113281,64.5099439014431,62.35333323582379,62.44750689941184,1355400
2022-07-20,65.54588317871094,66.08268108428476,64.12383683114145,64.30277186132992,1360600
2022-07-21,66.41228485107422,66.46879480324269,65.0844195274625,65.4046114547906,968900
2022-07-22,65.2256851196289,66.61006042701712,64.81131232422267,65.9131594192901,1359700
2022-07-25,65.14091491699219,65.34810128649958,64.53819485205611,65.33868176470654,1234900
2022-07-26,65.37635803222656,66.56296640088571,64.96199244419535,65.24451345626338,1425200
2022-07-27,66.45936584472656,66.93966085251893,65.23508670642907,65.23508670642907,1076500
2022-07-28,67.53296661376953,67.7495725156404,66.05441775966489,66.52529328243693,1136300
2022-07-29,67.17510986328125,67.58947547490938,66.39345470056472,67.42937950712145,1043300
2022-08-01,67.7684097290039,67.86258340400019,66.6665626430667,67.05267686604869,1075300
2022-08-02,67.21276092529297,67.77780999975967,66.78896873070134,67.58004318294576,628100
2022-08-03,68.32403564453125,68.41820930439138,67.29752335258357,67.58005151715368,631100
2022-08-04,67.90966796875,68.3428725843104,67.57063702005226,68.32404072493395,780800
2022-08-05,68.1545181274414,68.54063227672079,67.1750962874552,67.48587582211216,838800
2022-08-08,68.41822052001953,68.79492240620158,67.49530125812305,68.29578827564062,899900
2022-08-09,66.95850372314453,68.32404716890991,66.23335851642084,68.32404716890991,932100
2022-08-10,69.03034973144531,69.45413479859336,67.98500556849103,68.2863655947938,841700
2022-08-11,69.40704345703125,70.73491577050402,69.16219337858112,69.55772706068335,771700
2022-08-12,70.56539916992188,70.77258552910455,69.53888689533214,69.53888689533214,853500
2022-08-15,70.28287506103516,71.25288463357079,69.92501226499589,70.45239052968323,803100
2022-08-16,70.41472625732422,70.98919500044525,70.04744390483577,70.17928848342184,686500
2022-08-17,69.09628295898438,70.00036318111819,68.44647238042313,70.00036318111819,1676000
2022-08-18,71.09278106689453,71.24346467587769,68.98326083605998,69.4353044780195,931000
2022-08-19,69.96268463134766,70.26404467247313,69.30345460170498,70.04743877495007,1046200
2022-08-22,68.77606964111328,69.23752558751764,68.52180005003031,68.99267551758275,1024900
2022-08-23,69.01152038574219,69.76492414986231,68.72899936294023,68.7760826075785,1142300
2022-08-24,68.57830047607422,69.67073497246075,68.39936550528937,68.99267317263313,1607100
2022-08-25,73.98396301269531,74.48308993864802,72.54308500079692,74.48308993864802,2953600
2022-08-26,70.59364318847656,73.26821935135055,70.4523791233091,72.91976894860262,2291600
2022-08-29,69.17161560058594,70.2357989447428,68.46530227375222,70.03803207542823,1463000
2022-08-30,68.06977844238281,69.31288979113997,67.88143106847697,69.31288979113997,1034700
2022-08-31,67.92850494384766,68.48414183466593,67.5423907251353,68.02268580279333,1368600
2022-09-01,67.95677185058594,68.06977739920092,66.45938366651271,67.32579306918853,1259600
2022-09-02,67.12800598144531,68.9832564863769,66.87373638855642,68.51238101548013,1045800
2022-09-06,66.58180236816406,67.74957894871652,66.16743675457248,67.23161295048834,1193300
2022-09-07,66.58180236816406,67.20336156603788,66.12976584697489,66.49704821481271,1117600
2022-09-08,67.25045013427734,67.25986247217284,65.74364261206864,66.22393768939743,1121800
2022-09-09,68.2298583984375,68.50296705592969,67.58005508163615,67.80607331421966,1370200
2022-09-12,69.12452697753906,69.35996473482973,68.21102732965284,68.7384056067871,1888100
2022-09-13,66.92083740234375,68.60657289817287,66.48763271623554,67.78725395955159,1563000
2022-09-14,66.16743469238281,67.39170681868927,65.60238546601131,67.09976627514531,1563100
2022-09-15,65.05615997314453,66.13917504630432,64.71712904267729,66.13917504630432,1288000
2022-09-16,64.6794662475586,64.86781359476252,63.86955972159835,64.86781359476252,3334800
2022-09-19,63.67178726196289,64.2462559609918,62.861880807102146,62.871300329132644,1578000
2022-09-20,62.43809509277344,63.1538206901126,61.995470966661834,63.08789840654215,1118400
2022-09-21,61.543434143066406,63.200918123049206,61.49635089814655,62.74887442487542,1408200
2022-09-22,60.488670349121094,61.39275045376359,60.40390902228493,61.27031822444358,984800
2022-09-23,59.77294158935547,59.97070845194547,58.78410009141498,59.90478616441547,1203500
2022-09-26,58.963035583496094,60.38508172343802,58.76526871926425,59.509249340778595,1427100
2022-09-27,58.8876953125,59.92362368114783,58.50157750402549,59.54692180300401,1620600
2022-09-28,59.98954391479492,60.12138848987765,58.74643278902169,58.98187055666806,1311200
2022-09-29,59.2738151550293,59.330321516438566,58.40740583506009,59.038377371233906,1323700
2022-09-30,58.24729919433594,59.867112099567244,58.153125529262276,59.236140640084606,1987200
2022-10-03,60.403907775878906,60.573423241063374,58.67108581482258,58.98186536515908,1664100
2022-10-04,62.682945251464844,62.82420934069541,61.505756482860164,61.609349669296584,2090500
2022-10-05,63.2762565612793,63.662370762983564,62.08022868126488,62.22149277847002,1454600
2022-10-06,63.57038497924805,63.70321804039448,62.574129781790894,63.048535639844985,2566200
2022-10-07,62.69748306274414,62.88724251988027,61.8815043671121,62.62157638434598,1313600
2022-10-10,60.761905670166016,63.16239825254508,60.36340285088849,62.953658508188774,2526200
2022-10-11,58.88325500488281,60.723948387380716,58.617585269476045,60.619578521981204,1713300
2022-10-12,59.139434814453125,60.154663040742285,58.854788409794615,59.22482439253542,1200600
2022-10-13,60.828311920166016,61.04653453320391,57.46003148259879,57.91546061375955,2147600
2022-10-14,59.215335845947266,61.32169528025545,59.09198931610274,61.22681556156228,2417200
2022-10-17,59.93643569946289,60.98012716257389,59.585376370151664,60.43930838137306,2190800
2022-10-18,59.52845001220703,61.748669623066455,58.96865094222108,61.369143480237845,1933400
2022-10-19,59.10148239135742,60.07875729620591,58.769396120599694,59.11096891592561,1281000
2022-10-20,59.28175735473633,60.42981869677701,58.94018454764961,59.367150556508,1606600
2022-10-21,62.24204635620117,62.45078608937093,59.06352859447127,59.405101387138366,1703100
2022-10-24,62.94416809082031,63.133934784348284,61.99535633975802,62.51720569838596,1338900
2022-10-25,64.37688446044922,64.46228129365782,62.56465753807282,62.96315678941924,1393100
2022-10-26,64.00684356689453,65.24030181029228,63.05803176085306,63.33318805326824,1832600
2022-10-27,64.0163345336914,65.44904240608814,63.78862172419871,64.76589673875037,2391400
2022-10-28,65.84754180908203,65.8949780568046,64.22507446423164,64.25353766063714,1548700
2022-10-31,65.72417449951172,66.17960723980785,64.74689973719848,65.32567537603876,1794900
2022-11-01,67.38459777832031,67.6882172058639,66.01831397380325,66.35988673464705,1444300
2022-11-02,65.34466552734375,67.66925133743861,65.2023423220839,66.99559588732482,1196300
2022-11-03,64.17762756347656,64.69947693268118,63.428065396282356,64.26302438700974,780700
2022-11-04,65.26874542236328,67.36561801588498,64.3578872305297,65.49645816060732,1298300
2022-11-07,65.8380355834961,66.17011819188406,64.73741790443056,65.06950051281852,1151800
2022-11-08,65.88548278808594,66.91019386070946,65.5059566832195,66.02779874340979,1016100
2022-11-09,64.52869415283203,65.57238571106724,64.31046424829589,65.3541558065311,1412100
2022-11-10,68.22904968261719,68.4093189748995,66.54015885367713,67.03354496873868,1528900
2022-11-11,69.73765563964844,70.25001479464355,67.97286540761804,68.7224274729521,1406100
2022-11-14,69.43402862548828,70.41130335120127,68.91217938415728,69.39607529531352,1155300
2022-11-15,70.17411804199219,71.1324199620551,69.67124895923284,70.45876447016434,876500
2022-11-16,68.62755584716797,69.87049692744107,68.58960250837637,69.87049692744107,815200
2022-11-17,69.13041687011719,69.18734325224771,67.2327935846105,67.81156926579871,929500
2022-11-18,69.94640350341797,70.24053283005156,69.2347946895425,69.63329388798655,1527800
2022-11-21,68.80782318115234,69.73766185768612,68.60857358736489,69.63329198872236,1116000
2022-11-22,70.09820556640625,70.22155571988242,68.67498802094615,69.04502400365706,1033000
2022-11-23,70.83828735351562,71.29371293090718,69.97486520313645,70.08872521691386,932000
2022-11-25,70.83828735351562,71.3411564130292,70.44927106892042,70.80033401558983,486200
2022-11-28,68.85527038574219,70.51569099593605,68.5516509065754,70.47773765618278,1669000
2022-11-29,68.11518859863281,69.57635939492019,68.02030888227303,69.28222286368901,1889900
2022-11-30,64.1491470336914,64.65201597783968,61.19834264636284,61.53991537047438,7561500
2022-12-01,64.58561706542969,64.9936064171648,62.545670306754104,63.902471431002574,3102100
2022-12-02,63.02956771850586,63.89298268620236,62.6120882130186,63.07701120371469,1707200
2022-12-05,61.35016632080078,62.868263551560425,60.92319672414868,61.947915069483415,1774900
2022-12-06,59.85103988647461,61.15090719818888,59.5284437846475,61.12244400725475,2081200
2022-12-07,59.756160736083984,60.06927033600517,59.12045863117164,59.47151794851981,2254800
2022-12-08,60.648040771484375,60.866270642705864,59.9079688202388,60.4298145196922,1716300
2022-12-09,60.999107360839844,62.21358522439851,60.505724823911756,60.63855788780979,3408900
2022-12-12,61.947906494140625,61.9763696822056,60.87575205683345,60.91369814834835,1531700
2022-12-13,61.58737564086914,63.56089862656035,61.093989465301824,62.488743929394204,2333500
2022-12-14,61.0939826965332,62.17562741846865,60.52469714375537,61.18886241551975,1440600
2022-12-15,58.23806381225586,60.33493682409756,57.88700087333147,60.32545029954015,3177300
2022-12-16,57.23231887817383,58.380380114831624,56.644056664094265,57.744678041773405,3720200
2022-12-19,56.160160064697266,57.62133086926575,55.761660910412694,57.40310462485812,1755100
2022-12-20,56.42583465576172,56.68201425680483,55.18288998835171,55.353676389047116,1944600
2022-12-21,56.976139068603516,57.37464184517541,56.37838671346028,56.9666525446174,1865800
2022-12-22,55.95143127441406,56.378393675670196,55.429581905003815,56.36890715051259,1762600
2022-12-23,56.01784133911133,56.0937443898949,55.344185928404116,56.01784133911133,808300
2022-12-27,56.0273323059082,56.644061382289095,55.62883311397928,56.2550487151744,689600
2022-12-28,55.20186233520508,56.13169732206192,55.106982617549384,55.68575468633587,1046400
2022-12-29,57.014095306396484,57.279761424685205,55.53394774858203,55.66678080772639,1075500
2022-12-30,56.98563003540039,57.00460670307603,56.07476808411617,56.70098363969511,1382200
2023-01-03,57.67826461791992,57.77314434098095,56.881262638147255,57.308228630780725,1482400
2023-01-04,58.75990295410156,59.56639137012561,58.408843673889464,58.57963005224757,2013900
2023-01-05,58.66425704956055,59.027737497743914,58.03294083675016,58.788603895517866,1221500
2023-01-06,60.88341522216797,61.28515791343957,58.83642856791038,59.333826887262674,1462600
2023-01-09,61.026893615722656,62.2895223729524,60.98863136422406,61.093850731400636,2574700
2023-01-10,61.41907501220703,61.6964708732621,60.07992899653956,60.09906012304915,1834000
2023-01-11,61.64863586425781,61.906904225202894,60.93123875150943,61.69646550081147,1425100
2023-01-12,61.266029357910156,61.78255149600518,60.873846763018705,61.505162950567446,1671200
2023-01-13,61.849517822265625,62.117346286687486,60.83558639552502,60.93124202488223,1497600
2023-01-17,61.95472717285156,62.63387298925394,61.658203857082924,61.99298942291494,2329100
2023-01-18,62.136478424072266,62.9495312656993,61.94517444878786,62.47126402970941,1663500
2023-01-19,61.70603561401367,62.15560794548083,61.0173296847685,61.97386407588051,1549700
2023-01-20,62.62430953979492,62.69126665717125,61.20863903844088,61.715597463655065,1077300
2023-01-23,64.09738159179688,64.59477634175256,62.86345115902022,63.09301740532443,1318100
2023-01-24,63.95389175415039,64.55650581012853,63.63823364482822,64.04954373636905,1047700
2023-01-25,63.48519515991211,63.75302364284998,62.77735440040051,63.46606038382865,1213300
2023-01-26,62.93040084838867,64.36520248935209,62.7964866123877,64.08780662969907,2337700
2023-01-27,62.69126892089844,63.590413641943734,62.586049547253616,62.939969922038806,1724200
2023-01-30,62.662574768066406,63.37997561592958,62.23212988068122,62.3469166435397,1699500
2023-01-31,63.351280212402344,63.37997507842891,61.43821130099121,62.71996396870288,4312900
2023-02-01,64.19302368164062,64.54694403416032,62.480826242874976,63.15996478599796,1952600
2023-02-02,66.04871368408203,66.71828495085697,64.56608221050675,64.73825872164595,2243000
2023-02-03,64.68085479736328,65.86695533740757,64.3938915758113,65.34085853048823,1349100
2023-02-06,63.207801818847656,64.17389641414485,63.02605792767452,63.93476278798194,1319300
2023-02-07,64.48954010009766,64.58519206957148,62.786910231020244,63.05473866465793,1865200
2023-02-08,63.52345657348633,64.24085741376511,63.188663676466575,64.09737578615362,1170400
2023-02-09,63.12169647216797,64.33649912105014,62.786910926412965,63.85823197060654,1826100
2023-02-10,63.45649337768555,63.88693826880808,62.758227299792146,62.91126902048677,1641000
2023-02-13,64.7765121459961,64.78607953358232,63.0547472693975,63.17910141468314,1411900
2023-02-14,64.7765121459961,65.2739068338032,63.65736862509625,64.29824493558299,1580000
2023-02-15,65.72348022460938,65.74261500008619,64.22172145193693,64.26955109285039,1461400
2023-02-16,64.99651336669922,65.69478673060843,64.83390426064459,65.41739086263237,1318600
2023-02-17,64.47999572753906,64.74782422645556,63.7338926691269,64.61390997699732,1243100
2023-02-21,63.08344650268555,64.03998098974843,62.67213638133735,63.78171988926421,1736900
2023-02-22,62.96865463256836,63.68605535656693,62.31821101756521,62.99734949388389,2536900
2023-02-23,63.34170913696289,63.48519075652154,60.55819417886052,61.72516366564018,4423200
2023-02-24,62.538211822509766,63.56170326295089,61.69646423992475,62.51908434694597,2131200
2023-02-27,61.95472717285156,63.102572781418765,61.79211808341573,62.978218644268296,2107200
2023-02-28,61.744300842285156,62.49995662565141,61.55298957617207,61.97386706384226,2111000
2023-03-01,61.79212188720703,62.22256675358375,61.40950666079832,61.61994540021203,1466300
2023-03-02,62.30864715576172,62.47125624426629,60.720800276115355,61.39994243973927,1247600
2023-03-03,62.92082595825195,63.198221784829144,62.270382333327625,62.46169357464517,1192300
2023-03-06,62.51909637451172,63.504325755588134,62.36604734944628,63.37041150754547,1314400
2023-03-07,61.141685485839844,62.46170780953944,60.96951262719387,62.35648842727993,1374100
2023-03-08,62.04082107543945,62.19386278288677,60.883415340089634,61.2373283935618,1310200
2023-03-09,60.644283294677734,62.41387050065795,60.56775879010666,61.97386554604189,1435300
2023-03-10,59.51557159423828,60.4147126175234,59.190349751962536,60.26166725932829,1775600
2023-03-13,58.68338394165039,59.68774798009776,58.54946970956118,59.31469649927748,2023200
2023-03-14,58.463382720947266,60.0225348470292,58.17642312476322,59.39122227586861,2842000
2023-03-15,58.39642333984375,58.425121852572175,57.133798246465766,57.449456344254806,2414900
2023-03-16,59.2859992980957,59.42948091190098,57.784240642193645,57.918154869004425,2036000
2023-03-17,58.79817581176758,59.754710294346445,58.740782429212636,59.48687815797952,7681400
2023-03-20,60.232967376708984,60.4721009570213,58.75033625966158,58.855555618821214,2150300
2023-03-21,61.39994812011719,61.40950821012922,60.55819679011459,60.58689165570798,1870100
2023-03-22,58.87469482421875,61.37125397806658,58.85556369730118,61.074723335288844,2247400
2023-03-23,58.855560302734375,60.309493024608486,58.29120486232857,59.17121840533436,2101700
2023-03-24,58.4059944152832,58.7981733910389,57.21032636128544,58.72164888411617,1930900
2023-03-27,58.97990798950195,59.39121805271127,58.616423914107656,58.69294841372287,1433000
2023-03-28,58.138160705566406,58.941649761911854,57.65989349700099,58.635559040341136,1368700
2023-03-29,59.352962493896484,59.54427011561207,58.73121728443256,59.0086095045863,1256100
2023-03-30,59.85035705566406,60.003402413553985,59.171218508083115,59.735573949468915,1158800
2023-03-31,61.07472229003906,61.13211566980954,59.9077527591537,59.9077527591537,1313700
2023-04-03,61.39994812011719,61.63908173043354,60.73037328145352,61.017332884055286,1959300
2023-04-04,60.44340896606445,61.57212352769099,60.03209887164887,61.4764642470253,2217200
2023-04-05,60.559104919433594,60.751934658445755,59.835982364163456,60.18307810118025,1764800
2023-04-06,60.7422981262207,61.18581243617033,60.105950388208534,60.24093268445479,2875800
2023-04-10,62.71883773803711,63.393749236180945,61.60040456284603,62.01499515627257,2418500
2023-04-11,64.2132797241211,64.406116813973,62.97915177300017,63.04664291545263,2061600
2023-04-12,64.02045440673828,64.78214441323757,63.711922397673796,64.75322068676017,2305800
2023-04-13,64.41575622558594,64.57002590482966,63.68299731712777,64.11686791703019,1394400
2023-04-14,63.97224807739258,64.94605529221614,63.5673011644503,64.56038841303993,1485800
2023-04-17,65.25458526611328,65.3027963829836,63.86618748726503,64.11687205422011,1954100
2023-04-18,65.52455139160156,65.8041596927945,64.93641106081363,65.4088491220095,1825300
2023-04-19,63.77941131591797,64.66643989148193,63.3648207536026,64.66643989148193,2558000
2023-04-20,61.08939743041992,62.5067188939564,60.66516315399174,61.54255543369849,4862200
2023-04-21,60.94477081298828,61.243662806669285,60.55910763964909,61.089396801735276,10264200
2023-04-24,61.03154373168945,61.17616971584174,60.50125458645036,60.520538296203426,1327400
2023-04-25,59.23820877075195,60.70373784726955,59.199645022995504,60.52054809195191,1818600
2023-04-26,60.13488006591797,60.23129862848644,58.7368421716079,58.85254444669006,1718400
2023-04-27,61.16653060913086,61.20509803152935,59.81670392710989,60.27950196191638,1624800
2023-04-28,60.63623809814453,61.43649551805495,60.12523265236516,61.27258582084791,1967900
2023-05-01,61.40757369995117,61.53291598827729,60.59767619029132,60.59767619029132,1655300
2023-05-02,59.9998893737793,61.53290936351619,59.67207366282954,61.45577820222943,1763400
2023-05-03,60.202369689941406,61.21474434221199,59.845630212489176,60.36627940314399,2166300
2023-05-04,60.269859313964844,60.385561583169626,59.334623211506894,60.00953840323384,1508200
2023-05-05,61.56184005737305,61.764313516409075,60.92549227326554,61.08940198628898,1152200
2023-05-08,61.70646286010742,61.83180146463792,61.33043969053233,61.581120577585125,898200
2023-05-09,61.46541976928711,61.889654040040774,60.95441431914291,61.214738891289485,1826200
2023-05-10,61.00262451171875,62.121054014063546,60.05774473197847,61.98607171381377,1417200
2023-05-11,60.79050064086914,61.0701089050173,60.18307667895898,60.58802721289623,1018600
2023-05-12,60.877281188964844,61.340079215346925,60.30842459191341,61.118322057579995,677200
2023-05-15,62.429588317871094,62.46815574163496,61.06047787618173,61.214743893245206,1275300
2023-05-16,61.754669189453125,62.51635180807217,61.6582506419134,62.11140494237984,1674000
2023-05-17,63.06593322753906,63.30697408404673,61.65825183026065,62.1114061394608,1274600
2023-05-18,64.15543365478516,64.34826339280094,62.69954485802213,62.69954485802213,1406800
2023-05-19,63.461238861083984,64.48324977828206,63.29733283775665,64.19400515287795,1743800
2023-05-22,64.72428894042969,64.95569346184206,63.56729575730087,63.65406693584306,1368300
2023-05-23,64.07830810546875,65.15817392044168,64.04938437617213,64.43505126408989,1222700
2023-05-24,63.87583541870117,64.01081772771101,63.35518621709856,63.75049680490178,1260200
2023-05-25,66.27659606933594,66.35373091376998,64.21328679461875,64.27114160593611,2109500
2023-05-26,67.32755279541016,67.7228560864698,66.30553427348093,66.43088026204894,1807100
2023-05-30,66.62368774414062,68.08922019355339,66.59476401984664,67.81924826951636,2825900
2023-05-31,63.97224807739258,65.7559491181007,63.64443601148232,65.17745247732833,7420100
2023-06-01,69.3812026977539,70.17181645209693,67.5010868660795,67.780695156223,6233100
2023-06-02,68.43633270263672,69.5740459972971,67.56858402772893,69.49691114708659,3129700
2023-06-05,67.76141357421875,68.55202739631355,67.2696881007256,68.55202739631355,1980900
2023-06-06,67.5492935180664,67.95424778498055,66.95151684649801,67.41431121442297,2046200
2023-06-07,68.42668914794922,68.94733835396357,67.70356647670441,67.80962505696571,1832900
2023-06-08,67.80962371826172,68.4170441019613,67.0961374004106,68.23385067494762,1639300
2023-06-09,67.21183776855469,68.66772673632688,67.01900800788906,68.32062728234168,2132400
2023-06-12,68.86054992675781,68.88947365249956,67.21183135563021,67.21183135563021,1987500
2023-06-13,70.6346206665039,70.89494157707065,68.96661456077722,68.96661456077722,2835900
2023-06-14,70.67318725585938,71.29025130531545,70.26823299666707,70.4899938375577,2117900
2023-06-15,71.11669158935547,71.43485990803849,70.2489430929866,70.2489430929866,1971600
2023-06-16,71.70484161376953,71.91695140317722,71.22275986732866,71.5891393464696,3141500
2023-06-20,70.22002410888672,71.24203498693775,70.10432184956686,71.12633272761788,2124500
2023-06-21,70.04646301269531,70.74066174381456,69.59330509899347,69.86326963754385,2246300
2023-06-22,70.74067687988281,70.80816802896119,69.41977026965338,69.95006312382888,1595700
2023-06-23,70.5864028930664,71.01063715056446,69.70901800849364,69.8922040556998,5203300
2023-06-26,71.1070556640625,71.65662854580303,70.88529483010456,70.9431496401712,2048100
2023-06-27,72.29297637939453,72.59186468531264,70.8660112829155,71.71447244331894,1969900
2023-06-28,72.53401947021484,72.83290778534723,71.91694809564527,72.17727634610145,1589100
2023-06-29,73.4210433959961,73.51745826350576,72.61114232575261,72.7172008868081,1831600
2023-06-30,73.66209411621094,74.12488848468206,73.46925699936142,73.8549238770766,2175400
2023-07-03,73.7103042602539,74.05740374465095,73.24750985171417,73.6138893714735,1155400
2023-07-05,73.55603790283203,73.9127810634708,72.79434781778218,73.05466873890813,1990100
2023-07-06,73.49781036376953,73.65309040536687,72.62433699068147,72.62433699068147,1577400
2023-07-07,74.00247955322266,74.8856602404175,73.4881028472797,73.5075100757342,1608100
2023-07-10,75.50679016113281,75.56501924711247,73.59485619000111,73.59485619000111,1974800
2023-07-11,76.43849182128906,76.95286848784252,75.84647143783748,76.04057332557042,2195400
2023-07-12,75.0700454711914,77.10814481251779,74.9632872167137,77.10814481251779,2004900
2023-07-13,76.40937042236328,76.70052322783755,75.1573933666423,75.1573933666423,1605500
2023-07-14,75.5747299194336,76.27350119576128,75.0021167319899,75.86588276677527,1472500
2023-07-17,75.72029113769531,76.11820959447856,74.83711800906075,74.94387625822154,1618900
2023-07-18,76.59376525878906,76.61317988859894,74.99239890701509,75.3709101431901,1699000
2023-07-19,76.97227478027344,77.26343501285021,76.5549490626533,76.67141463658646,1823200
2023-07-20,77.70986938476562,77.77780577995104,76.0308593258808,76.67140882721046,3314100
2023-07-21,77.1663818359375,78.15631326991455,77.11785266374235,77.70016570752368,9751100
2023-07-24,76.13761901855469,77.9913237579656,75.9241099185782,77.44783258618567,2805400
2023-07-25,76.7296371459961,77.04020457869167,76.13761682046518,76.13761682046518,1861500
2023-07-26,76.08910369873047,77.52547546141757,75.00211385856556,77.12756436394125,2339900
2023-07-27,75.92411041259766,77.15667287219335,75.81735215965882,76.57435984085278,1671700
2023-07-28,74.9632797241211,76.4967095856143,74.56536869180349,76.4967095856143,2287400
2023-07-31,75.7105941772461,75.99204708104398,75.20591745163888,75.22533208197638,3511500
2023-08-01,76.54525756835938,76.75876670394558,75.12829291667028,75.21563655334012,1625300
2023-08-02,76.14732360839844,77.6613389067501,75.72029061470474,75.82704886312817,2325900
2023-08-03,76.98198699951172,77.36049088326416,75.4194422878105,75.67178067848305,1889500
2023-08-04,75.48736572265625,77.11784655887779,75.37090756582639,77.06932479503584,1982800
2023-08-07,75.98233795166016,76.24437621886392,75.53589772321301,76.14732528302963,1403100
2023-08-08,75.59413146972656,75.81735529998413,74.99240378319453,75.47766589682972,1780500
2023-08-09,74.64302825927734,75.52620153130292,74.5362699927834,75.41944326480898,2091600
2023-08-10,74.5750732421875,75.47766101130665,74.33244220107495,74.96328438886994,2166100
2023-08-11,74.4974365234375,75.08945685283082,74.24509816881616,74.31303456377054,1265500
2023-08-14,74.19657897949219,74.64302666868765,73.80837518725515,74.3324517876777,1408000
2023-08-15,74.04129791259766,74.89535660994558,73.87631056274282,74.46833096352792,1997500
2023-08-16,73.1872329711914,74.31303718507738,73.06106008717427,73.75983869107479,1718200
2023-08-17,72.81843566894531,73.71131623099828,72.76020658148919,73.71131623099828,2547300
2023-08-18,73.09017944335938,73.74043632314017,72.18759158794495,72.2652353056072,2159900
2023-08-21,74.2062759399414,74.37126326906893,73.30368818037499,73.36191726018197,2381100
2023-08-22,74.25479888916016,74.83711185198476,73.78894407619384,74.2353842611764,2401400
2023-08-23,74.27421569824219,74.94387976439641,73.69190266026601,74.53626137826429,3389700
2023-08-24,73.30370330810547,75.06035002024495,72.34288627044769,73.06107221948893,3427200
2023-08-25,72.517578125,74.31304662990462,71.95467224425842,73.75984806559319,2059800
2023-08-28,73.76954650878906,73.89571198915365,72.87665861743828,73.03194604359042,1376500
2023-08-29,74.1674575805664,74.55566874143557,73.43956443062874,73.66278825459491,1354300
2023-08-30,74.17717742919922,74.29364301849222,73.2842967914927,74.03159729371129,1784500
2023-08-31,74.439208984375,74.63331828222253,73.94424693501713,74.54596724706299,3068800
2023-09-01,75.31267547607422,75.67177209110677,74.8662352383243,75.17680268217258,2306300
2023-09-05,77.14697265625,77.58371302332894,76.24438478303531,76.41907944896437,2467500
2023-09-06,77.56428527832031,77.60310713135387,76.54523940310705,76.92374321454503,1718400
2023-09-07,76.53553771972656,76.8558124774337,75.82705180763307,76.8558124774337,2023400
2023-09-08,76.75875854492188,77.21490612219121,76.48701294259435,76.7878804918961,1263900
2023-09-11,76.21526336669922,77.37989683604212,75.5358993962998,77.23431672681028,1351500
2023-09-12,76.01145935058594,76.69082336723775,75.62324816770814,75.80765014559039,1285900
2023-09-13,75.6717758178711,76.1764451622871,75.34179372749301,75.8949922454833,1564500
2023-09-14,76.23468780517578,76.34144607204695,75.5941382039488,75.94352754925208,1487900
2023-09-15,75.42913818359375,76.26378954562826,75.13797797655413,75.88528571918373,3999300
2023-09-18,73.9248275756836,74.29363151575359,73.23575627254245,73.88600571859664,1937100
2023-09-19,73.79866790771484,74.44891740499853,73.54632951902539,73.83748976786035,1483800
2023-09-20,73.83747863769531,74.79829546679808,73.73072038951594,74.22568977611925,1923500
2023-09-21,73.66278076171875,74.21597920322033,73.17751871112048,73.23574778774868,1499900
2023-09-22,73.77925872802734,74.4101010441169,73.63368599736405,73.82778790792395,1145100
2023-09-25,73.28428649902344,74.20628155343456,73.02224081104572,73.21635009927222,1443100
2023-09-26,72.64373779296875,73.46868191504278,72.58550870808494,72.96401256885434,1618600
2023-09-27,72.74079132080078,73.5657428767019,72.23612195667884,73.1678243704896,1174700
2023-09-28,74.00247955322266,74.45862716928919,72.90578973497661,72.99313336979125,1887700
2023-09-29,73.64337921142578,74.57508162549324,73.38134091555254,74.3906870485871,1545100
2023-10-02,73.56573486328125,73.94423869627092,73.20663825565772,73.69190033944054,1284600
2023-10-03,72.6534423828125,73.97335589041543,72.31376039288057,73.35222099325077,1035100
2023-10-04,73.1095962524414,73.35222732397784,72.21671568627038,72.64374133710588,1163100
2023-10-05,73.78372192382812,74.1256810626175,73.0021191377082,73.10959073207269,1121200
2023-10-06,73.73487854003906,74.17452965684498,73.36361030861475,73.60786258550424,1636700
2023-10-09,74.28199768066406,74.60441245960122,73.29521644239621,73.50039490461992,1517000
2023-10-10,74.25270080566406,74.8389048475426,74.11592011102536,74.44809966829396,1380400
2023-10-11,75.27855682373047,75.33717498654677,74.16476700629177,74.2038408121772,1568100
2023-10-12,74.18431091308594,75.72798728088672,73.87166825856833,75.59120658540958,1460000
2023-10-13,73.2365951538086,74.96590529129477,72.4549924111712,74.49693768252253,1694000
2023-10-16,74.20384216308594,74.37970410872462,73.23660518906725,73.54924781975956,1585900
2023-10-17,75.15154266357422,75.21993300649213,73.75441926911827,73.7641914478175,1959600
2023-10-18,74.02798461914062,74.91706657884214,73.94005736808728,74.84867623224885,1657300
2023-10-19,73.31477355957031,74.42856348614838,73.12913942047767,74.12569300993523,1304400
2023-10-20,72.5820083618164,73.46131805991787,71.88833278164414,73.3147652012363,4934300
2023-10-23,71.58545684814453,72.42568531002922,70.32512160930574,71.76131879258524,1617000
2023-10-24,72.14234161376953,73.09981372190755,71.61476330865868,71.62452803187347,1696500
2023-10-25,70.8136215209961,72.21074480597922,70.58890615245168,71.5072970745209,1340100
2023-10-26,69.78776550292969,71.26305144079828,69.66075699391669,70.90155536346961,1243100
2023-10-27,70.15901947021484,70.95040189170392,69.61189677208922,69.86592121935657,1087200
2023-10-30,69.54351043701172,70.77454403262732,69.19178655255011,70.48143831091328,1274100
2023-10-31,71.1067123413086,71.31188333254228,69.54349946477548,69.64119887193624,1474500
2023-11-01,71.66361236572266,71.67338454334448,70.71591239406864,71.10671750507893,1005100
2023-11-02,73.01188659667969,73.40268423748792,71.93717072249544,72.01533323225196,2153900
2023-11-03,74.15498352050781,74.68256926737155,73.2561370424379,73.39291770414476,1043600
2023-11-06,74.07682800292969,74.22338085544133,73.62740472148496,74.16476269603176,1158700
2023-11-07,73.86188507080078,74.58486970399616,73.76418565344807,74.0768282613694,865200
2023-11-08,74.02798461914062,74.06706588204946,73.1096010297434,74.0573011568138,1563100
2023-11-09,74.07682800292969,74.71188539448835,73.58832346388267,74.30154337064592,906300
2023-11-10,75.36648559570312,75.473957199037,73.99867128835334,74.30154919501621,996100
2023-11-13,74.97567749023438,75.2980922875382,74.68257922776654,75.2980922875382,737100
2023-11-14,76.89060974121094,77.05670694579518,75.57164900614075,75.95268194173909,1383500
2023-11-15,77.10555267333984,77.79922820648717,76.74406409428403,76.90038166668958,1652200
2023-11-16,75.02452087402344,76.33370933638302,74.65326014305289,76.33370933638302,1803400
2023-11-17,75.73773956298828,76.18717029313287,75.12222653446655,75.42509695983615,1227900
2023-11-20,76.1480941772461,76.52912714262666,75.30786572692276,75.53257365317891,1069100
2023-11-21,75.64981842041016,76.08946955420959,75.52280991495411,75.82568036472757,1251800
2023-11-22,76.19692993164062,76.82221509621414,75.67911635353948,75.86475044908032,814800
2023-11-24,76.53888702392578,76.55843137957369,75.94291834844249,76.196935339964,466000
2023-11-27,76.29463958740234,76.81246068903432,75.96246006023011,76.29463958740234,1451100
2023-11-28,76.3141860961914,76.88085319803974,75.77682807650966,76.07970598487044,2572300
2023-11-29,87.48139190673828,89.24977591561226,84.26703121294847,84.89231641345599,8403200
2023-11-30,89.28886413574219,89.494035159348,86.59231683951631,87.2176020887878,6731400
2023-12-01,89.18138885498047,89.6698934016918,87.26645192635064,87.35438662083236,2733500
2023-12-04,88.23368835449219,88.86874575250766,87.37392304046355,88.77104633450246,2450700
2023-12-05,88.49748229980469,88.76127146582107,87.94058743467005,88.23368567980074,1906700
2023-12-06,87.34461212158203,89.28885807870779,87.17852236907113,88.90782513871801,2282500
2023-12-07,87.03197479248047,88.40955378500756,86.85611285152083,87.64748785884517,2161200
2023-12-08,87.3348388671875,88.14575817213858,86.8854155961753,87.031968445285,1633600
2023-12-11,87.68655395507812,88.51701007834,87.16874040012614,87.44230171564894,2211600
2023-12-12,86.17219543457031,88.06759538138101,85.97679660569783,87.93081471037277,2131700
2023-12-13,87.48139190673828,87.62794475616701,85.75208170065692,86.22104932803133,3973700
2023-12-14,87.15898132324219,88.12621824963911,86.47507793164596,87.72564839284358,3155400
2023-12-15,86.87564849853516,87.10036387417519,85.9474928232127,86.9147297575155,5789300
2023-12-18,87.63771057128906,87.92104409598315,86.5923111648601,86.7486361939276,2173000
2023-12-19,88.54633331298828,88.57564984775641,87.5204782157436,87.92104807638543,1866000
2023-12-20,86.88542175292969,88.60495989942333,86.8561126718284,88.18484567766602,1417000
2023-12-21,87.49117279052734,87.56932785787718,86.63139996378432,87.46185625453431,1114200
2023-12-22,87.34461212158203,87.92104389346845,86.96357918159225,87.86242573469698,828400
2023-12-26,87.3250732421875,87.59864205958108,87.12967439803734,87.30553633936772,525400
2023-12-27,86.56300354003906,87.60840296403525,86.38714160637673,87.30553253261203,726800
2023-12-28,86.18197631835938,86.7193343330242,86.00611437301346,86.54347238767828,962700
2023-12-29,86.13313293457031,86.50439373974073,85.5176123802757,86.02566132839152,1169100
2024-01-02,84.22795867919922,85.302667262999,84.0911779932968,85.18543093450454,1892100
2024-01-03,84.32565307617188,84.99001956265006,83.93485539917474,84.2181814788013,1824600
2024-01-04,84.57133483886719,85.10199483812252,84.2077398838115,84.25687048717012,1370500
2024-01-05,83.59844970703125,85.003713713404,83.54931161343104,84.36495598370358,1485900
2024-01-08,84.49271392822266,84.53201540708211,82.17353680964226,82.39955405147695,1821800
2024-01-09,84.5811538696289,84.82682934938238,83.5886228321471,83.86377816988369,1684300
2024-01-10,85.16095733642578,85.42628357263052,84.52219954881,84.77769666591941,1229000
2024-01-11,85.44593811035156,85.90780926188127,84.33548752071101,85.15113200118171,1348100
2024-01-12,85.1707763671875,86.03555888316212,84.84648292369701,85.77022515760777,1234800
2024-01-16,84.47306823730469,84.72857287236242,83.34295936802573,84.14877475789545,2321500
2024-01-17,83.95223236083984,84.27652582099715,83.1071080390233,84.06033018089228,1760600
2024-01-18,84.96441650390625,85.00372548474584,83.56898142249736,84.80718807796936,1693200
2024-01-19,86.29105377197266,86.5465583721558,84.9152770727266,85.25922124753811,5402700
2024-01-22,87.08705139160156,87.401515722506,86.63500938451524,87.17549097025233,1420900
2024-01-23,86.635009765625,87.3720362473077,86.46794473173689,87.06739353663252,1839800
2024-01-24,87.15583801269531,87.94199507124829,86.82171545230914,87.36220452171875,1428300
2024-01-25,87.69632720947266,87.78477429098469,87.27376503594556,87.65701822851415,1065800
2024-01-26,86.53673553466797,87.7258040524195,86.12400249493695,87.7258040524195,1551200
2024-01-29,86.95929718017578,86.97895541857332,86.04538402764145,86.53673502368311,1137500
2024-01-30,87.41134643554688,88.19751109328584,87.14602017457753,87.41134643554688,1696300
2024-01-31,85.69161224365234,87.11653465611663,85.60317266154492,86.96912785518289,1649300
2024-02-01,85.9372787475586,86.153474366634,84.97423507748522,85.53437486444398,942200
2024-02-02,86.3205337524414,86.85119369322535,85.4262788966649,85.89797912094642,857300
2024-02-05,85.69161224365234,86.16331250715602,84.91528425374929,86.10435278575106,1341600
2024-02-06,86.0846939086914,86.36967838907113,85.26904944733785,86.1141737691753,1122300
2024-02-07,85.72109985351562,86.45812636292739,85.28870856881923,86.36967928313886,1229500
2024-02-08,87.38185119628906,87.94199097969782,85.6916027277797,85.96676555776303,1385800
2024-02-09,88.2957763671875,88.77729826517903,87.2442854893733,87.52926997928463,1405500
2024-02-12,89.09176635742188,89.3767433378956,88.2761219031799,88.40387046330333,1461600
2024-02-13,85.73092651367188,87.55875296422315,85.07251792595227,87.40152453163452,1312200
2024-02-14,86.24193572998047,86.73328676479531,85.85868252261862,86.34020443745908,1536100
2024-02-15,85.76039123535156,87.04773581841269,84.95457597986785,86.2615713020001,1684300
2024-02-16,84.22737884521484,85.99624526199695,84.15859001219668,85.75056978730058,1195500
2024-02-20,83.98170471191406,84.44357581130775,83.34294696801685,83.79498894898795,1546400
2024-02-21,83.13658142089844,83.57880178594863,82.35042437873258,83.57880178594863,1367900
2024-02-22,84.5418472290039,85.09215791968174,83.80482076938002,84.17825230727213,1738400
2024-02-23,85.88815307617188,86.06503972943031,84.47305985010436,85.09215938779842,1602700
2024-02-26,85.91763305664062,86.59569981132437,85.53437989027704,85.88815319729281,1254300
2024-02-27,85.6621322631836,86.41881700812218,85.47542397985517,86.21245048607202,1301200
2024-02-28,86.50725555419922,86.8511997534975,84.93493385924909,85.05286079790332,1853900
2024-02-29,87.57839965820312,88.10905960589554,86.9592926371849,88.10905960589554,4798300
2024-03-01,103.48834991455078,110.53432927216211,103.11492583668574,104.04848978005914,12903300
2024-03-04,101.54259490966797,105.65028938551563,101.17899248688786,104.16640733272443,4380400
2024-03-05,100.90383911132812,101.90619182714595,99.8032102000555,101.63103647368305,2884200
2024-03-06,102.98717498779297,104.53001686368289,100.59920877250639,102.08308342878207,2712500
2024-03-07,102.44668579101562,103.9600478045495,101.84723695781645,103.69471406005994,2354700
2024-03-08,101.47381591796875,103.96988002799709,101.46398679817756,102.96751973710062,1630900
2024-03-11,100.99227905273438,101.5720771188298,100.107853269836,101.07089701041191,1635900
2024-03-12,100.75643157958984,102.1616956937286,100.15698277931534,101.92584932068617,1747600
2024-03-13,101.40501403808594,101.41483565919286,99.75407450421905,101.01193176860893,2420900
2024-03-14,100.36334991455078,101.42466984594704,99.79338846761968,101.22813245009783,2007900
2024-03-15,100.57955169677734,100.64834053927167,99.32169429264017,99.4985809586858,7019900
2024-03-18,100.0390625,101.27726157112312,99.99975352192008,100.8252195693355,1542500
2024-03-19,101.52294158935547,101.62121778764923,98.91878727783934,99.68529364103438,1574700
2024-03-20,102.6333999633789,102.64322158530106,101.14951783420867,101.2183066747704,1730200
2024-03-21,103.25249481201172,103.71436593358058,102.56460643781615,103.18370597459216,1432200
2024-03-22,102.91838073730469,103.45886232298403,102.45650961127727,103.43921158242631,1040000
2024-03-25,103.10508728027344,103.75367416909049,102.29927197737466,102.73166323658602,1214100
2024-03-26,102.90855407714844,103.9502157922805,102.82993611819701,103.60627159364456,1194300
2024-03-27,103.39990997314453,103.72420344611699,102.49582589463489,103.64558548344095,956300
2024-03-28,103.15422821044922,103.94038529729414,102.98717067295455,103.15422821044922,1363500
2024-04-01,103.2230224609375,103.66523537688285,102.70219158295963,102.91838722983833,1473300
2024-04-02,102.90855407714844,102.93803393739991,101.78827440306495,102.40737396060965,991400
2024-04-03,104.63810729980469,105.04101120205101,102.45650776360873,102.5252966004518,1813300
2024-04-04,103.47305297851562,107.44214948146166,103.12747856022109,106.05000644764375,2552300
2024-04-05,103.71987915039062,104.12468388841972,102.85101672825347,104.01607608565259,1017100
2024-04-08,104.48013305664062,104.72696761853335,103.53228924290774,104.26291743692815,1581500
2024-04-09,102.8312759399414,105.54645601379453,102.18950459774484,104.69734455171158,1282100
2024-04-10,101.3009033203125,102.1105203870128,100.77761525111259,101.7155835789849,1109900
2024-04-11,103.53228759765625,103.63101991428576,101.46874677597282,101.99204236641575,1320500
2024-04-12,100.52090454101562,102.67330222131065,100.37280983016403,102.39684871733033,1346700
2024-04-15,101.07382202148438,102.30799486643015,100.56040189962272,101.49837778145745,1902400
2024-04-16,101.24166107177734,101.48849562455636,100.01736379917538,100.97507553641206,1362400
2024-04-17,99.6323013305664,102.02165796556486,99.26698348493402,102.02165796556486,1110800
2024-04-18,98.8720474243164,100.59988928618124,98.46724267658885,99.7507778257271,1031700
2024-04-19,96.70977783203125,99.46445243232132,96.51231319666422,98.57584650758372,1692500
2024-04-22,96.6702880859375,97.50952406073598,96.07787913168656,97.4897730781048,1830500
2024-04-23,98.16116333007812,98.58571906298627,96.65053706941207,97.10471174346382,1746600
2024-04-24,98.79306030273438,100.04698406582952,98.03281318453095,99.01027591730474,1292600
2024-04-25,99.66192626953125,100.19508983330277,97.59838539126041,98.13154895503192,1581300
2024-04-26,100.04698944091797,100.75787420577994,98.97078680167044,99.89888719277285,2124800
2024-04-29,101.18242645263672,101.44900446380613,100.16546173484515,100.2247071517218,1378500
2024-04-30,100.91584014892578,101.92292936752384,100.53077883969505,100.53077883969505,1274700
2024-05-01,99.71128845214844,101.33052259079227,99.60268064126926,100.07660631899596,1012300
2024-05-02,100.82698822021484,101.10344173434076,98.97078742629519,100.70850491439232,1196600
2024-05-03,103.31507110595703,103.40393546312563,101.73533145489205,101.942671577895,2463500
2024-05-06,106.58316040039062,106.7312626435127,103.80874234592879,103.91735015536544,3381900
2024-05-07,106.0006332397461,107.43227066369886,105.49708863200844,106.90898260574086,1325000
2024-05-08,108.09379577636719,108.13328267782052,105.4872158456539,105.64519358263966,1703700
2024-05-09,106.81025695800781,108.3406343269939,105.84266211535204,108.07404876922021,1852000
2024-05-10,107.1261978149414,107.7284747370774,106.35607520179514,107.46188919696192,1703400
2024-05-13,106.78062438964844,107.90618929869146,106.52391435675317,107.63960377493302,1841800
2024-05-14,107.65935516357422,108.08391087878582,106.69176044072252,107.25454289737115,2814800
2024-05-15,109.2193603515625,109.49581385739074,107.83708528962819,108.11353879545644,2873100
2024-05-16,108.3603744506836,109.40695059980459,108.31100452437695,108.66644690196392,1545200
2024-05-17,109.07125854492188,109.41682542859486,108.47885709679773,109.1601153723836,2257700
2024-05-20,110.85832977294922,111.05580192885236,108.95276678204081,109.41681693242256,2097500
2024-05-21,111.51984405517578,111.68769727015217,110.08820671194904,110.1178256520059,1693700
2024-05-22,112.66516876220703,112.77377657276627,111.66795501652352,112.00365393992294,1746000
2024-05-23,112.59605407714844,114.48186620324618,112.38871395016133,114.06718594927197,1548900
2024-05-24,114.20541381835938,114.54111274114288,112.96137304426095,113.25757000023022,1351100
2024-05-28,116.51579284667969,116.86135973905438,114.25478727543775,114.47200290287135,3238900
2024-05-29,116.01224517822266,116.56515219155699,114.90642361876088,115.00516347067895,2708700
2024-05-30,115.02490997314453,117.17730773146447,114.84718878088718,117.17730773146447,3669600
2024-05-31,118.90514373779297,119.94185189587655,115.034779671122,117.986918879511,6128500
2024-06-03,117.4537582397461,117.65123041097489,113.56364309365964,116.43680103949542,3727900
2024-06-04,117.49324798583984,118.20413270831195,116.4269209021317,117.49324798583984,2622200
2024-06-05,120.71196746826172,120.75146189922415,118.12513873616533,118.48058108203483,2370800
2024-06-06,119.93197631835938,120.67247999280437,118.88540020230417,120.44538888487902,2398400
2024-06-07,119.44818115234375,119.99121265358767,118.4904618738387,119.4284301695827,1383600
2024-06-10,121.35374450683594,121.35374450683594,118.75704016145197,118.8952669099371,1652000
2024-06-11,123.8813247680664,124.18739719860626,120.80082688198834,121.25500154861908,2850500
2024-06-12,124.13804626464844,126.34968192058594,123.65424507991732,124.68107780337235,2239400
2024-06-13,125.68816375732422,126.01397965883967,123.69373624985325,123.83196300390055,1604400
2024-06-14,124.57245635986328,125.5499265816514,124.21701401244806,124.44410510827154,1398400
2024-06-17,124.4441146850586,125.68816299674951,122.00538798759197,124.73044368322199,1934000
2024-06-18,127.08031463623047,128.00839994964804,124.57246700799622,124.6119614425063,2575800
2024-06-20,125.85600280761719,129.2129466946807,124.9970158532915,127.36662906335432,3039700
2024-06-21,126.02384948730469,126.88282891559838,124.07879199345584,125.29322131548896,4282900
2024-06-24,124.7798080444336,126.71499015270152,124.7699400853294,125.13525042480865,1797100
2024-06-25,126.11271667480469,126.44841559336433,124.76006057457273,125.09575196033941,1981000
2024-06-26,126.80384063720703,126.88282950284804,124.82917172573157,125.540056450915,2023900
2024-06-27,127.39624786376953,127.72207128051195,126.45827957861827,126.64587624876562,1575100
2024-06-28,127.16917419433594,128.53169078382152,126.6853730107962,127.83068903779642,3197100
2024-07-01,128.5909423828125,129.36106503220455,126.9717082141438,127.82081973342046,2468400
2024-07-02,128.23550415039062,128.9957437996543,127.10993908289153,127.12967500181142,1751500
2024-07-03,128.6106719970703,128.91675950246488,127.09017775668308,128.3737204646174,904000
2024-07-05,127.9663314819336,128.91798181005086,127.00477364424124,128.59085248244708,1435100
2024-07-08,128.98736572265625,129.90927840389602,128.12494347727787,128.60076108238638,1688200
2024-07-09,130.94021606445312,131.78282327117702,128.66023343976076,128.88824229040802,2164400
2024-07-10,133.44821166992188,133.83481635710552,131.72336696985823,131.9117155580194,1920300
2024-07-11,130.3157196044922,133.79516153820305,130.29588945822888,133.43829453531194,2266100
2024-07-12,129.03692626953125,130.89064391150072,128.9080530213625,130.72212550095514,1557000
2024-07-15,129.2451171875,130.2562277463658,128.54129069953387,129.27485484358607,1537200
2024-07-16,130.444580078125,130.49414788168679,127.67887210062894,129.6019879214545,1818400
2024-07-17,126.31087493896484,128.6503330007579,125.6962765491108,128.4322467735253,1834200
2024-07-18,124.99244689941406,127.44094801280056,124.00115139200153,127.20304677164174,1776500
2024-07-19,125.12132263183594,125.8053189656419,124.70498032559955,125.34931636778147,1220400
2024-07-22,127.22286224365234,127.76807779986251,126.05314080120974,126.39017764469635,1129800
2024-07-23,128.07537841796875,128.21415918601082,126.6479180091098,127.15348084296852,1045700
2024-07-24,124.60585021972656,127.91677379584247,124.37785647372264,127.52026161792524,1530000
2024-07-25,124.46705627441406,126.36043424445715,122.44481261648227,124.47697134670834,1466200
2024-07-26,125.05193328857422,125.79540494003662,124.12011306525288,125.79540494003662,1194900
2024-07-29,123.90202331542969,125.83505409207534,123.47576594485513,125.83505409207534,1032100
2024-07-30,121.50308990478516,125.39888154706718,120.74970320236079,124.70497771785034,1691200
2024-07-31,125.87471008300781,126.10270382028101,122.6430845284351,123.97141691215813,2086300
2024-08-01,121.44361114501953,127.0047718194601,120.31353490497446,125.32948760422657,1801000
2024-08-02,118.01373291015625,119.53041382291781,116.58626496262325,119.16363176334767,2385900
2024-08-05,114.60367584228516,115.02001814618662,112.19482742259159,112.82925595129416,2204600
2024-08-06,116.06087493896484,117.82537965782869,114.80192546225801,115.2777506135058,1561400
2024-08-07,115.21827697753906,118.83649942944761,114.91097023588458,117.14138506606706,1859200
2024-08-08,118.1822509765625,118.34085432415478,115.21827954276559,116.92330145355896,1186000
2024-08-09,121.42378234863281,121.74099660264218,116.98278279250165,117.77581464603287,1300100
2024-08-12,121.85995483398438,122.95037835990219,121.32465436206449,121.4237823984235,1169500
2024-08-13,124.77436828613281,125.4385344612248,122.65299650453615,122.76203205244548,1492200
2024-08-14,126.00357055664062,126.62808399374524,125.08166544682842,125.18079348340282,1163100
2024-08-15,130.28594970703125,130.43465309551704,127.66893040493926,127.70859069225588,1888500
2024-08-16,129.36407470703125,130.2958949833138,128.25382848472202,129.5226856319241,1374900
2024-08-19,130.55360412597656,130.8014279816166,128.46197017933596,128.8089296276191,1459000
2024-08-20,130.24632263183594,130.95014913274693,129.96876108594788,130.60318963740198,1404600
2024-08-21,132.24874877929688,132.69482877124602,130.45450617494268,130.76180538881943,1074000
2024-08-22,130.48423767089844,133.20037778862027,130.0976330126695,132.2586500443159,1177500
2024-08-23,131.9612579345703,132.38752288385754,131.08892814178992,131.85221481972656,1223800
2024-08-26,131.34664916992188,132.5857685017136,130.60317757084684,131.51516758392935,981000
2024-08-27,131.9612579345703,132.13969899793716,129.68129028487854,130.40493179649457,1878600
2024-08-28,130.7617950439453,132.4866395598216,129.84980498505195,130.09762886385892,1916300
2024-08-29,118.16242218017578,125.01227780847132,118.11286194229312,123.99124463967695,4074400
2024-08-30,119.66919708251953,120.05580173253587,117.2603486523491,118.65807141095016,3020400
2024-09-03,117.91459655761719,121.67160740564488,117.0026065138332,121.63195467813456,2571600
2024-09-04,118.04347229003906,118.21199071325611,115.67427660321466,117.31982323301197,1519400
2024-09-05,115.80314636230469,117.49826085276781,114.9407165073035,116.86383230299161,2455600
2024-09-06,113.18611907958984,116.54661017760127,112.69047133577713,115.62470507159024,1730700
2024-09-09,113.60246276855469,115.21827927359666,113.10681501863692,114.64332606857579,2272200
2024-09-10,113.96924591064453,114.29637524381933,112.54177795714325,113.69168437812696,1388300
2024-09-11,114.6433334350586,114.84158952257098,111.88753297851756,114.14768565329265,1717500
2024-09-12,115.44627380371094,116.2591358166925,113.97916068905371,114.82176035715902,1588000
2024-09-13,116.29878997802734,117.091829418363,115.11914589034882,115.40662249839588,1529300
2024-09-16,116.83409118652344,117.04226233922417,115.00019597779213,115.47601359454102,1444300
2024-09-17,118.00382232666016,119.27267941141164,117.26035066953375,117.73616829482316,1218600
2024-09-18,118.31111907958984,120.21440466738093,117.92451443091305,118.67790114553293,1204000
2024-09-19,119.0347671508789,120.94796779565362,118.85633365581756,120.93805272287673,1219400
2024-09-20,121.15613555908203,121.2056957956119,118.61842153402797,118.73737215208715,3193700
2024-09-23,121.85004425048828,122.08796062209615,120.71996795579723,121.65178817046639,1321000
2024-09-24,121.8797836303711,122.66290801461,120.58118889299234,122.52412724403447,1693400
2024-09-25,120.62083435058594,122.32586378685241,120.09544895608195,121.78064824747035,1511300
2024-09-26,123.3667221069336,123.95159038543044,122.05821234778637,122.42499440592793,1619900
2024-09-27,120.1846694946289,123.60464365517063,120.045888723672,123.36672727954326,1302100
2024-09-30,122.4349136352539,122.60343206107348,120.06571791184068,120.2044986816903,1673000
2024-10-01,120.25405883789062,122.65299977860768,119.86745418457777,122.43491355099843,1366000
2024-10-02,121.94917297363281,123.09907942055837,120.2044982833098,120.2044982833098,1122500
2024-10-03,121.6418685913086,122.37542513579636,120.85874424715928,121.34448448229244,999200
2024-10-04,122.83649444580078,123.35416607431121,121.55228023817395,123.35416607431121,845000
2024-10-07,123.32428741455078,124.18043017205119,121.80115201428168,122.17945224374515,915900
2024-10-08,125.9823226928711,126.09182986043754,123.67273009585497,124.12070843941193,1222800
2024-10-09,126.69908142089844,126.92805301527144,124.83747483758336,125.4945102213504,1344400
2024-10-10,124.41936492919922,126.38052147394026,124.03110741340548,125.88276438645697,1438600
2024-10-11,126.36061096191406,126.78868234886109,124.43926835471053,124.43926835471053,891200
2024-10-14,126.29092407226562,127.22670979183225,126.09182428286299,126.55970954747619,824500
2024-10-15,124.81755828857422,127.67468656227982,124.67818691865395,126.72895118136798,1206500
2024-10-16,125.31531524658203,125.95244367859141,124.86733692866514,125.00670829846906,873900
2024-10-17,126.12168884277344,127.1769314008505,125.83298883071704,126.61944591283547,885200
2024-10-18,125.96240234375,126.7986381670197,124.55873136224851,126.7986381670197,1027500
2024-10-21,124.7578353881836,126.4103925548413,124.29989978174324,125.08635688688113,1127200
2024-10-22,119.21282196044922,123.56322162136745,117.88878629036492,123.44375718660295,1786600
2024-10-23,118.47614288330078,120.65631373956698,118.09784263975563,118.09784263975563,1524200
2024-10-24,119.30241394042969,119.54134280865749,117.69964312163091,118.44627874570955,1385700
2024-10-25,118.87435150146484,120.15855810583112,118.80465821772285,119.92959409845466,1158100
2024-10-28,119.86986541748047,120.27802227960582,118.67524385077638,119.3123723149504,1112300
2024-10-29,120.69613647460938,121.78125087506608,119.53138671246619,120.05900801009497,929800
2024-10-30,118.22726440429688,120.0789213594722,116.86340726349817,119.52142826215716,1587600
2024-10-31,114.79273223876953,117.67972474332734,114.68322507653261,117.64986053456637,1630200
2024-11-01,115.57919311523438,117.13220037839515,115.04161455435222,115.04161455435222,1901500
2024-11-04,114.9321060180664,116.14663450092884,114.73300622537464,115.46968457253848,1780700
2024-11-05,115.87784576416016,116.33578135061568,114.94206005543755,114.94206005543755,1413100
2024-11-06,120.58662414550781,120.95496710882472,118.29694619766914,119.83003887326726,2337700
2024-11-07,122.27900695800781,122.5079709631272,119.9893213357918,120.95497129302925,1619400
2024-11-08,123.4537124633789,124.45917629120419,122.44824104038338,122.44824104038338,1367600
2024-11-11,121.38304138183594,123.73245539832472,121.07443442383648,123.075412409483,1040500
2024-11-12,120.37757110595703,122.00026405712357,119.83999254500343,120.8155997693645,1369400
2024-11-13,119.14313507080078,121.48259182969483,118.97389948630216,119.96941364712264,1422900
2024-11-14,117.54035949707031,118.57569516069634,115.5493311274442,116.4652023546313,1466700
2024-11-15,116.68421173095703,117.70959008250439,116.15659045065948,116.27605488202069,1973000
2024-11-18,118.80465698242188,119.32232860228852,116.5647501078347,116.91318614224008,1651900
2024-11-19,121.65182495117188,121.74142517332018,118.16752545884503,118.22726147200062,2545200
2024-11-20,122.8962173461914,122.9659030320719,120.72599622069416,121.85093205798385,2421600
2024-11-21,126.11173248291016,127.46562473567234,123.00572560909409,124.43926841165076,4469400
2024-11-22,121.79119873046875,134.84238998015638,120.06896348637372,134.49396913824128,5663700
2024-11-25,125.61397552490234,125.73343995694877,122.64734002136265,123.14509709546748,4724700
2024-11-26,129.01864624023438,129.37703195941495,125.78321749897337,125.84295351561718,2670100
2024-11-27,121.88079833984375,128.50096899176717,121.5721913821485,128.34168308123398,1779500
2024-11-29,122.08985900878906,123.64285870652749,122.03013058815927,122.38851630227897,935200
2024-12-02,122.7369384765625,123.42384565938896,121.36313170607966,121.7812458194653,1799100
2024-12-03,124.11074829101562,124.29989841154497,121.54231993978983,122.92609160736782,1764600
2024-12-04,128.47109985351562,129.16795669743766,124.43926464107676,125.63387854356311,2445600
2024-12-05,128.21226501464844,129.65577273305738,127.9335222584839,128.42132967694232,1864300
2024-12-06,130.52186584472656,130.71101597097132,128.20231596298493,128.2819589208954,2100400
2024-12-09,127.02760314941406,130.41235275522493,126.87827450890458,130.39243821906624,1656800
2024-12-10,120.67622375488281,127.95342959670099,120.0789167973965,126.83845863477187,2392900
2024-12-11,122.10977172851562,124.39944976223778,120.77577879132936,121.76133569290606,2043800
2024-12-12,122.9559555053711,123.73245533164175,121.26357688346584,121.56223416826391,1207500
2024-12-13,121.40294647216797,123.77227498895519,120.97487508767726,123.18491769620276,885900
2024-12-16,125.53433227539062,126.62939631681549,122.12967571935017,124.27998232494461,2130800
2024-12-17,121.9405288696289,124.79765727912344,121.27353619685788,124.40940735944058,1608800
2024-12-18,117.80914306640625,122.99577856856058,117.41094347510266,122.3486928399367,1873800
2024-12-19,116.05704498291016,118.95398729861111,115.70861653877711,117.47067329634733,1620700
2024-12-20,117.91864776611328,119.28250488282899,114.5836768900945,115.41991272371564,3813600
2024-12-23,117.5503158569336,118.16752978583769,116.51498020131044,117.72950871262165,1457000
2024-12-24,118.30690002441406,118.3268145610602,117.02269343204125,117.47067176936476,441300
2024-12-26,117.81909942626953,118.7150636901348,116.91318548931764,117.96842806944213,733800
2024-12-27,116.43533325195312,117.22179033633066,115.11129761894396,116.54484041529494,995000
2024-12-30,115.96744537353516,116.30592414618512,114.01623848084918,114.61354547327623,2225400
2024-12-31,115.55928802490234,117.04260202886343,114.1456597098476,116.51498072783387,1378100
2025-01-02,115.4000015258789,116.80368016053323,114.28503050902256,116.45525171776562,1429100
2025-01-03,116.94000244140625,117.08000183105469,115.77999877929688,115.77999877929688,1091900
2025-01-06,118.0,119.51000213623047,117.16999816894531,118.55000305175781,1212200
2025-01-07,117.18000030517578,119.30000305175781,116.5199966430664,118.91000366210938,1374000
2025-01-08,118.08999633789062,118.12999725341797,115.62000274658203,116.87000274658203,1117900
2025-01-10,116.27999877929688,117.56999969482422,115.62000274658203,116.79000091552734,1359900
2025-01-13,114.91999816894531,115.08000183105469,112.86000061035156,114.3499984741211,1421000
2025-01-14,116.69000244140625,117.94999694824219,115.54000091552734,115.54000091552734,1889900
2025-01-15,119.36000061035156,119.7300033569336,118.36000061035156,118.7300033569336,1257600
2025-01-16,119.9800033569336,121.55999755859375,119.5,120.0,1206900
2025-01-17,122.08999633789062,122.75,120.25,121.70999908447266,1876200
2025-01-21,123.66999816894531,124.30000305175781,122.4000015258789,122.8499984741211,1301600
2025-01-22,126.05000305175781,127.19000244140625,124.31999969482422,125.0,1483600
2025-01-23,126.30000305175781,126.30000305175781,124.0999984741211,125.3499984741211,1088200
2025-01-24,126.0,126.62000274658203,124.94999694824219,126.55999755859375,912600
2025-01-27,119.93000030517578,122.05999755859375,118.12999725341797,121.91000366210938,2044497
