Price,Close,High,Low,Open,Volume
Ticker,PARAA,PARAA,PARAA,PARAA,PARAA
Date,,,,,
2020-01-28,35.34377670288086,35.805439084960696,35.01883669445442,35.45918975835176,40300
2020-01-29,34.72230529785156,35.610116720914064,34.4914724312855,35.610116720914064,56700
2020-01-30,34.05644607543945,34.4382052509513,33.488247317486504,34.4382052509513,91000
2020-01-31,33.71907424926758,34.33521553529271,33.37282836892994,33.81673403843593,71000
2020-02-03,32.61818313598633,33.77233695345706,32.183154182393814,33.683553806432684,103700
2020-02-04,33.04434585571289,33.44385833029763,32.56403949830209,32.964442683449505,88300
2020-02-05,34.26950454711914,34.402677556870124,33.31954701197109,33.31954701197109,79800
2020-02-06,34.091957092285156,34.84659538282572,33.84336761205444,34.84659538282572,43700
2020-02-07,34.43819808959961,34.731174031550225,33.914389333524475,34.18073202258804,51300
2020-02-10,33.67469024658203,34.39381877612119,33.426104111955595,34.3316688557325,95300
2020-02-11,34.766693115234375,34.784449749042935,33.44385268371526,33.603659001260695,61600
2020-02-12,34.83771514892578,35.201717628137814,34.287269732180825,35.02415469972754,57800
2020-02-13,34.34941482543945,34.837713705012035,34.28726831108131,34.61576090038124,31300
2020-02-14,34.60688781738281,34.60688781738281,33.852249485307354,34.40269160266512,48700
2020-02-18,34.68679428100586,35.17508991805847,34.500354682869194,34.535867954913904,35300
2020-02-19,35.05967330932617,35.38816257560425,34.26951832673906,34.26951832673906,58600
2020-02-20,29.91924476623535,34.1363489033933,29.315532745135258,34.1363489033933,318200
2020-02-21,29.120216369628906,29.73280846891832,28.872517558495392,29.18236290336376,134800
2020-02-24,27.726350784301758,28.409965997525028,27.371226548005883,28.409965997525028,176900
2020-02-25,26.527801513671875,28.04595975240368,25.941846177562255,28.001569863721258,161500
2020-02-26,25.915218353271484,27.120866203192833,25.62224062381145,26.66985847259765,160400
2020-02-27,25.125059127807617,26.35467798225313,24.54354380971091,25.35589026915072,131200
2020-02-28,26.634342193603516,26.714245355653595,24.539106732496293,24.539106732496293,227800
2020-03-02,25.90633773803711,26.589952943953698,25.02296462216231,26.589952943953698,149300
2020-03-03,25.142818450927734,26.199314485770063,24.805450865701182,26.021751529314496,185500
2020-03-04,25.55121421813965,25.595604113427957,24.690036025272438,25.595604113427957,114600
2020-03-05,23.52700424194336,24.99189284663644,23.455979391211756,24.99189284663644,262000
2020-03-06,23.269535064697266,24.00642012330575,22.603676540922574,22.994314015679482,184400
2020-03-09,21.023374557495117,23.083096767334077,20.87244654935868,21.47615858190442,161300
2020-03-10,21.902307510375977,21.936931762438604,20.626522272811158,21.902307510375977,137300
2020-03-11,21.200931549072266,21.671472113286086,20.623854584931326,21.31634795791978,223100
2020-03-12,18.209012985229492,19.931367666935568,17.827253791995915,19.904732713907894,173700
2020-03-13,18.370710372924805,19.69124487789037,17.274754957570075,19.430730323940296,142300
2020-03-16,16.20574951171875,16.870508398684674,15.57692265769987,16.843558088912893,194700
2020-03-17,15.172677040100098,16.35846329151188,14.436052351399768,16.34948156806319,205200
2020-03-18,13.295185089111328,14.658840407927352,11.786001662136893,14.37317288407541,192300
2020-03-19,15.657771110534668,15.774552353690504,12.585506196303982,13.322130826680683,241200
2020-03-20,14.66961669921875,16.160832963521752,14.319270368793898,15.8554029611064,328200
2020-03-23,13.43891429901123,15.189746432763274,12.720255610838516,14.741482689426187,169400
2020-03-24,15.40623950958252,15.58590479963974,13.717392979388455,14.382151811135863,224400
2020-03-25,16.07998275756836,16.969322399402596,14.975045782569635,15.675738400415684,232500
2020-03-26,15.729639053344727,16.448296910422158,14.615718518166965,16.304565339006672,166800
2020-03-27,14.202489852905273,14.948097167068987,13.771294281012576,14.948097167068987,124600
2020-03-30,15.43319034576416,15.603872205823535,13.76230891660929,14.310286527980566,170100
2020-03-31,16.01710319519043,16.771694848894676,15.487092350007313,15.487092350007313,212800
2020-04-01,14.588768005371094,15.738622274297681,14.274355411400453,15.469124296538165,117700
2020-04-02,15.145730972290039,15.514043378149099,14.400122722207596,14.59775322597578,201000
2020-04-03,14.516904830932617,15.397261280396359,14.022826829615594,15.334378921636915,73800
2020-04-06,16.044050216674805,16.08896568379578,15.037927647061698,15.10080998639716,154700
2020-04-07,16.062015533447266,18.244940839934895,15.891335385976694,17.077121549151393,228100
2020-04-08,17.211872100830078,17.427469459786856,16.062017806311758,16.618978935345062,86300
2020-04-09,17.57120132446289,18.433592488038684,17.00525846197216,17.93951369964578,204500
2020-04-13,17.023225784301758,17.732900240458065,16.466264631383602,17.732900240458065,144300
2020-04-14,16.85254669189453,17.55862823290439,16.26414426544241,17.274758060595406,323700
2020-04-15,15.801506042480469,16.22820992723684,15.442177086575594,16.17880187453449,138600
2020-04-16,15.118778228759766,15.72065479516855,14.921147756735762,15.72065479516855,121500
2020-04-17,16.277616500854492,16.295581661955598,15.1457291075427,15.1457291075427,157100
2020-04-20,15.873371124267578,16.43751833086306,15.298444820513703,15.828455649317634,57800
2020-04-21,15.370309829711914,15.900320631661666,15.316409206404328,15.711671876916023,158600
2020-04-22,15.532008171081543,15.936252562748239,15.38827488995144,15.873370216050004,89000
2020-04-23,15.819475173950195,16.486029925321763,15.316412850548131,15.702692175747057,112000
2020-04-24,16.708818435668945,16.85255006713746,15.6667632508141,15.927276190319711,117400
2020-04-27,17.876628875732422,18.15510854962985,16.708809561905568,16.843557680667853,129600
2020-04-28,18.02934455871582,18.730935031581748,17.580183003338085,18.14612752262663,91900
2020-04-29,19.457677841186523,19.987688597242816,18.64918740914965,18.64918740914965,140200
2020-04-30,17.634082794189453,19.269032376990157,17.634082794189453,18.864786271519982,135900
2020-05-01,17.54425048828125,17.54425048828125,16.681859434653283,17.490349869456477,82800
2020-05-04,16.825590133666992,17.472383819271336,16.547110470929134,17.292718525844524,76300
2020-05-05,15.954216957092285,17.166953370411655,15.837434005592584,17.166953370411655,92300
2020-05-06,15.514043807983398,16.174310268606007,15.44217801249333,15.963205458150266,75400
2020-05-07,17.490358352661133,18.029352808425745,17.00526454186428,17.068146914243858,201900
2020-05-08,18.730039596557617,18.99055244100711,17.75535800579956,18.09222921540162,98500
2020-05-11,18.882755279541016,19.206150487044248,18.1730790838392,19.0893692174989,100000
2020-05-12,19.116313934326172,19.466659353788202,18.699491434460526,19.21512829857064,103300
2020-05-13,17.57120132446289,18.93665300063217,17.180431211947493,18.93665300063217,104000
2020-05-14,18.164094924926758,18.20002867623222,16.807626654625885,17.301705454582546,86400
2020-05-15,18.370710372924805,18.40664241043294,17.703256198915728,17.966464242111083,94600
2020-05-18,20.167354583740234,20.59854926700694,19.358862410845955,19.664292406513713,124800
2020-05-19,20.71533203125,21.218394245228474,19.761312568269744,20.14938918229358,80500
2020-05-20,21.038728713989258,21.70348765430745,20.85906339458846,21.26330950653252,99000
2020-05-21,21.173479080200195,21.55077492000647,21.002797180107542,21.020764056625854,61200
2020-05-22,20.769237518310547,21.371114257788058,20.275158626055816,21.28128157615848,81300
2020-05-26,22.83537483215332,23.015040149806023,21.06567882096066,21.64060509598458,168900
2020-05-27,23.356403350830078,24.254726556631237,22.952157222853344,23.52708523968865,144500
2020-05-28,22.79046058654785,23.572000819561797,22.64672729663743,23.572000819561797,71500
2020-05-29,22.035869598388672,22.628762797142123,21.739422999011946,22.50299637896537,111400
2020-06-01,23.32046890258789,23.347419214785372,21.946035535410637,22.17061633014318,108900
2020-06-02,22.93419075012207,23.509117020681742,22.745541996710028,23.491150146372892,96600
2020-06-03,24.227773666381836,24.587104281210692,23.365384302989433,23.365384302989433,113200
2020-06-04,25.287797927856445,25.503395291871072,23.89539764273114,24.263710020433074,113400
2020-06-05,25.56627655029297,27.575826752790253,25.476445604185102,26.626298163154278,155800
2020-06-08,28.53074836730957,28.602614163160094,26.150191952168278,26.222057748018802,240400
2020-06-09,26.410703659057617,27.83903778806175,26.320870989837953,27.83903778806175,120700
2020-06-10,24.470327377319336,26.16815792784186,24.19184762393669,26.16815792784186,126500
2020-06-11,23.464202880859375,23.67081680689845,22.47604701215589,22.664694062865777,166800
2020-06-12,23.482336044311523,25.567641085655083,22.82954584829286,25.295643873668478,128900
2020-06-15,25.241241455078125,25.75803383465868,22.44874787283006,22.811409040140553,171300
2020-06-16,24.6337833404541,26.96388328486192,24.035391982330104,26.45615765085168,162300
2020-06-17,23.799665451049805,24.987381604592,23.763398464105556,24.878584102369494,124700
2020-06-18,24.570322036743164,24.71538652830802,23.391670881147277,23.437004615577013,188200
2020-06-19,23.68179702758789,25.17777538923247,23.68179702758789,24.815114230243605,252700
2020-06-22,23.53673553466797,23.890331748432395,23.210341291053705,23.563935775512974,142500
2020-06-23,23.672731399536133,24.162323554948127,23.627397671707776,23.817795869977086,255000
2020-06-24,23.53673553466797,23.82686624909921,22.249288595497266,23.210341291053705,146000
2020-06-25,22.89301109313965,23.22847379876504,22.403417154546656,23.22847379876504,96200
2020-06-26,22.077016830444336,23.006336480341034,22.040749854202218,22.602875880822804,220600
2020-06-29,23.183137893676758,23.40073460289414,21.88662265478137,22.276484073951863,82200
2020-06-30,23.210336685180664,23.400733145397837,22.60287859462784,23.101537472695984,118400
2020-07-01,23.745262145996094,23.990057343701682,23.0924703406351,23.301002016961412,114700
2020-07-02,23.219406127929688,24.28925796955295,23.201272635524713,24.225790746135537,135700
2020-07-06,23.436996459960938,23.99005399310932,23.137800834059504,23.76339058775052,83400
2020-07-07,22.874876022338867,23.20127195888942,22.548481815093275,23.20127195888942,83600
2020-07-08,22.711681365966797,22.802347109263724,22.176755382750663,22.548485103198587,72700
2020-07-09,22.06795883178711,22.811414846331747,21.596498329630165,22.775149585022525,87700
2020-07-10,22.88394546508789,22.976423517666518,21.805026781579773,22.20395500334251,95400
2020-07-13,23.391672134399414,23.844999127153706,22.54848538049283,23.273807877177603,120500
2020-07-14,23.99005699157715,24.026323971033673,22.968259228586692,23.201269210750105,168100
2020-07-15,24.751651763916016,25.005515488574975,24.026329306754906,24.026329306754906,79700
2020-07-16,25.10525131225586,25.35730102932311,24.25299601481932,24.65192428394148,69300
2020-07-17,24.78791618347168,25.19591110417345,24.416188246523387,25.08711188221799,62300
2020-07-20,24.24392318725586,24.81511606810891,23.908462238835444,24.796982576490255,97100
2020-07-21,24.18045997619629,24.769784674938403,24.076194983513886,24.36179145087314,59000
2020-07-22,24.3708553314209,24.479654557012946,23.874010434248124,24.13512684636401,45000
2020-07-23,24.425254821777344,24.642851534862725,24.14419088756689,24.334589092332195,57900
2020-07-24,24.252992630004883,24.73351983550436,23.863131163375797,24.216725642734673,63000
2020-07-27,24.026323318481445,24.080722056884007,23.654595435671958,23.74526115254604,76300
2020-07-28,23.763399124145508,24.089795098489063,23.582069372303106,23.808732859084984,54300
2020-07-29,24.50685691833496,24.56578818005085,23.545802485165233,23.89939870198643,32500
2020-07-30,24.86044692993164,25.04177837920836,23.67998365674675,24.08979086446288,52400
2020-07-31,25.15057945251465,25.29564394090438,24.443388774635885,24.932982719930056,56700
2020-08-03,25.29564094543457,25.32284118227605,24.52498486130831,25.159643219836973,82100
2020-08-04,25.97563362121582,26.111631358952067,25.132445226223993,25.132445226223993,72800
2020-08-05,25.159645080566406,26.292962426537866,25.15057833428203,26.292962426537866,75700
2020-08-06,26.00283432006836,26.628425999878104,25.204977913785335,25.467908376786927,137400
2020-08-07,25.39537239074707,25.921231509945947,24.860446526301075,25.785233789848878,81500
2020-08-10,25.703638076782227,25.966566805126213,25.2412443862755,25.558573593012085,118400
2020-08-11,26.07536506652832,27.190548892683733,25.875901841060642,26.020966319456225,105000
2020-08-12,26.120697021484375,26.787088156836354,25.758035826134822,26.510558454974515,93600
2020-08-13,26.537757873535156,26.864152074617053,25.631104048509467,25.96656499535821,80700
2020-08-14,27.526012420654297,27.97933936181498,26.41082683112718,26.537759550579604,133900
2020-08-17,27.462547302246094,27.544144561813535,26.85508912358692,27.544144561813535,58700
2020-08-18,27.308412551879883,28.577727495108558,26.755353193970418,27.471608779289628,154000
2020-08-19,27.634809494018555,27.743608719121628,27.217749544617647,27.24494805391465,55400
2020-08-20,27.018280029296875,27.462541871665543,26.904042159187362,27.462541871665543,53000
2020-08-21,26.97295379638672,27.353748507390264,26.764423812321827,27.19961727366728,66900
2020-08-24,27.798011779785156,27.879610778946006,26.991090265089287,27.018288778606045,54700
2020-08-25,27.7889347076416,28.039172006577935,27.29934262388193,27.834268428835323,35500
2020-08-26,27.90680503845215,27.924936800474047,27.426277894121082,27.725473583793843,34000
2020-08-27,28.3873348236084,28.72279754757809,27.852408852251845,28.07000559375711,49000
2020-08-28,28.314804077148438,28.514269064412293,28.13347431426934,28.514269064412293,27300
2020-08-31,27.689208984375,28.341999123812847,27.689208984375,28.341999123812847,70000
2020-09-01,27.752674102783203,27.8705383389953,27.299347190836034,27.390011189781525,40600
2020-09-02,28.16973304748535,28.26946551800675,27.535076430516554,27.90680434698103,54100
2020-09-03,27.934003829956055,28.858791145360698,27.62574139148784,28.106268540701215,92500
2020-09-04,28.269466400146484,28.47437001140259,27.68014176267689,28.106268435766154,57700
2020-09-08,28.206003189086914,28.62850354389614,27.852406994582594,27.86147374103707,46600
2020-09-09,28.296667098999023,28.56866430379512,27.88867388576247,28.314800591846442,26300
2020-09-10,29.076387405395508,29.18518489416749,28.36013179484776,28.36013179484776,75300
2020-09-11,28.813457489013672,29.520648053534522,28.65932627864265,29.09451967405325,44000
2020-09-14,29.72701072692871,29.927989985202547,28.959626189619538,28.959626189619538,46400
2020-09-15,30.001075744628906,30.59488649132224,29.653924685719222,29.653924685719222,53000
2020-09-16,30.430448532104492,30.978578881349183,29.79096080136717,30.375634103208913,67600
2020-09-17,30.055891036987305,30.40303862098061,29.57170564259216,30.065025032386007,54300
2020-09-18,30.156389236450195,30.311695090747982,29.62287450861093,30.074169310040507,95700
2020-09-21,29.014440536499023,29.489486723884205,28.63988398401215,29.45294725614795,71900
2020-09-22,29.20628547668457,29.663063667443268,28.831728928479915,29.23369269086925,42700
2020-09-23,28.29273223876953,29.599114886390552,28.17397113032972,29.206285124338034,86300
2020-09-24,28.219650268554688,28.891112249167286,27.726332578128435,28.247057484536583,80100
2020-09-25,29.032712936401367,29.075648990437184,28.027804358203554,28.201379903951597,63300
2020-09-28,29.151472091674805,29.471214203842106,28.886542664098492,29.215420514108263,57500
2020-09-29,28.228788375854492,29.15147714843209,28.21051689700009,29.07839297547862,74500
2020-09-30,27.671520233154297,28.76321575096428,27.415724774863754,28.76321575096428,56200
2020-10-01,27.342636108398438,27.7171926242014,26.73512264833771,27.7171926242014,71700
2020-10-02,27.38831329345703,27.826818231556302,26.74882736101153,26.840181249601077,39900
2020-10-05,27.826818466186523,28.164833781194623,27.534481838322083,27.85422567847272,27400
2020-10-06,27.899904251098633,28.872836760004525,27.79027714486757,27.91817398341736,44100
2020-10-07,28.247055053710938,28.35668216574048,27.96385414945838,28.146563679555843,21900
2020-10-08,28.831729888916016,28.831729888916016,28.137429455283826,28.24705657321056,30100
2020-10-09,28.201377868652344,29.257445112019532,28.201377868652344,29.224556107456486,24400
2020-10-12,27.781143188476562,28.14656399523369,27.424858119696342,27.424858119696342,49400
2020-10-13,26.940675735473633,27.698924598769057,26.71228750264412,27.40658793954151,52400
2020-10-14,26.76710319519043,27.187338496848604,26.740610770555787,26.949814498948616,37300
2020-10-15,27.2786922454834,27.34264067459782,26.776237066436938,26.785372805233855,31400
2020-10-16,27.443126678466797,27.461396410014704,26.89956165263625,27.296956628837858,32500
2020-10-19,26.675745010375977,27.659641163480472,26.433652310327666,27.625839107237447,67100
2020-10-20,26.840185165405273,27.118819096659937,26.53871275867124,26.84932090408982,38300
2020-10-21,27.543617248535156,27.689785560730908,26.58438748194256,26.840181157053266,40900
2020-10-22,28.10088539123535,28.575933283246957,27.625837499223746,27.76287007587147,49500
2020-10-23,28.164833068847656,28.356680065071327,27.726328138141696,28.356680065071327,22700
2020-10-26,27.68065071105957,28.228782770602724,27.379178339680404,27.909038923997237,34900
2020-10-27,27.05030059814453,27.543618233836423,27.05030059814453,27.543618233836423,26500
2020-10-28,26.429086685180664,27.095066858354215,26.328595304754234,26.61179622668043,78200
2020-10-29,26.84931755065918,26.949808921173997,26.264644287584826,26.264644287584826,66200
2020-10-30,27.2786922454834,27.2786922454834,26.4930361335885,26.4930361335885,48400
2020-11-02,28.10088539123535,28.137426598524996,26.94067287352138,27.370042078341246,36300
2020-11-03,28.585073471069336,28.941358574315867,28.365819223340985,28.60334320632668,31800
2020-11-04,28.29273223876953,28.521120460161658,27.982124118279135,28.32013945262357,27700
2020-11-05,29.61738395690918,29.61738395690918,28.429767601831298,28.429767601831298,33900
2020-11-06,27.753734588623047,29.8549071718632,27.616702010740024,29.8549071718632,52600
2020-11-09,27.863365173339844,29.663065612827594,27.582905140558456,29.553436748899106,71400
2020-11-10,28.959627151489258,28.996168360808063,27.744601884137655,28.164835374855063,47700
2020-11-11,28.877405166625977,28.97332779443117,28.31100165215316,28.31100165215316,18000
2020-11-12,27.863365173339844,28.6855624856997,27.74460405567861,28.6855624856997,35500
2020-11-13,28.95049285888672,29.06925397318175,27.9729915019294,27.9729915019294,37300
2020-11-16,30.202068328857422,30.734669981442742,29.22456499678196,29.22456499678196,72500
2020-11-17,30.905494689941406,31.106473947851867,29.34331666275704,29.94626140634357,57700
2020-11-18,31.024255752563477,31.54498062853072,30.754759318917166,31.280052935179636,22200
2020-11-19,31.782501220703125,31.83731215571503,30.7227801630375,30.7227801630375,41100
2020-11-20,32.33063507080078,32.33977255093564,31.517573585177374,31.718556329013303,49000
2020-11-23,32.88790512084961,33.5456643384435,32.44940013742962,32.44940013742962,49000
2020-11-24,32.58642578125,32.974688498206575,32.33976959896486,32.88789986948537,56400
2020-11-25,32.82395553588867,33.043206277390745,31.75509684505105,33.043206277390745,47900
2020-11-27,33.21678161621094,33.271592555921075,32.56815994017269,32.56815994017269,24500
2020-11-30,33.32640838623047,33.518253653162766,32.641243731534296,33.015800270037765,50000
2020-12-01,34.16688537597656,34.952538069613375,33.646160417611924,33.71924284926098,96800
2020-12-02,34.07551956176758,34.36785618599754,33.344678001192676,34.12119650587961,36000
2020-12-03,34.23996353149414,34.72414547110199,33.99330382124263,34.24910101238932,48900
2020-12-04,34.57797622680664,34.69673908080838,34.093794300001704,34.4318079006998,29000
2020-12-07,34.349578857421875,34.623647445241495,33.86996579859126,34.623647445241495,47200
2020-12-08,34.349578857421875,35.03931209622803,34.09378522604555,34.25822498476657,32300
2020-12-09,33.984169006347656,34.57797630789327,33.80237077813564,34.57797630789327,36000
2020-12-10,33.655296325683594,34.21713301525644,33.518261966784316,34.02071895946267,29500
2020-12-11,33.44517135620117,33.54566273017439,32.79654965046376,33.408628404769516,27700
2020-12-14,32.51640319824219,33.72105274769602,32.434559797278006,33.656682321752314,90300
2020-12-15,32.94858932495117,33.40837983068865,32.571557742640195,32.847434852421216,26300
2020-12-16,33.66587448120117,34.2911900927708,32.80146574924782,33.679667640468594,47100
2020-12-17,34.1440544128418,34.1440544128418,33.35321393909517,33.55552294621852,87500
2020-12-18,33.445159912109375,33.9141481854852,33.054338689578266,33.9141481854852,84900
2020-12-21,32.8658332824707,33.05158837420079,32.373857486012156,32.792265103448486,38900
2020-12-22,33.05894088745117,33.78541079046086,32.29292967109235,33.78541079046086,51400
2020-12-23,34.09807205200195,34.35555366148077,32.77847178757535,32.875027391129905,60600
2020-12-24,34.052093505859375,34.1256616916957,33.48655298592038,33.94174473502906,17600
2020-12-28,34.63143539428711,34.802478292451205,34.052098129890815,34.052098129890815,46900
2020-12-29,34.45671463012695,34.67833126797617,34.17164314610111,34.6038475071896,41700
2020-12-30,34.585453033447266,35.05443794996622,34.18083501895913,34.18083501895913,56500
2020-12-31,34.778564453125,35.01765755534094,34.16244666649981,34.576255444776784,48300
2021-01-04,34.32797622680664,35.27514397057913,34.06129677206059,35.10042125502322,37000
2021-01-05,34.38313674926758,34.56705367075351,33.76058205676858,34.20841760321387,51800
2021-01-06,37.187862396240234,37.92353016121619,35.13719674499088,35.256743282988054,109200
2021-01-07,37.380977630615234,37.7028296512982,36.748306010012755,37.63845924716161,46400
2021-01-08,37.390174865722656,37.555699777470394,36.884405861126446,37.50972141485696,28300
2021-01-11,38.20859909057617,38.502864801121355,37.02233847173368,37.02233847173368,46800
2021-01-12,38.778743743896484,39.65970284326421,38.01549304952085,38.107449781109665,55300
2021-01-13,40.02017593383789,40.2776575581682,38.84311307070043,38.935069791411536,38500
2021-01-14,42.5030403137207,43.2754885916533,39.80866736259412,40.02017059837139,134400
2021-01-15,42.16279983520508,42.732942748430474,41.6018582070433,42.30993269811908,74300
2021-01-19,40.43398666381836,41.72139824470867,40.20409136281038,41.38115418143557,101800
2021-01-20,40.36042404174805,40.92136921472339,40.02937420143969,40.45238427956947,57600
2021-01-21,41.73978805541992,42.30073312111996,40.79262058850435,40.79262058850435,43500
2021-01-22,42.30073547363281,42.48465241640731,40.622499071191946,41.48230876160644,47700
2021-01-25,43.98357009887695,47.22049280787006,42.429475639265135,42.429475639265135,296000
2021-01-26,47.61591720581055,47.87340234770607,44.001962521345,44.001962521345,188600
2021-01-27,51.533329010009766,53.96102270933807,47.83661232860577,47.937766817398405,499900
2021-01-28,46.34689712524414,51.50574507146163,44.28703354966532,50.49420708387172,246800
2021-01-29,44.746829986572266,48.82977006698674,44.4571631135852,46.98141302939984,124300
2021-02-01,48.167667388916016,48.32399451933807,44.78360807092726,44.94913297838833,177600
2021-02-02,46.254940032958984,47.919383497193955,45.841127734345385,47.00899644024404,92900
2021-02-03,47.937774658203125,48.16766998563447,45.31696582073119,45.92388934483298,57200
2021-02-04,47.91018295288086,47.919380730054684,45.61122976880934,46.45724636466822,129200
2021-02-05,49.71257019042969,50.43903680766241,46.87198268930592,47.75386088753492,76300
2021-02-08,50.18155288696289,50.83445478922438,48.64585374998802,48.912529669609675,74100
2021-02-09,50.60455322265625,50.990779157715835,48.45273303567839,49.979237714787544,72500
2021-02-10,52.0574951171875,52.581656148987314,50.21833261741998,50.57696874360679,75400
2021-02-11,52.6368408203125,53.115020060801236,51.81841042857587,51.928762722157565,75100
2021-02-12,53.57480239868164,54.108161210642734,52.425325829376625,52.425325829376625,69100
2021-02-16,54.503578186035156,54.733473486208446,52.79315659147803,53.42766635710372,108800
2021-02-17,56.112850189208984,56.32435346289426,53.8690731263562,53.8690731263562,90800
2021-02-18,57.18876647949219,57.88305142449403,56.51747247285171,56.655411087170506,90700
2021-02-19,57.630157470703125,58.485368346736635,57.28991337733283,57.4278519733089,244500
2021-02-22,60.692359924316406,61.70389785321877,58.24627404344122,59.02792017752389,171800
2021-02-23,59.2302360534668,61.47400969836268,58.200302451714656,61.152157640267845,155300
2021-02-24,60.260162353515625,60.7659348823002,58.742855290934884,58.742855290934884,141900
2021-02-25,57.43705368041992,62.320028693009505,56.995655027232004,61.5843677789543,235100
2021-02-26,59.09229278564453,59.60266065740466,56.250783089511664,57.58417659674152,228100
2021-03-01,61.6947135925293,62.32922701217994,59.3038033233731,59.827964447826,98000
2021-03-02,63.12005615234375,63.543062683522706,61.52918452593683,61.65792533908485,111400
2021-03-03,65.06037139892578,66.60526813115256,63.48788835259908,63.48788835259908,195900
2021-03-04,66.05352020263672,66.46732894207892,64.3430985854726,65.29026611216983,244100
2021-03-05,68.2605209350586,68.68352747844736,64.315516434686,65.73167243603886,209800
2021-03-08,76.95057678222656,77.9988990843885,68.24213924154908,68.50881870660429,284000
2021-03-09,73.2078628540039,77.41954660413995,70.90890976102764,77.01492861470474,373700
2021-03-10,76.14134216308594,76.68389181746477,72.67451638185608,73.56651145579346,150600
2021-03-11,79.33226776123047,80.23346043243025,76.24248135560458,76.32524029675312,184500
2021-03-12,87.38262939453125,87.78836918692026,79.10174835178427,79.10174835178427,370500
2021-03-15,88.87649536132812,93.69286712443916,86.56191223722608,87.25352225404035,403100
2021-03-16,88.6459732055664,91.29253716939058,87.09676623279017,89.41135677134643,197000
2021-03-17,84.84671783447266,87.78836095396143,79.54437443461188,86.63567760616561,377300
2021-03-18,89.10704040527344,90.3611605830892,82.9563230997083,83.73093004973407,417100
2021-03-19,89.68798828125,90.89599818360487,88.10189486218876,88.10189486218876,204400
2021-03-22,92.4452133178711,92.47287659519154,89.0332730968664,90.97900333651515,171100
2021-03-23,84.08131408691406,88.5998331255721,83.39892767981817,85.69507038390486,279700
2021-03-24,64.8730239868164,78.43780215527768,64.76237087687399,77.8015256668442,359300
2021-03-25,61.368865966796875,64.70703253268512,59.745885797801215,61.728502618531564,280900
2021-03-26,45.65548324584961,61.0829976812811,37.60514268133588,61.0829976812811,1314900
2021-03-29,43.37777328491211,47.05713594165788,41.71791024710222,46.116546066099986,1948500
2021-03-30,45.48949432373047,47.03869740463122,44.03250097977322,46.08888751439971,1516900
2021-03-31,43.49765396118164,46.33786721213794,42.73227410310586,46.227210603754365,834700
2021-04-01,43.78352737426758,45.47105761936936,43.49858577260968,44.26304410755807,550900
2021-04-05,43.11957550048828,44.31836895115704,42.049885534780834,44.31836895115704,450500
2021-04-06,43.276344299316406,44.67339596719055,42.67694754572393,43.11957753332788,565900
2021-04-07,43.866519927978516,45.18519004121028,43.46077663071899,44.36448000941792,406000
2021-04-08,42.879817962646484,44.309144524526,42.56813125031336,44.00483796819394,250200
2021-04-09,43.21179962158203,43.80197301089509,42.418752810551034,43.05503283633338,317500
2021-04-12,41.459720611572266,43.737424406187344,41.141582347426706,43.700537688755375,313000
2021-04-13,41.93922805786133,42.52018141622369,41.312168071818505,41.51504145486477,212300
2021-04-14,41.24761962890625,42.91393790979156,41.12773957829491,41.828573008950094,212000
2021-04-15,39.73529815673828,41.79998298387654,39.347994745567206,41.43204808508872,354900
2021-04-16,40.86954116821289,41.229177815788866,39.26500789168771,39.26500789168771,199000
2021-04-19,39.836734771728516,41.572214686094405,39.53242469798453,41.01708132215567,143500
2021-04-20,39.03446578979492,40.479467177853174,38.4442890332453,39.615415593065826,162700
2021-04-21,41.634925842285156,41.68103247477316,38.8223755302792,39.15434891252978,175200
2021-04-22,41.865455627441406,43.345500448128405,41.478152239365464,42.87981544596078,235600
2021-04-23,42.916709899902344,43.11035987004128,42.00378308427349,42.44641309503849,163900
2021-04-26,42.547847747802734,43.44233116348563,42.095997839259134,43.14724450386641,151200
2021-04-27,43.488441467285156,43.949514851593825,42.84293802571087,42.84293802571087,188800
2021-04-28,42.667728424072266,43.63598175990869,42.47407846044708,43.47921850870083,123100
2021-04-29,42.704620361328125,43.51610702753021,42.09600360282109,43.11036369442917,155800
2021-04-30,41.681034088134766,43.081775939624464,41.574985663367976,42.55707421015839,108800
2021-05-03,40.56523513793945,42.35419848090408,40.428755005289474,42.35419848090408,98700
2021-05-04,40.36235427856445,40.583667477153796,39.47709444878737,40.583667477153796,111500
2021-05-05,39.8459587097168,40.68511207963347,39.47710213435408,40.574455458795704,100500
2021-05-06,40.113372802734375,41.40437931151547,39.37381302540447,40.712769435606255,160300
2021-05-07,40.86954116821289,41.39055278358443,40.11338116107611,40.141044436209505,108200
2021-05-10,40.5928955078125,41.450492164279055,40.40016719778646,40.869538796221974,85200
2021-05-11,40.804988861083984,40.934088827980325,39.19215387954984,39.69841218842779,73000
2021-05-12,40.00272750854492,41.70316425167098,39.855184167377516,40.39925089750309,91700
2021-05-13,39.67997741699219,41.65798281178786,39.440220786279546,40.41769770348562,71200
2021-05-14,40.602115631103516,40.68510896981577,39.7906291167062,40.1133790351926,110400
2021-05-17,40.113372802734375,42.15131572616318,39.93816623387955,41.73634909707571,138700
2021-05-18,41.625701904296875,42.22509867256042,40.48316359458571,40.49146187372895,126800
2021-05-19,40.62056350708008,41.17385366597829,40.33470026680781,40.51267180297505,108200
2021-05-20,42.24353790283203,42.510957749009314,41.26606121985205,41.83779113894477,142200
2021-05-21,42.391090393066406,42.9536005154632,42.05911697540856,42.501747026382034,94400
2021-05-24,41.94845962524414,42.49252637983906,41.39516943269915,42.4371963052713,104000
2021-05-25,41.505821228027344,42.48329799190076,41.21995800367878,42.33575466128878,138300
2021-05-26,43.30400848388672,43.32245184013811,41.45510687049444,41.671808391599555,159100
2021-05-27,43.70975112915039,43.9347544256824,43.03197280163915,43.33167115622911,91400
2021-05-28,42.916709899902344,43.811189840991524,42.77838648253988,43.63598322768162,54000
2021-06-01,42.99970245361328,43.50872572540495,42.89826575177998,43.3408957543803,55000
2021-06-02,42.769168853759766,43.572357211619185,42.3357587393399,43.24868560386644,88200
2021-06-03,42.47407531738281,42.52940186420415,41.339835377312234,42.26198201324379,118900
2021-06-04,42.24353790283203,42.566287812551266,42.013001247972525,42.510957749009314,67900
2021-06-07,42.40030288696289,42.418746242236935,42.03144633461312,42.34497282114078,59100
2021-06-08,42.234317779541016,42.64006457525468,41.66996445444449,42.474077889319176,101200
2021-06-09,42.713836669921875,43.28556666315439,41.89773835368315,41.930013348840376,75000
2021-06-10,42.48329544067383,43.29478546916298,41.874678798734536,42.94436876086149,85800
2021-06-11,43.21179962158203,43.21179962158203,42.237091185423445,42.75994614167685,56000
2021-06-14,43.323020935058594,43.944038129267234,43.072759166463925,43.14690883725892,71300
2021-06-15,42.24781799316406,43.67523165293144,41.9623324325554,43.40643515792851,75800
2021-06-16,42.33124923706055,42.52589967326994,41.802919915535426,42.11806403151709,64700
2021-06-17,40.84821319580078,42.54813624006698,40.39403717257981,42.34051291516597,122300
2021-06-18,40.6721076965332,40.97798086276437,40.041819524870384,40.48672819854652,123800
2021-06-21,41.3209342956543,41.37654567014341,40.355107426467306,40.79260148726885,73500
2021-06-22,41.17263412475586,41.43216687648305,40.769437455160684,41.31166965374615,60100
2021-06-23,42.34051513671875,42.922602999091815,41.03359483279399,41.061400519318,134600
2021-06-24,43.489864349365234,43.703053078762096,42.080988594928385,42.470282373854886,114800
2021-06-25,44.98215103149414,45.065571607599594,43.350819642543925,43.74938422440122,300300
2021-06-28,45.92759323120117,47.45140777585177,45.250961090918175,45.297305079958434,196900
2021-06-29,44.490909576416016,46.12224137179055,44.426027282815994,46.07589738147908,138400
2021-06-30,44.90801239013672,45.047044360542586,43.67524174478318,44.37968312379086,76800
2021-07-01,44.685550689697266,45.389991980461424,44.268447759089455,45.019233034183515,76800
2021-07-02,43.823543548583984,44.68555517985149,43.452788100870684,44.68555517985149,61800
2021-07-06,42.91518783569336,43.86989097869316,41.98087930075782,43.693778870776256,69400
2021-07-07,42.60931396484375,42.94299633653568,42.173672697821544,42.84103744120541,44600
2021-07-08,41.24678039550781,41.94195085161188,40.55160993940375,41.94195085161188,60500
2021-07-09,42.45174026489258,42.47027856734467,41.32093210187202,41.73803153167537,71200
2021-07-12,42.98006057739258,43.45277835213276,41.60825830339919,42.349772568284955,89000
2021-07-13,42.21074676513672,42.98006682178352,42.09951695737956,42.62784970467748,79000
2021-07-14,41.83999252319336,42.56018952155552,41.42288953667592,42.35905441039505,55900
2021-07-15,41.51557540893555,42.13659257656537,40.88436093829584,41.54338109231618,58700
2021-07-16,40.7833366394043,41.80755410116366,40.579418824744856,41.76584556770335,72500
2021-07-19,40.078895568847656,40.40330703390412,39.6339833655991,40.11596863926855,88900
2021-07-20,41.01504898071289,41.01504898071289,39.85643177786789,40.20865239756212,89500
2021-07-21,41.64534378051758,42.14586734197279,41.024323020381736,41.05213224212014,56700
2021-07-22,41.14482116699219,41.86779730409315,40.67210681638458,41.63607382057928,59700
2021-07-23,41.487770080566406,41.56192329096151,40.86211739509136,41.283855823619234,32900
2021-07-26,42.850303649902344,42.93372424053863,41.497039433642165,41.497039433642165,124400
2021-07-27,42.0068359375,42.51662693203946,41.5711946245819,42.5073595477693,45000
2021-07-28,42.1365966796875,42.58150533619812,41.38581486874694,42.21074989034911,45300
2021-07-29,42.11804962158203,42.878102193766495,42.09951132277034,42.60003478322908,47900
2021-07-30,41.27457809448242,42.2385484556544,41.13554615166012,41.941942734650574,58700
2021-08-02,41.36726760864258,42.247817347571605,41.08920020051208,41.598991038054486,41200
2021-08-03,39.50421905517578,41.61753965998065,38.71543422928424,41.55265736651671,245700
2021-08-04,39.9954719543457,40.47745365582127,39.411527825493266,39.411527825493266,99100
2021-08-05,42.6649284362793,42.84011416922031,40.07889693940511,40.07889693940511,68800
2021-08-06,42.30344009399414,43.285948972045055,42.192213807968336,42.998610569340194,73800
2021-08-09,41.589725494384766,42.04390503047431,41.04285798888235,42.04390503047431,62900
2021-08-10,41.571189880371094,41.92341055138131,41.258828503887784,41.92341055138131,42600
2021-08-11,41.95121383666992,42.340511089896566,41.10774057980151,41.65460808936363,80000
2021-08-12,41.39508056640625,41.99756300312761,40.71844845786263,41.99756300312761,89200
2021-08-13,40.66283416748047,41.70095787525853,40.653566784294775,41.385813809650834,102500
2021-08-16,39.83790588378906,40.53307642197114,39.76375619834281,40.40331182057505,100300
2021-08-17,39.93059158325195,40.125238456941034,39.142729633460476,39.6154475104993,72100
2021-08-18,41.997562408447266,43.27667339978064,40.87601814157275,40.98724795146048,140800
2021-08-19,40.85749053955078,41.789016493909315,40.829681314293126,41.62681074582351,84000
2021-08-20,41.16335678100586,41.534115744736404,40.71844814602092,40.968709916166105,52300
2021-08-23,41.802921295166016,42.14216557262636,41.2838628769975,41.756577298661014,78300
2021-08-24,41.79364013671875,42.423928181766456,41.515572713508085,41.76583445514342,62700
2021-08-25,42.32197570800781,42.3497813937922,41.60456143537734,41.756569858260924,66700
2021-08-26,41.28386306762695,42.61858926656378,40.96871893978933,42.31271605956214,50000
2021-08-27,42.173667907714844,42.274700406822376,41.228235807243585,41.228235807243585,34300
2021-08-30,41.50630569458008,42.192208703026466,40.81020891864746,42.192208703026466,34700
2021-08-31,42.61858367919922,42.75483649673464,41.37654563653357,41.37654563653357,41600
2021-09-01,42.51662826538086,43.00232266172149,42.220948842827724,42.822504993188986,36500
2021-09-02,42.637115478515625,42.99860350053717,42.17366857114046,42.637115478515625,50300
2021-09-03,42.24781799316406,42.720532240627605,41.979017962342155,42.720532240627605,29900
2021-09-07,42.498085021972656,42.952264600716695,42.04390897904833,42.04390897904833,31200
2021-09-08,41.93267822265625,42.63711597429717,41.82144841780294,42.266357029758154,36000
2021-09-09,41.36726760864258,42.00682300092462,41.10310304054577,41.7565612728615,31500
2021-09-10,40.690643310546875,41.4924045478052,40.560875195459076,41.487769088311445,30400
2021-09-13,41.55265426635742,41.793645118983676,40.66283345586003,40.83894555568263,41200
2021-09-14,40.220062255859375,41.56197223313803,39.95913620454568,41.56197223313803,53600
2021-09-15,41.4594612121582,41.4594612121582,40.03367832146204,40.145506800436415,36600
2021-09-16,41.804264068603516,42.01859669161928,41.097897428092224,41.347639920543244,58200
2021-09-17,41.31968307495117,42.006480236561806,41.26376882777222,41.91608749212374,64800
2021-09-20,40.09891891479492,40.47167348618779,39.47455909579057,40.43439731807829,63200
2021-09-21,39.6516227722168,40.62078199018766,39.56775315614525,40.15484046864609,61100
2021-09-22,39.97776794433594,40.8444191113773,39.707521117011154,39.707521117011154,65800
2021-09-23,40.84442901611328,41.08951111779971,40.11755794032416,40.11755794032416,36300
2021-09-24,40.741920471191406,41.049439971710505,40.30393438197369,40.686006218892,29300
2021-09-27,41.07740020751953,41.55265892549952,40.6300932843192,40.6300932843192,58000
2021-09-28,40.732601165771484,41.27309496020307,40.58350004228194,40.92829572381691,35000
2021-09-29,40.56485366821289,40.93760817819135,40.415752575191604,40.73259284221815,67400
2021-09-30,39.204307556152344,40.73259471874031,39.13907604712851,40.73259471874031,172600
2021-10-01,39.595699310302734,39.93117411167521,38.682451093984234,39.493191639806746,117300
2021-10-04,39.09248352050781,39.7727575266066,38.97133776316535,39.7727575266066,56800
2021-10-05,39.55842590332031,39.819351951960236,38.952700656291,39.01793216845098,61200
2021-10-06,39.22294998168945,39.31613684637175,38.62654551608032,39.07384886528717,38000
2021-10-07,39.77275848388672,40.40643907698282,39.427962840683215,39.65161272362843,36800
2021-10-08,39.7913932800293,40.965563955637805,39.63297136741476,40.04765889785649,58900
2021-10-11,39.37205123901367,39.786738831580884,39.20431203810435,39.605021956404286,27300
2021-10-12,39.09248352050781,39.70752601608005,38.8781509066562,39.46057764696516,45200
2021-10-13,39.334774017333984,39.50251321374977,38.91542602629452,39.12044138965847,29900
2021-10-14,39.40932846069336,39.7727622207641,39.21363390601698,39.75412413629238,50900
2021-10-15,38.78496551513672,39.698210335558066,38.78496551513672,39.698210335558066,36900
2021-10-18,38.44948196411133,38.962020337331076,38.29106359773482,38.60790388533853,39700
2021-10-19,38.915428161621094,38.934066246117865,38.477445617925966,38.73837169117848,54400
2021-10-20,38.75701141357422,39.3534159232708,38.68245907243651,38.96202679685165,42400
2021-10-21,37.81580352783203,39.139075320432674,37.795299149790424,38.66381668424739,65200
2021-10-22,37.62942123413086,37.862391889398154,37.15415910666954,37.815798469314714,42900
2021-10-25,37.54555892944336,37.790644561283855,37.28462932769812,37.72261538200021,34900
2021-10-26,37.1262092590332,37.871714755228524,37.06097775029428,37.5641952932951,33500
2021-10-27,35.96135711669922,37.27531171236609,35.942719034260946,37.12621060771066,64000
2021-10-28,37.00506591796875,37.21939853992255,35.877488559270176,36.04522775120808,41300
2021-10-29,36.278202056884766,37.02370767568584,36.063869413657656,36.89324463675205,43800
2021-11-01,37.04233932495117,37.46168727356224,36.54844260483734,36.567080686425676,52500
2021-11-02,37.293949127197266,37.293949127197266,36.678906637147264,36.986426104746926,40500
2021-11-03,37.63874816894531,37.769211200646524,37.130873716272596,37.275314422105936,62400
2021-11-04,36.26887130737305,38.197871677998705,36.11977022443365,38.197871677998705,81300
2021-11-05,36.32479476928711,36.958475421381486,35.60724451456697,36.26888051591956,71300
2021-11-08,35.87748718261719,36.539123106067514,35.69110991485423,36.539123106067514,64500
2021-11-09,35.25313186645508,36.05454817558785,35.234493781844854,35.88680896894697,79800
2021-11-10,35.560646057128906,36.557760328120196,35.281081939488004,35.30903728479691,94400
2021-11-11,36.11045837402344,36.37138441956091,35.20373681092995,35.64451697564894,120700
2021-11-12,36.091819763183594,36.613675401470225,35.93340139638361,36.34342854120479,87000
2021-11-15,36.632320404052734,37.46169566892272,36.352752672425716,36.352752672425716,87500
2021-11-16,35.68178939819336,36.725497025724586,35.68178939819336,36.725497025724586,74500
2021-11-17,35.551326751708984,35.77963701993654,35.346311418284,35.68178976212473,38200
2021-11-18,34.84309768676758,35.74702514975117,34.535578208081404,35.55133061287353,76100
2021-11-19,34.12554931640625,34.89435338639353,34.0603178006353,34.67536034565493,128600
2021-11-22,33.95780944824219,34.488982383254594,33.52914419452181,34.488982383254594,75200
2021-11-23,33.23093795776367,34.20475725761671,33.17502371430472,34.20475725761671,57500
2021-11-24,33.59437942504883,33.873943597318664,32.914105302413404,33.12843795298199,39900
2021-11-26,32.830223083496094,33.02591757342368,32.42951328706343,32.662483933601024,39500
2021-11-29,32.41088104248047,33.119113926147485,31.879708157155502,33.119113926147485,65400
2021-11-30,31.087608337402344,32.25246174599895,30.86395491881758,32.205868320625186,88400
2021-12-01,29.922760009765625,31.9542649837008,29.913439190197877,31.684018093853666,91800
2021-12-02,30.332788467407227,30.416658072767298,29.661833401952286,29.98799278086082,110100
2021-12-03,31.795841217041016,31.935625063713488,30.761450705247192,31.180798690413727,75500
2021-12-06,32.420204162597656,33.147071624682006,31.795840824643758,32.084725778604614,114200
2021-12-07,32.68112564086914,33.74347133826911,32.49474839197345,33.05388013866052,133900
2021-12-08,33.15639114379883,33.33344759292046,32.64385276898491,32.83023003665809,48200
2021-12-09,32.09404373168945,33.31481153190561,32.08472646742333,33.02592657174276,54300
2021-12-10,32.392250061035156,32.545080231234095,31.935629402260176,32.24314892992578,56600
2021-12-13,31.24602699279785,32.34564890539386,31.078287815971308,32.177909728567315,77600
2021-12-14,30.739185333251953,31.50883793149353,30.673483544168814,31.08646672990267,238000
2021-12-15,30.645328521728516,30.711030314808333,29.897262585686416,30.645328521728516,91800
2021-12-16,31.161558151245117,31.45534004637838,30.70164202332757,30.97383720963634,117000
2021-12-17,31.161558151245117,31.44313777341871,30.086859430525994,31.06769589020115,308400
2021-12-20,29.978919982910156,31.236643824474676,29.84751461002347,31.236643824474676,99300
2021-12-21,30.739185333251953,31.66840197675184,30.34497459875313,30.34497459875313,131400
2021-12-22,30.40128517150879,30.80488387937609,30.1854073757507,30.589006083618,80100
2021-12-23,32.17524337768555,32.26910563251735,30.50453462694752,30.551463964123965,78900
2021-12-27,31.28357696533203,32.273797850267265,31.199102721536715,32.19401761459366,77500
2021-12-28,31.321117401123047,32.08138557373236,31.170941369796655,31.170941369796655,85300
2021-12-29,31.23664665222168,31.564221133450925,30.862146407775096,31.18971730852493,127800
2021-12-30,32.50375747680664,33.123234066854,31.13339713356809,31.757567731704647,171400
2021-12-31,31.321117401123047,32.66331724756226,31.30234494964737,32.40051008786082,107100
2022-01-03,33.73331832885742,34.14161104893034,31.67778344746114,31.67778344746114,93600
2022-01-04,34.58744812011719,34.95538171728797,33.74270930240515,34.043061359433295,126300
2022-01-05,33.83656692504883,35.65745524218137,33.630077130064265,34.9159595579981,135900
2022-01-06,33.8459587097168,34.57806645991964,33.32034077749367,34.18385211563248,76000
2022-01-07,36.51157760620117,36.605436267002126,34.174459715282076,34.174459715282076,115600
2022-01-10,36.44588088989258,37.51588552575248,35.80763188245353,37.393866385380015,150400
2022-01-11,36.633602142333984,37.06536139725484,36.032897972592785,37.027816491526195,100600
2022-01-12,36.64299011230469,37.2061493755995,36.267548216455296,37.018428427674806,91000
2022-01-13,38.041500091552734,38.48264373870085,36.980883464016294,37.30469839733579,138800
2022-01-14,38.651588439941406,38.670360889100294,37.253071411672174,37.628513233892775,88200
2022-01-18,36.94334411621094,39.23352977453852,36.57259620942899,38.49203396097462,111900
2022-01-19,36.57728576660156,37.75053713370601,36.30509059011836,36.91518273320429,74300
2022-01-20,35.22570037841797,37.08413024499971,35.11306924178615,36.47404163947136,60300
2022-01-21,32.41928482055664,34.01490750347678,32.25033632586632,33.3860428664674,151400
2022-01-24,33.35789108276367,33.39543599410297,31.048932742594207,32.04384782972684,163100
2022-01-25,33.61131286621094,33.97267278080927,32.1658660468582,32.85104454630937,136100
2022-01-26,32.569461822509766,34.20168779308953,32.02976542525573,33.64885103653845,80900
2022-01-27,32.34418869018555,33.05752743517288,32.11892646159481,32.841649640907356,38300
2022-01-28,33.98673629760742,33.98673629760742,32.03444836971846,32.82287323571623,74300
2022-01-31,34.33403396606445,34.54991181461659,33.11384952919142,33.977364503879436,94200
2022-02-01,34.60622787475586,35.13184587572428,33.77556732495939,34.27771886195041,75600
2022-02-02,33.6863899230957,34.72823762471371,33.601915688356975,34.72823762471371,97700
2022-02-03,33.996131896972656,34.91126650791855,33.12323261554168,33.26402062773701,71300
2022-02-04,34.33403396606445,34.63438606670043,33.5174483357609,33.99613695772912,46000
2022-02-07,34.897178649902344,35.215364985558445,34.34434211008094,34.42787824157173,48700
2022-02-08,35.4791259765625,35.497898430925154,34.64377145006182,34.93473912196367,69700
2022-02-09,36.64299011230469,36.64299011230469,35.43219375769364,35.479123099555,51800
2022-02-10,36.64299011230469,37.23055392233994,36.12676019087123,36.33325001115705,113100
2022-02-11,36.811927795410156,37.478333563358426,36.33417742506773,36.64297934994747,69000
2022-02-14,35.929649353027344,37.19676300009625,35.64806973606062,36.69930197695997,39900
2022-02-15,36.821319580078125,36.896409384376604,35.88271850922073,36.01412208626413,74500
2022-02-16,30.814273834228516,31.912435331415026,29.2655806874242,31.508836598138235,718100
2022-02-17,30.973834991455078,31.89835760877362,30.51391889647427,30.87058830194027,104100
2022-02-18,30.673486709594727,31.302347778709894,29.753657987027854,30.97383879939292,173600
2022-02-22,29.43453025817871,31.170940813162158,29.36882846942662,31.03015280032723,187500
2022-02-23,30.19479751586914,30.837740597680718,29.56593645902159,29.781814295572804,113000
2022-02-24,30.589012145996094,30.701643283392333,29.265584645032526,29.28435709801178,119700
2022-02-25,30.95506477355957,31.067695906391872,29.791199589601504,30.645328263150947,77000
2022-02-28,31.959365844726562,32.4286663815962,30.63593847397334,30.63593847397334,157000
2022-03-01,33.66761779785156,34.47481525303459,31.790415745976144,31.931207332058307,126900
2022-03-02,36.66175842285156,37.17798828595787,33.87411214940705,33.92104148596601,237000
2022-03-03,36.4083366394043,36.86824916210725,34.80332965690556,34.80332965690556,182700
2022-03-04,35.11307144165039,36.408342125743594,34.78456244735985,36.04228822339714,94800
2022-03-07,34.39973449707031,35.33833567210111,34.183853075991415,35.33833567210111,173700
2022-03-08,34.55929183959961,36.1736868597903,34.305869115699046,34.305869115699046,54600
2022-03-09,34.48420715332031,35.798246589384284,34.380960455958885,35.244471778474136,65100
2022-03-10,34.080604553222656,34.615606851764326,33.42358311873045,34.202620108694425,50400
2022-03-11,33.423580169677734,34.427882892747384,33.38603527262429,34.324636216089644,68500
2022-03-14,36.504188537597656,37.06077647641701,33.1967938612085,33.22514180490697,146000
2022-03-15,36.003353118896484,37.17511742561131,35.45527243051117,36.43804202907532,76000
2022-03-16,37.16566848754883,37.16566848754883,36.050603699457675,36.050603699457675,60200
2022-03-17,38.24292755126953,38.39412256951098,36.61757840159382,36.85382084289442,156600
2022-03-18,37.099510192871094,38.31852201560392,37.03336259983351,38.13897906375526,282100
2022-03-21,36.919979095458984,38.06339197626771,36.37189834791395,37.600358676331766,82000
2022-03-22,38.006690979003906,38.85716173615257,36.91997413929968,36.91997413929968,83600
2022-03-23,38.1956901550293,38.970568962415854,37.72320509954536,37.987799181863295,61500
2022-03-24,38.233482360839844,38.46027672929928,37.874396384209184,38.05393937252452,60900
2022-03-25,39.20680236816406,39.35327154775808,38.1720591838733,38.23348092907665,92000
2022-03-28,38.0350341796875,39.56588423547121,37.54176055319515,39.20679830946028,40900
2022-03-29,38.53586959838867,38.63981685937787,38.12008415920578,38.43192233739947,31500
2022-03-30,38.66816711425781,38.98000891587641,38.52642379015548,38.772114381464014,49300
2022-03-31,38.186241149902344,38.657781743371324,37.82715150676793,38.50753112433317,57300
2022-04-01,38.04448699951172,38.63037093928788,37.36411111539695,38.63037093928788,87300
2022-04-04,38.53586959838867,38.70124220711182,37.005019440042574,37.81769409347752,77300
2022-04-05,37.43970489501953,38.809911914846516,37.41135695270846,38.809911914846516,43900
2022-04-06,36.48529052734375,37.44916031370044,36.07517175020205,37.38301270525409,43700
2022-04-07,35.88051223754883,36.32464568858002,35.119811095265455,36.32464568858002,61200
2022-04-08,36.5230827331543,36.55143067247895,35.03948049560463,35.03948049560463,104200
2022-04-11,36.352989196777344,37.571997493691896,36.28684159945538,36.96721740116325,82300
2022-04-12,36.645931243896484,37.411358153835714,36.43804031898417,36.62703141349099,56000
2022-04-13,36.70262908935547,36.929423439277805,36.334091424908834,36.532534228107195,32800
2022-04-14,36.43803405761719,37.411351725217685,36.3624347489859,37.09950998427377,108800
2022-04-18,36.088401794433594,36.59868644250068,35.82381135681704,36.59868644250068,36200
2022-04-19,36.4285888671875,36.65538322893412,35.682061782206894,35.682061782206894,53000
2022-04-20,33.423583984375,34.973334026488374,31.987229319672007,34.973334026488374,106100
2022-04-21,32.57310485839844,34.07560674006383,32.26976680466097,33.54642244046771,45300
2022-04-22,31.420244216918945,32.743203310067045,31.193449890606246,32.582556577934405,63900
2022-04-25,31.732088088989258,31.83603174053429,30.777666558038256,31.278499406002904,71100
2022-04-26,30.012243270874023,31.429696272702444,29.99334344091161,31.429696272702444,61300
2022-04-27,29.634254455566406,30.19178679964555,29.14286971122769,30.14453722669745,76600
2022-04-28,29.82324981689453,30.15398964545011,28.868829992725367,29.955546829749,70700
2022-04-29,29.813796997070312,30.503624530714838,29.794898970549625,29.794898970549625,75000
2022-05-02,31.155658721923828,31.373001366109538,29.936646687131972,29.936646687131972,73800
2022-05-03,30.58867073059082,30.824913175292146,28.45304061659125,30.23903292176948,65600
2022-05-04,30.768218994140625,30.995009734900364,29.549207047042067,30.54142464860705,65600
2022-05-05,30.267383575439453,31.240704986124896,29.93664556511243,30.579225360696896,38100
2022-05-06,28.54753875732422,30.28628345316512,28.292398263580996,30.28628345316512,74900
2022-05-09,28.056154251098633,28.47193967107726,27.630917114317217,28.235697217840226,75800
2022-05-10,28.103404998779297,28.84993209526006,27.772665168723098,28.349097392467126,62600
2022-05-11,27.40412712097168,28.62313915805034,27.40412712097168,28.179002151182743,41000
2022-05-12,27.71596336364746,28.45304043527792,26.93163852433255,27.27182821929842,117700
2022-05-13,28.6987361907959,28.745983964075112,27.8955114283401,28.12230398437697,107100
2022-05-16,28.462491989135742,29.020022529003878,28.17049629810342,28.821579730431868,53600
2022-05-17,32.81880187988281,32.99834485050188,30.777667184024697,30.966661871650675,117100
2022-05-18,32.07228088378906,33.57478334585269,31.939985658979293,32.70541266580305,52700
2022-05-19,32.544761657714844,33.16844163984752,31.769886637634066,31.769886637634066,45500
2022-05-20,32.93220138549805,33.21569525491927,31.90218399362058,33.03614865698259,73400
2022-05-23,33.60313415527344,33.862998739760506,32.65816416490351,33.33854010672324,46300
2022-05-24,32.24237060546875,33.1022930336539,31.46749560885241,33.1022930336539,31100
2022-05-25,32.76210403442383,32.99834650460493,32.043928511173846,32.043928511173846,32400
2022-05-26,32.998348236083984,33.33853798775895,32.704465413901,32.894404571760376,39200
2022-05-27,34.28350830078125,34.44793286862309,32.99834860445121,33.07394793001145,49800
2022-05-31,34.831581115722656,34.93552835171818,34.01418080020852,34.72763387972713,60800
2022-06-01,32.8471565246582,34.888291637062146,32.346323564299354,34.888291637062146,63100
2022-06-02,31.836027145385742,32.2990638735792,30.93830883535011,32.2990638735792,53000
2022-06-03,31.34465217590332,31.930536152765065,31.136761233741296,31.524198777266328,38200
2022-06-06,31.080055236816406,31.8171305057453,30.976107985090824,31.8171305057453,26200
2022-06-07,31.27850341796875,31.287955135995755,30.64537529158006,30.806018450296868,45800
2022-06-08,31.35409927368164,31.76610689853312,31.070609045402232,31.18400441575923,21000
2022-06-09,30.097288131713867,31.250150625112333,30.08783821754009,31.184003028282717,95700
2022-06-10,29.057823181152344,29.913021552904105,29.057823181152344,29.81379834783729,39300
2022-06-13,26.76154899597168,28.51919369946219,26.515856589927736,28.481394035892123,102700
2022-06-14,26.685306549072266,27.199952619344653,26.399393277449107,26.828263184883845,60300
2022-06-15,27.076053619384766,27.43821234345983,26.752017631651125,26.923566309603302,63800
2022-06-16,25.312915802001953,26.580467637935165,25.10324621587936,26.466103070156304,80500
2022-06-17,25.76085090637207,26.07535621964444,25.20808393705117,25.398692171214687,57000
2022-06-21,25.66554069519043,26.542343485020417,25.589297053370075,25.8466200261857,67600
2022-06-22,25.551176071166992,25.894273391721043,25.436811509510264,25.46540174102848,43900
2022-06-23,25.636953353881836,25.732258378099893,25.20808347158879,25.732258378099893,43700
2022-06-24,27.056989669799805,27.085581719328005,25.941925187287243,25.941925187287243,156800
2022-06-27,27.219009399414062,27.390558072036395,26.86638318817221,27.19041916583838,49900
2022-06-28,26.780607223510742,27.867079660334955,26.71389425883444,27.47633073769495,49300
2022-06-29,26.59000015258789,26.685305177494516,26.01817182094029,26.685305177494516,74100
2022-06-30,25.98004913330078,26.59952902634024,25.85615206401767,26.370798072808377,41600
2022-07-01,26.532814025878906,26.69387947648954,26.03722942230149,26.18971671297271,28500
2022-07-05,26.485164642333984,26.532816242978583,25.427282384337143,26.208780268777605,35600
2022-07-06,26.485164642333984,26.589998527310506,25.989579997345192,26.46610327495933,29300
2022-07-07,27.56210708618164,27.56210708618164,26.75201713197836,26.75201713197836,31100
2022-07-08,27.171356201171875,27.533513074915984,27.02839958832004,27.49539215979174,29400
2022-07-11,25.808500289916992,26.81872911566146,25.741787322810094,26.761546832111552,39000
2022-07-12,26.713895797729492,27.056991324085292,25.741787867838607,25.741787867838607,38500
2022-07-13,26.59000015258789,26.799671570940898,25.99911227019269,26.36126918348728,15000
2022-07-14,25.74178695678711,26.075353605370616,25.551176923941675,26.075353605370616,18500
2022-07-15,26.732954025268555,26.752015391843358,26.02769982212854,26.37079714930713,37600
2022-07-18,26.294553756713867,26.928328750262622,25.6178897790584,26.628120403851522,52500
2022-07-19,26.75201988220215,27.30478688111028,26.332678836129414,26.570940504931063,50500
2022-07-20,27.70506477355957,27.86708277062451,26.933097525328815,26.933097525328815,34100
2022-07-21,27.838489532470703,27.914735003412137,27.238070991143555,27.381027613574584,20400
2022-07-22,27.076053619384766,27.419150975289117,26.894974257347233,27.314315268142316,27900
2022-07-25,27.24759864807129,27.676470285513034,27.16182432058294,27.257129330880204,16800
2022-07-26,25.96098518371582,26.399387497721303,25.77990584850974,26.084882240674872,26100
2022-07-27,26.418447494506836,26.628118881297702,25.999108356508867,26.18018587700222,32500
2022-07-28,26.332674026489258,26.418448357014626,25.398688891648526,26.418448357014626,46700
2022-07-29,25.770376205444336,26.26595896493996,25.18901730448056,26.26595896493996,119400
2022-08-01,26.075353622436523,26.18018750455733,25.189020059371565,25.455871924179426,53200
2022-08-02,26.332674026489258,26.890207174904145,25.958127086017523,26.075352852705098,41000
2022-08-03,27.295251846313477,27.46680051135856,26.447041022248317,26.685302653079383,53600
2022-08-04,27.447736740112305,27.905200412754574,25.875210477944005,26.53281303041141,81900
2022-08-05,26.21830940246582,26.53281467438625,25.570237492377203,26.53281467438625,66300
2022-08-08,27.32384490966797,27.70220378268027,26.666242275206606,26.666242275206606,32700
2022-08-09,26.771080017089844,27.65741367499426,26.55759668460842,27.266664701607265,45900
2022-08-10,26.923564910888672,27.571636852687764,26.818729209188223,26.980747194637996,94300
2022-08-11,27.78130531311035,28.5056208765033,27.25713046142206,27.25713046142206,44200
2022-08-12,28.114871978759766,28.143464028397506,27.562105076973793,28.000505598000757,34000
2022-08-15,28.35313606262207,29.010738718938626,27.771777060821048,27.924264369852118,64500
2022-08-16,29.067920684814453,29.382425983446666,28.276892096267254,28.74388470224889,67200
2022-08-17,28.13393211364746,28.801063549197412,28.09580938246593,28.801063549197412,33500
2022-08-18,27.63835334777832,28.114876681360705,27.400091680987128,28.114876681360705,47900
2022-08-19,27.647878646850586,27.867078901328703,27.21900700305261,27.59069636694149,36900
2022-08-22,26.237369537353516,27.49539056599436,26.189716123970545,27.49539056599436,48100
2022-08-23,26.256431579589844,26.50422389934898,26.13253632860629,26.265962263171968,24400
2022-08-24,26.923564910888672,27.09987801282777,26.132536350820263,26.132536350820263,37500
2022-08-25,27.695531845092773,27.695531845092773,27.19041834407293,27.238069943786954,27300
2022-08-26,26.704364776611328,27.800367945936305,26.647180674781062,27.695532243706182,33000
2022-08-29,26.189716339111328,26.62430674733318,26.132534060373874,26.361264993115544,18200
2022-08-30,25.751317977905273,26.46610288376117,25.11277672262899,26.447041516668264,55300
2022-08-31,25.17949104309082,26.09441489922449,25.17949104309082,26.09441489922449,28900
2022-09-01,25.093713760375977,25.255731734782483,24.683903482889406,25.141365357287107,38000
2022-09-02,24.664846420288086,25.41775414382882,24.6267254996666,25.20808453593009,45300
2022-09-06,24.47423553466797,24.950758806549224,23.8071022269174,24.950758806549224,60800
2022-09-07,24.531417846679688,24.71249719918573,24.340809628381983,24.41705327925947,37900
2022-09-08,24.321746826171875,24.397990472550802,23.997710874613468,24.37892910650809,59100
2022-09-09,25.322446823120117,25.322446823120117,24.493297333400147,24.493297333400147,36300
2022-09-12,25.922868728637695,26.094415592878814,25.581676410758256,25.589302048883223,69000
2022-09-13,24.24550437927246,25.236671831233757,24.22644301228674,25.0651231639463,80500
2022-09-14,24.13966941833496,24.380200200235386,23.302621489875623,24.360957297258338,95900
2022-09-15,25.207632064819336,25.54437376336816,24.101188763514486,24.22626582449373,55500
2022-09-16,23.908761978149414,25.313460974653346,23.89914052590022,25.313460974653346,355800
2022-09-19,24.591869354248047,24.591869354248047,23.87989838109684,23.87989838109684,86000
2022-09-20,24.255125045776367,24.668838316324816,24.120428384706408,24.418686063548908,43300
2022-09-21,23.139060974121094,24.38982216751678,23.129441357533366,24.38982216751678,62000
2022-09-22,22.513683319091797,23.283383007713866,22.513683319091797,23.187170317248054,42700
2022-09-23,21.888301849365234,22.350120524882854,21.551558376969524,22.05186285966576,88200
2022-09-26,21.397619247436523,22.051863301754715,21.27254404180714,21.715119822608077,95200
2022-09-27,20.993526458740234,21.91716562024754,20.92617813307804,21.647770482494526,41200
2022-09-28,21.522695541381836,21.657392194325094,21.041633969322472,21.1186037474478,28700
2022-09-29,20.676027297973633,21.282165940171737,20.517277924610372,21.282165940171737,57900
2022-09-30,20.72413444519043,21.39761957880926,20.676027184507713,20.762618418632247,42700
2022-10-03,21.445728302001953,21.53231770692717,20.823233335556946,21.032015007438837,45900
2022-10-04,21.753604888916016,21.849815735302673,21.16670918341523,21.599665332572247,71200
2022-10-05,21.291784286499023,21.551557974794136,20.676026063966244,21.551557974794136,43600
2022-10-06,20.868450164794922,21.52269415424638,20.781858940596692,21.378374223846567,45000
2022-10-07,20.445117950439453,20.829966862485676,20.329662359273403,20.637543324014747,111000
2022-10-10,20.42587661743164,20.77993801077312,20.31811928078976,20.70489324707024,83700
2022-10-11,20.21420669555664,20.647160992585743,19.877463241131213,20.252690665577273,133500
2022-10-12,20.579811096191406,20.6567808654555,19.87746172226855,20.310417821319106,53300
2022-10-13,21.301406860351562,21.334119430545492,20.002542020655476,20.15648158439878,47700
2022-10-14,20.772239685058594,21.522696429060453,20.72413425991031,21.503453524959404,67200
2022-10-17,21.262924194335938,21.62853022192978,20.955045047919132,21.18595440773174,62100
2022-10-18,21.695877075195312,21.917166802296983,21.378376497732603,21.599666224834273,66300
2022-10-19,21.166709899902344,22.148075981141037,21.051254311184245,21.840196858031877,62100
2022-10-20,21.262924194335938,21.609287316502613,21.06087735755962,21.37837795669001,41700
2022-10-21,21.32065200805664,21.667016980477435,20.93580305820273,21.20519824065274,94700
2022-10-24,21.166709899902344,21.49383192698191,20.868452228778384,21.359135269397733,74500
2022-10-25,21.753604888916016,21.88349173366312,21.128223376777154,21.128223376777154,50400
2022-10-26,21.436105728149414,22.19618210797657,21.407241371280893,21.6477721732054,35200
2022-10-27,20.541330337524414,21.56118039834315,20.473982008287,21.56118039834315,68000
2022-10-28,21.157089233398438,21.157089233398438,20.541330964319382,20.67602762690433,62500
2022-10-31,20.281558990478516,20.791484997598975,19.887088586234132,20.791484997598975,132200
2022-11-01,21.234058380126953,21.638150190865623,20.2719351959972,20.2719351959972,103200
2022-11-02,18.713298797607422,19.73314897516013,18.66038172283408,19.11739065438937,240600
2022-11-03,18.02056312561035,18.64594270081716,17.501017666321484,18.540110420003185,144800
2022-11-04,17.327838897705078,18.549735791234816,17.07768664772309,18.549735791234816,143100
2022-11-07,18.203371047973633,18.222613952430997,17.42405176849412,17.46253574230448,136400
2022-11-08,18.597841262817383,19.309812206019448,18.212992352316856,18.328446107914836,83100
2022-11-09,17.462535858154297,18.251476595096474,17.410582217899993,18.22261407332332,99600
2022-11-10,18.684432983398438,19.24246437692509,17.979196854834992,18.386175299385332,90600
2022-11-11,21.003149032592773,21.436105199419604,18.53049274341459,18.80950751251073,135400
2022-11-14,20.704891204833984,21.224436766043528,20.627921424095373,20.73375372567076,51500
2022-11-15,21.618906021118164,22.72438565645412,21.282164394470154,22.128831939491803,114000
2022-11-16,20.271936416625977,21.6333416849936,20.06026996400998,21.609287135858494,113000
2022-11-17,20.64716339111328,20.64716339111328,19.371389632772505,19.86784409784604,47800
2022-11-18,20.868450164794922,21.234056128550897,20.733751685428704,21.128222002285472,56000
2022-11-21,20.47397804260254,21.176327390186724,20.42587079167651,21.176327390186724,89100
2022-11-22,21.003149032592773,21.036823197223267,20.39701223413955,20.63754303013127,144900
2022-11-23,21.60928726196289,21.710311597648307,20.974286065304792,20.974286065304792,51400
2022-11-25,21.84981918334961,21.9075479024167,21.41782639576019,21.5130774976477,17400
2022-11-28,21.070497512817383,21.69587721985564,21.01277063519499,21.590044916731976,47700
2022-11-29,21.64777374267578,21.715122078480714,21.197499652445547,21.291787322572457,50400
2022-11-30,22.013378143310547,22.022999595581968,21.06087638969226,21.81133315092381,86000
2022-12-01,21.984516143798828,22.35974361577519,21.67663700421777,22.1288342610894,54300
2022-12-02,22.225048065185547,22.302017853939514,21.503455607452928,21.503455607452928,40600
2022-12-05,21.166709899902344,22.090347269229824,21.03201324231817,22.061484748378543,100300
2022-12-06,19.790876388549805,21.388000952115597,19.309814728798553,21.118607597121837,115400
2022-12-07,19.569589614868164,20.021786940955547,19.17511917751211,19.540725252950146,129500
2022-12-08,19.675416946411133,19.882273547285934,19.434886185868717,19.819735035715766,102000
2022-12-09,20.868450164794922,20.887691231757973,19.531097832791215,19.62731050802304,151300
2022-12-12,21.368759155273438,21.734367063334002,20.599061193732293,20.86845639782404,121200
2022-12-13,21.378376007080078,22.60989431554294,21.234057899746407,22.12883273436118,247800
2022-12-14,21.358924865722656,21.874418732607516,21.076863513944055,21.543724833872623,85000
2022-12-15,19.540109634399414,21.04768329270509,19.481752435115443,20.960146566208177,108500
2022-12-16,19.462299346923828,19.50120352792581,18.888448299794785,19.452572837887857,243200
2022-12-19,19.248321533203125,19.452572655619015,18.89817463175658,19.452572655619015,142000
2022-12-20,19.170509338378906,19.355309296858763,18.68030479259087,19.170509338378906,97700
2022-12-21,19.267770767211914,19.59846461766573,19.16078288981218,19.452570708381213,76100
2022-12-22,19.23859405517578,19.23859405517578,18.450763566605485,19.014888070996797,145400
2022-12-23,18.87872314453125,19.214279382196096,18.63264782818688,19.10242730297448,76800
2022-12-27,18.742555618286133,18.89039559721646,18.265967774748766,18.839818859958296,72900
2022-12-28,18.275693893432617,18.79021381512025,18.23678785553931,18.77173289057833,87600
2022-12-29,19.034339904785156,19.219139843657914,18.460488927607926,18.48966845115889,135800
2022-12-30,19.0732479095459,19.102425580973968,18.669606140133446,18.81063773584203,148800
2023-01-03,19.2872257232666,19.97292883550661,19.09756343660433,19.773540039894748,113600
2023-01-04,20.930965423583984,20.99904912065001,19.462296189939646,19.666547281137728,123400
2023-01-05,21.144943237304688,21.25193296529184,20.36684118414803,20.658628990296368,53500
2023-01-06,21.660442352294922,21.69934653698262,20.84343406729033,21.3881056389127,58900
2023-01-09,22.098121643066406,22.244017420605857,21.485366426939834,21.485366426939834,136600
2023-01-10,22.545534133911133,22.64279737740326,21.88414630433516,21.991136057690706,83300
2023-01-11,22.701148986816406,22.81786336612942,22.146751047225575,22.56498159257069,58300
2023-01-12,23.041574478149414,23.168015393192633,22.555260126973607,22.954037746526406,42400
2023-01-13,22.778959274291992,22.78771368758605,22.43853893229739,22.720602084423138,38200
2023-01-17,23.352813720703125,23.537613680569194,22.633068754291262,22.76923616938105,70000
2023-01-18,22.652523040771484,23.66405591192055,22.613617002771676,23.488982451205406,49100
2023-01-19,22.127300262451172,22.496898307715437,21.718796183400247,22.370457408192394,95000
2023-01-20,22.992938995361328,23.129108257807868,21.991132747090443,22.467720527798864,72900
2023-01-23,23.90721321105957,24.111466201360173,23.109657979244478,23.206921219618952,59700
2023-01-24,23.693233489990234,24.01420085649859,23.605696766838694,23.771043704442505,42000
2023-01-25,24.743675231933594,24.831211965412745,23.197195413991366,23.498709798673957,93200
2023-01-26,25.34670066833496,25.531500620839797,24.738807796410203,24.97710261846711,57100
2023-01-27,26.05672264099121,26.231794241130142,25.200808382982935,25.405061365857932,65100
2023-01-30,25.4147891998291,26.085903577328736,25.366158502896127,25.657946394778314,81300
2023-01-31,25.920555114746094,25.978912318726444,24.56860178249187,25.58013469043359,114200
2023-02-01,27.048803329467773,27.350319558847158,25.726029573542032,25.842743977376244,96300
2023-02-02,27.98252296447754,28.702267846630793,27.486482196681038,27.574018911888754,88500
2023-02-03,27.2822322845459,27.856083323712884,27.048801636347076,27.126611852413347,46200
2023-02-06,26.64029884338379,26.980719251029935,26.432157479158665,26.68893139027151,45400
2023-02-07,25.794111251831055,26.47495016757769,25.366154142839953,26.47495016757769,41600
2023-02-08,25.191078186035156,25.86219238131937,25.12299448675765,25.677392443893524,184600
2023-02-09,24.471336364746094,25.706575179284997,24.364346621003413,25.706575179284997,46200
2023-02-10,24.179548263549805,24.59777887002894,24.0336524853701,24.31571567769952,54500
2023-02-13,24.850662231445312,24.860388740940436,23.809949832313148,24.179549772559824,45600
2023-02-14,24.967376708984375,25.006280889047307,24.305988951637737,24.850660458511847,39200
2023-02-15,27.097434997558594,27.18497172516421,25.336975791393982,25.59958597421084,132400
2023-02-16,25.94000816345215,26.815373644704266,24.8992957247858,25.1035468665164,114300
2023-02-17,26.251245498657227,26.50412915541768,25.881647449633068,25.959457662856146,62200
2023-02-21,25.34670066833496,25.784384278177516,25.249437437798637,25.7746577696097,35100
2023-02-22,25.833017349243164,26.09076521221566,25.427431365768996,25.46341926527599,59700
2023-02-23,25.998361587524414,26.17343502934884,25.37587988783027,26.12480434223841,31100
2023-02-24,24.714496612548828,25.23971703276591,24.228182233151735,25.23971703276591,34300
2023-02-27,24.626956939697266,25.132724279204247,24.44993929844078,25.045187552937964,44100
2023-02-28,23.90721321105957,24.626958221603484,23.654329528142735,24.51996847167736,77400
2023-03-01,24.198999404907227,24.325442165199544,23.547338151112175,23.839127852073144,29700
2023-03-02,24.879840850830078,24.899293869109517,24.111465180211532,24.111465180211532,24100
2023-03-03,25.22998809814453,25.336975989834492,24.977104422541252,25.04518813229176,30300
2023-03-06,24.6561336517334,25.580129643842454,24.646407143798562,25.46341525890782,46200
2023-03-07,24.12118911743164,24.811756404695608,24.072558428320068,24.704766662479898,28400
2023-03-08,24.529693603515625,24.59777916655313,23.90234954137623,24.374073169713707,26700
2023-03-09,23.43062400817871,24.607503768201195,23.35281379144286,24.422705662917238,22300
2023-03-10,22.370458602905273,23.3430872378142,22.146754462110277,23.3430872378142,45700
2023-03-13,22.11757469177246,22.564984823579888,21.660439906247852,22.059217493759974,68100
2023-03-14,22.40936279296875,23.07074865191099,22.175930307292965,22.48717300314676,82000
2023-03-15,22.428815841674805,22.545532094335062,21.602081129495197,21.825787125832196,52900
2023-03-16,22.701148986816406,22.827589873595773,22.127298032292867,22.41908583571701,39200
2023-03-17,22.661842346191406,22.878044995584666,22.504605078132357,22.612706402828987,51800
2023-03-20,23.025455474853516,23.23084649915528,22.73063418151052,22.92718171040585,39300
2023-03-21,24.322660446166992,24.406191915656425,23.143379189919813,23.143379189919813,37900
2023-03-22,23.723194122314453,24.607656071305225,23.71336655905722,24.49955474989168,31500
2023-03-23,23.801815032958984,24.538865478079202,23.58561424384689,23.83129772555363,26400
2023-03-24,23.212173461914062,23.506992855718845,22.76502965247441,23.506992855718845,25400
2023-03-27,23.82146453857422,24.02587332704985,23.374320782387713,23.418543873633226,25100
2023-03-28,24.470073699951172,25.89503860266984,24.371799935209168,25.344708144297236,40900
2023-03-29,24.597827911376953,24.843511363600157,24.22438801432473,24.804201111524772,34200
2023-03-30,24.715755462646484,24.961438920276006,24.656791957651887,24.961438920276006,34600
2023-03-31,25.393842697143555,25.44297863961241,24.76489363634517,24.804202015437042,38900
2023-04-03,24.7845458984375,25.551078941471395,24.637136202504514,25.551078941471395,27500
2023-04-04,24.77471923828125,24.923113008011548,24.440591456717822,24.85333974502094,39000
2023-04-05,23.664230346679688,24.637136605032147,23.546301463356958,24.637136605032147,172500
2023-04-06,24.54869270324707,24.54869270324707,23.467685023783464,23.654404992138424,66900
2023-04-10,25.207122802734375,25.207122802734375,23.95905036708215,23.95905036708215,31400
2023-04-11,25.75745391845703,26.297958673400373,25.19729591060471,25.19729591060471,36300
2023-04-12,24.981096267700195,26.09158477017098,24.872994936919287,26.03262125993421,42700
2023-04-13,24.95161247253418,25.141280890060603,24.789462357945904,25.07936892588602,23600
2023-04-14,24.293180465698242,24.912303850262333,23.96887836525575,24.912303850262333,19900
2023-04-17,24.92213249206543,24.92213249206543,24.381627718332968,24.381627718332968,25900
2023-04-18,24.6666202545166,25.069540987059316,24.42584963413567,25.069540987059316,26500
2023-04-19,25.334880828857422,25.56090917788953,24.258785999723543,24.479901503957638,31600
2023-04-20,24.912302017211914,25.123589932573502,24.789460293137317,24.90247445435603,17200
2023-04-21,25.23660659790039,25.2955701064704,24.643035238302705,24.971267997711145,18100
2023-04-24,25.275915145874023,25.600217256776812,25.040059235618916,25.167815691850528,18600
2023-04-25,24.69610023498535,25.157986333062553,24.538862972700013,25.148158769867717,22700
2023-04-26,24.312837600708008,24.892650778839418,24.224391395608897,24.568348651614752,27200
2023-04-27,25.826244354248047,25.875380293369535,24.509380942100172,24.578172006636624,34300
2023-04-28,26.003137588500977,26.253735777799715,25.413498759502794,25.747628428957032,21800
2023-05-01,26.35692024230957,26.7549281064952,25.614957047314597,26.01296303708426,69200
2023-05-02,25.78693389892578,26.14071865592592,25.482286955073395,26.14071865592592,24100
2023-05-03,25.57073211669922,26.2095086666218,25.565817398373998,25.6984866769174,31400
2023-05-04,18.711254119873047,21.62014552748806,18.642461173230576,21.62014552748806,518000
2023-05-05,19.20261573791504,19.6448447400409,18.013507089001077,19.428644019518188,356400
2023-05-08,19.29106330871582,19.595712130601573,18.62280591171466,19.595712130601573,106800
2023-05-09,18.573671340942383,19.399168011599045,18.563843776480248,19.16331208775661,146500
2023-05-10,17.915237426757812,18.917626391930334,17.645968190048738,18.917626391930334,99800
2023-05-11,17.246976852416992,17.679380234516163,17.109394724919216,17.600761608172306,124800
2023-05-12,16.88336753845215,17.306925580238953,16.829316877770264,17.256805569974947,62200
2023-05-15,17.640073776245117,17.689209720145744,16.88336824391235,17.0012952590403,87200
2023-05-16,16.853885650634766,17.738345766886596,16.83423052319412,17.69903738642142,126400
2023-05-17,17.482837677001953,17.635160237942102,16.824405862802198,16.99147070743247,75100
2023-05-18,17.718692779541016,18.139302391230565,17.433699050626707,17.551627942622734,69600
2023-05-19,17.168359756469727,18.023339034286398,17.129051377001783,18.023339034286398,69100
2023-05-22,16.86371421813965,17.374736315517513,16.716304502392713,17.374736315517513,73300
2023-05-23,16.84405517578125,17.53196952198374,16.735955742372592,16.735955742372592,59500
2023-05-24,16.618026733398438,16.73595560225742,16.269156719414944,16.73595560225742,71700
2023-05-25,16.04804229736328,16.62785536830128,15.782703731120625,16.62785536830128,67900
2023-05-26,17.129051208496094,17.227324967823307,16.627856722901758,16.80474911480753,129300
2023-05-30,18.023338317871094,18.062646695776557,17.256805267346554,17.38456171297531,112700
2023-05-31,17.266633987426758,17.89263648923954,17.266633987426758,17.77765605535227,64500
2023-06-01,17.492660522460938,17.728518278988226,16.96198525631437,17.335423267720035,50700
2023-06-02,17.42386817932129,17.964372842947053,17.4140406173191,17.72851697814184,53800
2023-06-05,17.129051208496094,17.54081730412493,17.011122322420228,17.433698175436003,75400
2023-06-06,17.77765655517578,18.12161379804287,17.001295867721037,17.001295867721037,42200
2023-06-07,18.47539520263672,19.291064204282133,17.84153330861311,17.964375037020044,120600
2023-06-08,18.622806549072266,18.937281070051082,18.131439641438867,18.45574172550027,56600
2023-06-09,18.19040298461914,18.78004364344688,17.9938554735379,18.78004364344688,30300
2023-06-12,18.622806549072266,19.106310281589998,18.396776347004742,18.445914162417683,47300
2023-06-13,18.73090934753418,19.104349313865296,18.70142852742448,18.83901068637998,32800
2023-06-14,18.78017234802246,19.371363895168894,18.615624319100867,18.8294394065699,29800
2023-06-15,18.78017234802246,18.86885117406173,18.56340292845209,18.849144350642757,31200
2023-06-16,18.494430541992188,18.93782278364011,18.415605129298374,18.93782278364011,68600
2023-06-20,17.80470848083496,18.504285730086526,17.745589885475166,18.504285730086526,68300
2023-06-21,17.95250701904297,18.44516639598061,17.583012486339737,17.745590982815422,61700
2023-06-22,17.676616668701172,17.97221150462968,17.56823101849919,17.814560674888323,57800
2023-06-23,17.46969985961914,17.844122012901977,17.454920680713272,17.48940668439113,118300
2023-06-26,17.755441665649414,17.932799314770378,17.46969836887762,17.46969836887762,28600
2023-06-27,18.12000846862793,18.287512705949855,17.586952624068328,17.81456022857481,30700
2023-06-28,17.982065200805664,18.12986262110744,17.81456095663801,18.12986262110744,30100
2023-06-29,18.21854591369629,18.479654816193566,17.982069607394614,18.05104162848094,92600
2023-06-30,18.287511825561523,18.57325510814414,18.287511825561523,18.523988052864723,101800
2023-07-03,18.819583892822266,18.858995655912032,18.28751099601609,18.28751099601609,26700
2023-07-05,18.57325553894043,18.740759772083614,18.070742839510878,18.50428353929548,108100
2023-07-06,18.92797088623047,18.957531123110027,18.193909524177325,18.29736753423643,60400
2023-07-07,18.51413917541504,19.075770530696083,18.19883561446161,18.553550945942803,69300
2023-07-10,18.307220458984375,19.016649211084655,18.277660222892045,18.69149413145375,64600
2023-07-11,18.957530975341797,19.12503522432785,18.32692762826312,18.32692762826312,41700
2023-07-12,18.66193389892578,19.37136257971869,18.66193389892578,19.21371176176471,51000
2023-07-13,19.115182876586914,19.184154886596243,18.54369809163579,18.81958801101942,68900
2023-07-14,18.100303649902344,19.1742992032697,18.09045023830406,19.1742992032697,70100
2023-07-17,17.558378219604492,18.01162578044128,17.40072738436027,18.01162578044128,100400
2023-07-18,17.735734939575195,18.228394243452286,17.440140108987382,17.5091121108348,46600
2023-07-19,18.346630096435547,18.622518055601976,17.80470382928792,17.80470382928792,37800
2023-07-20,18.159420013427734,18.37618940397126,18.080594609653193,18.31707082097682,37700
2023-07-21,17.893388748168945,18.326929534041632,17.75544472148753,18.326929534041632,84400
2023-07-24,17.903240203857422,18.149569869909755,17.75544278009526,18.05103762761958,44600
2023-07-25,17.548524856567383,17.952505357928928,17.548524856567383,17.952505357928928,55300
2023-07-26,17.88353157043457,17.97221039159037,17.627348518134042,17.706173928122972,106500
2023-07-27,17.59779167175293,18.169276412973822,17.558378023708507,18.09045099623115,80700
2023-07-28,18.14957046508789,18.188982235688663,17.804708545436338,17.834268782896622,67300
2023-07-31,18.977237701416016,19.184153718848933,18.100304691511575,18.23824870313352,145900
2023-08-01,19.144742965698242,19.262980159265357,18.740762442209036,18.878706461152774,57200
2023-08-02,18.57325553894043,19.080694004339176,18.52891612783353,18.918117416511226,129300
2023-08-03,18.110157012939453,18.395900340137587,17.824415565087605,18.395900340137587,109900
2023-08-04,19.08562469482422,19.134889879760728,18.228396569766073,18.228396569766073,124100
2023-08-07,19.60784149169922,19.726080561029068,19.233421217622826,19.233421217622826,191300
2023-08-08,19.93299674987793,20.336977264501932,18.85899922192252,19.804906146433403,112900
2023-08-09,18.78017234802246,20.080792624136944,18.78017234802246,19.932995207186867,90300
2023-08-10,18.878705978393555,19.22652410794605,18.67178995526913,18.89841280326624,55600
2023-08-11,18.494430541992188,19.00679666417502,18.494430541992188,18.819585604272433,59000
2023-08-14,18.110157012939453,18.571286573886447,17.863827336118835,18.455018936357575,59900
2023-08-15,18.592966079711914,18.740763519842627,17.814563346692324,17.913095599894937,48200
2023-08-16,18.20868682861328,18.671787761992068,18.15942165156475,18.573255528548962,49000
2023-08-17,17.538671493530273,18.32692755350963,17.538671493530273,18.32692755350963,62000
2023-08-18,17.79485321044922,17.863825211058757,17.489404973744385,17.489404973744385,41200
2023-08-21,17.558378219604492,17.804707884591863,17.440141032844423,17.775149527574946,40600
2023-08-22,17.390872955322266,17.686469663630056,17.390872955322266,17.58793742752746,66000
2023-08-23,17.972209930419922,18.060888749300204,17.400725252828078,17.538669246932532,55700
2023-08-24,17.676616668701172,18.023448118262927,17.587937842053393,18.001771739960983,32600
2023-08-25,17.292343139648438,17.913094998439874,17.292343139648438,17.676618726301445,24300
2023-08-28,17.637205123901367,17.724899183628178,17.39087543815038,17.39087543815038,43600
2023-08-29,17.834266662597656,17.93772466238922,17.647055606299084,17.716027606160125,52400
2023-08-30,18.070743560791016,18.264851824215235,17.755441904488475,17.794853671853232,51000
2023-08-31,18.090452194213867,18.376193644073545,18.070745368886634,18.090452194213867,39400
2023-09-01,16.58291244506836,18.149569214975475,16.55335220964414,18.149569214975475,118200
2023-09-05,16.513940811157227,16.986893312447386,16.37599680145081,16.76027047383079,54700
2023-09-06,16.159225463867188,16.33658312134017,16.090253459149068,16.188785699894744,102200
2023-09-07,15.972014427185059,16.159225497051683,15.725685704161185,16.159225497051683,114500
2023-09-08,16.967187881469727,17.006601532819694,15.893190313685464,15.972015737039063,79800
2023-09-11,17.01645278930664,17.69139550870123,16.750416314445907,17.026306200895494,74700
2023-09-12,16.750417709350586,17.134691396586064,16.672577066858675,16.888361724389732,38200
2023-09-13,16.523792266845703,17.006598123002384,16.326727808299893,16.78982872207876,46700
2023-09-14,17.156282424926758,17.245226433094803,16.73132813811634,16.73132813811634,42900
2023-09-15,17.09698486328125,18.02200177803527,17.09698486328125,17.126633493806477,112400
2023-09-18,16.84992027282715,17.195813456822428,16.750105657255016,17.195813456822428,68300
2023-09-19,16.731332778930664,16.95665791345088,16.721449899174523,16.849923566071197,35200
2023-09-20,16.237199783325195,16.869688995614148,16.237199783325195,16.869688995614148,43400
2023-09-21,16.30637550354004,16.701681199359882,16.237197242392348,16.237197242392348,35700
2023-09-22,15.565176963806152,16.63250330878278,15.456468130654454,16.385437007769983,75800
2023-09-25,15.476232528686523,15.664003440200052,15.031513387312922,15.545410789516183,144800
2023-09-26,15.219283103942871,15.624472611679574,15.219283103942871,15.34775768798381,71000
2023-09-27,15.584941864013672,15.74306413717703,15.288462130590831,15.32799269888167,57800
2023-09-28,15.545411109924316,15.718357708046204,15.407054585413317,15.634355128528894,53700
2023-09-29,15.604708671569824,15.861656927062823,15.486116951538468,15.654122123870359,59200
2023-10-02,15.318110466003418,15.683768473706813,15.150105308074407,15.664003659970941,61500
2023-10-03,14.527498245239258,15.327993471586673,14.527498245239258,15.159988312260463,58400
2023-10-04,14.408906936645508,14.636208428984364,14.30019810095146,14.616442672049175,59400
2023-10-05,14.240900993347168,14.478084408691448,14.063012960597401,14.448436717394191,27700
2023-10-06,14.428671836853027,14.675738128973915,13.974069821651272,14.043248081850525,46000
2023-10-09,14.49785041809082,14.57592289311836,13.90489092687703,14.231018364299675,44800
2023-10-10,15.189635276794434,15.239048722902934,14.616441563895256,14.626324441613574,96500
2023-10-11,14.991983413696289,15.278580288858288,14.922805150117474,15.150105697581095,117800
2023-10-12,14.557146072387695,14.952452721374653,14.369376097419172,14.952452721374653,81800
2023-10-13,14.735033988952637,14.863508578118186,14.497850567023843,14.497850567023843,58900
2023-10-16,15.140222549438477,15.229166568159602,14.715269154690965,14.81409510911644,46800
2023-10-17,15.347758293151855,15.614590349561968,15.00186603861814,15.00186603861814,50900
2023-10-18,15.130340576171875,15.30822767068937,15.051278493351377,15.268697100520688,57500
2023-10-19,14.596678733825684,15.090811377069887,14.596678733825684,15.090811377069887,54200
2023-10-20,14.30019760131836,14.6460898532506,14.280431845073764,14.547263899477016,47800
2023-10-23,13.97407054901123,14.329845688889728,13.845595957323205,14.280432239396925,81700
2023-10-24,14.102544784545898,14.344669644214406,13.97407019610244,14.132192476499577,95000
2023-10-25,13.736886024475098,14.211253814760925,13.727004088674903,14.102544981093597,60000
2023-10-26,13.638060569763184,13.89500975966417,13.400877137154511,13.717121713966074,80500
2023-10-27,13.292165756225586,13.806064074138316,13.292165756225586,13.707237184544924,90000
2023-10-30,13.776415824890137,13.885125594962682,13.440406464390993,13.450288399638692,62700
2023-10-31,13.736886024475098,13.933551155387768,13.638060069091113,13.855478678908915,75000
2023-11-01,13.410758972167969,13.736886425165899,13.242753806383195,13.736886425165899,130800
2023-11-02,14.972216606140137,14.972216606140137,13.885125509488292,13.885125509488292,77800
2023-11-03,17.294641494750977,17.314407251708325,16.09884147332632,16.247080880573776,85900
2023-11-06,16.08895492553711,16.840036553924758,15.792474293692408,16.840036553924758,96800
2023-11-07,16.197664260864258,16.385435156206324,15.896243106094806,16.009895250488267,43300
2023-11-08,15.298344612121582,16.04942637895256,14.982100054501432,16.04942637895256,75400
2023-11-09,15.486116409301758,15.81224386358964,15.209402405584228,15.456468715952816,49200
2023-11-10,15.49599838256836,15.980248096402839,15.209401516984368,15.634354905102139,57600
2023-11-13,15.397171020507812,15.723298445856862,15.367523329789652,15.49599791287914,50200
2023-11-14,15.960481643676758,16.73626962824949,15.871537630225577,15.871537630225577,74200
2023-11-15,16.681917190551758,16.7214487067573,16.088959527200135,16.09884240625152,61100
2023-11-16,16.316259384155273,16.83015776278214,15.90118790679763,16.681916468395126,38600
2023-11-17,17.047574996948242,17.047574996948242,16.355788590911644,16.474381246362547,44400
2023-11-20,17.788774490356445,17.914284976264145,16.998163044771598,17.07722418933008,111200
2023-11-21,17.59111976623535,17.645474653707044,17.185931185948892,17.571355894854413,73000
2023-11-22,17.670183181762695,17.788775850148955,17.512060880558693,17.788775850148955,60700
2023-11-24,17.808536529541016,17.82830228279539,17.571353145386446,17.64053139681078,32200
2023-11-27,17.502178192138672,17.630653741373234,17.373704527870647,17.630653741373234,74300
2023-11-28,17.136518478393555,17.472528792477057,17.126635600336247,17.413233409099455,35100
2023-11-29,17.79865837097168,17.88760239922762,17.32429147691764,17.393469746679713,48000
2023-11-30,17.502178192138672,17.932074970385234,17.432999920227694,17.927132588125,50600
2023-12-01,19.152578353881836,19.2711710048352,17.55158981829201,17.689946340265728,130200
2023-12-04,19.369998931884766,19.429294318037737,18.72762690782296,18.954927458881293,50100
2023-12-05,18.737506866455078,19.07351717770708,18.53985496187323,19.07351717770708,42200
2023-12-06,18.688095092773438,19.07351792401006,18.579385315771805,18.87586601169454,53300
2023-12-07,18.490440368652344,18.638681651666225,18.292788466244193,18.638681651666225,57900
2023-12-08,20.50650405883789,20.92157554169254,19.024106175066475,19.024106175066475,112100
2023-12-11,20.32861328125,21.050046368745175,19.622993174631674,20.86227735252553,164100
2023-12-12,20.32367515563965,20.378030045346673,19.449060193453096,20.378030045346673,84100
2023-12-13,20.961103439331055,21.10934472342932,19.251405140411364,19.982721143100143,189100
2023-12-14,22.05076789855957,22.347947300093626,20.990825639822063,21.248382002881172,191500
2023-12-15,21.60499382019043,21.941798101501664,20.69364139242243,21.941798101501664,195900
2023-12-18,21.05025863647461,21.664431719801403,20.61439392861109,21.664431719801403,140800
2023-12-19,21.08988380432129,21.297908985161563,20.36674406328424,21.297908985161563,124600
2023-12-20,19.846681594848633,21.47423792843716,19.564360593139256,21.377159499103946,232500
2023-12-21,20.128999710083008,20.21815389672458,19.03933889845735,20.158718402103634,206400
2023-12-22,20.406368255615234,20.465803749522404,19.96059732776076,20.010128480533638,99600
2023-12-26,19.96059799194336,20.290468111647936,19.911068726942695,20.208248095787372,75800
2023-12-27,19.62379264831543,19.881348969246353,19.485109202206566,19.881348969246353,93000
2023-12-28,19.901161193847656,20.208246773482724,19.613886185264363,19.613886185264363,50500
2023-12-29,19.475202560424805,19.883330551034913,19.40586083883527,19.71294641562616,69700
2024-01-02,18.99971580505371,19.376143122355476,18.960090882484945,19.376143122355476,56500
2024-01-03,18.80159568786621,18.930374801704136,18.32610793543474,18.930374801704136,57500
2024-01-04,19.098773956298828,19.228541216650083,18.781780281615713,18.86103011735155,28200
2024-01-05,19.39595603942871,19.81399029101926,18.999716251531257,19.03933928561083,19400
2024-01-08,19.574264526367188,19.792195938580722,19.237460232406043,19.267178925198035,40200
2024-01-09,18.831314086914062,19.376143558557864,18.831314086914062,19.376143558557864,32500
2024-01-10,18.811500549316406,19.267177695952977,18.65300464337853,18.87093604168805,101100
2024-01-11,18.068552017211914,18.682725128778625,17.66240598305763,18.682725128778625,97500
2024-01-12,17.989303588867188,18.435074536431003,17.979397357874618,18.256766157405476,40800
2024-01-16,18.177518844604492,18.276579268628744,17.91005626656514,17.979397996555985,44400
2024-01-17,17.959583282470703,18.09826861448737,17.761464348678636,17.929866481583,42900
2024-01-18,18.04378890991211,18.058647313333832,17.810997179395343,17.900151378766846,29300
2024-01-19,18.593570709228516,18.593570709228516,17.85062037934968,18.127987293275396,49600
2024-01-22,19.247365951538086,19.36623694070449,18.77187821603186,18.77187821603186,45500
2024-01-23,19.098773956298828,19.633697121575185,19.00961978051609,19.346424024713087,33500
2024-01-24,18.484603881835938,19.277083470461765,18.20723508110671,19.277083470461765,57100
2024-01-25,19.39595603942871,20.069564623564556,18.771878609667766,18.851126567247256,64100
2024-01-26,19.227554321289062,19.554452389756868,19.14830636194597,19.554452389756868,26300
2024-01-29,19.257274627685547,19.415770559648347,18.811503638152335,19.29689766596597,40300
2024-01-30,19.00962257385254,19.425674825501382,18.989810112007273,19.20774152404415,42600
2024-01-31,23.110706329345703,24.508442742369343,21.681269223488194,22.288508105904697,642600
2024-02-01,23.199861526489258,24.888835138948558,22.887821870336392,23.358357439902072,388700
2024-02-02,22.843244552612305,23.308827946939978,22.615406915492976,23.27910925493386,113500
2024-02-05,21.58518409729004,22.783809700709963,21.58518409729004,22.64512624627668,101800
2024-02-06,21.555463790893555,22.070576425115657,21.51583887006714,21.674334774532365,74100
2024-02-07,20.119094848632812,21.793210157988764,20.08937804401009,21.67433727123656,75100
2024-02-08,20.337026596069336,20.614393494801668,19.881349436205763,20.237966179627666,61500
2024-02-09,20.55495834350586,21.050258544554193,20.178531022054067,20.505429079169154,130600
2024-02-12,22.526254653930664,22.565879579991734,20.703549622371728,20.703549622371728,75400
2024-02-13,21.70405387878418,22.0408581545466,21.13941197218843,22.0408581545466,98700
2024-02-14,21.793209075927734,22.476723889619528,21.519804284103223,22.476723889619528,41200
2024-02-15,21.793209075927734,22.27860305134296,21.050258766521107,21.545558972792193,77700
2024-02-16,21.525745391845703,22.407380997973277,21.33753268363149,22.308320583985655,123200
2024-02-20,21.020540237426758,21.4068756861285,20.762983901432378,20.961104741249702,58100
2024-02-21,20.683734893798828,20.891761953992773,20.515332755325733,20.83232646083176,27800
2024-02-22,20.247873306274414,20.81251524873354,20.178531578522644,20.505429644652686,43300
2024-02-23,20.21815299987793,20.32909975542768,19.54157240130751,20.059657094972504,26700
2024-02-26,20.673831939697266,20.733267436845527,20.020033913384868,20.020033913384868,46700
2024-02-27,21.367250442504883,21.426685937792122,20.505429147868792,20.644112600012456,49400
2024-02-28,21.14931869506836,21.694148153560256,20.92148105892959,21.099787541938,61900
2024-02-29,20.88185691833496,22.169636717219817,20.82935559452916,20.871950687337954,141900
2024-03-01,20.525239944458008,21.288002718429507,20.366744029012025,21.1988485298136,52400
2024-03-04,19.901161193847656,20.48561555183002,19.70700248217848,20.48561555183002,66600
2024-03-05,19.34642791748047,20.168626234476612,19.34642791748047,19.742667728788167,52000
2024-03-06,19.703041076660156,19.970503634391726,19.336519991846046,19.653511813118886,34800
2024-03-07,20.28749656677246,20.564865370287308,19.594077392115942,19.594077392115942,37400
2024-03-08,20.436084747314453,20.782795253774886,20.36476291147776,20.56486385314674,29500
2024-03-11,21.357343673706055,21.466310320171278,19.960597288409367,19.960597288409367,49900
2024-03-12,21.426685333251953,21.704054119133826,20.877893767095593,21.604993703503137,35000
2024-03-13,22.26869773864746,22.288510201176074,21.545559861136873,21.545559861136873,91800
2024-03-14,21.8417911529541,22.516901364299304,21.424811427925142,22.516901364299304,50900
2024-03-15,22.228984832763672,22.228984832763672,21.573731282174787,21.841790069315387,171100
2024-03-18,21.444665908813477,21.64819159388615,21.21929717740326,21.61344344474926,56700
2024-03-19,21.87157440185547,21.970853748139707,20.23145415082375,21.13689625628563,50200
2024-03-20,23.78769302368164,23.84726290278781,21.39502446158179,22.338193384142894,146600
2024-03-21,21.83186149597168,23.827407064892267,21.74250856798776,23.827407064892267,118800
2024-03-22,20.640493392944336,22.60625412742505,20.541212146088967,21.831862674311914,64000
2024-03-25,21.385099411010742,21.44466740029808,20.848981826527975,20.95819138491496,38900
2024-03-26,21.16667938232422,21.841789543936116,21.067398142034442,21.424809849624776,54000
2024-03-27,22.040353775024414,22.040353775024414,21.143847645096745,21.19646600598553,32200
2024-03-28,21.673009872436523,22.258767049553615,21.673009872436523,22.189270756273956,35100
2024-04-01,21.067399978637695,22.278627807226908,20.94826399480971,22.278627807226908,52800
2024-04-02,20.93833351135254,21.136895988671316,20.6404916890065,20.888693838838908,34900
2024-04-03,21.911285400390625,22.358050025832476,20.600778357270688,20.948261744433005,152700
2024-04-04,22.76510238647461,23.02323285975096,21.911286351301474,22.139631883711715,157000
2024-04-05,23.1622257232666,23.20193897820066,22.235934692520942,22.63603645718368,51000
2024-04-08,23.767837524414062,23.96441357440762,22.939835546589563,23.390569210103966,96900
2024-04-09,23.469993591308594,24.244384944499682,23.236684868980127,23.87704494662349,50300
2024-04-10,22.69560432434082,23.072870744554084,22.209128356388323,23.072870744554084,66600
2024-04-11,22.9537353515625,23.082799634600853,22.070134421966017,22.62610859378442,38100
2024-04-12,21.603515625,22.71546021003915,21.543947638495226,22.71546021003915,45900
2024-04-15,20.997901916503906,21.8556888815882,20.93833392957132,21.742508380873776,46900
2024-04-16,20.630563735961914,20.997901863693166,20.570001592296386,20.95819050371537,55900
2024-04-17,20.66034698486328,20.92840576845906,20.441929768766073,20.92840576845906,22400
2024-04-18,20.90854835510254,21.36524129075263,20.372432701706117,20.451857313084556,52000
2024-04-19,22.655893325805664,22.765102884404552,21.53600489941666,21.63330161758786,89300
2024-04-22,22.427547454833984,22.814742220642543,22.116798621454762,22.477187129659416,64100
2024-04-23,22.9537353515625,23.162224245770325,22.28855352290614,22.28855352290614,39200
2024-04-24,22.7750301361084,22.87431137623802,22.57646765584916,22.848497382733527,21100
2024-04-25,22.209129333496094,22.571504247190447,22.16941608034114,22.53675609749593,41400
2024-04-26,22.209129333496094,23.16222468562938,22.1545245572241,22.447403171529416,56400
2024-04-29,21.32552719116211,22.526826520879485,21.117038304687274,22.258767758012958,106300
2024-04-30,20.54121208190918,21.588625540377787,20.5014988258382,21.325529952988244,85200
2024-05-01,21.30567169189453,21.504234169765258,20.878765583647088,21.13689604742618,58200
2024-05-02,25.91230583190918,26.150579677806032,21.106119608970207,21.524091575969727,255400
2024-05-03,22.258769989013672,26.120795028127812,22.175374426064987,25.932162748210228,221500
2024-05-06,23.221792221069336,24.174889448338206,22.338193185472903,22.338193185472903,124500
2024-05-07,23.0430850982666,23.46999306962774,22.85941605022704,23.231719249395663,74600
2024-05-08,23.350858688354492,23.350858688354492,22.41761807566089,22.98351867375599,40300
2024-05-09,22.75517463684082,23.360788527369817,22.372943074263684,23.23172234071663,41400
2024-05-10,22.149559020996094,23.057979786029147,22.09991934915442,22.88423714731908,52700
2024-05-13,21.98078155517578,22.536755728448046,21.8815022111784,22.149559091056272,27400
2024-05-14,21.86164665222168,22.596324816735812,21.325529079028225,21.950999581087256,78800
2024-05-15,21.613445281982422,21.881504078366333,21.355314799571868,21.722652948424845,52300
2024-05-16,21.7524356842041,22.09495396020147,21.484376915006816,21.831860294303436,50800
2024-05-17,21.19646453857422,21.474449741860745,20.82713998732771,21.474449741860745,62700
2024-05-20,20.839052200317383,21.345384811452814,20.670274663272238,21.345384811452814,44400
2024-05-21,21.553874969482422,21.553874969482422,20.71991744226075,20.848981734083083,55200
2024-05-22,21.81200408935547,21.81200408935547,21.21632044892944,21.3553130458779,76900
2024-05-23,20.352575302124023,21.812003190861482,20.129192999349915,21.812003190861482,53500
2024-05-24,20.69013214111328,20.94826261390106,20.362505366734986,20.362505366734986,41600
2024-05-28,20.451858520507812,20.958191158049917,20.26322434723553,20.958191158049917,49300
2024-05-29,19.598041534423828,20.42207259658014,19.508688608943928,20.362504610804248,40800
2024-05-30,20.48164176940918,20.99790272574014,19.52854636722793,19.851209938342837,94000
2024-05-31,20.521352767944336,20.700058609609343,20.124229727373226,20.491567829789492,53400
2024-06-03,21.98078155517578,22.238912015559595,21.534018826291263,21.841788958673767,119900
2024-06-04,20.759628295898438,21.970854142445972,20.759628295898438,21.970854142445972,49000
2024-06-05,20.67027473449707,20.779484286382626,20.08451750941802,20.70998798741259,65200
2024-06-06,21.34538459777832,21.526074972669026,20.670274456355823,20.809267052425596,94800
2024-06-07,21.34538459777832,21.50423382003866,21.07732582510196,21.07732582510196,28200
2024-06-10,20.799341201782227,20.94826211501997,20.690131648379545,20.83905256161729,28300
2024-06-11,19.57818603515625,21.19547294327744,18.93286078680554,20.55113995821769,119300
2024-06-12,19.1413516998291,19.945526186452238,18.82365133709301,19.945526186452238,115300
2024-06-13,18.813724517822266,19.2803438977175,18.20811064041799,19.2803438977175,141900
2024-06-14,17.999618530273438,18.90506059698822,17.999618530273438,18.71444191217587,70300
2024-06-17,17.282821655273438,18.2186412434321,17.282821655273438,18.2186412434321,78900
2024-06-18,16.944332122802734,17.349522252511882,16.854732097213045,17.282820686392927,77200
2024-06-20,17.58148765563965,17.621310736536298,16.92442201179705,17.033933585393818,55000
2024-06-21,16.795000076293945,17.910019709411436,16.51624421858011,17.56157536198637,139600
2024-06-24,17.44211196899414,17.57153319380704,16.924423272004237,16.924423272004237,52000
2024-06-25,16.984153747558594,17.38237503904488,16.804953691672537,17.173309573090418,66500
2024-06-26,16.814910888671875,17.111586393145203,16.79500124655918,16.92442246520246,41300
2024-06-27,17.74077606201172,17.74077606201172,16.8248660951162,16.85473340558754,53100
2024-06-28,18.29828453063965,18.338107608290695,17.720863196781437,17.720863196781437,183400
2024-07-01,17.84033203125,18.288332198157143,17.601399241855866,18.288332198157143,52400
2024-07-02,19.234106063842773,19.413306116428828,17.939886415628397,17.989663364071696,176000
2024-07-03,20.010639190673828,21.113713013215207,19.54272751564038,20.876770254943224,133400
2024-07-05,20.37899398803711,20.80011375292195,19.970816913988237,20.120149665662634,98000
2024-07-08,20.926549911499023,21.72299251848885,20.757305620155066,21.72299251848885,387900
2024-07-09,21.046016693115234,21.603528452373908,20.956416656765416,20.956416656765416,82200
2024-07-10,21.205303192138672,21.59357061206237,20.90663769884558,20.90663769884558,121900
2024-07-11,21.334726333618164,21.69810338064315,21.195349356367185,21.195349356367185,92500
2024-07-12,21.304859161376953,21.424326498979184,21.0659263850414,21.165482183231777,83800
2024-07-15,21.503971099853516,21.703080800532888,21.245126779988283,21.35463834962675,92000
2024-07-16,21.832504272460938,22.001748565226876,21.393464878159364,21.603527258386134,73400
2024-07-17,21.95197105407715,22.081394173487883,21.782726750987862,21.86237101721405,33100
2024-07-18,21.95197105407715,22.360148155844996,21.90219409976169,21.95197105407715,89400
2024-07-19,22.111257553100586,22.24068066060912,21.531846186722227,21.902192085559143,40900
2024-07-22,22.5692138671875,22.618990817810264,21.942015554543538,22.021659814861327,61100
2024-07-23,22.29045867919922,22.64885881087756,22.051525891036658,22.240681727074563,54100
2024-07-24,22.20085906982422,22.409926450248143,22.056505146361154,22.161037887138594,34100
2024-07-25,22.17099380493164,22.61302013900826,22.08139376970697,22.270549610611166,75800
2024-07-26,22.20085906982422,22.429837991025476,22.180949427915927,22.220770610601555,99100
2024-07-29,22.00174903869629,22.48957038743255,21.971881727964636,22.13117025412876,112000
2024-07-30,22.63890266418457,22.66876997428406,21.89223700151805,22.04156975427756,94800
2024-07-31,22.79819107055664,23.556804412936632,22.36512552010485,22.409925535590826,134000
2024-08-01,22.6588134765625,22.798190454812747,22.484590354880773,22.609034627995328,28500
2024-08-02,22.39997100830078,22.718548069933117,22.021661222329648,22.101305487737733,55500
2024-08-05,22.25063705444336,22.449746757848327,21.752859947627485,21.76281571762808,58400
2024-08-06,22.43979263305664,22.69863505467024,22.11125792335772,22.11125792335772,44200
2024-08-07,22.838014602661133,23.037124309642937,22.22077014361883,22.54930296406436,79200
2024-08-08,22.897747039794922,23.116768284408824,22.330281438714692,22.37508145452992,47100
2024-08-09,23.03712272644043,23.325834345195794,22.823078429464935,23.05703426543091,103000
2024-08-12,21.991792678833008,23.20636813298788,21.92708112341724,23.20636813298788,85100
2024-08-13,22.20085906982422,22.310370645230517,21.693128072085496,21.961926277103338,52500
2024-08-14,22.768325805664062,22.8977470185273,22.3004141078354,22.45970263083738,38300
2024-08-15,23.305923461914062,23.572731635738954,22.927613704795586,23.246190742130917,78300
2024-08-16,23.266101837158203,23.465211532254123,22.98734598538125,23.345746094970348,50200
2024-08-19,23.176504135131836,23.36565807962103,22.897748255386436,23.305925354985973,39700
2024-08-20,22.718547821044922,23.139667605588443,22.04157062305815,23.017215237205054,90800
2024-08-21,23.286012649536133,23.335791499967346,22.489570031326593,22.658814325054745,55100
2024-08-22,23.972946166992188,24.07250197136295,23.146636218792217,23.34574782753374,63700
2024-08-23,24.0924129486084,24.39107845586734,23.534901216717188,24.341301504280512,73900
2024-08-26,23.773834228515625,24.21785246423537,23.763880357198733,24.072501637485495,24400
2024-08-27,22.031612396240234,22.987345362977507,22.021658525793505,22.89774533800624,211600
2024-08-28,22.031612396240234,22.19090280642048,21.95196814058453,22.101302781449206,67700
2024-08-29,22.10130500793457,22.10130500793457,22.011704973936993,22.011704973936993,40700
2024-08-30,22.07143783569336,22.14112632949189,21.820557359149607,22.101305146836605,33900
2024-09-03,21.971881866455078,22.23072619782055,21.752860616316152,21.90219337317765,98500
2024-09-04,21.862369537353516,22.210813890582852,21.752859865498383,21.882281077279526,52300
2024-09-05,21.902193069458008,21.912148839626585,21.693127592524846,21.912148839626585,35500
2024-09-06,21.77277183532715,21.912148819823294,21.683171802759915,21.912148819823294,36800
2024-09-09,21.82254981994629,21.90717102200369,21.77277286566183,21.77277286566183,30000
2024-09-10,21.722993850708008,21.822549657404494,21.663261126237746,21.80263811629138,27800
2024-09-11,21.713037490844727,21.84246060569825,21.703081720558377,21.84246060569825,26200
2024-09-12,21.613481521606445,21.82254889828334,21.54379302900382,21.713037324839775,110100
2024-09-13,21.862369537353516,21.94699263260458,21.603527113791227,21.603527113791227,48200
2024-09-16,21.81247901916504,21.91725030224393,21.71269602914609,21.862369562573395,26300
2024-09-17,21.792522430419922,21.88232693272348,21.672782459614417,21.81247940942122,36500
2024-09-18,21.892305374145508,21.952174407815644,21.742631838369036,21.79252238256044,45300
2024-09-19,21.832433700561523,22.09186870864745,21.722674126403703,22.09186870864745,50300
2024-09-20,22.191652297973633,22.386228083508026,21.722674714808626,21.722674714808626,196500
2024-09-23,21.85239028930664,22.19165130127889,21.747619009986373,22.1118252927679,52900
2024-09-24,21.85239028930664,21.862368778270785,21.752607302867364,21.862368778270785,81800
2024-09-25,21.702716827392578,21.972130320639078,21.682759849403467,21.972130320639078,62500
2024-09-26,21.742631912231445,21.82445248111139,21.612913451769504,21.612913451769504,40500
2024-09-27,21.73265266418457,21.892304684409805,21.702717196691513,21.702717196691513,101200
2024-09-30,21.81247901916504,21.81247901916504,21.641849325919722,21.71269602914609,29700
2024-10-01,21.85239028930664,21.862368778270785,21.563021722155117,21.802499747688085,24700
2024-10-02,21.832433700561523,22.17169471858141,21.727662419373612,21.852390678845566,63700
2024-10-03,21.85239028930664,21.85239028930664,21.610917707902146,21.692738272284664,22600
2024-10-04,21.90228271484375,21.93221627850766,21.722673720051617,21.88232573693303,16100
2024-10-07,22.091869354248047,22.14176180141618,21.802500773481917,21.932217329714543,32400
2024-10-08,22.091869354248047,22.14176180141618,21.942195819148168,21.9920882663163,14800
2024-10-09,21.922239303588867,22.091869821140996,21.812479723903817,21.982110241455945,16700
2024-10-10,21.832433700561523,21.922238199637505,21.782543158053624,21.822457114621706,18000
2024-10-11,22.031999588012695,22.031999588012695,21.78254307007632,21.92223811109599,18300
2024-10-14,21.802499771118164,22.03199930793362,21.712695273546522,22.03199930793362,28100
2024-10-15,21.9621524810791,21.9621524810791,21.70670848423091,21.802500458849536,21600
2024-10-16,21.98210906982422,22.002064144847356,21.852390614561752,21.882326081899752,37200
2024-10-17,21.882326126098633,21.92223817942772,21.662803171580965,21.86236914783299,56900
2024-10-18,21.782543182373047,21.922238224112892,21.6927386831968,21.89230465985561,28000
2024-10-21,21.73265266418457,21.762586228475424,21.712695685855866,21.712695685855866,15500
2024-10-22,21.792522430419922,21.852391464221537,21.692739438615714,21.70271792811636,19200
2024-10-23,21.73265266418457,21.812478674297186,21.69273870752716,21.772564717639778,8600
2024-10-24,21.67278289794922,21.72267534646154,21.660809852227647,21.660809852227647,12300
2024-10-25,21.702716827392578,21.802499814135967,21.63286930763286,21.802499814135967,43400
2024-10-28,21.722675323486328,21.852391883076546,21.692739854410597,21.702718344102507,16300
2024-10-29,21.752607345581055,21.78254281253227,21.682759825897055,21.72267378183201,14500
2024-10-30,21.95217514038086,21.95217514038086,21.702718604694713,21.792523109797912,20600
2024-10-31,21.8424129486084,22.236554719002573,21.83542819628652,21.88232690656327,61500
2024-11-01,21.73265266418457,22.06692348678046,21.702717196691513,21.902283173574155,38600
2024-11-04,21.922239303588867,21.922239303588867,21.6528276959962,21.7406357403847,25600
2024-11-05,21.752607345581055,21.952173318851482,21.682759825897055,21.77256432354853,29600
2024-11-06,22.031999588012695,22.081890130319096,21.65282651815837,21.792521559178038,63200
2024-11-07,21.992088317871094,22.091869406036754,21.8523913686751,21.8523913686751,35900
2024-11-08,22.002065658569336,22.02202263816769,21.85239211798633,21.952175112775777,38500
2024-11-11,21.992088317871094,22.239548385517455,21.982109828414075,22.002064904125852,70700
2024-11-12,22.101848602294922,22.13178407162329,21.752609072939904,21.902284516379428,38700
2024-11-13,22.680585861206055,22.969956331813606,22.101846823193128,22.24154376561154,78000
2024-11-14,22.530912399291992,22.6805859279214,22.50097693228524,22.6805859279214,50800
2024-11-15,22.29143524169922,22.650653246972798,22.131783217844795,22.55087025626322,27200
2024-11-18,22.101848602294922,22.331348157538788,22.091870112518798,22.321371570964985,29600
2024-11-19,21.98210906982422,22.15672787129039,21.902283060125082,22.002064144847356,21700
2024-11-20,22.012042999267578,22.121804478126293,21.782543455474112,22.121804478126293,77600
2024-11-21,23.249347686767578,23.718327178232606,22.01603454939352,22.10184803671036,131200
2024-11-22,22.620718002319336,23.199457070310828,22.256511700352494,22.870174529957087,51300
2024-11-25,22.35130500793457,22.850218074643834,22.331348028497644,22.830261095206907,63000
2024-11-26,22.910085678100586,22.974944905616383,22.401196056675694,22.451086598948034,36300
2024-11-27,22.8901309967041,23.05976150782989,22.817289737940765,22.840238550371676,20300
2024-11-29,22.710521697998047,22.949999727641345,22.660629252320987,22.830259761218596,21900
2024-12-02,22.730478286743164,22.82028278422072,22.56084778075246,22.63069530030119,22800
2024-12-03,22.69056510925293,22.6955553055074,22.171695084517314,22.670608130639504,23200
2024-12-04,22.930044174194336,22.999891699280198,22.590783135318162,22.590783135318162,28800
2024-12-05,23.75823974609375,23.907913285732523,22.720501555156265,22.720501555156265,74900
2024-12-06,23.53871726989746,23.80813076701203,23.399022228372367,23.688390800560377,32200
2024-12-09,23.408998489379883,23.628521440960466,23.408998489379883,23.52873845416949,22700
2024-12-10,23.468870162963867,23.598586717638447,23.3591086837146,23.538717684958044,20400
2024-12-11,22.710521697998047,23.529736053032746,22.55086967823585,23.37906524445308,157000
2024-12-12,22.96995735168457,23.061756409187662,22.651650581164247,22.690565357644857,31800
2024-12-13,22.950000762939453,22.950000762939453,22.75043477763298,22.950000762939453,21000
2024-12-16,22.440000534057617,22.90999984741211,22.440000534057617,22.90999984741211,59800
2024-12-17,22.139999389648438,22.520000457763672,22.139999389648438,22.399999618530273,40900
2024-12-18,21.93000030517578,22.479999542236328,21.899999618530273,22.1200008392334,101200
2024-12-19,21.799999237060547,22.149999618530273,21.760000228881836,22.110000610351562,61300
2024-12-20,22.639999389648438,22.75,21.719999313354492,21.760000228881836,102700
2024-12-23,22.329999923706055,22.600000381469727,22.329999923706055,22.600000381469727,24900
2024-12-24,22.450000762939453,22.489999771118164,22.239999771118164,22.350000381469727,18100
2024-12-26,22.440000534057617,22.6200008392334,22.260000228881836,22.260000228881836,17200
2024-12-27,22.360000610351562,22.559999465942383,22.295000076293945,22.389999389648438,14700
2024-12-30,22.110000610351562,22.399999618530273,21.950000762939453,22.3700008392334,32800
2024-12-31,22.299999237060547,22.540000915527344,22.125,22.239999771118164,31500
2025-01-02,22.239999771118164,22.459999084472656,21.600000381469727,22.459999084472656,171300
2025-01-03,22.469999313354492,22.549999237060547,22.173999786376953,22.25,30700
2025-01-06,22.510000228881836,22.639999389648438,22.40999984741211,22.40999984741211,28100
2025-01-07,22.600000381469727,22.639999389648438,22.450000762939453,22.510000228881836,15000
2025-01-08,22.520000457763672,22.6299991607666,22.399999618530273,22.440000534057617,24900
2025-01-10,22.34000015258789,22.399999618530273,22.25,22.31999969482422,24200
2025-01-13,22.389999389648438,22.600000381469727,22.229999542236328,22.229999542236328,18900
2025-01-14,22.559999465942383,22.639999389648438,22.149999618530273,22.309999465942383,49100
2025-01-15,22.520000457763672,22.639999389648438,22.47599983215332,22.639999389648438,14000
2025-01-16,22.520000457763672,22.56999969482422,22.399999618530273,22.549999237060547,7700
2025-01-17,22.639999389648438,22.639999389648438,22.5,22.520000457763672,13700
2025-01-21,22.559999465942383,22.639999389648438,22.43000030517578,22.43000030517578,22400
2025-01-22,22.68000030517578,22.75,22.349000930786133,22.510000228881836,85600
2025-01-23,22.690000534057617,22.84000015258789,22.520000457763672,22.739999771118164,16400
2025-01-24,22.709999084472656,23.100000381469727,22.510000228881836,22.510000228881836,27300
2025-01-27,22.639999389648438,22.809999465942383,22.506799697875977,22.690000534057617,12636
