Price,Close,High,Low,Open,Volume
Ticker,PDSB,PDSB,PDSB,PDSB,PDSB
Date,,,,,
2020-01-28,2.609999895095825,3.009999990463257,2.609999895095825,3.0,97100
2020-01-29,2.552999973297119,2.700000047683716,2.4549999237060547,2.686000108718872,47100
2020-01-30,2.619999885559082,2.6500000953674316,2.4100000858306885,2.559999942779541,38100
2020-01-31,2.4700000286102295,2.640000104904175,2.380000114440918,2.5,101400
2020-02-03,2.4700000286102295,2.569999933242798,2.3299999237060547,2.3299999237060547,15100
2020-02-04,2.5199999809265137,2.5899999141693115,2.4019999504089355,2.5199999809265137,15200
2020-02-05,2.309999942779541,2.5999999046325684,2.109999895095825,2.559999942779541,130600
2020-02-06,2.640000104904175,2.700000047683716,2.2100000381469727,2.2750000953674316,71800
2020-02-07,2.2799999713897705,2.6600000858306885,2.2200000286102295,2.6600000858306885,143900
2020-02-10,2.0299999713897705,2.444999933242798,2.0299999713897705,2.4000000953674316,142900
2020-02-11,1.7799999713897705,2.049999952316284,1.7200000286102295,2.0399999618530273,192400
2020-02-12,1.3200000524520874,1.3600000143051147,1.2899999618530273,1.2999999523162842,1249900
2020-02-13,1.3600000143051147,1.3700000047683716,1.3200000524520874,1.3600000143051147,228500
2020-02-14,1.350000023841858,1.3600000143051147,1.309999942779541,1.3600000143051147,109900
2020-02-18,1.3550000190734863,1.399999976158142,1.2999999523162842,1.399999976158142,230300
2020-02-19,1.3700000047683716,1.399999976158142,1.3600000143051147,1.399999976158142,61900
2020-02-20,1.3700000047683716,1.3799999952316284,1.340000033378601,1.3799999952316284,89300
2020-02-21,1.309999942779541,1.399999976158142,1.309999942779541,1.399999976158142,207400
2020-02-24,1.2999999523162842,1.350000023841858,1.2999999523162842,1.2999999523162842,130100
2020-02-25,1.2999999523162842,1.3600000143051147,1.2799999713897705,1.2799999713897705,167600
2020-02-26,1.2799999713897705,1.340000033378601,1.2799999713897705,1.340000033378601,185100
2020-02-27,1.2599999904632568,1.3279999494552612,1.2599999904632568,1.2799999713897705,148700
2020-02-28,1.1799999475479126,1.2599999904632568,1.1030000448226929,1.2599999904632568,138100
2020-03-02,1.2100000381469727,1.2400000095367432,1.1699999570846558,1.2000000476837158,211300
2020-03-03,1.2899999618530273,1.340000033378601,1.2300000190734863,1.2400000095367432,78400
2020-03-04,1.2999999523162842,1.3300000429153442,1.2699999809265137,1.2999999523162842,103200
2020-03-05,1.2799999713897705,1.3799999952316284,1.2699999809265137,1.3300000429153442,97400
2020-03-06,1.2000000476837158,1.340000033378601,1.1699999570846558,1.340000033378601,117800
2020-03-09,1.0299999713897705,1.190000057220459,0.8040000200271606,1.190000057220459,224200
2020-03-10,0.9599999785423279,1.149999976158142,0.9549999833106995,1.149999976158142,75900
2020-03-11,0.9200000166893005,1.149999976158142,0.9139999747276306,1.0,86600
2020-03-12,0.925000011920929,0.949999988079071,0.75,0.8370000123977661,57400
2020-03-13,0.8899999856948853,1.0,0.8199999928474426,0.9150000214576721,118300
2020-03-16,0.8579999804496765,0.8899999856948853,0.6970000267028809,0.8899999856948853,89200
2020-03-17,0.7799999713897705,1.0,0.7419999837875366,0.8500000238418579,64900
2020-03-18,0.699999988079071,0.800000011920929,0.6299999952316284,0.800000011920929,99000
2020-03-19,0.7400000095367432,0.8399999737739563,0.6510000228881836,0.7400000095367432,71200
2020-03-20,0.6700000166893005,0.7580000162124634,0.6600000262260437,0.7059999704360962,101600
2020-03-23,0.699999988079071,0.777999997138977,0.6200000047683716,0.6899999976158142,82900
2020-03-24,0.675000011920929,0.7200000286102295,0.625,0.6899999976158142,209900
2020-03-25,0.699999988079071,0.7409999966621399,0.6800000071525574,0.6869999766349792,191200
2020-03-26,0.7329999804496765,0.7630000114440918,0.6800000071525574,0.7350000143051147,174700
2020-03-27,0.7400000095367432,0.7400000095367432,0.6600000262260437,0.7400000095367432,149200
2020-03-30,0.75,0.8100000023841858,0.699999988079071,0.765999972820282,171400
2020-03-31,0.7289999723434448,0.800000011920929,0.6629999876022339,0.7590000033378601,209200
2020-04-01,0.675000011920929,0.7110000252723694,0.6449999809265137,0.7049999833106995,118200
2020-04-02,0.6489999890327454,0.7229999899864197,0.6150000095367432,0.6399999856948853,89800
2020-04-03,0.671999990940094,0.699999988079071,0.6200000047683716,0.699999988079071,93100
2020-04-06,0.7200000286102295,0.7400000095367432,0.6209999918937683,0.6549999713897705,475300
2020-04-07,0.7289999723434448,0.7900000214576721,0.699999988079071,0.7300000190734863,365000
2020-04-08,0.7200000286102295,0.75,0.675000011920929,0.7400000095367432,111800
2020-04-09,0.7200000286102295,0.7400000095367432,0.6800000071525574,0.7239999771118164,109800
2020-04-13,0.75,0.800000011920929,0.6639999747276306,0.7350000143051147,179900
2020-04-14,0.8360000252723694,0.8899999856948853,0.7599999904632568,0.7900000214576721,461500
2020-04-15,0.8299999833106995,0.8560000061988831,0.7099999785423279,0.8399999737739563,303600
2020-04-16,1.100000023841858,1.6200000047683716,1.0099999904632568,1.0099999904632568,20174400
2020-04-17,0.9950000047683716,1.0299999713897705,0.8899999856948853,1.0199999809265137,1325900
2020-04-20,0.949999988079071,0.9900000095367432,0.925000011920929,0.9900000095367432,413200
2020-04-21,0.9369999766349792,0.9800000190734863,0.8999999761581421,0.9700000286102295,441900
2020-04-22,0.9100000262260437,0.9710000157356262,0.8799999952316284,0.9710000157356262,539900
2020-04-23,0.9449999928474426,0.9580000042915344,0.8799999952316284,0.8999999761581421,441500
2020-04-24,0.949999988079071,1.0399999618530273,0.9100000262260437,0.968999981880188,412400
2020-04-27,0.9480000138282776,0.9900000095367432,0.9300000071525574,0.949999988079071,398000
2020-04-28,0.9700000286102295,0.9700000286102295,0.9300000071525574,0.9700000286102295,146500
2020-04-29,0.949999988079071,1.0099999904632568,0.9409999847412109,0.9739999771118164,570300
2020-04-30,0.949999988079071,0.9900000095367432,0.9200000166893005,0.9700000286102295,658200
2020-05-01,0.9100000262260437,0.949999988079071,0.8700000047683716,0.949999988079071,262100
2020-05-04,0.8799999952316284,0.9200000166893005,0.8399999737739563,0.8999999761581421,199600
2020-05-05,0.8579999804496765,0.9200000166893005,0.8579999804496765,0.8859999775886536,180600
2020-05-06,0.828000009059906,0.8999999761581421,0.828000009059906,0.8889999985694885,182400
2020-05-07,0.8700000047683716,0.8700000047683716,0.8100000023841858,0.8500000238418579,191600
2020-05-08,0.8619999885559082,0.8999999761581421,0.8349999785423279,0.8899999856948853,154400
2020-05-11,0.9440000057220459,0.9440000057220459,0.8799999952316284,0.9100000262260437,240800
2020-05-12,0.9079999923706055,0.9599999785423279,0.8809999823570251,0.9399999976158142,189800
2020-05-13,0.8730000257492065,0.9200000166893005,0.8199999928474426,0.9100000262260437,231000
2020-05-14,0.8870000243186951,0.9300000071525574,0.8399999737739563,0.9169999957084656,83500
2020-05-15,0.8799999952316284,0.8999999761581421,0.8420000076293945,0.8899999856948853,78800
2020-05-18,0.8920000195503235,0.9419999718666077,0.8799999952316284,0.9419999718666077,171100
2020-05-19,0.9300000071525574,0.9440000057220459,0.8859999775886536,0.890999972820282,169300
2020-05-20,1.0399999618530273,1.100000023841858,0.8999999761581421,0.9319999814033508,1243900
2020-05-21,1.2200000286102295,1.2999999523162842,1.0700000524520874,1.1100000143051147,6482600
2020-05-22,1.1799999475479126,1.2200000286102295,1.100000023841858,1.1399999856948853,753500
2020-05-26,1.1699999570846558,1.340000033378601,1.159999966621399,1.2300000190734863,886700
2020-05-27,1.215000033378601,1.2599999904632568,1.1200000047683716,1.2599999904632568,606300
2020-05-28,1.25,1.3600000143051147,1.2000000476837158,1.25,909700
2020-05-29,1.309999942779541,1.3799999952316284,1.1799999475479126,1.2300000190734863,1206900
2020-06-01,1.2200000286102295,1.350000023841858,1.2050000429153442,1.2899999618530273,577300
2020-06-02,1.2899999618530273,1.3200000524520874,1.25,1.2799999713897705,474100
2020-06-03,1.3799999952316284,1.409999966621399,1.2999999523162842,1.3300000429153442,1100200
2020-06-04,1.399999976158142,1.6100000143051147,1.3300000429153442,1.3600000143051147,1164000
2020-06-05,1.340000033378601,1.4900000095367432,1.309999942779541,1.4500000476837158,656700
2020-06-08,1.4900000095367432,1.5,1.3300000429153442,1.3700000047683716,615600
2020-06-09,1.5399999618530273,1.6799999475479126,1.3700000047683716,1.4500000476837158,1062900
2020-06-10,1.4299999475479126,1.5499999523162842,1.350000023841858,1.5299999713897705,500200
2020-06-11,1.190000057220459,1.3899999856948853,1.1200000047683716,1.340000033378601,642900
2020-06-12,1.2649999856948853,1.3200000524520874,1.2200000286102295,1.3200000524520874,231300
2020-06-15,1.2999999523162842,1.350000023841858,1.2100000381469727,1.25,247700
2020-06-16,1.3799999952316284,1.5499999523162842,1.340000033378601,1.4199999570846558,754200
2020-06-17,1.440000057220459,1.590000033378601,1.3799999952316284,1.5499999523162842,934200
2020-06-18,1.4299999475479126,1.4600000381469727,1.3799999952316284,1.440000057220459,338200
2020-06-19,1.4500000476837158,1.4500000476837158,1.3799999952316284,1.4299999475479126,183100
2020-06-22,1.3799999952316284,1.4989999532699585,1.3300000429153442,1.4900000095367432,225000
2020-06-23,1.4500000476837158,1.4900000095367432,1.350000023841858,1.440000057220459,367600
2020-06-24,1.350000023841858,1.440000057220459,1.309999942779541,1.440000057220459,199100
2020-06-25,1.3799999952316284,1.4049999713897705,1.2999999523162842,1.340000033378601,150500
2020-06-26,1.6200000047683716,1.8700000047683716,1.399999976158142,1.409999966621399,2737300
2020-06-29,2.5999999046325684,3.1500000953674316,1.8799999952316284,1.8869999647140503,36794300
2020-06-30,2.009999990463257,2.240000009536743,1.7400000095367432,2.140000104904175,4038400
2020-07-01,1.7200000286102295,1.8899999856948853,1.6399999856948853,1.850000023841858,1147300
2020-07-02,1.6699999570846558,1.7799999713897705,1.6399999856948853,1.7799999713897705,590400
2020-07-06,1.7100000381469727,1.7400000095367432,1.6200000047683716,1.6399999856948853,491400
2020-07-07,2.049999952316284,2.5,1.7200000286102295,1.7200000286102295,8151200
2020-07-08,1.899999976158142,2.049999952316284,1.7999999523162842,1.8700000047683716,1182000
2020-07-09,1.9900000095367432,2.1500000953674316,1.940000057220459,2.009999990463257,858500
2020-07-10,2.0199999809265137,2.0899999141693115,1.909999966621399,1.9700000286102295,357800
2020-07-13,1.8700000047683716,2.049999952316284,1.850000023841858,2.049999952316284,790300
2020-07-14,2.0399999618530273,2.0999999046325684,1.8200000524520874,1.9500000476837158,2072200
2020-07-15,2.7200000286102295,2.880000114440918,2.109999895095825,2.140000104904175,3439000
2020-07-16,2.5,2.5899999141693115,2.3299999237060547,2.5139999389648438,1173700
2020-07-17,3.009999990463257,3.359999895095825,2.561000108718872,2.5799999237060547,3047800
2020-07-20,4.190000057220459,4.369999885559082,3.440000057220459,3.5399999618530273,5150000
2020-07-21,3.619999885559082,4.550000190734863,3.319999933242798,4.25,2514400
2020-07-22,3.799999952316284,3.9000000953674316,3.609999895095825,3.8399999141693115,861700
2020-07-23,3.809999942779541,3.9800000190734863,3.3399999141693115,3.549999952316284,858200
2020-07-24,3.5799999237060547,3.880000114440918,3.450000047683716,3.880000114440918,303700
2020-07-27,3.890000104904175,4.489999771118164,3.609999895095825,4.210000038146973,5457400
2020-07-28,3.6700000762939453,4.0,3.509999990463257,3.9600000381469727,783400
2020-07-29,3.5899999141693115,3.7300000190734863,3.4600000381469727,3.700000047683716,711900
2020-07-30,3.8499999046325684,3.9000000953674316,3.490000009536743,3.569999933242798,1153300
2020-07-31,3.6600000858306885,3.940000057220459,3.619999885559082,3.9200000762939453,446800
2020-08-03,4.300000190734863,4.400000095367432,3.609999895095825,3.880000114440918,1532100
2020-08-04,4.670000076293945,4.980000019073486,4.159999847412109,4.449999809265137,1857400
2020-08-05,4.349999904632568,4.938000202178955,4.28000020980835,4.78000020980835,1237400
2020-08-06,3.859999895095825,4.389999866485596,3.8499999046325684,4.309999942779541,1156000
2020-08-07,3.924999952316284,4.320000171661377,3.8499999046325684,3.9000000953674316,1056300
2020-08-10,3.9200000762939453,4.059999942779541,3.7300000190734863,3.940000057220459,1544000
2020-08-11,3.0,3.109999895095825,2.9000000953674316,3.049999952316284,5781600
2020-08-12,2.940000057220459,3.0,2.9000000953674316,3.0,1171700
2020-08-13,2.940000057220459,3.0,2.7899999618530273,3.0,1376400
2020-08-14,2.7899999618530273,2.9600000381469727,2.690000057220459,2.930000066757202,1353000
2020-08-17,2.819999933242798,2.940000057220459,2.7200000286102295,2.7699999809265137,950200
2020-08-18,2.9600000381469727,2.990000009536743,2.8299999237060547,2.880000114440918,941300
2020-08-19,2.950000047683716,3.049999952316284,2.9000000953674316,2.9600000381469727,633200
2020-08-20,2.9200000762939453,2.9700000286102295,2.859999895095825,2.9200000762939453,335500
2020-08-21,2.950000047683716,3.259999990463257,2.819999933242798,3.0,3872500
2020-08-24,2.7699999809265137,2.930000066757202,2.690000057220459,2.9200000762939453,1292300
2020-08-25,2.740000009536743,2.7799999713897705,2.630000114440918,2.7300000190734863,609100
2020-08-26,2.7300000190734863,2.815000057220459,2.700000047683716,2.700000047683716,450900
2020-08-27,2.369999885559082,2.7300000190734863,2.319999933242798,2.7200000286102295,1368300
2020-08-28,2.430000066757202,2.4800000190734863,2.2899999618530273,2.440000057220459,293200
2020-08-31,2.430000066757202,2.430000066757202,2.2799999713897705,2.4200000762939453,382400
2020-09-01,2.3399999141693115,2.430000066757202,2.299999952316284,2.369999885559082,338100
2020-09-02,2.2100000381469727,2.359999895095825,2.0899999141693115,2.3299999237060547,1060600
2020-09-03,2.0899999141693115,2.2200000286102295,2.0399999618530273,2.1600000858306885,450000
2020-09-04,2.299999952316284,2.3399999141693115,1.840000033378601,2.0899999141693115,892100
2020-09-08,2.1600000858306885,2.2899999618530273,2.059999942779541,2.200000047683716,321300
2020-09-09,2.180000066757202,2.2300000190734863,2.1600000858306885,2.1600000858306885,150100
2020-09-10,2.1700000762939453,2.25,2.1549999713897705,2.1700000762939453,168600
2020-09-11,2.1600000858306885,2.2200000286102295,2.0999999046325684,2.200000047683716,170100
2020-09-14,2.319999933242798,2.3499999046325684,2.1600000858306885,2.1600000858306885,549600
2020-09-15,2.509999990463257,2.5399999618530273,2.3299999237060547,2.3399999141693115,631000
2020-09-16,2.549999952316284,2.6500000953674316,2.4800000190734863,2.5,612800
2020-09-17,2.549999952316284,2.6070001125335693,2.4000000953674316,2.5199999809265137,274700
2020-09-18,2.8299999237060547,2.8499999046325684,2.450000047683716,2.5299999713897705,1198300
2020-09-21,2.740000009536743,2.819999933242798,2.569999933242798,2.819999933242798,472600
2020-09-22,2.6700000762939453,2.7799999713897705,2.6059999465942383,2.7699999809265137,135700
2020-09-23,2.380000114440918,2.680000066757202,2.3499999046325684,2.680000066757202,282500
2020-09-24,2.240000009536743,2.3499999046325684,2.180000066757202,2.3399999141693115,291300
2020-09-25,2.3399999141693115,2.5399999618530273,2.2300000190734863,2.2300000190734863,388400
2020-09-28,2.359999895095825,2.440000057220459,2.2699999809265137,2.4000000953674316,292200
2020-09-29,2.3299999237060547,2.4100000858306885,2.2799999713897705,2.319999933242798,228000
2020-09-30,2.3299999237060547,2.434999942779541,2.2899999618530273,2.319999933242798,373600
2020-10-01,2.240000009536743,2.440000057220459,2.1500000953674316,2.3299999237060547,390000
2020-10-02,2.190000057220459,2.2309999465942383,2.119999885559082,2.1700000762939453,270500
2020-10-05,2.25,2.309999942779541,2.1500000953674316,2.180000066757202,304900
2020-10-06,2.4000000953674316,2.490000009536743,2.200000047683716,2.240000009536743,369600
2020-10-07,2.390000104904175,2.4600000381469727,2.3299999237060547,2.4000000953674316,140600
2020-10-08,2.319999933242798,2.4079999923706055,2.2899999618530273,2.4000000953674316,154700
2020-10-09,2.3299999237060547,2.359999895095825,2.249000072479248,2.2899999618530273,148400
2020-10-12,2.2799999713897705,2.299999952316284,2.2100000381469727,2.2899999618530273,158700
2020-10-13,2.4700000286102295,2.490000009536743,2.2300000190734863,2.2300000190734863,507200
2020-10-14,2.3499999046325684,2.4600000381469727,2.319999933242798,2.4600000381469727,98900
2020-10-15,2.359999895095825,2.390000104904175,2.259999990463257,2.2899999618530273,92500
2020-10-16,2.369999885559082,2.390000104904175,2.2839999198913574,2.3299999237060547,132500
2020-10-19,2.2799999713897705,2.4100000858306885,2.2100000381469727,2.369999885559082,169200
2020-10-20,2.180000066757202,2.305999994277954,2.119999885559082,2.2699999809265137,322900
2020-10-21,2.059999942779541,2.190000057220459,1.975000023841858,2.180000066757202,529400
2020-10-22,2.2200000286102295,2.299999952316284,1.934999942779541,2.049999952316284,548400
2020-10-23,2.2300000190734863,2.259999990463257,2.130000114440918,2.2100000381469727,70300
2020-10-26,2.109999895095825,2.25,2.0299999713897705,2.2200000286102295,172800
2020-10-27,2.0799999237060547,2.1600000858306885,2.0299999713897705,2.0799999237060547,150500
2020-10-28,1.909999966621399,2.049999952316284,1.8700000047683716,2.049999952316284,660200
2020-10-29,2.140000104904175,2.240000009536743,1.899999976158142,1.9199999570846558,530200
2020-10-30,1.9900000095367432,2.140000104904175,1.940000057220459,2.059999942779541,597600
2020-11-02,2.069999933242798,2.130000114440918,1.9600000381469727,2.130000114440918,199600
2020-11-03,2.0899999141693115,2.0899999141693115,1.940000057220459,2.049999952316284,161300
2020-11-04,2.4700000286102295,2.549999952316284,2.0420000553131104,2.0899999141693115,2334100
2020-11-05,2.309999942779541,2.450000047683716,2.259999990463257,2.3949999809265137,573200
2020-11-06,2.380000114440918,2.380000114440918,2.200000047683716,2.259999990463257,279200
2020-11-09,2.0399999618530273,2.2899999618530273,1.9700000286102295,2.240000009536743,803300
2020-11-10,2.109999895095825,2.2300000190734863,1.940000057220459,2.1600000858306885,564400
2020-11-11,2.2300000190734863,2.2300000190734863,2.0799999237060547,2.109999895095825,271100
2020-11-12,2.0999999046325684,2.190000057220459,2.059999942779541,2.190000057220459,263400
2020-11-13,2.049999952316284,2.119999885559082,1.9800000190734863,2.0999999046325684,403500
2020-11-16,2.069999933242798,2.1500000953674316,2.0299999713897705,2.0899999141693115,180600
2020-11-17,2.119999885559082,2.1700000762939453,2.046999931335449,2.0799999237060547,193500
2020-11-18,2.0399999618530273,2.180000066757202,2.0199999809265137,2.119999885559082,267700
2020-11-19,2.0,2.049999952316284,1.9600000381469727,2.0399999618530273,208700
2020-11-20,1.9800000190734863,2.0799999237060547,1.9800000190734863,2.009999990463257,214400
2020-11-23,1.9500000476837158,2.0299999713897705,1.9299999475479126,2.0199999809265137,349400
2020-11-24,1.940000057220459,2.0199999809265137,1.9299999475479126,2.0,307800
2020-11-25,1.9600000381469727,1.9800000190734863,1.9149999618530273,1.9500000476837158,193000
2020-11-27,2.119999885559082,2.180000066757202,1.940000057220459,1.9600000381469727,433700
2020-11-30,2.1600000858306885,2.200000047683716,2.069999933242798,2.130000114440918,315100
2020-12-01,2.1500000953674316,2.259999990463257,2.119999885559082,2.190000057220459,233000
2020-12-02,2.1700000762939453,2.194999933242798,2.0999999046325684,2.119999885559082,238500
2020-12-03,2.0999999046325684,2.190000057220459,2.0899999141693115,2.1600000858306885,125400
2020-12-04,2.6700000762939453,2.7300000190734863,2.2009999752044678,2.2300000190734863,5735300
2020-12-07,2.369999885559082,2.609999895095825,2.299999952316284,2.609999895095825,1310600
2020-12-08,2.430000066757202,2.430000066757202,2.3299999237060547,2.369999885559082,327100
2020-12-09,2.140000104904175,2.3980000019073486,2.049999952316284,2.380000114440918,981300
2020-12-10,2.180000066757202,2.240000009536743,2.0999999046325684,2.1500000953674316,289100
2020-12-11,2.190000057220459,2.2100000381469727,2.0899999141693115,2.2100000381469727,327800
2020-12-14,2.109999895095825,2.200000047683716,2.0999999046325684,2.200000047683716,341000
2020-12-15,2.130000114440918,2.1500000953674316,2.0299999713897705,2.0999999046325684,414900
2020-12-16,2.0999999046325684,2.1700000762939453,2.069999933242798,2.1700000762939453,189000
2020-12-17,2.0799999237060547,2.130000114440918,2.049999952316284,2.0799999237060547,176700
2020-12-18,2.0399999618530273,2.1600000858306885,2.0399999618530273,2.059999942779541,421500
2020-12-21,2.2300000190734863,2.3299999237060547,2.059999942779541,2.2100000381469727,1410200
2020-12-22,2.2799999713897705,2.2909998893737793,2.130000114440918,2.25,348100
2020-12-23,2.4000000953674316,2.4700000286102295,2.2699999809265137,2.2899999618530273,578300
2020-12-24,2.309999942779541,2.430000066757202,2.309999942779541,2.4200000762939453,176300
2020-12-28,2.190000057220459,2.3369998931884766,2.180999994277954,2.319999933242798,273700
2020-12-29,2.180000066757202,2.240000009536743,2.0209999084472656,2.119999885559082,572200
2020-12-30,2.2300000190734863,2.2799999713897705,2.180000066757202,2.200000047683716,203600
2020-12-31,2.140000104904175,2.2799999713897705,2.130000114440918,2.240000009536743,322100
2021-01-04,2.2799999713897705,2.3399999141693115,2.130000114440918,2.200000047683716,531300
2021-01-05,2.4000000953674316,2.450000047683716,2.2799999713897705,2.309999942779541,537800
2021-01-06,2.369999885559082,2.5,2.3299999237060547,2.4000000953674316,394500
2021-01-07,2.5299999713897705,2.569999933242798,2.380000114440918,2.380000114440918,349800
2021-01-08,2.390000104904175,2.619999885559082,2.3499999046325684,2.5299999713897705,359300
2021-01-11,2.4600000381469727,2.5,2.3399999141693115,2.390000104904175,246300
2021-01-12,2.5,2.549999952316284,2.450000047683716,2.490000009536743,266800
2021-01-13,2.5999999046325684,2.5999999046325684,2.440000057220459,2.490000009536743,264300
2021-01-14,2.759999990463257,2.8499999046325684,2.625999927520752,2.630000114440918,566100
2021-01-15,2.630000114440918,2.8499999046325684,2.619999885559082,2.7699999809265137,337100
2021-01-19,2.700000047683716,2.740000009536743,2.630000114440918,2.700000047683716,319000
2021-01-20,2.819999933242798,2.930000066757202,2.7249999046325684,2.7300000190734863,695900
2021-01-21,2.759999990463257,2.867000102996826,2.759999990463257,2.8399999141693115,144100
2021-01-22,2.8299999237060547,2.8499999046325684,2.690000057220459,2.759999990463257,189400
2021-01-25,2.9600000381469727,3.0,2.630000114440918,2.9600000381469727,512600
2021-01-26,2.990000009536743,3.0799999237060547,2.890000104904175,2.950000047683716,384100
2021-01-27,2.7300000190734863,2.930000066757202,2.609999895095825,2.8499999046325684,599800
2021-01-28,2.569999933242798,2.8399999141693115,2.5199999809265137,2.6700000762939453,603100
2021-01-29,3.049999952316284,3.0999999046325684,2.5799999237060547,2.5999999046325684,948300
2021-02-01,3.619999885559082,3.6500000953674316,3.071000099182129,3.1600000858306885,1813700
2021-02-02,3.880000114440918,3.9200000762939453,3.4800000190734863,3.7200000286102295,788500
2021-02-03,3.569999933242798,4.099999904632568,3.259999990463257,4.099999904632568,2681200
2021-02-04,4.119999885559082,4.197999954223633,3.4800000190734863,3.5999999046325684,1410600
2021-02-05,4.159999847412109,4.25,3.7799999713897705,4.019999980926514,934000
2021-02-08,4.440000057220459,4.460000038146973,3.9200000762939453,4.150000095367432,1078900
2021-02-09,6.809999942779541,6.949999809265137,4.183000087738037,4.380000114440918,8668700
2021-02-10,5.610000133514404,7.296999931335449,5.369999885559082,6.460000038146973,6876700
2021-02-11,5.610000133514404,6.349999904632568,5.369999885559082,6.300000190734863,1565700
2021-02-12,5.610000133514404,6.090000152587891,5.46999979019165,5.590000152587891,675700
2021-02-16,5.130000114440918,5.699999809265137,4.920000076293945,5.699999809265137,1004400
2021-02-17,5.190000057220459,5.349999904632568,4.829999923706055,4.949999809265137,526100
2021-02-18,4.849999904632568,5.489999771118164,4.659999847412109,4.909999847412109,539400
2021-02-19,5.050000190734863,5.25,4.670000076293945,5.010000228881836,660800
2021-02-22,5.460000038146973,6.199999809265137,5.0,5.110000133514404,3143800
2021-02-23,4.710000038146973,5.010000228881836,4.199999809265137,4.9039998054504395,848000
2021-02-24,4.849999904632568,5.210000038146973,4.710000038146973,4.880000114440918,384000
2021-02-25,4.449999809265137,4.940000057220459,4.360000133514404,4.876999855041504,293500
2021-02-26,4.059999942779541,4.519999980926514,4.03000020980835,4.449999809265137,420100
2021-03-01,4.300000190734863,4.359000205993652,4.159999847412109,4.289999961853027,208200
2021-03-02,4.199999809265137,4.409999847412109,4.1529998779296875,4.329999923706055,122400
2021-03-03,3.819999933242798,4.176000118255615,3.7799999713897705,4.159999847412109,460300
2021-03-04,3.369999885559082,3.799999952316284,3.2950000762939453,3.7899999618530273,799200
2021-03-05,3.4800000190734863,3.680000066757202,3.25,3.549999952316284,793400
2021-03-08,3.7100000381469727,3.9000000953674316,3.4800000190734863,3.5799999237060547,584000
2021-03-09,3.9200000762939453,3.990000009536743,3.76200008392334,3.7699999809265137,707300
2021-03-10,3.7899999618530273,4.050000190734863,3.7100000381469727,3.990000009536743,386000
2021-03-11,5.269999980926514,7.070000171661377,4.519999980926514,4.539999961853027,45811500
2021-03-12,5.650000095367432,5.699999809265137,4.710000038146973,4.75,2012800
2021-03-15,5.460000038146973,5.738999843597412,5.260000228881836,5.28000020980835,907700
2021-03-16,5.03000020980835,5.510000228881836,4.828000068664551,5.364999771118164,807300
2021-03-17,5.269999980926514,5.489999771118164,4.900000095367432,4.900000095367432,498300
2021-03-18,4.920000076293945,5.409999847412109,4.800000190734863,5.409999847412109,913400
2021-03-19,5.369999885559082,5.400000095367432,4.909999847412109,5.159999847412109,524500
2021-03-22,5.349999904632568,5.480000019073486,5.159999847412109,5.449999809265137,341000
2021-03-23,4.989999771118164,5.25,4.820000171661377,5.25,508700
2021-03-24,4.400000095367432,5.110000133514404,4.400000095367432,5.03000020980835,429700
2021-03-25,4.449999809265137,4.5,4.0,4.239999771118164,632200
2021-03-26,4.210000038146973,4.5,4.019999980926514,4.440000057220459,584200
2021-03-29,4.21999979019165,4.480000019073486,4.090000152587891,4.300000190734863,367900
2021-03-30,4.25,4.429999828338623,4.050000190734863,4.199999809265137,258500
2021-03-31,4.550000190734863,4.579999923706055,4.321000099182129,4.369999885559082,220700
2021-04-01,4.710000038146973,4.78000020980835,4.579999923706055,4.579999923706055,200100
2021-04-05,4.659999847412109,4.840000152587891,4.559999942779541,4.809999942779541,296900
2021-04-06,5.010000228881836,5.119999885559082,4.599999904632568,4.659999847412109,625900
2021-04-07,5.659999847412109,5.690000057220459,4.789999961853027,4.980000019073486,1181500
2021-04-08,5.619999885559082,6.159999847412109,5.400000095367432,5.670000076293945,1157500
2021-04-09,5.440000057220459,5.71999979019165,5.269999980926514,5.71999979019165,712700
2021-04-12,5.010000228881836,5.5,4.949999809265137,5.5,504500
2021-04-13,5.289999961853027,5.349999904632568,4.959000110626221,5.0,373000
2021-04-14,5.25,5.539999961853027,5.139999866485596,5.380000114440918,367100
2021-04-15,5.199999809265137,5.449999809265137,5.019999980926514,5.329999923706055,420500
2021-04-16,5.389999866485596,5.440000057220459,4.949999809265137,5.199999809265137,384000
2021-04-19,5.199999809265137,5.400000095367432,5.050000190734863,5.389999866485596,460400
2021-04-20,4.960000038146973,5.28000020980835,4.809999942779541,5.199999809265137,568000
2021-04-21,5.320000171661377,5.329999923706055,4.849999904632568,4.949999809265137,496200
2021-04-22,5.369999885559082,5.599999904632568,5.199999809265137,5.28000020980835,402400
2021-04-23,5.679999828338623,5.71999979019165,5.328000068664551,5.46999979019165,357000
2021-04-26,5.840000152587891,5.949999809265137,5.369999885559082,5.670000076293945,594800
2021-04-27,5.599999904632568,5.869999885559082,5.440000057220459,5.659999847412109,423000
2021-04-28,6.03000020980835,6.130000114440918,5.440000057220459,5.550000190734863,810300
2021-04-29,5.710000038146973,6.138999938964844,5.559999942779541,6.090000152587891,513600
2021-04-30,5.71999979019165,5.940000057220459,5.599999904632568,5.599999904632568,307700
2021-05-03,5.820000171661377,6.050000190734863,5.730000019073486,5.789999961853027,341600
2021-05-04,6.019999980926514,6.389999866485596,5.429999828338623,5.739999771118164,860500
2021-05-05,4.960000038146973,6.175000190734863,4.78000020980835,6.099999904632568,1472400
2021-05-06,4.929999828338623,5.239999771118164,4.820000171661377,5.03000020980835,830200
2021-05-07,4.840000152587891,5.139999866485596,4.760000228881836,4.929999828338623,471100
2021-05-10,4.349999904632568,4.820000171661377,4.320000171661377,4.800000190734863,403800
2021-05-11,4.659999847412109,4.764999866485596,4.099999904632568,4.150000095367432,452400
2021-05-12,4.400000095367432,4.6579999923706055,4.255000114440918,4.480000019073486,350000
2021-05-13,4.480000019073486,4.940000057220459,4.25,4.699999809265137,440200
2021-05-14,4.760000228881836,4.829999923706055,4.519999980926514,4.550000190734863,280200
2021-05-17,4.909999847412109,4.929999828338623,4.599999904632568,4.739999771118164,175200
2021-05-18,5.590000152587891,5.650000095367432,4.909999847412109,4.929999828338623,499200
2021-05-19,5.739999771118164,5.800000190734863,5.199999809265137,5.409999847412109,2739300
2021-05-20,7.269999980926514,7.800000190734863,5.909999847412109,6.199999809265137,30911400
2021-05-21,8.329999923706055,8.640000343322754,6.800000190734863,7.25,8932800
2021-05-24,8.75,9.15999984741211,8.25,8.664999961853027,2868900
2021-05-25,8.680000305175781,8.859999656677246,8.050000190734863,8.420000076293945,1198400
2021-05-26,10.350000381469727,10.600000381469727,8.413999557495117,8.413999557495117,1983000
2021-05-27,11.550000190734863,11.84000015258789,9.859999656677246,10.36400032043457,2062200
2021-05-28,12.199999809265137,12.460000038146973,11.029999732971191,11.460000038146973,1435600
2021-06-01,10.859999656677246,12.300000190734863,10.300000190734863,12.199999809265137,1827100
2021-06-02,11.300000190734863,12.0,10.90999984741211,11.390000343322754,1252200
2021-06-03,11.300000190734863,11.699000358581543,10.859999656677246,11.119999885559082,725600
2021-06-04,12.779999732971191,13.479999542236328,11.300000190734863,11.359999656677246,1943700
2021-06-07,9.399999618530273,13.145000457763672,8.170000076293945,12.960000038146973,6685900
2021-06-08,11.15999984741211,11.600000381469727,10.199999809265137,11.15999984741211,3473800
2021-06-09,11.829999923706055,12.729999542236328,11.550000190734863,12.0600004196167,1501300
2021-06-10,12.479999542236328,12.65999984741211,10.75100040435791,11.829999923706055,1318700
2021-06-11,12.0600004196167,12.600000381469727,11.760000228881836,12.470000267028809,405300
2021-06-14,12.859999656677246,13.220000267028809,11.399999618530273,12.199999809265137,2076900
2021-06-15,9.199999809265137,10.0600004196167,9.180000305175781,9.430000305175781,7091000
2021-06-16,9.350000381469727,10.390000343322754,8.930000305175781,9.3100004196167,2939200
2021-06-17,9.949999809265137,10.199999809265137,9.170000076293945,9.170000076293945,1668300
2021-06-18,11.520000457763672,12.199999809265137,10.15999984741211,10.40999984741211,4029700
2021-06-21,11.239999771118164,11.829999923706055,10.800000190734863,11.829999923706055,1283900
2021-06-22,10.6899995803833,11.279999732971191,10.418000221252441,11.279999732971191,1423200
2021-06-23,10.979999542236328,11.359999656677246,10.649999618530273,10.649999618530273,674100
2021-06-24,10.710000038146973,10.949999809265137,10.520000457763672,10.920000076293945,754000
2021-06-25,11.0,11.050000190734863,10.520000457763672,10.720000267028809,666100
2021-06-28,11.710000038146973,12.079999923706055,11.140000343322754,11.710000038146973,1271800
2021-06-29,11.710000038146973,11.8100004196167,11.291999816894531,11.630000114440918,648500
2021-06-30,12.550000190734863,12.989999771118164,11.331999778747559,11.6899995803833,1472200
2021-07-01,12.380000114440918,12.6899995803833,12.020000457763672,12.510000228881836,643800
2021-07-02,11.90999984741211,12.5,11.383999824523926,12.390999794006348,756900
2021-07-06,11.300000190734863,11.90999984741211,11.029999732971191,11.90999984741211,492500
2021-07-07,10.199999809265137,11.312000274658203,10.199999809265137,11.260000228881836,1200900
2021-07-08,10.619999885559082,11.039999961853027,9.649999618530273,10.0,1092900
2021-07-09,10.760000228881836,10.899999618530273,10.35200023651123,10.569999694824219,316500
2021-07-12,10.020000457763672,10.819999694824219,9.899999618530273,10.819999694824219,735000
2021-07-13,10.170000076293945,10.289999961853027,9.8100004196167,10.020000457763672,471400
2021-07-14,10.069999694824219,10.427000045776367,9.949999809265137,10.100000381469727,401400
2021-07-15,9.770000457763672,10.050000190734863,9.199999809265137,9.989999771118164,755600
2021-07-16,9.59000015258789,10.114999771118164,9.449999809265137,9.75,271200
2021-07-19,9.550000190734863,9.609999656677246,8.760000228881836,9.092000007629395,670100
2021-07-20,9.489999771118164,9.779999732971191,9.199999809265137,9.470000267028809,408200
2021-07-21,10.319999694824219,10.399999618530273,9.281999588012695,9.510000228881836,488700
2021-07-22,10.329999923706055,10.479999542236328,9.720000267028809,10.239999771118164,509000
2021-07-23,9.880000114440918,10.375,9.6899995803833,10.229999542236328,458500
2021-07-26,9.380000114440918,9.949999809265137,9.319999694824219,9.949999809265137,668400
2021-07-27,9.329999923706055,9.470000267028809,8.680000305175781,9.15999984741211,631800
2021-07-28,10.109999656677246,10.270000457763672,9.40999984741211,9.40999984741211,483800
2021-07-29,10.569999694824219,10.75,9.9399995803833,10.109999656677246,407400
2021-07-30,10.670000076293945,10.720000267028809,10.270000457763672,10.609999656677246,250500
2021-08-02,10.979999542236328,11.305000305175781,10.406000137329102,10.569999694824219,376600
2021-08-03,11.0600004196167,11.069999694824219,10.449999809265137,10.930000305175781,222100
2021-08-04,11.140000343322754,11.565999984741211,11.02400016784668,11.119999885559082,338200
2021-08-05,11.640000343322754,11.920000076293945,11.079999923706055,11.140000343322754,344600
2021-08-06,11.289999961853027,11.789999961853027,11.220000267028809,11.579999923706055,379900
2021-08-09,11.630000114440918,11.670000076293945,11.220000267028809,11.359999656677246,241100
2021-08-10,10.859999656677246,11.609999656677246,10.704999923706055,11.609999656677246,440000
2021-08-11,10.59000015258789,11.100000381469727,10.128000259399414,11.100000381469727,482700
2021-08-12,10.890000343322754,11.399999618530273,10.579999923706055,10.579999923706055,511800
2021-08-13,10.649999618530273,11.170000076293945,10.289999961853027,10.979999542236328,422300
2021-08-16,10.09000015258789,10.5,9.770000457763672,10.5,447700
2021-08-17,9.899999618530273,10.029999732971191,9.350000381469727,9.859999656677246,551400
2021-08-18,10.140000343322754,10.479999542236328,9.831999778747559,10.010000228881836,353200
2021-08-19,9.59000015258789,10.20199966430664,9.569999694824219,9.989999771118164,302700
2021-08-20,10.220000267028809,10.4399995803833,9.609999656677246,9.609999656677246,342300
2021-08-23,11.270000457763672,11.369999885559082,10.270000457763672,10.460000038146973,568200
2021-08-24,12.449999809265137,12.649999618530273,11.366000175476074,11.4399995803833,944600
2021-08-25,13.520000457763672,13.729999542236328,12.229999542236328,12.510000228881836,928200
2021-08-26,13.890000343322754,14.130000114440918,13.210000038146973,13.289999961853027,689200
2021-08-27,14.449999809265137,14.970000267028809,13.850000381469727,14.010000228881836,712500
2021-08-30,14.920000076293945,15.399999618530273,14.489999771118164,14.5,676300
2021-08-31,15.550000190734863,15.96500015258789,14.109999656677246,14.949999809265137,790500
2021-09-01,15.300000190734863,15.8100004196167,15.114999771118164,15.550000190734863,376700
2021-09-02,15.989999771118164,16.139999389648438,15.10099983215332,15.300000190734863,462200
2021-09-03,15.470000267028809,16.018999099731445,14.899999618530273,16.0,510000
2021-09-07,15.670000076293945,15.970000267028809,15.201000213623047,15.3100004196167,275600
2021-09-08,15.329999923706055,15.75,14.75,15.75,299600
2021-09-09,15.65999984741211,16.3799991607666,15.1899995803833,15.420000076293945,569000
2021-09-10,15.300000190734863,15.960000038146973,15.300000190734863,15.65999984741211,278200
2021-09-13,14.989999771118164,15.430000305175781,14.812000274658203,15.430000305175781,356300
2021-09-14,14.520000457763672,15.303000450134277,14.010000228881836,14.989999771118164,396000
2021-09-15,15.300000190734863,15.359999656677246,14.319999694824219,14.5,258100
2021-09-16,15.140000343322754,15.329999923706055,14.51099967956543,15.220000267028809,319500
2021-09-17,14.930000305175781,15.3100004196167,14.800000190734863,15.3100004196167,500300
2021-09-20,14.760000228881836,15.319999694824219,14.300000190734863,14.449999809265137,394600
2021-09-21,14.960000038146973,15.140000343322754,14.680000305175781,14.760000228881836,236400
2021-09-22,15.989999771118164,16.667999267578125,15.270000457763672,15.354999542236328,827100
2021-09-23,17.079999923706055,17.5,16.079999923706055,16.299999237060547,486400
2021-09-24,16.559999465942383,17.850000381469727,16.3700008392334,16.719999313354492,611500
2021-09-27,16.3799991607666,17.110000610351562,16.190000534057617,16.450000762939453,289800
2021-09-28,15.670000076293945,16.3700008392334,15.579999923706055,16.280000686645508,500100
2021-09-29,14.850000381469727,15.819999694824219,14.6899995803833,15.609999656677246,698500
2021-09-30,14.899999618530273,15.649999618530273,14.8100004196167,15.25,1090400
2021-10-01,14.270000457763672,14.819999694824219,14.119999885559082,14.800000190734863,542400
2021-10-04,14.130000114440918,14.470000267028809,13.079999923706055,14.130000114440918,660200
2021-10-05,14.350000381469727,14.75,13.949999809265137,14.220000267028809,360300
2021-10-06,13.75,14.329999923706055,13.609999656677246,13.979999542236328,472900
2021-10-07,13.869999885559082,14.260000228881836,13.541999816894531,13.890000343322754,350600
2021-10-08,13.569999694824219,13.899999618530273,13.314000129699707,13.899999618530273,371800
2021-10-11,13.8100004196167,14.5,13.4399995803833,13.520000457763672,402100
2021-10-12,14.210000038146973,14.800000190734863,13.8100004196167,13.8100004196167,561700
2021-10-13,13.729999542236328,14.649999618530273,13.649999618530273,14.319999694824219,298600
2021-10-14,13.600000381469727,14.135000228881836,13.430000305175781,13.84000015258789,332200
2021-10-15,12.329999923706055,13.75,11.960000038146973,13.75,1136900
2021-10-18,12.170000076293945,12.539999961853027,12.045000076293945,12.300000190734863,291900
2021-10-19,12.029999732971191,12.33899974822998,11.5600004196167,12.199999809265137,481200
2021-10-20,12.050000190734863,12.34000015258789,11.760000228881836,12.039999961853027,256500
2021-10-21,11.579999923706055,12.069999694824219,11.4399995803833,11.65999984741211,603400
2021-10-22,11.65999984741211,11.779999732971191,11.020000457763672,11.59000015258789,373700
2021-10-25,12.109999656677246,12.210000038146973,11.470000267028809,11.729999542236328,366300
2021-10-26,11.75,12.229999542236328,11.600000381469727,12.130000114440918,167700
2021-10-27,11.65999984741211,11.984999656677246,11.550000190734863,11.720000267028809,154900
2021-10-28,12.079999923706055,12.170000076293945,11.619999885559082,11.65999984741211,358800
2021-10-29,12.039999961853027,12.149999618530273,11.539999961853027,12.109999656677246,356300
2021-11-01,12.529999732971191,12.788999557495117,11.829999923706055,12.050000190734863,453700
2021-11-02,12.529999732971191,12.836999893188477,12.020000457763672,12.550000190734863,386500
2021-11-03,12.300000190734863,12.59000015258789,11.90999984741211,12.430000305175781,302300
2021-11-04,11.949999809265137,12.34000015258789,11.720000267028809,12.34000015258789,315000
2021-11-05,11.489999771118164,11.95199966430664,11.210000038146973,11.90999984741211,442000
2021-11-08,11.4399995803833,11.859999656677246,11.289999961853027,11.5,288100
2021-11-09,10.670000076293945,11.5,10.630000114440918,11.5,491800
2021-11-10,10.199999809265137,10.741999626159668,9.880000114440918,10.510000228881836,786400
2021-11-11,10.5,10.788999557495117,10.380000114440918,10.399999618530273,384600
2021-11-12,11.460000038146973,11.779999732971191,10.5,10.829999923706055,561200
2021-11-15,10.90999984741211,11.569999694824219,10.84000015258789,11.529999732971191,335200
2021-11-16,10.720000267028809,10.8149995803833,10.520000457763672,10.800000190734863,290800
2021-11-17,10.40999984741211,10.682000160217285,10.180000305175781,10.5,396800
2021-11-18,10.119999885559082,10.619999885559082,9.869999885559082,10.460000038146973,303400
2021-11-19,10.039999961853027,10.237000465393066,9.869999885559082,10.130000114440918,160100
2021-11-22,9.34000015258789,10.180000305175781,9.140000343322754,10.180000305175781,616900
2021-11-23,9.460000038146973,9.779999732971191,9.180000305175781,9.399999618530273,493300
2021-11-24,9.649999618530273,10.0,9.199999809265137,9.34000015258789,245600
2021-11-26,10.3100004196167,10.48900032043457,9.357999801635742,9.649999618530273,398500
2021-11-29,9.449999809265137,10.54800033569336,9.399999618530273,10.3100004196167,420100
2021-11-30,9.850000381469727,9.989999771118164,9.180000305175781,9.420000076293945,319500
2021-12-01,8.989999771118164,10.0,8.949999809265137,9.819999694824219,343800
2021-12-02,9.100000381469727,9.270000457763672,8.579999923706055,8.9399995803833,402200
2021-12-03,8.420000076293945,9.149999618530273,8.199999809265137,9.149999618530273,602500
2021-12-06,8.420000076293945,8.729999542236328,7.760000228881836,8.279999732971191,699200
2021-12-07,9.25,9.460000038146973,8.59000015258789,8.600000381469727,347800
2021-12-08,9.710000038146973,9.890000343322754,9.069999694824219,9.220000267028809,248300
2021-12-09,9.260000228881836,9.930999755859375,9.170000076293945,9.859999656677246,314200
2021-12-10,9.109999656677246,9.399999618530273,8.890000343322754,9.154999732971191,289400
2021-12-13,9.0600004196167,9.350000381469727,8.899999618530273,9.229999542236328,289900
2021-12-14,8.619999885559082,9.180000305175781,8.420000076293945,8.979999542236328,372400
2021-12-15,8.970000267028809,9.020000457763672,8.25,8.84000015258789,360900
2021-12-16,8.779999732971191,9.244999885559082,8.640000343322754,9.1899995803833,392900
2021-12-17,8.960000038146973,9.1899995803833,8.420000076293945,8.649999618530273,325200
2021-12-20,8.869999885559082,9.100000381469727,8.600000381469727,8.84000015258789,190700
2021-12-21,8.979999542236328,9.069999694824219,8.72599983215332,8.970000267028809,162900
2021-12-22,8.800000190734863,9.149999618530273,8.598999977111816,9.0,284900
2021-12-23,9.0,9.210000038146973,8.640000343322754,8.779999732971191,199100
2021-12-27,8.329999923706055,8.949999809265137,8.220000267028809,8.930000305175781,488800
2021-12-28,7.760000228881836,8.489999771118164,7.619999885559082,8.25,699400
2021-12-29,7.920000076293945,8.149999618530273,7.519999980926514,7.735000133514404,339500
2021-12-30,8.180000305175781,8.366000175476074,7.808000087738037,7.869999885559082,247700
2021-12-31,8.100000381469727,8.505000114440918,8.010000228881836,8.079999923706055,684100
2022-01-03,8.430000305175781,8.470000267028809,7.989999771118164,8.229999542236328,234400
2022-01-04,7.710000038146973,8.439000129699707,7.650000095367432,8.380000114440918,331000
2022-01-05,7.320000171661377,7.949999809265137,7.190000057220459,7.75,404800
2022-01-06,7.199999809265137,7.510000228881836,6.920000076293945,7.474999904632568,319000
2022-01-07,7.269999980926514,7.598999977111816,7.139999866485596,7.170000076293945,401700
2022-01-10,7.170000076293945,7.275000095367432,6.840000152587891,7.230000019073486,292300
2022-01-11,7.170000076293945,7.389999866485596,7.019999980926514,7.139999866485596,172600
2022-01-12,7.119999885559082,7.349999904632568,6.980000019073486,7.329999923706055,167900
2022-01-13,6.690000057220459,7.199999809265137,6.630000114440918,7.090000152587891,318900
2022-01-14,6.820000171661377,6.840000152587891,6.389999866485596,6.800000190734863,308300
2022-01-18,6.409999847412109,6.889999866485596,6.360000133514404,6.699999809265137,408900
2022-01-19,6.28000020980835,6.668000221252441,6.21999979019165,6.46999979019165,317200
2022-01-20,6.070000171661377,6.599999904632568,6.039999961853027,6.349999904632568,414900
2022-01-21,5.710000038146973,6.130000114440918,5.550000190734863,5.960000038146973,466200
2022-01-24,5.690000057220459,5.730000019073486,4.659999847412109,5.409999847412109,1126900
2022-01-25,5.519999980926514,5.679999828338623,5.320000171661377,5.579999923706055,287900
2022-01-26,5.199999809265137,5.809999942779541,5.130000114440918,5.78000020980835,451100
2022-01-27,4.78000020980835,5.567999839782715,4.769999980926514,5.260000228881836,650200
2022-01-28,5.239999771118164,5.320000171661377,4.599999904632568,4.650000095367432,652700
2022-01-31,5.960000038146973,6.0,5.239999771118164,5.239999771118164,506500
2022-02-01,6.099999904632568,6.380000114440918,5.806000232696533,6.039999961853027,359200
2022-02-02,6.059999942779541,6.510000228881836,5.570000171661377,5.570000171661377,1425300
2022-02-03,5.639999866485596,6.070000171661377,5.510000228881836,5.75,501900
2022-02-04,5.96999979019165,6.0,5.659999847412109,5.820000171661377,332200
2022-02-07,6.079999923706055,6.300000190734863,5.920000076293945,6.0,260800
2022-02-08,6.110000133514404,6.119999885559082,5.860000133514404,6.010000228881836,288100
2022-02-09,6.784999847412109,6.829999923706055,6.300000190734863,6.300000190734863,384500
2022-02-10,6.849999904632568,7.210000038146973,6.449999809265137,6.449999809265137,414400
2022-02-11,6.610000133514404,6.96999979019165,6.429999828338623,6.900000095367432,398600
2022-02-14,6.829999923706055,6.929999828338623,6.5,6.570000171661377,263600
2022-02-15,6.900000095367432,7.329999923706055,6.630000114440918,7.019999980926514,578000
2022-02-16,7.25,7.269999980926514,6.785999774932861,7.0,292900
2022-02-17,6.639999866485596,7.260000228881836,6.610000133514404,7.159999847412109,299900
2022-02-18,6.199999809265137,6.820000171661377,6.190000057220459,6.71999979019165,364800
2022-02-22,5.869999885559082,6.360000133514404,5.760000228881836,6.119999885559082,393500
2022-02-23,5.690000057220459,6.28000020980835,5.659999847412109,6.010000228881836,589500
2022-02-24,6.0,6.070000171661377,4.960000038146973,5.289999961853027,506800
2022-02-25,6.010000228881836,6.139999866485596,5.815000057220459,6.059999942779541,227400
2022-02-28,5.980000019073486,6.159999847412109,5.909999847412109,5.909999847412109,354500
2022-03-01,5.909999847412109,6.164999961853027,5.849999904632568,5.949999809265137,170400
2022-03-02,5.940000057220459,6.110000133514404,5.869999885559082,5.960000038146973,148200
2022-03-03,5.539999961853027,6.0,5.46999979019165,6.0,265700
2022-03-04,5.380000114440918,5.590000152587891,5.260000228881836,5.449999809265137,272400
2022-03-07,5.119999885559082,5.400000095367432,4.989999771118164,5.380000114440918,384100
2022-03-08,5.110000133514404,5.300000190734863,4.869999885559082,5.190000057220459,300700
2022-03-09,5.71999979019165,5.739999771118164,5.25,5.25,169200
2022-03-10,5.579999923706055,5.669000148773193,5.409999847412109,5.570000171661377,121600
2022-03-11,5.389999866485596,5.679999828338623,5.260000228881836,5.650000095367432,206900
2022-03-14,5.079999923706055,5.5,5.050000190734863,5.480000019073486,206600
2022-03-15,5.460000038146973,5.489999771118164,4.96999979019165,5.090000152587891,189400
2022-03-16,5.809999942779541,5.920000076293945,5.5,5.559999942779541,201100
2022-03-17,6.340000152587891,6.380000114440918,5.78000020980835,5.920000076293945,260700
2022-03-18,6.650000095367432,6.75,6.230000019073486,6.230000019073486,192900
2022-03-21,6.429999828338623,6.840000152587891,6.320000171661377,6.829999923706055,237600
2022-03-22,6.550000190734863,6.658999919891357,6.389999866485596,6.389999866485596,120600
2022-03-23,6.369999885559082,7.099999904632568,6.329999923706055,6.440000057220459,238100
2022-03-24,6.380000114440918,6.400000095367432,6.099999904632568,6.400000095367432,171600
2022-03-25,6.139999866485596,6.380000114440918,6.019999980926514,6.380000114440918,159100
2022-03-28,6.050000190734863,6.25,5.820000171661377,6.139999866485596,246100
2022-03-29,6.349999904632568,6.639999866485596,6.130000114440918,6.260000228881836,289900
2022-03-30,6.289999961853027,6.659999847412109,6.21999979019165,6.349999904632568,216200
2022-03-31,6.190000057220459,6.849999904632568,6.159999847412109,6.360000133514404,336100
2022-04-01,6.21999979019165,6.368000030517578,6.119999885559082,6.199999809265137,250400
2022-04-04,6.679999828338623,6.769999980926514,6.050000190734863,6.25,358000
2022-04-05,6.230000019073486,6.71999979019165,6.159999847412109,6.610000133514404,299500
2022-04-06,6.090000152587891,6.230000019073486,5.929999828338623,6.230000019073486,156400
2022-04-07,6.0,6.150000095367432,5.829999923706055,6.070000171661377,223300
2022-04-08,5.940000057220459,6.005000114440918,5.75,5.949999809265137,194600
2022-04-11,5.690000057220459,5.900000095367432,5.570000171661377,5.820000171661377,187500
2022-04-12,5.599999904632568,5.940000057220459,5.480000019073486,5.849999904632568,180400
2022-04-13,5.809999942779541,5.840000152587891,5.510000228881836,5.610000133514404,181200
2022-04-14,5.599999904632568,5.800000190734863,5.559999942779541,5.800000190734863,105600
2022-04-18,5.5,5.670000076293945,5.400000095367432,5.550000190734863,101900
2022-04-19,5.650000095367432,5.789999961853027,5.420000076293945,5.550000190734863,103300
2022-04-20,5.489999771118164,5.760000228881836,5.46999979019165,5.71999979019165,115400
2022-04-21,5.21999979019165,5.65500020980835,5.190000057220459,5.610000133514404,127400
2022-04-22,5.159999847412109,5.295000076293945,5.019999980926514,5.159999847412109,174200
2022-04-25,5.349999904632568,5.380000114440918,5.070000171661377,5.070000171661377,140600
2022-04-26,5.059999942779541,5.329999923706055,5.010000228881836,5.329999923706055,166200
2022-04-27,5.190000057220459,5.449999809265137,5.065000057220459,5.070000171661377,321100
2022-04-28,5.420000076293945,5.449999809265137,4.960000038146973,5.269999980926514,237900
2022-04-29,5.53000020980835,5.690000057220459,5.269999980926514,5.340000152587891,191200
2022-05-02,5.760000228881836,5.900000095367432,5.329999923706055,5.489999771118164,190900
2022-05-03,5.670000076293945,5.96999979019165,5.539999961853027,5.710000038146973,193500
2022-05-04,6.050000190734863,6.130000114440918,5.460999965667725,5.670000076293945,363500
2022-05-05,5.539999961853027,6.059999942779541,5.440000057220459,5.949999809265137,257600
2022-05-06,5.289999961853027,5.550000190734863,5.139999866485596,5.53000020980835,285500
2022-05-09,4.619999885559082,5.170000076293945,4.610000133514404,5.139999866485596,380400
2022-05-10,4.46999979019165,4.949999809265137,4.304999828338623,4.769999980926514,398500
2022-05-11,3.759999990463257,4.420000076293945,3.6449999809265137,4.409999847412109,791200
2022-05-12,3.8299999237060547,4.099999904632568,3.4700000286102295,3.7300000190734863,645800
2022-05-13,4.559999942779541,4.670000076293945,3.9600000381469727,3.9600000381469727,552700
2022-05-16,5.150000095367432,5.255000114440918,4.46999979019165,4.46999979019165,366700
2022-05-17,5.349999904632568,5.380000114440918,5.039999961853027,5.239999771118164,317600
2022-05-18,4.980000019073486,5.419000148773193,4.940000057220459,5.21999979019165,288100
2022-05-19,5.090000152587891,5.179999828338623,4.96999979019165,4.980000019073486,191700
2022-05-20,5.289999961853027,5.300000190734863,4.843999862670898,5.230000019073486,401200
2022-05-23,5.039999961853027,5.445000171661377,5.010000228881836,5.440000057220459,356700
2022-05-24,4.989999771118164,5.170000076293945,4.75,4.909999847412109,378100
2022-05-25,5.059999942779541,5.179999828338623,4.795000076293945,4.960000038146973,252300
2022-05-26,4.989999771118164,5.144999980926514,4.840000152587891,5.059999942779541,475100
2022-05-27,5.380000114440918,5.570000171661377,4.849999904632568,5.090000152587891,1234000
2022-05-31,3.9200000762939453,5.300000190734863,3.9000000953674316,5.230000019073486,1669600
2022-06-01,3.7100000381469727,4.059999942779541,3.575000047683716,3.9000000953674316,1191100
2022-06-02,4.21999979019165,4.429999828338623,3.9700000286102295,4.309999942779541,16719400
2022-06-03,4.079999923706055,4.144999980926514,3.9049999713897705,4.090000152587891,866400
2022-06-06,3.9600000381469727,4.170000076293945,3.930000066757202,4.170000076293945,459500
2022-06-07,3.759999990463257,4.0370001792907715,3.6700000762939453,3.9600000381469727,928700
2022-06-08,4.0,4.090000152587891,3.700000047683716,3.819999933242798,756300
2022-06-09,3.7200000286102295,3.9800000190734863,3.690000057220459,3.9100000858306885,420800
2022-06-10,3.5,3.6700000762939453,3.390000104904175,3.5299999713897705,691100
2022-06-13,3.049999952316284,3.305000066757202,2.9600000381469727,3.25,1001400
2022-06-14,3.130000114440918,3.180000066757202,2.9100000858306885,3.069999933242798,436100
2022-06-15,3.2300000190734863,3.299999952316284,3.140000104904175,3.180000066757202,414000
2022-06-16,3.119999885559082,3.190000057220459,2.9700000286102295,3.109999895095825,408400
2022-06-17,3.3499999046325684,3.450000047683716,3.0899999141693115,3.1500000953674316,437500
2022-06-21,3.4600000381469727,3.680999994277954,3.450000047683716,3.4700000286102295,322300
2022-06-22,3.5399999618530273,3.6700000762939453,3.4100000858306885,3.4100000858306885,232700
2022-06-23,3.700000047683716,3.7300000190734863,3.5510001182556152,3.5799999237060547,264200
2022-06-24,3.75,3.8499999046325684,3.680000066757202,3.740000009536743,375000
2022-06-27,3.930000066757202,4.070000171661377,3.680000066757202,3.7899999618530273,264100
2022-06-28,3.9000000953674316,4.070000171661377,3.809999942779541,3.950000047683716,231200
2022-06-29,3.7799999713897705,3.890000104904175,3.6700000762939453,3.869999885559082,177100
2022-06-30,3.6500000953674316,3.75,3.625,3.7100000381469727,142700
2022-07-01,3.690000057220459,3.8299999237060547,3.559999942779541,3.6600000858306885,341900
2022-07-05,4.019999980926514,4.019999980926514,3.5999999046325684,3.6500000953674316,209200
2022-07-06,3.9800000190734863,4.130000114440918,3.9000000953674316,4.039999961853027,192000
2022-07-07,4.039999961853027,4.079999923706055,3.9100000858306885,4.010000228881836,222400
2022-07-08,4.320000171661377,4.460000038146973,4.019999980926514,4.070000171661377,484700
2022-07-11,4.300000190734863,4.440000057220459,4.159999847412109,4.309999942779541,226000
2022-07-12,4.349999904632568,4.427000045776367,4.070000171661377,4.289999961853027,172500
2022-07-13,4.21999979019165,4.420000076293945,4.099999904632568,4.159999847412109,213600
2022-07-14,4.179999828338623,4.21999979019165,4.03000020980835,4.21999979019165,234500
2022-07-15,3.9749999046325684,4.179999828338623,3.880000114440918,4.159999847412109,333100
2022-07-18,3.6500000953674316,4.050000190734863,3.619999885559082,4.03000020980835,317800
2022-07-19,3.8499999046325684,3.859999895095825,3.6630001068115234,3.680000066757202,146400
2022-07-20,4.190000057220459,4.230000019073486,3.9000000953674316,3.9000000953674316,418500
2022-07-21,4.369999885559082,4.574999809265137,4.250999927520752,4.309999942779541,569800
2022-07-22,4.03000020980835,4.369999885559082,4.019999980926514,4.349999904632568,244700
2022-07-25,4.090000152587891,4.099999904632568,3.890000104904175,4.010000228881836,161800
2022-07-26,4.099999904632568,4.119999885559082,3.880000114440918,4.079999923706055,177700
2022-07-27,4.110000133514404,4.150000095367432,3.940000057220459,4.150000095367432,221200
2022-07-28,4.139999866485596,4.150000095367432,3.934999942779541,4.150000095367432,164800
2022-07-29,4.28000020980835,4.400000095367432,4.081999778747559,4.139999866485596,326300
2022-08-01,4.159999847412109,4.300000190734863,4.099999904632568,4.190000057220459,175600
2022-08-02,4.340000152587891,4.400000095367432,4.119999885559082,4.159999847412109,240400
2022-08-03,4.639999866485596,4.75,4.420000076293945,4.429999828338623,481500
2022-08-04,5.139999866485596,5.235000133514404,4.650000095367432,4.650000095367432,443600
2022-08-05,5.309999942779541,5.320000171661377,4.900000095367432,5.0,358900
2022-08-08,5.190000057220459,5.409999847412109,4.949999809265137,5.409999847412109,421800
2022-08-09,5.320000171661377,5.5,5.119999885559082,5.139999866485596,462700
2022-08-10,5.639999866485596,5.650000095367432,5.25,5.440000057220459,318600
2022-08-11,5.289999961853027,5.824999809265137,5.239999771118164,5.690000057220459,341600
2022-08-12,5.409999847412109,5.550000190734863,5.269999980926514,5.320000171661377,103100
2022-08-15,5.789999961853027,5.800000190734863,5.289999961853027,5.309999942779541,213000
2022-08-16,5.599999904632568,5.78000020980835,5.510000228881836,5.75,252700
2022-08-17,5.269999980926514,5.650000095367432,5.260000228881836,5.559999942779541,253800
2022-08-18,4.989999771118164,5.260000228881836,4.889999866485596,5.260000228881836,178300
2022-08-19,4.829999923706055,5.059000015258789,4.809999942779541,5.0,209500
2022-08-22,4.650000095367432,4.818999767303467,4.599999904632568,4.690000057220459,226100
2022-08-23,4.789999961853027,4.86899995803833,4.619999885559082,4.699999809265137,100600
2022-08-24,4.989999771118164,5.090000152587891,4.71999979019165,4.769999980926514,146000
2022-08-25,4.789999961853027,5.090000152587891,4.730000019073486,5.090000152587891,202600
2022-08-26,4.389999866485596,4.849999904632568,4.329999923706055,4.849999904632568,319200
2022-08-29,4.360000133514404,4.460000038146973,4.320000171661377,4.389999866485596,109400
2022-08-30,4.139999866485596,4.453000068664551,3.9200000762939453,4.400000095367432,354100
2022-08-31,4.190000057220459,4.400000095367432,4.170000076293945,4.190000057220459,70400
2022-09-01,4.21999979019165,4.21999979019165,4.019999980926514,4.139999866485596,166800
2022-09-02,4.190000057220459,4.349999904632568,4.150000095367432,4.21999979019165,101100
2022-09-06,4.03000020980835,4.28000020980835,3.9800000190734863,4.260000228881836,103400
2022-09-07,4.159999847412109,4.190000057220459,4.0,4.0,68700
2022-09-08,4.139999866485596,4.28000020980835,4.039999961853027,4.150000095367432,84000
2022-09-09,4.269999980926514,4.329999923706055,4.099999904632568,4.190000057220459,128300
2022-09-12,4.210000038146973,4.380000114440918,4.079999923706055,4.309999942779541,184100
2022-09-13,3.8299999237060547,4.130000114440918,3.7839999198913574,3.9700000286102295,264400
2022-09-14,4.079999923706055,4.150000095367432,3.8299999237060547,3.8299999237060547,105500
2022-09-15,3.9200000762939453,4.130000114440918,3.9000000953674316,4.03000020980835,93200
2022-09-16,3.6500000953674316,3.799999952316284,3.5999999046325684,3.799999952316284,234500
2022-09-19,3.5199999809265137,3.6500000953674316,3.509999990463257,3.5999999046325684,138000
2022-09-20,3.440000057220459,3.569999933242798,3.4100000858306885,3.450000047683716,137900
2022-09-21,3.299999952316284,3.4600000381469727,3.299999952316284,3.4600000381469727,118900
2022-09-22,3.190000057220459,3.365000009536743,3.119999885559082,3.3299999237060547,140600
2022-09-23,3.0399999618530273,3.140000104904175,3.009999990463257,3.0999999046325684,117600
2022-09-26,2.990000009536743,3.299999952316284,2.9800000190734863,3.0199999809265137,164000
2022-09-27,3.0799999237060547,3.240000009536743,3.0179998874664307,3.049999952316284,103400
2022-09-28,3.190000057220459,3.309999942779541,3.0799999237060547,3.0799999237060547,182800
2022-09-29,3.059999942779541,3.2090001106262207,3.0,3.140000104904175,106500
2022-09-30,2.9700000286102295,3.25,2.9700000286102295,3.0799999237060547,94700
2022-10-03,3.2799999713897705,3.3499999046325684,2.890000104904175,3.0299999713897705,331600
2022-10-04,3.700000047683716,3.7300000190734863,3.3399999141693115,3.3499999046325684,267600
2022-10-05,3.619999885559082,3.75,3.450000047683716,3.6600000858306885,322000
2022-10-06,3.5799999237060547,3.819999933242798,3.549999952316284,3.5999999046325684,190800
2022-10-07,3.3299999237060547,3.5350000858306885,3.2200000286102295,3.450000047683716,294000
2022-10-10,3.3499999046325684,3.4000000953674316,3.2699999809265137,3.3299999237060547,83100
2022-10-11,3.9000000953674316,4.079999923706055,3.3299999237060547,3.5,570600
2022-10-12,3.9700000286102295,4.389999866485596,3.799999952316284,3.819999933242798,402800
2022-10-13,4.03000020980835,4.199999809265137,3.7200000286102295,3.8399999141693115,235700
2022-10-14,3.990000009536743,4.190000057220459,3.890000104904175,4.099999904632568,268700
2022-10-17,4.079999923706055,4.150000095367432,3.9100000858306885,4.019999980926514,347500
2022-10-18,4.130000114440918,4.309999942779541,3.940000057220459,4.170000076293945,246200
2022-10-19,4.039999961853027,4.179999828338623,3.9800000190734863,4.119999885559082,153600
2022-10-20,4.610000133514404,4.860000133514404,4.0,4.059999942779541,786000
2022-10-21,4.59499979019165,4.889999866485596,4.380000114440918,4.610000133514404,444300
2022-10-24,4.909999847412109,5.150000095367432,4.519999980926514,4.659999847412109,629300
2022-10-25,5.420000076293945,5.494999885559082,4.909999847412109,5.010000228881836,478100
2022-10-26,5.139999866485596,5.590000152587891,4.868000030517578,5.349999904632568,710500
2022-10-27,5.110000133514404,5.269999980926514,5.099999904632568,5.21999979019165,203300
2022-10-28,5.380000114440918,5.414999961853027,5.03000020980835,5.139999866485596,194100
2022-10-31,5.239999771118164,5.420000076293945,5.150000095367432,5.409999847412109,175000
2022-11-01,5.5,5.650000095367432,5.359000205993652,5.420000076293945,322300
2022-11-02,5.070000171661377,5.510000228881836,5.03000020980835,5.510000228881836,221600
2022-11-03,5.139999866485596,5.359000205993652,4.900000095367432,5.0,212700
2022-11-04,4.980000019073486,5.269000053405762,4.789999961853027,5.260000228881836,296700
2022-11-07,5.309999942779541,5.519999980926514,5.019999980926514,5.079999923706055,501900
2022-11-08,5.579999923706055,5.829999923706055,5.199999809265137,5.389999866485596,303400
2022-11-09,5.300000190734863,5.699999809265137,5.21999979019165,5.579999923706055,241000
2022-11-10,5.53000020980835,5.75,5.414999961853027,5.550000190734863,287300
2022-11-11,5.599999904632568,5.690000057220459,5.309999942779541,5.510000228881836,175300
2022-11-14,7.059999942779541,7.449999809265137,6.369999885559082,6.900000095367432,17691200
2022-11-15,8.680000305175781,8.8100004196167,7.0,7.28000020980835,6579300
2022-11-16,8.479999542236328,8.899999618530273,8.029999732971191,8.579999923706055,2572500
2022-11-17,9.34000015258789,9.579999923706055,7.869999885559082,7.900000095367432,1823000
2022-11-18,8.649999618530273,9.574000358581543,8.472000122070312,9.479999542236328,1065600
2022-11-21,8.239999771118164,9.130000114440918,7.989999771118164,8.65999984741211,738600
2022-11-22,8.710000038146973,8.869999885559082,7.980000019073486,8.09000015258789,767500
2022-11-23,8.420000076293945,8.85099983215332,8.149999618530273,8.770000457763672,516400
2022-11-25,8.470000267028809,8.640000343322754,8.244999885559082,8.25,234900
2022-11-28,8.630000114440918,8.729999542236328,8.300000190734863,8.59000015258789,539500
2022-11-29,8.020000457763672,8.6899995803833,7.949999809265137,8.5600004196167,579800
2022-11-30,9.029999732971191,9.039999961853027,8.020000457763672,8.029999732971191,787300
2022-12-01,9.779999732971191,10.062000274658203,8.8100004196167,9.029999732971191,982300
2022-12-02,9.779999732971191,9.9399995803833,9.180000305175781,9.5,562500
2022-12-05,9.029999732971191,9.795000076293945,8.899999618530273,9.75,631000
2022-12-06,8.800000190734863,9.239999771118164,8.619999885559082,9.0600004196167,501400
2022-12-07,8.680000305175781,8.960000038146973,8.515000343322754,8.770000457763672,295400
2022-12-08,9.180000305175781,9.289999961853027,8.670000076293945,8.770000457763672,387000
2022-12-09,8.720000267028809,9.34000015258789,8.680000305175781,9.039999961853027,385800
2022-12-12,8.859999656677246,8.9399995803833,8.220000267028809,8.770000457763672,471700
2022-12-13,8.869999885559082,9.180000305175781,8.579999923706055,9.039999961853027,484200
2022-12-14,9.199999809265137,9.329999923706055,8.760000228881836,8.859999656677246,424000
2022-12-15,9.4399995803833,9.470000267028809,8.890000343322754,9.050000190734863,335800
2022-12-16,9.34000015258789,9.779999732971191,9.0,9.40999984741211,518200
2022-12-19,9.079999923706055,9.3100004196167,8.470000267028809,9.3100004196167,863600
2022-12-20,9.800000190734863,9.90999984741211,8.937000274658203,8.989999771118164,609000
2022-12-21,10.270000457763672,10.34000015258789,9.399999618530273,10.069999694824219,786700
2022-12-22,9.949999809265137,10.180000305175781,9.5,9.960000038146973,589000
2022-12-23,9.770000457763672,10.050000190734863,9.359999656677246,9.880000114440918,378400
2022-12-27,9.210000038146973,9.770000457763672,9.079999923706055,9.630000114440918,516100
2022-12-28,11.399999618530273,11.479999542236328,9.119999885559082,9.140000343322754,2795500
2022-12-29,12.920000076293945,12.920000076293945,11.010000228881836,11.5,1649000
2022-12-30,13.199999809265137,13.649999618530273,12.329999923706055,12.8100004196167,1326600
2023-01-03,10.619999885559082,12.5,10.5,12.5,2177600
2023-01-04,11.989999771118164,12.449999809265137,10.649999618530273,10.819999694824219,1256200
2023-01-05,11.609999656677246,12.0,11.3100004196167,11.9399995803833,455600
2023-01-06,11.380000114440918,12.239999771118164,11.065999984741211,11.720000267028809,593600
2023-01-09,11.020000457763672,11.739999771118164,10.899999618530273,11.479999542236328,590700
2023-01-10,10.8100004196167,11.270000457763672,10.649999618530273,10.9399995803833,456000
2023-01-11,10.359999656677246,11.015000343322754,10.145000457763672,10.850000381469727,641000
2023-01-12,10.270000457763672,10.40999984741211,9.779999732971191,10.369999885559082,626700
2023-01-13,10.380000114440918,10.8100004196167,10.020000457763672,10.199999809265137,755600
2023-01-17,10.239999771118164,10.880000114440918,10.210000038146973,10.710000038146973,757400
2023-01-18,9.34000015258789,10.335000038146973,9.09000015258789,10.25,1237000
2023-01-19,9.079999923706055,9.529999732971191,8.859999656677246,9.229999542236328,546200
2023-01-20,9.199999809265137,9.430000305175781,8.949999809265137,9.069999694824219,333600
2023-01-23,9.359999656677246,9.5600004196167,9.010000228881836,9.199999809265137,562100
2023-01-24,9.369999885559082,9.470000267028809,9.100000381469727,9.260000228881836,295900
2023-01-25,9.619999885559082,9.649999618530273,9.140000343322754,9.239999771118164,615000
2023-01-26,9.350000381469727,9.84000015258789,9.15999984741211,9.699999809265137,328000
2023-01-27,9.510000228881836,9.529999732971191,9.135000228881836,9.350000381469727,392200
2023-01-30,8.420000076293945,9.479999542236328,8.210000038146973,9.350000381469727,1049800
2023-01-31,8.329999923706055,8.680000305175781,8.220000267028809,8.399999618530273,713600
2023-02-01,8.229999542236328,8.470000267028809,8.109999656677246,8.369999885559082,708800
2023-02-02,8.75,8.770000457763672,7.96999979019165,8.289999961853027,626900
2023-02-03,8.550000190734863,8.835000038146973,8.460000038146973,8.550000190734863,351000
2023-02-06,8.5600004196167,8.869999885559082,8.45199966430664,8.5600004196167,461000
2023-02-07,8.520000457763672,8.640000343322754,8.362000465393066,8.569999694824219,305600
2023-02-08,8.220000267028809,8.5600004196167,8.220000267028809,8.520000457763672,303300
2023-02-09,8.1899995803833,8.640000343322754,8.050000190734863,8.420000076293945,352000
2023-02-10,8.390000343322754,8.420000076293945,7.989999771118164,8.119999885559082,264100
2023-02-13,8.180000305175781,8.329999923706055,8.0600004196167,8.329999923706055,545500
2023-02-14,8.739999771118164,8.829999923706055,7.920000076293945,8.100000381469727,627100
2023-02-15,8.760000228881836,8.850000381469727,8.460000038146973,8.710000038146973,470000
2023-02-16,8.630000114440918,8.989999771118164,8.569999694824219,8.75,381200
2023-02-17,8.8100004196167,8.850000381469727,8.538999557495117,8.600000381469727,405100
2023-02-21,7.980000019073486,8.760000228881836,7.949999809265137,8.710000038146973,560600
2023-02-22,7.929999828338623,8.109999656677246,7.730000019073486,7.980000019073486,396700
2023-02-23,8.010000228881836,8.170000076293945,7.820000171661377,8.010000228881836,240100
2023-02-24,7.809999942779541,7.985000133514404,7.71999979019165,7.900000095367432,218000
2023-02-27,7.730000019073486,8.0649995803833,7.409999847412109,7.96999979019165,538100
2023-02-28,7.650000095367432,7.820000171661377,7.519999980926514,7.679999828338623,288200
2023-03-01,7.760000228881836,7.869999885559082,7.570000171661377,7.650000095367432,228800
2023-03-02,7.019999980926514,7.639999866485596,6.599999904632568,7.639999866485596,1013200
2023-03-03,7.289999961853027,7.429999828338623,6.980000019073486,7.070000171661377,362900
2023-03-06,7.070000171661377,7.28000020980835,6.9710001945495605,7.260000228881836,264900
2023-03-07,7.099999904632568,7.193999767303467,7.03000020980835,7.050000190734863,309000
2023-03-08,7.070000171661377,7.139999866485596,6.96999979019165,7.090000152587891,274400
2023-03-09,6.590000152587891,7.130000114440918,6.570000171661377,7.099999904632568,520000
2023-03-10,6.449999809265137,6.690000057220459,6.295000076293945,6.570000171661377,499100
2023-03-13,6.800000190734863,6.860000133514404,6.289999961853027,6.400000095367432,566400
2023-03-14,7.0,7.039999961853027,6.829999923706055,6.900000095367432,327300
2023-03-15,6.630000114440918,6.829999923706055,6.480000019073486,6.789999961853027,301100
2023-03-16,6.659999847412109,6.829999923706055,6.429999828338623,6.619999885559082,376300
2023-03-17,6.269999980926514,6.619999885559082,6.230000019073486,6.590000152587891,401900
2023-03-20,6.170000076293945,6.269999980926514,5.96999979019165,6.269999980926514,398600
2023-03-21,6.289999961853027,6.309999942779541,6.005000114440918,6.170000076293945,467600
2023-03-22,5.840000152587891,6.340000152587891,5.824999809265137,6.320000171661377,376700
2023-03-23,5.920000076293945,6.050000190734863,5.769999980926514,5.940000057220459,309700
2023-03-24,5.820000171661377,5.929999828338623,5.769999980926514,5.829999923706055,210600
2023-03-27,5.679999828338623,5.877999782562256,5.650000095367432,5.840000152587891,346200
2023-03-28,5.849999904632568,6.026000022888184,5.389999866485596,5.610000133514404,444800
2023-03-29,6.019999980926514,6.52400016784668,5.880000114440918,5.960000038146973,628200
2023-03-30,5.860000133514404,6.440000057220459,5.829999923706055,6.050000190734863,535900
2023-03-31,6.150000095367432,6.210000038146973,5.864999771118164,5.880000114440918,438700
2023-04-03,6.059999942779541,6.300000190734863,6.0,6.159999847412109,300700
2023-04-04,5.739999771118164,6.110000133514404,5.684999942779541,6.110000133514404,339100
2023-04-05,5.510000228881836,5.769999980926514,5.460000038146973,5.699999809265137,341000
2023-04-06,5.809999942779541,5.949999809265137,5.480000019073486,5.489999771118164,366500
2023-04-10,5.949999809265137,6.099999904632568,5.695000171661377,5.769999980926514,376400
2023-04-11,6.239999771118164,6.320000171661377,5.900000095367432,5.920000076293945,377800
2023-04-12,6.304999828338623,6.340000152587891,6.019999980926514,6.300000190734863,256000
2023-04-13,6.96999979019165,7.230000019073486,6.380000114440918,6.380000114440918,739700
2023-04-14,6.889999866485596,7.190000057220459,6.829999923706055,6.960000038146973,333400
2023-04-17,6.840000152587891,7.170000076293945,6.789999961853027,6.96999979019165,386400
2023-04-18,6.880000114440918,6.974999904632568,6.650000095367432,6.860000133514404,265700
2023-04-19,6.599999904632568,6.829999923706055,6.489999771118164,6.829999923706055,240500
2023-04-20,6.309999942779541,6.589000225067139,6.23199987411499,6.46999979019165,263000
2023-04-21,6.590000152587891,6.789999961853027,6.298999786376953,6.329999923706055,231800
2023-04-24,6.329999923706055,6.625,6.130000114440918,6.599999904632568,282600
2023-04-25,6.139999866485596,6.420000076293945,6.019999980926514,6.389999866485596,337200
2023-04-26,5.920000076293945,6.269999980926514,5.900000095367432,6.139999866485596,223400
2023-04-27,6.079999923706055,6.105000019073486,5.789999961853027,6.0,253000
2023-04-28,6.079999923706055,6.210000038146973,5.949999809265137,6.090000152587891,202200
2023-05-01,6.099999904632568,6.295000076293945,5.995999813079834,6.119999885559082,168600
2023-05-02,5.920000076293945,6.119999885559082,5.860000133514404,6.059999942779541,161900
2023-05-03,6.28000020980835,6.340000152587891,5.920000076293945,5.920000076293945,188600
2023-05-04,6.269999980926514,6.360000133514404,6.179999828338623,6.360000133514404,120300
2023-05-05,6.53000020980835,6.579999923706055,6.260000228881836,6.309999942779541,239500
2023-05-08,6.739999771118164,6.809999942779541,6.409999847412109,6.5,198600
2023-05-09,6.869999885559082,6.96999979019165,6.519999980926514,6.679999828338623,225600
2023-05-10,6.840000152587891,7.070000171661377,6.650000095367432,6.920000076293945,259100
2023-05-11,6.704999923706055,6.940000057220459,6.53000020980835,6.940000057220459,179300
2023-05-12,6.449999809265137,6.78000020980835,6.335000038146973,6.679999828338623,193200
2023-05-15,6.929999828338623,7.21999979019165,6.449999809265137,6.449999809265137,340400
2023-05-16,6.769999980926514,7.010000228881836,6.599999904632568,6.860000133514404,244200
2023-05-17,7.059999942779541,7.260000228881836,6.809999942779541,7.019999980926514,426200
2023-05-18,7.400000095367432,7.849999904632568,7.130000114440918,7.150000095367432,541200
2023-05-19,7.409999847412109,7.869999885559082,7.260000228881836,7.579999923706055,312100
2023-05-22,7.880000114440918,8.050000190734863,7.565000057220459,7.639999866485596,511800
2023-05-23,7.659999847412109,8.1899995803833,7.650000095367432,7.880000114440918,354800
2023-05-24,7.224999904632568,7.630000114440918,7.070000171661377,7.630000114440918,376400
2023-05-25,6.71999979019165,7.21999979019165,6.639999866485596,7.21999979019165,727200
2023-05-26,8.5600004196167,8.920000076293945,7.320000171661377,8.15999984741211,4158900
2023-05-30,8.470000267028809,8.880000114440918,8.15999984741211,8.550000190734863,1278900
2023-05-31,9.579999923706055,9.800000190734863,8.1899995803833,8.569999694824219,1361300
2023-06-01,9.899999618530273,10.270000457763672,9.119999885559082,9.569999694824219,948900
2023-06-02,9.420000076293945,10.220000267028809,9.350000381469727,10.220000267028809,595500
2023-06-05,6.53000020980835,9.545000076293945,4.559999942779541,9.390000343322754,9308500
2023-06-06,6.239999771118164,7.269999980926514,5.78000020980835,7.269999980926514,4534400
2023-06-07,5.909999847412109,6.5,5.860000133514404,6.309999942779541,1566300
2023-06-08,5.820000171661377,6.184000015258789,5.760000228881836,5.849999904632568,1249600
2023-06-09,5.900000095367432,5.960000038146973,5.510000228881836,5.820000171661377,1039300
2023-06-12,6.139999866485596,6.400000095367432,5.889999866485596,5.889999866485596,1009500
2023-06-13,6.630000114440918,6.739999771118164,6.045000076293945,6.170000076293945,915000
2023-06-14,5.974999904632568,6.920000076293945,5.914999961853027,6.630000114440918,2197100
2023-06-15,6.21999979019165,6.360000133514404,5.75,5.909999847412109,1195500
2023-06-16,6.03000020980835,6.25,5.940000057220459,6.199999809265137,907800
2023-06-20,5.96999979019165,6.079999923706055,5.800000190734863,6.03000020980835,538700
2023-06-21,5.869999885559082,6.01800012588501,5.699999809265137,5.96999979019165,489200
2023-06-22,6.059999942779541,6.2170000076293945,5.71999979019165,5.869999885559082,603300
2023-06-23,5.449999809265137,6.014999866485596,5.409999847412109,5.880000114440918,4520600
2023-06-26,5.320000171661377,5.590000152587891,5.059999942779541,5.480000019073486,727700
2023-06-27,5.269999980926514,5.375,5.139999866485596,5.360000133514404,512900
2023-06-28,5.460000038146973,5.539999961853027,5.159999847412109,5.210000038146973,385200
2023-06-29,5.25,5.510000228881836,5.210000038146973,5.460000038146973,365400
2023-06-30,5.03000020980835,5.289999961853027,5.014999866485596,5.289999961853027,634900
2023-07-03,4.989999771118164,5.099999904632568,4.900000095367432,5.010000228881836,324800
2023-07-05,4.940000057220459,4.989999771118164,4.829999923706055,4.980000019073486,431300
2023-07-06,4.909999847412109,4.940000057220459,4.679999828338623,4.920000076293945,805400
2023-07-07,4.869999885559082,4.968999862670898,4.760000228881836,4.889999866485596,691400
2023-07-10,5.269999980926514,5.289999961853027,4.860000133514404,4.889999866485596,588100
2023-07-11,5.03000020980835,5.340000152587891,5.010000228881836,5.25,723100
2023-07-12,5.159999847412109,5.260000228881836,5.050000190734863,5.130000114440918,450600
2023-07-13,5.179999828338623,5.25,5.114999771118164,5.190000057220459,547000
2023-07-14,5.130000114440918,5.264999866485596,5.039999961853027,5.230000019073486,316600
2023-07-17,5.519999980926514,5.699999809265137,5.110000133514404,5.150000095367432,1143400
2023-07-18,5.710000038146973,5.800000190734863,5.420000076293945,5.5,888500
2023-07-19,5.920000076293945,6.0,5.583000183105469,5.710000038146973,771800
2023-07-20,5.760000228881836,5.920000076293945,5.460000038146973,5.920000076293945,984900
2023-07-21,5.409999847412109,5.849999904632568,5.380000114440918,5.829999923706055,643300
2023-07-24,5.300000190734863,5.510000228881836,5.244999885559082,5.510000228881836,553100
2023-07-25,5.260000228881836,5.369999885559082,5.239999771118164,5.300000190734863,313200
2023-07-26,5.150000095367432,5.300000190734863,5.03000020980835,5.269999980926514,543300
2023-07-27,4.949999809265137,5.210000038146973,4.914999961853027,5.199999809265137,392900
2023-07-28,5.429999828338623,5.449999809265137,4.989999771118164,5.0,366000
2023-07-31,5.715000152587891,5.730000019073486,5.400000095367432,5.449999809265137,371900
2023-08-01,5.690000057220459,5.710000038146973,5.4710001945495605,5.710000038146973,298400
2023-08-02,5.5,5.635000228881836,5.400000095367432,5.630000114440918,347000
2023-08-03,5.869999885559082,5.985000133514404,5.46999979019165,5.46999979019165,487700
2023-08-04,5.420000076293945,5.949999809265137,5.409999847412109,5.889999866485596,386300
2023-08-07,5.300000190734863,5.440000057220459,5.070000171661377,5.409999847412109,342200
2023-08-08,5.46999979019165,5.5,5.170000076293945,5.179999828338623,314700
2023-08-09,5.309999942779541,5.53000020980835,5.269999980926514,5.5,269400
2023-08-10,4.795000076293945,5.449999809265137,4.670000076293945,5.349999904632568,1042600
2023-08-11,4.849999904632568,4.920000076293945,4.619999885559082,4.670000076293945,530900
2023-08-14,5.329999923706055,5.389999866485596,4.659999847412109,5.0,908200
2023-08-15,5.880000114440918,6.124000072479248,5.269999980926514,5.349999904632568,1052400
2023-08-16,6.230000019073486,6.360000133514404,5.800000190734863,5.889999866485596,1082100
2023-08-17,5.644999980926514,6.369999885559082,5.519999980926514,6.369999885559082,781600
2023-08-18,5.679999828338623,5.929999828338623,5.380000114440918,5.550000190734863,638800
2023-08-21,5.610000133514404,5.659999847412109,5.239999771118164,5.639999866485596,659700
2023-08-22,5.460000038146973,5.989999771118164,5.440000057220459,5.650000095367432,670400
2023-08-23,6.010000228881836,6.25,5.489999771118164,5.489999771118164,788800
2023-08-24,5.840000152587891,6.21999979019165,5.784999847412109,6.010000228881836,477900
2023-08-25,5.96999979019165,6.059999942779541,5.75,5.909999847412109,349500
2023-08-28,6.400000095367432,6.510000228881836,6.01800012588501,6.019999980926514,570100
2023-08-29,5.980000019073486,6.380000114440918,5.849999904632568,6.380000114440918,716500
2023-08-30,5.96999979019165,6.03000020980835,5.880000114440918,5.980000019073486,260400
2023-08-31,5.869999885559082,6.019999980926514,5.820000171661377,5.989999771118164,271600
2023-09-01,6.039999961853027,6.150000095367432,5.929999828338623,5.929999828338623,246500
2023-09-05,5.820000171661377,6.019999980926514,5.78000020980835,6.019999980926514,284100
2023-09-06,5.829999923706055,5.909999847412109,5.610000133514404,5.809999942779541,241200
2023-09-07,5.920000076293945,5.989999771118164,5.71999979019165,5.820000171661377,192800
2023-09-08,5.809999942779541,5.929999828338623,5.78000020980835,5.909999847412109,162000
2023-09-11,5.889999866485596,6.03000020980835,5.75,5.820000171661377,225200
2023-09-12,5.590000152587891,5.880000114440918,5.550000190734863,5.880000114440918,556600
2023-09-13,5.489999771118164,5.860000133514404,5.46999979019165,5.699999809265137,531100
2023-09-14,5.614999771118164,5.760000228881836,5.480000019073486,5.559999942779541,263100
2023-09-15,5.340000152587891,5.630000114440918,5.300000190734863,5.630000114440918,451300
2023-09-18,5.400000095367432,5.619999885559082,5.340000152587891,5.5,534100
2023-09-19,5.340000152587891,5.510000228881836,5.309999942779541,5.380000114440918,294400
2023-09-20,5.28000020980835,5.510000228881836,5.210000038146973,5.380000114440918,443700
2023-09-21,5.300000190734863,5.380000114440918,5.170000076293945,5.28000020980835,276000
2023-09-22,5.210000038146973,5.320000171661377,5.130000114440918,5.320000171661377,358700
2023-09-25,5.110000133514404,5.179999828338623,5.019999980926514,5.150000095367432,163500
2023-09-26,5.21999979019165,5.340000152587891,5.070000171661377,5.070000171661377,226900
2023-09-27,5.099999904632568,5.380000114440918,5.090000152587891,5.25,449200
2023-09-28,5.03000020980835,5.15500020980835,4.809999942779541,5.079999923706055,446100
2023-09-29,5.050000190734863,5.099999904632568,4.880000114440918,5.039999961853027,478600
2023-10-02,4.699999809265137,5.329999923706055,4.64300012588501,5.039999961853027,1031400
2023-10-03,4.019999980926514,4.849999904632568,3.9100000858306885,4.699999809265137,2049700
2023-10-04,4.230000019073486,4.309999942779541,3.880000114440918,4.0,776500
2023-10-05,4.570000171661377,4.619999885559082,4.199999809265137,4.210000038146973,487800
2023-10-06,4.840000152587891,4.940000057220459,4.409999847412109,4.559999942779541,612900
2023-10-09,4.820000171661377,4.860000133514404,4.590000152587891,4.789999961853027,332100
2023-10-10,4.809999942779541,5.0,4.724999904632568,4.75,309200
2023-10-11,4.650000095367432,4.900000095367432,4.590000152587891,4.789999961853027,303900
2023-10-12,4.449999809265137,4.675000190734863,4.409999847412109,4.650000095367432,298500
2023-10-13,4.510000228881836,4.561999797821045,4.269999980926514,4.519999980926514,265100
2023-10-16,4.53000020980835,4.579999923706055,4.4019999504089355,4.550000190734863,249500
2023-10-17,4.599999904632568,4.739999771118164,4.46999979019165,4.53000020980835,309200
2023-10-18,4.340000152587891,4.670000076293945,4.315000057220459,4.539999961853027,380300
2023-10-19,4.130000114440918,4.340000152587891,4.110000133514404,4.320000171661377,422700
2023-10-20,4.110000133514404,4.239999771118164,4.079999923706055,4.150000095367432,379300
2023-10-23,3.9800000190734863,4.179999828338623,3.950000047683716,4.079999923706055,356000
2023-10-24,4.059999942779541,4.159999847412109,3.9800000190734863,4.0,375300
2023-10-25,4.059999942779541,4.179999828338623,3.950000047683716,4.050000190734863,195600
2023-10-26,3.950000047683716,4.130000114440918,3.859999895095825,4.079999923706055,282800
2023-10-27,4.019999980926514,4.03000020980835,3.799999952316284,3.940000057220459,453200
2023-10-30,4.199999809265137,4.289999961853027,4.03000020980835,4.03000020980835,230600
2023-10-31,4.170000076293945,4.300000190734863,4.130000114440918,4.170000076293945,223900
2023-11-01,4.179999828338623,4.204999923706055,4.0,4.199999809265137,261400
2023-11-02,4.429999828338623,4.449999809265137,4.190000057220459,4.199999809265137,365900
2023-11-03,4.550000190734863,4.650000095367432,4.480000019073486,4.489999771118164,336900
2023-11-06,4.670000076293945,4.769999980926514,4.420000076293945,4.5,374100
2023-11-07,4.704999923706055,4.78000020980835,4.580999851226807,4.670000076293945,223200
2023-11-08,4.659999847412109,4.71999979019165,4.550000190734863,4.710000038146973,174300
2023-11-09,4.909999847412109,5.119999885559082,4.466000080108643,4.889999866485596,1671100
2023-11-10,5.340000152587891,5.510000228881836,4.730000019073486,4.96999979019165,988300
2023-11-13,5.255000114440918,5.360000133514404,5.130000114440918,5.349999904632568,576600
2023-11-14,6.230000019073486,6.460000038146973,5.573999881744385,5.599999904632568,1417700
2023-11-15,6.320000171661377,6.610000133514404,5.940000057220459,6.170000076293945,990400
2023-11-16,6.579999923706055,6.849999904632568,6.238999843597412,6.309999942779541,1054100
2023-11-17,6.289999961853027,6.739999771118164,6.239999771118164,6.650000095367432,595100
2023-11-20,6.309999942779541,6.619999885559082,6.130000114440918,6.300000190734863,409300
2023-11-21,6.269999980926514,6.480000019073486,5.920000076293945,6.320000171661377,460500
2023-11-22,6.159999847412109,6.389999866485596,5.940000057220459,6.289999961853027,435500
2023-11-24,6.309999942779541,6.449999809265137,6.070000171661377,6.179999828338623,126600
2023-11-27,5.900000095367432,6.239999771118164,5.840000152587891,6.239999771118164,392000
2023-11-28,5.329999923706055,5.739999771118164,5.007999897003174,5.699999809265137,1140600
2023-11-29,5.139999866485596,5.510000228881836,5.081999778747559,5.510000228881836,419100
2023-11-30,5.260000228881836,5.440000057220459,5.139999866485596,5.260000228881836,750800
2023-12-01,5.25,5.289999961853027,5.059999942779541,5.239999771118164,546700
2023-12-04,5.28000020980835,5.349999904632568,5.1579999923706055,5.309999942779541,458500
2023-12-05,5.239999771118164,5.360000133514404,5.190000057220459,5.260000228881836,329300
2023-12-06,5.159999847412109,5.409999847412109,5.130000114440918,5.369999885559082,452100
2023-12-07,5.119999885559082,5.210000038146973,5.039999961853027,5.199999809265137,259100
2023-12-08,5.150000095367432,5.239999771118164,5.010000228881836,5.059999942779541,362700
2023-12-11,4.869999885559082,5.079999923706055,4.820000171661377,5.079999923706055,421400
2023-12-12,5.090000152587891,5.099999904632568,4.739999771118164,4.840000152587891,389400
2023-12-13,5.21999979019165,5.230000019073486,4.960000038146973,5.099999904632568,379600
2023-12-14,5.40500020980835,5.449999809265137,5.239999771118164,5.329999923706055,609700
2023-12-15,5.099999904632568,5.449999809265137,5.050000190734863,5.420000076293945,547800
2023-12-18,5.010000228881836,5.139999866485596,4.980000019073486,5.079999923706055,484100
2023-12-19,5.110000133514404,5.1529998779296875,5.019999980926514,5.099999904632568,400100
2023-12-20,4.860000133514404,5.159999847412109,4.849999904632568,5.099999904632568,523400
2023-12-21,5.139999866485596,5.190000057220459,4.840000152587891,4.880000114440918,494500
2023-12-22,5.329999923706055,5.53000020980835,5.179999828338623,5.179999828338623,841200
2023-12-26,5.130000114440918,5.460000038146973,5.110000133514404,5.400000095367432,701900
2023-12-27,5.079999923706055,5.179999828338623,4.940000057220459,5.090000152587891,683600
2023-12-28,5.099999904632568,5.190000057220459,5.019999980926514,5.110000133514404,423600
2023-12-29,4.96999979019165,5.130000114440918,4.949999809265137,5.059999942779541,582700
2024-01-02,5.150000095367432,5.230000019073486,4.949999809265137,4.96999979019165,509100
2024-01-03,5.03000020980835,5.199999809265137,5.019999980926514,5.070000171661377,514800
2024-01-04,5.110000133514404,5.224999904632568,5.019999980926514,5.019999980926514,547500
2024-01-05,5.019999980926514,5.079999923706055,4.949999809265137,5.059999942779541,396500
2024-01-08,5.400000095367432,5.449999809265137,5.0,5.099999904632568,888100
2024-01-09,5.170000076293945,5.369999885559082,5.144999980926514,5.340000152587891,531000
2024-01-10,4.909999847412109,5.25,4.809999942779541,5.139999866485596,1023600
2024-01-11,4.510000228881836,4.880000114440918,4.489999771118164,4.849999904632568,770400
2024-01-12,4.320000171661377,4.574999809265137,4.309999942779541,4.519999980926514,678800
2024-01-16,4.085000038146973,4.300000190734863,4.045000076293945,4.300000190734863,642000
2024-01-17,4.090000152587891,4.210000038146973,3.930000066757202,4.039999961853027,498300
2024-01-18,4.289999961853027,4.349999904632568,4.03000020980835,4.119999885559082,859400
2024-01-19,4.5,4.519999980926514,4.130000114440918,4.320000171661377,930100
2024-01-22,4.489999771118164,4.679999828338623,4.369999885559082,4.550000190734863,591300
2024-01-23,5.03000020980835,5.03000020980835,4.539999961853027,4.539999961853027,1074800
2024-01-24,4.929999828338623,5.139999866485596,4.900000095367432,5.099999904632568,734500
2024-01-25,5.300000190734863,5.320000171661377,4.929999828338623,4.989999771118164,900700
2024-01-26,5.489999771118164,5.650000095367432,5.300000190734863,5.340000152587891,971300
2024-01-29,5.889999866485596,5.949999809265137,5.360000133514404,5.510000228881836,686300
2024-01-30,5.579999923706055,5.948999881744385,5.449999809265137,5.880000114440918,893000
2024-01-31,5.349999904632568,5.610000133514404,5.341000080108643,5.579999923706055,489800
2024-02-01,5.619999885559082,5.695000171661377,5.349999904632568,5.5,671300
2024-02-02,5.409999847412109,5.589000225067139,5.349999904632568,5.559999942779541,442700
2024-02-05,5.260000228881836,5.360000133514404,5.190000057220459,5.340000152587891,364800
2024-02-06,5.369999885559082,5.420000076293945,5.150000095367432,5.21999979019165,276100
2024-02-07,5.289999961853027,5.429999828338623,5.199999809265137,5.400000095367432,351800
2024-02-08,5.260000228881836,5.429999828338623,5.190000057220459,5.260000228881836,581900
2024-02-09,5.324999809265137,5.380000114440918,5.130000114440918,5.260000228881836,368400
2024-02-12,5.46999979019165,5.570000171661377,5.300000190734863,5.320000171661377,472000
2024-02-13,4.980000019073486,5.349999904632568,4.96999979019165,5.230000019073486,975700
2024-02-14,5.320000171661377,5.349999904632568,4.940000057220459,5.050000190734863,517600
2024-02-15,5.460000038146973,5.489999771118164,5.309999942779541,5.400000095367432,442800
2024-02-16,5.400000095367432,5.414999961853027,5.260000228881836,5.400000095367432,512400
2024-02-20,5.539999961853027,5.599999904632568,5.329999923706055,5.349999904632568,544000
2024-02-21,5.289999961853027,5.550000190734863,5.125,5.489999771118164,402300
2024-02-22,5.349999904632568,5.409999847412109,5.289999961853027,5.309999942779541,367800
2024-02-23,5.420000076293945,5.550000190734863,5.21999979019165,5.349999904632568,568300
2024-02-26,5.539999961853027,5.659999847412109,5.322000026702881,5.440000057220459,675800
2024-02-27,6.099999904632568,6.190000057220459,5.689000129699707,5.699999809265137,1805600
2024-02-28,5.869999885559082,6.164999961853027,5.760000228881836,6.139999866485596,968000
2024-02-29,6.590000152587891,6.679999828338623,6.019999980926514,6.019999980926514,2627300
2024-03-01,6.590000152587891,6.659999847412109,6.309999942779541,6.659999847412109,1170900
2024-03-04,6.170000076293945,6.679999828338623,6.099999904632568,6.659999847412109,1240900
2024-03-05,5.800000190734863,6.170000076293945,5.71999979019165,6.070000171661377,1222200
2024-03-06,6.039999961853027,6.21999979019165,5.599999904632568,5.920000076293945,992400
2024-03-07,5.820000171661377,6.159999847412109,5.800000190734863,6.119999885559082,631900
2024-03-08,5.460000038146973,6.0,5.320000171661377,5.869999885559082,1236700
2024-03-11,4.960000038146973,5.710000038146973,4.920000076293945,5.440000057220459,2017900
2024-03-12,4.625,5.0,4.610000133514404,4.96999979019165,1319900
2024-03-13,4.75,5.052999973297119,4.679999828338623,4.800000190734863,985200
2024-03-14,4.784999847412109,4.900000095367432,4.480000019073486,4.809999942779541,796600
2024-03-15,4.900000095367432,4.920000076293945,4.698999881744385,4.760000228881836,430600
2024-03-18,4.755000114440918,4.900000095367432,4.670000076293945,4.889999866485596,352200
2024-03-19,4.690000057220459,4.78000020980835,4.579999923706055,4.699999809265137,506500
2024-03-20,4.809999942779541,5.0,4.579999923706055,4.699999809265137,560800
2024-03-21,4.880000114440918,4.900000095367432,4.730000019073486,4.840000152587891,603000
2024-03-22,4.619999885559082,4.869999885559082,4.565000057220459,4.860000133514404,1005300
2024-03-25,4.730000019073486,4.815000057220459,4.550000190734863,4.559999942779541,1016100
2024-03-26,4.480000019073486,4.914999961853027,4.46999979019165,4.760000228881836,2020200
2024-03-27,3.8499999046325684,4.369999885559082,3.609999895095825,4.0,4416700
2024-03-28,3.9600000381469727,4.559999942779541,3.9000000953674316,3.9100000858306885,2286800
2024-04-01,4.019999980926514,4.079999923706055,3.7850000858306885,4.050000190734863,1009000
2024-04-02,3.7200000286102295,3.934999942779541,3.640000104904175,3.9200000762939453,1371800
2024-04-03,3.680000066757202,3.7699999809265137,3.609999895095825,3.759999990463257,691300
2024-04-04,3.2899999618530273,3.7300000190734863,3.2200000286102295,3.690000057220459,1424300
2024-04-05,3.2300000190734863,3.375,3.1710000038146973,3.240000009536743,901600
2024-04-08,3.309999942779541,3.4000000953674316,3.140000104904175,3.2699999809265137,620900
2024-04-09,3.2699999809265137,3.309999942779541,3.0950000286102295,3.309999942779541,937700
2024-04-10,3.1500000953674316,3.200000047683716,3.069999933242798,3.140000104904175,517200
2024-04-11,3.369999885559082,3.4100000858306885,3.190000057220459,3.190000057220459,586900
2024-04-12,3.190000057220459,3.380000114440918,3.140000104904175,3.3299999237060547,595600
2024-04-15,2.819999933242798,3.240999937057495,2.805000066757202,3.200000047683716,1320700
2024-04-16,2.799999952316284,2.924999952316284,2.680000066757202,2.809999942779541,717400
2024-04-17,2.7200000286102295,2.8399999141693115,2.680000066757202,2.8399999141693115,610700
2024-04-18,2.9000000953674316,3.015000104904175,2.690000057220459,2.7200000286102295,1128200
2024-04-19,2.6449999809265137,2.9149999618530273,2.5899999141693115,2.890000104904175,881400
2024-04-22,2.990000009536743,3.0,2.640000104904175,2.6500000953674316,684100
2024-04-23,3.200000047683716,3.25,2.990000009536743,3.0,990600
2024-04-24,3.25,3.299999952316284,3.190000057220459,3.25,447200
2024-04-25,3.259999990463257,3.2899999618530273,3.121000051498413,3.140000104904175,421500
2024-04-26,3.2699999809265137,3.380000114440918,3.200000047683716,3.240000009536743,415600
2024-04-29,3.390000104904175,3.5199999809265137,3.253999948501587,3.2699999809265137,436500
2024-04-30,3.3499999046325684,3.380000114440918,3.255000114440918,3.369999885559082,258900
2024-05-01,3.609999895095825,3.819999933242798,3.309999942779541,3.3499999046325684,675800
2024-05-02,3.7300000190734863,3.740000009536743,3.569999933242798,3.6600000858306885,375300
2024-05-03,3.819999933242798,3.9600000381469727,3.740000009536743,3.8499999046325684,431000
2024-05-06,3.7300000190734863,3.997999906539917,3.7100000381469727,3.8499999046325684,775600
2024-05-07,3.7750000953674316,3.880000114440918,3.5350000858306885,3.75,616200
2024-05-08,4.019999980926514,4.360000133514404,3.559999942779541,3.75,1844900
2024-05-09,3.8299999237060547,4.085000038146973,3.799999952316284,4.050000190734863,1248500
2024-05-10,3.509999990463257,4.03000020980835,3.4200000762939453,3.9000000953674316,1020000
2024-05-13,3.5899999141693115,3.6600000858306885,3.4100000858306885,3.5199999809265137,686200
2024-05-14,3.5350000858306885,3.7699999809265137,3.484999895095825,3.5999999046325684,720400
2024-05-15,3.5,3.7699999809265137,3.4800000190734863,3.7200000286102295,585400
2024-05-16,3.5299999713897705,3.549999952316284,3.1500000953674316,3.5199999809265137,976000
2024-05-17,3.490000009536743,3.5899999141693115,3.4100000858306885,3.5199999809265137,251300
2024-05-20,3.380000114440918,3.490000009536743,3.265000104904175,3.490000009536743,476200
2024-05-21,3.559999942779541,3.7860000133514404,3.369999885559082,3.390000104904175,734300
2024-05-22,3.380000114440918,3.61299991607666,3.3399999141693115,3.5299999713897705,350900
2024-05-23,3.119999885559082,3.4100000858306885,3.0399999618530273,3.359999895095825,597400
2024-05-24,3.0799999237060547,3.180000066757202,3.0399999618530273,3.119999885559082,501800
2024-05-28,3.109999895095825,3.140000104904175,3.0,3.0899999141693115,441200
2024-05-29,2.9600000381469727,3.0799999237060547,2.9200000762939453,3.049999952316284,461300
2024-05-30,2.950000047683716,3.0450000762939453,2.9000000953674316,3.009999990463257,424200
2024-05-31,2.9800000190734863,3.0199999809265137,2.9000000953674316,2.9700000286102295,411600
2024-06-03,2.9049999713897705,3.0299999713897705,2.9000000953674316,3.0299999713897705,277300
2024-06-04,2.9000000953674316,3.0199999809265137,2.8949999809265137,2.9000000953674316,334100
2024-06-05,3.009999990463257,3.0399999618530273,2.8299999237060547,2.9200000762939453,394300
2024-06-06,2.9000000953674316,3.009999990463257,2.9000000953674316,3.0,384400
2024-06-07,2.9149999618530273,2.950000047683716,2.890000104904175,2.9000000953674316,266400
2024-06-10,2.819999933242798,2.9100000858306885,2.799999952316284,2.9100000858306885,391300
2024-06-11,2.759999990463257,2.819000005722046,2.6500000953674316,2.7799999713897705,451300
2024-06-12,2.930000066757202,3.200000047683716,2.859999895095825,2.859999895095825,880200
2024-06-13,3.0,3.0799999237060547,2.930000066757202,2.940000057220459,511500
2024-06-14,2.7850000858306885,2.9790000915527344,2.700000047683716,2.9700000286102295,707600
2024-06-17,2.6700000762939453,2.809999942779541,2.6549999713897705,2.759999990463257,282500
2024-06-18,2.740000009536743,2.8450000286102295,2.609999895095825,2.6700000762939453,581100
2024-06-20,2.549999952316284,2.700000047683716,2.5350000858306885,2.700000047683716,465400
2024-06-21,2.640000104904175,2.6649999618530273,2.5299999713897705,2.559999942779541,749000
2024-06-24,2.859999895095825,2.940000057220459,2.5999999046325684,2.5999999046325684,530400
2024-06-25,3.1600000858306885,3.2200000286102295,2.8299999237060547,2.8299999237060547,875300
2024-06-26,3.0399999618530273,3.319999933242798,2.9200000762939453,3.109999895095825,753600
2024-06-27,3.009999990463257,3.1500000953674316,2.9700000286102295,3.0299999713897705,751400
2024-06-28,2.930000066757202,3.059999942779541,2.9100000858306885,3.049999952316284,4012700
2024-07-01,3.0299999713897705,3.069999933242798,2.9100000858306885,2.9100000858306885,566500
2024-07-02,2.950000047683716,3.009999990463257,2.799999952316284,3.0,728100
2024-07-03,3.009999990463257,3.130000114440918,2.930000066757202,2.9600000381469727,320100
2024-07-05,3.119999885559082,3.1600000858306885,2.940000057220459,2.9700000286102295,847300
2024-07-08,3.2300000190734863,3.315000057220459,3.061000108718872,3.0999999046325684,385300
2024-07-09,3.369999885559082,3.5199999809265137,3.1600000858306885,3.2100000381469727,750200
2024-07-10,3.5199999809265137,3.640000104904175,3.390000104904175,3.390000104904175,594900
2024-07-11,3.880000114440918,3.994999885559082,3.549999952316284,3.619999885559082,609700
2024-07-12,4.090000152587891,4.269999980926514,3.940000057220459,3.9600000381469727,806100
2024-07-15,4.224999904632568,4.400000095367432,4.099999904632568,4.170000076293945,598500
2024-07-16,4.144999980926514,4.420000076293945,4.019999980926514,4.25,602100
2024-07-17,4.010000228881836,4.269999980926514,3.9200000762939453,4.099999904632568,386100
2024-07-18,3.859999895095825,4.119999885559082,3.7750000953674316,4.010000228881836,332100
2024-07-19,3.869999885559082,3.990000009536743,3.7699999809265137,3.809999942779541,257600
2024-07-22,3.9000000953674316,3.940000057220459,3.7300000190734863,3.880000114440918,196800
2024-07-23,4.230000019073486,4.320000171661377,3.9000000953674316,3.9100000858306885,615700
2024-07-24,3.765000104904175,4.190000057220459,3.740000009536743,4.130000114440918,253900
2024-07-25,3.940000057220459,4.03000020980835,3.740000009536743,3.8350000381469727,207400
2024-07-26,3.880000114440918,4.070000171661377,3.8499999046325684,4.03000020980835,142000
2024-07-29,3.819999933242798,4.0,3.7850000858306885,3.869999885559082,182800
2024-07-30,3.4600000381469727,4.0,3.4200000762939453,3.8299999237060547,497900
2024-07-31,3.559999942779541,3.75,3.369999885559082,3.4700000286102295,243600
2024-08-01,3.2300000190734863,3.559999942779541,3.1700000762939453,3.559999942779541,599600
2024-08-02,3.2200000286102295,3.3499999046325684,2.990000009536743,3.0899999141693115,423800
2024-08-05,3.1500000953674316,3.1700000762939453,2.9200000762939453,2.940000057220459,372700
2024-08-06,3.0999999046325684,3.25,3.0999999046325684,3.200000047683716,191700
2024-08-07,3.0,3.1700000762939453,2.9700000286102295,3.1600000858306885,279000
2024-08-08,3.049999952316284,3.1500000953674316,3.0,3.0899999141693115,168700
2024-08-09,3.0399999618530273,3.049999952316284,2.9600000381469727,3.009999990463257,153500
2024-08-12,3.049999952316284,3.140000104904175,2.990000009536743,3.009999990463257,195000
2024-08-13,3.049999952316284,3.130000114440918,2.9800000190734863,3.059999942779541,242000
2024-08-14,3.0199999809265137,3.0799999237060547,2.9100000858306885,3.0,417500
2024-08-15,3.2300000190734863,3.3450000286102295,3.109999895095825,3.109999895095825,251500
2024-08-16,3.25,3.2699999809265137,3.119999885559082,3.2100000381469727,91100
2024-08-19,3.5199999809265137,3.5999999046325684,3.25,3.25,365800
2024-08-20,3.4549999237060547,3.619999885559082,3.309999942779541,3.549999952316284,320000
2024-08-21,3.4800000190734863,3.569999933242798,3.359999895095825,3.490000009536743,180800
2024-08-22,3.299999952316284,3.5,3.2950000762939453,3.5,133100
2024-08-23,3.3499999046325684,3.4749999046325684,3.259999990463257,3.309999942779541,278600
2024-08-26,3.180000066757202,3.450000047683716,3.130000114440918,3.4000000953674316,267500
2024-08-27,3.119999885559082,3.2300000190734863,3.0299999713897705,3.1600000858306885,97500
2024-08-28,3.0899999141693115,3.1700000762939453,3.0299999713897705,3.0799999237060547,213100
2024-08-29,3.1500000953674316,3.240000009536743,3.0999999046325684,3.109999895095825,110100
2024-08-30,3.200000047683716,3.240000009536743,3.119999885559082,3.1500000953674316,72100
2024-09-03,3.0199999809265137,3.259999990463257,2.9600000381469727,3.1600000858306885,225200
2024-09-04,3.009999990463257,3.069999933242798,2.9800000190734863,3.0199999809265137,212000
2024-09-05,3.0,3.0399999618530273,2.9749999046325684,3.009999990463257,147100
2024-09-06,2.930000066757202,3.0350000858306885,2.8299999237060547,3.009999990463257,357900
2024-09-09,3.009999990463257,3.119999885559082,2.940000057220459,2.950000047683716,162900
2024-09-10,3.009999990463257,3.0250000953674316,2.930000066757202,3.0199999809265137,144300
2024-09-11,3.0999999046325684,3.119999885559082,3.0,3.0299999713897705,104000
2024-09-12,3.049999952316284,3.25,3.0399999618530273,3.049999952316284,231000
2024-09-13,3.0,3.2200000286102295,2.990000009536743,3.069999933242798,514300
2024-09-16,3.059999942779541,3.3499999046325684,3.015000104904175,3.3499999046325684,462200
2024-09-17,3.119999885559082,3.2699999809265137,3.059999942779541,3.069999933242798,245800
2024-09-18,3.069999933242798,3.180000066757202,3.0,3.109999895095825,173300
2024-09-19,3.2100000381469727,3.25,3.0840001106262207,3.1700000762939453,138900
2024-09-20,3.200000047683716,3.2200000286102295,3.119999885559082,3.2100000381469727,166900
2024-09-23,3.140000104904175,3.240000009536743,3.121000051498413,3.200000047683716,129700
2024-09-24,3.130000114440918,3.1700000762939453,3.0399999618530273,3.1500000953674316,117500
2024-09-25,3.0299999713897705,3.1700000762939453,3.0299999713897705,3.119999885559082,210600
2024-09-26,3.130000114440918,3.190000057220459,3.0299999713897705,3.0299999713897705,148800
2024-09-27,3.369999885559082,3.4690001010894775,3.1700000762939453,3.200000047683716,452500
2024-09-30,3.819999933242798,3.8499999046325684,3.4749999046325684,3.5,1444000
2024-10-01,3.6500000953674316,3.940000057220459,3.5399999618530273,3.799999952316284,599500
2024-10-02,4.110000133514404,4.269999980926514,3.3989999294281006,3.690000057220459,1386000
2024-10-03,3.9600000381469727,4.289999961853027,3.9170000553131104,4.099999904632568,605200
2024-10-04,3.7100000381469727,4.03000020980835,3.630000114440918,4.03000020980835,718800
2024-10-07,3.7300000190734863,3.7899999618530273,3.5999999046325684,3.6500000953674316,333400
2024-10-08,3.559999942779541,3.75,3.4600000381469727,3.75,300600
2024-10-09,3.4000000953674316,3.549999952316284,3.319999933242798,3.549999952316284,210200
2024-10-10,3.309999942779541,3.450000047683716,3.2699999809265137,3.359999895095825,160800
2024-10-11,3.4200000762939453,3.450000047683716,3.309999942779541,3.309999942779541,166900
2024-10-14,3.2799999713897705,3.4010000228881836,3.265000104904175,3.4000000953674316,204800
2024-10-15,3.2300000190734863,3.319999933242798,3.140000104904175,3.299999952316284,310600
2024-10-16,3.1700000762939453,3.299999952316284,3.119999885559082,3.2799999713897705,378800
2024-10-17,3.0999999046325684,3.1700000762939453,3.0799999237060547,3.1500000953674316,290000
2024-10-18,3.25,3.319999933242798,3.127000093460083,3.1500000953674316,237100
2024-10-21,3.119999885559082,3.25,3.0199999809265137,3.2200000286102295,245500
2024-10-22,3.259999990463257,3.3299999237060547,3.119999885559082,3.119999885559082,260600
2024-10-23,3.115000009536743,3.3469998836517334,3.059999942779541,3.240000009536743,260900
2024-10-24,3.109999895095825,3.1589999198913574,3.049999952316284,3.0999999046325684,263400
2024-10-25,3.119999885559082,3.25,3.0399999618530273,3.109999895095825,394100
2024-10-28,3.299999952316284,3.4000000953674316,3.1500000953674316,3.1500000953674316,381700
2024-10-29,3.2200000286102295,3.4800000190734863,3.1700000762939453,3.2899999618530273,400100
2024-10-30,3.2149999141693115,3.440000057220459,3.190000057220459,3.190000057220459,300900
2024-10-31,3.190000057220459,3.3399999141693115,3.069999933242798,3.190000057220459,391100
2024-11-01,3.200000047683716,3.3499999046325684,3.1500000953674316,3.190000057220459,250900
2024-11-04,3.2300000190734863,3.369999885559082,3.0950000286102295,3.2100000381469727,421000
2024-11-05,3.244999885559082,3.319999933242798,3.1500000953674316,3.2100000381469727,364000
2024-11-06,3.2300000190734863,3.369999885559082,3.180000066757202,3.359999895095825,401700
2024-11-07,3.2799999713897705,3.3499999046325684,3.1700000762939453,3.2200000286102295,336400
2024-11-08,3.2899999618530273,3.3499999046325684,3.2019999027252197,3.309999942779541,310500
2024-11-11,3.25,3.4049999713897705,3.2249999046325684,3.3299999237060547,331100
2024-11-12,2.9600000381469727,3.2699999809265137,2.9200000762939453,3.2100000381469727,592700
2024-11-13,2.755000114440918,3.009999990463257,2.755000114440918,3.009999990463257,537000
2024-11-14,2.25,2.359999895095825,1.5299999713897705,2.200000047683716,3353800
2024-11-15,2.009999990463257,2.2300000190734863,2.0,2.190000057220459,726500
2024-11-18,2.0,2.049999952316284,1.9800000190734863,2.0,458700
2024-11-19,2.0950000286102295,2.115000009536743,1.899999976158142,1.9600000381469727,502900
2024-11-20,2.0250000953674316,2.0999999046325684,1.9500000476837158,2.0999999046325684,582200
2024-11-21,2.200000047683716,2.200000047683716,2.015000104904175,2.0199999809265137,381000
2024-11-22,2.0899999141693115,2.200000047683716,2.0799999237060547,2.200000047683716,255600
2024-11-25,2.1700000762939453,2.240000009536743,2.119999885559082,2.140000104904175,321100
2024-11-26,2.109999895095825,2.240000009536743,2.069999933242798,2.200000047683716,252000
2024-11-27,2.1500000953674316,2.25,2.1019999980926514,2.109999895095825,345400
2024-11-29,2.190000057220459,2.2249999046325684,2.130000114440918,2.190000057220459,131200
2024-12-02,2.1500000953674316,2.299999952316284,2.125,2.2100000381469727,224600
2024-12-03,2.25,2.2850000858306885,2.109999895095825,2.1600000858306885,793000
2024-12-04,2.1500000953674316,2.4600000381469727,2.1500000953674316,2.2799999713897705,852800
2024-12-05,2.0,2.1600000858306885,2.0,2.119999885559082,394100
2024-12-06,2.1700000762939453,2.200000047683716,2.009999990463257,2.009999990463257,257000
2024-12-09,2.190000057220459,2.2820000648498535,2.1600000858306885,2.1600000858306885,192000
2024-12-10,2.140000104904175,2.240000009536743,2.0820000171661377,2.2100000381469727,231500
2024-12-11,2.0799999237060547,2.1600000858306885,2.009999990463257,2.1500000953674316,408700
2024-12-12,1.899999976158142,2.049999952316284,1.8700000047683716,2.0399999618530273,679000
2024-12-13,1.840000033378601,1.899999976158142,1.7799999713897705,1.8799999952316284,553500
2024-12-16,1.934999942779541,2.0450000762939453,1.7899999618530273,1.8200000524520874,430600
2024-12-17,1.9600000381469727,1.9900000095367432,1.8799999952316284,1.940000057220459,351300
2024-12-18,1.8049999475479126,1.9800000190734863,1.7599999904632568,1.9600000381469727,354800
2024-12-19,1.75,1.8539999723434448,1.7400000095367432,1.809999942779541,224900
2024-12-20,1.649999976158142,1.8079999685287476,1.6299999952316284,1.75,578700
2024-12-23,1.6699999570846558,1.690000057220459,1.625,1.649999976158142,282300
2024-12-24,1.6399999856948853,1.7120000123977661,1.590000033378601,1.6699999570846558,237100
2024-12-26,1.7699999809265137,1.7899999618530273,1.6380000114440918,1.6699999570846558,390900
2024-12-27,1.7100000381469727,1.8300000429153442,1.6799999475479126,1.7699999809265137,269200
2024-12-30,1.690000057220459,1.7100000381469727,1.6100000143051147,1.7000000476837158,334000
2024-12-31,1.6299999952316284,1.75,1.5800000429153442,1.690000057220459,540900
2025-01-02,1.7300000190734863,1.809999942779541,1.6399999856948853,1.6399999856948853,233300
2025-01-03,1.7999999523162842,1.8200000524520874,1.7200000286102295,1.75,135900
2025-01-06,1.7100000381469727,1.8200000524520874,1.7050000429153442,1.7699999809265137,276800
2025-01-07,1.6799999475479126,1.8300000429153442,1.6699999570846558,1.690000057220459,171900
2025-01-08,1.5700000524520874,1.7000000476837158,1.5299999713897705,1.7000000476837158,364700
2025-01-10,1.409999966621399,1.534999966621399,1.3799999952316284,1.5099999904632568,684200
2025-01-13,1.4199999570846558,1.4299999475479126,1.3020000457763672,1.3700000047683716,320700
2025-01-14,1.3899999856948853,1.4800000190734863,1.350000023841858,1.4500000476837158,162500
2025-01-15,1.4500000476837158,1.5,1.399999976158142,1.409999966621399,134500
2025-01-16,1.4299999475479126,1.4950000047683716,1.3700000047683716,1.4500000476837158,107800
2025-01-17,1.4500000476837158,1.5199999809265137,1.409999966621399,1.4600000381469727,120400
2025-01-21,1.4900000095367432,1.5199999809265137,1.4500000476837158,1.4700000286102295,78300
2025-01-22,1.6799999475479126,1.7300000190734863,1.4500000476837158,1.4800000190734863,522900
2025-01-23,1.5099999904632568,1.6399999856948853,1.4809999465942383,1.6399999856948853,308300
2025-01-24,1.5499999523162842,1.6150000095367432,1.4900000095367432,1.5099999904632568,93400
2025-01-27,1.4500000476837158,1.5800000429153442,1.4134000539779663,1.5049999952316284,151068
