Price,Close,High,Low,Open,Volume
Ticker,PLCE,PLCE,PLCE,PLCE,PLCE
Date,,,,,
2020-01-28,63.84000015258789,64.27999877929688,63.209999084472656,63.40999984741211,485000
2020-01-29,64.58000183105469,65.23999786376953,63.72999954223633,64.23999786376953,372700
2020-01-30,63.16999816894531,64.87999725341797,62.54999923706055,63.900001525878906,393700
2020-01-31,59.66999816894531,62.900001525878906,59.5,62.619998931884766,595600
2020-02-03,63.029998779296875,64.0,59.689998626708984,59.689998626708984,650400
2020-02-04,62.869998931884766,64.19999694824219,62.52000045776367,64.13999938964844,364800
2020-02-05,66.76000213623047,67.0,63.130001068115234,63.83000183105469,617500
2020-02-06,66.41000366210938,67.66000366210938,66.08000183105469,67.27999877929688,440100
2020-02-07,66.20999908447266,66.4000015258789,64.55000305175781,65.80000305175781,341000
2020-02-10,66.02999877929688,67.33999633789062,65.43000030517578,66.06999969482422,435700
2020-02-11,67.2300033569336,67.44000244140625,65.44000244140625,66.61000061035156,399100
2020-02-12,68.68000030517578,68.86000061035156,67.0199966430664,67.9800033569336,350300
2020-02-13,69.83000183105469,69.9000015258789,68.0,68.41000366210938,396800
2020-02-14,69.29000091552734,70.11000061035156,68.5199966430664,69.72000122070312,354100
2020-02-18,70.18000030517578,70.91999816894531,68.8499984741211,69.11000061035156,508500
2020-02-19,70.83999633789062,71.72000122070312,70.22000122070312,70.86000061035156,401600
2020-02-20,71.73999786376953,72.5,70.6500015258789,70.6500015258789,478300
2020-02-21,69.18000030517578,71.30000305175781,68.80000305175781,71.30000305175781,643500
2020-02-24,63.29999923706055,66.80000305175781,62.16999816894531,66.58999633789062,873400
2020-02-25,61.119998931884766,64.23999786376953,60.869998931884766,64.23999786376953,660500
2020-02-26,60.81999969482422,62.97999954223633,59.91999816894531,61.099998474121094,579500
2020-02-27,58.869998931884766,61.869998931884766,55.810001373291016,59.0,793700
2020-02-28,57.599998474121094,59.77000045776367,56.779998779296875,57.33000183105469,872200
2020-03-02,54.119998931884766,58.77000045776367,53.33000183105469,57.7400016784668,1213500
2020-03-03,51.08000183105469,55.75,49.650001525878906,54.31999969482422,1417600
2020-03-04,53.22999954223633,53.880001068115234,50.310001373291016,51.79999923706055,878700
2020-03-05,48.95000076293945,51.810001373291016,48.470001220703125,51.7599983215332,560000
2020-03-06,46.9900016784668,48.869998931884766,45.560001373291016,46.849998474121094,1134000
2020-03-09,43.7599983215332,45.0099983215332,42.0099983215332,43.7400016784668,1246200
2020-03-10,42.83000183105469,47.099998474121094,40.93000030517578,45.650001525878906,846300
2020-03-11,37.40999984741211,42.0,36.220001220703125,41.54999923706055,1385800
2020-03-12,33.869998931884766,36.06999969482422,32.900001525878906,34.75,1805400
2020-03-13,37.5099983215332,41.310001373291016,34.52000045776367,35.93000030517578,2311800
2020-03-16,28.639999389648438,35.68000030517578,28.6299991607666,32.880001068115234,1316900
2020-03-17,20.299999237060547,29.020000457763672,20.040000915527344,29.010000228881836,3584700
2020-03-18,14.59000015258789,18.790000915527344,9.25,18.420000076293945,3544900
2020-03-19,17.889999389648438,19.639999389648438,12.649999618530273,13.960000038146973,2619100
2020-03-20,18.25,21.469999313354492,17.549999237060547,19.040000915527344,1739300
2020-03-23,17.200000762939453,18.200000762939453,16.200000762939453,17.770000457763672,1282500
2020-03-24,20.81999969482422,21.81999969482422,19.010000228881836,19.049999237060547,1369600
2020-03-25,22.030000686645508,22.719999313354492,18.68000030517578,21.950000762939453,1704500
2020-03-26,21.719999313354492,23.899999618530273,21.229999542236328,22.65999984741211,1291700
2020-03-27,20.799999237060547,21.5,18.799999237060547,20.670000076293945,1063400
2020-03-30,19.270000457763672,21.0,18.290000915527344,20.780000686645508,1284200
2020-03-31,19.559999465942383,20.6200008392334,19.170000076293945,19.290000915527344,797500
2020-04-01,17.059999465942383,19.09000015258789,16.700000762939453,18.799999237060547,1049700
2020-04-02,16.059999465942383,18.15999984741211,15.539999961853027,16.700000762939453,974800
2020-04-03,14.0600004196167,16.059999465942383,14.029999732971191,16.030000686645508,1256900
2020-04-06,18.81999969482422,19.200000762939453,14.989999771118164,14.989999771118164,2444500
2020-04-07,19.959999084472656,22.979999542236328,18.93000030517578,20.850000381469727,1862100
2020-04-08,22.700000762939453,22.850000381469727,20.049999237060547,20.65999984741211,1870000
2020-04-09,24.84000015258789,26.600000381469727,24.020000457763672,24.40999984741211,1754200
2020-04-13,26.56999969482422,27.670000076293945,24.34000015258789,26.0,2801300
2020-04-14,27.59000015258789,27.959999084472656,26.399999618530273,27.190000534057617,892800
2020-04-15,26.43000030517578,27.149999618530273,25.190000534057617,25.90999984741211,1147400
2020-04-16,24.420000076293945,27.1299991607666,23.6200008392334,26.170000076293945,926100
2020-04-17,27.190000534057617,28.049999237060547,25.34000015258789,25.709999084472656,916100
2020-04-20,26.3799991607666,27.90999984741211,25.809999465942383,26.309999465942383,812800
2020-04-21,27.010000228881836,27.200000762939453,25.510000228881836,25.610000610351562,750100
2020-04-22,25.5,27.760000228881836,24.8799991607666,27.760000228881836,824800
2020-04-23,24.770000457763672,26.399999618530273,24.700000762939453,25.700000762939453,892000
2020-04-24,24.799999237060547,25.719999313354492,22.959999084472656,25.209999084472656,1023400
2020-04-27,26.56999969482422,27.18000030517578,24.399999618530273,25.1200008392334,1162800
2020-04-28,28.579999923706055,29.979999542236328,27.540000915527344,27.950000762939453,1085300
2020-04-29,31.389999389648438,32.52000045776367,29.8700008392334,29.8700008392334,1019200
2020-04-30,29.559999465942383,31.309999465942383,29.079999923706055,30.110000610351562,835300
2020-05-01,28.020000457763672,28.700000762939453,26.3700008392334,28.299999237060547,620600
2020-05-04,28.280000686645508,28.84000015258789,25.690000534057617,26.8700008392334,486800
2020-05-05,27.219999313354492,29.959999084472656,27.219999313354492,29.0,593700
2020-05-06,26.309999465942383,28.0,25.540000915527344,27.43000030517578,798700
2020-05-07,27.459999084472656,28.440000534057617,26.68000030517578,26.68000030517578,629000
2020-05-08,29.989999771118164,30.270000457763672,28.059999465942383,28.260000228881836,521600
2020-05-11,29.920000076293945,30.809999465942383,27.799999237060547,29.559999465942383,693200
2020-05-12,29.299999237060547,31.280000686645508,29.229999542236328,30.170000076293945,799800
2020-05-13,28.100000381469727,29.459999084472656,27.40999984741211,29.1299991607666,816900
2020-05-14,31.270000457763672,32.68000030517578,26.5,27.440000534057617,1004700
2020-05-15,31.139999389648438,32.56999969482422,30.149999618530273,30.850000381469727,924400
2020-05-18,35.0,36.70000076293945,32.75,33.77000045776367,1465700
2020-05-19,37.220001220703125,39.209999084472656,33.88999938964844,36.11000061035156,1228500
2020-05-20,36.84000015258789,38.79999923706055,35.060001373291016,38.0099983215332,792000
2020-05-21,36.79999923706055,38.7599983215332,36.2599983215332,36.849998474121094,1001900
2020-05-22,38.79999923706055,40.11000061035156,36.7400016784668,37.0,863300
2020-05-26,41.540000915527344,42.630001068115234,40.75,41.2599983215332,641800
2020-05-27,46.4900016784668,47.099998474121094,41.16999816894531,43.31999969482422,1313400
2020-05-28,42.959999084472656,47.40999984741211,42.58000183105469,47.0099983215332,994700
2020-05-29,41.63999938964844,43.5,41.220001220703125,42.959999084472656,795400
2020-06-01,41.88999938964844,43.619998931884766,40.279998779296875,41.7400016784668,868700
2020-06-02,44.709999084472656,45.040000915527344,42.02000045776367,43.0,595700
2020-06-03,49.5099983215332,50.310001373291016,45.81999969482422,46.16999816894531,1004700
2020-06-04,48.790000915527344,50.880001068115234,47.630001068115234,48.869998931884766,784800
2020-06-05,52.15999984741211,54.869998931884766,51.619998931884766,51.91999816894531,1175000
2020-06-08,53.40999984741211,58.70000076293945,53.27000045776367,54.72999954223633,1084500
2020-06-09,47.70000076293945,51.81999969482422,47.70000076293945,51.81999969482422,969000
2020-06-10,47.02000045776367,49.0,44.40999984741211,48.33000183105469,1479700
2020-06-11,45.189998626708984,46.790000915527344,42.5099983215332,43.099998474121094,1823900
2020-06-12,47.09000015258789,49.0,45.130001068115234,47.369998931884766,1025300
2020-06-15,45.880001068115234,46.209999084472656,43.779998779296875,44.650001525878906,926500
2020-06-16,46.36000061035156,48.779998779296875,45.130001068115234,48.7599983215332,1035100
2020-06-17,43.27000045776367,46.619998931884766,43.18000030517578,46.619998931884766,762300
2020-06-18,41.5099983215332,43.83000183105469,41.38999938964844,42.31999969482422,821400
2020-06-19,38.75,42.58000183105469,38.380001068115234,42.099998474121094,1380900
2020-06-22,38.65999984741211,39.90999984741211,35.16999816894531,39.150001525878906,1299600
2020-06-23,39.349998474121094,40.0,38.15999984741211,39.09000015258789,540400
2020-06-24,36.689998626708984,38.70000076293945,36.13999938964844,38.0099983215332,652400
2020-06-25,37.29999923706055,38.540000915527344,35.7599983215332,36.45000076293945,494700
2020-06-26,36.279998779296875,37.91999816894531,35.79999923706055,36.959999084472656,901200
2020-06-29,38.09000015258789,38.619998931884766,35.9900016784668,37.06999969482422,478300
2020-06-30,37.41999816894531,38.470001220703125,36.099998474121094,36.439998626708984,770300
2020-07-01,37.34000015258789,39.560001373291016,36.91999816894531,37.08000183105469,688400
2020-07-02,36.459999084472656,39.150001525878906,36.349998474121094,38.70000076293945,825600
2020-07-06,37.189998626708984,38.72999954223633,36.31999969482422,37.56999969482422,642700
2020-07-07,36.630001068115234,37.150001525878906,35.970001220703125,36.58000183105469,1150800
2020-07-08,35.41999816894531,37.560001373291016,34.83000183105469,36.47999954223633,1388600
2020-07-09,31.229999542236328,35.849998474121094,31.059999465942383,35.38999938964844,1120500
2020-07-10,32.540000915527344,32.849998474121094,30.270000457763672,30.950000762939453,873600
2020-07-13,31.760000228881836,33.2400016784668,31.18000030517578,33.08000183105469,900800
2020-07-14,31.920000076293945,32.220001220703125,30.270000457763672,31.420000076293945,496400
2020-07-15,33.959999084472656,35.33000183105469,32.90999984741211,33.15999984741211,812200
2020-07-16,33.7599983215332,34.369998931884766,32.959999084472656,33.15999984741211,535400
2020-07-17,32.209999084472656,33.68000030517578,32.119998931884766,33.599998474121094,564400
2020-07-20,29.989999771118164,31.809999465942383,29.18000030517578,31.799999237060547,962500
2020-07-21,31.65999984741211,32.88999938964844,30.450000762939453,30.68000030517578,770200
2020-07-22,30.809999465942383,31.559999465942383,30.459999084472656,31.170000076293945,1030900
2020-07-23,30.75,31.510000228881836,30.399999618530273,30.68000030517578,1059100
2020-07-24,28.989999771118164,32.150001525878906,28.8700008392334,31.299999237060547,1041200
2020-07-27,27.309999465942383,29.290000915527344,25.84000015258789,29.010000228881836,1807800
2020-07-28,26.920000076293945,27.700000762939453,26.610000610351562,27.09000015258789,767400
2020-07-29,26.770000457763672,27.719999313354492,26.5,26.850000381469727,2217700
2020-07-30,24.219999313354492,26.889999389648438,23.950000762939453,26.170000076293945,1553000
2020-07-31,24.40999984741211,25.06999969482422,23.3799991607666,24.31999969482422,943300
2020-08-03,24.139999389648438,24.469999313354492,23.100000381469727,24.239999771118164,1066200
2020-08-04,26.09000015258789,26.34000015258789,23.75,24.270000457763672,939600
2020-08-05,27.239999771118164,27.31999969482422,26.079999923706055,26.690000534057617,752400
2020-08-06,25.829999923706055,27.75,25.25,27.06999969482422,886500
2020-08-07,27.469999313354492,27.670000076293945,25.25,25.520000457763672,768000
2020-08-10,27.670000076293945,28.719999313354492,26.940000534057617,27.959999084472656,792300
2020-08-11,28.270000457763672,29.690000534057617,27.84000015258789,28.3700008392334,706400
2020-08-12,28.34000015258789,28.719999313354492,26.889999389648438,28.56999969482422,576200
2020-08-13,27.450000762939453,28.290000915527344,27.030000686645508,27.950000762939453,619300
2020-08-14,27.780000686645508,28.309999465942383,26.790000915527344,27.299999237060547,441100
2020-08-17,27.700000762939453,28.75,27.25,27.90999984741211,581400
2020-08-18,24.030000686645508,27.3799991607666,23.959999084472656,27.3799991607666,1611100
2020-08-19,23.809999465942383,24.530000686645508,23.479999542236328,24.0,987800
2020-08-20,21.729999542236328,23.260000228881836,21.299999237060547,23.260000228881836,1471000
2020-08-21,21.770000457763672,22.68000030517578,21.6299991607666,22.229999542236328,1259800
2020-08-24,23.309999465942383,23.760000228881836,21.049999237060547,22.200000762939453,2147400
2020-08-25,18.920000076293945,20.780000686645508,17.780000686645508,19.6299991607666,10815900
2020-08-26,18.90999984741211,20.100000381469727,18.450000762939453,18.610000610351562,2412800
2020-08-27,20.780000686645508,21.469999313354492,18.950000762939453,19.25,3469700
2020-08-28,21.229999542236328,21.43000030517578,20.5,21.260000228881836,1673300
2020-08-31,19.969999313354492,21.40999984741211,19.729999542236328,21.270000457763672,2077200
2020-09-01,19.860000610351562,20.59000015258789,19.610000610351562,19.899999618530273,1153500
2020-09-02,21.31999969482422,21.860000610351562,20.600000381469727,20.600000381469727,1558200
2020-09-03,22.18000030517578,22.3799991607666,20.600000381469727,21.31999969482422,1662100
2020-09-04,23.43000030517578,23.649999618530273,21.780000686645508,22.31999969482422,1398200
2020-09-08,23.290000915527344,24.059999465942383,22.559999465942383,23.049999237060547,1209300
2020-09-09,22.969999313354492,23.200000762939453,21.6200008392334,23.200000762939453,1462700
2020-09-10,24.549999237060547,25.299999237060547,23.290000915527344,23.3799991607666,2146500
2020-09-11,24.5,25.389999389648438,23.520000457763672,24.59000015258789,1287200
2020-09-14,26.469999313354492,26.780000686645508,24.540000915527344,24.68000030517578,1035000
2020-09-15,28.0,28.510000228881836,26.350000381469727,26.709999084472656,2291600
2020-09-16,31.729999542236328,32.099998474121094,27.950000762939453,28.170000076293945,2921100
2020-09-17,29.510000228881836,31.3700008392334,28.979999542236328,30.829999923706055,1937500
2020-09-18,30.18000030517578,30.739999771118164,29.110000610351562,29.75,1773300
2020-09-21,28.899999618530273,29.520000457763672,27.559999465942383,28.760000228881836,1506200
2020-09-22,29.100000381469727,30.700000762939453,28.950000762939453,29.670000076293945,1111000
2020-09-23,26.889999389648438,30.3799991607666,26.739999771118164,29.440000534057617,1181300
2020-09-24,26.90999984741211,27.399999618530273,25.709999084472656,26.639999389648438,821100
2020-09-25,27.389999389648438,27.510000228881836,26.56999969482422,26.790000915527344,713800
2020-09-28,28.780000686645508,29.43000030517578,27.65999984741211,28.149999618530273,1253300
2020-09-29,27.360000610351562,28.690000534057617,26.829999923706055,28.579999923706055,963700
2020-09-30,28.350000381469727,28.829999923706055,27.389999389648438,27.719999313354492,837600
2020-10-01,29.700000762939453,30.549999237060547,28.530000686645508,28.530000686645508,1310000
2020-10-02,30.110000610351562,30.360000610351562,27.940000534057617,28.34000015258789,1081500
2020-10-05,31.020000457763672,31.239999771118164,29.3700008392334,30.510000228881836,952600
2020-10-06,29.040000915527344,30.75,28.959999084472656,30.489999771118164,1382000
2020-10-07,30.809999465942383,31.040000915527344,29.959999084472656,30.239999771118164,1244600
2020-10-08,30.489999771118164,32.54999923706055,30.450000762939453,31.489999771118164,839100
2020-10-09,28.420000076293945,30.920000076293945,28.139999389648438,30.770000457763672,1344500
2020-10-12,27.0,28.950000762939453,27.0,28.389999389648438,1001900
2020-10-13,27.020000457763672,27.350000381469727,25.65999984741211,26.510000228881836,927600
2020-10-14,27.459999084472656,28.170000076293945,26.479999542236328,27.489999771118164,818900
2020-10-15,27.239999771118164,28.270000457763672,26.649999618530273,26.81999969482422,680600
2020-10-16,24.920000076293945,27.649999618530273,24.799999237060547,27.5,1454200
2020-10-19,24.65999984741211,25.770000457763672,24.540000915527344,25.049999237060547,857400
2020-10-20,24.729999542236328,25.459999084472656,24.440000534057617,24.969999313354492,1050300
2020-10-21,25.709999084472656,26.0,24.149999618530273,24.90999984741211,1032100
2020-10-22,27.68000030517578,27.770000457763672,25.56999969482422,25.670000076293945,1436000
2020-10-23,28.219999313354492,28.299999237060547,26.06999969482422,28.0,1068100
2020-10-26,26.959999084472656,27.989999771118164,26.200000762939453,26.889999389648438,892000
2020-10-27,26.049999237060547,27.040000915527344,25.40999984741211,26.950000762939453,746100
2020-10-28,25.040000915527344,26.15999984741211,24.81999969482422,24.899999618530273,900500
2020-10-29,25.450000762939453,25.600000381469727,24.579999923706055,24.920000076293945,847800
2020-10-30,25.270000457763672,25.899999618530273,24.59000015258789,25.360000610351562,771600
2020-11-02,25.600000381469727,26.579999923706055,25.200000762939453,25.649999618530273,600500
2020-11-03,27.1200008392334,27.18000030517578,25.739999771118164,25.739999771118164,591000
2020-11-04,25.489999771118164,26.799999237060547,25.31999969482422,26.399999618530273,548300
2020-11-05,26.729999542236328,27.40999984741211,25.8700008392334,25.8799991607666,606400
2020-11-06,26.670000076293945,27.1200008392334,26.040000915527344,26.479999542236328,643700
2020-11-09,33.099998474121094,34.2599983215332,30.0,31.670000076293945,1720600
2020-11-10,30.690000534057617,33.529998779296875,30.350000381469727,33.529998779296875,1186500
2020-11-11,28.889999389648438,31.0,28.600000381469727,31.0,823000
2020-11-12,29.790000915527344,30.049999237060547,28.030000686645508,28.530000686645508,1107100
2020-11-13,32.27000045776367,32.36000061035156,30.079999923706055,30.350000381469727,707400
2020-11-16,34.66999816894531,34.72999954223633,32.41999816894531,34.06999969482422,1221000
2020-11-17,36.84000015258789,37.689998626708984,33.0,33.0,1112800
2020-11-18,37.75,39.20000076293945,37.33000183105469,37.41999816894531,1052500
2020-11-19,40.36000061035156,41.7599983215332,38.5,38.779998779296875,1385700
2020-11-20,40.20000076293945,41.709999084472656,38.060001373291016,40.709999084472656,960700
2020-11-23,43.959999084472656,45.58000183105469,40.34000015258789,40.72999954223633,1085100
2020-11-24,45.15999984741211,45.900001525878906,43.5099983215332,45.5,784700
2020-11-25,43.970001220703125,44.529998779296875,42.150001525878906,44.38999938964844,729300
2020-11-27,45.79999923706055,45.970001220703125,43.61000061035156,43.970001220703125,301200
2020-11-30,42.97999954223633,45.849998474121094,42.36000061035156,45.849998474121094,592200
2020-12-01,41.58000183105469,44.41999816894531,41.279998779296875,44.0,681500
2020-12-02,44.59000015258789,45.16999816894531,40.56999969482422,41.27000045776367,571400
2020-12-03,46.209999084472656,47.790000915527344,44.439998626708984,44.45000076293945,501000
2020-12-04,47.31999969482422,47.45000076293945,45.0099983215332,46.36000061035156,413100
2020-12-07,46.45000076293945,47.400001525878906,45.380001068115234,46.91999816894531,587900
2020-12-08,45.61000061035156,47.06999969482422,45.439998626708984,46.09000015258789,401500
2020-12-09,45.15999984741211,47.29999923706055,44.7400016784668,46.04999923706055,619000
2020-12-10,45.849998474121094,46.349998474121094,44.0,44.0099983215332,587500
2020-12-11,43.5099983215332,46.189998626708984,42.90999984741211,45.11000061035156,449300
2020-12-14,43.0,45.290000915527344,42.540000915527344,44.779998779296875,459100
2020-12-15,46.189998626708984,46.22999954223633,43.15999984741211,43.45000076293945,444400
2020-12-16,45.130001068115234,46.66999816894531,43.619998931884766,46.189998626708984,580600
2020-12-17,45.68000030517578,46.02000045776367,44.529998779296875,45.27000045776367,368300
2020-12-18,45.209999084472656,47.43000030517578,44.779998779296875,46.15999984741211,678800
2020-12-21,47.93000030517578,48.400001525878906,42.83000183105469,43.7400016784668,760700
2020-12-22,48.0,48.52000045776367,46.470001220703125,48.459999084472656,660600
2020-12-23,51.150001525878906,51.36000061035156,48.189998626708984,48.189998626708984,616800
2020-12-24,49.720001220703125,52.16999816894531,49.5,50.83000183105469,892500
2020-12-28,50.290000915527344,52.029998779296875,49.79999923706055,50.56999969482422,544900
2020-12-29,48.970001220703125,50.540000915527344,48.0099983215332,50.279998779296875,447000
2020-12-30,50.0,50.58000183105469,48.7400016784668,48.970001220703125,486600
2020-12-31,50.099998474121094,50.68000030517578,48.97999954223633,49.65999984741211,395600
2021-01-04,48.939998626708984,51.0,47.880001068115234,50.130001068115234,528600
2021-01-05,50.65999984741211,50.77000045776367,48.0,48.599998474121094,363900
2021-01-06,56.83000183105469,57.040000915527344,51.9900016784668,51.9900016784668,727900
2021-01-07,54.56999969482422,58.34000015258789,53.45000076293945,57.400001525878906,882100
2021-01-08,53.52000045776367,55.54999923706055,52.0,55.0,639300
2021-01-11,52.529998779296875,54.63999938964844,51.540000915527344,52.130001068115234,603000
2021-01-12,53.439998626708984,53.459999084472656,52.0,53.22999954223633,670800
2021-01-13,54.06999969482422,55.25,51.65999984741211,53.18000030517578,484100
2021-01-14,58.79999923706055,59.209999084472656,54.290000915527344,54.290000915527344,755200
2021-01-15,57.27000045776367,58.70000076293945,55.779998779296875,58.33000183105469,662400
2021-01-19,61.75,62.0,58.68000030517578,58.68000030517578,788200
2021-01-20,63.90999984741211,64.43000030517578,62.290000915527344,62.290000915527344,754000
2021-01-21,64.38999938964844,66.0,63.290000915527344,64.54000091552734,658900
2021-01-22,64.41000366210938,64.52999877929688,61.27000045776367,63.709999084472656,724600
2021-01-25,71.55999755859375,72.97000122070312,63.959999084472656,63.959999084472656,2439000
2021-01-26,69.73999786376953,72.98999786376953,66.45999908447266,72.19999694824219,987600
2021-01-27,72.69000244140625,75.0,67.5,68.55999755859375,1214100
2021-01-28,71.02999877929688,74.30999755859375,68.81999969482422,72.87000274658203,926900
2021-01-29,73.47000122070312,73.91000366210938,69.3499984741211,71.02999877929688,944000
2021-02-01,70.0999984741211,76.0999984741211,68.87999725341797,74.30000305175781,716800
2021-02-02,69.73999786376953,72.5,67.37999725341797,72.12999725341797,666800
2021-02-03,70.86000061035156,71.43000030517578,69.38999938964844,70.5199966430664,353100
2021-02-04,73.27999877929688,74.20999908447266,70.83000183105469,71.58000183105469,358200
2021-02-05,74.5999984741211,74.63999938964844,72.18000030517578,74.0999984741211,414100
2021-02-08,77.61000061035156,78.45999908447266,75.18000030517578,75.22000122070312,404700
2021-02-09,77.51000213623047,78.5999984741211,76.0999984741211,77.61000061035156,606300
2021-02-10,76.87000274658203,79.02999877929688,75.43000030517578,78.20999908447266,291200
2021-02-11,76.26000213623047,78.70999908447266,75.54000091552734,77.54000091552734,314400
2021-02-12,72.2699966430664,74.25,70.97000122070312,72.9800033569336,508700
2021-02-16,70.31999969482422,72.13999938964844,68.4000015258789,71.30000305175781,884400
2021-02-17,69.38999938964844,71.86000061035156,68.41999816894531,70.20999908447266,513400
2021-02-18,70.12000274658203,70.70999908447266,67.5199966430664,69.0,320500
2021-02-19,68.1500015258789,70.86000061035156,67.63999938964844,70.75,464300
2021-02-22,69.04000091552734,70.83999633789062,68.0,68.33999633789062,569000
2021-02-23,70.68000030517578,70.72000122070312,64.5999984741211,67.81999969482422,484600
2021-02-24,75.12000274658203,75.20999908447266,70.72000122070312,72.25,498200
2021-02-25,69.77999877929688,75.93000030517578,69.54000091552734,75.4800033569336,591700
2021-02-26,69.25,71.30999755859375,67.19000244140625,70.69000244140625,535300
2021-03-01,73.88999938964844,74.4000015258789,70.5999984741211,70.62000274658203,311700
2021-03-02,71.16999816894531,74.69999694824219,70.83999633789062,73.80999755859375,239000
2021-03-03,73.38999938964844,74.08000183105469,70.80999755859375,71.33000183105469,226500
2021-03-04,74.4800033569336,75.73999786376953,70.06999969482422,73.44999694824219,443600
2021-03-05,75.58000183105469,76.70999908447266,70.75,76.01000213623047,473400
2021-03-08,80.19000244140625,82.73999786376953,76.66000366210938,76.66000366210938,692200
2021-03-09,82.58000183105469,85.04000091552734,73.61000061035156,82.25,768900
2021-03-10,78.44999694824219,83.45999908447266,77.01000213623047,83.26000213623047,702200
2021-03-11,79.94999694824219,81.37999725341797,78.44999694824219,79.55000305175781,357400
2021-03-12,83.66000366210938,84.1500015258789,80.0199966430664,80.0199966430664,379500
2021-03-15,83.22000122070312,85.58999633789062,82.48999786376953,83.47000122070312,289400
2021-03-16,82.36000061035156,83.56999969482422,80.38999938964844,81.33000183105469,361600
2021-03-17,79.66000366210938,82.87000274658203,78.91999816894531,81.9000015258789,410600
2021-03-18,79.44000244140625,82.95999908447266,77.76000213623047,79.75,620200
2021-03-19,79.19999694824219,80.94999694824219,78.26000213623047,79.66000366210938,529200
2021-03-22,76.63999938964844,79.51000213623047,74.8499984741211,79.51000213623047,401200
2021-03-23,73.41000366210938,76.27999877929688,71.37999725341797,76.01000213623047,498900
2021-03-24,70.16999816894531,75.0,69.83999633789062,74.51000213623047,406000
2021-03-25,73.33999633789062,73.83000183105469,67.81999969482422,69.30000305175781,364000
2021-03-26,72.94999694824219,74.4000015258789,70.80000305175781,74.38999938964844,287400
2021-03-29,66.7699966430664,73.77999877929688,66.5,72.11000061035156,542800
2021-03-30,68.5199966430664,69.0,66.29000091552734,66.81999969482422,378300
2021-03-31,69.69999694824219,70.06999969482422,67.01000213623047,68.2699966430664,508700
2021-04-01,68.88999938964844,70.0,67.0,69.52999877929688,337800
2021-04-05,69.68000030517578,70.5,67.47000122070312,69.66999816894531,255400
2021-04-06,69.9800033569336,70.87999725341797,68.29000091552734,69.02999877929688,225000
2021-04-07,70.79000091552734,71.87000274658203,69.27999877929688,70.68000030517578,203100
2021-04-08,71.94999694824219,72.7300033569336,69.0,70.62999725341797,375200
2021-04-09,74.0,74.30000305175781,70.0199966430664,71.44999694824219,321800
2021-04-12,75.94000244140625,76.58000183105469,72.51000213623047,72.51000213623047,346700
2021-04-13,76.61000061035156,77.13999938964844,73.2300033569336,75.61000061035156,472700
2021-04-14,78.8499984741211,80.6500015258789,76.55999755859375,77.05999755859375,620700
2021-04-15,77.86000061035156,80.76000213623047,77.41999816894531,79.98999786376953,384600
2021-04-16,76.83999633789062,79.20999908447266,76.61000061035156,77.72000122070312,230600
2021-04-19,74.86000061035156,76.83000183105469,73.68000030517578,76.83000183105469,292000
2021-04-20,72.31999969482422,75.5,70.97000122070312,74.54000091552734,485900
2021-04-21,74.05999755859375,75.22000122070312,71.91000366210938,72.0,193600
2021-04-22,74.91999816894531,76.54000091552734,74.08999633789062,74.54000091552734,254900
2021-04-23,75.93000030517578,76.72000122070312,74.5199966430664,75.47000122070312,281300
2021-04-26,74.77999877929688,76.70999908447266,73.6500015258789,75.79000091552734,255300
2021-04-27,77.5,78.5,74.79000091552734,74.79000091552734,353500
2021-04-28,80.25,80.30999755859375,76.37999725341797,77.38999938964844,339000
2021-04-29,80.41000366210938,81.31999969482422,78.19999694824219,81.0,296200
2021-04-30,78.3499984741211,84.2300033569336,77.45999908447266,81.41000366210938,796100
2021-05-03,80.48999786376953,81.51000213623047,78.3499984741211,78.61000061035156,459600
2021-05-04,79.01000213623047,79.93000030517578,76.06999969482422,79.93000030517578,492100
2021-05-05,78.4000015258789,80.44000244140625,77.61000061035156,80.36000061035156,371400
2021-05-06,79.23999786376953,80.0,77.23999786376953,78.2300033569336,317400
2021-05-07,80.81999969482422,83.0,78.68000030517578,79.3499984741211,384900
2021-05-10,77.8499984741211,82.8499984741211,77.83000183105469,81.0,407200
2021-05-11,77.58999633789062,77.93000030517578,72.41999816894531,76.31999969482422,711800
2021-05-12,71.44000244140625,77.5999984741211,71.08999633789062,76.62000274658203,763200
2021-05-13,72.83000183105469,74.69999694824219,70.0999984741211,71.80000305175781,599600
2021-05-14,77.63999938964844,78.5,72.9000015258789,72.9000015258789,657600
2021-05-17,90.02999877929688,91.37999725341797,81.01000213623047,81.83000183105469,2500500
2021-05-18,91.86000061035156,97.12999725341797,90.55000305175781,93.18000030517578,1503400
2021-05-19,88.55000305175781,91.73999786376953,86.12999725341797,90.47000122070312,1039900
2021-05-20,92.94000244140625,103.33000183105469,88.05000305175781,100.54000091552734,2628500
2021-05-21,91.88999938964844,97.29000091552734,91.0999984741211,94.12000274658203,878200
2021-05-24,95.30000305175781,96.27999877929688,91.37999725341797,93.2300033569336,760500
2021-05-25,93.27999877929688,97.5,92.61000061035156,95.45999908447266,502400
2021-05-26,97.16999816894531,97.6500015258789,94.37000274658203,94.37000274658203,509900
2021-05-27,97.77999877929688,99.66999816894531,95.11000061035156,97.30999755859375,482800
2021-05-28,92.98999786376953,98.83999633789062,92.69999694824219,98.72000122070312,422200
2021-06-01,95.5,98.0,93.7300033569336,94.0,591400
2021-06-02,95.68000030517578,96.1500015258789,92.91000366210938,95.22000122070312,329200
2021-06-03,94.0999984741211,95.95999908447266,92.33999633789062,94.44000244140625,311000
2021-06-04,92.66999816894531,95.0,89.01000213623047,94.41999816894531,772800
2021-06-07,94.73999786376953,95.31999969482422,92.72000122070312,93.0,339400
2021-06-08,96.41000366210938,97.43000030517578,93.66999816894531,95.56999969482422,408800
2021-06-09,98.66000366210938,99.05000305175781,94.5999984741211,96.58000183105469,462600
2021-06-10,92.16000366210938,100.98999786376953,91.81999969482422,98.9000015258789,483400
2021-06-11,97.25,97.27999877929688,92.4000015258789,92.72000122070312,496600
2021-06-14,95.97000122070312,98.04000091552734,94.88999938964844,96.8499984741211,262500
2021-06-15,93.2699966430664,97.1500015258789,91.4000015258789,97.1500015258789,369700
2021-06-16,95.86000061035156,95.9000015258789,91.12999725341797,93.76000213623047,347600
2021-06-17,91.6500015258789,96.98999786376953,91.11000061035156,95.98999786376953,410300
2021-06-18,86.83000183105469,91.6500015258789,86.4800033569336,90.26000213623047,686100
2021-06-21,90.0,90.33999633789062,87.37999725341797,88.16000366210938,424900
2021-06-22,91.18000030517578,92.01000213623047,86.9800033569336,88.97000122070312,344300
2021-06-23,91.97000122070312,93.1500015258789,90.38999938964844,91.61000061035156,443200
2021-06-24,95.56999969482422,96.0,90.7699966430664,92.97000122070312,493800
2021-06-25,99.33000183105469,101.19000244140625,95.55999755859375,95.55999755859375,887300
2021-06-28,93.83999633789062,99.9800033569336,93.0,99.3499984741211,763300
2021-06-29,93.77999877929688,96.0999984741211,92.87000274658203,94.41999816894531,242700
2021-06-30,93.05999755859375,95.47000122070312,92.5,92.94999694824219,438000
2021-07-01,93.0999984741211,94.79000091552734,91.58000183105469,94.3499984741211,343600
2021-07-02,93.04000091552734,94.62000274658203,92.01000213623047,93.55000305175781,250400
2021-07-06,95.08999633789062,95.44000244140625,90.88999938964844,93.26000213623047,386400
2021-07-07,90.79000091552734,95.30000305175781,90.23999786376953,95.05999755859375,491600
2021-07-08,88.5999984741211,89.66999816894531,85.2300033569336,88.02999877929688,365100
2021-07-09,94.54000091552734,94.54000091552734,90.0999984741211,90.58000183105469,322600
2021-07-12,97.5,98.08999633789062,93.1500015258789,93.55000305175781,316500
2021-07-13,95.05999755859375,96.9800033569336,93.61000061035156,96.51000213623047,209900
2021-07-14,90.08999633789062,96.70999908447266,90.05000305175781,95.70999908447266,371100
2021-07-15,85.91000366210938,89.68000030517578,85.05000305175781,89.68000030517578,449800
2021-07-16,84.16999816894531,88.05000305175781,82.75,87.16000366210938,483600
2021-07-19,79.16000366210938,83.22000122070312,77.5199966430664,81.30000305175781,790600
2021-07-20,82.05000305175781,82.91999816894531,77.47000122070312,79.0,351400
2021-07-21,87.22000122070312,87.79000091552734,83.06999969482422,83.27999877929688,481300
2021-07-22,85.05000305175781,87.36000061035156,83.0,86.76000213623047,324500
2021-07-23,86.44999694824219,87.0,84.58999633789062,85.45999908447266,261900
2021-07-26,87.2699966430664,89.0,85.36000061035156,87.30999755859375,262100
2021-07-27,85.33999633789062,87.19000244140625,83.79000091552734,86.30000305175781,279600
2021-07-28,82.52999877929688,87.11000061035156,82.13999938964844,85.66000366210938,424700
2021-07-29,84.38999938964844,84.55000305175781,82.41000366210938,83.54000091552734,265400
2021-07-30,84.33000183105469,89.8499984741211,83.66999816894531,83.81999969482422,559200
2021-08-02,86.80999755859375,87.68000030517578,84.37999725341797,85.0999984741211,390900
2021-08-03,87.3499984741211,87.86000061035156,82.06999969482422,87.5,921100
2021-08-04,82.55000305175781,87.2699966430664,82.2699966430664,85.87999725341797,532800
2021-08-05,87.19999694824219,87.45999908447266,82.63999938964844,82.63999938964844,357400
2021-08-06,90.44999694824219,90.76000213623047,87.31999969482422,88.12999725341797,266600
2021-08-09,90.7699966430664,91.19000244140625,87.55999755859375,89.69000244140625,333300
2021-08-10,97.69999694824219,97.94000244140625,90.33999633789062,90.88999938964844,725300
2021-08-11,101.79000091552734,102.08999633789062,95.44000244140625,97.94999694824219,455000
2021-08-12,104.9000015258789,105.9800033569336,101.58000183105469,102.98999786376953,552300
2021-08-13,102.75,106.1500015258789,102.31999969482422,104.55999755859375,365300
2021-08-16,104.44999694824219,107.33000183105469,103.22000122070312,106.9800033569336,649600
2021-08-17,100.58000183105469,105.94999694824219,96.77999877929688,102.75,816000
2021-08-18,94.0,102.5,91.27999877929688,98.0,2136400
2021-08-19,95.62000274658203,101.11000061035156,92.54000091552734,94.06999969482422,470000
2021-08-20,99.61000061035156,100.87000274658203,95.1500015258789,95.62000274658203,412100
2021-08-23,98.37000274658203,102.02999877929688,98.0999984741211,100.80000305175781,413300
2021-08-24,102.91000366210938,104.97000122070312,98.55000305175781,98.55000305175781,506200
2021-08-25,97.08000183105469,102.44999694824219,96.83999633789062,102.44999694824219,462500
2021-08-26,89.41000366210938,96.27999877929688,88.06999969482422,96.27999877929688,1057300
2021-08-27,90.5,92.80000305175781,89.37000274658203,90.5,690100
2021-08-30,87.1500015258789,90.58999633789062,86.0,90.5,528800
2021-08-31,86.83999633789062,87.94999694824219,83.58999633789062,86.86000061035156,492800
2021-09-01,88.26000213623047,88.43000030517578,84.3499984741211,87.30000305175781,433800
2021-09-02,88.29000091552734,89.48999786376953,86.81999969482422,88.44000244140625,522800
2021-09-03,84.69000244140625,88.12999725341797,83.54000091552734,88.0,529000
2021-09-07,84.54000091552734,86.87999725341797,84.5,85.13999938964844,296800
2021-09-08,81.33000183105469,84.30999755859375,80.04000091552734,84.06999969482422,364200
2021-09-09,82.56999969482422,83.13999938964844,79.58000183105469,81.01000213623047,377900
2021-09-10,80.04000091552734,83.86000061035156,79.95999908447266,82.76000213623047,243900
2021-09-13,77.87000274658203,80.7300033569336,77.61000061035156,80.23999786376953,499600
2021-09-14,78.7300033569336,79.16000366210938,76.29000091552734,77.41999816894531,412400
2021-09-15,81.2699966430664,81.44000244140625,77.33000183105469,78.12999725341797,409500
2021-09-16,83.61000061035156,84.94000244140625,81.54000091552734,81.54000091552734,388900
2021-09-17,83.16000366210938,86.37999725341797,82.16999816894531,84.33999633789062,781000
2021-09-20,83.83000183105469,85.23999786376953,78.63999938964844,80.25,523400
2021-09-21,82.08999633789062,85.73999786376953,81.44999694824219,84.56999969482422,266000
2021-09-22,83.91999816894531,85.18000030517578,81.97000122070312,83.12999725341797,388800
2021-09-23,86.88999938964844,87.26000213623047,83.91999816894531,85.04000091552734,325600
2021-09-24,83.18000030517578,86.16999816894531,83.02999877929688,85.44999694824219,286500
2021-09-27,85.44000244140625,87.12999725341797,83.3499984741211,83.3499984741211,608500
2021-09-28,84.41999816894531,86.11000061035156,83.37999725341797,84.31999969482422,268900
2021-09-29,84.86000061035156,86.5,83.91000366210938,85.43000030517578,239300
2021-09-30,75.26000213623047,84.12999725341797,75.04000091552734,84.12999725341797,909500
2021-10-01,81.30999755859375,82.20999908447266,73.68000030517578,76.05999755859375,714600
2021-10-04,82.43000030517578,84.26000213623047,80.75,81.5999984741211,414900
2021-10-05,81.94999694824219,84.73999786376953,81.36000061035156,82.93000030517578,308300
2021-10-06,81.4000015258789,83.79000091552734,79.3499984741211,80.97000122070312,488600
2021-10-07,87.0,87.38999938964844,83.4000015258789,84.0,553700
2021-10-08,88.4800033569336,89.0,86.05000305175781,87.61000061035156,384500
2021-10-11,83.0,89.83999633789062,82.93000030517578,88.4000015258789,440900
2021-10-12,82.25,83.48999786376953,81.69000244140625,83.0,257500
2021-10-13,83.0999984741211,83.98999786376953,81.19999694824219,81.93000030517578,210200
2021-10-14,82.73999786376953,84.69999694824219,82.5199966430664,84.12999725341797,234600
2021-10-15,81.31999969482422,85.44999694824219,81.30000305175781,84.91999816894531,445500
2021-10-18,82.62999725341797,83.45999908447266,79.19999694824219,80.5999984741211,294100
2021-10-19,81.6500015258789,83.04000091552734,80.5199966430664,82.91000366210938,247100
2021-10-20,81.41999816894531,83.7300033569336,81.0999984741211,81.51000213623047,263600
2021-10-21,82.51000213623047,84.69999694824219,81.41999816894531,81.41999816894531,153600
2021-10-22,83.5,84.29000091552734,80.36000061035156,81.70999908447266,183400
2021-10-25,85.9800033569336,86.55000305175781,83.1500015258789,83.77999877929688,311200
2021-10-26,83.61000061035156,87.30000305175781,83.58000183105469,86.11000061035156,331500
2021-10-27,83.11000061035156,84.95999908447266,81.43000030517578,83.5999984741211,528600
2021-10-28,83.95999908447266,85.91000366210938,83.51000213623047,83.98999786376953,291500
2021-10-29,82.88999938964844,83.94999694824219,80.73999786376953,83.25,277000
2021-11-01,85.62999725341797,86.01000213623047,83.2300033569336,83.2300033569336,379000
2021-11-02,91.05999755859375,91.1500015258789,84.79000091552734,85.8499984741211,465500
2021-11-03,98.29000091552734,99.76000213623047,91.6500015258789,91.93000030517578,1025600
2021-11-04,100.0,101.54000091552734,97.87999725341797,98.02999877929688,592200
2021-11-05,99.4800033569336,105.44000244140625,98.93000030517578,101.0,307100
2021-11-08,95.94000244140625,101.41000366210938,95.23999786376953,100.93000030517578,247000
2021-11-09,99.33999633789062,99.86000061035156,95.94000244140625,96.37999725341797,206400
2021-11-10,95.94000244140625,99.56999969482422,95.41000366210938,98.91000366210938,381100
2021-11-11,96.86000061035156,99.45999908447266,95.7300033569336,96.8499984741211,190200
2021-11-12,102.41999816894531,102.58999633789062,96.87999725341797,97.93000030517578,225300
2021-11-15,105.08000183105469,107.38999938964844,103.0,103.0,362900
2021-11-16,108.62000274658203,108.9000015258789,102.51000213623047,104.94999694824219,337700
2021-11-17,104.55000305175781,110.23999786376953,103.31999969482422,108.58999633789062,367400
2021-11-18,111.41000366210938,113.5,99.77999877929688,108.0,1171400
2021-11-19,103.0999984741211,113.47000122070312,102.30999755859375,110.73999786376953,545900
2021-11-22,103.81999969482422,108.12999725341797,102.4000015258789,105.27999877929688,459000
2021-11-23,102.33000183105469,103.12999725341797,95.87000274658203,101.68000030517578,479100
2021-11-24,96.23999786376953,101.55000305175781,95.5,99.94000244140625,532800
2021-11-26,93.98999786376953,94.18000030517578,88.80999755859375,92.2300033569336,253000
2021-11-29,89.2300033569336,95.48999786376953,88.58000183105469,95.19000244140625,439500
2021-11-30,86.52999877929688,89.1500015258789,82.94999694824219,88.23999786376953,516300
2021-12-01,84.94000244140625,91.0,83.97000122070312,88.0,396600
2021-12-02,86.16999816894531,86.9800033569336,82.6500015258789,85.58999633789062,340600
2021-12-03,87.45999908447266,87.7300033569336,84.27999877929688,85.91000366210938,306300
2021-12-06,90.19999694824219,91.04000091552734,86.41999816894531,88.16000366210938,369300
2021-12-07,91.94999694824219,94.75,91.06999969482422,91.3499984741211,241900
2021-12-08,91.9800033569336,93.9800033569336,90.9000015258789,91.88999938964844,198300
2021-12-09,89.01000213623047,94.66000366210938,88.7699966430664,91.01000213623047,191800
2021-12-10,88.6500015258789,90.5999984741211,85.22000122070312,90.30999755859375,275000
2021-12-13,81.5,88.51000213623047,81.25,88.51000213623047,418100
2021-12-14,81.54000091552734,84.1500015258789,80.72000122070312,81.37999725341797,338700
2021-12-15,82.5199966430664,83.52999877929688,79.61000061035156,81.75,281900
2021-12-16,77.81999969482422,84.13999938964844,76.91999816894531,83.97000122070312,420200
2021-12-17,76.31999969482422,78.05999755859375,73.02999877929688,78.05999755859375,1167800
2021-12-20,71.94000244140625,74.70999908447266,70.25,74.69999694824219,677000
2021-12-21,76.70999908447266,77.97000122070312,73.37999725341797,74.18000030517578,449900
2021-12-22,75.58999633789062,77.29000091552734,74.37999725341797,76.26000213623047,348200
2021-12-23,76.72000122070312,77.55000305175781,73.95999908447266,75.70999908447266,216600
2021-12-27,78.54000091552734,79.9000015258789,76.83999633789062,76.83999633789062,278600
2021-12-28,79.27999877929688,81.04000091552734,77.88999938964844,78.0,327400
2021-12-29,81.19999694824219,81.68000030517578,79.16000366210938,79.48999786376953,242200
2021-12-30,81.2300033569336,83.26000213623047,80.37000274658203,80.37000274658203,224300
2021-12-31,79.29000091552734,82.01000213623047,77.44999694824219,80.52999877929688,337600
2022-01-03,79.66000366210938,83.7699966430664,79.12999725341797,79.12999725341797,303800
2022-01-04,81.81999969482422,82.16999816894531,78.87000274658203,79.4800033569336,327900
2022-01-05,75.94000244140625,82.43000030517578,75.48999786376953,81.56999969482422,416300
2022-01-06,75.36000061035156,77.97000122070312,73.13999938964844,77.37999725341797,435600
2022-01-07,72.22000122070312,74.8499984741211,71.5,73.48999786376953,502300
2022-01-10,71.3499984741211,72.5,67.12999725341797,72.08999633789062,493900
2022-01-11,73.7300033569336,73.98999786376953,70.2300033569336,72.02999877929688,383300
2022-01-12,72.72000122070312,75.68000030517578,72.16000366210938,74.08000183105469,295100
2022-01-13,74.12999725341797,76.5,73.01000213623047,73.83000183105469,299600
2022-01-14,73.55000305175781,73.77999877929688,70.8499984741211,73.6500015258789,320600
2022-01-18,69.37000274658203,73.0,69.05000305175781,72.87000274658203,404700
2022-01-19,68.30000305175781,71.25,68.18000030517578,69.33999633789062,320600
2022-01-20,64.13999938964844,70.33000183105469,63.88999938964844,68.45999908447266,410400
2022-01-21,63.09000015258789,65.05999755859375,60.54999923706055,62.040000915527344,553100
2022-01-24,69.23999786376953,69.5999984741211,60.470001220703125,61.47999954223633,812900
2022-01-25,72.87000274658203,74.25,66.87999725341797,67.63999938964844,575400
2022-01-26,70.87999725341797,75.66000366210938,70.16999816894531,73.93000030517578,570200
2022-01-27,70.1500015258789,74.88999938964844,69.76000213623047,72.56999969482422,369100
2022-01-28,70.44000244140625,71.56999969482422,67.55999755859375,69.4800033569336,260000
2022-01-31,70.75,72.20999908447266,68.80999755859375,69.47000122070312,352500
2022-02-01,73.12999725341797,73.37000274658203,70.41999816894531,71.5,198700
2022-02-02,70.30999755859375,73.88999938964844,69.0999984741211,73.88999938964844,357400
2022-02-03,67.19999694824219,71.13999938964844,67.0,69.86000061035156,317900
2022-02-04,66.1500015258789,67.55000305175781,64.27999877929688,67.44999694824219,365600
2022-02-07,69.19999694824219,69.87000274658203,66.86000061035156,66.91000366210938,338700
2022-02-08,71.66999816894531,72.75,68.63999938964844,68.69000244140625,272800
2022-02-09,71.13999938964844,73.4800033569336,71.0,72.23999786376953,349600
2022-02-10,70.5,74.0999984741211,69.87999725341797,69.87999725341797,276100
2022-02-11,67.41000366210938,71.37000274658203,66.83999633789062,70.19999694824219,308000
2022-02-14,66.22000122070312,69.2699966430664,65.45999908447266,68.22000122070312,241400
2022-02-15,70.55000305175781,70.69000244140625,67.55000305175781,67.55000305175781,284800
2022-02-16,69.4800033569336,70.62000274658203,67.95999908447266,69.93000030517578,280500
2022-02-17,66.19999694824219,69.5,65.45999908447266,68.01000213623047,248100
2022-02-18,64.69000244140625,66.70999908447266,64.0,65.69999694824219,277000
2022-02-22,61.459999084472656,65.16999816894531,60.61000061035156,63.38999938964844,437600
2022-02-23,57.630001068115234,62.04999923706055,57.43000030517578,62.04999923706055,567600
2022-02-24,60.77000045776367,61.11000061035156,54.709999084472656,54.959999084472656,705000
2022-02-25,63.689998626708984,64.58000183105469,59.939998626708984,61.20000076293945,493300
2022-02-28,62.959999084472656,64.88999938964844,61.5099983215332,61.880001068115234,359300
2022-03-01,58.900001525878906,63.04999923706055,57.63999938964844,62.560001373291016,597000
2022-03-02,63.90999984741211,65.41000366210938,59.040000915527344,59.72999954223633,764200
2022-03-03,60.689998626708984,63.560001373291016,59.70000076293945,63.560001373291016,649100
2022-03-04,56.13999938964844,60.4900016784668,55.650001525878906,60.38999938964844,721800
2022-03-07,52.650001525878906,58.7599983215332,52.650001525878906,57.0099983215332,1027800
2022-03-08,58.0,60.380001068115234,52.58000183105469,52.869998931884766,1456600
2022-03-09,55.650001525878906,61.540000915527344,55.4900016784668,58.869998931884766,1061300
2022-03-10,54.310001373291016,56.43000030517578,51.81999969482422,55.33000183105469,836500
2022-03-11,51.529998779296875,55.150001525878906,51.33000183105469,54.790000915527344,596700
2022-03-14,51.540000915527344,53.11000061035156,51.209999084472656,52.2599983215332,456200
2022-03-15,51.939998626708984,54.75,51.5099983215332,51.81999969482422,524700
2022-03-16,55.04999923706055,56.689998626708984,52.33000183105469,53.02000045776367,610500
2022-03-17,54.36000061035156,55.27000045776367,52.59000015258789,54.2400016784668,379900
2022-03-18,53.619998931884766,54.459999084472656,52.58000183105469,53.810001373291016,827500
2022-03-21,51.0099983215332,54.459999084472656,49.66999816894531,54.459999084472656,946000
2022-03-22,51.130001068115234,52.86000061035156,51.06999969482422,51.939998626708984,541400
2022-03-23,48.40999984741211,50.470001220703125,48.31999969482422,50.33000183105469,806300
2022-03-24,50.790000915527344,51.779998779296875,49.4900016784668,51.349998474121094,520300
2022-03-25,50.18000030517578,52.27000045776367,49.9900016784668,52.060001373291016,633100
2022-03-28,50.970001220703125,51.08000183105469,48.4900016784668,50.18000030517578,384600
2022-03-29,54.13999938964844,54.36000061035156,51.209999084472656,51.59000015258789,645500
2022-03-30,49.56999969482422,53.9900016784668,49.349998474121094,53.459999084472656,615900
2022-03-31,49.29999923706055,50.13999938964844,48.0,49.900001525878906,497700
2022-04-01,49.849998474121094,50.86000061035156,48.75,49.5,465500
2022-04-04,51.790000915527344,51.83000183105469,49.470001220703125,50.0,476200
2022-04-05,51.2400016784668,52.290000915527344,50.029998779296875,51.91999816894531,434800
2022-04-06,50.70000076293945,51.0,48.20000076293945,50.880001068115234,578600
2022-04-07,50.689998626708984,50.93000030517578,47.380001068115234,50.58000183105469,438400
2022-04-08,49.869998931884766,51.66999816894531,49.310001373291016,50.86000061035156,625600
2022-04-11,51.90999984741211,53.77000045776367,49.540000915527344,50.099998474121094,906200
2022-04-12,51.439998626708984,54.970001220703125,51.09000015258789,52.68000030517578,547500
2022-04-13,53.75,54.38999938964844,51.34000015258789,51.34000015258789,401300
2022-04-14,51.70000076293945,54.619998931884766,51.599998474121094,53.459999084472656,448700
2022-04-18,51.95000076293945,52.91999816894531,50.58000183105469,51.36000061035156,489100
2022-04-19,54.560001373291016,54.709999084472656,52.13999938964844,52.13999938964844,505300
2022-04-20,52.91999816894531,55.279998779296875,52.0,54.869998931884766,537000
2022-04-21,52.40999984741211,54.79999923706055,51.52000045776367,54.2400016784668,530600
2022-04-22,48.529998779296875,52.0,47.900001525878906,51.150001525878906,732100
2022-04-25,48.70000076293945,49.75,47.47999954223633,48.0099983215332,753900
2022-04-26,45.58000183105469,49.04999923706055,45.29999923706055,47.689998626708984,625500
2022-04-27,46.400001525878906,48.02000045776367,45.27000045776367,46.18000030517578,702400
2022-04-28,47.290000915527344,48.25,45.41999816894531,47.2599983215332,379200
2022-04-29,46.33000183105469,47.470001220703125,45.90999984741211,46.349998474121094,406100
2022-05-02,50.849998474121094,51.06999969482422,46.09000015258789,46.41999816894531,727600
2022-05-03,49.06999969482422,51.40999984741211,48.70000076293945,50.84000015258789,431900
2022-05-04,51.380001068115234,51.540000915527344,47.459999084472656,49.22999954223633,416200
2022-05-05,48.59000015258789,50.279998779296875,47.060001373291016,50.0099983215332,408700
2022-05-06,48.2400016784668,48.7400016784668,46.060001373291016,48.0,743700
2022-05-09,48.099998474121094,48.79999923706055,46.630001068115234,47.130001068115234,551000
2022-05-10,47.2599983215332,49.22999954223633,45.630001068115234,49.130001068115234,425500
2022-05-11,45.369998931884766,48.790000915527344,45.060001373291016,47.310001373291016,498200
2022-05-12,46.63999938964844,48.189998626708984,43.2599983215332,45.22999954223633,607400
2022-05-13,46.9900016784668,49.459999084472656,46.619998931884766,47.369998931884766,498800
2022-05-16,46.95000076293945,47.97999954223633,44.599998474121094,46.650001525878906,424800
2022-05-17,48.25,50.209999084472656,46.27000045776367,47.439998626708984,515500
2022-05-18,43.220001220703125,46.31999969482422,42.70000076293945,46.13999938964844,1381600
2022-05-19,47.7400016784668,48.779998779296875,42.7599983215332,42.7599983215332,1958500
2022-05-20,45.650001525878906,47.52000045776367,43.25,47.52000045776367,1180500
2022-05-23,43.95000076293945,44.68000030517578,41.470001220703125,43.2599983215332,966300
2022-05-24,40.470001220703125,41.84000015258789,36.970001220703125,41.81999969482422,1094200
2022-05-25,46.150001525878906,47.68000030517578,40.06999969482422,40.06999969482422,1105400
2022-05-26,47.119998931884766,49.310001373291016,46.599998474121094,46.599998474121094,674200
2022-05-27,47.91999816894531,49.56999969482422,45.34000015258789,45.34000015258789,513500
2022-05-31,47.47999954223633,48.2400016784668,46.290000915527344,46.95000076293945,455100
2022-06-01,46.0099983215332,49.220001220703125,45.540000915527344,48.5,428600
2022-06-02,46.34000015258789,47.41999816894531,45.720001220703125,45.720001220703125,401700
2022-06-03,45.310001373291016,46.86000061035156,45.02000045776367,45.68000030517578,307500
2022-06-06,46.29999923706055,46.33000183105469,43.7599983215332,45.470001220703125,471300
2022-06-07,46.40999984741211,47.720001220703125,43.959999084472656,45.869998931884766,437500
2022-06-08,46.54999923706055,47.47999954223633,44.84000015258789,46.380001068115234,327400
2022-06-09,45.43000030517578,46.900001525878906,45.13999938964844,46.189998626708984,278400
2022-06-10,44.279998779296875,45.2400016784668,43.59000015258789,44.119998931884766,392600
2022-06-13,43.619998931884766,43.7599983215332,42.029998779296875,42.529998779296875,355700
2022-06-14,44.40999984741211,45.7400016784668,43.810001373291016,44.369998931884766,346500
2022-06-15,45.0099983215332,46.04999923706055,44.5,45.29999923706055,240000
2022-06-16,42.56999969482422,43.869998931884766,42.0,43.7400016784668,347000
2022-06-17,44.060001373291016,44.5,42.72999954223633,42.97999954223633,679300
2022-06-21,44.7400016784668,46.060001373291016,43.869998931884766,45.16999816894531,397800
2022-06-22,42.40999984741211,45.16999816894531,42.29999923706055,43.720001220703125,352400
2022-06-23,42.41999816894531,42.86000061035156,41.0099983215332,42.34000015258789,293700
2022-06-24,43.88999938964844,44.900001525878906,42.47999954223633,42.47999954223633,420400
2022-06-27,43.04999923706055,44.470001220703125,42.560001373291016,44.34000015258789,286400
2022-06-28,40.86000061035156,44.72999954223633,40.83000183105469,43.33000183105469,314700
2022-06-29,38.560001373291016,40.790000915527344,38.220001220703125,40.790000915527344,333300
2022-06-30,38.91999816894531,39.540000915527344,37.31999969482422,38.61000061035156,301800
2022-07-01,38.349998474121094,39.63999938964844,37.56999969482422,38.52000045776367,291900
2022-07-05,40.56999969482422,40.66999816894531,37.099998474121094,37.560001373291016,407400
2022-07-06,39.4900016784668,41.06999969482422,38.58000183105469,40.20000076293945,232600
2022-07-07,41.77000045776367,42.09000015258789,38.939998626708984,39.939998626708984,315900
2022-07-08,42.119998931884766,42.61000061035156,40.81999969482422,41.790000915527344,265200
2022-07-11,41.119998931884766,42.279998779296875,40.63999938964844,42.279998779296875,207200
2022-07-12,40.9900016784668,41.77000045776367,40.36000061035156,40.79999923706055,202900
2022-07-13,40.61000061035156,41.20000076293945,39.9900016784668,40.540000915527344,137100
2022-07-14,40.2400016784668,40.31999969482422,38.91999816894531,39.84000015258789,204300
2022-07-15,40.75,41.9900016784668,40.0,41.689998626708984,227000
2022-07-18,42.0,43.29999923706055,41.04999923706055,41.04999923706055,239400
2022-07-19,44.529998779296875,45.38999938964844,42.66999816894531,42.66999816894531,367500
2022-07-20,45.15999984741211,45.2599983215332,42.83000183105469,44.189998626708984,287200
2022-07-21,44.43000030517578,45.099998474121094,43.27000045776367,45.02000045776367,429700
2022-07-22,44.540000915527344,46.41999816894531,43.08000183105469,44.689998626708984,232900
2022-07-25,44.040000915527344,45.439998626708984,43.290000915527344,45.06999969482422,175600
2022-07-26,39.869998931884766,41.95000076293945,39.7400016784668,41.880001068115234,340900
2022-07-27,41.119998931884766,41.52000045776367,38.75,40.84000015258789,242500
2022-07-28,42.369998931884766,42.439998626708984,39.58000183105469,41.189998626708984,232300
2022-07-29,43.34000015258789,43.400001525878906,41.63999938964844,42.880001068115234,289500
2022-08-01,45.900001525878906,46.54999923706055,41.65999984741211,43.20000076293945,365400
2022-08-02,45.900001525878906,46.599998474121094,44.06999969482422,45.20000076293945,292100
2022-08-03,48.09000015258789,48.18000030517578,45.130001068115234,46.11000061035156,308100
2022-08-04,47.81999969482422,48.310001373291016,46.029998779296875,47.5,363300
2022-08-05,46.849998474121094,48.7400016784668,46.380001068115234,46.81999969482422,333100
2022-08-08,49.7400016784668,51.7400016784668,47.790000915527344,47.790000915527344,483600
2022-08-09,46.619998931884766,48.900001525878906,45.93000030517578,48.900001525878906,277100
2022-08-10,47.68000030517578,49.27000045776367,47.29999923706055,48.41999816894531,281900
2022-08-11,48.84000015258789,50.779998779296875,48.04999923706055,48.56999969482422,294500
2022-08-12,49.25,49.47999954223633,47.72999954223633,49.04999923706055,263500
2022-08-15,49.93000030517578,50.5,48.54999923706055,49.150001525878906,374500
2022-08-16,54.95000076293945,57.0,49.65999984741211,49.65999984741211,934600
2022-08-17,48.93000030517578,51.47999954223633,46.08000183105469,50.91999816894531,1477100
2022-08-18,50.15999984741211,51.22999954223633,47.310001373291016,48.099998474121094,574800
2022-08-19,47.310001373291016,49.45000076293945,46.849998474121094,48.810001373291016,516700
2022-08-22,44.310001373291016,46.380001068115234,44.11000061035156,46.22999954223633,497100
2022-08-23,44.630001068115234,45.84000015258789,44.29999923706055,44.400001525878906,427500
2022-08-24,43.68000030517578,44.56999969482422,43.29999923706055,44.34000015258789,452800
2022-08-25,45.52000045776367,46.83000183105469,43.59000015258789,43.59000015258789,335500
2022-08-26,44.33000183105469,46.16999816894531,43.779998779296875,45.5,289700
2022-08-29,42.5099983215332,44.09000015258789,42.290000915527344,43.77000045776367,284000
2022-08-30,43.290000915527344,43.540000915527344,41.939998626708984,42.810001373291016,305700
2022-08-31,42.18000030517578,43.40999984741211,41.290000915527344,43.40999984741211,334100
2022-09-01,41.7599983215332,42.13999938964844,40.40999984741211,41.25,334000
2022-09-02,42.18000030517578,42.900001525878906,41.0099983215332,42.61000061035156,329600
2022-09-06,41.470001220703125,43.380001068115234,41.349998474121094,42.47999954223633,466500
2022-09-07,43.2400016784668,43.970001220703125,41.18000030517578,41.18000030517578,308200
2022-09-08,41.900001525878906,43.099998474121094,41.619998931884766,42.36000061035156,354300
2022-09-09,40.95000076293945,42.790000915527344,40.369998931884766,41.41999816894531,517300
2022-09-12,40.599998474121094,42.790000915527344,40.459999084472656,41.36000061035156,382900
2022-09-13,35.16999816894531,39.13999938964844,34.90999984741211,39.13999938964844,887900
2022-09-14,33.720001220703125,35.349998474121094,32.810001373291016,35.09000015258789,811800
2022-09-15,35.209999084472656,36.93000030517578,33.43000030517578,33.43000030517578,1317000
2022-09-16,36.33000183105469,36.689998626708984,34.11000061035156,34.65999984741211,997900
2022-09-19,37.09000015258789,37.209999084472656,35.36000061035156,35.939998626708984,399800
2022-09-20,36.77000045776367,37.470001220703125,35.84000015258789,36.56999969482422,354200
2022-09-21,36.38999938964844,38.209999084472656,36.34000015258789,37.04999923706055,268100
2022-09-22,35.119998931884766,36.41999816894531,35.040000915527344,36.09000015258789,254800
2022-09-23,34.0099983215332,35.400001525878906,33.70000076293945,34.060001373291016,495400
2022-09-26,33.439998626708984,35.290000915527344,32.869998931884766,33.709999084472656,315900
2022-09-27,32.9900016784668,34.439998626708984,32.61000061035156,33.869998931884766,396800
2022-09-28,33.20000076293945,33.959999084472656,32.90999984741211,32.959999084472656,489300
2022-09-29,31.540000915527344,32.83000183105469,30.950000762939453,32.779998779296875,485700
2022-09-30,30.889999389648438,32.41999816894531,29.200000762939453,30.950000762939453,692200
2022-10-03,32.54999923706055,33.09000015258789,30.31999969482422,31.639999389648438,734000
2022-10-04,36.56999969482422,36.630001068115234,33.5,33.689998626708984,626900
2022-10-05,35.9900016784668,36.29999923706055,34.27000045776367,35.959999084472656,429600
2022-10-06,37.310001373291016,37.56999969482422,35.900001525878906,35.9900016784668,353000
2022-10-07,38.29999923706055,38.36000061035156,36.349998474121094,36.66999816894531,501400
2022-10-10,37.97999954223633,39.220001220703125,37.630001068115234,38.5099983215332,355100
2022-10-11,37.43000030517578,40.06999969482422,36.790000915527344,37.779998779296875,476100
2022-10-12,38.119998931884766,38.619998931884766,37.099998474121094,37.540000915527344,371700
2022-10-13,38.310001373291016,39.27000045776367,36.20000076293945,37.04999923706055,370700
2022-10-14,38.65999984741211,39.779998779296875,38.439998626708984,38.93000030517578,336700
2022-10-17,40.16999816894531,40.779998779296875,39.15999984741211,39.77000045776367,423500
2022-10-18,40.15999984741211,41.86000061035156,39.959999084472656,41.15999984741211,471400
2022-10-19,39.029998779296875,40.09000015258789,37.90999984741211,39.70000076293945,480900
2022-10-20,38.83000183105469,41.349998474121094,38.79999923706055,39.310001373291016,413200
2022-10-21,40.86000061035156,41.34000015258789,38.349998474121094,39.13999938964844,374400
2022-10-24,40.40999984741211,41.029998779296875,39.560001373291016,40.83000183105469,344400
2022-10-25,41.849998474121094,43.470001220703125,40.16999816894531,40.16999816894531,444600
2022-10-26,40.95000076293945,42.33000183105469,40.650001525878906,41.599998474121094,536500
2022-10-27,40.689998626708984,41.93000030517578,39.90999984741211,41.130001068115234,521400
2022-10-28,38.90999984741211,40.459999084472656,38.70000076293945,40.16999816894531,599600
2022-10-31,40.47999954223633,40.83000183105469,38.58000183105469,38.9900016784668,479600
2022-11-01,41.40999984741211,43.0,41.13999938964844,41.5099983215332,383000
2022-11-02,38.279998779296875,41.400001525878906,38.25,41.04999923706055,364600
2022-11-03,38.470001220703125,38.9900016784668,37.11000061035156,37.970001220703125,375600
2022-11-04,38.04999923706055,40.2599983215332,37.65999984741211,39.29999923706055,372300
2022-11-07,36.16999816894531,38.959999084472656,35.79999923706055,38.459999084472656,486000
2022-11-08,35.7599983215332,37.40999984741211,35.099998474121094,36.540000915527344,417200
2022-11-09,32.279998779296875,35.52000045776367,32.2599983215332,35.290000915527344,398400
2022-11-10,36.869998931884766,37.31999969482422,34.22999954223633,34.400001525878906,526100
2022-11-11,37.709999084472656,38.400001525878906,36.400001525878906,37.22999954223633,719800
2022-11-14,36.540000915527344,37.400001525878906,35.16999816894531,37.310001373291016,631900
2022-11-15,39.16999816894531,39.779998779296875,37.7599983215332,37.779998779296875,764300
2022-11-16,36.130001068115234,37.90999984741211,34.09000015258789,37.15999984741211,1116200
2022-11-17,38.900001525878906,38.90999984741211,32.25,32.25,952600
2022-11-18,39.88999938964844,41.52000045776367,38.31999969482422,39.029998779296875,746400
2022-11-21,38.91999816894531,39.459999084472656,37.25,39.09000015258789,445300
2022-11-22,41.5,41.599998474121094,39.650001525878906,39.650001525878906,394600
2022-11-23,39.599998474121094,41.83000183105469,39.45000076293945,41.45000076293945,394900
2022-11-25,38.790000915527344,39.9900016784668,38.56999969482422,39.15999984741211,196600
2022-11-28,38.119998931884766,38.88999938964844,37.63999938964844,38.08000183105469,454100
2022-11-29,36.220001220703125,38.529998779296875,36.119998931884766,38.119998931884766,384500
2022-11-30,35.5,36.22999954223633,34.209999084472656,36.22999954223633,528800
2022-12-01,33.52000045776367,36.68000030517578,33.47999954223633,35.86000061035156,551800
2022-12-02,35.709999084472656,35.849998474121094,32.95000076293945,33.34000015258789,658200
2022-12-05,35.790000915527344,36.88999938964844,35.220001220703125,35.70000076293945,729800
2022-12-06,35.630001068115234,36.33000183105469,35.08000183105469,35.349998474121094,368800
2022-12-07,35.720001220703125,36.08000183105469,34.290000915527344,35.33000183105469,255900
2022-12-08,35.630001068115234,37.27000045776367,35.58000183105469,35.83000183105469,339900
2022-12-09,34.5099983215332,35.91999816894531,34.34000015258789,34.93000030517578,279900
2022-12-12,35.83000183105469,36.130001068115234,33.61000061035156,34.38999938964844,320700
2022-12-13,35.11000061035156,37.88999938964844,34.95000076293945,37.380001068115234,308100
2022-12-14,35.18000030517578,35.93000030517578,34.68000030517578,35.040000915527344,312100
2022-12-15,33.95000076293945,34.81999969482422,32.88999938964844,34.43000030517578,355400
2022-12-16,35.630001068115234,35.88999938964844,33.540000915527344,33.540000915527344,1142700
2022-12-19,36.95000076293945,37.02000045776367,35.310001373291016,35.56999969482422,516700
2022-12-20,34.70000076293945,36.79999923706055,34.29999923706055,36.630001068115234,555000
2022-12-21,37.150001525878906,37.349998474121094,35.560001373291016,35.630001068115234,410600
2022-12-22,35.869998931884766,36.709999084472656,34.86000061035156,36.709999084472656,363100
2022-12-23,37.7400016784668,37.86000061035156,35.290000915527344,36.09000015258789,380000
2022-12-27,37.40999984741211,38.689998626708984,36.790000915527344,37.689998626708984,480200
2022-12-28,35.529998779296875,37.849998474121094,34.41999816894531,37.31999969482422,439600
2022-12-29,36.040000915527344,36.779998779296875,35.7400016784668,36.11000061035156,356600
2022-12-30,36.41999816894531,36.869998931884766,34.7400016784668,35.41999816894531,282400
2023-01-03,35.63999938964844,37.290000915527344,35.54999923706055,36.79999923706055,278000
2023-01-04,36.599998474121094,37.47999954223633,35.54999923706055,35.849998474121094,386100
2023-01-05,36.209999084472656,36.56999969482422,34.86000061035156,35.93000030517578,230500
2023-01-06,36.61000061035156,37.630001068115234,36.279998779296875,36.36000061035156,400200
2023-01-09,35.47999954223633,36.61000061035156,35.08000183105469,36.22999954223633,327800
2023-01-10,36.369998931884766,36.380001068115234,34.709999084472656,35.31999969482422,271600
2023-01-11,38.79999923706055,38.849998474121094,36.15999984741211,36.810001373291016,380400
2023-01-12,39.290000915527344,39.790000915527344,37.59000015258789,39.150001525878906,386100
2023-01-13,38.91999816894531,39.720001220703125,38.150001525878906,38.790000915527344,304800
2023-01-17,39.150001525878906,39.279998779296875,38.150001525878906,38.40999984741211,223100
2023-01-18,38.540000915527344,40.58000183105469,38.310001373291016,39.380001068115234,338500
2023-01-19,39.27000045776367,39.779998779296875,37.619998931884766,38.29999923706055,281100
2023-01-20,42.79999923706055,42.83000183105469,38.9900016784668,39.43000030517578,535200
2023-01-23,43.95000076293945,44.59000015258789,42.599998474121094,43.029998779296875,465000
2023-01-24,42.06999969482422,43.84000015258789,41.9900016784668,43.560001373291016,288900
2023-01-25,40.529998779296875,42.0,40.5,41.56999969482422,240800
2023-01-26,40.68000030517578,41.7599983215332,40.529998779296875,41.099998474121094,217000
2023-01-27,43.599998474121094,43.97999954223633,40.27000045776367,40.7599983215332,572800
2023-01-30,42.599998474121094,43.560001373291016,42.09000015258789,42.790000915527344,385700
2023-01-31,45.369998931884766,45.7400016784668,42.86000061035156,42.86000061035156,558000
2023-02-01,46.13999938964844,46.7599983215332,44.349998474121094,45.15999984741211,343600
2023-02-02,46.86000061035156,48.880001068115234,46.18000030517578,46.75,518300
2023-02-03,46.65999984741211,47.2599983215332,45.70000076293945,46.290000915527344,376600
2023-02-06,44.75,45.27000045776367,40.060001373291016,40.779998779296875,1833600
2023-02-07,45.529998779296875,45.66999816894531,42.52000045776367,43.029998779296875,996300
2023-02-08,43.04999923706055,45.09000015258789,42.220001220703125,44.65999984741211,612600
2023-02-09,42.29999923706055,44.77000045776367,42.2599983215332,43.86000061035156,330700
2023-02-10,42.599998474121094,43.65999984741211,41.5,41.95000076293945,370500
2023-02-13,44.939998626708984,44.9900016784668,42.029998779296875,42.529998779296875,485200
2023-02-14,45.97999954223633,46.40999984741211,44.02000045776367,44.650001525878906,396600
2023-02-15,47.04999923706055,47.09000015258789,44.970001220703125,45.369998931884766,334400
2023-02-16,45.61000061035156,47.04999923706055,45.56999969482422,45.900001525878906,323400
2023-02-17,45.91999816894531,46.09000015258789,44.529998779296875,45.86000061035156,330100
2023-02-21,40.72999954223633,45.029998779296875,40.630001068115234,45.029998779296875,743300
2023-02-22,40.310001373291016,41.790000915527344,40.13999938964844,40.689998626708984,392000
2023-02-23,40.709999084472656,41.880001068115234,39.040000915527344,40.5099983215332,403000
2023-02-24,41.540000915527344,41.689998626708984,39.09000015258789,39.86000061035156,390300
2023-02-27,41.75,42.2400016784668,40.900001525878906,42.099998474121094,284800
2023-02-28,41.869998931884766,43.029998779296875,41.54999923706055,41.83000183105469,471900
2023-03-01,42.5099983215332,42.529998779296875,40.41999816894531,41.400001525878906,344800
2023-03-02,43.31999969482422,43.470001220703125,41.41999816894531,42.400001525878906,516300
2023-03-03,43.849998474121094,44.18000030517578,42.790000915527344,43.81999969482422,442100
2023-03-06,40.970001220703125,44.34000015258789,40.849998474121094,44.099998474121094,677400
2023-03-07,42.13999938964844,42.720001220703125,40.43000030517578,40.900001525878906,545600
2023-03-08,42.40999984741211,42.88999938964844,41.52000045776367,41.849998474121094,447700
2023-03-09,41.65999984741211,43.029998779296875,41.06999969482422,42.02000045776367,470900
2023-03-10,41.189998626708984,41.70000076293945,40.040000915527344,41.02000045776367,399200
2023-03-13,40.9900016784668,41.540000915527344,38.90999984741211,39.900001525878906,598600
2023-03-14,41.970001220703125,42.630001068115234,40.880001068115234,42.290000915527344,472000
2023-03-15,41.18000030517578,42.41999816894531,40.41999816894531,40.43000030517578,641700
2023-03-16,38.599998474121094,44.25,38.209999084472656,40.869998931884766,1348400
2023-03-17,38.04999923706055,39.029998779296875,36.630001068115234,38.0,1634600
2023-03-20,39.279998779296875,41.599998474121094,38.5099983215332,38.619998931884766,811600
2023-03-21,39.029998779296875,41.290000915527344,38.90999984741211,40.11000061035156,604700
2023-03-22,38.06999969482422,39.779998779296875,37.900001525878906,39.08000183105469,688400
2023-03-23,37.40999984741211,39.15999984741211,36.599998474121094,38.33000183105469,619200
2023-03-24,37.220001220703125,37.65999984741211,36.349998474121094,36.70000076293945,390700
2023-03-27,38.02000045776367,38.459999084472656,36.41999816894531,37.619998931884766,545100
2023-03-28,38.22999954223633,39.369998931884766,37.880001068115234,38.16999816894531,390500
2023-03-29,37.779998779296875,38.060001373291016,36.060001373291016,38.029998779296875,533700
2023-03-30,38.36000061035156,39.0,37.75,38.310001373291016,380200
2023-03-31,40.25,40.45000076293945,38.72999954223633,38.72999954223633,604800
2023-04-03,41.029998779296875,41.2400016784668,39.77000045776367,40.5,543300
2023-04-04,40.279998779296875,41.90999984741211,40.150001525878906,41.27000045776367,445100
2023-04-05,38.25,39.900001525878906,38.099998474121094,39.900001525878906,367400
2023-04-06,38.25,38.84000015258789,37.040000915527344,38.11000061035156,232600
2023-04-10,37.709999084472656,38.38999938964844,37.220001220703125,38.0,446700
2023-04-11,35.77000045776367,38.06999969482422,35.720001220703125,37.779998779296875,666900
2023-04-12,32.31999969482422,36.599998474121094,32.0099983215332,35.95000076293945,963200
2023-04-13,31.290000915527344,32.75,31.200000762939453,32.47999954223633,873800
2023-04-14,31.1299991607666,32.66999816894531,30.850000381469727,31.299999237060547,985700
2023-04-17,31.479999542236328,31.6299991607666,30.770000457763672,31.149999618530273,494100
2023-04-18,33.400001525878906,33.58000183105469,31.219999313354492,31.540000915527344,875000
2023-04-19,32.68000030517578,33.689998626708984,32.41999816894531,33.11000061035156,430700
2023-04-20,32.099998474121094,32.939998626708984,31.940000534057617,32.36000061035156,218300
2023-04-21,32.70000076293945,35.349998474121094,31.719999313354492,32.0,1215700
2023-04-24,32.22999954223633,32.540000915527344,30.940000534057617,32.540000915527344,446700
2023-04-25,30.299999237060547,31.809999465942383,30.010000228881836,31.809999465942383,417400
2023-04-26,29.829999923706055,30.8700008392334,29.59000015258789,30.299999237060547,598100
2023-04-27,30.170000076293945,30.719999313354492,29.760000228881836,30.09000015258789,367400
2023-04-28,29.639999389648438,30.469999313354492,29.239999771118164,30.049999237060547,518600
2023-05-01,29.219999313354492,30.15999984741211,29.18000030517578,29.68000030517578,343400
2023-05-02,27.3700008392334,29.149999618530273,27.059999465942383,29.1200008392334,487100
2023-05-03,26.459999084472656,27.719999313354492,26.239999771118164,27.239999771118164,531000
2023-05-04,26.06999969482422,26.299999237060547,25.190000534057617,26.299999237060547,538700
2023-05-05,26.709999084472656,27.65999984741211,26.479999542236328,26.690000534057617,460700
2023-05-08,26.729999542236328,27.280000686645508,26.200000762939453,26.899999618530273,378600
2023-05-09,27.1299991607666,27.479999542236328,26.1200008392334,26.459999084472656,348700
2023-05-10,26.579999923706055,27.829999923706055,26.520000457763672,27.68000030517578,506100
2023-05-11,27.530000686645508,29.270000457763672,27.079999923706055,27.239999771118164,752400
2023-05-12,26.3799991607666,27.899999618530273,26.190000534057617,27.829999923706055,380000
2023-05-15,26.459999084472656,26.8700008392334,26.209999084472656,26.440000534057617,422500
2023-05-16,24.450000762939453,26.3799991607666,24.420000076293945,26.270000457763672,711500
2023-05-17,25.40999984741211,25.610000610351562,24.559999465942383,24.65999984741211,511200
2023-05-18,24.6299991607666,25.520000457763672,24.18000030517578,25.440000534057617,706200
2023-05-19,23.079999923706055,24.579999923706055,22.09000015258789,24.350000381469727,1018200
2023-05-22,23.540000915527344,23.600000381469727,22.93000030517578,23.299999237060547,535200
2023-05-23,23.760000228881836,24.479999542236328,23.34000015258789,23.549999237060547,1080600
2023-05-24,18.68000030517578,19.719999313354492,17.6200008392334,19.100000381469727,3915200
2023-05-25,17.34000015258789,18.68000030517578,16.8799991607666,18.68000030517578,1690100
2023-05-26,17.270000457763672,17.719999313354492,16.780000686645508,17.25,1084300
2023-05-30,16.299999237060547,17.270000457763672,16.110000610351562,17.270000457763672,901900
2023-05-31,15.029999732971191,16.3799991607666,15.0,16.09000015258789,1178600
2023-06-01,14.470000267028809,15.1899995803833,14.270000457763672,15.0,1013300
2023-06-02,15.779999732971191,16.3700008392334,14.710000038146973,14.710000038146973,1330200
2023-06-05,15.510000228881836,15.65999984741211,14.899999618530273,15.09000015258789,1173100
2023-06-06,16.8700008392334,17.600000381469727,15.300000190734863,15.520000457763672,1491800
2023-06-07,18.770000457763672,18.829999923706055,16.260000228881836,16.920000076293945,1528300
2023-06-08,18.09000015258789,19.059999465942383,17.530000686645508,18.889999389648438,963300
2023-06-09,17.84000015258789,18.280000686645508,17.549999237060547,18.1299991607666,708900
2023-06-12,18.270000457763672,18.360000610351562,17.459999084472656,17.90999984741211,793300
2023-06-13,19.739999771118164,19.780000686645508,18.299999237060547,18.610000610351562,989900
2023-06-14,19.100000381469727,20.079999923706055,18.670000076293945,20.079999923706055,959900
2023-06-15,20.670000076293945,20.729999542236328,18.31999969482422,19.100000381469727,1197500
2023-06-16,20.149999618530273,20.8799991607666,19.860000610351562,20.8799991607666,3853000
2023-06-20,20.799999237060547,21.540000915527344,20.040000915527344,20.15999984741211,948000
2023-06-21,21.440000534057617,22.200000762939453,20.549999237060547,20.799999237060547,711100
2023-06-22,21.520000457763672,22.229999542236328,21.190000534057617,21.5,592900
2023-06-23,21.040000915527344,21.799999237060547,20.719999313354492,21.110000610351562,972900
2023-06-26,21.1299991607666,21.639999389648438,20.479999542236328,20.950000762939453,514400
2023-06-27,22.110000610351562,22.440000534057617,20.959999084472656,21.309999465942383,613900
2023-06-28,21.350000381469727,22.06999969482422,20.8700008392334,22.059999465942383,506900
2023-06-29,22.3700008392334,22.549999237060547,21.399999618530273,21.440000534057617,443500
2023-06-30,23.209999084472656,23.40999984741211,21.940000534057617,22.56999969482422,865900
2023-07-03,24.600000381469727,24.670000076293945,23.40999984741211,23.459999084472656,453000
2023-07-05,23.81999969482422,24.389999389648438,23.309999465942383,24.229999542236328,744200
2023-07-06,26.219999313354492,26.969999313354492,25.049999237060547,25.15999984741211,1869800
2023-07-07,26.450000762939453,27.3799991607666,26.260000228881836,26.610000610351562,896500
2023-07-10,27.040000915527344,27.440000534057617,26.280000686645508,26.31999969482422,816000
2023-07-11,26.979999542236328,27.610000610351562,26.670000076293945,27.15999984741211,666500
2023-07-12,26.860000610351562,27.760000228881836,26.530000686645508,27.540000915527344,693800
2023-07-13,26.059999465942383,26.84000015258789,25.770000457763672,26.84000015258789,893000
2023-07-14,27.100000381469727,27.399999618530273,25.280000686645508,26.030000686645508,895300
2023-07-17,27.950000762939453,28.899999618530273,26.90999984741211,26.989999771118164,768000
2023-07-18,28.3799991607666,28.389999389648438,27.43000030517578,27.829999923706055,462400
2023-07-19,29.020000457763672,29.229999542236328,28.059999465942383,28.81999969482422,518700
2023-07-20,28.3799991607666,29.15999984741211,28.360000610351562,29.020000457763672,405300
2023-07-21,27.760000228881836,28.709999084472656,27.440000534057617,28.709999084472656,421700
2023-07-24,29.489999771118164,29.799999237060547,27.940000534057617,27.940000534057617,459900
2023-07-25,29.860000610351562,30.020000457763672,29.15999984741211,29.489999771118164,741200
2023-07-26,30.950000762939453,31.239999771118164,30.010000228881836,30.020000457763672,407200
2023-07-27,29.8700008392334,31.1200008392334,29.510000228881836,30.940000534057617,545700
2023-07-28,30.760000228881836,30.979999542236328,30.299999237060547,30.639999389648438,328900
2023-07-31,31.440000534057617,32.290000915527344,31.0,31.0,313100
2023-08-01,31.989999771118164,32.11000061035156,30.56999969482422,31.329999923706055,302300
2023-08-02,31.389999389648438,31.709999084472656,30.889999389648438,31.260000228881836,338400
2023-08-03,31.1200008392334,31.920000076293945,30.809999465942383,31.360000610351562,328500
2023-08-04,31.040000915527344,31.549999237060547,30.65999984741211,31.1200008392334,266500
2023-08-07,30.510000228881836,31.459999084472656,29.739999771118164,31.399999618530273,495100
2023-08-08,29.510000228881836,30.049999237060547,29.06999969482422,29.790000915527344,429000
2023-08-09,26.510000228881836,29.68000030517578,26.389999389648438,29.530000686645508,613800
2023-08-10,26.540000915527344,27.299999237060547,26.18000030517578,26.649999618530273,638000
2023-08-11,25.850000381469727,26.549999237060547,25.399999618530273,26.299999237060547,431000
2023-08-14,26.899999618530273,26.899999618530273,25.6299991607666,25.65999984741211,667600
2023-08-15,25.8700008392334,26.709999084472656,25.219999313354492,26.709999084472656,475000
2023-08-16,26.510000228881836,26.75,25.93000030517578,26.049999237060547,696900
2023-08-17,28.260000228881836,31.229999542236328,27.760000228881836,30.940000534057617,1679900
2023-08-18,27.6200008392334,29.350000381469727,27.489999771118164,28.479999542236328,570400
2023-08-21,27.860000610351562,28.780000686645508,27.489999771118164,27.6200008392334,451800
2023-08-22,27.170000076293945,27.739999771118164,26.360000610351562,27.440000534057617,522300
2023-08-23,27.0,27.309999465942383,26.139999389648438,26.899999618530273,415800
2023-08-24,26.020000457763672,27.049999237060547,25.649999618530273,26.8700008392334,465400
2023-08-25,26.540000915527344,26.850000381469727,25.239999771118164,26.34000015258789,392700
2023-08-28,25.940000534057617,27.010000228881836,25.920000076293945,26.479999542236328,414600
2023-08-29,26.920000076293945,26.940000534057617,25.790000915527344,26.020000457763672,304100
2023-08-30,26.149999618530273,26.8799991607666,25.989999771118164,26.850000381469727,414800
2023-08-31,26.510000228881836,26.579999923706055,25.760000228881836,26.299999237060547,444000
2023-09-01,27.559999465942383,27.6200008392334,26.540000915527344,26.649999618530273,410100
2023-09-05,26.510000228881836,27.709999084472656,26.510000228881836,27.209999084472656,519600
2023-09-06,25.3799991607666,26.260000228881836,25.059999465942383,25.850000381469727,512300
2023-09-07,24.5,25.56999969482422,24.450000762939453,25.270000457763672,638300
2023-09-08,22.90999984741211,24.469999313354492,22.8700008392334,24.450000762939453,668400
2023-09-11,23.6200008392334,24.350000381469727,23.020000457763672,23.229999542236328,526800
2023-09-12,23.440000534057617,23.81999969482422,23.18000030517578,23.530000686645508,228600
2023-09-13,23.940000534057617,24.18000030517578,23.229999542236328,23.510000228881836,422300
2023-09-14,25.700000762939453,26.010000228881836,24.0,24.0,446200
2023-09-15,24.450000762939453,25.770000457763672,24.31999969482422,25.760000228881836,405900
2023-09-18,25.559999465942383,25.6299991607666,24.1200008392334,24.8799991607666,627400
2023-09-19,26.809999465942383,27.270000457763672,26.010000228881836,26.030000686645508,544500
2023-09-20,27.3700008392334,28.350000381469727,27.0,27.030000686645508,405800
2023-09-21,27.09000015258789,27.56999969482422,26.770000457763672,26.8799991607666,326600
2023-09-22,25.6299991607666,27.459999084472656,25.549999237060547,27.299999237060547,490300
2023-09-25,25.59000015258789,25.940000534057617,25.06999969482422,25.15999984741211,611500
2023-09-26,24.729999542236328,26.06999969482422,24.729999542236328,25.350000381469727,502400
2023-09-27,25.520000457763672,25.989999771118164,24.8700008392334,24.8700008392334,472900
2023-09-28,26.3700008392334,26.68000030517578,25.270000457763672,25.450000762939453,365600
2023-09-29,27.030000686645508,27.950000762939453,26.729999542236328,26.90999984741211,507800
2023-10-02,26.34000015258789,27.75,26.290000915527344,27.0,430700
2023-10-03,24.31999969482422,26.360000610351562,23.969999313354492,26.040000915527344,536700
2023-10-04,23.559999465942383,25.030000686645508,23.549999237060547,24.420000076293945,409100
2023-10-05,22.25,23.450000762939453,21.65999984741211,23.399999618530273,607200
2023-10-06,24.020000457763672,24.170000076293945,21.34000015258789,21.950000762939453,619800
2023-10-09,25.100000381469727,25.399999618530273,23.559999465942383,23.739999771118164,396200
2023-10-10,26.729999542236328,26.920000076293945,25.170000076293945,25.170000076293945,602500
2023-10-11,25.639999389648438,27.799999237060547,25.510000228881836,26.739999771118164,448300
2023-10-12,23.540000915527344,25.850000381469727,23.170000076293945,25.719999313354492,690500
2023-10-13,23.700000762939453,24.0,23.260000228881836,23.56999969482422,292300
2023-10-16,25.719999313354492,26.079999923706055,23.850000381469727,23.940000534057617,370800
2023-10-17,27.6299991607666,27.649999618530273,25.81999969482422,25.81999969482422,545800
2023-10-18,28.200000762939453,28.299999237060547,27.079999923706055,27.399999618530273,523700
2023-10-19,28.350000381469727,29.350000381469727,27.8700008392334,28.350000381469727,464800
2023-10-20,28.770000457763672,29.579999923706055,28.0,28.3700008392334,500200
2023-10-23,27.920000076293945,28.520000457763672,27.079999923706055,28.309999465942383,382700
2023-10-24,27.760000228881836,28.790000915527344,27.610000610351562,28.420000076293945,365300
2023-10-25,27.719999313354492,27.93000030517578,27.15999984741211,27.600000381469727,484400
2023-10-26,28.65999984741211,28.969999313354492,27.65999984741211,27.690000534057617,382900
2023-10-27,26.809999465942383,28.889999389648438,25.979999542236328,28.649999618530273,698300
2023-10-30,28.100000381469727,28.299999237060547,26.889999389648438,27.350000381469727,332900
2023-10-31,27.3700008392334,28.299999237060547,27.239999771118164,28.299999237060547,287600
2023-11-01,26.739999771118164,27.329999923706055,26.06999969482422,27.329999923706055,301400
2023-11-02,26.059999465942383,27.209999084472656,25.450000762939453,27.010000228881836,508900
2023-11-03,27.790000915527344,27.8799991607666,26.549999237060547,26.8700008392334,471400
2023-11-06,26.1299991607666,27.239999771118164,25.200000762939453,27.049999237060547,799400
2023-11-07,25.799999237060547,26.6299991607666,25.540000915527344,26.079999923706055,355100
2023-11-08,25.309999465942383,25.90999984741211,25.170000076293945,25.799999237060547,308300
2023-11-09,24.280000686645508,25.489999771118164,24.200000762939453,25.489999771118164,375900
2023-11-10,24.350000381469727,24.350000381469727,23.299999237060547,24.15999984741211,708300
2023-11-13,24.520000457763672,24.920000076293945,23.65999984741211,23.889999389648438,377600
2023-11-14,26.81999969482422,27.579999923706055,25.399999618530273,25.5,620100
2023-11-15,28.559999465942383,28.920000076293945,26.489999771118164,27.170000076293945,773900
2023-11-16,21.450000762939453,23.450000762939453,20.190000534057617,23.200000762939453,3784500
2023-11-17,19.110000610351562,21.739999771118164,19.020000457763672,21.440000534057617,2897200
2023-11-20,19.329999923706055,19.350000381469727,16.459999084472656,18.010000228881836,2964000
2023-11-21,19.31999969482422,19.850000381469727,19.010000228881836,19.059999465942383,1059200
2023-11-22,20.270000457763672,20.309999465942383,19.350000381469727,19.56999969482422,1017300
2023-11-24,20.149999618530273,20.579999923706055,19.6200008392334,20.0,346900
2023-11-27,20.43000030517578,20.56999969482422,19.889999389648438,20.06999969482422,798100
2023-11-28,20.31999969482422,20.420000076293945,19.75,20.239999771118164,560100
2023-11-29,22.6200008392334,22.68000030517578,20.5,20.739999771118164,965700
2023-11-30,22.75,23.149999618530273,22.040000915527344,22.719999313354492,723200
2023-12-01,23.3700008392334,24.25,22.600000381469727,23.0,770300
2023-12-04,23.59000015258789,24.469999313354492,23.25,23.40999984741211,508500
2023-12-05,21.600000381469727,23.700000762939453,21.559999465942383,23.700000762939453,507600
2023-12-06,22.489999771118164,23.1200008392334,21.760000228881836,21.760000228881836,740000
2023-12-07,22.690000534057617,23.440000534057617,22.579999923706055,22.579999923706055,372300
2023-12-08,22.6299991607666,23.190000534057617,22.34000015258789,22.540000915527344,255200
2023-12-11,22.520000457763672,22.979999542236328,22.420000076293945,22.75,334000
2023-12-12,22.209999084472656,22.540000915527344,21.600000381469727,22.350000381469727,305000
2023-12-13,23.940000534057617,23.969999313354492,21.600000381469727,22.100000381469727,462800
2023-12-14,22.889999389648438,25.399999618530273,22.260000228881836,24.56999969482422,730000
2023-12-15,23.110000610351562,23.920000076293945,22.979999542236328,23.469999313354492,656500
2023-12-18,22.790000915527344,23.1299991607666,22.399999618530273,23.09000015258789,340500
2023-12-19,23.329999923706055,23.75,22.489999771118164,23.0,623100
2023-12-20,23.110000610351562,23.59000015258789,22.829999923706055,23.1299991607666,670800
2023-12-21,23.520000457763672,24.040000915527344,23.200000762939453,23.84000015258789,294900
2023-12-22,23.510000228881836,23.68000030517578,23.100000381469727,23.100000381469727,271900
2023-12-26,23.920000076293945,24.299999237060547,23.510000228881836,23.729999542236328,295200
2023-12-27,24.010000228881836,24.290000915527344,23.549999237060547,24.110000610351562,298000
2023-12-28,23.450000762939453,24.0,23.309999465942383,23.829999923706055,268400
2023-12-29,23.219999313354492,23.90999984741211,23.049999237060547,23.540000915527344,550000
2024-01-02,22.940000534057617,23.59000015258789,22.8700008392334,22.889999389648438,423500
2024-01-03,20.8799991607666,22.610000610351562,20.8700008392334,22.610000610351562,552200
2024-01-04,21.360000610351562,21.510000228881836,20.549999237060547,20.760000228881836,305000
2024-01-05,21.020000457763672,21.700000762939453,21.0,21.06999969482422,350000
2024-01-08,21.299999237060547,21.860000610351562,21.079999923706055,21.139999389648438,311000
2024-01-09,20.780000686645508,21.25,20.719999313354492,21.0,371500
2024-01-10,21.610000610351562,22.170000076293945,20.610000610351562,20.700000762939453,476000
2024-01-11,21.25,21.639999389648438,20.75,21.489999771118164,282300
2024-01-12,21.059999465942383,21.950000762939453,20.93000030517578,21.299999237060547,307900
2024-01-16,22.420000076293945,22.459999084472656,20.780000686645508,20.90999984741211,637400
2024-01-17,22.850000381469727,23.1200008392334,21.719999313354492,22.040000915527344,361000
2024-01-18,22.399999618530273,23.25,22.219999313354492,23.25,309000
2024-01-19,21.940000534057617,22.5,21.399999618530273,22.329999923706055,439200
2024-01-22,22.770000457763672,22.8700008392334,22.200000762939453,22.239999771118164,494900
2024-01-23,24.020000457763672,24.110000610351562,23.010000228881836,23.06999969482422,504900
2024-01-24,24.479999542236328,24.719999313354492,23.8799991607666,24.559999465942383,535600
2024-01-25,24.75,24.959999084472656,24.260000228881836,24.799999237060547,393600
2024-01-26,24.770000457763672,25.1200008392334,24.260000228881836,24.920000076293945,310900
2024-01-29,23.06999969482422,24.8700008392334,23.030000686645508,24.780000686645508,446200
2024-01-30,22.020000457763672,22.940000534057617,21.260000228881836,22.790000915527344,766500
2024-01-31,22.280000686645508,23.5,21.399999618530273,22.059999465942383,464600
2024-02-01,22.06999969482422,22.950000762939453,21.920000076293945,22.510000228881836,352900
2024-02-02,21.389999389648438,22.010000228881836,21.260000228881836,22.010000228881836,395500
2024-02-05,20.059999465942383,21.06999969482422,20.0,21.06999969482422,652900
2024-02-06,19.899999618530273,20.079999923706055,19.549999237060547,20.040000915527344,444700
2024-02-07,19.309999465942383,19.780000686645508,18.1200008392334,19.719999313354492,977200
2024-02-08,19.75,19.93000030517578,19.020000457763672,19.43000030517578,467600
2024-02-09,12.510000228881836,12.520000457763672,8.300000190734863,8.5,12098600
2024-02-12,16.389999389648438,17.09000015258789,12.819999694824219,12.819999694824219,8032400
2024-02-13,11.289999961853027,14.420000076293945,10.510000228881836,13.680000305175781,7106600
2024-02-14,14.520000457763672,14.789999961853027,12.869999885559082,13.130000114440918,3549200
2024-02-15,26.290000915527344,38.029998779296875,18.389999389648438,18.579999923706055,17031600
2024-02-16,29.1200008392334,31.860000610351562,25.59000015258789,26.3700008392334,3981500
2024-02-20,24.329999923706055,29.149999618530273,23.90999984741211,29.1200008392334,1304300
2024-02-21,19.920000076293945,24.09000015258789,19.600000381469727,23.860000610351562,1274200
2024-02-22,19.520000457763672,20.40999984741211,19.149999618530273,20.040000915527344,868200
2024-02-23,20.3799991607666,20.600000381469727,18.5,19.079999923706055,492300
2024-02-26,20.309999465942383,21.100000381469727,19.700000762939453,20.489999771118164,628600
2024-02-27,20.049999237060547,20.84000015258789,19.709999084472656,20.170000076293945,515700
2024-02-28,19.200000762939453,21.06999969482422,19.18000030517578,20.0,458800
2024-02-29,19.239999771118164,25.5,19.200000762939453,24.760000228881836,1518400
2024-03-01,18.8700008392334,19.68000030517578,18.5,19.049999237060547,747800
2024-03-04,18.299999237060547,18.90999984741211,18.020000457763672,18.389999389648438,496300
2024-03-05,17.799999237060547,18.3700008392334,17.09000015258789,17.709999084472656,540400
2024-03-06,16.43000030517578,18.110000610351562,16.389999389648438,18.0,534800
2024-03-07,16.170000076293945,16.940000534057617,16.079999923706055,16.229999542236328,358200
2024-03-08,15.510000228881836,16.56999969482422,15.5,16.360000610351562,334100
2024-03-11,16.1299991607666,17.34000015258789,15.720000267028809,15.989999771118164,727500
2024-03-12,14.989999771118164,16.170000076293945,14.770000457763672,15.729999542236328,572000
2024-03-13,14.800000190734863,15.399999618530273,14.579999923706055,14.850000381469727,434900
2024-03-14,13.119999885559082,14.670000076293945,13.109999656677246,14.489999771118164,636800
2024-03-15,13.010000228881836,13.510000228881836,12.4399995803833,13.149999618530273,630800
2024-03-18,13.149999618530273,13.6899995803833,12.789999961853027,13.029999732971191,593100
2024-03-19,13.260000228881836,13.460000038146973,12.6899995803833,13.199999809265137,456400
2024-03-20,13.729999542236328,13.829999923706055,12.720000267028809,13.289999961853027,315200
2024-03-21,13.1899995803833,13.829999923706055,12.770000457763672,13.779999732971191,512900
2024-03-22,12.680000305175781,13.40999984741211,12.680000305175781,13.239999771118164,319000
2024-03-25,12.199999809265137,13.010000228881836,12.149999618530273,12.670000076293945,300400
2024-03-26,11.5,12.539999961853027,11.140000343322754,12.25,581900
2024-03-27,12.399999618530273,12.699999809265137,11.430000305175781,11.670000076293945,578400
2024-03-28,11.539999961853027,12.609999656677246,11.3100004196167,12.260000228881836,696700
2024-04-01,10.819999694824219,12.380000114440918,10.800000190734863,11.579999923706055,880700
2024-04-02,10.289999961853027,11.0,10.149999618530273,10.699999809265137,517000
2024-04-03,10.229999542236328,10.510000228881836,10.0600004196167,10.149999618530273,430900
2024-04-04,9.079999923706055,10.350000381469727,9.039999961853027,10.25,1098500
2024-04-05,8.460000038146973,9.020000457763672,8.359999656677246,8.979999542236328,935900
2024-04-08,8.470000267028809,9.229999542236328,8.119999885559082,8.5,1392100
2024-04-09,8.460000038146973,9.140000343322754,8.399999618530273,8.579999923706055,733700
2024-04-10,8.84000015258789,9.039999961853027,8.149999618530273,8.25,951600
2024-04-11,7.900000095367432,9.239999771118164,7.78000020980835,8.800000190734863,1016300
2024-04-12,7.760000228881836,8.069999694824219,7.619999885559082,7.840000152587891,646000
2024-04-15,7.210000038146973,8.109999656677246,7.019999980926514,7.659999847412109,774500
2024-04-16,7.110000133514404,7.340000152587891,6.980000019073486,7.090000152587891,495800
2024-04-17,8.279999732971191,11.399999618530273,8.010000228881836,9.369999885559082,14075200
2024-04-18,8.380000114440918,9.100000381469727,8.180000305175781,8.210000038146973,1869300
2024-04-19,8.25,8.869999885559082,8.0600004196167,8.069999694824219,1443700
2024-04-22,7.539999961853027,8.270000457763672,7.380000114440918,8.100000381469727,770500
2024-04-23,7.159999847412109,7.550000190734863,7.110000133514404,7.400000095367432,671900
2024-04-24,7.170000076293945,7.389999866485596,6.800000190734863,7.320000171661377,947500
2024-04-25,6.849999904632568,6.96999979019165,6.679999828338623,6.920000076293945,588800
2024-04-26,7.090000152587891,7.300000190734863,6.769999980926514,6.849999904632568,317400
2024-04-29,7.570000171661377,8.039999961853027,7.070000171661377,7.150000095367432,620300
2024-04-30,6.960000038146973,7.610000133514404,6.840000152587891,7.570000171661377,491400
2024-05-01,6.71999979019165,6.980000019073486,6.579999923706055,6.949999809265137,786500
2024-05-02,7.71999979019165,7.880000114440918,6.739999771118164,6.739999771118164,863700
2024-05-03,7.78000020980835,8.3100004196167,7.53000020980835,8.010000228881836,488700
2024-05-06,8.029999732971191,8.34000015258789,7.0,8.34000015258789,966100
2024-05-07,9.350000381469727,9.449999809265137,7.929999828338623,7.989999771118164,1331700
2024-05-08,9.880000114440918,10.359999656677246,9.0,9.149999618530273,1372700
2024-05-09,11.300000190734863,11.430000305175781,9.619999885559082,9.779999732971191,1082700
2024-05-10,10.989999771118164,11.420000076293945,10.180000305175781,11.300000190734863,822300
2024-05-13,11.470000267028809,13.460000038146973,11.149999618530273,11.149999618530273,1203200
2024-05-14,11.520000457763672,13.470000267028809,11.319999694824219,13.470000267028809,1365700
2024-05-15,11.0,11.850000381469727,10.670000076293945,11.609999656677246,1111300
2024-05-16,12.4399995803833,12.5600004196167,10.65999984741211,11.039999961853027,1203000
2024-05-17,12.180000305175781,14.020000457763672,11.90999984741211,12.34000015258789,1846900
2024-05-20,13.819999694824219,15.300000190734863,12.029999732971191,12.119999885559082,2110400
2024-05-21,11.119999885559082,13.890000343322754,10.600000381469727,13.489999771118164,2011300
2024-05-22,11.5,12.25,10.710000038146973,11.449999809265137,1054900
2024-05-23,11.6899995803833,12.15999984741211,11.039999961853027,11.550000190734863,771700
2024-05-24,13.34000015258789,14.050000190734863,11.239999771118164,12.25,1439900
2024-05-28,13.350000381469727,14.100000381469727,12.529999732971191,13.319999694824219,1348900
2024-05-29,12.90999984741211,14.609999656677246,12.890000343322754,13.229999542236328,1132100
2024-05-30,12.350000381469727,13.449999809265137,12.279999732971191,12.90999984741211,531600
2024-05-31,12.25,12.739999771118164,12.069999694824219,12.470000267028809,560500
2024-06-03,13.0,14.15999984741211,12.600000381469727,12.600000381469727,1143000
2024-06-04,11.670000076293945,13.020000457763672,11.130000114440918,12.859999656677246,948900
2024-06-05,11.399999618530273,12.600000381469727,10.770000457763672,12.15999984741211,1023600
2024-06-06,11.079999923706055,11.399999618530273,9.550000190734863,11.34000015258789,1386100
2024-06-07,10.140000343322754,11.489999771118164,10.020000457763672,10.75,667200
2024-06-10,9.829999923706055,10.1899995803833,9.640000343322754,10.069999694824219,617900
2024-06-11,9.75,10.050000190734863,9.170000076293945,9.489999771118164,549500
2024-06-12,9.510000228881836,10.40999984741211,9.479999542236328,10.0600004196167,633600
2024-06-13,8.800000190734863,9.770000457763672,8.550000190734863,9.5,1017000
2024-06-14,8.270000457763672,8.9399995803833,8.180000305175781,8.800000190734863,640100
2024-06-17,7.46999979019165,8.15999984741211,7.389999866485596,8.020000457763672,874400
2024-06-18,7.099999904632568,7.519999980926514,6.900000095367432,7.519999980926514,1096800
2024-06-20,6.840000152587891,7.230000019073486,6.710000038146973,7.099999904632568,929100
2024-06-21,7.960000038146973,8.699999809265137,6.829999923706055,6.980000019073486,2875500
2024-06-24,8.619999885559082,9.010000228881836,7.949999809265137,8.0,1458300
2024-06-25,8.770000457763672,8.850000381469727,8.199999809265137,8.829999923706055,805600
2024-06-26,8.350000381469727,9.210000038146973,8.260000228881836,8.5600004196167,623700
2024-06-27,8.350000381469727,8.489999771118164,7.869999885559082,8.279999732971191,506600
2024-06-28,8.140000343322754,8.739999771118164,8.050000190734863,8.390000343322754,2036100
2024-07-01,7.599999904632568,8.350000381469727,7.559999942779541,8.149999618530273,723400
2024-07-02,7.710000038146973,7.949999809265137,7.550000190734863,7.550000190734863,461700
2024-07-03,7.71999979019165,8.109999656677246,7.599999904632568,7.809999942779541,300100
2024-07-05,7.71999979019165,8.260000228881836,7.639999866485596,7.710000038146973,625200
2024-07-08,8.069999694824219,8.640000343322754,7.710000038146973,7.809999942779541,481300
2024-07-09,8.989999771118164,9.050000190734863,7.809999942779541,8.279999732971191,520500
2024-07-10,8.539999961853027,9.0600004196167,8.380000114440918,8.819999694824219,444400
2024-07-11,9.579999923706055,9.829999923706055,8.65999984741211,8.65999984741211,845100
2024-07-12,9.239999771118164,10.180000305175781,9.15999984741211,9.6899995803833,531100
2024-07-15,8.34000015258789,9.369999885559082,8.300000190734863,9.279999732971191,559500
2024-07-16,8.630000114440918,8.75,8.229999542236328,8.479999542236328,550300
2024-07-17,8.050000190734863,8.979999542236328,7.980000019073486,8.640000343322754,514900
2024-07-18,7.659999847412109,8.270000457763672,7.579999923706055,8.020000457763672,773700
2024-07-19,7.590000152587891,7.809999942779541,7.53000020980835,7.659999847412109,432000
2024-07-22,7.789999961853027,7.940000057220459,7.400000095367432,7.679999828338623,410200
2024-07-23,7.639999866485596,8.170000076293945,7.559999942779541,7.789999961853027,522400
2024-07-24,7.130000114440918,7.800000190734863,7.010000228881836,7.539999961853027,794300
2024-07-25,7.710000038146973,8.010000228881836,7.079999923706055,7.079999923706055,579100
2024-07-26,7.869999885559082,8.0600004196167,7.670000076293945,7.789999961853027,313200
2024-07-29,8.399999618530273,8.529999732971191,7.78000020980835,7.78000020980835,547200
2024-07-30,8.039999961853027,8.800000190734863,8.029999732971191,8.40999984741211,223500
2024-07-31,7.820000171661377,8.270000457763672,7.769999980926514,8.020000457763672,322300
2024-08-01,7.78000020980835,8.119999885559082,7.389999866485596,7.840000152587891,350300
2024-08-02,7.320000171661377,7.570000171661377,7.190000057220459,7.389999866485596,300800
2024-08-05,7.309999942779541,7.340000152587891,6.820000171661377,6.949999809265137,287900
2024-08-06,7.059999942779541,7.369999885559082,6.929999828338623,7.329999923706055,411100
2024-08-07,7.28000020980835,7.739999771118164,7.019999980926514,7.179999828338623,426100
2024-08-08,7.400000095367432,7.46999979019165,7.170000076293945,7.420000076293945,183600
2024-08-09,7.21999979019165,7.630000114440918,7.210000038146973,7.449999809265137,199400
2024-08-12,6.96999979019165,7.309999942779541,6.760000228881836,7.199999809265137,301200
2024-08-13,6.320000171661377,7.159999847412109,6.010000228881836,6.96999979019165,864400
2024-08-14,6.139999866485596,6.679999828338623,6.010000228881836,6.329999923706055,589800
2024-08-15,6.570000171661377,6.78000020980835,6.199999809265137,6.409999847412109,398000
2024-08-16,6.429999828338623,6.840000152587891,6.389999866485596,6.610000133514404,225700
2024-08-19,6.510000228881836,6.880000114440918,6.380000114440918,6.429999828338623,446800
2024-08-20,6.150000095367432,6.75,6.130000114440918,6.590000152587891,315400
2024-08-21,6.360000133514404,6.360000133514404,6.050000190734863,6.110000133514404,224600
2024-08-22,6.21999979019165,6.440000057220459,6.099999904632568,6.429999828338623,173700
2024-08-23,6.380000114440918,6.71999979019165,6.260000228881836,6.260000228881836,323200
2024-08-26,6.159999847412109,6.480000019073486,6.0,6.480000019073486,368500
2024-08-27,6.03000020980835,6.110000133514404,5.889999866485596,6.070000171661377,291500
2024-08-28,5.78000020980835,6.059999942779541,5.619999885559082,5.949999809265137,376500
2024-08-29,5.829999923706055,6.099999904632568,5.539999961853027,5.880000114440918,413800
2024-08-30,5.699999809265137,5.949999809265137,5.579999923706055,5.909999847412109,225500
2024-09-03,5.440000057220459,5.710000038146973,5.360000133514404,5.619999885559082,302800
2024-09-04,5.559999942779541,5.71999979019165,5.369999885559082,5.460000038146973,248200
2024-09-05,5.230000019073486,5.610000133514404,5.090000152587891,5.489999771118164,379400
2024-09-06,5.079999923706055,5.380000114440918,5.0,5.25,376900
2024-09-09,4.860000133514404,5.110000133514404,4.769999980926514,5.099999904632568,426800
2024-09-10,4.900000095367432,4.929999828338623,4.769999980926514,4.840000152587891,265200
2024-09-11,9.100000381469727,10.199999809265137,6.599999904632568,6.809999942779541,73381300
2024-09-12,11.34000015258789,12.369999885559082,9.229999542236328,9.25,14896700
2024-09-13,14.520000457763672,15.430000305175781,11.510000228881836,11.630000114440918,10909200
2024-09-16,12.210000038146973,13.800000190734863,11.680000305175781,13.729999542236328,3455200
2024-09-17,17.399999618530273,17.5,12.15999984741211,12.449999809265137,8845500
2024-09-18,15.140000343322754,16.540000915527344,14.609999656677246,16.260000228881836,2647000
2024-09-19,17.15999984741211,17.450000762939453,14.149999618530273,16.3700008392334,3531000
2024-09-20,15.170000076293945,17.950000762939453,14.720000267028809,17.34000015258789,2420800
2024-09-23,17.579999923706055,17.75,15.0,15.65999984741211,2541900
2024-09-24,17.350000381469727,19.739999771118164,17.18000030517578,17.75,3362000
2024-09-25,16.65999984741211,18.25,16.06999969482422,17.3799991607666,1463600
2024-09-26,16.3799991607666,17.940000534057617,16.25,17.170000076293945,976700
2024-09-27,17.020000457763672,17.309999465942383,16.469999313354492,16.549999237060547,782100
2024-09-30,15.479999542236328,17.0,14.430000305175781,16.84000015258789,1763100
2024-10-01,14.140000343322754,15.65999984741211,13.609999656677246,15.65999984741211,1065900
2024-10-02,15.029999732971191,15.300000190734863,13.779999732971191,14.029999732971191,751800
2024-10-03,14.239999771118164,14.800000190734863,13.699999809265137,14.449999809265137,623400
2024-10-04,15.010000228881836,15.6899995803833,14.6899995803833,14.779999732971191,897500
2024-10-07,13.539999961853027,14.9399995803833,13.199999809265137,14.770000457763672,752800
2024-10-08,13.029999732971191,13.640000343322754,13.0,13.470000267028809,387600
2024-10-09,12.800000190734863,13.140000343322754,12.430000305175781,12.800000190734863,425900
2024-10-10,12.859999656677246,13.279999732971191,12.430000305175781,12.609999656677246,411300
2024-10-11,13.720000267028809,13.880000114440918,12.539999961853027,12.710000038146973,659300
2024-10-14,14.0600004196167,14.579999923706055,13.40999984741211,13.40999984741211,519200
2024-10-15,14.039999961853027,14.800000190734863,13.899999618530273,14.029999732971191,457700
2024-10-16,10.960000038146973,13.930000305175781,10.4399995803833,13.699999809265137,2261400
2024-10-17,10.890000343322754,11.220000267028809,10.600000381469727,11.029999732971191,1111700
2024-10-18,11.760000228881836,11.880000114440918,10.760000228881836,11.050000190734863,783800
2024-10-21,11.140000343322754,12.329999923706055,10.890000343322754,11.949999809265137,514000
2024-10-22,11.100000381469727,11.210000038146973,10.710000038146973,11.140000343322754,384500
2024-10-23,11.130000114440918,11.520000457763672,11.0,11.100000381469727,239700
2024-10-24,11.149999618530273,11.75,10.819999694824219,11.130000114440918,371100
2024-10-25,11.520000457763672,11.649999618530273,11.119999885559082,11.300000190734863,189100
2024-10-28,12.829999923706055,13.199999809265137,11.539999961853027,11.699999809265137,455900
2024-10-29,13.149999618530273,13.279999732971191,12.289999961853027,12.829999923706055,217000
2024-10-30,14.369999885559082,15.300000190734863,13.520000457763672,14.119999885559082,778800
2024-10-31,13.90999984741211,14.229999542236328,13.489999771118164,13.989999771118164,272900
2024-11-01,14.069999694824219,14.5,13.680000305175781,14.109999656677246,330300
2024-11-04,14.649999618530273,15.350000381469727,14.0,14.0,498000
2024-11-05,13.720000267028809,14.75,13.510000228881836,14.3100004196167,257700
2024-11-06,13.350000381469727,14.199999809265137,12.930000305175781,13.9399995803833,396700
2024-11-07,13.850000381469727,13.989999771118164,13.170000076293945,13.520000457763672,244200
2024-11-08,15.0,15.079999923706055,13.770000457763672,13.970000267028809,399900
2024-11-11,15.869999885559082,16.06999969482422,14.699999809265137,15.1899995803833,362100
2024-11-12,14.670000076293945,15.84000015258789,14.279999732971191,15.619999885559082,310100
2024-11-13,14.199999809265137,15.1899995803833,14.039999961853027,14.350000381469727,270500
2024-11-14,14.020000457763672,14.789999961853027,13.989999771118164,14.390000343322754,149100
2024-11-15,14.039999961853027,14.369999885559082,13.520000457763672,13.880000114440918,135200
2024-11-18,15.010000228881836,16.190000534057617,13.770000457763672,14.029999732971191,398900
2024-11-19,15.279999732971191,15.289999961853027,14.350000381469727,14.90999984741211,181600
2024-11-20,14.779999732971191,15.529999732971191,14.5,15.5,248200
2024-11-21,16.299999237060547,16.799999237060547,14.510000228881836,14.609999656677246,523600
2024-11-22,16.100000381469727,16.8700008392334,16.059999465942383,16.440000534057617,219700
2024-11-25,16.030000686645508,17.190000534057617,15.829999923706055,16.299999237060547,295600
2024-11-26,15.4399995803833,16.040000915527344,15.100000381469727,15.850000381469727,159800
2024-11-27,16.149999618530273,16.299999237060547,15.100000381469727,15.210000038146973,196900
2024-11-29,15.920000076293945,16.489999771118164,15.399999618530273,16.290000915527344,101200
2024-12-02,16.149999618530273,16.780000686645508,15.640000343322754,16.0,205600
2024-12-03,12.25,13.600000381469727,12.010000228881836,13.529999732971191,1391600
2024-12-04,11.65999984741211,12.430000305175781,11.460000038146973,11.880000114440918,561000
2024-12-05,12.010000228881836,12.25,11.260000228881836,11.65999984741211,388300
2024-12-06,11.8100004196167,12.760000228881836,11.789999961853027,12.229999542236328,480300
2024-12-09,13.420000076293945,13.779999732971191,11.859999656677246,11.979999542236328,675800
2024-12-10,14.140000343322754,14.279999732971191,12.75,13.329999923706055,446700
2024-12-11,14.539999961853027,15.199999809265137,13.1899995803833,13.960000038146973,663000
2024-12-12,12.619999885559082,14.5600004196167,12.539999961853027,14.359999656677246,440400
2024-12-13,10.829999923706055,12.880000114440918,10.510000228881836,12.760000228881836,1154100
2024-12-16,10.90999984741211,11.800000190734863,10.729999542236328,10.729999542236328,679600
2024-12-17,11.25,12.619999885559082,11.010000228881836,11.979999542236328,807400
2024-12-18,10.770000457763672,11.9399995803833,10.350000381469727,11.40999984741211,578500
2024-12-19,10.449999809265137,11.25,10.100000381469727,11.0,473700
2024-12-20,10.260000228881836,10.720000267028809,10.130000114440918,10.130000114440918,296900
2024-12-23,10.100000381469727,10.40999984741211,9.899999618530273,10.40999984741211,388500
2024-12-24,9.899999618530273,10.0600004196167,9.729999542236328,9.989999771118164,459900
2024-12-26,10.489999771118164,10.6899995803833,9.8100004196167,9.880000114440918,495200
2024-12-27,10.949999809265137,11.079999923706055,10.4399995803833,10.4399995803833,441300
2024-12-30,10.479999542236328,10.899999618530273,10.170000076293945,10.520000457763672,323000
2024-12-31,10.460000038146973,10.800000190734863,10.300000190734863,10.619999885559082,584600
2025-01-02,10.449999809265137,11.199999809265137,10.149999618530273,10.829999923706055,340000
2025-01-03,10.979999542236328,11.34000015258789,10.430000305175781,10.59000015258789,452400
2025-01-06,10.6899995803833,11.109999656677246,10.569999694824219,10.779999732971191,289000
2025-01-07,10.770000457763672,11.140000343322754,10.670000076293945,10.90999984741211,273700
2025-01-08,10.640000343322754,10.760000228881836,10.25,10.710000038146973,123100
2025-01-10,10.380000114440918,10.789999961853027,10.119999885559082,10.5,323700
2025-01-13,10.40999984741211,10.460000038146973,9.579999923706055,10.149999618530273,321400
2025-01-14,10.260000228881836,10.5600004196167,9.960000038146973,10.539999961853027,213600
2025-01-15,10.529999732971191,10.609999656677246,10.050000190734863,10.520000457763672,205100
2025-01-16,10.600000381469727,10.989999771118164,10.479999542236328,10.510000228881836,196600
2025-01-17,10.350000381469727,10.880000114440918,10.300000190734863,10.649999618530273,138600
2025-01-21,10.130000114440918,10.59000015258789,10.020000457763672,10.460000038146973,198300
2025-01-22,10.170000076293945,10.5,9.970000267028809,10.050000190734863,223600
2025-01-23,10.0600004196167,10.260000228881836,9.979999542236328,10.239999771118164,185300
2025-01-24,10.380000114440918,10.380000114440918,10.0,10.210000038146973,276900
2025-01-27,10.130000114440918,10.390000343322754,9.989999771118164,10.300000190734863,214528
