Price,Close,High,Low,Open,Volume
Ticker,PRPH,PRPH,PRPH,PRPH,PRPH
Date,,,,,
2020-01-28,1.7371994256973267,1.7371994256973267,1.7371994256973267,1.7371994256973267,0
2020-01-29,1.6670095920562744,1.8512579518420538,1.6670095920562744,1.7635206874636205,1500
2020-01-30,1.7196521759033203,1.7196521759033203,1.7196521759033203,1.7196521759033203,400
2020-01-31,1.7371994256973267,1.7371994256973267,1.5968197047636121,1.5968197047636121,1900
2020-02-03,1.7021045684814453,1.7284257472704818,1.6055934749972436,1.6055934749972436,6800
2020-02-04,1.7021045684814453,1.7021045684814453,1.7021045684814453,1.7021045684814453,0
2020-02-05,1.7021045684814453,1.7021045684814453,1.7021045684814453,1.7021045684814453,0
2020-02-06,1.6143673658370972,1.6143673658370972,1.6143673658370972,1.6143673658370972,300
2020-02-07,1.6319146156311035,1.6319146156311035,1.6319146156311035,1.6319146156311035,200
2020-02-10,1.5792722702026367,1.6231410082916986,1.5792722702026367,1.6231410082916986,900
2020-02-11,1.5792722702026367,1.6319147349912966,1.5792722702026367,1.5880459969022345,1000
2020-02-12,1.5617247819900513,1.5617247819900513,1.5354036024779996,1.5441773289820167,2900
2020-02-13,1.5704985857009888,1.5704985857009888,1.5704985857009888,1.5704985857009888,500
2020-02-14,1.5792722702026367,1.5792722702026367,1.5792722702026367,1.5792722702026367,400
2020-02-18,1.5617247819900513,1.5617247819900513,1.5354036024779996,1.5354036024779996,2200
2020-02-19,1.5704985857009888,1.5704985857009888,1.5354036779596272,1.552951131830308,1500
2020-02-20,1.5354036092758179,1.5704985154472653,1.5354036092758179,1.5704985154472653,6000
2020-02-21,1.5266298055648804,1.535403531664248,1.5266298055648804,1.5266298055648804,2000
2020-02-24,1.5266298055648804,1.535403531664248,1.5266298055648804,1.535403531664248,2500
2020-02-25,1.5354036092758179,1.5354036092758179,1.5354036092758179,1.5354036092758179,100
2020-02-26,1.5266298055648804,1.7196519889330988,1.5266298055648804,1.7196519889330988,2200
2020-02-27,1.6231410503387451,1.6231410503387451,1.5266299495520008,1.5354036764788797,1700
2020-02-28,1.7021045684814453,1.7021045684814453,1.5266298340390665,1.5266298340390665,4000
2020-03-02,1.7021045684814453,1.7196520210074697,1.5354035603020788,1.7108782947444574,3200
2020-03-03,1.6933307647705078,1.842484218223629,1.6845570383668578,1.842484218223629,4400
2020-03-04,1.6933307647705078,1.7547469541871277,1.6845570383668578,1.6845570383668578,2400
2020-03-05,1.7635207176208496,1.8249368037360039,1.684557073738866,1.684557073738866,8800
2020-03-06,1.6845570802688599,1.8424842640539425,1.6845570802688599,1.8424842640539425,7900
2020-03-09,1.7635207176208496,1.781068170796608,1.7547469910329705,1.781068170796608,4100
2020-03-10,1.807389259338379,1.807389259338379,1.772294354758159,1.772294354758159,2200
2020-03-11,1.781068205833435,1.8424842931567544,1.7547470255520123,1.7547470255520123,800
2020-03-12,1.5617247819900513,1.8424842393007432,1.5617247819900513,1.8424842393007432,1600
2020-03-13,1.7021045684814453,1.7021045684814453,1.7021045684814453,1.7021045684814453,2400
2020-03-16,1.8424842357635498,1.8424842357635498,1.6319146954803163,1.6319146954803163,1600
2020-03-17,1.7371994256973267,1.754746877740158,1.7108782476330797,1.7108782476330797,3600
2020-03-18,1.7021045684814453,1.7371994735334941,1.5266298340390665,1.7371994735334941,4400
2020-03-19,1.7021045684814453,1.7021045684814453,1.7021045684814453,1.7021045684814453,0
2020-03-20,1.7547470331192017,1.7547470331192017,1.702104672329341,1.7547470331192017,800
2020-03-23,1.5354036092758179,1.6845570650955404,1.5354036092758179,1.6845570650955404,4400
2020-03-24,1.640688419342041,1.640688419342041,1.5354035970733673,1.5354035970733673,400
2020-03-25,1.7108783721923828,1.7108783721923828,1.4739874385942886,1.544177356466806,12100
2020-03-26,1.5354036092758179,1.6231409792955072,1.5354036092758179,1.5529510623615417,4000
2020-03-27,1.5617247819900513,1.5617247819900513,1.5617247819900513,1.5617247819900513,600
2020-03-30,1.6670095920562744,1.728425781712247,1.6670095920562744,1.6845570449319611,2500
2020-03-31,1.6582359075546265,1.710878372104065,1.6143672742559878,1.6143672742559878,1200
2020-04-01,1.6670095920562744,1.6670095920562744,1.5968197805535276,1.631914686304901,2100
2020-04-02,1.5792722702026367,1.667009641789688,1.5792722702026367,1.596819828192905,1900
2020-04-03,1.6494622230529785,1.6494622230529785,1.5792723033901228,1.5792723033901228,2800
2020-04-06,1.6670095920562744,1.728425781712247,1.6494621391805877,1.6494621391805877,1000
2020-04-07,1.6670095920562744,1.728425781712247,1.6670095920562744,1.7108783288365603,700
2020-04-08,1.6670095920562744,1.728425781712247,1.6670095920562744,1.728425781712247,2300
2020-04-09,1.5792722702026367,1.6933308218884817,1.5792722702026367,1.6933308218884817,3400
2020-04-13,1.6845570802688599,1.7196520913474893,1.6670096270250807,1.6933308068907493,600
2020-04-14,1.5880459547042847,1.7021046079504074,1.5792722282378244,1.5792722282378244,1300
2020-04-15,1.7459733486175537,2.2723973876332155,1.5090825101422904,1.6933308819613417,172600
2020-04-16,1.5880459547042847,1.7986155990814705,1.5880459547042847,1.7986155990814705,27900
2020-04-17,1.5792722702026367,1.667009641789688,1.5792722702026367,1.5792722702026367,11500
2020-04-20,1.5441774129867554,1.5880460478933376,1.535403686005439,1.5880460478933376,13500
2020-04-21,1.5354036092758179,1.649462158924093,1.5354036092758179,1.5354036092758179,4200
2020-04-22,1.5003087520599365,1.561724839863997,1.5003087520599365,1.5354036593765426,1400
2020-04-23,1.5354036092758179,1.5792722419901273,1.5003087031043703,1.5704985154472653,2200
2020-04-24,1.491534948348999,1.5704984857411541,1.491534948348999,1.5003086747259051,5300
2020-04-27,1.5003087520599365,1.5003087520599365,1.491535025230785,1.491535025230785,1000
2020-04-28,1.5090824365615845,1.5266298897277077,1.500308709978523,1.500308709978523,1600
2020-04-29,1.491534948348999,1.5178561274797173,1.491534948348999,1.5178561274797173,800
2020-04-30,1.4652137756347656,1.5003087883923276,1.43011886746828,1.4915350613507061,11200
2020-05-01,1.4476662874221802,1.4827612993523624,1.4476662874221802,1.4827612993523624,1600
2020-05-04,1.473987340927124,1.500308623754676,1.430118710532979,1.500308623754676,1500
2020-05-05,1.491534948348999,1.5178561274797173,1.491534948348999,1.5178561274797173,2600
2020-05-06,1.4564399719238281,1.5003087094136915,1.4037976124452773,1.4037976124452773,6000
2020-05-07,1.491534948348999,1.491534948348999,1.4301187591195876,1.4301187591195876,3000
2020-05-08,1.517856240272522,1.517856240272522,1.4476663194503496,1.4476663194503496,2100
2020-05-11,1.4388924837112427,1.517856125596495,1.4388924837112427,1.517856125596495,5700
2020-05-12,1.5090824365615845,1.5090824365615845,1.4213450661398979,1.4213450661398979,1400
2020-05-13,1.4301187992095947,1.4652137057010222,1.4301187992095947,1.4652137057010222,800
2020-05-14,1.4301187992095947,1.5178561700292348,1.4213450725867378,1.5178561700292348,2600
2020-05-15,1.4037976264953613,1.4739874398359327,1.4037976264953613,1.4739874398359327,1000
2020-05-18,1.4037976264953613,1.4037976264953613,1.4037976264953613,1.4037976264953613,200
2020-05-19,1.4564399719238281,1.4564399719238281,1.4564399719238281,1.4564399719238281,300
2020-05-20,1.491534948348999,1.491534948348999,1.3950238536119632,1.3950238536119632,2800
2020-05-21,1.4388924837112427,1.517856125596495,1.4388924837112427,1.5003086728644541,2400
2020-05-22,1.4213449954986572,1.4213449954986572,1.4213449954986572,1.4213449954986572,1900
2020-05-26,1.4213449954986572,1.4213449954986572,1.4213449954986572,1.4213449954986572,0
2020-05-27,1.5003087520599365,1.5178562057182394,1.2897390989781534,1.491535025230785,7100
2020-05-28,1.5003087520599365,1.509082478889088,1.5003087520599365,1.5003087520599365,4100
2020-05-29,1.3950239419937134,1.473987484388604,1.3950239419937134,1.473987484388604,1500
2020-06-01,1.3950239419937134,1.4301188497247759,1.3950239419937134,1.4301188497247759,1400
2020-06-02,1.3336076736450195,1.4037975897388355,1.3160602207693328,1.4037975897388355,5200
2020-06-03,1.3687025308609009,1.3862500877054038,1.3160601741005888,1.3160601741005888,9400
2020-06-04,1.3248339891433716,1.3687026227212027,1.2020017105343717,1.3160602624278053,8200
2020-06-05,1.2458703517913818,1.3687026311574837,1.2458703517913818,1.3687026311574837,8900
2020-06-08,1.2634179592132568,1.4037976975954818,1.2370966732863393,1.3160603218849372,28700
2020-06-09,1.2634179592132568,1.351155230332724,1.2458704003982861,1.2458704003982861,30400
2020-06-10,1.3599289655685425,1.377476524488338,1.2809654210893138,1.2809654210893138,12400
2020-06-11,1.3862501382827759,1.4301187705169174,1.3160602221170798,1.3599288543512216,24500
2020-06-12,1.316060185432434,1.3950238258438787,1.316060185432434,1.3950238258438787,2800
2020-06-15,1.3423813581466675,1.3774763673927368,1.26341782267291,1.26341782267291,2500
2020-06-16,1.316060185432434,1.403797552046143,1.316060185432434,1.3423813640392268,3600
2020-06-17,1.4388924837112427,1.4388924837112427,1.3248339363619084,1.3248339363619084,1000
2020-06-18,1.4301187992095947,2.175886294289927,1.3599288816356685,1.3599288816356685,179200
2020-06-19,1.3774763345718384,1.4476661422094441,1.3511550521166726,1.4037975124359405,17100
2020-06-22,1.4037976264953613,1.438892533165647,1.3687026152340038,1.3687026152340038,4900
2020-06-23,1.3774763345718384,1.3950237864812398,1.342381326161972,1.3950237864812398,2500
2020-06-24,1.351155161857605,1.3774764464505875,1.3160602551883909,1.3160602551883909,8400
2020-06-25,1.351155161857605,1.3599288885249086,1.3160602551883909,1.3423814351903014,4400
2020-06-26,1.0528483390808105,1.3248340989985559,1.0528483390808105,1.3160603715554726,31900
2020-06-29,1.2458703517913818,1.333607724078904,1.228322898252092,1.2721916366913897,45300
2020-06-30,1.2634179592132568,1.3072865947729906,1.219549219062446,1.2283229461743925,15800
2020-07-01,1.2370965480804443,1.272191557567361,1.2370965480804443,1.272191557567361,2800
2020-07-02,1.2283228635787964,1.2985127803456966,1.2283228635787964,1.2634178742577817,4000
2020-07-06,1.2283228635787964,1.2458703166227538,1.2283228635787964,1.2283228635787964,6600
2020-07-07,1.2721915245056152,1.2721915245056152,1.2283227899347977,1.2458702419266992,1000
2020-07-08,1.2809653282165527,1.2809653282165527,1.228322864456015,1.228322864456015,4500
2020-07-09,1.2897391319274902,1.2985128589807866,1.2195492109100423,1.2458703920699314,6700
2020-07-10,1.3862501382827759,1.4037975911764324,1.2370965795045556,1.2370965795045556,14400
2020-07-13,1.4037976264953613,1.4037976264953613,1.3423814352312895,1.3687026152340038,3100
2020-07-14,1.4301187992095947,1.4301187992095947,1.324833975144241,1.324833975144241,3300
2020-07-15,1.3950239419937134,1.3950239419937134,1.3336077488732787,1.3599289296715755,1500
2020-07-16,1.3599289655685425,1.3599289655685425,1.3248340569111074,1.3248340569111074,1200
2020-07-17,1.3248339891433716,1.3248339891433716,1.3248339891433716,1.3248339891433716,2100
2020-07-20,1.4037976264953613,1.4037976264953613,1.3248339818961468,1.3248339818961468,6600
2020-07-21,1.4213449954986572,1.465213626233682,1.4037975432046472,1.4037975432046472,5800
2020-07-22,1.4564399719238281,1.4564399719238281,1.4388925187643113,1.4388925187643113,1600
2020-07-23,1.4476662874221802,1.4739874679265115,1.4037976532482948,1.4037976532482948,8900
2020-07-24,1.4564399719238281,1.4827612562541745,1.4476662453440696,1.4652136985035866,13200
2020-07-27,1.491534948348999,1.5266298538566236,1.4652136646272123,1.4652136646272123,6700
2020-07-28,1.473987340927124,1.473987340927124,1.473987340927124,1.473987340927124,300
2020-07-29,1.4652137756347656,1.473987502676387,1.43011886746828,1.4476663215515229,2900
2020-07-30,1.473987340927124,1.4915348976758471,1.456439888769466,1.456439888769466,1800
2020-07-31,1.5003087520599365,1.5968198517716767,1.4564400133231052,1.491535025230785,9000
2020-08-03,1.5529510974884033,1.5968198357860688,1.5354036440057661,1.5880460044536775,6900
2020-08-04,1.5968197584152222,1.6845570215772663,1.5968197584152222,1.5968197584152222,12200
2020-08-05,1.6319146156311035,1.6494620677468577,1.5968197113995952,1.6494620677468577,5200
2020-08-06,1.6494622230529785,1.6494622230529785,1.6406884961690058,1.6406884961690058,5700
2020-08-07,1.5704985857009888,1.6582359596454683,1.5441774048949675,1.6582359596454683,1000
2020-08-10,1.7021045684814453,1.7021045684814453,1.623140927523268,1.7021045684814453,2000
2020-08-11,2.289944648742676,3.9745019755538995,2.158338754666737,3.5445887606927635,11956200
2020-08-12,2.500514268875122,2.509287995078181,1.9740902783273488,2.114470106758417,552900
2020-08-13,2.4127771854400635,2.4127771854400635,2.167112624388024,2.17588635124052,104700
2020-08-14,2.3162662982940674,2.404003570918701,2.2022076346998856,2.351361207343921,25100
2020-08-17,2.1934337615966797,2.404003411077247,2.0530539255489204,2.272397301708588,117700
2020-08-18,2.404003381729126,2.412777108301117,2.2022074613911884,2.351361022297179,79700
2020-08-19,2.3952298164367676,2.5268359330603,2.3338137262974583,2.404003543599526,107800
2020-08-20,2.439098358154297,2.4478720849785796,2.342587363087184,2.342587363087184,36600
2020-08-21,2.5268359184265137,2.5268359184265137,2.368908621229318,2.4040035296771047,21800
2020-08-24,2.518061637878418,2.57947792844774,2.4127769269289394,2.4127769269289394,23700
2020-08-25,2.4654197692871094,2.570704710210911,2.4654197692871094,2.4654197692871094,14700
2020-08-26,2.404003381729126,2.4654194677330636,2.404003381729126,2.4654194677330636,24600
2020-08-27,2.4127771854400635,2.5268358437046614,2.4127771854400635,2.4127771854400635,21200
2020-08-28,2.4127771854400635,2.4917407271125285,2.3952297317350713,2.4127771854400635,11700
2020-08-31,2.4127771854400635,2.456645819702544,2.368908551177583,2.4127771854400635,18700
2020-09-01,2.368908643722534,2.3952298253082986,2.32504000774626,2.368908643722534,57900
2020-09-02,2.342587471008301,2.3513611982367824,2.3162662893228565,2.3162662893228565,10500
2020-09-03,2.289944648742676,2.500514288446312,2.272397196199217,2.3338134892834566,33800
2020-09-04,2.38645601272583,2.4127771933698248,2.307492470793846,2.342587378319172,8700
2020-09-08,2.38645601272583,2.4127771933698248,2.3338136514378407,2.3338136514378407,24200
2020-09-09,2.4478719234466553,2.4829668284279194,2.4127770184653907,2.4741931021826034,14900
2020-09-10,2.482966899871826,2.5005143528673615,2.4215508143874516,2.4390982673829873,7700
2020-09-11,2.8426899909973145,2.930427252467364,2.4917405267528534,2.5005142528998583,147400
2020-09-14,2.632120370864868,2.9304272709239854,2.588251739853547,2.9304272709239854,57400
2020-09-15,2.5970256328582764,2.746179197058777,2.5356095454977776,2.746179197058777,22700
2020-09-16,2.632120370864868,2.8339162826990787,2.6057991922580754,2.6057991922580754,14800
2020-09-17,2.632120370864868,2.7110839066852463,2.632120370864868,2.7110839066852463,5700
2020-09-18,3.3954355716705322,3.4129832352916467,2.6672155849073462,2.7374054026631742,225200
2020-09-21,3.1760919094085693,3.290150562654692,3.0269385594787446,3.140997003542728,64600
2020-09-22,2.947974681854248,3.140996864770617,2.860237421065958,3.123449412612959,15700
2020-09-23,2.9128799438476562,3.000617418827383,2.851463857789347,3.000617418827383,13600
2020-09-24,2.9216537475585938,2.9392012011813606,2.851463933067526,2.86023765987891,20400
2020-09-25,3.3603403568267822,3.4217566509532102,3.0093910908201313,3.29015054546188,119600
2020-09-28,3.3427929878234863,3.59723126958476,3.1673182458281497,3.456851643334206,94200
2020-09-29,3.202413320541382,3.509493958212083,3.1848658674848926,3.509493958212083,34800
2020-09-30,3.035712480545044,3.2726033195071462,3.035712480545044,3.176092113007236,22400
2020-10-01,3.4217567443847656,3.5796838242680176,3.246282001999008,3.2638294553193696,118900
2020-10-02,4.5184736251831055,4.562342049324826,3.316471817016344,3.316471817016344,687400
2020-10-05,6.045103073120117,6.229351534739482,4.2728086857430085,4.2728086857430085,843700
2020-10-06,5.202824592590332,6.571527172975877,4.8518755348229705,6.360957738315459,630100
2020-10-07,5.4748101234436035,5.623963676779952,5.360751892978392,5.623963676779952,109500
2020-10-08,5.501132011413574,5.913497386062091,5.132635062206989,5.913497386062091,77800
2020-10-09,5.158956527709961,5.922271408893208,5.097540229154733,5.413394821437709,64000
2020-10-12,4.176298141479492,5.299336008886817,3.895538465445514,5.299336008886817,191500
2020-10-13,4.562341690063477,4.73781662790546,4.211392651108021,4.211392651108021,67700
2020-10-14,4.378093719482422,5.001028960047973,4.307903903930974,4.6500798822907345,55400
2020-10-15,4.8167805671691895,4.8167805671691895,4.0622396187619305,4.079787072948976,84600
2020-10-16,6.1767096519470215,6.35218419157335,4.913291711544544,5.115087641296974,447500
2020-10-19,6.150388240814209,6.536432200413951,5.816986220977432,5.992460748068224,134000
2020-10-20,6.194256782531738,6.35218385995068,5.8959496623761245,6.238125624330252,42500
2020-10-21,6.983893394470215,7.141820899029926,6.194257126764569,6.2381259710010015,302600
2020-10-22,7.299746990203857,7.387484671745719,6.773322992774045,6.983892842764533,229900
2020-10-23,7.8349456787109375,9.809036067810045,6.2293518108176595,7.071630828666712,739000
2020-10-26,6.676812648773193,7.834945853491196,6.580301443788952,7.834945853491196,198900
2020-10-27,6.027556419372559,6.76455036352792,5.860855388272449,6.668039152182735,147400
2020-10-28,5.667832851409912,6.071424695444497,5.28178846066534,5.860854837600054,82100
2020-10-29,6.1591620445251465,6.308315608673426,5.501131909775176,5.623964084453169,74400
2020-10-30,6.352183818817139,6.352183818817139,5.790664906599402,6.159161836555012,79300
2020-11-02,7.317295551300049,7.562959911365983,6.404827091469384,6.404827091469384,238700
2020-11-03,7.738434791564941,7.747208728274738,6.904930048893416,7.369937817040071,128700
2020-11-04,8.361368179321289,9.212420602608104,7.677017168840086,7.729659940444088,440400
2020-11-05,8.457880973815918,8.896567730693182,7.3523901456703555,8.896567730693182,167000
2020-11-06,8.326274871826172,8.370143717109944,7.905135965250676,8.2824060265424,37000
2020-11-09,6.834739685058594,8.335048437228949,6.685586119769894,8.299953529909759,149600
2020-11-10,7.2909746170043945,7.545412914722338,6.843513902722576,6.861061357104355,95100
2020-11-11,7.326068878173828,7.475222436416544,7.1505935131387135,7.290973972512515,60100
2020-11-12,7.203236103057861,7.448900436311612,7.018987643935415,7.3436157220600045,37500
2020-11-13,7.48399543762207,7.5278642783083765,7.02776166997869,7.159367355309068,41300
2020-11-16,7.72088623046875,8.378916292666737,7.483995006447798,7.554184812810638,164200
2020-11-17,7.624375343322754,7.791076776813865,7.554185530293414,7.720886963784525,92300
2020-11-18,6.606622219085693,7.589279957844698,6.518884539971903,7.589279957844698,131600
2020-11-19,6.50133752822876,6.869834466703381,6.466242621551586,6.518884981567347,49100
2020-11-20,6.527658462524414,6.545205914640168,6.404826297714135,6.404826297714135,26900
2020-11-23,6.632943630218506,6.668038536857417,6.32586298794589,6.527658910301773,46700
2020-11-24,7.080403804779053,7.238331300915811,6.676812383804947,6.676812383804947,39200
2020-11-25,7.510317802429199,7.554185809648352,6.9400245045655655,7.0979520080860485,35700
2020-11-27,8.063061714172363,8.106930554436095,7.562959110660014,7.58050698145692,33100
2020-11-30,9.19487476348877,9.510729789399942,8.159574502803963,8.159574502803963,117800
2020-12-01,9.440539360046387,9.633560933719911,9.107137319071299,9.53705014688315,48100
2020-12-02,7.8349456787109375,9.431765192362404,7.773528964296864,9.431765192362404,84900
2020-12-03,8.54561710357666,8.826377173312347,7.861266054757423,7.861266054757423,45100
2020-12-04,8.229763984680176,8.756187611700962,8.177121203613787,8.378917554851553,29500
2020-12-07,8.054288864135742,8.993078225808462,7.562959344126129,8.993078225808462,53300
2020-12-08,7.966551303863525,8.071836023334535,7.40503196328957,7.975325239668252,31500
2020-12-09,8.589486122131348,9.273837185229215,8.335047852727747,8.966756976902682,42800
2020-12-10,8.843924522399902,8.843924522399902,8.422785657870643,8.60703412028433,17300
2020-12-11,8.85269832611084,8.949209105279627,8.642128896981562,8.843924390714987,29300
2020-12-14,8.887794494628906,9.16855377338619,8.80005680165293,9.01940019736422,27800
2020-12-15,9.870451927185059,10.370554557075957,8.896567638258421,8.92288860911358,190700
2020-12-16,9.431764602661133,10.098568626547836,8.940435101710792,9.870451328366302,88700
2020-12-17,9.19487476348877,9.826583978582462,9.08081693383046,9.43176603292215,28100
2020-12-18,9.335253715515137,10.300363998790258,8.949208932822273,9.247516036704436,150400
2020-12-21,9.168553352355957,9.66865684058787,9.028173719423705,9.379122801754333,35300
2020-12-22,9.835357666015625,9.852904702161243,9.107137676306852,9.133458648889597,81500
2020-12-23,9.782713890075684,10.081021004797167,9.563370521807363,9.817808795529473,33300
2020-12-24,9.27383804321289,9.993284914458181,9.27383804321289,9.861678381517995,16400
2020-12-28,9.624787330627441,9.914320512713163,9.344027247446927,9.651108300800175,26100
2020-12-29,8.554391860961914,9.730072517268127,8.466654173850353,9.730072517268127,52600
2020-12-30,8.703545570373535,9.379122760037273,8.492976121911742,8.51052315758592,17500
2020-12-31,8.054288864135742,8.633355230652693,7.8173976214359575,8.589486389034745,45700
2021-01-04,9.282611846923828,9.36157559821511,7.720887203450315,7.931456649074668,72600
2021-01-05,9.510727882385254,9.668655363674493,8.449106024589959,9.29138453025175,110400
2021-01-06,10.361781120300293,10.50216074259158,9.519502549824026,9.537049584246162,91600
2021-01-07,11.94105339050293,11.976148298082208,10.31791286905062,10.528482314526283,110000
2021-01-08,12.107754707336426,12.177944521789389,11.58133026221061,11.756804798343019,41300
2021-01-11,12.213038444519043,12.59908239289122,11.642746038878018,12.406060837069392,69400
2021-01-12,12.546441078186035,12.976353887602771,11.607650874623259,12.169170209617416,65400
2021-01-13,13.739668846130371,13.836180466425978,12.660499845115861,12.739463593820059,179300
2021-01-14,14.02920150756836,14.037975443035107,13.362397473209343,13.704573425855598,72700
2021-01-15,14.037976264953613,14.073072008875442,12.80087974048115,14.037976264953613,141600
2021-01-19,10.467065811157227,11.098774109907218,10.177532631714676,11.011037264556217,2454100
2021-01-20,10.379327774047852,10.62499210404756,9.721297691145095,10.598671135015437,728500
2021-01-21,9.677430152893066,10.309139351707229,9.65110918032166,10.309139351707229,439800
2021-01-22,10.712730407714844,10.739051378281571,9.694977287363322,9.730072193695147,652700
2021-01-25,10.537256240844727,10.870658280903395,10.081021606008045,10.510934432638198,500900
2021-01-26,9.923094749450684,10.747825479292999,9.844130999807875,10.747825479292999,355100
2021-01-27,8.826376914978027,9.563369880051212,8.59825962647208,9.563369880051212,394600
2021-01-28,8.563164710998535,9.379121416046814,8.19466781063022,8.782508064230699,257000
2021-01-29,8.879019737243652,9.089589176847397,8.58948654860636,8.668450297639907,187300
2021-02-01,9.887999534606934,10.089795033650232,9.168552711058195,9.38789608135494,283500
2021-02-02,9.449313163757324,10.002057742212434,9.396670384665672,9.993284642970982,155000
2021-02-03,9.58091926574707,9.870452471300254,9.37912291345716,9.519503384789918,139300
2021-02-04,9.458086013793945,9.809035912791305,9.379122265601326,9.642334480667204,58100
2021-02-05,9.300159454345703,9.519502829809248,9.089589177986984,9.449313016599199,79100
2021-02-08,9.501955032348633,9.607239752985933,9.238742812391092,9.308932626149291,114600
2021-02-09,9.554597854614258,9.817809239043841,9.089589290434347,9.616013732750682,311800
2021-02-10,9.817809104919434,10.089795258303848,9.273837634879175,9.651108507942812,251000
2021-02-11,9.133458137512207,9.826583179393413,9.098363230457283,9.809036144230245,120900
2021-02-12,9.168553352355957,9.379122801754333,8.95798390295758,9.124684507882474,70200
2021-02-16,8.835150718688965,9.25629042622994,8.46665378836382,9.18610061442787,175500
2021-02-17,8.870244979858398,8.887792849897732,8.536842979667533,8.82637697821706,155100
2021-02-18,8.85269832611084,8.975530074738652,8.203442167931302,8.835150455319134,235300
2021-02-19,8.33504867553711,9.133458467422507,8.317500803011507,8.896568045427173,163500
2021-02-22,7.826171875,8.598260673960604,7.817397938974306,8.554391830560728,270100
2021-02-23,6.650491237640381,7.808624020288793,6.369731978023456,7.808624020288793,376400
2021-02-24,7.176915645599365,7.405032124384905,6.694360043312887,6.86983457958199,149500
2021-02-25,6.773323059082031,7.457674555295292,6.66803834223823,7.448900619709505,141300
2021-02-26,6.7206807136535645,7.018987830318677,6.518884796797332,6.83473936630367,109800
2021-03-01,6.913703441619873,6.98389325631826,6.755775940184206,6.755775940184206,72200
2021-03-02,6.8698344230651855,7.045308955336418,6.615396142089756,6.940024235973679,122900
2021-03-03,6.1416144371032715,6.81719200845006,6.1416144371032715,6.81719200845006,164900
2021-03-04,5.746796607971191,6.141614516698982,5.659058923041204,6.141614516698982,127500
2021-03-05,5.931045055389404,6.001234868386913,5.158956275688248,5.790665011030104,127900
2021-03-08,5.623963832855225,6.1942566744650005,5.562547957445922,5.939818400546901,88300
2021-03-09,5.966139793395996,6.255672973016035,5.702927583724539,5.738022489232163,104800
2021-03-10,5.895949363708496,6.290767664802193,5.878401911550838,6.290767664802193,102500
2021-03-11,6.448695659637451,6.4837905689890425,5.9836879015467135,6.141614993628872,94300
2021-03-12,6.325862884521484,6.439921538415293,6.150388354195842,6.439921538415293,68900
2021-03-15,6.053877353668213,6.431147815535038,6.053877353668213,6.431147815535038,93100
2021-03-16,6.1591620445251465,6.290768155147998,5.852081398648019,6.115293201529431,147100
2021-03-17,6.220578193664551,6.448695084090423,6.062650697313125,6.080198150422808,107100
2021-03-18,6.483789920806885,6.9049292092891505,6.220578126983142,6.26444655010496,245900
2021-03-19,7.12427282333374,7.440126986710811,6.457469171173408,6.501337595793632,333800
2021-03-22,6.518884658813477,7.343615761622725,6.360957586585255,7.33484182620569,282300
2021-03-23,5.878402233123779,6.650491007025708,5.799438903276827,6.439921569614791,195500
2021-03-24,5.913497447967529,6.2030310670639,5.799439205933049,5.88717647609969,151300
2021-03-25,5.659059047698975,5.825760067028038,5.413394695903522,5.799439095660674,121000
2021-03-26,5.702927589416504,5.90472350546889,5.492358156160592,5.667832683873852,73300
2021-03-29,5.430941581726074,5.7731171022728915,5.351977839152096,5.7731171022728915,67400
2021-03-30,5.501132011413574,5.527453401370174,5.308110019067616,5.527453401370174,706900
2021-03-31,6.4925642013549805,6.913703512209474,5.834534054292603,6.378505542123403,7501100
2021-04-01,5.99246072769165,6.22057803049827,5.72924893795048,6.018782115847904,684000
2021-04-05,5.5099053382873535,6.010007926887422,5.351977852738487,5.939818119249816,353800
2021-04-06,5.466036796569824,5.667832713683546,5.351978143774183,5.448489343706209,140400
2021-04-07,4.974708080291748,5.483584670804078,4.825554510307588,5.422168371879921,348300
2021-04-08,4.70272159576416,4.974707302719569,4.658852757908927,4.974707302719569,125900
2021-04-09,4.632532596588135,4.808007141837402,4.5535688420438065,4.7114959327681465,202800
2021-04-12,4.5184736251831055,4.75536445431412,4.457057329347551,4.650079734336844,200000
2021-04-13,4.483378887176514,4.63253245527055,4.439510043020278,4.5184737951557805,138900
2021-04-14,4.623758316040039,4.737816971145893,4.465831237068747,4.48337869028778,179500
2021-04-15,4.509699821472168,4.658853388325711,4.413189034514005,4.606211026794631,95200
2021-04-16,4.711495399475098,4.939612700842918,4.430736158855342,4.597436748791187,342000
2021-04-19,4.658853054046631,4.974707618934413,4.579889308233618,4.69394795921591,331200
2021-04-20,4.044692039489746,4.79923296456226,3.948180835263524,4.667627271411579,364000
2021-04-21,4.228940486907959,4.386867568772629,3.8692170617808843,4.0183706260574406,233000
2021-04-22,4.211393356323242,4.360546513673496,4.123655663528084,4.23771432947033,106800
2021-04-23,4.588663578033447,4.737817145052196,4.211393110794019,4.237714082406563,118500
2021-04-26,5.062445163726807,5.079992617288462,4.6500797958457705,4.6500797958457705,149700
2021-04-27,4.904518127441406,5.176503869367404,4.843101830220324,5.132635025871731,81300
2021-04-28,4.7992329597473145,4.913291617503481,4.764138052493769,4.851875738991926,34500
2021-04-29,4.614984512329102,4.869422777403523,4.5711156728207145,4.869422777403523,54500
2021-04-30,4.676400661468506,4.737816956730394,4.54479455354405,4.606210848805938,72700
2021-05-03,4.720269680023193,4.790459495309675,4.56234217726431,4.781685559216715,59700
2021-05-04,4.5360212326049805,4.658853410084511,4.483378870828038,4.658853410084511,26800
2021-05-05,4.579889297485352,4.693947948199966,4.448283612591547,4.606210685482674,48400
2021-05-06,4.9132914543151855,4.983481266491015,4.544794522027797,4.544794522027797,73500
2021-05-07,4.8518757820129395,5.062445227401301,4.781685548519187,4.983481476198516,50700
2021-05-10,4.983481407165527,5.088766546765559,4.7816854822815476,4.83432826126371,54100
2021-05-11,4.878196716308594,4.9834814381999895,4.790459448065763,4.851875745017892,25800
2021-05-12,4.729043006896973,4.974707768849412,4.650079677068636,4.7553643957492735,45400
2021-05-13,4.878196716308594,5.1677299106920795,4.685174726174368,4.80800690171433,162500
2021-05-14,5.044897556304932,5.194051116212232,4.904517932093016,4.913291449424121,224700
2021-05-17,5.097539901733398,5.097539901733398,4.965933795205023,4.965933795205023,25900
2021-05-18,5.351978778839111,5.4046211436764935,5.062445563051346,5.062445563051346,96700
2021-05-19,5.40462064743042,5.439715554099634,5.281788474088171,5.3168833807573845,73300
2021-05-20,5.5099053382873535,5.518678855059927,5.343204335965913,5.404620208466691,109400
2021-05-21,5.588869094848633,5.702927750261288,5.351978266572351,5.527453217598962,105800
2021-05-24,5.506002902984619,5.671735273253532,5.42313649832953,5.671735273253532,66900
2021-05-25,5.266611576080322,5.607284349371572,5.266611576080322,5.423136821287408,34100
2021-05-26,5.100879192352295,5.524417935894149,5.018012782820669,5.248196863482925,70100
2021-05-27,5.119293689727783,5.358685334465312,5.064049565336339,5.358685334465312,34900
2021-05-28,4.419534683227539,5.202160497808729,4.088069472225147,5.183745788255335,356300
2021-06-01,4.585266590118408,4.833865362635136,4.465570771007064,4.465570771007064,175700
2021-06-02,4.6405110359191895,4.695755162651407,4.465571081746521,4.548437491365494,75700
2021-06-03,4.576059341430664,4.649718616215029,4.502400505687592,4.594474050366433,68700
2021-06-04,4.631303787231445,4.695755047315349,4.530022671189378,4.603681505023143,30300
2021-06-07,4.879902362823486,4.981183035504865,4.585266601012739,4.668133005062288,143300
2021-06-08,4.870695114135742,4.981183367539194,4.750999286761357,4.889109823036318,51200
2021-06-09,4.861487865447998,5.008805533205389,4.741792040874477,4.879902573917672,61400
2021-06-10,5.146915912628174,6.435946345114113,4.861487720346786,4.861487720346786,9753400
2021-06-11,5.892712593078613,5.920334437083943,5.257404473419198,5.312648600471152,890000
2021-06-14,5.690149784088135,5.9847855378526535,5.47838043211016,5.819053173320815,369900
2021-06-15,5.43234395980835,5.6809427296094155,5.202159897435465,5.6809427296094155,216600
2021-06-16,5.220574855804443,5.404721938937768,5.183745439177779,5.377100095988408,178700
2021-06-17,5.450758934020996,5.552040049353767,5.248196703355454,5.248196703355454,226600
2021-06-18,5.211367130279541,5.432344062642034,5.073257041474406,5.432344062642034,191500
2021-06-21,5.220574855804443,5.4231366472511,5.091671897611117,5.248196698753803,142400
2021-06-22,5.45996618270874,5.533625456606472,4.953561473550042,5.229782104261708,236700
2021-06-23,5.874297618865967,5.966371159795894,5.358685350617096,5.49679544249135,210500
2021-06-24,5.791431427001953,6.187347887184586,5.579662055499314,5.966371380768593,152800
2021-06-25,5.773016452789307,5.819053442363957,5.570454664551643,5.819053442363957,92600
2021-06-28,6.178140640258789,7.3198534474575725,5.80063889578843,6.0492376805198615,3327400
2021-06-29,5.644113540649414,6.187347651043421,5.625698832484215,6.122896391985861,336800
2021-06-30,5.708564758300781,5.828260580027017,5.459965980353131,5.680942915773971,146400
2021-07-01,5.533625602722168,5.736187403926046,5.496795745280164,5.72697982980522,95000
2021-07-02,5.377099990844727,5.616491194236999,5.238989461674705,5.459965957113725,151900
2021-07-06,5.358685493469238,5.515210297702125,5.238989667548837,5.377100202146124,57600
2021-07-07,5.4231367111206055,5.450758993436557,4.9719761326099015,5.340270742255317,144800
2021-07-08,5.625699043273926,5.662528460984288,5.248196853180779,5.340270836497975,93400
2021-07-09,5.552040100097656,5.745394319803738,5.432344275341424,5.6993577680799214,75500
2021-07-12,5.819053649902344,5.846675493399259,5.441551463433783,5.60728428058042,119700
2021-07-13,5.6717352867126465,5.837468096416111,5.478380634752782,5.8282605229698,43600
2021-07-14,5.588869571685791,5.8374683583548395,5.496795589256206,5.662528406396429,70000
2021-07-15,5.6625285148620605,5.782224343080263,5.33106331327369,5.561247395674251,42900
2021-07-16,5.45996618270874,5.754601961175805,5.340270795587662,5.68094312631936,71000
2021-07-19,5.45996618270874,5.66252841760525,5.248196812975819,5.340270795587662,90200
2021-07-20,5.690149784088135,5.690149784088135,5.395514469364866,5.5520396998322274,100600
2021-07-21,6.334665775299072,6.767411638060839,5.59807656829545,5.745394234079663,576800
2021-07-22,6.610886573791504,6.868692934785406,6.3346659431279875,6.426739486682493,263800
2021-07-23,6.868692874908447,6.868692874908447,6.454361713004409,6.739789915055835,243100
2021-07-26,6.70296049118042,7.025218110006887,6.5924718009485685,6.813448742370989,140600
2021-07-27,6.380702495574951,6.702960556587264,6.159725991037546,6.583264730442193,230600
2021-07-28,6.739789962768555,6.850278214852969,6.353080641431819,6.481983602196969,152900
2021-07-29,6.647716045379639,7.42113513466325,6.564850075026026,6.7029606110037685,411400
2021-07-30,6.592472076416016,6.813449027071992,6.445154402006232,6.610886785717239,102000
2021-08-02,6.684545993804932,6.785826674408305,6.528020746819885,6.638509001500637,127600
2021-08-03,6.656923294067383,6.822655665718063,6.445153932993102,6.712167417950943,187600
2021-08-04,6.656923294067383,6.7674115418345036,6.500398056876662,6.67533800202857,99500
2021-08-05,6.730582237243652,6.831863352226119,6.546435154585782,6.583264571117357,105700
2021-08-06,6.693752765655518,6.905522128490889,6.481983402820147,6.905522128490889,111300
2021-08-09,7.200157642364502,7.30143831388575,6.758204224231415,6.813448346617894,168000
2021-08-10,7.062047481536865,7.34747568145947,7.006803356297775,7.2830239824932255,101800
2021-08-11,6.150518417358398,7.190950557191928,6.10448186509894,7.190950557191928,362400
2021-08-12,5.975578308105469,6.399117036398082,5.819053507685395,6.076859422881862,170100
2021-08-13,5.947956562042236,5.975578405313416,5.0640496746213834,5.800638893819189,444500
2021-08-16,5.146915912628174,5.763809286511704,5.082464215387369,5.736187005110998,195600
2021-08-17,4.9627685546875,5.146916078877355,4.833865595083499,5.082464379554713,141400
2021-08-18,4.935146331787109,5.229781645359251,4.889109344520838,4.962768172913873,72000
2021-08-19,4.8891096115112305,5.128501255902831,4.833865487199616,4.999597860134459,58100
2021-08-20,4.824657917022705,4.9259390311859175,4.714169668321714,4.806243208905873,80400
2021-08-23,5.027220249176025,5.100879083164625,4.815450881938161,4.815450881938161,30100
2021-08-24,5.082464694976807,5.156123533607566,4.879902888742218,5.054842410969616,66500
2021-08-25,4.953561305999756,5.2205747928434905,4.898317181726012,5.1192936788209895,54600
2021-08-26,4.953561305999756,5.183745376660995,4.898317181726012,4.935146597908508,79800
2021-08-27,5.018012523651123,5.1653306262143825,4.9167318495003896,4.9167318495003896,49500
2021-08-30,5.13770866394043,5.386307456097505,4.925939289951714,5.02722040943535,50500
2021-08-31,4.935146331787109,5.183745097134229,4.889109344520838,5.156122816966215,55700
2021-09-01,4.8891096115112305,5.100878974226388,4.861487768876059,4.944353735822845,94400
2021-09-02,4.9627685546875,5.054842097261786,4.76020676102407,4.9719761284655695,44500
2021-09-03,4.843072891235352,4.962768270199818,4.797035903066609,4.962768270199818,28000
2021-09-07,4.806242942810059,5.064049281213629,4.77862110168472,4.8430727960459246,33300
2021-09-08,5.008805751800537,5.110086872324512,4.843073368340551,4.999598177643221,106900
2021-09-09,5.211367130279541,5.275818827018865,4.852280109111914,4.990390636958313,59800
2021-09-10,5.211367130279541,5.331062950349172,5.091671749251176,5.2850259613866175,17800
2021-09-13,4.66813325881958,5.266611510248694,4.465571024363119,5.266611510248694,212200
2021-09-14,4.511608123779297,4.677340505821325,4.456363996431954,4.677340505821325,45100
2021-09-15,4.557644367218018,4.65892547999034,4.428741412170414,4.65892547999034,41700
2021-09-16,4.502399921417236,4.8062427989487775,4.382704548388096,4.603681026941495,56200
2021-09-17,4.686548233032227,4.69575536837031,4.391912438511248,4.493193561478039,56500
2021-09-20,4.714169502258301,4.714169502258301,4.437948890236091,4.576058976726567,39400
2021-09-21,4.6405110359191895,4.741792154448901,4.557644626300218,4.723377445538162,34500
2021-09-22,4.658925533294678,4.686547814927263,4.530022576772252,4.66813310685263,42100
2021-09-23,4.7509989738464355,4.833865377961843,4.668133008772291,4.686547716460019,42100
2021-09-24,4.677340030670166,4.787828274140819,4.511607665464187,4.778621140038891,69600
2021-09-27,4.806242942810059,4.879902210240543,4.649718152003559,4.723376980392794,20300
2021-09-28,4.677340030670166,4.797035847284,4.59447362854655,4.797035847284,43900
2021-09-29,4.66813325881958,4.806243354354738,4.539229859059546,4.66813325881958,12300
2021-09-30,4.78782844543457,4.87990242399549,4.668133063579657,4.668133063579657,56300
2021-10-01,4.723377227783203,4.824657902602428,4.668133103597825,4.741791935844996,29100
2021-10-04,4.797036170959473,4.907524421885216,4.649718503058482,4.686547920033729,62500
2021-10-05,4.833865642547607,5.082464429459833,4.704962681677898,4.843073216416087,28100
2021-10-06,4.935146331787109,4.971975745983627,4.760206394833026,4.797035809029544,49100
2021-10-07,4.925939083099365,5.073257188627849,4.925939083099365,5.008805490019058,30800
2021-10-08,4.953561305999756,5.110086544296002,4.907524316250999,4.944353732433496,18900
2021-10-11,5.008805751800537,5.183745709417839,4.925939340549895,4.9535616239805424,32200
2021-10-12,4.990390777587891,5.064049610770678,4.9351466527008006,4.94435378732801,10600
2021-10-13,4.916731834411621,5.045634789597777,4.68654776634428,4.843073002876674,46000
2021-10-14,5.294233322143555,5.331062736217775,4.824657634135371,4.962768156434322,199500
2021-10-15,5.248196601867676,5.331063007268527,5.23898946740162,5.294233591321764,82700
2021-10-18,5.248196601867676,5.340270580775853,5.04563481416048,5.257404175375002,76500
2021-10-19,5.110086441040039,5.238989395074124,4.925938924807226,5.082464159940675,83000
2021-10-20,5.211367130279541,5.413929354865266,5.064049468065389,5.064049468065389,53300
2021-10-21,5.294233322143555,5.386306857329107,5.156122799844604,5.156122799844604,18200
2021-10-22,5.395514965057373,5.432344382781345,5.146916175899917,5.275819137933818,69000
2021-10-25,5.533625602722168,5.588869730323226,5.294233944076287,5.340270936597817,62100
2021-10-26,5.496795654296875,5.5520402200248204,5.432344392683092,5.533625511129269,17100
2021-10-27,5.43234395980835,5.6164910340901555,5.294233434576367,5.441551094001811,66700
2021-10-28,5.43234395980835,5.579661619233795,5.358685130095627,5.441551094001811,12200
2021-10-29,5.4231367111206055,5.506003119027177,5.386307294060193,5.4231367111206055,5400
2021-11-01,5.294233322143555,5.515209806588878,5.294233322143555,5.404721564366216,17200
2021-11-02,5.441551685333252,5.441551685333252,5.294234009898849,5.358685712422052,43500
2021-11-03,5.487588405609131,5.552040104928087,5.413929571553912,5.413929571553912,19000
2021-11-04,5.441551685333252,5.524418097285755,5.423136975903952,5.459966394762552,35900
2021-11-05,5.358685493469238,5.386307336963924,5.248196802366636,5.30344136743858,34100
2021-11-08,5.404722213745117,5.432344497140232,5.303441532392732,5.432344497140232,39300
2021-11-09,5.3310627937316895,5.496795158853678,5.257403964788584,5.349477500967466,19300
2021-11-10,5.303441524505615,5.386307496485123,5.165330985818038,5.321856233727872,20800
2021-11-11,5.3310627937316895,5.377099781341757,5.257403964788584,5.257403964788584,14600
2021-11-12,5.25740385055542,5.386306798405045,5.100878622931683,5.100878622931683,51700
2021-11-15,5.524417400360107,5.570454387646274,5.1561228191945165,5.229781647619385,61500
2021-11-16,5.634905815124512,5.634905815124512,5.413929323099831,5.478380580419731,65300
2021-11-17,5.552040100097656,5.690150194310389,5.441551410069675,5.57966194332369,14000
2021-11-18,5.377099990844727,5.570454643874505,5.377099990844727,5.552039935921252,16500
2021-11-19,5.303441524505615,5.45996633337415,5.128501567373524,5.413929779839157,28500
2021-11-22,5.294233322143555,5.340270309256955,5.110086251772452,5.266611042067265,53700
2021-11-23,5.248196601867676,5.404721839162053,5.248196601867676,5.266611309841057,23700
2021-11-24,5.367892742156982,5.404722160292022,5.2021603605493025,5.2021603605493025,39300
2021-11-26,5.791431427001953,6.05844492510859,5.432344384555319,5.524417928895316,142600
2021-11-29,6.067652225494385,6.251799305871843,5.809845873924673,6.2241774633358595,90500
2021-11-30,5.782224178314209,6.058444805899123,5.607284227989789,5.984785971876479,41800
2021-12-01,5.524417400360107,5.828260287133313,5.524417400360107,5.828260287133313,17500
2021-12-02,6.058444976806641,6.076859685831776,5.524417976036396,5.524417976036396,114700
2021-12-03,6.095273971557617,6.445153857778346,5.911126894094742,6.1228962526976805,156800
2021-12-06,5.745394229888916,6.196555239585904,5.625698846047187,6.1044816985379295,93700
2021-12-07,6.113688945770264,6.43594656489659,5.77301661809504,5.77301661809504,130700
2021-12-08,6.804240703582764,6.804240703582764,6.058444400452207,6.058444400452207,149000
2021-12-09,6.518813133239746,6.721375371301599,6.454361871253852,6.67533837927628,20000
2021-12-10,6.730582237243652,6.88710747702348,6.3714952065401675,6.5096057380542085,45000
2021-12-13,6.537227630615234,6.656923454773177,6.4451540885865395,6.656923454773177,26900
2021-12-14,6.417531967163086,6.56485007713937,5.984786089270897,6.454361823938125,63900
2021-12-15,6.380702495574951,6.537227739142923,6.270214243306248,6.417531912997852,23600
2021-12-16,6.343873023986816,6.555642391881012,6.205762490309509,6.38070244109526,17700
2021-12-17,6.712167263031006,6.905521911681386,6.242592001338127,6.242592001338127,66000
2021-12-20,7.135706424713135,7.4395493377123785,6.491191181323302,6.822655937845411,134400
2021-12-21,7.264609336853027,7.430341714002376,6.914729873982179,7.200158076371144,54600
2021-12-22,7.1725358963012695,7.402719976257129,6.969974099118281,7.338268275814624,46300
2021-12-23,7.200157642364502,7.25540176475098,6.997595421239489,7.236987057288821,15400
2021-12-27,6.8871073722839355,7.365890218954315,6.859485090784698,7.144913723125495,31100
2021-12-28,6.804240703582764,7.043632337176925,6.583264216303156,6.831862984013341,67700
2021-12-29,6.362287521362305,6.822655658978478,6.353080386911441,6.73978969275563,32200
2021-12-30,6.509605884552002,6.666130688813122,6.472776467191587,6.472776467191587,21700
2021-12-31,6.60167932510376,6.629301168173099,6.40832466745326,6.5740570429931395,47000
2022-01-03,6.82265567779541,6.997595623256994,6.38990982042085,6.38990982042085,37000
2022-01-04,7.080462455749512,7.356683092314248,6.546435452683058,6.822656089247794,46000
2022-01-05,6.564849853515625,7.135706247984476,6.555642279875187,7.006803290307282,17500
2022-01-06,6.813448905944824,7.0528401226049064,6.546435406303316,6.546435406303316,9700
2022-01-07,6.960766315460205,6.9883885974008475,6.564849867919507,6.7397898161001715,10200
2022-01-10,7.052839756011963,7.098876745574327,6.8502779678283545,6.90552209187843,12900
2022-01-11,7.043632984161377,7.135706528985185,6.67533836582485,7.0620476931261384,13500
2022-01-12,7.246194362640381,7.292231351903713,6.9147296204929525,6.98838845208127,6400
2022-01-13,6.785826206207275,7.135706094263655,6.721374948277756,7.135706094263655,46300
2022-01-14,6.721374988555908,6.979180899901432,6.721374988555908,6.868692652181922,17400
2022-01-18,6.279421806335449,6.6016794277498025,6.095274280497756,6.6016794277498025,27900
2022-01-19,6.380702495574951,6.629301282700175,6.104481864903195,6.2333848258833475,15000
2022-01-20,6.279421806335449,6.454361758312678,6.224177680296528,6.389910058413292,12500
2022-01-21,6.481983184814453,6.61088613727939,6.178140291626472,6.3070432440914095,12300
2022-01-24,6.214970111846924,6.3070436553252875,6.021615451021717,6.3070436553252875,26500
2022-01-25,6.270214080810547,6.399117038450116,6.10448170670253,6.168932966001677,6600
2022-01-26,6.362287521362305,6.592471590170391,6.334665678968445,6.592471590170391,8500
2022-01-27,6.472776412963867,6.647715924439584,6.076859521094395,6.076859521094395,5200
2022-01-28,6.647716045379639,6.656923619330757,6.343873129653382,6.454361821860349,3700
2022-01-31,6.666130542755127,6.666130542755127,6.380702344945131,6.583264575030468,7300
2022-02-01,6.445153713226318,6.601678945079843,6.445153713226318,6.601678945079843,4000
2022-02-02,6.481983184814453,6.5372273072994265,6.279421402369552,6.463568477319462,5600
2022-02-03,6.389909744262695,6.454361440993407,6.132103396381114,6.399116878629217,7000
2022-02-04,6.435946464538574,6.445154038190087,6.132103558699074,6.445154038190087,3000
2022-02-07,6.325458526611328,6.325458526611328,6.178140853259275,6.279421973209461,1900
2022-02-08,6.233384609222412,6.583264501620079,6.205762327594692,6.29783630699291,4900
2022-02-09,6.371495246887207,6.472776362511029,6.224177579828032,6.261006996592826,13200
2022-02-10,6.380702495574951,6.435946621709302,6.30704366072915,6.3991172042864015,25600
2022-02-11,6.518813133239746,6.537227842241615,6.325458469199474,6.325458469199474,44900
2022-02-14,6.086066722869873,6.445153736697163,6.086066722869873,6.445153736697163,20000
2022-02-15,6.362287521362305,6.362287521362305,6.214969857818335,6.214969857818335,11100
2022-02-16,6.3530802726745605,6.445153810733936,6.214969746064867,6.3530802726745605,11100
2022-02-17,6.417531967163086,6.491191241671873,6.362287840562463,6.3991172582962115,26100
2022-02-18,6.2978363037109375,6.454361541756812,6.242592179525559,6.44515396820528,18800
2022-02-22,6.214970111846924,6.389910063976458,6.214970111846924,6.362287781412306,12000
2022-02-23,6.214970111846924,6.33466593788944,6.214970111846924,6.270214237933942,23400
2022-02-24,6.095273971557617,6.399116868891994,5.984785725079892,6.214969791429119,21400
2022-02-25,6.076859474182129,6.307043548499946,6.012408214359558,6.122896464662204,15300
2022-02-28,6.096151351928711,6.337296572907643,6.076859752648316,6.076859752648316,9400
2022-03-01,6.134734630584717,6.366233824971907,6.018984573443108,6.0865054017800455,4100
2022-03-02,5.980401515960693,6.134734775820573,5.980401515960693,6.086505545874107,14000
2022-03-03,6.240838050842285,6.327650476663938,6.009338861915215,6.018984431479842,6100
2022-03-04,6.318005084991455,6.35658828423233,6.096151459382417,6.096151459382417,3600
2022-03-07,6.134734630584717,6.366233824971907,6.038276632923387,6.2697758273105775,42200
2022-03-08,6.221546649932861,6.221546649932861,6.125088651474216,6.173317880677548,25500
2022-03-09,6.202254772186279,6.221546371013142,6.0479219815713785,6.134734406266259,13700
2022-03-10,6.366233825683594,6.366233825683594,6.202254999666996,6.202254999666996,8700
2022-03-11,6.414463043212891,6.510921040715368,6.05756822247972,6.05756822247972,19800
2022-03-14,6.327650547027588,6.404816944194703,6.2987133780639235,6.404816944194703,7300
2022-03-15,6.202254772186279,6.395171220402902,6.202254772186279,6.395171220402902,11100
2022-03-16,6.501275062561035,6.510921092361804,6.269775866718774,6.318005095826587,18400
2022-03-17,6.626670837402344,6.64596243748416,6.298713636011462,6.375880036338729,15700
2022-03-18,6.819587230682373,6.85817043046419,6.568795972152544,6.645962371716177,37000
2022-03-21,6.829232692718506,6.887107491476526,6.75206629437448,6.75206629437448,10800
2022-03-22,6.906399250030518,6.9160452800195555,6.588087619560668,6.896753679989505,11100
2022-03-23,7.022149085998535,7.108961053388549,6.819587062175154,6.819587062175154,11800
2022-03-24,7.1475443840026855,7.157190413861656,6.896753586993689,6.993211585843302,8200
2022-03-25,7.10896110534668,7.253648331984875,6.944982279153259,6.944982279153259,20200
2022-03-28,7.099315643310547,7.1764820427028315,7.0125032140202155,7.0125032140202155,3300
2022-03-29,6.944982051849365,7.1764816988832765,6.829232458306409,7.022148907492668,14900
2022-03-30,6.800295352935791,7.5237310092077685,6.520566935973133,7.21506496361711,103800
2022-03-31,6.752066135406494,7.041440582331688,6.742420105866586,7.041440582331688,29800
2022-04-01,7.05108642578125,7.224710824710975,6.848524397055894,7.00285765605256,23200
2022-04-04,7.842042922973633,7.861334062862835,7.157190438830173,7.330814837365183,109600
2022-04-05,7.137898921966553,7.909563384373623,6.964274061465241,7.861334154245919,213700
2022-04-06,6.916045188903809,7.427272812938974,6.819587190024345,7.0800240169729065,46300
2022-04-07,7.244002819061279,7.42727278630095,6.993211562926122,6.993211562926122,24100
2022-04-08,7.793813705444336,7.793813705444336,7.099315650283602,7.34046087859536,62500
2022-04-11,7.813105583190918,7.89991709064751,7.629834698802951,7.89991709064751,41200
2022-04-12,7.967438220977783,8.03495858762973,7.822750538285894,7.861333736357865,17500
2022-04-13,8.015667915344238,8.16035468656614,7.919209454598933,8.063896225820834,36000
2022-04-14,8.015667915344238,8.198937886885052,7.957792654917844,7.9770847150253275,27000
2022-04-18,7.957792282104492,8.276103899796992,7.909563053991323,7.977084341308165,44900
2022-04-19,7.475502014160156,8.189291663124271,7.340460816238192,8.073542064905444,73800
2022-04-20,7.350106239318848,7.436918666223152,7.234356643411782,7.359752268951774,32900
2022-04-21,7.359752178192139,7.533376569911622,7.350106148678166,7.465855743157822,32800
2022-04-22,6.993211269378662,7.388689276739475,6.993211269378662,7.35010607894564,20600
2022-04-25,6.838878631591797,6.973919826899046,6.800295432932582,6.829232601952989,16100
2022-04-26,6.761712074279785,6.9546280630111355,6.723128416585517,6.81958687089919,22100
2022-04-27,6.800295352935791,6.925690517129118,6.752066125205124,6.752066125205124,7700
2022-04-28,6.8871073722839355,6.935336600388274,6.781003806371202,6.848524173779667,17300
2022-04-29,7.157190322875977,7.292231519548727,6.954628297892844,7.292231519548727,18900
2022-05-02,6.858170509338379,7.224710911481129,6.761712508774497,7.08002414060932,48300
2022-05-03,7.002857685089111,7.080024084933395,6.829232825491449,6.829232825491449,7600
2022-05-04,6.867815971374512,7.1378988286523954,6.82923277175596,6.935336800680988,22400
2022-05-05,6.867815971374512,7.0993156290338435,6.82923277175596,6.838878801634608,9200
2022-05-06,6.819587230682373,6.916045230136914,6.588087572043452,6.829232800653816,24400
2022-05-09,6.501275062561035,6.9063991152330075,6.221546637610962,6.800295547112647,62700
2022-05-10,6.501275062561035,6.607379090629413,6.4337546937477175,6.510921092361804,29200
2022-05-11,6.424108505249023,6.578441758612643,6.0961513192408425,6.433754534811501,25800
2022-05-12,6.289067268371582,6.53985851591964,6.086505248412921,6.337296495960978,24100
2022-05-13,6.781003952026367,7.427272770828638,6.781003952026367,7.137898775830909,94600
2022-05-16,7.330814838409424,7.398335667823334,6.78100401299623,6.78100401299623,26400
2022-05-17,7.379044055938721,7.533376854406577,7.28258605689631,7.4562104551726485,23600
2022-05-18,7.3983354568481445,7.62018907865532,7.330814629359698,7.407981026519061,28300
2022-05-19,7.523731231689453,7.6105432002445355,7.301877605474436,7.301877605474436,12300
2022-05-20,7.417627334594727,7.620189364716213,7.118607304403016,7.620189364716213,51300
2022-05-23,8.170000076293945,8.256812500181562,7.600897226271554,7.610542795621294,129800
2022-05-24,8.350000381469727,8.550000190734863,8.229999542236328,8.449999809265137,56500
2022-05-25,8.880000114440918,8.9399995803833,8.4399995803833,8.479999542236328,81100
2022-05-26,8.520000457763672,9.279999732971191,8.350000381469727,8.9399995803833,100400
2022-05-27,8.479999542236328,8.890000343322754,8.350000381469727,8.529999732971191,92500
2022-05-31,9.050000190734863,9.4399995803833,8.5600004196167,8.579999923706055,206800
2022-06-01,9.279999732971191,9.359999656677246,8.630000114440918,9.15999984741211,75100
2022-06-02,9.739999771118164,9.850000381469727,8.829999923706055,9.1899995803833,98600
2022-06-03,9.84000015258789,9.899999618530273,9.199999809265137,9.369999885559082,88300
2022-06-06,10.680000305175781,10.699999809265137,9.90999984741211,9.90999984741211,165800
2022-06-07,10.899999618530273,11.0,10.15999984741211,10.449999809265137,179000
2022-06-08,11.329999923706055,11.5,10.869999885559082,11.09000015258789,124800
2022-06-09,11.449999809265137,11.520000457763672,10.600000381469727,11.520000457763672,135900
2022-06-10,11.010000228881836,11.539999961853027,10.649999618530273,11.300000190734863,110700
2022-06-13,9.90999984741211,10.970000267028809,9.270000457763672,10.970000267028809,206300
2022-06-14,10.380000114440918,10.5,9.869999885559082,10.0600004196167,76700
2022-06-15,10.609999656677246,10.710000038146973,10.180000305175781,10.5,70400
2022-06-16,10.569999694824219,10.609999656677246,9.720000267028809,10.609999656677246,153200
2022-06-17,10.390000343322754,10.619999885559082,10.069999694824219,10.460000038146973,108200
2022-06-21,11.180000305175781,11.220000267028809,10.069999694824219,10.470000267028809,173700
2022-06-22,11.270000457763672,11.270000457763672,10.880000114440918,11.050000190734863,114900
2022-06-23,11.539999961853027,11.609999656677246,11.199999809265137,11.239999771118164,143900
2022-06-24,11.729999542236328,11.75,11.260000228881836,11.300000190734863,96700
2022-06-27,12.979999542236328,13.199999809265137,11.720000267028809,11.960000038146973,424700
2022-06-28,13.239999771118164,14.069999694824219,12.5600004196167,13.239999771118164,420800
2022-06-29,11.989999771118164,13.210000038146973,11.90999984741211,12.949999809265137,189200
2022-06-30,12.680000305175781,12.960000038146973,11.470000267028809,11.729999542236328,194400
2022-07-01,12.920000076293945,13.0,12.300000190734863,12.819999694824219,125700
2022-07-05,13.930000305175781,14.170000076293945,12.970000267028809,12.989999771118164,330700
2022-07-06,12.970000267028809,13.949999809265137,12.619999885559082,13.930000305175781,186900
2022-07-07,14.149999618530273,14.239999771118164,12.920000076293945,13.020000457763672,218100
2022-07-08,14.079999923706055,14.1899995803833,13.5,14.170000076293945,166900
2022-07-11,14.699999809265137,15.25,14.079999923706055,14.100000381469727,522600
2022-07-12,13.0,14.680000305175781,12.6899995803833,14.619999885559082,374700
2022-07-13,14.479999542236328,14.5600004196167,12.760000228881836,12.949999809265137,344100
2022-07-14,13.739999771118164,14.449999809265137,13.479999542236328,14.449999809265137,218200
2022-07-15,13.979999542236328,14.100000381469727,13.220000267028809,13.800000190734863,127100
2022-07-18,13.90999984741211,14.989999771118164,13.550000190734863,13.550000190734863,257800
2022-07-19,14.010000228881836,14.4399995803833,13.289999961853027,14.069999694824219,141900
2022-07-20,13.720000267028809,14.25,13.1899995803833,14.0,196300
2022-07-21,10.329999923706055,13.760000228881836,9.109999656677246,13.680000305175781,791300
2022-07-22,8.960000038146973,10.199999809265137,8.6899995803833,10.1899995803833,434100
2022-07-25,9.680000305175781,10.350000381469727,8.890000343322754,8.890000343322754,299300
2022-07-26,10.5600004196167,10.970000267028809,9.789999961853027,10.119999885559082,351800
2022-07-27,10.1899995803833,10.550000190734863,10.0,10.550000190734863,132900
2022-07-28,10.520000457763672,10.569999694824219,10.0,10.140000343322754,140100
2022-07-29,10.34000015258789,10.710000038146973,10.029999732971191,10.710000038146973,129400
2022-08-01,10.670000076293945,10.989999771118164,10.1899995803833,10.420000076293945,209800
2022-08-02,10.470000267028809,10.949999809265137,10.40999984741211,10.670000076293945,78900
2022-08-03,10.630000114440918,10.699999809265137,10.350000381469727,10.520000457763672,74700
2022-08-04,10.8100004196167,10.970000267028809,10.489999771118164,10.630000114440918,81600
2022-08-05,11.390000343322754,11.649999618530273,10.829999923706055,10.869999885559082,148200
2022-08-08,10.670000076293945,11.720000267028809,10.420000076293945,11.399999618530273,287200
2022-08-09,10.84000015258789,11.119999885559082,10.619999885559082,10.770000457763672,112200
2022-08-10,10.6899995803833,11.420000076293945,10.0,11.100000381469727,220000
2022-08-11,11.5,12.029999732971191,10.920000076293945,12.0,296800
2022-08-12,11.489999771118164,11.619999885559082,11.130000114440918,11.489999771118164,175400
2022-08-15,12.1899995803833,12.460000038146973,11.5,11.569999694824219,310500
2022-08-16,12.779999732971191,13.15999984741211,12.25,12.420000076293945,193300
2022-08-17,12.449999809265137,12.850000381469727,12.329999923706055,12.760000228881836,101100
2022-08-18,11.5600004196167,12.5,11.25,12.460000038146973,137900
2022-08-19,11.779999732971191,12.100000381469727,11.279999732971191,11.430000305175781,124800
2022-08-22,12.170000076293945,12.260000228881836,11.369999885559082,11.779999732971191,75100
2022-08-23,11.460000038146973,12.149999618530273,11.039999961853027,12.149999618530273,117200
2022-08-24,11.989999771118164,12.029999732971191,11.25,11.460000038146973,61200
2022-08-25,12.460000038146973,12.520000457763672,11.819999694824219,11.850000381469727,91900
2022-08-26,12.210000038146973,12.579999923706055,12.100000381469727,12.569999694824219,84500
2022-08-29,11.609999656677246,12.0,11.1899995803833,11.970000267028809,173800
2022-08-30,11.890000343322754,11.970000267028809,11.479999542236328,11.539999961853027,72800
2022-08-31,12.109999656677246,12.890000343322754,11.949999809265137,12.039999961853027,163900
2022-09-01,11.40999984741211,12.039999961853027,11.34000015258789,12.029999732971191,62200
2022-09-02,11.300000190734863,11.600000381469727,11.109999656677246,11.420000076293945,66400
2022-09-06,11.050000190734863,11.710000038146973,11.050000190734863,11.300000190734863,78900
2022-09-07,11.25,11.470000267028809,11.020000457763672,11.050000190734863,60500
2022-09-08,10.789999961853027,11.229999542236328,10.680000305175781,11.229999542236328,124800
2022-09-09,11.119999885559082,11.420000076293945,10.75,10.979999542236328,65400
2022-09-12,10.800000190734863,11.399999618530273,10.710000038146973,11.119999885559082,71900
2022-09-13,10.449999809265137,10.84000015258789,10.430000305175781,10.600000381469727,75600
2022-09-14,10.770000457763672,10.899999618530273,10.5,10.5,73000
2022-09-15,10.680000305175781,10.979999542236328,10.600000381469727,10.600000381469727,54500
2022-09-16,11.529999732971191,11.529999732971191,10.619999885559082,10.739999771118164,241900
2022-09-19,10.829999923706055,11.520000457763672,10.529999732971191,11.510000228881836,166200
2022-09-20,10.609999656677246,11.029999732971191,10.510000228881836,11.0,80100
2022-09-21,10.5600004196167,10.760000228881836,10.5,10.649999618530273,35100
2022-09-22,10.260000228881836,10.680000305175781,10.0,10.520000457763672,52000
2022-09-23,10.15999984741211,10.220000267028809,9.90999984741211,10.069999694824219,92400
2022-09-26,10.4399995803833,10.989999771118164,10.010000228881836,10.25,93300
2022-09-27,10.920000076293945,11.039999961853027,10.479999542236328,10.619999885559082,45100
2022-09-28,11.069999694824219,11.1899995803833,10.609999656677246,11.020000457763672,46700
2022-09-29,11.270000457763672,11.34000015258789,10.890000343322754,11.079999923706055,78600
2022-09-30,11.279999732971191,11.550000190734863,10.979999542236328,11.270000457763672,331700
2022-10-03,11.65999984741211,11.84000015258789,11.369999885559082,11.489999771118164,53700
2022-10-04,11.779999732971191,12.069999694824219,11.550000190734863,11.760000228881836,65400
2022-10-05,12.109999656677246,12.300000190734863,11.329999923706055,11.75,64200
2022-10-06,12.140000343322754,12.220000267028809,11.729999542236328,12.140000343322754,68200
2022-10-07,12.010000228881836,12.0600004196167,11.670000076293945,11.960000038146973,101200
2022-10-10,10.930000305175781,12.079999923706055,10.819999694824219,12.010000228881836,107700
2022-10-11,10.899999618530273,11.09000015258789,10.329999923706055,10.8100004196167,83200
2022-10-12,10.680000305175781,10.960000038146973,10.5,10.8100004196167,43400
2022-10-13,11.0600004196167,11.0600004196167,10.569999694824219,10.670000076293945,77800
2022-10-14,10.40999984741211,11.09000015258789,10.399999618530273,11.09000015258789,73600
2022-10-17,10.579999923706055,10.960000038146973,10.350000381469727,10.369999885559082,96500
2022-10-18,10.869999885559082,11.220000267028809,10.579999923706055,10.579999923706055,56200
2022-10-19,9.75,10.720000267028809,8.869999885559082,10.630000114440918,287300
2022-10-20,9.630000114440918,9.9399995803833,9.59000015258789,9.59000015258789,94800
2022-10-21,10.149999618530273,10.1899995803833,9.479999542236328,9.489999771118164,61400
2022-10-24,10.3100004196167,10.729999542236328,10.039999961853027,10.199999809265137,66300
2022-10-25,10.350000381469727,10.65999984741211,10.140000343322754,10.579999923706055,53600
2022-10-26,10.770000457763672,11.039999961853027,10.520000457763672,10.539999961853027,62700
2022-10-27,10.430000305175781,10.819999694824219,10.220000267028809,10.819999694824219,49300
2022-10-28,11.390000343322754,11.520000457763672,10.59000015258789,10.59000015258789,134200
2022-10-31,12.050000190734863,12.34000015258789,11.270000457763672,11.75,179500
2022-11-01,11.9399995803833,12.350000381469727,11.270000457763672,12.050000190734863,105900
2022-11-02,11.779999732971191,12.34000015258789,11.619999885559082,11.880000114440918,100500
2022-11-03,12.220000267028809,12.350000381469727,11.770000457763672,11.819999694824219,68500
2022-11-04,12.0,12.289999961853027,11.710000038146973,12.149999618530273,59600
2022-11-07,12.270000457763672,12.640000343322754,11.859999656677246,12.010000228881836,87800
2022-11-08,12.529999732971191,12.6899995803833,12.25,12.399999618530273,75700
2022-11-09,11.84000015258789,12.460000038146973,11.770000457763672,12.300000190734863,62400
2022-11-10,11.260000228881836,11.300000190734863,10.479999542236328,10.8100004196167,229400
2022-11-11,12.050000190734863,12.199999809265137,11.300000190734863,11.789999961853027,90600
2022-11-14,11.960000038146973,12.170000076293945,11.350000381469727,12.100000381469727,111100
2022-11-15,11.8100004196167,12.34000015258789,11.510000228881836,12.130000114440918,96300
2022-11-16,11.760000228881836,11.949999809265137,11.5,11.8100004196167,47200
2022-11-17,12.270000457763672,12.270000457763672,11.649999618530273,11.75,43500
2022-11-18,12.079999923706055,12.300000190734863,11.8100004196167,12.300000190734863,36400
2022-11-21,10.920000076293945,11.960000038146973,10.880000114440918,11.9399995803833,137000
2022-11-22,10.239999771118164,10.8100004196167,10.020000457763672,10.539999961853027,187600
2022-11-23,10.279999732971191,10.630000114440918,10.140000343322754,10.15999984741211,56000
2022-11-25,10.199999809265137,10.359999656677246,10.020000457763672,10.020000457763672,43400
2022-11-28,10.4399995803833,10.859999656677246,10.199999809265137,10.199999809265137,61000
2022-11-29,10.0600004196167,10.569999694824219,10.020000457763672,10.40999984741211,47600
2022-11-30,10.369999885559082,10.489999771118164,9.890000343322754,10.039999961853027,88500
2022-12-01,10.430000305175781,10.619999885559082,10.039999961853027,10.369999885559082,50800
2022-12-02,10.270000457763672,10.640000343322754,10.229999542236328,10.3100004196167,28800
2022-12-05,10.119999885559082,10.3100004196167,10.020000457763672,10.270000457763672,45800
2022-12-06,10.09000015258789,10.15999984741211,9.970000267028809,10.109999656677246,44500
2022-12-07,10.229999542236328,10.289999961853027,10.029999732971191,10.069999694824219,30200
2022-12-08,10.380000114440918,10.6899995803833,10.210000038146973,10.350000381469727,41100
2022-12-09,9.970000267028809,10.369999885559082,9.930000305175781,10.369999885559082,44400
2022-12-12,10.25,10.350000381469727,9.880000114440918,9.880000114440918,42600
2022-12-13,10.670000076293945,10.680000305175781,10.199999809265137,10.40999984741211,83700
2022-12-14,10.5600004196167,10.859999656677246,10.470000267028809,10.630000114440918,56800
2022-12-15,10.180000305175781,10.739999771118164,10.100000381469727,10.489999771118164,53300
2022-12-16,10.039999961853027,10.279999732971191,9.930000305175781,10.15999984741211,44300
2022-12-19,10.15999984741211,10.399999618530273,10.0,10.039999961853027,57900
2022-12-20,10.130000114440918,10.550000190734863,10.0,10.149999618530273,55000
2022-12-21,10.050000190734863,10.430000305175781,9.890000343322754,10.050000190734863,51800
2022-12-22,9.899999618530273,10.1899995803833,9.899999618530273,9.979999542236328,39100
2022-12-23,9.59000015258789,10.0,9.430000305175781,10.0,86600
2022-12-27,9.5,9.859999656677246,9.210000038146973,9.609999656677246,71800
2022-12-28,8.779999732971191,9.539999961853027,8.5,9.460000038146973,135800
2022-12-29,9.529999732971191,9.770000457763672,9.0,9.0,65400
2022-12-30,9.630000114440918,9.869999885559082,9.220000267028809,9.510000228881836,211100
2023-01-03,9.569999694824219,9.880000114440918,9.5,9.529999732971191,66700
2023-01-04,9.430000305175781,9.65999984741211,9.329999923706055,9.65999984741211,14000
2023-01-05,8.890000343322754,9.84000015258789,8.84000015258789,9.420000076293945,51300
2023-01-06,9.25,9.380000114440918,9.0,9.0,45500
2023-01-09,9.069999694824219,9.649999618530273,8.880000114440918,9.34000015258789,65400
2023-01-10,9.229999542236328,9.40999984741211,9.029999732971191,9.09000015258789,52900
2023-01-11,9.300000190734863,9.6899995803833,9.1899995803833,9.239999771118164,38700
2023-01-12,9.390000343322754,9.520000457763672,9.039999961853027,9.350000381469727,59800
2023-01-13,9.359999656677246,9.489999771118164,9.229999542236328,9.239999771118164,18200
2023-01-17,9.510000228881836,9.800000190734863,9.34000015258789,9.5,35000
2023-01-18,8.920000076293945,9.670000076293945,8.800000190734863,9.510000228881836,53100
2023-01-19,8.65999984741211,9.0,8.510000228881836,8.779999732971191,39600
2023-01-20,8.84000015258789,8.989999771118164,8.699999809265137,8.710000038146973,43300
2023-01-23,8.279999732971191,8.859999656677246,8.199999809265137,8.84000015258789,146100
2023-01-24,8.229999542236328,8.609999656677246,8.15999984741211,8.279999732971191,48100
2023-01-25,8.470000267028809,8.470000267028809,8.100000381469727,8.210000038146973,44700
2023-01-26,8.210000038146973,8.649999618530273,7.860000133514404,8.399999618530273,90700
2023-01-27,8.079999923706055,8.229999542236328,7.920000076293945,8.229999542236328,65100
2023-01-30,8.109999656677246,8.279999732971191,8.050000190734863,8.119999885559082,36400
2023-01-31,8.180000305175781,8.279999732971191,7.989999771118164,8.109999656677246,58600
2023-02-01,8.0,8.220000267028809,7.96999979019165,8.180000305175781,55500
2023-02-02,8.109999656677246,8.34000015258789,7.809999942779541,7.96999979019165,64200
2023-02-03,8.289999961853027,8.460000038146973,7.960000038146973,8.109999656677246,38600
2023-02-06,7.889999866485596,8.420000076293945,7.809999942779541,8.420000076293945,31800
2023-02-07,8.210000038146973,8.25,7.820000171661377,7.889999866485596,31400
2023-02-08,8.140000343322754,8.369999885559082,7.940000057220459,8.1899995803833,39600
2023-02-09,8.039999961853027,8.300000190734863,7.920000076293945,8.100000381469727,42100
2023-02-10,8.229999542236328,8.270000457763672,7.909999847412109,7.909999847412109,19700
2023-02-13,8.180000305175781,8.3100004196167,7.949999809265137,8.3100004196167,55100
2023-02-14,8.0,8.239999771118164,7.940000057220459,8.109999656677246,22600
2023-02-15,8.010000228881836,8.170000076293945,7.889999866485596,8.039999961853027,53600
2023-02-16,7.639999866485596,8.0,7.619999885559082,7.800000190734863,35900
2023-02-17,7.860000133514404,8.079999923706055,7.5,7.699999809265137,17500
2023-02-21,7.800000190734863,7.989999771118164,7.730000019073486,7.730000019073486,29800
2023-02-22,7.449999809265137,7.800000190734863,7.449999809265137,7.679999828338623,17100
2023-02-23,7.380000114440918,7.670000076293945,7.130000114440918,7.670000076293945,37200
2023-02-24,7.199999809265137,7.480000019073486,7.199999809265137,7.380000114440918,18000
2023-02-27,7.260000228881836,7.480000019073486,7.150000095367432,7.150000095367432,14200
2023-02-28,7.309999942779541,7.380000114440918,7.179999828338623,7.210000038146973,14200
2023-03-01,7.389999866485596,7.579999923706055,7.110000133514404,7.110000133514404,23900
2023-03-02,7.519999980926514,7.630000114440918,7.199999809265137,7.409999847412109,14200
2023-03-03,7.440000057220459,7.5,7.210000038146973,7.460000038146973,39400
2023-03-06,7.21999979019165,7.480000019073486,7.21999979019165,7.440000057220459,24600
2023-03-07,7.25,7.46999979019165,7.159999847412109,7.159999847412109,68100
2023-03-08,7.110000133514404,7.349999904632568,7.079999923706055,7.349999904632568,22800
2023-03-09,6.880000114440918,7.210000038146973,6.760000228881836,7.190000057220459,30300
2023-03-10,6.619999885559082,7.190000057220459,6.599999904632568,6.960000038146973,22000
2023-03-13,6.840000152587891,7.21999979019165,6.670000076293945,6.670000076293945,79400
2023-03-14,7.230000019073486,7.329999923706055,6.869999885559082,7.090000152587891,69200
2023-03-15,8.0600004196167,8.0600004196167,7.400000095367432,7.480000019073486,96300
2023-03-16,8.09000015258789,8.109999656677246,7.860000133514404,8.100000381469727,60100
2023-03-17,7.730000019073486,8.149999618530273,7.639999866485596,7.960000038146973,89000
2023-03-20,8.0,8.199999809265137,7.800000190734863,7.920000076293945,54500
2023-03-21,7.769999980926514,8.079999923706055,7.71999979019165,8.079999923706055,76600
2023-03-22,7.909999847412109,8.029999732971191,7.71999979019165,7.71999979019165,16900
2023-03-23,7.480000019073486,7.909999847412109,7.300000190734863,7.889999866485596,39600
2023-03-24,7.989999771118164,7.989999771118164,7.269999980926514,7.480000019073486,31700
2023-03-27,8.15999984741211,8.369999885559082,7.960000038146973,7.989999771118164,44800
2023-03-28,8.289999961853027,8.5600004196167,8.15999984741211,8.359999656677246,49600
2023-03-29,7.75,8.229999542236328,7.659999847412109,8.229999542236328,58400
2023-03-30,7.460000038146973,7.909999847412109,7.360000133514404,7.909999847412109,70200
2023-03-31,7.619999885559082,7.739999771118164,7.53000020980835,7.590000152587891,33200
2023-04-03,7.860000133514404,7.909999847412109,7.46999979019165,7.880000114440918,64800
2023-04-04,7.699999809265137,7.929999828338623,7.639999866485596,7.820000171661377,10800
2023-04-05,7.800000190734863,7.949999809265137,7.519999980926514,7.679999828338623,40000
2023-04-06,8.390000343322754,8.489999771118164,7.670000076293945,7.670000076293945,150000
2023-04-10,8.510000228881836,8.529999732971191,8.25,8.510000228881836,50500
2023-04-11,8.729999542236328,8.84000015258789,8.430000305175781,8.430000305175781,46000
2023-04-12,8.699999809265137,8.869999885559082,8.569999694824219,8.859999656677246,24200
2023-04-13,8.489999771118164,8.640000343322754,8.350000381469727,8.59000015258789,31800
2023-04-14,8.15999984741211,8.550000190734863,8.09000015258789,8.550000190734863,50500
2023-04-17,7.800000190734863,8.359999656677246,7.690000057220459,8.260000228881836,32500
2023-04-18,7.760000228881836,7.909999847412109,7.670000076293945,7.909999847412109,37100
2023-04-19,7.849999904632568,7.889999866485596,7.650000095367432,7.659999847412109,28300
2023-04-20,7.610000133514404,7.980000019073486,7.519999980926514,7.909999847412109,47100
2023-04-21,7.769999980926514,7.820000171661377,7.610000133514404,7.610000133514404,30800
2023-04-24,7.829999923706055,7.949999809265137,7.71999979019165,7.730000019073486,21100
2023-04-25,7.730000019073486,7.829999923706055,7.599999904632568,7.730000019073486,32000
2023-04-26,7.730000019073486,7.840000152587891,7.619999885559082,7.840000152587891,18200
2023-04-27,7.590000152587891,7.840000152587891,7.5,7.840000152587891,22500
2023-04-28,7.5,7.829999923706055,7.5,7.550000190734863,32700
2023-05-01,7.760000228881836,8.100000381469727,7.639999866485596,7.679999828338623,56400
2023-05-02,8.420000076293945,8.420000076293945,7.550000190734863,7.769999980926514,117700
2023-05-03,9.130000114440918,9.399999618530273,8.449999809265137,8.739999771118164,442200
2023-05-04,8.25,9.399999618530273,8.15999984741211,9.34000015258789,160500
2023-05-05,8.359999656677246,8.890000343322754,8.210000038146973,8.239999771118164,117300
2023-05-08,8.369999885559082,8.6899995803833,8.239999771118164,8.6899995803833,58400
2023-05-09,8.710000038146973,8.819999694824219,8.319999694824219,8.329999923706055,74800
2023-05-10,8.520000457763672,8.899999618530273,8.430000305175781,8.899999618530273,67500
2023-05-11,8.5,9.899999618530273,8.399999618530273,9.449999809265137,186800
2023-05-12,7.929999828338623,8.470000267028809,7.650000095367432,8.4399995803833,84400
2023-05-15,8.039999961853027,8.199999809265137,7.789999961853027,7.940000057220459,58400
2023-05-16,8.739999771118164,8.819999694824219,8.010000228881836,8.180000305175781,116700
2023-05-17,8.869999885559082,9.130000114440918,8.649999618530273,8.890000343322754,161200
2023-05-18,8.479999542236328,9.050000190734863,8.350000381469727,9.050000190734863,89800
2023-05-19,8.65999984741211,8.6899995803833,8.449999809265137,8.670000076293945,36300
2023-05-22,8.859999656677246,8.859999656677246,8.5,8.619999885559082,54900
2023-05-23,8.9399995803833,8.9399995803833,8.670000076293945,8.859999656677246,32200
2023-05-24,9.300000190734863,9.470000267028809,8.84000015258789,8.850000381469727,87600
2023-05-25,9.260000228881836,9.649999618530273,9.100000381469727,9.460000038146973,86400
2023-05-26,9.779999732971191,9.899999618530273,9.149999618530273,9.319999694824219,83700
2023-05-30,9.300000190734863,9.869999885559082,9.100000381469727,9.850000381469727,80100
2023-05-31,9.489999771118164,9.9399995803833,9.350000381469727,9.579999923706055,163100
2023-06-01,9.149999618530273,9.75,8.779999732971191,9.720000267028809,115000
2023-06-02,8.579999923706055,9.25,8.470000267028809,9.119999885559082,147800
2023-06-05,8.109999656677246,8.5,8.050000190734863,8.479999542236328,78800
2023-06-06,8.270000457763672,8.369999885559082,8.039999961853027,8.039999961853027,41000
2023-06-07,8.350000381469727,8.520000457763672,8.270000457763672,8.279999732971191,65000
2023-06-08,8.130000114440918,8.40999984741211,8.079999923706055,8.319999694824219,114200
2023-06-09,8.079999923706055,8.25,7.760000228881836,8.220000267028809,105200
2023-06-12,7.409999847412109,7.849999904632568,6.96999979019165,7.800000190734863,252300
2023-06-13,7.190000057220459,7.559999942779541,7.170000076293945,7.289999961853027,100000
2023-06-14,7.360000133514404,7.5,7.130000114440918,7.130000114440918,73000
2023-06-15,7.46999979019165,7.670000076293945,7.389999866485596,7.389999866485596,58400
2023-06-16,7.309999942779541,7.679999828338623,7.309999942779541,7.46999979019165,92600
2023-06-20,7.150000095367432,7.449999809265137,7.139999866485596,7.159999847412109,105600
2023-06-21,7.340000152587891,7.449999809265137,7.019999980926514,7.119999885559082,82900
2023-06-22,7.489999771118164,7.489999771118164,7.210000038146973,7.289999961853027,25800
2023-06-23,7.340000152587891,7.420000076293945,7.159999847412109,7.400000095367432,39300
2023-06-26,7.150000095367432,7.360000133514404,7.130000114440918,7.329999923706055,41500
2023-06-27,7.349999904632568,7.449999809265137,7.119999885559082,7.130000114440918,49900
2023-06-28,7.360000133514404,7.420000076293945,7.21999979019165,7.269999980926514,27200
2023-06-29,7.440000057220459,7.559999942779541,7.300000190734863,7.409999847412109,27900
2023-06-30,7.260000228881836,7.489999771118164,7.21999979019165,7.409999847412109,32000
2023-07-03,7.239999771118164,7.349999904632568,7.190000057220459,7.260000228881836,20900
2023-07-05,7.449999809265137,7.460000038146973,7.139999866485596,7.139999866485596,42900
2023-07-06,7.53000020980835,7.590000152587891,7.239999771118164,7.349999904632568,28100
2023-07-07,7.389999866485596,7.579999923706055,7.340000152587891,7.440000057220459,29000
2023-07-10,7.449999809265137,7.570000171661377,7.28000020980835,7.349999904632568,22500
2023-07-11,7.150000095367432,7.539999961853027,7.059999942779541,7.460000038146973,44500
2023-07-12,7.079999923706055,7.28000020980835,7.050000190734863,7.139999866485596,39900
2023-07-13,6.929999828338623,7.179999828338623,6.800000190734863,7.050000190734863,49300
2023-07-14,7.110000133514404,7.230000019073486,6.929999828338623,6.96999979019165,35800
2023-07-17,7.079999923706055,7.239999771118164,7.0,7.110000133514404,30200
2023-07-18,7.349999904632568,7.369999885559082,7.03000020980835,7.099999904632568,43000
2023-07-19,7.300000190734863,7.349999904632568,7.139999866485596,7.25,26500
2023-07-20,7.139999866485596,7.320000171661377,7.130000114440918,7.239999771118164,18200
2023-07-21,7.039999961853027,7.21999979019165,7.0,7.110000133514404,19100
2023-07-24,7.210000038146973,7.389999866485596,7.0,7.099999904632568,23900
2023-07-25,7.079999923706055,7.260000228881836,7.079999923706055,7.21999979019165,19300
2023-07-26,7.28000020980835,7.300000190734863,7.03000020980835,7.03000020980835,19200
2023-07-27,7.230000019073486,7.389999866485596,7.110000133514404,7.300000190734863,31800
2023-07-28,7.199999809265137,7.289999961853027,7.070000171661377,7.159999847412109,21600
2023-07-31,7.28000020980835,7.349999904632568,7.099999904632568,7.130000114440918,30800
2023-08-01,7.480000019073486,7.489999771118164,7.210000038146973,7.210000038146973,23400
2023-08-02,7.28000020980835,7.550000190734863,7.210000038146973,7.5,20000
2023-08-03,7.440000057220459,7.550000190734863,7.179999828338623,7.179999828338623,18800
2023-08-04,7.170000076293945,7.449999809265137,7.170000076293945,7.269999980926514,14500
2023-08-07,7.139999866485596,7.340000152587891,7.119999885559082,7.170000076293945,21400
2023-08-08,7.119999885559082,7.289999961853027,7.039999961853027,7.079999923706055,28500
2023-08-09,6.980000019073486,7.199999809265137,6.849999904632568,7.139999866485596,30900
2023-08-10,6.289999961853027,6.880000114440918,6.25,6.849999904632568,115800
2023-08-11,6.150000095367432,6.380000114440918,6.139999866485596,6.380000114440918,35200
2023-08-14,5.769999980926514,6.340000152587891,5.760000228881836,6.050000190734863,79700
2023-08-15,5.699999809265137,5.929999828338623,5.630000114440918,5.760000228881836,34600
2023-08-16,5.599999904632568,5.889999866485596,5.590000152587891,5.590000152587891,95300
2023-08-17,5.400000095367432,5.71999979019165,5.239999771118164,5.590000152587891,51900
2023-08-18,5.179999828338623,5.71999979019165,5.179999828338623,5.449999809265137,105100
2023-08-21,5.369999885559082,5.75,5.21999979019165,5.21999979019165,72300
2023-08-22,5.28000020980835,5.489999771118164,5.199999809265137,5.389999866485596,58700
2023-08-23,5.25,5.46999979019165,5.25,5.25,33500
2023-08-24,5.260000228881836,5.480000019073486,5.25,5.25,31900
2023-08-25,5.260000228881836,5.429999828338623,5.099999904632568,5.340000152587891,52500
2023-08-28,5.039999961853027,5.150000095367432,5.010000228881836,5.130000114440918,47200
2023-08-29,4.760000228881836,5.239999771118164,4.699999809265137,5.010000228881836,105000
2023-08-30,4.409999847412109,4.78000020980835,4.349999904632568,4.460000038146973,106300
2023-08-31,4.28000020980835,4.550000190734863,4.050000190734863,4.420000076293945,71400
2023-09-01,4.309999942779541,4.389999866485596,4.210000038146973,4.289999961853027,47100
2023-09-05,4.230000019073486,4.289999961853027,4.179999828338623,4.25,36500
2023-09-06,4.300000190734863,4.369999885559082,4.119999885559082,4.269999980926514,33500
2023-09-07,4.389999866485596,4.570000171661377,4.329999923706055,4.329999923706055,41200
2023-09-08,4.389999866485596,4.539999961853027,4.260000228881836,4.369999885559082,49000
2023-09-11,4.389999866485596,4.460000038146973,4.28000020980835,4.329999923706055,29100
2023-09-12,4.559999942779541,4.619999885559082,4.320000171661377,4.320000171661377,24200
2023-09-13,4.840000152587891,4.96999979019165,4.650000095367432,4.650000095367432,55300
2023-09-14,5.050000190734863,5.050000190734863,4.690000057220459,4.690000057220459,40900
2023-09-15,4.559999942779541,5.050000190734863,4.539999961853027,4.989999771118164,73500
2023-09-18,4.539999961853027,4.650000095367432,4.349999904632568,4.510000228881836,70800
2023-09-19,4.360000133514404,4.650000095367432,4.360000133514404,4.460000038146973,98800
2023-09-20,4.349999904632568,4.599999904632568,4.349999904632568,4.460000038146973,43500
2023-09-21,4.349999904632568,4.369999885559082,4.300000190734863,4.300000190734863,22900
2023-09-22,4.349999904632568,4.369999885559082,4.349999904632568,4.360000133514404,12100
2023-09-25,4.360000133514404,4.409999847412109,4.309999942779541,4.309999942779541,11900
2023-09-26,4.360000133514404,4.46999979019165,4.340000152587891,4.340000152587891,114600
2023-09-27,4.369999885559082,4.5,4.369999885559082,4.420000076293945,11700
2023-09-28,4.360000133514404,4.449999809265137,4.360000133514404,4.360000133514404,13200
2023-09-29,4.369999885559082,4.440000057220459,4.360000133514404,4.389999866485596,11200
2023-10-02,4.380000114440918,4.440000057220459,4.360000133514404,4.369999885559082,19500
2023-10-03,4.360000133514404,4.619999885559082,4.360000133514404,4.360000133514404,32900
2023-10-04,4.389999866485596,4.510000228881836,4.329999923706055,4.389999866485596,28700
2023-10-05,4.429999828338623,4.550000190734863,4.389999866485596,4.389999866485596,15600
2023-10-06,4.369999885559082,4.510000228881836,4.360000133514404,4.369999885559082,5900
2023-10-09,4.400000095367432,4.519999980926514,4.360000133514404,4.369999885559082,28400
2023-10-10,4.360000133514404,4.510000228881836,4.360000133514404,4.369999885559082,18300
2023-10-11,4.360000133514404,4.5,4.360000133514404,4.369999885559082,25100
2023-10-12,4.369999885559082,4.400000095367432,4.360000133514404,4.360000133514404,18400
2023-10-13,4.369999885559082,4.489999771118164,4.360000133514404,4.360000133514404,10700
2023-10-16,4.360000133514404,4.420000076293945,4.360000133514404,4.360000133514404,20800
2023-10-17,4.480000019073486,4.690000057220459,4.360000133514404,4.360000133514404,23900
2023-10-18,4.610000133514404,4.670000076293945,4.429999828338623,4.429999828338623,11500
2023-10-19,4.510000228881836,4.579999923706055,4.5,4.539999961853027,13800
2023-10-20,4.550000190734863,4.619999885559082,4.53000020980835,4.599999904632568,6600
2023-10-23,4.539999961853027,4.610000133514404,4.519999980926514,4.519999980926514,12500
2023-10-24,4.489999771118164,4.579999923706055,4.449999809265137,4.519999980926514,16600
2023-10-25,4.519999980926514,4.550000190734863,4.440000057220459,4.480000019073486,16800
2023-10-26,4.5,4.550000190734863,4.440000057220459,4.5,12900
2023-10-27,4.519999980926514,4.519999980926514,4.429999828338623,4.519999980926514,9300
2023-10-30,4.519999980926514,4.679999828338623,4.429999828338623,4.489999771118164,11000
2023-10-31,4.389999866485596,4.5,4.360000133514404,4.46999979019165,25800
2023-11-01,4.449999809265137,4.559999942779541,4.360000133514404,4.400000095367432,20100
2023-11-02,4.519999980926514,4.519999980926514,4.429999828338623,4.5,7000
2023-11-03,4.539999961853027,4.670000076293945,4.510000228881836,4.519999980926514,3000
2023-11-06,4.579999923706055,5.0,4.510000228881836,4.630000114440918,13500
2023-11-07,4.590000152587891,4.75,4.579999923706055,4.639999866485596,9000
2023-11-08,4.730000019073486,4.730000019073486,4.5,4.510000228881836,4200
2023-11-09,5.099999904632568,5.139999866485596,4.510000228881836,4.510000228881836,28700
2023-11-10,4.550000190734863,4.989999771118164,4.519999980926514,4.989999771118164,62900
2023-11-13,4.539999961853027,4.739999771118164,4.519999980926514,4.519999980926514,19200
2023-11-14,4.349999904632568,4.579999923706055,4.349999904632568,4.519999980926514,38400
2023-11-15,4.349999904632568,4.440000057220459,4.269999980926514,4.269999980926514,29800
2023-11-16,4.360000133514404,4.420000076293945,4.360000133514404,4.369999885559082,10800
2023-11-17,4.420000076293945,4.650000095367432,4.360000133514404,4.369999885559082,16200
2023-11-20,4.460000038146973,4.630000114440918,4.28000020980835,4.389999866485596,108100
2023-11-21,4.369999885559082,4.53000020980835,4.360000133514404,4.409999847412109,22400
2023-11-22,4.449999809265137,4.590000152587891,4.25,4.25,20100
2023-11-24,4.489999771118164,4.53000020980835,4.409999847412109,4.409999847412109,2400
2023-11-27,4.579999923706055,4.639999866485596,4.420000076293945,4.429999828338623,10600
2023-11-28,4.599999904632568,4.75,4.510000228881836,4.510000228881836,22100
2023-11-29,4.670000076293945,4.809999942779541,4.599999904632568,4.599999904632568,8900
2023-11-30,5.070000171661377,5.699999809265137,4.880000114440918,5.139999866485596,47600
2023-12-01,4.96999979019165,5.139999866485596,4.900000095367432,5.03000020980835,18700
2023-12-04,4.849999904632568,5.050000190734863,4.849999904632568,4.989999771118164,9400
2023-12-05,4.800000190734863,4.989999771118164,4.739999771118164,4.800000190734863,21600
2023-12-06,4.800000190734863,5.059999942779541,4.800000190734863,4.800000190734863,21400
2023-12-07,5.090000152587891,5.199999809265137,5.010000228881836,5.010000228881836,28200
2023-12-08,5.03000020980835,5.329999923706055,4.949999809265137,5.010000228881836,49600
2023-12-11,4.610000133514404,5.059999942779541,4.610000133514404,4.980000019073486,32400
2023-12-12,4.769999980926514,5.0,4.650000095367432,4.650000095367432,33400
2023-12-13,4.489999771118164,4.940000057220459,4.489999771118164,4.760000228881836,73200
2023-12-14,4.5,4.800000190734863,4.5,4.610000133514404,31700
2023-12-15,4.5,4.630000114440918,4.5,4.53000020980835,45100
2023-12-18,4.550000190734863,4.71999979019165,4.5,4.5,36300
2023-12-19,4.5,4.679999828338623,4.5,4.5,31900
2023-12-20,4.510000228881836,4.619999885559082,4.5,4.519999980926514,20500
2023-12-21,4.639999866485596,4.739999771118164,4.5,4.5,25500
2023-12-22,4.639999866485596,4.699999809265137,4.510000228881836,4.510000228881836,24300
2023-12-26,4.730000019073486,4.820000171661377,4.559999942779541,4.690000057220459,29300
2023-12-27,4.630000114440918,4.71999979019165,4.619999885559082,4.71999979019165,22100
2023-12-28,4.5,4.659999847412109,4.5,4.630000114440918,23400
2023-12-29,4.519999980926514,4.800000190734863,4.340000152587891,4.5,53200
2024-01-02,4.639999866485596,4.699999809265137,4.5,4.5,7700
2024-01-03,4.699999809265137,4.710000038146973,4.550000190734863,4.619999885559082,25000
2024-01-04,4.829999923706055,5.150000095367432,4.659999847412109,4.659999847412109,41500
2024-01-05,4.75,5.070000171661377,4.75,4.989999771118164,51500
2024-01-08,5.260000228881836,5.300000190734863,4.590000152587891,4.590000152587891,57400
2024-01-09,5.099999904632568,5.289999961853027,4.960000038146973,5.289999961853027,21600
2024-01-10,5.039999961853027,5.300000190734863,4.960000038146973,5.03000020980835,30500
2024-01-11,4.940000057220459,5.230000019073486,4.900000095367432,5.230000019073486,41400
2024-01-12,4.900000095367432,5.21999979019165,4.900000095367432,4.900000095367432,30000
2024-01-16,5.0,5.239999771118164,4.869999885559082,4.960000038146973,18400
2024-01-17,5.03000020980835,5.039999961853027,4.909999847412109,4.909999847412109,11600
2024-01-18,5.03000020980835,5.199999809265137,4.920000076293945,4.960000038146973,17300
2024-01-19,4.949999809265137,5.050000190734863,4.949999809265137,4.980000019073486,8100
2024-01-22,5.110000133514404,5.150000095367432,4.71999979019165,4.900000095367432,33300
2024-01-23,4.949999809265137,5.190000057220459,4.949999809265137,5.019999980926514,28400
2024-01-24,5.03000020980835,5.170000076293945,4.900000095367432,4.900000095367432,13800
2024-01-25,4.929999828338623,5.269999980926514,4.929999828338623,4.96999979019165,14700
2024-01-26,4.940000057220459,5.0,4.889999866485596,4.929999828338623,5100
2024-01-29,4.78000020980835,4.989999771118164,4.730000019073486,4.809999942779541,24200
2024-01-30,4.760000228881836,4.849999904632568,4.510000228881836,4.730000019073486,33400
2024-01-31,4.849999904632568,4.889999866485596,4.539999961853027,4.699999809265137,14500
2024-02-01,5.010000228881836,5.119999885559082,4.860000133514404,4.880000114440918,25500
2024-02-02,5.079999923706055,5.110000133514404,5.0,5.010000228881836,8400
2024-02-05,5.059999942779541,5.079999923706055,5.0,5.079999923706055,18600
2024-02-06,5.190000057220459,5.190000057220459,5.0,5.0,8500
2024-02-07,5.199999809265137,5.199999809265137,5.059999942779541,5.079999923706055,6900
2024-02-08,5.25,5.25,5.0,5.090000152587891,19700
2024-02-09,5.239999771118164,5.25,5.119999885559082,5.119999885559082,6100
2024-02-12,5.190000057220459,5.25,5.150000095367432,5.239999771118164,14500
2024-02-13,4.920000076293945,5.170000076293945,4.920000076293945,5.099999904632568,14400
2024-02-14,5.03000020980835,5.050000190734863,4.869999885559082,4.909999847412109,9400
2024-02-15,4.960000038146973,5.03000020980835,4.900000095367432,4.900000095367432,5400
2024-02-16,4.980000019073486,5.019999980926514,4.909999847412109,4.960000038146973,9300
2024-02-20,4.949999809265137,5.25,4.940000057220459,4.940000057220459,77600
2024-02-21,4.949999809265137,5.090000152587891,4.949999809265137,5.090000152587891,7700
2024-02-22,4.960000038146973,5.0,4.920000076293945,4.920000076293945,5100
2024-02-23,4.960000038146973,5.0,4.920000076293945,4.96999979019165,9400
2024-02-26,5.079999923706055,5.079999923706055,4.980000019073486,4.989999771118164,22400
2024-02-27,5.03000020980835,5.159999847412109,4.929999828338623,5.03000020980835,50500
2024-02-28,4.739999771118164,5.21999979019165,4.71999979019165,5.210000038146973,66200
2024-02-29,4.46999979019165,4.800000190734863,4.46999979019165,4.769999980926514,113100
2024-03-01,4.559999942779541,4.570000171661377,4.369999885559082,4.519999980926514,50300
2024-03-04,4.610000133514404,4.760000228881836,4.570000171661377,4.760000228881836,8300
2024-03-05,4.71999979019165,4.71999979019165,4.510000228881836,4.539999961853027,25700
2024-03-06,4.590000152587891,4.699999809265137,4.53000020980835,4.670000076293945,13200
2024-03-07,4.71999979019165,4.860000133514404,4.550000190734863,4.550000190734863,7300
2024-03-08,4.75,4.809999942779541,4.550000190734863,4.659999847412109,8600
2024-03-11,4.909999847412109,4.989999771118164,4.710000038146973,4.710000038146973,7600
2024-03-12,4.800000190734863,4.949999809265137,4.730000019073486,4.940000057220459,12800
2024-03-13,5.050000190734863,5.139999866485596,4.869999885559082,4.940000057220459,13000
2024-03-14,4.860000133514404,5.070000171661377,4.860000133514404,5.070000171661377,9300
2024-03-15,5.039999961853027,5.190000057220459,4.46999979019165,4.46999979019165,27400
2024-03-18,5.139999866485596,5.349999904632568,4.889999866485596,4.889999866485596,51000
2024-03-19,5.230000019073486,5.349999904632568,5.0,5.170000076293945,28000
2024-03-20,5.53000020980835,5.650000095367432,5.090000152587891,5.239999771118164,47000
2024-03-21,5.619999885559082,5.860000133514404,5.5,5.630000114440918,44800
2024-03-22,5.840000152587891,6.0,5.510000228881836,5.539999961853027,35700
2024-03-25,6.199999809265137,6.199999809265137,5.75,5.849999904632568,49600
2024-03-26,6.289999961853027,6.699999809265137,6.159999847412109,6.619999885559082,49300
2024-03-27,6.260000228881836,6.710000038146973,6.210000038146973,6.380000114440918,32700
2024-03-28,6.46999979019165,6.550000190734863,6.230000019073486,6.460000038146973,16000
2024-04-01,6.849999904632568,6.929999828338623,6.539999961853027,6.590000152587891,33500
2024-04-02,6.889999866485596,6.960000038146973,6.760000228881836,6.949999809265137,50100
2024-04-03,6.619999885559082,6.880000114440918,6.420000076293945,6.800000190734863,37500
2024-04-04,6.579999923706055,6.75,6.5,6.639999866485596,21700
2024-04-05,6.800000190734863,6.920000076293945,6.670000076293945,6.670000076293945,45600
2024-04-08,6.599999904632568,6.880000114440918,6.5,6.880000114440918,35700
2024-04-09,6.099999904632568,6.639999866485596,6.059999942779541,6.610000133514404,26600
2024-04-10,6.130000114440918,6.21999979019165,6.010000228881836,6.039999961853027,18900
2024-04-11,6.400000095367432,6.699999809265137,6.179999828338623,6.599999904632568,83100
2024-04-12,6.519999980926514,6.639999866485596,6.289999961853027,6.579999923706055,26400
2024-04-15,6.159999847412109,6.769999980926514,6.119999885559082,6.630000114440918,48000
2024-04-16,7.349999904632568,7.480000019073486,6.269999980926514,6.539999961853027,190000
2024-04-17,6.269999980926514,7.46999979019165,6.050000190734863,7.46999979019165,83000
2024-04-18,5.440000057220459,6.320000171661377,5.329999923706055,6.320000171661377,1176700
2024-04-19,5.260000228881836,5.309999942779541,5.050000190734863,5.309999942779541,99300
2024-04-22,4.900000095367432,5.170000076293945,4.900000095367432,5.170000076293945,62100
2024-04-23,5.159999847412109,5.389999866485596,4.889999866485596,4.889999866485596,16600
2024-04-24,5.059999942779541,5.460000038146973,5.050000190734863,5.170000076293945,15600
2024-04-25,4.949999809265137,5.230000019073486,4.900000095367432,5.059999942779541,12200
2024-04-26,4.710000038146973,4.949999809265137,4.599999904632568,4.949999809265137,60000
2024-04-29,4.610000133514404,4.840000152587891,4.599999904632568,4.769999980926514,22100
2024-04-30,4.610000133514404,4.71999979019165,4.449999809265137,4.590000152587891,54500
2024-05-01,5.190000057220459,5.320000171661377,4.579999923706055,4.579999923706055,31900
2024-05-02,5.309999942779541,5.349999904632568,5.010000228881836,5.25,44600
2024-05-03,5.420000076293945,5.5,5.199999809265137,5.300000190734863,38400
2024-05-06,5.340000152587891,5.619999885559082,5.119999885559082,5.46999979019165,40400
2024-05-07,5.059999942779541,5.360000133514404,5.039999961853027,5.340000152587891,15900
2024-05-08,5.389999866485596,5.550000190734863,5.119999885559082,5.25,57300
2024-05-09,4.920000076293945,5.420000076293945,4.920000076293945,5.389999866485596,71100
2024-05-10,5.050000190734863,5.070000171661377,4.739999771118164,4.960000038146973,32800
2024-05-13,5.289999961853027,5.289999961853027,5.050000190734863,5.050000190734863,48000
2024-05-14,5.070000171661377,5.21999979019165,4.960000038146973,5.21999979019165,39700
2024-05-15,5.139999866485596,5.340000152587891,5.0,5.0,32900
2024-05-16,5.110000133514404,5.210000038146973,4.869999885559082,5.070000171661377,77500
2024-05-17,5.03000020980835,5.079999923706055,4.909999847412109,5.03000020980835,53900
2024-05-20,5.239999771118164,5.260000228881836,4.989999771118164,4.989999771118164,24800
2024-05-21,5.210000038146973,5.239999771118164,5.059999942779541,5.179999828338623,37500
2024-05-22,5.159999847412109,5.369999885559082,5.03000020980835,5.179999828338623,35000
2024-05-23,5.329999923706055,5.449999809265137,4.929999828338623,5.449999809265137,135600
2024-05-24,5.050000190734863,5.449999809265137,5.019999980926514,5.349999904632568,49700
2024-05-28,5.119999885559082,5.360000133514404,5.0,5.139999866485596,39200
2024-05-29,5.150000095367432,5.150000095367432,4.980000019073486,5.03000020980835,50300
2024-05-30,4.940000057220459,5.199999809265137,4.860000133514404,5.090000152587891,84300
2024-05-31,5.150000095367432,5.21999979019165,4.909999847412109,4.949999809265137,27300
2024-06-03,4.989999771118164,5.190000057220459,4.880000114440918,5.190000057220459,28600
2024-06-04,4.849999904632568,4.980000019073486,4.800000190734863,4.960000038146973,17100
2024-06-05,4.860000133514404,4.949999809265137,4.800000190734863,4.800000190734863,28100
2024-06-06,4.800000190734863,4.940000057220459,4.679999828338623,4.880000114440918,29900
2024-06-07,4.639999866485596,4.849999904632568,4.599999904632568,4.849999904632568,28600
2024-06-10,4.5,4.630000114440918,4.420000076293945,4.599999904632568,32000
2024-06-11,4.630000114440918,4.630000114440918,4.46999979019165,4.480000019073486,26000
2024-06-12,4.769999980926514,4.829999923706055,4.559999942779541,4.579999923706055,27000
2024-06-13,4.650000095367432,4.840000152587891,4.599999904632568,4.739999771118164,14500
2024-06-14,4.590000152587891,4.75,4.5,4.699999809265137,33600
2024-06-17,4.550000190734863,4.699999809265137,4.480000019073486,4.610000133514404,27700
2024-06-18,4.5,4.679999828338623,4.5,4.510000228881836,22000
2024-06-20,4.349999904632568,4.53000020980835,4.329999923706055,4.489999771118164,38200
2024-06-21,4.389999866485596,4.489999771118164,4.349999904632568,4.360000133514404,38200
2024-06-24,4.349999904632568,4.489999771118164,4.329999923706055,4.329999923706055,19900
2024-06-25,4.320000171661377,4.400000095367432,4.320000171661377,4.329999923706055,26300
2024-06-26,4.260000228881836,4.389999866485596,4.199999809265137,4.289999961853027,23100
2024-06-27,4.269999980926514,4.329999923706055,4.199999809265137,4.210000038146973,12400
2024-06-28,4.179999828338623,4.269999980926514,4.03000020980835,4.269999980926514,36900
2024-07-01,4.059999942779541,4.179999828338623,4.0,4.159999847412109,17600
2024-07-02,3.799999952316284,4.03000020980835,3.799999952316284,4.03000020980835,26400
2024-07-03,3.630000114440918,3.700000047683716,3.559999942779541,3.6500000953674316,29000
2024-07-05,3.240000009536743,3.549999952316284,3.180000066757202,3.549999952316284,84100
2024-07-08,3.359999895095825,3.740000009536743,3.200000047683716,3.2300000190734863,32700
2024-07-09,3.5,3.690000057220459,3.319999933242798,3.3499999046325684,49300
2024-07-10,3.4700000286102295,3.6500000953674316,3.4700000286102295,3.5999999046325684,29500
2024-07-11,3.4700000286102295,3.640000104904175,3.4600000381469727,3.5299999713897705,15400
2024-07-12,3.299999952316284,3.549999952316284,3.200000047683716,3.5,45500
2024-07-15,3.2200000286102295,3.450000047683716,3.2100000381469727,3.309999942779541,37300
2024-07-16,3.2799999713897705,3.390000104904175,3.2300000190734863,3.2699999809265137,36600
2024-07-17,3.240000009536743,3.430000066757202,3.240000009536743,3.2699999809265137,39000
2024-07-18,3.2100000381469727,3.359999895095825,3.180000066757202,3.240000009536743,23500
2024-07-19,3.119999885559082,3.299999952316284,3.0999999046325684,3.1600000858306885,32400
2024-07-22,3.109999895095825,3.2699999809265137,3.059999942779541,3.130000114440918,30800
2024-07-23,3.130000114440918,3.299999952316284,3.0999999046325684,3.2300000190734863,28400
2024-07-24,3.109999895095825,3.2899999618530273,3.069999933242798,3.0899999141693115,16200
2024-07-25,3.0299999713897705,3.25,3.0299999713897705,3.069999933242798,15300
2024-07-26,3.2200000286102295,3.369999885559082,3.009999990463257,3.009999990463257,12400
2024-07-29,3.0999999046325684,3.2799999713897705,3.0899999141693115,3.180000066757202,7600
2024-07-30,3.180000066757202,3.2899999618530273,3.059999942779541,3.180000066757202,21600
2024-07-31,3.059999942779541,3.2300000190734863,3.059999942779541,3.1500000953674316,34300
2024-08-01,3.0,3.2200000286102295,3.0,3.180000066757202,14200
2024-08-02,2.9200000762939453,3.0799999237060547,2.75,3.0,15700
2024-08-05,2.5299999713897705,2.8499999046325684,2.369999885559082,2.799999952316284,28700
2024-08-06,2.7300000190734863,2.8399999141693115,2.4800000190734863,2.5299999713897705,32300
2024-08-07,2.5799999237060547,2.7300000190734863,2.509999990463257,2.700000047683716,14900
2024-08-08,2.5399999618530273,2.6600000858306885,2.5399999618530273,2.6500000953674316,13900
2024-08-09,2.5299999713897705,2.799999952316284,2.5199999809265137,2.5999999046325684,18500
2024-08-12,2.6500000953674316,2.7699999809265137,2.509999990463257,2.5399999618530273,49300
2024-08-13,2.4700000286102295,2.75,2.430000066757202,2.630000114440918,25500
2024-08-14,2.5,2.7200000286102295,2.3499999046325684,2.4700000286102295,61400
2024-08-15,2.259999990463257,2.7200000286102295,2.0399999618530273,2.430000066757202,48600
2024-08-16,2.5,2.5999999046325684,2.1600000858306885,2.2699999809265137,72800
2024-08-19,2.940000057220459,2.990000009536743,2.5,2.5,65900
2024-08-20,2.8499999046325684,2.9200000762939453,2.759999990463257,2.869999885559082,40400
2024-08-21,2.8299999237060547,2.869999885559082,2.680000066757202,2.809999942779541,4700
2024-08-22,2.7799999713897705,2.7799999713897705,2.700000047683716,2.759999990463257,5800
2024-08-23,2.690000057220459,2.819999933242798,2.619999885559082,2.690000057220459,19100
2024-08-26,2.450000047683716,2.700000047683716,2.4200000762939453,2.6600000858306885,25800
2024-08-27,2.359999895095825,2.7200000286102295,2.3499999046325684,2.430000066757202,20500
2024-08-28,2.3399999141693115,2.4800000190734863,2.180000066757202,2.4000000953674316,29900
2024-08-29,2.4000000953674316,2.609999895095825,2.2699999809265137,2.440000057220459,60100
2024-08-30,2.690000057220459,2.759999990463257,2.4000000953674316,2.4700000286102295,25500
2024-09-03,2.5299999713897705,2.7100000381469727,2.4800000190734863,2.7100000381469727,14000
2024-09-04,2.5899999141693115,2.7100000381469727,2.509999990463257,2.509999990463257,3900
2024-09-05,2.5299999713897705,2.7799999713897705,2.5299999713897705,2.640000104904175,2900
2024-09-06,2.75,3.0,2.4100000858306885,2.490000009536743,55100
2024-09-09,2.75,2.9000000953674316,2.7300000190734863,2.7899999618530273,38500
2024-09-10,2.759999990463257,2.9700000286102295,2.7200000286102295,2.740000009536743,9300
2024-09-11,2.700000047683716,2.9700000286102295,2.609999895095825,2.7699999809265137,67800
2024-09-12,2.5899999141693115,2.940000057220459,2.509999990463257,2.7799999713897705,40300
2024-09-13,2.450000047683716,2.8299999237060547,2.4100000858306885,2.75,74600
2024-09-16,2.4000000953674316,2.7200000286102295,2.4000000953674316,2.5,29500
2024-09-17,2.630000114440918,2.690000057220459,2.4000000953674316,2.4000000953674316,62100
2024-09-18,2.450000047683716,2.690000057220459,2.450000047683716,2.569999933242798,38700
2024-09-19,2.509999990463257,2.640000104904175,2.450000047683716,2.4700000286102295,12400
2024-09-20,2.3399999141693115,2.559999942779541,2.25,2.559999942779541,74700
2024-09-23,2.380000114440918,2.440000057220459,2.299999952316284,2.3399999141693115,16300
2024-09-24,2.200000047683716,2.4000000953674316,2.200000047683716,2.3499999046325684,27300
2024-09-25,2.1600000858306885,2.25,2.069999933242798,2.25,53800
2024-09-26,2.2699999809265137,2.2899999618530273,2.0,2.200000047683716,43100
2024-09-27,2.4000000953674316,2.450000047683716,2.25,2.25,26700
2024-09-30,2.4200000762939453,2.4200000762939453,2.299999952316284,2.380000114440918,17900
2024-10-01,2.25,2.440000057220459,2.180000066757202,2.440000057220459,20800
2024-10-02,2.4000000953674316,2.440000057220459,2.2200000286102295,2.25,24000
2024-10-03,2.4000000953674316,2.4700000286102295,2.3499999046325684,2.390000104904175,5200
2024-10-04,2.4600000381469727,2.4800000190734863,2.3499999046325684,2.369999885559082,6000
2024-10-07,2.4700000286102295,2.4700000286102295,2.259999990463257,2.430000066757202,30200
2024-10-08,2.319999933242798,2.430000066757202,2.240000009536743,2.4200000762939453,14400
2024-10-09,2.2899999618530273,2.440000057220459,2.2300000190734863,2.299999952316284,19600
2024-10-10,2.2300000190734863,2.3399999141693115,2.2100000381469727,2.319999933242798,25400
2024-10-11,2.4100000858306885,2.440000057220459,2.190000057220459,2.2699999809265137,11800
2024-10-14,2.4000000953674316,2.4700000286102295,2.309999942779541,2.4700000286102295,6000
2024-10-15,2.2899999618530273,2.4000000953674316,2.25,2.369999885559082,23200
2024-10-16,2.380000114440918,2.390000104904175,2.1500000953674316,2.2699999809265137,62200
2024-10-17,2.440000057220459,2.4800000190734863,2.3499999046325684,2.380000114440918,39700
2024-10-18,2.4000000953674316,2.4800000190734863,2.2699999809265137,2.450000047683716,29400
2024-10-21,2.4000000953674316,2.5,2.2899999618530273,2.4100000858306885,17500
2024-10-22,2.440000057220459,2.450000047683716,2.309999942779541,2.4000000953674316,16100
2024-10-23,2.299999952316284,2.450000047683716,2.2699999809265137,2.3499999046325684,13900
2024-10-24,2.309999942779541,2.380000114440918,2.2699999809265137,2.380000114440918,16600
2024-10-25,2.390000104904175,2.440000057220459,2.25,2.2699999809265137,14800
2024-10-28,2.4000000953674316,2.4000000953674316,2.299999952316284,2.3499999046325684,25900
2024-10-29,2.25,2.390000104904175,2.240000009536743,2.390000104904175,28000
2024-10-30,2.2699999809265137,2.390000104904175,2.2200000286102295,2.299999952316284,42300
2024-10-31,2.2899999618530273,2.390000104904175,2.2200000286102295,2.2200000286102295,13900
2024-11-01,2.140000104904175,2.2799999713897705,2.119999885559082,2.259999990463257,22500
2024-11-04,2.190000057220459,2.2300000190734863,2.0999999046325684,2.130000114440918,41700
2024-11-05,2.0799999237060547,2.1700000762939453,2.0799999237060547,2.1600000858306885,20600
2024-11-06,1.940000057220459,2.140000104904175,1.899999976158142,2.0899999141693115,75200
2024-11-07,1.4299999475479126,1.9199999570846558,1.3600000143051147,1.8899999856948853,233800
2024-11-08,0.7799999713897705,0.800000011920929,0.6600000262260437,0.699999988079071,2662000
2024-11-11,0.7400000095367432,0.8299999833106995,0.699999988079071,0.8299999833106995,591900
2024-11-12,0.7400000095367432,0.7599999904632568,0.7200000286102295,0.7599999904632568,239500
2024-11-13,0.7699999809265137,0.7900000214576721,0.6600000262260437,0.699999988079071,539700
2024-11-14,0.75,0.7900000214576721,0.75,0.7599999904632568,349800
2024-11-15,0.75,0.7699999809265137,0.7099999785423279,0.7300000190734863,132400
2024-11-18,0.7900000214576721,0.7900000214576721,0.7300000190734863,0.7699999809265137,305500
2024-11-19,0.7599999904632568,0.7900000214576721,0.7200000286102295,0.7900000214576721,143200
2024-11-20,0.7699999809265137,0.7699999809265137,0.7300000190734863,0.7599999904632568,45500
2024-11-21,0.7799999713897705,0.7799999713897705,0.7400000095367432,0.7699999809265137,270300
2024-11-22,0.7699999809265137,0.800000011920929,0.75,0.7799999713897705,199400
2024-11-25,0.7400000095367432,0.7900000214576721,0.7400000095367432,0.7599999904632568,113200
2024-11-26,0.75,0.75,0.7099999785423279,0.7400000095367432,92700
2024-11-27,0.7699999809265137,0.7799999713897705,0.7200000286102295,0.7300000190734863,77900
2024-11-29,0.7699999809265137,0.800000011920929,0.7400000095367432,0.75,99900
2024-12-02,0.7900000214576721,0.7900000214576721,0.7400000095367432,0.7599999904632568,187700
2024-12-03,0.7799999713897705,0.7799999713897705,0.75,0.7799999713897705,65900
2024-12-04,0.7099999785423279,0.7799999713897705,0.7099999785423279,0.7799999713897705,178400
2024-12-05,0.7099999785423279,0.7599999904632568,0.6600000262260437,0.7200000286102295,643100
2024-12-06,0.699999988079071,0.75,0.6800000071525574,0.699999988079071,331900
2024-12-09,0.7200000286102295,0.7200000286102295,0.6800000071525574,0.699999988079071,126300
2024-12-10,0.6700000166893005,0.7300000190734863,0.6700000166893005,0.699999988079071,412600
2024-12-11,0.6499999761581421,0.75,0.6399999856948853,0.6800000071525574,563700
2024-12-12,0.6800000071525574,0.699999988079071,0.6399999856948853,0.6499999761581421,315400
2024-12-13,0.6499999761581421,0.6700000166893005,0.6399999856948853,0.6700000166893005,387700
2024-12-16,0.6899999976158142,0.7200000286102295,0.6700000166893005,0.6800000071525574,266800
2024-12-17,0.6899999976158142,0.7400000095367432,0.6899999976158142,0.6899999976158142,125400
2024-12-18,0.699999988079071,0.7200000286102295,0.6600000262260437,0.6700000166893005,148400
2024-12-19,0.6499999761581421,0.7200000286102295,0.6499999761581421,0.699999988079071,84900
2024-12-20,0.6100000143051147,0.699999988079071,0.6100000143051147,0.6499999761581421,319200
2024-12-23,0.6299999952316284,0.6600000262260437,0.6200000047683716,0.6200000047683716,113200
2024-12-24,0.6299999952316284,0.6800000071525574,0.6299999952316284,0.6399999856948853,41100
2024-12-26,0.6299999952316284,0.6399999856948853,0.6200000047683716,0.6299999952316284,145500
2024-12-27,0.6399999856948853,0.6700000166893005,0.6200000047683716,0.6600000262260437,245200
2024-12-30,0.7200000286102295,0.7200000286102295,0.6399999856948853,0.699999988079071,302500
2024-12-31,0.7599999904632568,0.8600000143051147,0.7200000286102295,0.7699999809265137,733100
2025-01-02,0.8799999952316284,0.9200000166893005,0.7599999904632568,0.800000011920929,786100
2025-01-03,0.8299999833106995,0.9300000071525574,0.7799999713897705,0.9300000071525574,502500
2025-01-06,0.7300000190734863,0.8500000238418579,0.7099999785423279,0.8500000238418579,372800
2025-01-07,0.7200000286102295,0.75,0.6700000166893005,0.7400000095367432,241400
2025-01-08,0.5899999737739563,0.7300000190734863,0.5600000023841858,0.7300000190734863,824800
2025-01-10,0.6499999761581421,0.6700000166893005,0.5699999928474426,0.5699999928474426,495600
2025-01-13,0.6499999761581421,0.6600000262260437,0.5899999737739563,0.6299999952316284,319800
2025-01-14,0.6100000143051147,0.6499999761581421,0.5799999833106995,0.6299999952316284,249900
2025-01-15,0.6000000238418579,0.6299999952316284,0.5899999737739563,0.6000000238418579,184600
2025-01-16,0.6000000238418579,0.6299999952316284,0.5899999737739563,0.6000000238418579,129100
2025-01-17,0.6000000238418579,0.6200000047683716,0.5799999833106995,0.6200000047683716,182300
2025-01-21,0.6100000143051147,0.6299999952316284,0.5899999737739563,0.6000000238418579,446600
2025-01-22,0.5099999904632568,0.6200000047683716,0.46000000834465027,0.6100000143051147,1060500
2025-01-23,0.49000000953674316,0.5400000214576721,0.47999998927116394,0.49000000953674316,343700
2025-01-24,0.5400000214576721,0.5799999833106995,0.4399999976158142,0.49000000953674316,273800
2025-01-27,0.44510000944137573,0.5619000196456909,0.4399999976158142,0.559499979019165,272107
