Price,Close,High,Low,Open,Volume
Ticker,RENEW,RENEW,RENEW,RENEW,RENEW
Date,,,,,
2020-01-28,132.5,132.75,131.72999572753906,131.72999572753906,0
2020-01-29,132.82000732421875,133.07000732421875,132.5500030517578,132.67999267578125,0
2020-01-30,132.88999938964844,133.22000122070312,132.22000122070312,132.4499969482422,0
2020-01-31,132.39999389648438,133.05999755859375,131.7899932861328,132.91000366210938,0
2020-02-03,132.74000549316406,132.82000732421875,132.32000732421875,132.41000366210938,0
2020-02-04,132.4199981689453,133.05999755859375,132.1999969482422,132.5,0
2020-02-05,133.30999755859375,133.41000366210938,131.7100067138672,132.49000549316406,0
2020-02-06,134.4600067138672,134.69000244140625,132.97000122070312,133.50999450683594,0
2020-02-07,134.6199951171875,135.1999969482422,133.92999267578125,134.27000427246094,0
2020-02-10,134.83999633789062,134.83999633789062,133.7899932861328,134.33999633789062,0
2020-02-11,136.27000427246094,136.55999755859375,134.92999267578125,134.92999267578125,0
2020-02-12,135.66000366210938,136.8800048828125,135.3800048828125,136.49000549316406,0
2020-02-13,136.64999389648438,136.66000366210938,135.5,135.6199951171875,0
2020-02-14,138.17999267578125,138.24000549316406,136.77000427246094,136.8000030517578,0
2020-02-18,140.4600067138672,140.63999938964844,138.6999969482422,139.0399932861328,0
2020-02-19,140.82000732421875,141.61000061035156,140.16000366210938,140.39999389648438,0
2020-02-20,139.55999755859375,140.7100067138672,139.11000061035156,140.66000366210938,0
2020-02-21,140.75,140.88999938964844,139.1199951171875,139.39999389648438,0
2020-02-24,137.14999389648438,139.52000427246094,136.82000732421875,139.52000427246094,0
2020-02-25,134.36000061035156,137.58999633789062,134.36000061035156,136.89999389648438,0
2020-02-26,134.9499969482422,135.8000030517578,132.33999633789062,133.92999267578125,0
2020-02-27,132.4600067138672,135.4600067138672,132.4600067138672,134.8000030517578,0
2020-02-28,128.05999755859375,131.67999267578125,125.94000244140625,131.67999267578125,0
2020-03-02,131.97999572753906,132.1699981689453,128.27999877929688,129.3699951171875,0
2020-03-03,134.10000610351562,135.82000732421875,132.2899932861328,132.2899932861328,0
2020-03-04,138.9199981689453,138.9499969482422,133.4499969482422,133.91000366210938,0
2020-03-05,138.11000061035156,139.83999633789062,137.1699981689453,139.27000427246094,0
2020-03-06,134.32000732421875,137.9199981689453,133.07000732421875,137.9199981689453,0
2020-03-09,125.91999816894531,133.9199981689453,125.83999633789062,133.9199981689453,0
2020-03-10,120.63999938964844,127.23999786376953,119.43000030517578,125.5,0
2020-03-11,118.27999877929688,123.25,117.94999694824219,120.98999786376953,0
2020-03-12,101.3499984741211,117.33000183105469,101.3499984741211,117.33000183105469,0
2020-03-13,105.19999694824219,110.77999877929688,102.06999969482422,102.87000274658203,0
2020-03-16,100.20999908447266,105.30000305175781,96.87000274658203,105.30000305175781,0
2020-03-17,104.95999908447266,105.52999877929688,99.5199966430664,100.3499984741211,0
2020-03-18,99.86000061035156,104.6500015258789,99.26000213623047,104.6500015258789,0
2020-03-19,99.02999877929688,100.44000244140625,96.9800033569336,99.48999786376953,0
2020-03-20,98.3499984741211,102.94999694824219,97.76000213623047,100.43000030517578,0
2020-03-23,94.01000213623047,97.95999908447266,93.44000244140625,97.91999816894531,0
2020-03-24,101.0,101.0,95.75,95.75,0
2020-03-25,105.66000366210938,107.02999877929688,101.05000305175781,102.30999755859375,0
2020-03-26,110.80999755859375,111.18000030517578,105.31999969482422,106.05999755859375,0
2020-03-27,108.62999725341797,110.81999969482422,106.83999633789062,110.81999969482422,0
2020-03-30,111.1500015258789,111.3499984741211,107.68000030517578,109.19000244140625,0
2020-03-31,111.19999694824219,112.9000015258789,109.79000091552734,111.41999816894531,0
2020-04-01,106.38999938964844,111.25,106.01000213623047,111.25,0
2020-04-02,106.5,106.87999725341797,104.2699966430664,106.70999908447266,0
2020-04-03,105.06999969482422,106.30999755859375,104.75,106.30999755859375,0
2020-04-06,107.36000061035156,107.5999984741211,105.1500015258789,105.8499984741211,0
2020-04-07,108.7699966430664,111.16000366210938,108.33000183105469,108.33000183105469,0
2020-04-08,109.55000305175781,109.7300033569336,107.98999786376953,108.69999694824219,0
2020-04-09,112.87000274658203,113.1500015258789,109.81999969482422,110.08999633789062,0
2020-04-13,112.05000305175781,113.16000366210938,111.73999786376953,113.08000183105469,0
2020-04-14,113.48999786376953,113.94999694824219,112.05000305175781,112.55999755859375,0
2020-04-15,110.38999938964844,113.5,110.1500015258789,113.19000244140625,0
2020-04-16,110.5,111.7699966430664,109.94999694824219,110.2300033569336,0
2020-04-17,112.5999984741211,112.5999984741211,110.8499984741211,110.8499984741211,0
2020-04-20,111.33000183105469,112.7699966430664,110.91999816894531,112.27999877929688,0
2020-04-21,108.58999633789062,110.87999725341797,108.19000244140625,110.87999725341797,0
2020-04-22,110.86000061035156,110.91999816894531,108.87999725341797,108.87999725341797,0
2020-04-23,111.13999938964844,111.98999786376953,110.41000366210938,110.9000015258789,0
2020-04-24,110.33000183105469,111.1500015258789,109.20999908447266,110.43000030517578,0
2020-04-27,112.37000274658203,112.37000274658203,110.94999694824219,110.94999694824219,0
2020-04-28,113.22000122070312,114.22000122070312,112.1500015258789,112.48999786376953,0
2020-04-29,114.45999908447266,114.91999816894531,113.04000091552734,113.80999755859375,0
2020-04-30,114.04000091552734,115.13999938964844,113.2699966430664,114.7300033569336,0
2020-05-01,113.2300033569336,113.75,112.91000366210938,113.56999969482422,0
2020-05-04,110.7699966430664,112.66999816894531,110.36000061035156,112.66999816894531,0
2020-05-05,112.01000213623047,112.37999725341797,110.48999786376953,111.0199966430664,0
2020-05-06,110.88999938964844,112.29000091552734,110.79000091552734,111.98999786376953,0
2020-05-07,111.4000015258789,112.08999633789062,110.9800033569336,110.9800033569336,0
2020-05-08,113.72000122070312,113.72000122070312,112.3499984741211,112.45999908447266,0
2020-05-11,112.80999755859375,113.93000030517578,112.0999984741211,113.80999755859375,0
2020-05-12,114.06999969482422,114.5999984741211,112.9000015258789,112.98999786376953,0
2020-05-13,113.02999877929688,113.94999694824219,112.41999816894531,113.37999725341797,0
2020-05-14,111.12000274658203,112.56999969482422,109.55000305175781,112.56999969482422,0
2020-05-15,110.16999816894531,112.2699966430664,109.86000061035156,111.23999786376953,0
2020-05-18,114.16000366210938,114.69999694824219,110.7300033569336,110.7300033569336,0
2020-05-19,114.1500015258789,115.68000030517578,113.87999725341797,114.98999786376953,0
2020-05-20,115.86000061035156,116.30999755859375,113.79000091552734,113.94999694824219,0
2020-05-21,115.12000274658203,116.0199966430664,115.0199966430664,115.2699966430664,0
2020-05-22,115.30999755859375,115.44999694824219,113.76000213623047,114.80999755859375,0
2020-05-26,118.68000030517578,119.16999816894531,117.70999908447266,117.70999908447266,0
2020-05-27,119.18000030517578,119.5199966430664,117.95999908447266,118.70999908447266,0
2020-05-28,122.06999969482422,122.41999816894531,119.56999969482422,119.87000274658203,0
2020-05-29,122.91000366210938,123.0999984741211,121.62999725341797,121.79000091552734,0
2020-06-01,123.6500015258789,123.81999969482422,122.75,123.13999938964844,0
2020-06-02,125.93000030517578,126.08000183105469,123.66999816894531,123.66999816894531,0
2020-06-03,128.99000549316406,129.30999755859375,126.26000213623047,126.36000061035156,0
2020-06-04,128.7100067138672,129.77999877929688,128.07000732421875,128.82000732421875,0
2020-06-05,128.8300018310547,129.72000122070312,127.94000244140625,129.1199951171875,0
2020-06-08,129.5,129.64999389648438,127.76000213623047,128.5500030517578,0
2020-06-09,128.36000061035156,129.50999450683594,126.91999816894531,129.3000030517578,0
2020-06-10,128.2899932861328,129.4600067138672,128.0500030517578,128.44000244140625,0
2020-06-11,124.27999877929688,128.02999877929688,123.44999694824219,128.02999877929688,0
2020-06-12,123.51000213623047,125.44999694824219,122.83999633789062,123.0199966430664,0
2020-06-15,124.27999877929688,125.0,121.04000091552734,122.27999877929688,0
2020-06-16,125.9000015258789,127.48999786376953,125.19999694824219,125.19999694824219,0
2020-06-17,126.87000274658203,127.80000305175781,126.4800033569336,126.51000213623047,0
2020-06-18,127.12999725341797,127.80999755859375,125.25,127.0,0
2020-06-19,127.13999938964844,129.07000732421875,126.98999786376953,127.22000122070312,0
2020-06-22,127.88999938964844,128.1999969482422,126.29000091552734,127.12999725341797,0
2020-06-23,129.2100067138672,129.74000549316406,128.16000366210938,128.16000366210938,0
2020-06-24,126.18000030517578,128.88999938964844,125.79000091552734,128.88999938964844,0
2020-06-25,125.83999633789062,126.7699966430664,124.7300033569336,125.70999908447266,0
2020-06-26,124.93000030517578,127.04000091552734,124.93000030517578,126.02999877929688,0
2020-06-29,126.22000122070312,126.2699966430664,124.55999755859375,125.0199966430664,0
2020-06-30,126.83000183105469,127.30000305175781,125.62000274658203,126.1500015258789,0
2020-07-01,127.7699966430664,127.83000183105469,125.63999938964844,126.9000015258789,0
2020-07-02,130.36000061035156,130.8000030517578,127.91999816894531,127.91999816894531,0
2020-07-06,131.5399932861328,132.19000244140625,131.02999877929688,131.08999633789062,0
2020-07-07,131.16000366210938,131.52999877929688,130.1199951171875,131.0500030517578,0
2020-07-08,132.74000549316406,132.91000366210938,130.35000610351562,131.0500030517578,0
2020-07-09,130.38999938964844,132.77999877929688,130.05999755859375,132.77999877929688,0
2020-07-10,131.94000244140625,131.94000244140625,129.5399932861328,129.9499969482422,0
2020-07-13,133.02000427246094,133.4199981689453,131.83999633789062,132.67999267578125,0
2020-07-14,133.36000061035156,133.39999389648438,131.14999389648438,132.19000244140625,0
2020-07-15,135.2100067138672,135.9199981689453,133.75999450683594,133.7899932861328,0
2020-07-16,136.89999389648438,136.89999389648438,134.1699981689453,134.7899932861328,0
2020-07-17,138.0800018310547,138.3800048828125,136.50999450683594,136.50999450683594,0
2020-07-20,138.7899932861328,138.94000244140625,137.58999633789062,138.3800048828125,0
2020-07-21,140.08999633789062,140.77999877929688,139.02999877929688,139.02999877929688,0
2020-07-22,140.47999572753906,140.47999572753906,139.30999755859375,140.30999755859375,0
2020-07-23,140.0500030517578,140.61000061035156,139.4199981689453,140.2899932861328,0
2020-07-24,138.58999633789062,139.47999572753906,138.17999267578125,139.47999572753906,0
2020-07-27,139.11000061035156,139.58999633789062,138.19000244140625,139.14999389648438,0
2020-07-28,139.41000366210938,139.60000610351562,137.6999969482422,138.6300048828125,0
2020-07-29,140.30999755859375,140.63999938964844,139.1300048828125,139.5500030517578,0
2020-07-30,138.44000244140625,140.27000427246094,137.6699981689453,139.99000549316406,0
2020-07-31,138.72999572753906,140.88999938964844,137.82000732421875,139.66000366210938,0
2020-08-03,138.94000244140625,139.30999755859375,137.27000427246094,138.08999633789062,0
2020-08-04,139.2100067138672,140.0800018310547,137.85000610351562,139.50999450683594,0
2020-08-05,140.02999877929688,141.2899932861328,139.67999267578125,139.86000061035156,0
2020-08-06,139.0800018310547,140.22000122070312,138.64999389648438,140.02999877929688,0
2020-08-07,139.5800018310547,139.75999450683594,138.3300018310547,138.94000244140625,0
2020-08-10,139.50999450683594,140.0800018310547,138.97999572753906,139.4499969482422,0
2020-08-11,139.5800018310547,141.69000244140625,139.1300048828125,139.55999755859375,0
2020-08-12,141.52999877929688,141.61000061035156,138.0800018310547,139.05999755859375,0
2020-08-13,141.30999755859375,141.58999633789062,140.61000061035156,141.3000030517578,0
2020-08-14,139.86000061035156,140.75,139.3000030517578,140.69000244140625,0
2020-08-17,140.5399932861328,140.67999267578125,139.27000427246094,140.22000122070312,0
2020-08-18,140.3000030517578,141.83999633789062,140.25,140.67999267578125,0
2020-08-19,139.8699951171875,140.47999572753906,139.1999969482422,140.4499969482422,0
2020-08-20,138.3699951171875,139.27000427246094,137.85000610351562,139.27000427246094,0
2020-08-21,138.2899932861328,139.1300048828125,137.32000732421875,138.8699951171875,0
2020-08-24,140.52000427246094,141.30999755859375,138.97000122070312,138.97000122070312,0
2020-08-25,140.14999389648438,141.4499969482422,139.91000366210938,140.52999877929688,0
2020-08-26,139.85000610351562,140.0800018310547,139.3000030517578,140.0399932861328,0
2020-08-27,138.47999572753906,140.52999877929688,138.3800048828125,139.8300018310547,0
2020-08-28,139.1999969482422,139.9499969482422,138.5500030517578,139.14999389648438,0
2020-08-31,139.47999572753906,140.22999572753906,139.11000061035156,139.2899932861328,0
2020-09-01,138.83999633789062,140.80999755859375,138.16000366210938,139.7899932861328,0
2020-09-02,140.3300018310547,140.52000427246094,138.5,138.5,0
2020-09-03,138.55999755859375,141.83999633789062,138.0500030517578,140.42999267578125,0
2020-09-04,134.6999969482422,138.4199981689453,134.13999938964844,138.3300018310547,0
2020-09-08,135.11000061035156,137.2899932861328,134.22000122070312,137.08999633789062,0
2020-09-09,137.47999572753906,137.9199981689453,134.6699981689453,134.6699981689453,0
2020-09-10,137.0,138.08999633789062,136.3699951171875,137.72000122070312,0
2020-09-11,136.57000732421875,137.2100067138672,136.02000427246094,136.6300048828125,0
2020-09-14,136.55999755859375,137.3699951171875,136.3800048828125,137.02999877929688,0
2020-09-15,138.14999389648438,138.64999389648438,136.55999755859375,136.8300018310547,0
2020-09-16,137.11000061035156,138.55999755859375,136.67999267578125,138.16000366210938,0
2020-09-17,135.72999572753906,136.52999877929688,135.5,136.27999877929688,0
2020-09-18,135.80999755859375,136.58999633789062,135.49000549316406,136.1199951171875,0
2020-09-21,132.74000549316406,135.75999450683594,132.1999969482422,135.63999938964844,0
2020-09-22,132.6300048828125,133.94000244140625,132.32000732421875,132.8000030517578,0
2020-09-23,132.88999938964844,134.22999572753906,132.67999267578125,132.92999267578125,0
2020-09-24,132.27000427246094,133.2899932861328,131.47999572753906,132.57000732421875,0
2020-09-25,133.05999755859375,133.33999633789062,131.97999572753906,132.72000122070312,0
2020-09-28,134.74000549316406,135.27000427246094,133.47000122070312,133.47000122070312,0
2020-09-29,136.0500030517578,136.33999633789062,134.7100067138672,134.97000122070312,0
2020-09-30,135.67999267578125,136.77999877929688,135.42999267578125,135.9600067138672,0
2020-10-01,138.25,138.47999572753906,135.99000549316406,135.99000549316406,0
2020-10-02,138.88999938964844,139.1300048828125,137.6300048828125,138.1300048828125,0
2020-10-05,140.30999755859375,140.30999755859375,138.77000427246094,139.27999877929688,0
2020-10-06,140.63999938964844,141.3300018310547,139.8300018310547,140.30999755859375,0
2020-10-07,142.3300018310547,142.49000549316406,140.35000610351562,140.4600067138672,0
2020-10-08,143.5800018310547,143.77000427246094,142.72000122070312,142.77000427246094,0
2020-10-09,144.0399932861328,144.36000061035156,143.10000610351562,144.14999389648438,0
2020-10-12,146.38999938964844,146.47000122070312,144.24000549316406,144.3800048828125,0
2020-10-13,145.3300018310547,147.05999755859375,144.94000244140625,146.27999877929688,0
2020-10-14,146.75999450683594,147.27000427246094,144.50999450683594,145.44000244140625,0
2020-10-15,143.63999938964844,146.50999450683594,143.10000610351562,146.50999450683594,0
2020-10-16,145.11000061035156,145.17999267578125,143.52000427246094,143.52000427246094,0
2020-10-19,144.27999877929688,145.83999633789062,143.92999267578125,144.9600067138672,0
2020-10-20,144.6300048828125,145.3800048828125,143.72999572753906,143.99000549316406,0
2020-10-21,143.52999877929688,145.02000427246094,143.30999755859375,144.9499969482422,0
2020-10-22,142.38999938964844,143.13999938964844,141.97999572753906,143.13999938964844,0
2020-10-23,143.1699981689453,143.8699951171875,142.05999755859375,142.2100067138672,0
2020-10-26,142.16000366210938,143.1199951171875,141.6699981689453,143.07000732421875,0
2020-10-27,141.4499969482422,142.2100067138672,140.69000244140625,142.2100067138672,0
2020-10-28,136.6199951171875,140.6199951171875,136.02999877929688,140.6199951171875,0
2020-10-29,135.2100067138672,137.14999389648438,134.25999450683594,136.22000122070312,0
2020-10-30,135.47000122070312,136.6999969482422,135.02000427246094,135.58999633789062,0
2020-11-02,137.6999969482422,137.80999755859375,134.61000061035156,135.72000122070312,0
2020-11-03,140.94000244140625,141.32000732421875,138.2899932861328,138.2899932861328,0
2020-11-04,141.80999755859375,142.4199981689453,137.3000030517578,139.99000549316406,0
2020-11-05,145.39999389648438,146.0800018310547,142.1699981689453,142.1699981689453,0
2020-11-06,145.83999633789062,146.1300048828125,144.6300048828125,145.86000061035156,0
2020-11-09,146.83999633789062,150.5800018310547,146.27000427246094,146.27000427246094,0
2020-11-10,146.99000549316406,148.1199951171875,145.58999633789062,147.32000732421875,0
2020-11-11,149.89999389648438,150.38999938964844,146.92999267578125,146.92999267578125,0
2020-11-12,149.27999877929688,150.47999572753906,148.8300018310547,149.8699951171875,0
2020-11-13,149.1699981689453,149.86000061035156,149.1300048828125,149.33999633789062,0
2020-11-16,149.14999389648438,150.0500030517578,148.88999938964844,149.9600067138672,0
2020-11-17,148.67999267578125,149.88999938964844,148.50999450683594,149.0800018310547,0
2020-11-18,148.52999877929688,149.17999267578125,148.25,148.5800018310547,0
2020-11-19,148.1699981689453,149.27999877929688,147.5,147.8800048828125,0
2020-11-20,150.16000366210938,150.5,148.22999572753906,148.4199981689453,0
2020-11-23,148.67999267578125,150.72999572753906,148.66000366210938,150.5,0
2020-11-24,149.42999267578125,150.22000122070312,148.77000427246094,149.08999633789062,0
2020-11-25,151.47000122070312,151.72000122070312,150.02000427246094,150.02000427246094,0
2020-11-27,153.27999877929688,153.3800048828125,151.5399932861328,151.72000122070312,0
2020-11-30,152.13999938964844,153.6999969482422,151.74000549316406,153.49000549316406,0
2020-12-01,152.0399932861328,152.6699981689453,151.7100067138672,152.27000427246094,0
2020-12-02,151.77000427246094,152.88999938964844,151.5399932861328,151.8800048828125,0
2020-12-03,151.75,152.89999389648438,151.33999633789062,152.27000427246094,0
2020-12-04,151.22000122070312,151.9600067138672,150.92999267578125,151.66000366210938,0
2020-12-07,150.97999572753906,151.27999877929688,149.77000427246094,150.97999572753906,0
2020-12-08,151.86000061035156,152.0,150.9499969482422,151.08999633789062,0
2020-12-09,151.92999267578125,152.75,151.47000122070312,152.35000610351562,0
2020-12-10,152.69000244140625,153.3699951171875,151.9199981689453,151.9499969482422,0
2020-12-11,151.4600067138672,152.5800018310547,150.74000549316406,152.5800018310547,0
2020-12-14,152.58999633789062,153.83999633789062,152.0399932861328,152.0399932861328,0
2020-12-15,152.94000244140625,153.19000244140625,151.77000427246094,152.58999633789062,0
2020-12-16,154.50999450683594,155.22999572753906,153.32000732421875,153.32000732421875,0
2020-12-17,156.47000122070312,156.77999877929688,155.1300048828125,155.1300048828125,0
2020-12-18,155.80999755859375,157.05999755859375,155.6300048828125,156.3000030517578,0
2020-12-21,153.52999877929688,155.0800018310547,151.5,155.0800018310547,0
2020-12-22,156.16000366210938,156.36000061035156,153.77000427246094,153.77000427246094,0
2020-12-23,159.07000732421875,159.6999969482422,157.25,157.25,0
2020-12-24,159.5399932861328,159.63999938964844,159.16000366210938,159.30999755859375,0
2020-12-28,162.4600067138672,162.64999389648438,160.5,160.5,0
2020-12-29,163.72000122070312,164.19000244140625,163.3000030517578,163.61000061035156,0
2020-12-30,163.8000030517578,164.2100067138672,163.41000366210938,164.02999877929688,0
2020-12-31,163.05999755859375,163.5,162.60000610351562,163.5,0
2021-01-04,165.80999755859375,167.27999877929688,163.9199981689453,163.9199981689453,0
2021-01-05,165.66000366210938,166.36000061035156,164.75,166.36000061035156,0
2021-01-06,171.72999572753906,172.86000061035156,167.17999267578125,167.27000427246094,0
2021-01-07,173.99000549316406,174.58999633789062,172.69000244140625,172.69000244140625,0
2021-01-08,176.89999389648438,177.02000427246094,174.57000732421875,174.64999389648438,0
2021-01-11,172.24000549316406,174.9499969482422,171.85000610351562,174.8699951171875,0
2021-01-12,170.1699981689453,172.50999450683594,169.75,172.3699951171875,0
2021-01-13,170.6999969482422,171.2100067138672,168.50999450683594,170.50999450683594,0
2021-01-14,169.74000549316406,170.47000122070312,169.44000244140625,170.47000122070312,0
2021-01-15,167.32000732421875,169.69000244140625,166.7100067138672,169.69000244140625,0
2021-01-19,167.52000427246094,167.7100067138672,166.2899932861328,166.74000549316406,0
2021-01-20,168.27999877929688,168.5399932861328,166.44000244140625,167.7899932861328,0
2021-01-21,169.49000549316406,169.85000610351562,168.6999969482422,169.16000366210938,0
2021-01-22,169.7899932861328,169.86000061035156,168.5399932861328,169.6999969482422,0
2021-01-25,169.75999450683594,170.69000244140625,168.25999450683594,170.25,0
2021-01-26,168.4499969482422,170.2899932861328,168.25999450683594,169.27999877929688,0
2021-01-27,162.4499969482422,168.16000366210938,161.3699951171875,168.16000366210938,0
2021-01-28,164.36000061035156,164.97000122070312,158.99000549316406,161.1999969482422,0
2021-01-29,162.19000244140625,164.13999938964844,161.52000427246094,163.77999877929688,0
2021-02-01,163.39999389648438,163.85000610351562,162.14999389648438,162.14999389648438,0
2021-02-02,163.58999633789062,164.07000732421875,162.72999572753906,163.38999938964844,0
2021-02-03,164.69000244140625,165.6999969482422,163.8800048828125,163.99000549316406,0
2021-02-04,163.50999450683594,164.94000244140625,162.77000427246094,164.5,0
2021-02-05,164.6300048828125,164.94000244140625,163.5,163.6199951171875,0
2021-02-08,163.33999633789062,165.3300018310547,163.17999267578125,165.02999877929688,0
2021-02-09,161.08999633789062,163.50999450683594,160.8000030517578,163.50999450683594,0
2021-02-10,160.88999938964844,162.7100067138672,159.3300018310547,161.69000244140625,0
2021-02-11,161.47000122070312,162.1300048828125,160.69000244140625,160.69000244140625,0
2021-02-12,159.63999938964844,161.1699981689453,159.16000366210938,161.1699981689453,0
2021-02-16,157.89999389648438,160.77999877929688,157.72999572753906,160.38999938964844,0
2021-02-17,156.83999633789062,157.6199951171875,156.49000549316406,157.42999267578125,0
2021-02-18,155.4600067138672,157.47999572753906,155.25,157.14999389648438,0
2021-02-19,155.82000732421875,156.5500030517578,154.63999938964844,155.5399932861328,0
2021-02-22,151.75999450683594,155.4600067138672,151.75999450683594,155.4600067138672,0
2021-02-23,151.1699981689453,152.22000122070312,148.82000732421875,152.05999755859375,0
2021-02-24,150.4499969482422,151.8300018310547,149.74000549316406,151.10000610351562,0
2021-02-25,150.1999969482422,151.72000122070312,149.35000610351562,151.02000427246094,0
2021-02-26,148.35000610351562,150.02000427246094,147.67999267578125,149.19000244140625,0
2021-03-01,149.64999389648438,150.0500030517578,147.8000030517578,148.49000549316406,0
2021-03-02,148.39999389648438,150.0399932861328,148.39999389648438,149.1699981689453,0
2021-03-03,144.2899932861328,149.02999877929688,144.0399932861328,148.75,0
2021-03-04,144.55999755859375,145.6999969482422,143.27999877929688,144.02000427246094,0
2021-03-05,142.3800048828125,143.82000732421875,140.9600067138672,143.44000244140625,0
2021-03-08,143.42999267578125,144.36000061035156,141.16000366210938,142.4600067138672,0
2021-03-09,148.0500030517578,148.97000122070312,143.94000244140625,143.94000244140625,0
2021-03-10,149.13999938964844,149.72000122070312,147.67999267578125,148.3800048828125,0
2021-03-11,152.05999755859375,152.42999267578125,149.80999755859375,149.80999755859375,0
2021-03-12,151.17999267578125,151.88999938964844,149.88999938964844,151.88999938964844,0
2021-03-15,151.9199981689453,152.50999450683594,151.19000244140625,151.49000549316406,0
2021-03-16,152.3699951171875,152.89999389648438,151.63999938964844,151.9499969482422,0
2021-03-17,149.00999450683594,152.1699981689453,148.8000030517578,152.10000610351562,0
2021-03-18,147.52000427246094,149.50999450683594,147.25,149.50999450683594,0
2021-03-19,149.05999755859375,149.6999969482422,147.35000610351562,147.63999938964844,0
2021-03-22,150.11000061035156,150.22000122070312,148.07000732421875,148.6300048828125,0
2021-03-23,151.72999572753906,151.9199981689453,149.38999938964844,149.94000244140625,0
2021-03-24,149.89999389648438,150.9499969482422,149.52000427246094,150.9499969482422,0
2021-03-25,150.63999938964844,151.11000061035156,149.3800048828125,149.67999267578125,0
2021-03-26,152.05999755859375,152.05999755859375,150.74000549316406,150.94000244140625,0
2021-03-29,152.47999572753906,152.82000732421875,151.8300018310547,152.0800018310547,0
2021-03-30,151.22999572753906,152.4199981689453,150.41000366210938,152.25999450683594,0
2021-03-31,153.66000366210938,153.66000366210938,151.08999633789062,151.3800048828125,0
2021-04-01,154.3800048828125,154.58999633789062,152.9499969482422,153.39999389648438,0
2021-04-05,154.94000244140625,155.5500030517578,154.05999755859375,154.10000610351562,0
2021-04-06,155.5,155.8699951171875,154.3300018310547,155.22000122070312,0
2021-04-07,155.44000244140625,156.47999572753906,154.8300018310547,155.9499969482422,0
2021-04-08,157.35000610351562,157.64999389648438,155.39999389648438,155.41000366210938,0
2021-04-09,157.25999450683594,157.5800018310547,156.8800048828125,157.35000610351562,0
2021-04-12,157.2100067138672,157.97999572753906,156.97000122070312,157.3300018310547,0
2021-04-13,157.6199951171875,157.9499969482422,155.82000732421875,156.97999572753906,0
2021-04-14,157.00999450683594,158.33999633789062,156.75999450683594,158.27000427246094,0
2021-04-15,157.44000244140625,157.67999267578125,156.72999572753906,157.1300048828125,0
2021-04-16,158.16000366210938,158.7100067138672,156.9199981689453,157.3800048828125,0
2021-04-19,157.25,159.3000030517578,157.1699981689453,158.0500030517578,0
2021-04-20,156.0,157.4199981689453,155.5500030517578,157.4199981689453,0
2021-04-21,154.6199951171875,156.13999938964844,154.2899932861328,155.72999572753906,0
2021-04-22,157.83999633789062,158.39999389648438,154.75999450683594,154.75999450683594,0
2021-04-23,158.4199981689453,159.35000610351562,157.74000549316406,158.14999389648438,0
2021-04-26,158.3800048828125,159.5399932861328,158.1999969482422,159.0399932861328,0
2021-04-27,157.39999389648438,158.3699951171875,157.22000122070312,158.25,0
2021-04-28,156.1999969482422,157.22999572753906,155.8000030517578,157.17999267578125,0
2021-04-29,154.3300018310547,156.5399932861328,154.22000122070312,156.05999755859375,0
2021-04-30,152.83999633789062,154.75999450683594,152.57000732421875,154.4499969482422,0
2021-05-03,154.05999755859375,154.47999572753906,152.99000549316406,152.99000549316406,0
2021-05-04,150.94000244140625,154.32000732421875,150.47999572753906,153.77000427246094,0
2021-05-05,151.33999633789062,152.39999389648438,150.8000030517578,150.8000030517578,0
2021-05-06,150.99000549316406,152.25999450683594,150.3699951171875,151.47999572753906,0
2021-05-07,153.69000244140625,154.5500030517578,150.7899932861328,151.25,0
2021-05-10,152.9499969482422,153.9499969482422,152.67999267578125,153.77999877929688,0
2021-05-11,150.30999755859375,152.4199981689453,149.36000061035156,152.4199981689453,0
2021-05-12,147.99000549316406,151.47000122070312,147.85000610351562,149.72000122070312,0
2021-05-13,149.13999938964844,149.63999938964844,146.57000732421875,147.8800048828125,0
2021-05-14,151.77000427246094,152.0800018310547,149.47999572753906,149.47999572753906,0
2021-05-17,151.08999633789062,152.8000030517578,151.00999450683594,152.17999267578125,0
2021-05-18,152.7899932861328,153.11000061035156,151.9600067138672,151.9600067138672,0
2021-05-19,151.97000122070312,152.49000549316406,150.80999755859375,152.49000549316406,0
2021-05-20,153.9600067138672,154.2100067138672,151.36000061035156,151.39999389648438,0
2021-05-21,154.67999267578125,154.97999572753906,154.02000427246094,154.02000427246094,0
2021-05-24,154.52000427246094,154.9499969482422,154.38999938964844,154.69000244140625,0
2021-05-25,154.3699951171875,155.3000030517578,154.27999877929688,154.8699951171875,0
2021-05-26,154.30999755859375,154.80999755859375,154.0399932861328,154.57000732421875,0
2021-05-27,152.75,154.22999572753906,152.69000244140625,154.1699981689453,0
2021-05-28,153.1199951171875,153.66000366210938,152.24000549316406,152.50999450683594,0
2021-06-01,152.83999633789062,153.9600067138672,152.4199981689453,152.74000549316406,0
2021-06-02,151.1199951171875,152.8000030517578,150.63999938964844,152.52000427246094,0
2021-06-03,149.50999450683594,151.13999938964844,149.13999938964844,150.9199981689453,0
2021-06-04,150.6300048828125,150.9199981689453,149.14999389648438,149.6199951171875,0
2021-06-07,151.07000732421875,151.3300018310547,149.8699951171875,150.52000427246094,0
2021-06-08,151.99000549316406,152.25999450683594,151.27999877929688,151.35000610351562,0
2021-06-09,151.83999633789062,152.2899932861328,151.52999877929688,151.99000549316406,0
2021-06-10,151.16000366210938,151.97000122070312,150.19000244140625,151.6300048828125,0
2021-06-11,151.6699981689453,152.2100067138672,151.22000122070312,151.52000427246094,0
2021-06-14,153.57000732421875,153.7899932861328,151.6300048828125,151.6300048828125,0
2021-06-15,153.0399932861328,154.47000122070312,152.89999389648438,153.75999450683594,0
2021-06-16,154.08999633789062,154.9499969482422,152.8699951171875,153.00999450683594,0
2021-06-17,151.24000549316406,152.33999633789062,149.94000244140625,152.33999633789062,0
2021-06-18,148.2899932861328,151.35000610351562,148.2899932861328,150.8000030517578,0
2021-06-21,149.52999877929688,149.75,147.52999877929688,148.32000732421875,0
2021-06-22,149.19000244140625,149.85000610351562,148.83999633789062,149.4600067138672,0
2021-06-23,148.08999633789062,149.6300048828125,147.83999633789062,149.5,0
2021-06-24,148.66000366210938,149.07000732421875,148.0,148.00999450683594,0
2021-06-25,149.22000122070312,149.22000122070312,147.9499969482422,149.0,0
2021-06-28,150.0800018310547,150.3300018310547,149.02999877929688,149.11000061035156,0
2021-06-29,150.02000427246094,150.94000244140625,149.72999572753906,150.00999450683594,0
2021-06-30,147.7899932861328,150.02000427246094,147.50999450683594,150.02000427246094,0
2021-07-01,149.0500030517578,149.10000610351562,147.72999572753906,148.19000244140625,0
2021-07-02,149.42999267578125,149.72999572753906,148.50999450683594,148.82000732421875,0
2021-07-06,150.1999969482422,150.5,149.2899932861328,149.91000366210938,0
2021-07-07,151.5399932861328,151.85000610351562,150.19000244140625,150.1999969482422,0
2021-07-08,149.1199951171875,151.19000244140625,148.80999755859375,151.19000244140625,0
2021-07-09,149.6699981689453,149.86000061035156,148.89999389648438,149.13999938964844,0
2021-07-12,151.30999755859375,151.30999755859375,149.85000610351562,149.85000610351562,0
2021-07-13,150.41000366210938,151.33999633789062,149.97000122070312,151.2899932861328,0
2021-07-14,149.97000122070312,150.2899932861328,148.9499969482422,150.25999450683594,0
2021-07-15,148.50999450683594,149.8300018310547,147.92999267578125,149.63999938964844,0
2021-07-16,149.0,149.27999877929688,148.30999755859375,148.38999938964844,0
2021-07-19,145.60000610351562,148.52000427246094,145.11000061035156,148.52000427246094,0
2021-07-20,145.8300018310547,146.5800018310547,144.7899932861328,145.52000427246094,0
2021-07-21,147.9600067138672,148.3800048828125,145.94000244140625,145.94000244140625,0
2021-07-22,149.38999938964844,149.85000610351562,148.1199951171875,148.1199951171875,0
2021-07-23,149.80999755859375,150.14999389648438,148.67999267578125,149.22999572753906,0
2021-07-26,149.8000030517578,150.1699981689453,149.3800048828125,149.72000122070312,0
2021-07-27,149.85000610351562,149.85000610351562,148.2899932861328,149.55999755859375,0
2021-07-28,150.8800048828125,151.39999389648438,149.69000244140625,149.69000244140625,0
2021-07-29,151.25999450683594,151.49000549316406,150.7100067138672,151.11000061035156,0
2021-07-30,149.10000610351562,151.0800018310547,148.9600067138672,151.0800018310547,0
2021-08-02,149.9499969482422,150.17999267578125,149.38999938964844,149.66000366210938,0
2021-08-03,150.22000122070312,150.49000549316406,149.75999450683594,149.97999572753906,0
2021-08-04,151.05999755859375,151.25999450683594,150.25,150.5500030517578,0
2021-08-05,151.6999969482422,151.75,150.92999267578125,150.97999572753906,0
2021-08-06,150.8300018310547,151.8300018310547,150.8300018310547,151.72999572753906,0
2021-08-09,151.50999450683594,152.42999267578125,150.75,150.75,0
2021-08-10,151.7100067138672,152.1300048828125,151.52000427246094,151.6300048828125,0
2021-08-11,152.75,152.9199981689453,151.4600067138672,151.6699981689453,0
2021-08-12,151.44000244140625,152.58999633789062,151.24000549316406,152.4199981689453,0
2021-08-13,153.13999938964844,153.1699981689453,151.72000122070312,151.72999572753906,0
2021-08-16,152.83999633789062,153.0800018310547,152.22999572753906,152.82000732421875,0
2021-08-17,151.8699951171875,152.42999267578125,151.67999267578125,152.32000732421875,0
2021-08-18,153.6199951171875,154.02000427246094,152.2100067138672,152.33999633789062,0
2021-08-19,154.4499969482422,154.9499969482422,152.67999267578125,153.00999450683594,0
2021-08-20,156.0,156.02999877929688,154.25999450683594,154.25999450683594,0
2021-08-23,155.8000030517578,157.24000549316406,155.3699951171875,156.75,0
2021-08-24,156.1999969482422,156.41000366210938,155.44000244140625,156.0800018310547,0
2021-08-25,155.2899932861328,156.0,154.85000610351562,155.77999877929688,0
2021-08-26,154.02999877929688,155.1300048828125,153.94000244140625,155.1300048828125,0
2021-08-27,154.0500030517578,154.2899932861328,153.22999572753906,153.97999572753906,0
2021-08-30,154.58999633789062,154.75999450683594,154.0800018310547,154.22000122070312,0
2021-08-31,155.0800018310547,156.35000610351562,154.77999877929688,154.92999267578125,0
2021-09-01,157.2899932861328,157.36000061035156,155.16000366210938,155.16000366210938,0
2021-09-02,157.6699981689453,157.91000366210938,157.0,157.1300048828125,0
2021-09-03,157.60000610351562,158.33999633789062,156.7899932861328,158.0500030517578,0
2021-09-07,155.22999572753906,156.86000061035156,154.99000549316406,156.86000061035156,0
2021-09-08,155.0500030517578,155.11000061035156,153.5399932861328,154.8300018310547,0
2021-09-09,154.89999389648438,155.32000732421875,154.3300018310547,154.67999267578125,0
2021-09-10,153.11000061035156,154.80999755859375,152.99000549316406,154.7100067138672,0
2021-09-13,154.1199951171875,154.72999572753906,152.6199951171875,152.6199951171875,0
2021-09-14,154.36000061035156,154.66000366210938,153.3300018310547,153.64999389648438,0
2021-09-15,151.36000061035156,153.77999877929688,151.14999389648438,153.75999450683594,0
2021-09-16,150.5399932861328,151.52999877929688,150.10000610351562,151.16000366210938,0
2021-09-17,149.02999877929688,151.47999572753906,148.92999267578125,150.77000427246094,0
2021-09-20,147.9499969482422,148.75999450683594,147.58999633789062,148.47000122070312,0
2021-09-21,149.25999450683594,149.6999969482422,148.02999877929688,148.02999877929688,0
2021-09-22,149.7899932861328,149.97000122070312,148.6300048828125,149.14999389648438,0
2021-09-23,150.25,151.0800018310547,149.24000549316406,149.24000549316406,0
2021-09-24,148.42999267578125,150.1199951171875,148.36000061035156,150.1199951171875,0
2021-09-27,148.2899932861328,149.02999877929688,147.8300018310547,148.42999267578125,0
2021-09-28,144.9600067138672,147.41000366210938,144.91000366210938,147.36000061035156,0
2021-09-29,144.30999755859375,145.44000244140625,143.8300018310547,144.58999633789062,0
2021-09-30,141.91000366210938,144.41000366210938,141.86000061035156,144.35000610351562,0
2021-10-01,143.58999633789062,143.64999389648438,141.4600067138672,142.1699981689453,0
2021-10-04,143.2100067138672,144.02000427246094,142.97999572753906,143.5399932861328,0
2021-10-05,144.16000366210938,144.30999755859375,143.05999755859375,143.2899932861328,0
2021-10-06,143.27000427246094,143.8699951171875,142.0800018310547,143.8699951171875,0
2021-10-07,145.5,145.6999969482422,143.94000244140625,143.94000244140625,0
2021-10-08,144.74000549316406,145.49000549316406,144.3699951171875,145.4499969482422,0
2021-10-11,143.52999877929688,144.74000549316406,143.08999633789062,144.74000549316406,0
2021-10-12,144.80999755859375,144.80999755859375,142.16000366210938,142.9199981689453,0
2021-10-13,146.75,146.82000732421875,144.2100067138672,144.77000427246094,0
2021-10-14,147.9600067138672,148.55999755859375,147.17999267578125,147.27999877929688,0
2021-10-15,148.0800018310547,148.6300048828125,147.10000610351562,148.1999969482422,0
2021-10-18,147.47000122070312,148.3300018310547,146.8800048828125,147.72999572753906,0
2021-10-19,149.5399932861328,149.6999969482422,147.8000030517578,147.8000030517578,0
2021-10-20,152.39999389648438,152.5500030517578,149.3300018310547,149.47999572753906,0
2021-10-21,151.67999267578125,152.3300018310547,151.44000244140625,152.0,0
2021-10-22,152.0399932861328,152.6699981689453,151.52999877929688,151.92999267578125,0
2021-10-25,151.52999877929688,152.36000061035156,150.9199981689453,152.3000030517578,0
2021-10-26,152.4499969482422,152.5500030517578,151.44000244140625,151.44000244140625,0
2021-10-27,153.05999755859375,153.49000549316406,152.24000549316406,152.35000610351562,0
2021-10-28,155.17999267578125,155.3000030517578,152.49000549316406,152.89999389648438,0
2021-10-29,152.24000549316406,155.0,152.11000061035156,154.77000427246094,0
2021-11-01,154.08999633789062,154.1300048828125,152.2100067138672,152.2100067138672,0
2021-11-02,153.49000549316406,154.27999877929688,153.19000244140625,154.27999877929688,0
2021-11-03,151.77000427246094,153.5,151.5,153.5,0
2021-11-04,151.74000549316406,152.57000732421875,151.58999633789062,152.0,0
2021-11-05,151.35000610351562,151.80999755859375,150.77000427246094,151.7100067138672,0
2021-11-08,150.9199981689453,152.00999450683594,150.77999877929688,151.66000366210938,0
2021-11-09,150.4199981689453,150.9199981689453,150.0500030517578,150.85000610351562,0
2021-11-10,150.39999389648438,150.97000122070312,149.77999877929688,150.1300048828125,0
2021-11-11,149.8300018310547,150.1300048828125,149.36000061035156,149.94000244140625,0
2021-11-12,149.8800048828125,150.0399932861328,149.13999938964844,150.0,0
2021-11-15,150.75999450683594,150.80999755859375,149.4199981689453,149.92999267578125,0
2021-11-16,149.63999938964844,150.88999938964844,149.6300048828125,150.52000427246094,0
2021-11-17,149.22000122070312,149.52000427246094,148.77999877929688,149.50999450683594,0
2021-11-18,148.8300018310547,149.9499969482422,148.49000549316406,149.3800048828125,0
2021-11-19,148.1999969482422,148.92999267578125,147.5500030517578,148.91000366210938,0
2021-11-22,147.3800048828125,148.4600067138672,147.08999633789062,148.02999877929688,0
2021-11-23,146.8800048828125,147.35000610351562,146.27999877929688,147.17999267578125,0
2021-11-24,147.0500030517578,147.50999450683594,146.16000366210938,146.69000244140625,0
2021-11-26,146.5500030517578,148.47999572753906,146.5,147.6300048828125,0
2021-11-29,146.63999938964844,147.5,146.2100067138672,146.30999755859375,0
2021-11-30,145.8699951171875,147.9499969482422,145.3300018310547,147.24000549316406,0
2021-12-01,148.2100067138672,148.52000427246094,146.1300048828125,146.36000061035156,0
2021-12-02,145.32000732421875,147.00999450683594,144.9499969482422,147.00999450683594,0
2021-12-03,144.52999877929688,146.07000732421875,143.88999938964844,145.1699981689453,0
2021-12-06,147.10000610351562,147.25999450683594,144.67999267578125,144.67999267578125,0
2021-12-07,148.66000366210938,148.72000122070312,147.22999572753906,147.25999450683594,0
2021-12-08,148.77000427246094,149.7100067138672,148.7100067138672,149.02999877929688,0
2021-12-09,147.94000244140625,149.1699981689453,147.8800048828125,148.6300048828125,0
2021-12-10,147.1199951171875,149.97000122070312,146.9199981689453,147.6999969482422,0
2021-12-13,146.8800048828125,147.10000610351562,146.4600067138672,146.85000610351562,0
2021-12-14,145.27999877929688,147.3800048828125,145.27000427246094,146.97000122070312,0
2021-12-15,146.6699981689453,147.16000366210938,144.99000549316406,145.0500030517578,0
2021-12-16,148.1199951171875,148.60000610351562,147.50999450683594,147.55999755859375,0
2021-12-17,147.52999877929688,148.0500030517578,146.4600067138672,148.0500030517578,0
2021-12-20,146.1199951171875,146.52999877929688,144.9199981689453,146.47999572753906,0
2021-12-21,148.16000366210938,148.27999877929688,146.1999969482422,146.1999969482422,0
2021-12-22,149.16000366210938,149.1699981689453,147.49000549316406,148.19000244140625,0
2021-12-23,149.64999389648438,149.6999969482422,148.7899932861328,149.27999877929688,0
2021-12-27,149.11000061035156,149.5399932861328,148.9600067138672,149.3800048828125,0
2021-12-28,150.3300018310547,150.44000244140625,149.1699981689453,149.1699981689453,0
2021-12-29,150.60000610351562,150.74000549316406,149.88999938964844,150.1999969482422,0
2021-12-30,151.14999389648438,151.3000030517578,150.3000030517578,150.36000061035156,0
2021-12-31,151.6699981689453,151.6999969482422,150.9199981689453,150.97999572753906,0
2022-01-03,151.22999572753906,152.7899932861328,151.1199951171875,151.6699981689453,0
2022-01-04,150.83999633789062,152.0500030517578,150.58999633789062,151.64999389648438,0
2022-01-05,148.66000366210938,150.75,148.33999633789062,150.75,0
2022-01-06,146.17999267578125,147.82000732421875,145.89999389648438,147.82000732421875,0
2022-01-07,145.47000122070312,145.80999755859375,144.66000366210938,145.63999938964844,0
2022-01-10,143.80999755859375,145.85000610351562,143.6300048828125,145.47999572753906,0
2022-01-11,144.2100067138672,144.7899932861328,143.7100067138672,144.24000549316406,0
2022-01-12,145.32000732421875,145.50999450683594,144.1300048828125,144.52000427246094,0
2022-01-13,145.82000732421875,146.39999389648438,145.0800018310547,145.3699951171875,0
2022-01-14,143.99000549316406,145.61000061035156,143.8800048828125,145.61000061035156,0
2022-01-18,142.6199951171875,144.4499969482422,142.30999755859375,144.4499969482422,0
2022-01-19,143.02999877929688,143.0399932861328,141.42999267578125,142.02999877929688,0
2022-01-20,145.80999755859375,145.97000122070312,143.0500030517578,143.0500030517578,0
2022-01-21,143.24000549316406,144.44000244140625,142.38999938964844,144.44000244140625,0
2022-01-24,139.8699951171875,139.8699951171875,139.8699951171875,139.8699951171875,0
2022-01-25,137.6999969482422,140.63999938964844,137.5500030517578,140.1699981689453,0
2022-01-26,139.55999755859375,140.17999267578125,137.69000244140625,137.69000244140625,0
2022-01-27,139.22000122070312,139.8800048828125,136.99000549316406,137.7899932861328,0
2022-01-28,137.61000061035156,138.47999572753906,136.8000030517578,138.47999572753906,0
2022-01-31,140.66000366210938,140.8800048828125,137.8699951171875,138.61000061035156,0
2022-02-01,140.85000610351562,142.52000427246094,140.64999389648438,141.33999633789062,0
2022-02-02,142.14999389648438,142.3800048828125,141.4600067138672,141.4600067138672,0
2022-02-03,141.36000061035156,142.88999938964844,141.3300018310547,142.4600067138672,0
2022-02-04,139.60000610351562,141.77000427246094,138.52000427246094,141.33999633789062,0
2022-02-07,138.60000610351562,140.13999938964844,138.0500030517578,139.7899932861328,0
2022-02-08,138.14999389648438,139.52000427246094,137.57000732421875,138.5,0
2022-02-09,140.52000427246094,140.69000244140625,138.10000610351562,138.10000610351562,0
2022-02-10,140.4600067138672,141.0500030517578,138.52999877929688,140.75,0
2022-02-11,138.60000610351562,139.17999267578125,137.19000244140625,138.5399932861328,0
2022-02-14,135.27999877929688,136.6999969482422,134.66000366210938,136.6999969482422,0
2022-02-15,137.39999389648438,137.77999877929688,135.05999755859375,135.35000610351562,0
2022-02-16,137.85000610351562,138.08999633789062,137.22999572753906,137.6699981689453,0
2022-02-17,138.64999389648438,139.58999633789062,137.7100067138672,138.14999389648438,0
2022-02-18,137.27999877929688,139.19000244140625,137.13999938964844,138.8300018310547,0
2022-02-22,135.9600067138672,136.58999633789062,134.3300018310547,135.27999877929688,0
2022-02-23,135.6300048828125,137.1199951171875,135.22999572753906,135.72000122070312,0
2022-02-24,135.2899932861328,135.32000732421875,131.2899932861328,133.1999969482422,0
2022-02-25,141.44000244140625,141.63999938964844,136.3800048828125,136.6999969482422,0
2022-02-28,145.39999389648438,145.67999267578125,140.4499969482422,140.7899932861328,0
2022-03-01,139.38999938964844,145.61000061035156,139.3800048828125,145.61000061035156,0
2022-03-02,139.05999755859375,140.02000427246094,138.33999633789062,139.55999755859375,0
2022-03-03,135.5500030517578,139.47000122070312,134.8300018310547,139.1199951171875,0
2022-03-04,135.41000366210938,136.75999450683594,134.47000122070312,135.38999938964844,0
2022-03-07,136.64999389648438,137.3000030517578,131.97000122070312,135.1699981689453,0
2022-03-08,138.60000610351562,140.22999572753906,136.27000427246094,136.60000610351562,0
2022-03-09,142.80999755859375,143.10000610351562,138.9499969482422,138.9499969482422,0
2022-03-10,140.75999450683594,142.8300018310547,139.9600067138672,142.72000122070312,0
2022-03-11,140.6999969482422,142.52999877929688,140.1300048828125,140.69000244140625,0
2022-03-14,140.0399932861328,141.17999267578125,139.74000549316406,140.3000030517578,0
2022-03-15,140.02000427246094,140.92999267578125,138.19000244140625,139.64999389648438,0
2022-03-16,140.64999389648438,142.7100067138672,140.47999572753906,141.82000732421875,0
2022-03-17,142.58999633789062,142.63999938964844,140.6699981689453,141.1699981689453,0
2022-03-18,142.99000549316406,143.2899932861328,141.66000366210938,142.86000061035156,0
2022-03-21,142.6999969482422,143.2100067138672,142.58999633789062,143.00999450683594,0
2022-03-22,142.9499969482422,142.9499969482422,141.97999572753906,142.11000061035156,0
2022-03-23,140.75,143.32000732421875,140.02000427246094,143.27000427246094,0
2022-03-24,141.3699951171875,141.6699981689453,140.22999572753906,140.74000549316406,0
2022-03-25,141.63999938964844,142.72000122070312,141.24000549316406,141.52999877929688,0
2022-03-28,143.13999938964844,143.42999267578125,141.8800048828125,141.8800048828125,0
2022-03-29,145.3300018310547,145.92999267578125,143.5399932861328,143.77999877929688,0
2022-03-30,147.4499969482422,147.52000427246094,145.39999389648438,145.64999389648438,0
2022-03-31,148.0800018310547,148.74000549316406,147.32000732421875,147.5500030517578,0
2022-04-01,146.99000549316406,148.11000061035156,146.64999389648438,147.61000061035156,0
2022-04-04,147.14999389648438,148.22000122070312,146.3000030517578,147.69000244140625,0
2022-04-05,149.64999389648438,150.9199981689453,147.16000366210938,147.25999450683594,0
2022-04-06,149.5399932861328,149.5500030517578,148.2899932861328,148.8699951171875,0
2022-04-07,148.66000366210938,150.72999572753906,148.35000610351562,149.77999877929688,0
2022-04-08,149.7899932861328,150.22000122070312,148.6300048828125,148.6300048828125,0
2022-04-11,147.88999938964844,149.6199951171875,147.77000427246094,149.52999877929688,0
2022-04-12,147.07000732421875,147.42999267578125,145.80999755859375,147.38999938964844,0
2022-04-13,145.97000122070312,146.1699981689453,145.33999633789062,146.05999755859375,0
2022-04-14,145.88999938964844,146.63999938964844,145.41000366210938,146.6199951171875,0
2022-04-18,145.1999969482422,145.91000366210938,145.14999389648438,145.58999633789062,0
2022-04-19,145.35000610351562,145.39999389648438,144.0500030517578,145.02999877929688,0
2022-04-20,147.3800048828125,147.8000030517578,145.32000732421875,145.5500030517578,0
2022-04-21,143.97000122070312,147.8300018310547,143.7899932861328,147.6199951171875,0
2022-04-22,142.05999755859375,143.6999969482422,141.91000366210938,143.2899932861328,0
2022-04-25,140.63999938964844,142.2899932861328,140.42999267578125,140.4600067138672,0
2022-04-26,140.08999633789062,142.2899932861328,139.9499969482422,141.41000366210938,0
2022-04-27,138.77999877929688,139.9600067138672,137.5399932861328,139.38999938964844,0
2022-04-28,139.85000610351562,139.9600067138672,139.05999755859375,139.11000061035156,0
2022-04-29,139.1300048828125,140.64999389648438,138.97999572753906,140.39999389648438,0
2022-05-02,135.61000061035156,138.5500030517578,135.14999389648438,138.3800048828125,0
2022-05-03,137.83999633789062,137.9199981689453,135.9600067138672,136.25,0
2022-05-04,138.16000366210938,138.27999877929688,137.19000244140625,137.30999755859375,0
2022-05-05,136.42999267578125,140.19000244140625,135.9199981689453,139.66000366210938,0
2022-05-06,136.25,137.17999267578125,135.14999389648438,135.88999938964844,0
2022-05-09,133.05999755859375,135.7100067138672,132.61000061035156,135.25999450683594,0
2022-05-10,132.27000427246094,134.27000427246094,132.13999938964844,132.9499969482422,0
2022-05-11,134.92999267578125,135.2899932861328,132.00999450683594,132.83999633789062,0
2022-05-12,130.36000061035156,133.83999633789062,130.36000061035156,133.82000732421875,0
2022-05-13,132.72999572753906,133.24000549316406,130.5399932861328,130.64999389648438,0
2022-05-16,134.75999450683594,134.77999877929688,132.5500030517578,132.69000244140625,0
2022-05-17,136.91000366210938,137.0500030517578,135.02000427246094,135.02000427246094,0
2022-05-18,137.19000244140625,138.22000122070312,136.86000061035156,137.11000061035156,0
2022-05-19,138.13999938964844,138.32000732421875,136.10000610351562,136.6300048828125,0
2022-05-20,139.4199981689453,140.25,138.16000366210938,138.16000366210938,0
2022-05-23,141.47000122070312,141.66000366210938,140.1999969482422,140.3800048828125,0
2022-05-24,140.07000732421875,140.97000122070312,138.10000610351562,140.97000122070312,0
2022-05-25,142.1699981689453,142.49000549316406,140.4600067138672,140.4600067138672,0
2022-05-26,142.49000549316406,143.0,142.02999877929688,142.39999389648438,0
2022-05-27,141.83999633789062,142.77000427246094,141.1199951171875,142.57000732421875,0
2022-05-31,141.32000732421875,142.1199951171875,140.3800048828125,141.9600067138672,0
2022-06-01,138.64999389648438,141.5500030517578,138.5399932861328,140.9199981689453,0
2022-06-02,140.32000732421875,140.4499969482422,138.8300018310547,139.35000610351562,0
2022-06-03,140.75999450683594,141.8300018310547,140.3800048828125,141.30999755859375,0
2022-06-06,142.61000061035156,143.22999572753906,141.05999755859375,141.05999755859375,0
2022-06-07,142.32000732421875,142.42999267578125,141.66000366210938,142.3300018310547,0
2022-06-08,141.47999572753906,142.74000549316406,141.1699981689453,142.63999938964844,0
2022-06-09,139.67999267578125,141.14999389648438,139.47999572753906,141.0800018310547,0
2022-06-10,135.86000061035156,138.94000244140625,134.9199981689453,138.94000244140625,0
2022-06-13,131.2100067138672,134.8300018310547,130.5399932861328,134.8300018310547,0
2022-06-14,127.6500015258789,131.52999877929688,127.54000091552734,130.8800048828125,0
2022-06-15,129.1300048828125,130.1699981689453,127.97000122070312,127.97000122070312,0
2022-06-16,127.9800033569336,129.88999938964844,127.11000061035156,129.6999969482422,0
2022-06-17,127.48999786376953,128.97999572753906,127.0199966430664,127.37000274658203,0
2022-06-21,129.3000030517578,129.67999267578125,128.4600067138672,129.42999267578125,0
2022-06-22,128.72000122070312,129.25,127.25,128.63999938964844,0
2022-06-23,130.5800018310547,130.92999267578125,127.66000366210938,129.0800018310547,0
2022-06-24,132.6300048828125,132.64999389648438,131.1199951171875,131.1199951171875,0
2022-06-27,132.9199981689453,133.69000244140625,131.3300018310547,133.08999633789062,0
2022-06-28,133.10000610351562,134.11000061035156,132.9199981689453,132.9199981689453,0
2022-06-29,131.05999755859375,133.1999969482422,130.8000030517578,132.6199951171875,0
2022-06-30,129.88999938964844,129.88999938964844,129.88999938964844,129.88999938964844,0
2022-07-01,132.77000427246094,133.02000427246094,129.05999755859375,129.74000549316406,0
2022-07-05,129.72000122070312,133.61000061035156,128.74000549316406,133.3300018310547,0
2022-07-06,130.47000122070312,130.75999450683594,129.66000366210938,130.02999877929688,0
2022-07-07,131.5,131.77999877929688,130.2899932861328,130.32000732421875,0
2022-07-08,131.17999267578125,131.52999877929688,130.11000061035156,131.3800048828125,0
2022-07-11,131.35000610351562,132.1699981689453,130.44000244140625,130.72000122070312,0
2022-07-12,130.9199981689453,131.47000122070312,130.52000427246094,131.02999877929688,0
2022-07-13,130.1199951171875,130.3800048828125,128.27000427246094,130.27999877929688,0
2022-07-14,127.13999938964844,129.33999633789062,125.63999938964844,129.3000030517578,0
2022-07-15,129.0500030517578,129.22999572753906,127.05999755859375,127.58000183105469,0
2022-07-18,130.4499969482422,130.5,128.88999938964844,129.07000732421875,0
2022-07-19,131.7899932861328,132.33999633789062,129.6999969482422,130.08999633789062,0
2022-07-20,130.82000732421875,132.30999755859375,130.4199981689453,131.92999267578125,0
2022-07-21,129.3000030517578,130.5500030517578,128.4499969482422,130.4199981689453,0
2022-07-22,131.00999450683594,131.4199981689453,129.1999969482422,129.33999633789062,0
2022-07-25,131.02999877929688,131.35000610351562,130.3300018310547,130.5,0
2022-07-26,131.00999450683594,131.61000061035156,130.77000427246094,131.27999877929688,0
2022-07-27,131.8699951171875,132.2100067138672,131.13999938964844,131.16000366210938,0
2022-07-28,135.94000244140625,136.14999389648438,132.16000366210938,133.08999633789062,0
2022-07-29,137.35000610351562,137.9199981689453,136.5800018310547,136.97999572753906,0
2022-08-01,138.25,138.67999267578125,137.57000732421875,137.72000122070312,0
2022-08-02,137.72999572753906,138.17999267578125,137.33999633789062,138.02000427246094,0
2022-08-03,136.5800018310547,138.02999877929688,136.25,137.3699951171875,0
2022-08-04,138.6300048828125,138.6300048828125,137.10000610351562,137.10000610351562,0
2022-08-05,137.94000244140625,139.5,137.58999633789062,138.91000366210938,0
2022-08-08,140.41000366210938,140.7899932861328,138.67999267578125,138.67999267578125,0
2022-08-09,141.3300018310547,141.49000549316406,139.99000549316406,140.30999755859375,0
2022-08-10,142.47999572753906,142.99000549316406,141.2899932861328,141.3300018310547,0
2022-08-11,142.4199981689453,143.08999633789062,141.63999938964844,142.10000610351562,0
2022-08-12,141.61000061035156,142.16000366210938,141.17999267578125,141.75,0
2022-08-15,142.25999450683594,142.4199981689453,141.72999572753906,141.75999450683594,0
2022-08-16,143.42999267578125,143.6300048828125,142.24000549316406,142.24000549316406,0
2022-08-17,142.77999877929688,143.5399932861328,142.69000244140625,143.30999755859375,0
2022-08-18,142.27000427246094,142.9499969482422,142.0800018310547,142.6300048828125,0
2022-08-19,140.85000610351562,142.00999450683594,140.52999877929688,141.7100067138672,0
2022-08-22,139.47999572753906,140.75,139.07000732421875,140.7100067138672,0
2022-08-23,139.1300048828125,139.7899932861328,138.5399932861328,138.9199981689453,0
2022-08-24,139.8000030517578,139.9600067138672,138.57000732421875,138.85000610351562,0
2022-08-25,140.88999938964844,140.91000366210938,140.00999450683594,140.13999938964844,0
2022-08-26,139.0,141.25999450683594,138.75999450683594,140.7100067138672,0
2022-08-29,136.5399932861328,137.4499969482422,136.02000427246094,137.11000061035156,0
2022-08-30,134.99000549316406,137.0800018310547,134.75999450683594,136.77999877929688,0
2022-08-31,132.97000122070312,135.07000732421875,132.69000244140625,134.89999389648438,0
2022-09-01,132.0399932861328,132.86000061035156,131.1699981689453,132.49000549316406,0
2022-09-02,134.2100067138672,134.3800048828125,132.02999877929688,132.55999755859375,0
2022-09-06,132.0500030517578,133.57000732421875,131.17999267578125,132.8800048828125,0
2022-09-07,134.8800048828125,135.41000366210938,130.85000610351562,131.52999877929688,0
2022-09-08,136.16000366210938,136.57000732421875,134.41000366210938,136.14999389648438,0
2022-09-09,137.4499969482422,138.1199951171875,136.85000610351562,137.0399932861328,0
2022-09-12,138.97000122070312,139.16000366210938,138.11000061035156,138.11000061035156,0
2022-09-13,137.3000030517578,141.16000366210938,137.27999877929688,139.41000366210938,0
2022-09-14,135.89999389648438,136.57000732421875,135.47999572753906,136.44000244140625,0
2022-09-15,134.1199951171875,135.86000061035156,133.8000030517578,135.57000732421875,0
2022-09-16,134.1199951171875,134.5500030517578,133.19000244140625,133.4199981689453,0
2022-09-19,133.60000610351562,133.9499969482422,132.2100067138672,133.38999938964844,0
2022-09-20,131.89999389648438,135.38999938964844,131.47999572753906,134.47000122070312,0
2022-09-21,132.1699981689453,132.58999633789062,130.52999877929688,130.9600067138672,0
2022-09-22,129.11000061035156,131.27999877929688,128.86000061035156,130.75999450683594,0
2022-09-23,125.02999877929688,128.92999267578125,125.0199966430664,128.8699951171875,0
2022-09-26,121.9000015258789,124.73999786376953,121.72000122070312,124.52999877929688,0
2022-09-27,119.0199966430664,122.08000183105469,119.0199966430664,121.7300033569336,0
2022-09-28,120.18000030517578,120.19000244140625,116.79000091552734,117.7699966430664,0
2022-09-29,118.2300033569336,119.80000305175781,117.30999755859375,119.80000305175781,0
2022-09-30,117.61000061035156,119.13999938964844,117.2300033569336,118.0999984741211,0
2022-10-03,120.87000274658203,121.41000366210938,116.83000183105469,117.1500015258789,0
2022-10-04,124.16000366210938,124.22000122070312,121.73999786376953,121.76000213623047,0
2022-10-05,121.33000183105469,124.5199966430664,120.58000183105469,124.41999816894531,0
2022-10-06,118.86000061035156,122.2699966430664,118.44000244140625,121.94999694824219,0
2022-10-07,116.63999938964844,119.08000183105469,115.95999908447266,118.26000213623047,0
2022-10-10,115.29000091552734,115.80999755859375,114.58999633789062,115.80999755859375,0
2022-10-11,114.19999694824219,115.0199966430664,112.70999908447266,114.87000274658203,0
2022-10-12,111.8499984741211,113.93000030517578,111.80999755859375,113.76000213623047,0
2022-10-13,112.43000030517578,112.9000015258789,109.7699966430664,110.97000122070312,0
2022-10-14,112.75,115.41999816894531,112.69999694824219,113.3499984741211,0
2022-10-17,116.05999755859375,116.23999786376953,112.83999633789062,112.9800033569336,0
2022-10-18,116.11000061035156,117.54000091552734,115.72000122070312,115.88999938964844,0
2022-10-19,114.8499984741211,116.69999694824219,114.12999725341797,116.45999908447266,0
2022-10-20,113.3499984741211,115.36000061035156,113.25,115.0999984741211,0
2022-10-21,113.68000030517578,113.70999908447266,111.38999938964844,113.19999694824219,0
2022-10-24,116.1500015258789,116.98999786376953,114.0199966430664,114.0199966430664,0
2022-10-25,119.52999877929688,119.69999694824219,115.80999755859375,116.20999908447266,0
2022-10-26,121.83999633789062,121.93000030517578,119.5199966430664,119.9000015258789,0
2022-10-27,122.16000366210938,123.22000122070312,120.41000366210938,121.41000366210938,0
2022-10-28,122.61000061035156,122.7699966430664,120.62000274658203,121.68000030517578,0
2022-10-31,121.86000061035156,122.86000061035156,121.4000015258789,122.5999984741211,0
2022-11-01,122.58000183105469,123.93000030517578,122.04000091552734,122.58000183105469,0
2022-11-02,122.45999908447266,122.94999694824219,122.0999984741211,122.61000061035156,0
2022-11-03,120.95999908447266,121.25,119.33000183105469,120.88999938964844,0
2022-11-04,122.33999633789062,124.33000183105469,120.27999877929688,121.26000213623047,0
2022-11-07,123.19000244140625,124.6500015258789,122.88999938964844,123.02999877929688,0
2022-11-08,125.48999786376953,125.56999969482422,122.81999969482422,123.41000366210938,0
2022-11-09,125.4000015258789,126.26000213623047,124.44000244140625,124.9800033569336,0
2022-11-10,131.61000061035156,131.6300048828125,124.77999877929688,124.9000015258789,0
2022-11-11,130.5399932861328,132.88999938964844,130.19000244140625,132.25,0
2022-11-14,130.0500030517578,131.0800018310547,129.69000244140625,130.64999389648438,0
2022-11-15,131.05999755859375,132.08999633789062,130.4499969482422,130.4499969482422,0
2022-11-16,131.25,131.57000732421875,130.5800018310547,131.22999572753906,0
2022-11-17,129.4499969482422,131.58999633789062,129.19000244140625,131.39999389648438,0
2022-11-18,131.4199981689453,131.47000122070312,130.24000549316406,130.24000549316406,0
2022-11-21,130.24000549316406,131.32000732421875,129.97999572753906,130.72999572753906,0
2022-11-22,131.55999755859375,132.11000061035156,130.8300018310547,130.8300018310547,0
2022-11-23,132.9499969482422,133.17999267578125,130.83999633789062,132.25999450683594,0
2022-11-25,134.60000610351562,134.77000427246094,133.66000366210938,134.24000549316406,0
2022-11-28,132.69000244140625,134.4199981689453,132.50999450683594,134.16000366210938,0
2022-11-29,131.11000061035156,132.67999267578125,130.44000244140625,132.07000732421875,0
2022-11-30,132.86000061035156,134.0500030517578,131.25,131.25,0
2022-12-01,136.30999755859375,137.67999267578125,134.13999938964844,134.13999938964844,0
2022-12-02,135.47999572753906,136.75,134.61000061035156,136.61000061035156,0
2022-12-05,135.3800048828125,136.74000549316406,135.35000610351562,135.9499969482422,0
2022-12-06,134.77999877929688,136.35000610351562,134.75999450683594,135.47000122070312,0
2022-12-07,134.97000122070312,135.61000061035156,134.42999267578125,134.5399932861328,0
2022-12-08,134.6699981689453,135.11000061035156,133.6300048828125,134.9600067138672,0
2022-12-09,135.2899932861328,135.3800048828125,133.99000549316406,134.75999450683594,0
2022-12-12,135.3800048828125,135.39999389648438,134.39999389648438,134.6300048828125,0
2022-12-13,137.57000732421875,139.50999450683594,134.47999572753906,135.88999938964844,0
2022-12-14,138.13999938964844,139.0,137.27999877929688,137.41000366210938,0
2022-12-15,135.6199951171875,137.99000549316406,134.94000244140625,137.99000549316406,0
2022-12-16,132.92999267578125,135.58999633789062,132.5500030517578,135.39999389648438,0
2022-12-19,133.22000122070312,133.9600067138672,132.97000122070312,133.39999389648438,0
2022-12-20,133.4600067138672,134.05999755859375,131.89999389648438,132.9499969482422,0
2022-12-21,134.27000427246094,134.66000366210938,133.39999389648438,133.39999389648438,0
2022-12-22,133.3699951171875,135.5800018310547,133.35000610351562,134.88999938964844,0
2022-12-23,133.64999389648438,133.9199981689453,132.6300048828125,133.72999572753906,0
2022-12-27,133.8300018310547,134.6999969482422,133.42999267578125,134.02999877929688,0
2022-12-28,133.25,134.52999877929688,133.1300048828125,133.9499969482422,0
2022-12-29,134.99000549316406,135.00999450683594,132.72000122070312,133.07000732421875,0
2022-12-30,133.6699981689453,134.69000244140625,133.52999877929688,134.66000366210938,0
2023-01-03,132.88999938964844,134.99000549316406,132.6699981689453,134.16000366210938,0
2023-01-04,134.8300018310547,134.83999633789062,133.52000427246094,133.52999877929688,0
2023-01-05,131.82000732421875,134.52999877929688,131.72999572753906,134.1199951171875,0
2023-01-06,134.0,134.0800018310547,131.02999877929688,131.4199981689453,0
2023-01-09,135.61000061035156,135.6199951171875,133.6699981689453,134.57000732421875,0
2023-01-10,134.82000732421875,135.6999969482422,134.3800048828125,135.00999450683594,0
2023-01-11,136.85000610351562,137.4199981689453,135.1199951171875,135.3300018310547,0
2023-01-12,139.02999877929688,139.0399932861328,137.25,137.25,0
2023-01-13,138.27000427246094,139.75999450683594,138.1699981689453,139.3699951171875,0
2023-01-17,139.63999938964844,140.25,138.3800048828125,139.24000549316406,0
2023-01-18,138.52000427246094,140.22999572753906,138.07000732421875,139.7899932861328,0
2023-01-19,136.6699981689453,138.1199951171875,136.5500030517578,137.92999267578125,0
2023-01-20,136.39999389648438,137.41000366210938,136.0500030517578,136.99000549316406,0
2023-01-23,136.75,137.52999877929688,135.52000427246094,137.0,0
2023-01-24,137.00999450683594,137.2899932861328,136.02000427246094,137.0500030517578,0
2023-01-25,136.4499969482422,137.7899932861328,135.5399932861328,137.3699951171875,0
2023-01-26,135.75999450683594,136.72999572753906,135.41000366210938,136.5,0
2023-01-27,135.39999389648438,136.1199951171875,135.02999877929688,136.08999633789062,0
2023-01-30,134.52000427246094,135.30999755859375,134.47999572753906,135.24000549316406,0
2023-01-31,133.99000549316406,134.3699951171875,133.24000549316406,134.22999572753906,0
2023-02-01,134.35000610351562,135.13999938964844,133.9600067138672,134.69000244140625,0
2023-02-02,136.75999450683594,137.10000610351562,135.36000061035156,135.4199981689453,0
2023-02-03,133.94000244140625,136.0,133.22000122070312,136.0,0
2023-02-06,133.19000244140625,133.7100067138672,132.77000427246094,133.66000366210938,0
2023-02-07,132.9199981689453,133.8800048828125,132.22000122070312,133.67999267578125,0
2023-02-08,133.2100067138672,134.27000427246094,133.05999755859375,134.00999450683594,0
2023-02-09,132.5500030517578,133.77999877929688,132.47000122070312,133.1199951171875,0
2023-02-10,131.97999572753906,132.44000244140625,130.9199981689453,132.00999450683594,0
2023-02-13,132.55999755859375,132.67999267578125,131.72000122070312,132.07000732421875,0
2023-02-14,132.13999938964844,133.8800048828125,132.0399932861328,132.8800048828125,0
2023-02-15,132.39999389648438,132.66000366210938,131.66000366210938,132.25,0
2023-02-16,132.47999572753906,133.64999389648438,131.2899932861328,133.19000244140625,0
2023-02-17,132.8699951171875,133.1199951171875,131.33999633789062,131.89999389648438,0
2023-02-21,132.60000610351562,133.85000610351562,132.52999877929688,132.72000122070312,0
2023-02-22,131.44000244140625,132.1300048828125,130.69000244140625,132.1300048828125,0
2023-02-23,130.02000427246094,131.1999969482422,129.97999572753906,131.1199951171875,0
2023-02-24,129.30999755859375,131.0500030517578,129.1300048828125,130.14999389648438,0
2023-02-27,130.14999389648438,131.25,129.41000366210938,129.41000366210938,0
2023-02-28,129.8000030517578,129.99000549316406,128.86000061035156,129.67999267578125,0
2023-03-01,127.62000274658203,129.63999938964844,127.45999908447266,129.63999938964844,0
2023-03-02,127.73999786376953,128.0399932861328,126.66000366210938,127.12000274658203,0
2023-03-03,129.3699951171875,129.3800048828125,128.33999633789062,128.33999633789062,0
2023-03-06,129.88999938964844,130.1999969482422,129.08999633789062,129.83999633789062,0
2023-03-07,128.24000549316406,130.5,128.22999572753906,129.83999633789062,0
2023-03-08,128.60000610351562,128.75,127.41999816894531,128.0,0
2023-03-09,128.83999633789062,128.91000366210938,127.80999755859375,128.63999938964844,0
2023-03-10,128.2100067138672,128.7100067138672,127.83000183105469,128.22999572753906,0
2023-03-13,128.8000030517578,129.61000061035156,126.16000366210938,128.33999633789062,0
2023-03-14,130.41000366210938,131.02000427246094,127.8499984741211,127.8499984741211,0
2023-03-15,127.41000366210938,131.22000122070312,127.19000244140625,130.4499969482422,0
2023-03-16,129.1699981689453,129.32000732421875,127.19000244140625,128.22000122070312,0
2023-03-17,127.20999908447266,129.9600067138672,126.86000061035156,129.3800048828125,0
2023-03-20,129.25,129.57000732421875,127.0999984741211,127.63999938964844,0
2023-03-21,130.0,131.0399932861328,129.14999389648438,129.14999389648438,0
2023-03-22,129.6300048828125,130.07000732421875,129.13999938964844,130.0399932861328,0
2023-03-23,130.1699981689453,130.1699981689453,130.1699981689453,130.1699981689453,0
2023-03-24,128.08999633789062,129.5399932861328,127.30000305175781,129.5399932861328,0
2023-03-27,130.14999389648438,130.44000244140625,128.8300018310547,128.8300018310547,0
2023-03-28,131.0500030517578,131.10000610351562,130.44000244140625,130.5399932861328,0
2023-03-29,131.7899932861328,131.9600067138672,130.3800048828125,130.66000366210938,0
2023-03-30,134.36000061035156,134.82000732421875,132.1699981689453,132.1699981689453,0
2023-03-31,135.11000061035156,135.38999938964844,134.0,134.4600067138672,0
2023-04-03,134.6300048828125,135.19000244140625,133.8699951171875,134.72999572753906,0
2023-04-04,135.27000427246094,135.3699951171875,134.5800018310547,134.8000030517578,0
2023-04-05,136.64999389648438,137.1300048828125,135.14999389648438,135.14999389648438,0
2023-04-06,137.86000061035156,138.0,136.63999938964844,136.63999938964844,0
2023-04-10,136.9600067138672,137.89999389648438,136.8000030517578,137.77000427246094,0
2023-04-11,137.8300018310547,138.22999572753906,137.36000061035156,137.61000061035156,0
2023-04-12,139.52999877929688,140.25,138.32000732421875,138.32000732421875,0
2023-04-13,139.22000122070312,139.5,138.58999633789062,139.35000610351562,0
2023-04-14,137.00999450683594,140.19000244140625,136.99000549316406,139.64999389648438,0
2023-04-17,136.69000244140625,137.82000732421875,136.58999633789062,137.22999572753906,0
2023-04-18,136.35000610351562,137.3000030517578,136.27000427246094,137.17999267578125,0
2023-04-19,137.5,137.88999938964844,136.22000122070312,136.3800048828125,0
2023-04-20,137.50999450683594,137.94000244140625,137.02999877929688,137.6300048828125,0
2023-04-21,138.3699951171875,139.0399932861328,137.3800048828125,137.3800048828125,0
2023-04-24,139.02999877929688,139.13999938964844,138.25,138.25,0
2023-04-25,138.58999633789062,139.32000732421875,138.2899932861328,139.32000732421875,0
2023-04-26,137.97999572753906,139.38999938964844,137.58999633789062,138.66000366210938,0
2023-04-27,138.7899932861328,138.97000122070312,137.6699981689453,137.6699981689453,0
2023-04-28,139.1199951171875,139.17999267578125,137.47000122070312,138.75,0
2023-05-01,138.75,139.22000122070312,138.69000244140625,138.89999389648438,0
2023-05-02,136.9499969482422,138.8800048828125,136.58999633789062,138.58999633789062,0
2023-05-03,137.3699951171875,138.16000366210938,137.0800018310547,137.41000366210938,0
2023-05-04,137.75999450683594,137.8000030517578,136.94000244140625,137.6199951171875,0
2023-05-05,138.38999938964844,138.42999267578125,137.47000122070312,138.25999450683594,0
2023-05-08,138.52999877929688,138.97999572753906,138.24000549316406,138.94000244140625,0
2023-05-09,137.8300018310547,138.39999389648438,137.24000549316406,138.35000610351562,0
2023-05-10,138.25,139.13999938964844,138.07000732421875,138.30999755859375,0
2023-05-11,137.1300048828125,138.35000610351562,136.66000366210938,138.1699981689453,0
2023-05-12,138.2100067138672,138.6199951171875,137.50999450683594,137.50999450683594,0
2023-05-15,138.39999389648438,139.02999877929688,138.13999938964844,138.27999877929688,0
2023-05-16,137.3300018310547,139.4499969482422,137.27000427246094,138.35000610351562,0
2023-05-17,135.9499969482422,137.08999633789062,135.75,137.08999633789062,0
2023-05-18,133.86000061035156,136.30999755859375,133.8000030517578,136.1199951171875,0
2023-05-19,135.25999450683594,135.77000427246094,134.27999877929688,134.30999755859375,0
2023-05-22,135.16000366210938,135.83999633789062,134.97000122070312,134.97000122070312,0
2023-05-23,135.16000366210938,135.52000427246094,134.5399932861328,135.14999389648438,0
2023-05-24,133.2899932861328,134.77000427246094,133.0500030517578,134.77000427246094,0
2023-05-25,130.77000427246094,133.08999633789062,130.69000244140625,133.08999633789062,0
2023-05-26,130.6199951171875,131.19000244140625,130.1300048828125,131.00999450683594,0
2023-05-30,131.63999938964844,132.2899932861328,130.7899932861328,130.89999389648438,0
2023-05-31,129.94000244140625,131.25999450683594,129.49000549316406,130.8000030517578,0
2023-06-01,132.1300048828125,132.17999267578125,130.72000122070312,130.72000122070312,0
2023-06-02,132.9600067138672,132.97999572753906,131.5500030517578,132.3300018310547,0
2023-06-05,132.85000610351562,133.27000427246094,132.50999450683594,132.75,0
2023-06-06,133.4499969482422,133.52000427246094,132.3800048828125,132.89999389648438,0
2023-06-07,132.58999633789062,133.22999572753906,132.3699951171875,132.92999267578125,0
2023-06-08,133.52000427246094,134.17999267578125,132.85000610351562,132.85000610351562,0
2023-06-09,133.97000122070312,134.69000244140625,133.88999938964844,134.02000427246094,0
2023-06-12,133.8300018310547,134.88999938964844,133.82000732421875,133.9199981689453,0
2023-06-13,133.8699951171875,134.33999633789062,133.25,134.22999572753906,0
2023-06-14,134.69000244140625,135.27999877929688,133.82000732421875,133.91000366210938,0
2023-06-15,135.69000244140625,136.05999755859375,133.77999877929688,134.14999389648438,0
2023-06-16,136.9199981689453,137.86000061035156,136.0399932861328,136.0500030517578,0
2023-06-20,135.97999572753906,136.6999969482422,135.74000549316406,135.8300018310547,0
2023-06-21,135.8800048828125,135.88999938964844,134.35000610351562,135.5500030517578,0
2023-06-22,134.72999572753906,135.75999450683594,134.6300048828125,135.75999450683594,0
2023-06-23,133.1199951171875,134.47000122070312,133.07000732421875,134.44000244140625,0
2023-06-26,133.25,133.30999755859375,132.49000549316406,132.80999755859375,0
2023-06-27,134.11000061035156,134.5,133.52999877929688,133.52999877929688,0
2023-06-28,133.8300018310547,134.77999877929688,133.75,134.16000366210938,0
2023-06-29,133.2100067138672,133.82000732421875,132.25,133.69000244140625,0
2023-06-30,134.30999755859375,134.66000366210938,133.13999938964844,133.13999938964844,0
2023-07-03,135.25999450683594,135.47000122070312,134.52999877929688,134.52999877929688,0
2023-07-05,134.0500030517578,135.27999877929688,133.77000427246094,135.19000244140625,0
2023-07-06,131.6999969482422,134.3300018310547,131.39999389648438,133.7899932861328,0
2023-07-07,131.36000061035156,132.0,130.58999633789062,131.52999877929688,0
2023-07-10,130.92999267578125,131.55999755859375,130.55999755859375,131.27999877929688,0
2023-07-11,131.50999450683594,131.83999633789062,131.07000732421875,131.3800048828125,0
2023-07-12,134.11000061035156,134.16000366210938,131.92999267578125,132.10000610351562,0
2023-07-13,136.11000061035156,136.1699981689453,134.58999633789062,134.58999633789062,0
2023-07-14,135.58999633789062,136.22000122070312,135.42999267578125,136.10000610351562,0
2023-07-17,135.0800018310547,135.94000244140625,134.47999572753906,135.4499969482422,0
2023-07-18,134.61000061035156,135.2899932861328,134.58999633789062,135.05999755859375,0
2023-07-19,135.22000122070312,135.9499969482422,134.61000061035156,134.61000061035156,0
2023-07-20,135.4600067138672,136.08999633789062,135.2100067138672,135.5,0
2023-07-21,136.94000244140625,137.02000427246094,135.80999755859375,135.99000549316406,0
2023-07-24,136.3800048828125,137.0800018310547,135.82000732421875,136.5500030517578,0
2023-07-25,135.89999389648438,136.22999572753906,135.3300018310547,136.22999572753906,0
2023-07-26,136.72999572753906,136.86000061035156,135.63999938964844,136.0,0
2023-07-27,134.8699951171875,136.75,134.74000549316406,136.4499969482422,0
2023-07-28,133.61000061035156,134.22999572753906,133.22000122070312,133.8699951171875,0
2023-07-31,133.6999969482422,134.75,133.6199951171875,133.66000366210938,0
2023-08-01,132.11000061035156,133.85000610351562,132.05999755859375,133.63999938964844,0
2023-08-02,129.4600067138672,131.6199951171875,129.2100067138672,131.6199951171875,0
2023-08-03,127.83999633789062,129.4600067138672,127.62000274658203,129.1699981689453,0
2023-08-04,128.52999877929688,128.9199981689453,127.25,127.83999633789062,0
2023-08-07,127.5999984741211,127.83999633789062,126.62000274658203,127.63999938964844,0
2023-08-08,127.0199966430664,127.97000122070312,126.95999908447266,127.55999755859375,0
2023-08-09,127.86000061035156,128.44000244140625,127.5199966430664,127.76000213623047,0
2023-08-10,128.74000549316406,129.27999877929688,128.0800018310547,128.0800018310547,0
2023-08-11,127.68000030517578,128.6699981689453,127.55000305175781,128.35000610351562,0
2023-08-14,127.08999633789062,127.83999633789062,126.5199966430664,127.66999816894531,0
2023-08-15,125.69000244140625,127.19000244140625,125.56999969482422,127.12999725341797,0
2023-08-16,125.43000030517578,125.83999633789062,125.12999725341797,125.41999816894531,0
2023-08-17,124.12999725341797,125.0999984741211,124.05000305175781,125.08999633789062,0
2023-08-18,124.2300033569336,124.31999969482422,123.2300033569336,123.66999816894531,0
2023-08-21,123.54000091552734,125.0199966430664,123.2300033569336,124.16999816894531,0
2023-08-22,124.25,124.88999938964844,123.87000274658203,124.0999984741211,0
2023-08-23,125.9800033569336,126.05000305175781,124.73999786376953,124.73999786376953,0
2023-08-24,126.0199966430664,126.91999816894531,125.94000244140625,126.20999908447266,0
2023-08-25,126.05999755859375,126.45999908447266,125.16999816894531,125.26000213623047,0
2023-08-28,126.70999908447266,127.0199966430664,126.2699966430664,126.4000015258789,0
2023-08-29,128.0500030517578,128.19000244140625,126.76000213623047,126.76000213623047,0
2023-08-30,126.19000244140625,128.30999755859375,125.77999877929688,128.30999755859375,0
2023-08-31,125.62000274658203,126.58999633789062,125.56999969482422,125.83000183105469,0
2023-09-01,124.20999908447266,125.7300033569336,124.20999908447266,125.23999786376953,0
2023-09-05,121.7300033569336,123.44999694824219,121.51000213623047,123.44999694824219,0
2023-09-06,121.29000091552734,121.87000274658203,121.02999877929688,121.69000244140625,0
2023-09-07,122.51000213623047,122.52999877929688,120.80999755859375,121.30000305175781,0
2023-09-08,122.73999786376953,123.05999755859375,121.76000213623047,122.30999755859375,0
2023-09-11,123.33999633789062,123.62000274658203,122.70999908447266,123.23999786376953,0
2023-09-12,122.93000030517578,123.44000244140625,122.41000366210938,123.29000091552734,0
2023-09-13,123.08999633789062,123.0999984741211,121.87999725341797,122.94000244140625,0
2023-09-14,125.04000091552734,125.23999786376953,123.29000091552734,123.29000091552734,0
2023-09-15,125.1500015258789,125.83999633789062,125.02999877929688,125.48999786376953,0
2023-09-18,124.55000305175781,125.16999816894531,123.83000183105469,124.98999786376953,0
2023-09-19,124.23999786376953,125.0,124.2300033569336,124.3499984741211,0
2023-09-20,125.02999877929688,125.26000213623047,123.80000305175781,123.80000305175781,0
2023-09-21,122.95999908447266,124.18000030517578,122.55000305175781,124.18000030517578,0
2023-09-22,122.05999755859375,122.41999816894531,121.37999725341797,122.23999786376953,0
2023-09-25,119.95999908447266,121.81999969482422,119.62999725341797,121.77999877929688,0
2023-09-26,119.19999694824219,120.58000183105469,119.05000305175781,120.0199966430664,0
2023-09-27,115.7300033569336,118.62000274658203,115.7300033569336,118.62000274658203,0
2023-09-28,114.04000091552734,115.91999816894531,113.5999984741211,115.11000061035156,0
2023-09-29,114.0199966430664,115.43000030517578,113.58999633789062,113.58999633789062,0
2023-10-02,109.27999877929688,114.37000274658203,109.06999969482422,113.98999786376953,0
2023-10-03,105.87000274658203,108.4800033569336,105.4800033569336,108.4800033569336,0
2023-10-04,106.19999694824219,107.94000244140625,105.5999984741211,106.19999694824219,0
2023-10-05,106.29000091552734,107.12000274658203,106.16000366210938,106.37999725341797,0
2023-10-06,106.70999908447266,106.93000030517578,104.05999755859375,106.66000366210938,0
2023-10-09,107.2699966430664,108.0,106.94999694824219,107.05999755859375,0
2023-10-10,110.79000091552734,110.98999786376953,107.86000061035156,107.86000061035156,0
2023-10-11,111.94999694824219,112.37000274658203,110.79000091552734,110.94000244140625,0
2023-10-12,110.91999816894531,113.31999969482422,110.72000122070312,112.7300033569336,0
2023-10-13,110.44000244140625,111.29000091552734,109.81999969482422,110.44999694824219,0
2023-10-16,111.0,111.04000091552734,109.77999877929688,110.43000030517578,0
2023-10-17,111.44000244140625,111.48999786376953,110.1500015258789,110.88999938964844,0
2023-10-18,109.77999877929688,111.08000183105469,109.7699966430664,111.08000183105469,0
2023-10-19,109.98999786376953,110.3499984741211,109.41999816894531,109.66999816894531,0
2023-10-20,109.02999877929688,109.43000030517578,108.61000061035156,109.36000061035156,0
2023-10-23,109.08000183105469,109.26000213623047,107.33999633789062,108.41000366210938,0
2023-10-24,110.80000305175781,110.80000305175781,108.79000091552734,108.83000183105469,0
2023-10-25,110.91999816894531,111.36000061035156,109.97000122070312,110.8499984741211,0
2023-10-26,111.37000274658203,111.87000274658203,110.16999816894531,110.79000091552734,0
2023-10-27,110.94000244140625,112.01000213623047,110.88999938964844,111.51000213623047,0
2023-10-30,111.30999755859375,111.98999786376953,110.36000061035156,110.36000061035156,0
2023-10-31,112.16999816894531,112.73999786376953,111.76000213623047,111.80999755859375,0
2023-11-01,111.87999725341797,112.29000091552734,110.94999694824219,112.2699966430664,0
2023-11-02,115.22000122070312,115.66999816894531,112.87000274658203,112.87000274658203,0
2023-11-03,117.33000183105469,118.26000213623047,115.36000061035156,115.36000061035156,0
2023-11-06,117.06999969482422,117.69000244140625,116.41999816894531,117.44000244140625,0
2023-11-07,115.5,116.22000122070312,115.0199966430664,116.05999755859375,0
2023-11-08,113.7300033569336,114.86000061035156,113.5199966430664,114.86000061035156,0
2023-11-09,114.55000305175781,114.7699966430664,114.08999633789062,114.08999633789062,0
2023-11-10,113.72000122070312,113.87999725341797,113.12000274658203,113.86000061035156,0
2023-11-13,113.94000244140625,114.33999633789062,113.29000091552734,113.87000274658203,0
2023-11-14,118.4000015258789,118.55999755859375,113.69999694824219,113.77999877929688,0
2023-11-15,119.0,119.9000015258789,118.80000305175781,119.0,0
2023-11-16,119.37999725341797,120.18000030517578,118.68000030517578,118.68000030517578,0
2023-11-17,120.0199966430664,120.58000183105469,119.30999755859375,119.30999755859375,0
2023-11-20,121.08999633789062,121.19999694824219,119.88999938964844,120.45999908447266,0
2023-11-21,119.98999786376953,121.36000061035156,119.80999755859375,121.12999725341797,0
2023-11-22,119.55999755859375,120.19000244140625,119.44999694824219,119.91999816894531,0
2023-11-24,120.51000213623047,120.58999633789062,120.06999969482422,120.25,0
2023-11-27,120.77999877929688,121.19000244140625,120.37999725341797,120.56999969482422,0
2023-11-28,122.31999969482422,122.37000274658203,120.77999877929688,120.87000274658203,0
2023-11-29,122.2300033569336,123.05000305175781,122.02999877929688,122.0999984741211,0
2023-11-30,122.16999816894531,122.43000030517578,121.52999877929688,122.06999969482422,0
2023-12-01,123.44999694824219,123.4800033569336,122.11000061035156,122.44000244140625,0
2023-12-04,123.66000366210938,124.16999816894531,123.2300033569336,123.58999633789062,0
2023-12-05,123.45999908447266,124.08999633789062,123.04000091552734,123.30999755859375,0
2023-12-06,124.80999755859375,125.11000061035156,123.47000122070312,123.83000183105469,0
2023-12-07,125.3499984741211,125.61000061035156,124.87000274658203,125.13999938964844,0
2023-12-08,124.79000091552734,125.55000305175781,124.7699966430664,125.18000030517578,0
2023-12-11,124.5999984741211,125.4000015258789,124.20999908447266,125.33000183105469,0
2023-12-12,123.80999755859375,125.26000213623047,123.5999984741211,124.66000366210938,0
2023-12-13,125.25,125.30000305175781,124.12999725341797,124.12999725341797,0
2023-12-14,130.89999389648438,131.19000244140625,128.02000427246094,128.02000427246094,0
2023-12-15,129.27999877929688,130.36000061035156,128.82000732421875,130.17999267578125,0
2023-12-18,127.5999984741211,128.99000549316406,127.55000305175781,128.99000549316406,0
2023-12-19,128.75999450683594,128.9499969482422,127.66999816894531,127.66999816894531,0
2023-12-20,128.17999267578125,128.89999389648438,127.9800033569336,128.64999389648438,0
2023-12-21,127.97000122070312,128.33999633789062,126.9000015258789,127.26000213623047,0
2023-12-22,129.1199951171875,129.4499969482422,128.0800018310547,128.08999633789062,0
2023-12-26,129.4499969482422,129.4600067138672,128.77999877929688,128.8800048828125,0
2023-12-27,130.39999389648438,130.44000244140625,129.58999633789062,129.7100067138672,0
2023-12-28,130.0800018310547,130.64999389648438,129.83999633789062,130.42999267578125,0
2023-12-29,130.08999633789062,130.55999755859375,130.0399932861328,130.22000122070312,0
2024-01-02,129.25,130.52999877929688,128.27000427246094,130.25,0
2024-01-03,127.48999786376953,129.3300018310547,127.1500015258789,129.1300048828125,0
2024-01-04,129.25999450683594,129.36000061035156,128.16000366210938,128.16000366210938,0
2024-01-05,129.4199981689453,130.00999450683594,127.80000305175781,128.6699981689453,0
2024-01-08,130.02999877929688,130.0500030517578,128.77000427246094,129.27000427246094,0
2024-01-09,129.57000732421875,130.0,129.14999389648438,129.94000244140625,0
2024-01-10,129.11000061035156,129.39999389648438,128.92999267578125,129.27000427246094,0
2024-01-11,126.76000213623047,129.50999450683594,126.51000213623047,129.2899932861328,0
2024-01-12,127.79000091552734,128.19000244140625,126.83999633789062,127.11000061035156,0
2024-01-16,125.43000030517578,127.04000091552734,125.05999755859375,127.04000091552734,0
2024-01-17,122.62000274658203,124.70999908447266,122.44000244140625,124.70999908447266,0
2024-01-18,121.44999694824219,122.58000183105469,121.37000274658203,122.58000183105469,0
2024-01-19,121.95999908447266,122.27999877929688,121.2699966430664,121.66000366210938,0
2024-01-22,121.4000015258789,122.02999877929688,120.86000061035156,121.88999938964844,0
2024-01-23,120.52999877929688,121.62999725341797,120.4000015258789,121.44999694824219,0
2024-01-24,120.66999816894531,122.29000091552734,120.58999633789062,120.91999816894531,0
2024-01-25,120.73999786376953,121.18000030517578,119.83999633789062,120.51000213623047,0
2024-01-26,120.20999908447266,121.72000122070312,119.81999969482422,120.86000061035156,0
2024-01-29,119.91999816894531,120.12999725341797,119.0,120.0199966430664,0
2024-01-30,119.98999786376953,120.63999938964844,119.69000244140625,120.37000274658203,0
2024-01-31,120.8499984741211,121.61000061035156,119.72000122070312,120.0199966430664,0
2024-02-01,120.43000030517578,120.44999694824219,119.51000213623047,120.37000274658203,0
2024-02-02,118.95999908447266,121.80999755859375,118.69999694824219,121.26000213623047,0
2024-02-05,117.3499984741211,119.69999694824219,116.9800033569336,118.94000244140625,0
2024-02-06,116.58000183105469,117.12999725341797,115.58000183105469,117.06999969482422,0
2024-02-07,116.31999969482422,117.2699966430664,115.73999786376953,116.95999908447266,0
2024-02-08,114.72000122070312,116.27999877929688,114.55999755859375,116.20999908447266,0
2024-02-09,114.16999816894531,114.83999633789062,114.05999755859375,114.83999633789062,0
2024-02-12,115.63999938964844,115.63999938964844,114.7300033569336,114.7300033569336,0
2024-02-13,113.58000183105469,116.55000305175781,113.1500015258789,115.8499984741211,0
2024-02-14,113.88999938964844,114.01000213623047,113.25,113.5,0
2024-02-15,115.54000091552734,116.29000091552734,114.06999969482422,114.1500015258789,0
2024-02-16,115.51000213623047,116.13999938964844,114.72000122070312,116.0,0
2024-02-20,115.58000183105469,116.26000213623047,114.94000244140625,115.2699966430664,0
2024-02-21,115.87999725341797,116.25,115.12000274658203,115.4800033569336,0
2024-02-22,114.9800033569336,116.66999816894531,114.6500015258789,116.37999725341797,0
2024-02-23,115.08999633789062,115.4000015258789,114.41000366210938,115.08999633789062,0
2024-02-26,113.19999694824219,114.8499984741211,113.08000183105469,114.80000305175781,0
2024-02-27,114.2699966430664,114.29000091552734,113.02999877929688,113.18000030517578,0
2024-02-28,113.27999877929688,114.23999786376953,113.0,114.06999969482422,0
2024-02-29,113.83000183105469,114.94999694824219,113.12999725341797,113.16999816894531,0
2024-03-01,113.95999908447266,114.77999877929688,112.94999694824219,114.11000061035156,0
2024-03-04,113.97000122070312,114.56999969482422,113.23999786376953,114.25,0
2024-03-05,115.79000091552734,116.44000244140625,114.18000030517578,114.27999877929688,0
2024-03-06,117.02999877929688,117.62999725341797,115.37000274658203,115.55000305175781,0
2024-03-07,118.41999816894531,118.55000305175781,116.66999816894531,116.81999969482422,0
2024-03-08,118.29000091552734,118.83000183105469,117.97000122070312,118.4800033569336,0
2024-03-11,117.97000122070312,118.95999908447266,117.76000213623047,118.45999908447266,0
2024-03-12,116.69999694824219,118.44000244140625,116.38999938964844,118.13999938964844,0
2024-03-13,117.25,118.0999984741211,116.86000061035156,116.86000061035156,0
2024-03-14,116.02999877929688,118.54000091552734,116.0,117.44999694824219,0
2024-03-15,116.0999984741211,116.76000213623047,115.9000015258789,115.97000122070312,0
2024-03-18,116.43000030517578,116.70999908447266,115.75,116.20999908447266,0
2024-03-19,116.1500015258789,116.16999816894531,115.37000274658203,115.98999786376953,0
2024-03-20,116.94999694824219,117.20999908447266,116.11000061035156,116.2300033569336,0
2024-03-21,117.48999786376953,118.5199966430664,117.47000122070312,117.77999877929688,0
2024-03-22,117.83999633789062,118.31999969482422,116.7699966430664,116.93000030517578,0
2024-03-25,117.75,118.05999755859375,117.52999877929688,117.77999877929688,0
2024-03-26,117.61000061035156,118.1500015258789,117.55999755859375,117.91000366210938,0
2024-03-27,119.08000183105469,119.16999816894531,117.05000305175781,117.16000366210938,0
2024-03-28,119.31999969482422,119.58999633789062,118.88999938964844,119.41000366210938,0
2024-04-01,118.38999938964844,119.37999725341797,118.37999725341797,119.3499984741211,0
2024-04-02,117.86000061035156,118.7300033569336,117.79000091552734,118.68000030517578,0
2024-04-03,117.93000030517578,118.04000091552734,117.06999969482422,118.01000213623047,0
2024-04-04,119.55999755859375,119.7300033569336,118.19999694824219,118.19999694824219,0
2024-04-05,117.9000015258789,118.91999816894531,117.08999633789062,118.80999755859375,0
2024-04-08,118.36000061035156,118.76000213623047,117.8499984741211,117.9000015258789,0
2024-04-09,118.87000274658203,119.61000061035156,118.27999877929688,118.62999725341797,0
2024-04-10,115.93000030517578,119.83999633789062,115.66000366210938,119.2300033569336,0
2024-04-11,116.72000122070312,118.0999984741211,116.04000091552734,116.16999816894531,0
2024-04-12,117.75,118.4800033569336,117.01000213623047,117.05000305175781,0
2024-04-15,116.4000015258789,117.48999786376953,116.11000061035156,117.4000015258789,0
2024-04-16,114.72000122070312,116.20999908447266,114.33999633789062,115.6500015258789,0
2024-04-17,114.61000061035156,115.2699966430664,113.77999877929688,114.4000015258789,0
2024-04-18,116.45999908447266,116.73999786376953,115.55000305175781,115.55000305175781,0
2024-04-19,117.1500015258789,117.2699966430664,115.95999908447266,116.33000183105469,0
2024-04-22,117.80999755859375,117.81999969482422,116.70999908447266,117.41999816894531,0
2024-04-23,119.37999725341797,119.5999984741211,117.91000366210938,117.91000366210938,0
2024-04-24,118.69999694824219,119.30999755859375,118.13999938964844,119.16999816894531,0
2024-04-25,118.48999786376953,119.30999755859375,117.48999786376953,119.01000213623047,0
2024-04-26,118.75,119.52999877929688,118.48999786376953,118.80999755859375,0
2024-04-29,120.30000305175781,120.47000122070312,118.8499984741211,118.8499984741211,0
2024-04-30,119.69000244140625,120.79000091552734,119.04000091552734,120.62999725341797,0
2024-05-01,119.9800033569336,119.98999786376953,119.27999877929688,119.41000366210938,0
2024-05-02,121.69999694824219,122.08000183105469,120.66999816894531,120.66999816894531,0
2024-05-03,123.26000213623047,124.30000305175781,122.36000061035156,122.37000274658203,0
2024-05-06,123.7300033569336,123.83999633789062,123.08999633789062,123.08999633789062,0
2024-05-07,125.3499984741211,125.5,123.86000061035156,123.86000061035156,0
2024-05-08,125.77999877929688,126.0999984741211,124.9800033569336,125.16999816894531,0
2024-05-09,127.72000122070312,127.72000122070312,125.6500015258789,125.91999816894531,0
2024-05-10,129.27000427246094,129.7100067138672,128.0,128.0,0
2024-05-13,128.6999969482422,129.1999969482422,128.35000610351562,129.0800018310547,0
2024-05-14,129.52000427246094,130.0,128.75999450683594,128.77999877929688,0
2024-05-15,132.02000427246094,132.33999633789062,129.66000366210938,129.66000366210938,0
2024-05-16,132.4199981689453,132.49000549316406,131.9499969482422,132.33999633789062,0
2024-05-17,131.52999877929688,132.17999267578125,130.97000122070312,132.17999267578125,0
2024-05-20,131.17999267578125,131.88999938964844,131.13999938964844,131.63999938964844,0
2024-05-21,131.02000427246094,131.41000366210938,130.50999450683594,131.3300018310547,0
2024-05-22,131.41000366210938,131.4499969482422,130.36000061035156,130.8300018310547,0
2024-05-23,129.2100067138672,130.82000732421875,128.6999969482422,130.82000732421875,0
2024-05-24,129.05999755859375,129.3000030517578,128.1300048828125,128.8300018310547,0
2024-05-28,131.22000122070312,131.58999633789062,130.80999755859375,131.11000061035156,0
2024-05-29,128.27000427246094,130.36000061035156,128.16000366210938,130.36000061035156,0
2024-05-30,129.83999633789062,130.02999877929688,128.02999877929688,128.10000610351562,0
2024-05-31,131.8800048828125,132.07000732421875,130.64999389648438,130.77999877929688,0
2024-06-03,133.02000427246094,133.1300048828125,132.1999969482422,132.22000122070312,0
2024-06-04,132.0399932861328,132.85000610351562,131.97999572753906,132.42999267578125,0
2024-06-05,132.42999267578125,132.85000610351562,132.14999389648438,132.24000549316406,0
2024-06-06,131.9600067138672,132.88999938964844,131.47000122070312,132.58999633789062,0
2024-06-07,129.9199981689453,131.8000030517578,129.27000427246094,131.55999755859375,0
2024-06-10,129.41000366210938,129.47000122070312,128.0800018310547,128.8000030517578,0
2024-06-11,127.41999816894531,129.94000244140625,127.23999786376953,129.5800018310547,0
2024-06-12,129.2100067138672,130.13999938964844,127.56999969482422,127.69000244140625,0
2024-06-13,127.29000091552734,128.52000427246094,127.18000030517578,128.25999450683594,0
2024-06-14,125.88999938964844,127.43000030517578,125.36000061035156,127.37999725341797,0
2024-06-17,124.61000061035156,125.88999938964844,124.2300033569336,125.73999786376953,0
2024-06-18,125.18000030517578,125.3499984741211,124.45999908447266,124.5,0
2024-06-20,125.5999984741211,126.01000213623047,124.81999969482422,124.87999725341797,0
2024-06-21,125.2699966430664,125.97000122070312,125.16000366210938,125.69999694824219,0
2024-06-24,126.48999786376953,126.81999969482422,125.08999633789062,125.41000366210938,0
2024-06-25,126.3499984741211,127.44999694824219,125.94000244140625,126.91000366210938,0
2024-06-26,125.7699966430664,126.70999908447266,124.79000091552734,126.56999969482422,0
2024-06-27,125.12000274658203,125.94000244140625,124.62000274658203,125.80999755859375,0
2024-06-28,123.79000091552734,125.30000305175781,123.79000091552734,125.0199966430664,0
2024-07-01,124.29000091552734,125.77999877929688,124.13999938964844,124.29000091552734,0
2024-07-02,123.7300033569336,124.19999694824219,123.38999938964844,124.04000091552734,0
2024-07-03,125.5999984741211,126.01000213623047,123.9800033569336,123.9800033569336,0
2024-07-05,126.5199966430664,126.58000183105469,125.58000183105469,125.63999938964844,0
2024-07-08,125.36000061035156,126.13999938964844,125.30999755859375,126.0,0
2024-07-09,125.13999938964844,125.80000305175781,124.9000015258789,125.44000244140625,0
2024-07-10,126.11000061035156,126.11000061035156,124.94000244140625,124.94000244140625,0
2024-07-11,129.41000366210938,129.4600067138672,126.4800033569336,126.56999969482422,0
2024-07-12,130.6999969482422,130.75999450683594,129.25999450683594,129.60000610351562,0
2024-07-15,127.23999786376953,130.14999389648438,127.19999694824219,130.14999389648438,0
2024-07-16,126.98999786376953,127.0199966430664,126.11000061035156,126.66999816894531,0
2024-07-17,128.07000732421875,128.5399932861328,127.12999725341797,127.3499984741211,0
2024-07-18,128.4199981689453,128.9499969482422,128.0500030517578,128.11000061035156,0
2024-07-19,127.25,127.75,127.01000213623047,127.75,0
2024-07-22,127.31999969482422,127.79000091552734,126.9800033569336,126.9800033569336,0
2024-07-23,127.5,127.80999755859375,126.95999908447266,127.37999725341797,0
2024-07-24,128.52000427246094,128.52000427246094,126.7300033569336,126.87999725341797,0
2024-07-25,128.36000061035156,128.72999572753906,127.55999755859375,128.02999877929688,0
2024-07-26,129.47999572753906,129.49000549316406,127.75,127.9000015258789,0
2024-07-29,129.41000366210938,130.22999572753906,128.9499969482422,129.7100067138672,0
2024-07-30,129.47000122070312,129.72999572753906,129.0500030517578,129.44000244140625,0
2024-07-31,130.6300048828125,130.8800048828125,129.94000244140625,129.9600067138672,0
2024-08-01,130.2899932861328,130.94000244140625,129.6999969482422,130.39999389648438,0
2024-08-02,131.07000732421875,132.17999267578125,129.77999877929688,130.52999877929688,0
2024-08-05,127.97000122070312,130.7100067138672,127.4800033569336,130.7100067138672,0
2024-08-06,128.2899932861328,128.41000366210938,126.88999938964844,127.80000305175781,0
2024-08-07,129.92999267578125,130.3000030517578,128.22000122070312,128.22999572753906,0
2024-08-08,129.57000732421875,129.67999267578125,128.63999938964844,129.4199981689453,0
2024-08-09,129.19000244140625,129.75,128.2899932861328,129.47000122070312,0
2024-08-12,129.3000030517578,129.74000549316406,129.2100067138672,129.3000030517578,0
2024-08-13,130.77999877929688,130.88999938964844,129.92999267578125,129.92999267578125,0
2024-08-14,131.3699951171875,131.8000030517578,130.69000244140625,131.6199951171875,0
2024-08-15,130.92999267578125,131.39999389648438,130.4199981689453,131.13999938964844,0
2024-08-16,131.25999450683594,131.3000030517578,130.8699951171875,130.97000122070312,0
2024-08-19,132.8000030517578,132.86000061035156,131.69000244140625,131.7899932861328,0
2024-08-20,132.5800018310547,132.97999572753906,132.3800048828125,132.85000610351562,0
2024-08-21,132.92999267578125,133.0500030517578,132.4199981689453,132.55999755859375,0
2024-08-22,132.42999267578125,133.41000366210938,132.39999389648438,133.0800018310547,0
2024-08-23,134.4600067138672,134.88999938964844,132.8300018310547,132.8300018310547,0
2024-08-26,135.0,135.27000427246094,134.4499969482422,134.58999633789062,0
2024-08-27,134.49000549316406,135.3300018310547,134.4499969482422,134.82000732421875,0
2024-08-28,134.5,134.7100067138672,134.22999572753906,134.39999389648438,0
2024-08-29,134.52000427246094,134.66000366210938,133.8800048828125,134.5399932861328,0
2024-08-30,134.63999938964844,135.4199981689453,134.55999755859375,134.66000366210938,0
2024-09-03,135.07000732421875,135.7100067138672,134.8000030517578,135.36000061035156,0
2024-09-04,135.69000244140625,135.97999572753906,134.3000030517578,134.75,0
2024-09-05,137.2100067138672,138.0800018310547,135.82000732421875,135.82000732421875,0
2024-09-06,136.88999938964844,137.89999389648438,136.8000030517578,137.3800048828125,0
2024-09-09,136.8000030517578,136.9199981689453,136.07000732421875,136.4499969482422,0
2024-09-10,136.99000549316406,137.6300048828125,136.82000732421875,136.92999267578125,0
2024-09-11,137.0399932861328,137.42999267578125,136.22000122070312,136.99000549316406,0
2024-09-12,137.75,138.0800018310547,137.57000732421875,137.6199951171875,0
2024-09-13,139.5500030517578,139.8300018310547,138.33999633789062,138.33999633789062,0
2024-09-16,140.2100067138672,140.49000549316406,139.7100067138672,139.77999877929688,0
2024-09-17,140.4499969482422,141.11000061035156,140.2899932861328,140.2899932861328,0
2024-09-18,139.6999969482422,140.80999755859375,139.64999389648438,140.72000122070312,0
2024-09-19,137.64999389648438,140.2899932861328,137.39999389648438,140.1199951171875,0
2024-09-20,137.88999938964844,138.22000122070312,137.5399932861328,137.8000030517578,0
2024-09-23,139.57000732421875,139.83999633789062,138.27999877929688,138.3300018310547,0
2024-09-24,139.88999938964844,140.3300018310547,138.97999572753906,139.66000366210938,0
2024-09-25,140.19000244140625,140.27000427246094,139.61000061035156,140.07000732421875,0
2024-09-26,141.1300048828125,141.44000244140625,140.1300048828125,140.2899932861328,0
2024-09-27,141.77999877929688,142.07000732421875,140.63999938964844,140.63999938964844,0
2024-09-30,140.8000030517578,141.8300018310547,140.7100067138672,141.6999969482422,0
2024-10-01,139.85000610351562,140.94000244140625,139.6999969482422,140.80999755859375,0
2024-10-02,137.6699981689453,139.75,137.55999755859375,139.63999938964844,0
2024-10-03,136.69000244140625,138.3300018310547,136.5,137.75,0
2024-10-04,134.61000061035156,136.60000610351562,134.05999755859375,136.5,0
2024-10-07,134.2100067138672,135.5500030517578,134.1699981689453,134.8000030517578,0
2024-10-08,134.13999938964844,134.63999938964844,133.94000244140625,134.17999267578125,0
2024-10-09,134.66000366210938,134.6699981689453,134.02000427246094,134.02999877929688,0
2024-10-10,132.7100067138672,134.39999389648438,132.5800018310547,134.1699981689453,0
2024-10-11,133.3000030517578,133.42999267578125,132.47000122070312,132.6300048828125,0
2024-10-14,133.63999938964844,133.77999877929688,132.75,133.19000244140625,0
2024-10-15,134.52000427246094,135.1199951171875,133.64999389648438,133.83999633789062,0
2024-10-16,135.72000122070312,135.72000122070312,133.92999267578125,134.30999755859375,0
2024-10-17,135.52999877929688,136.9199981689453,135.3800048828125,136.02999877929688,0
2024-10-18,135.77999877929688,135.94000244140625,135.0500030517578,135.50999450683594,0
2024-10-21,134.97999572753906,136.10000610351562,134.83999633789062,135.77999877929688,0
2024-10-22,133.0500030517578,135.11000061035156,132.58999633789062,135.11000061035156,0
2024-10-23,132.41000366210938,133.5,132.1699981689453,132.92999267578125,0
2024-10-24,132.02999877929688,133.41000366210938,131.9600067138672,132.57000732421875,0
2024-10-25,131.8699951171875,132.42999267578125,131.5800018310547,132.0399932861328,0
2024-10-28,132.1699981689453,132.74000549316406,131.64999389648438,131.69000244140625,0
2024-10-29,129.58999633789062,132.38999938964844,129.47000122070312,132.00999450683594,0
2024-10-30,129.47999572753906,130.24000549316406,128.94000244140625,129.7100067138672,0
2024-10-31,128.3699951171875,129.55999755859375,128.0800018310547,129.55999755859375,0
2024-11-01,129.1699981689453,129.80999755859375,128.5500030517578,128.5500030517578,0
2024-11-04,129.5399932861328,130.1999969482422,128.88999938964844,128.88999938964844,0
2024-11-05,130.0399932861328,130.64999389648438,129.72999572753906,129.77999877929688,0
2024-11-06,123.4000015258789,129.00999450683594,122.79000091552734,129.00999450683594,0
2024-11-07,124.54000091552734,125.12000274658203,123.77999877929688,123.77999877929688,0
2024-11-08,124.55999755859375,125.73999786376953,124.31999969482422,124.62999725341797,0
2024-11-11,124.9000015258789,125.55000305175781,124.3499984741211,124.66000366210938,0
2024-11-12,121.8499984741211,124.16000366210938,121.8499984741211,124.08000183105469,0
2024-11-13,121.88999938964844,123.31999969482422,121.5,121.6500015258789,0
2024-11-14,123.3499984741211,123.52999877929688,121.66999816894531,121.97000122070312,0
2024-11-15,124.22000122070312,124.52999877929688,123.20999908447266,123.20999908447266,0
2024-11-18,123.97000122070312,124.48999786376953,123.12000274658203,124.2699966430664,0
2024-11-19,123.23999786376953,124.20999908447266,122.44999694824219,123.80000305175781,0
2024-11-20,122.80999755859375,123.9800033569336,122.30999755859375,123.69999694824219,0
2024-11-21,123.0199966430664,123.61000061035156,122.66000366210938,123.0,0
2024-11-22,123.88999938964844,124.4000015258789,122.95999908447266,123.19999694824219,0
2024-11-25,125.16999816894531,125.7699966430664,124.01000213623047,124.19000244140625,0
2024-11-26,124.37000274658203,125.37000274658203,124.27999877929688,125.04000091552734,0
2024-11-27,126.54000091552734,126.5999984741211,124.37000274658203,124.75,0
2024-11-29,126.66999816894531,127.1500015258789,126.44000244140625,127.12999725341797,0
2024-12-02,125.63999938964844,126.69999694824219,124.94999694824219,126.2699966430664,0
2024-12-03,124.94000244140625,125.91000366210938,124.87000274658203,125.5999984741211,0
2024-12-04,123.22000122070312,124.4000015258789,123.16999816894531,124.31999969482422,0
2024-12-05,123.58999633789062,123.97000122070312,122.97000122070312,122.97000122070312,0
2024-12-06,122.66999816894531,124.0999984741211,122.61000061035156,123.68000030517578,0
2024-12-09,122.68000030517578,123.08000183105469,122.30000305175781,122.55000305175781,0
2024-12-10,121.37999725341797,122.05999755859375,120.9800033569336,121.97000122070312,0
2024-12-11,120.05999755859375,121.0999984741211,119.54000091552734,120.97000122070312,0
2024-12-12,119.4000015258789,120.51000213623047,119.26000213623047,120.16999816894531,0
2024-12-13,118.0999984741211,118.9800033569336,117.80999755859375,118.8499984741211,0
2024-12-16,117.33000183105469,118.0999984741211,116.72000122070312,118.08000183105469,0
2024-12-17,116.47000122070312,116.83999633789062,116.0,116.79000091552734,0
2024-12-18,116.05000305175781,116.62999725341797,115.91999816894531,116.45999908447266,0
2024-12-19,113.7699966430664,114.37999725341797,113.4800033569336,114.37999725341797,0
2024-12-20,114.77999877929688,114.80999755859375,112.93000030517578,113.7699966430664,0
2024-12-23,114.83999633789062,114.87000274658203,114.2699966430664,114.63999938964844,0
2024-12-24,114.97000122070312,115.16999816894531,114.80000305175781,114.8499984741211,0
2024-12-26,115.2300033569336,115.23999786376953,114.88999938964844,115.12999725341797,0
2024-12-27,114.7699966430664,115.23999786376953,114.4800033569336,115.04000091552734,0
2024-12-30,114.19000244140625,115.02999877929688,113.76000213623047,114.91000366210938,0
2024-12-31,114.3499984741211,114.8499984741211,114.3499984741211,114.52999877929688,0
2025-01-02,115.4000015258789,115.70999908447266,114.19999694824219,114.19999694824219,0
2025-01-03,116.44000244140625,116.63999938964844,115.1500015258789,115.37999725341797,0
2025-01-06,116.52999877929688,117.45999908447266,115.97000122070312,116.87000274658203,0
2025-01-07,115.83999633789062,116.9800033569336,115.80999755859375,116.5999984741211,0
2025-01-08,113.41999816894531,115.5999984741211,112.7699966430664,115.5999984741211,0
2025-01-10,110.23999786376953,112.83999633789062,110.18000030517578,112.83999633789062,0
2025-01-13,110.20999908447266,111.22000122070312,110.08000183105469,110.11000061035156,0
2025-01-14,110.94000244140625,111.1500015258789,110.48999786376953,110.91999816894531,0
2025-01-15,112.54000091552734,113.48999786376953,111.38999938964844,111.5,0
2025-01-16,113.3499984741211,113.37999725341797,111.73999786376953,112.55000305175781,0
2025-01-17,114.48999786376953,114.76000213623047,113.76000213623047,113.76000213623047,0
2025-01-21,113.83999633789062,114.38999938964844,112.5199966430664,114.38999938964844,0
2025-01-22,111.80999755859375,113.91999816894531,111.73999786376953,113.81999969482422,0
2025-01-23,111.76000213623047,111.91000366210938,111.05000305175781,111.44999694824219,0
2025-01-24,112.4000015258789,112.66000366210938,111.86000061035156,112.11000061035156,0
