Price,Close,High,Low,Open,Volume
Ticker,RGS,RGS,RGS,RGS,RGS
Date,,,,,
2020-01-28,339.3999938964844,349.6000061035156,338.6000061035156,345.6000061035156,8820
2020-01-29,329.20001220703125,340.0,320.6000061035156,338.0,23415
2020-01-30,321.6000061035156,334.0,316.79998779296875,326.3999938964844,13030
2020-01-31,310.3999938964844,322.6000061035156,310.20001220703125,321.3999938964844,11020
2020-02-03,308.0,314.0,302.3999938964844,313.0,18360
2020-02-04,299.79998779296875,354.79998779296875,296.79998779296875,354.20001220703125,38005
2020-02-05,296.3999938964844,302.79998779296875,294.20001220703125,302.79998779296875,17960
2020-02-06,297.20001220703125,312.3999938964844,297.0,299.6000061035156,20575
2020-02-07,283.0,296.20001220703125,281.0,294.79998779296875,16825
2020-02-10,267.79998779296875,282.0,266.79998779296875,281.79998779296875,17950
2020-02-11,263.3999938964844,275.20001220703125,260.6000061035156,268.0,15980
2020-02-12,268.3999938964844,277.6000061035156,262.79998779296875,265.20001220703125,17525
2020-02-13,275.3999938964844,276.20001220703125,265.6000061035156,267.3999938964844,11765
2020-02-14,267.20001220703125,276.6000061035156,266.6000061035156,275.6000061035156,12395
2020-02-18,275.6000061035156,276.6000061035156,264.79998779296875,266.79998779296875,13390
2020-02-19,285.0,287.20001220703125,274.79998779296875,278.0,20005
2020-02-20,273.0,286.3999938964844,269.0,283.3999938964844,11585
2020-02-21,271.6000061035156,273.79998779296875,266.3999938964844,272.3999938964844,9110
2020-02-24,266.20001220703125,272.20001220703125,262.0,262.79998779296875,12790
2020-02-25,257.6000061035156,267.3999938964844,254.0,267.0,15445
2020-02-26,257.3999938964844,268.0,254.1999969482422,258.79998779296875,14545
2020-02-27,256.20001220703125,262.3999938964844,244.60000610351562,251.0,24050
2020-02-28,255.1999969482422,260.3999938964844,247.8000030517578,248.1999969482422,17995
2020-03-02,249.39999389648438,255.0,243.1999969482422,255.0,19055
2020-03-03,239.1999969482422,254.0,236.60000610351562,248.39999389648438,15475
2020-03-04,230.0,242.0,224.60000610351562,239.8000030517578,16925
2020-03-05,224.39999389648438,233.0,220.60000610351562,225.8000030517578,24290
2020-03-06,217.60000610351562,221.60000610351562,210.8000030517578,218.8000030517578,22130
2020-03-09,205.8000030517578,217.8000030517578,198.1999969482422,206.0,28525
2020-03-10,203.60000610351562,212.39999389648438,191.39999389648438,209.39999389648438,25405
2020-03-11,188.8000030517578,201.8000030517578,186.0,199.0,15335
2020-03-12,186.8000030517578,189.0,169.39999389648438,177.1999969482422,16340
2020-03-13,184.1999969482422,201.60000610351562,182.1999969482422,194.0,18825
2020-03-16,139.39999389648438,171.0,139.1999969482422,171.0,17150
2020-03-17,179.0,180.0,135.60000610351562,140.60000610351562,35410
2020-03-18,150.60000610351562,168.60000610351562,139.39999389648438,168.60000610351562,40300
2020-03-19,153.60000610351562,160.0,141.1999969482422,150.0,25640
2020-03-20,130.60000610351562,156.1999969482422,127.19999694824219,152.39999389648438,37020
2020-03-23,119.4000015258789,129.8000030517578,111.5999984741211,128.39999389648438,19705
2020-03-24,157.0,161.0,124.5999984741211,124.5999984741211,20540
2020-03-25,163.1999969482422,167.60000610351562,140.8000030517578,161.60000610351562,40125
2020-03-26,175.60000610351562,198.60000610351562,164.0,164.8000030517578,18310
2020-03-27,131.39999389648438,170.39999389648438,129.39999389648438,170.39999389648438,44105
2020-03-30,126.5999984741211,133.8000030517578,116.4000015258789,131.60000610351562,27475
2020-03-31,118.19999694824219,137.0,116.0,127.19999694824219,30135
2020-04-01,99.4000015258789,117.4000015258789,98.0,117.0,28555
2020-04-02,92.5999984741211,103.4000015258789,90.19999694824219,95.80000305175781,34265
2020-04-03,94.0,97.80000305175781,84.4000015258789,94.0,26630
2020-04-06,100.80000305175781,106.4000015258789,98.5999984741211,99.19999694824219,23325
2020-04-07,120.19999694824219,126.80000305175781,104.19999694824219,105.80000305175781,58470
2020-04-08,135.0,141.8000030517578,119.5999984741211,120.0,89615
2020-04-09,155.1999969482422,159.39999389648438,140.8000030517578,140.8000030517578,63465
2020-04-13,168.60000610351562,172.8000030517578,145.8000030517578,155.8000030517578,38625
2020-04-14,200.39999389648438,201.39999389648438,177.0,177.39999389648438,36220
2020-04-15,165.39999389648438,193.8000030517578,164.8000030517578,188.0,40545
2020-04-16,148.8000030517578,176.0,145.60000610351562,166.1999969482422,27285
2020-04-17,175.8000030517578,190.0,163.60000610351562,163.60000610351562,33510
2020-04-20,168.39999389648438,174.60000610351562,160.1999969482422,174.60000610351562,25080
2020-04-21,170.39999389648438,179.1999969482422,160.39999389648438,164.60000610351562,17590
2020-04-22,172.0,178.39999389648438,166.39999389648438,176.0,17245
2020-04-23,184.1999969482422,188.39999389648438,172.60000610351562,172.60000610351562,23595
2020-04-24,189.0,191.1999969482422,183.39999389648438,185.1999969482422,12605
2020-04-27,224.0,233.39999389648438,194.0,194.0,41165
2020-04-28,224.0,258.0,220.8000030517578,246.39999389648438,49245
2020-04-29,255.39999389648438,257.3999938964844,217.39999389648438,231.39999389648438,50425
2020-04-30,248.39999389648438,254.39999389648438,233.60000610351562,248.0,24305
2020-05-01,223.60000610351562,247.39999389648438,211.8000030517578,240.0,33870
2020-05-04,214.8000030517578,216.8000030517578,200.1999969482422,215.39999389648438,23600
2020-05-05,205.0,229.8000030517578,205.0,224.60000610351562,25010
2020-05-06,200.39999389648438,213.39999389648438,200.1999969482422,208.60000610351562,14710
2020-05-07,201.1999969482422,210.60000610351562,190.8000030517578,207.0,28550
2020-05-08,222.0,226.60000610351562,206.39999389648438,211.0,36985
2020-05-11,203.39999389648438,220.1999969482422,202.1999969482422,220.1999969482422,33185
2020-05-12,183.8000030517578,206.1999969482422,183.0,204.0,26490
2020-05-13,164.60000610351562,183.0,157.8000030517578,183.0,34065
2020-05-14,162.0,167.60000610351562,145.0,160.60000610351562,39005
2020-05-15,177.0,185.39999389648438,162.1999969482422,162.8000030517578,27725
2020-05-18,205.60000610351562,209.60000610351562,187.39999389648438,194.8000030517578,46360
2020-05-19,209.60000610351562,225.39999389648438,198.0,209.0,30885
2020-05-20,211.39999389648438,223.60000610351562,200.8000030517578,215.39999389648438,41900
2020-05-21,213.0,214.0,195.1999969482422,210.39999389648438,29275
2020-05-22,207.0,214.8000030517578,203.1999969482422,213.0,15555
2020-05-26,218.39999389648438,232.60000610351562,211.1999969482422,216.39999389648438,34605
2020-05-27,222.8000030517578,227.60000610351562,204.39999389648438,226.39999389648438,38370
2020-05-28,216.8000030517578,226.0,212.1999969482422,223.8000030517578,39815
2020-05-29,210.39999389648438,217.60000610351562,205.0,212.60000610351562,26535
2020-06-01,211.0,216.8000030517578,203.8000030517578,213.8000030517578,21450
2020-06-02,205.0,213.8000030517578,203.1999969482422,213.1999969482422,28970
2020-06-03,212.60000610351562,213.60000610351562,206.1999969482422,211.0,40120
2020-06-04,208.60000610351562,219.8000030517578,207.1999969482422,208.1999969482422,37435
2020-06-05,235.1999969482422,244.60000610351562,217.8000030517578,222.0,55690
2020-06-08,263.79998779296875,270.6000061035156,240.1999969482422,247.1999969482422,56220
2020-06-09,233.1999969482422,259.20001220703125,222.0,252.39999389648438,37240
2020-06-10,222.1999969482422,234.39999389648438,216.39999389648438,233.39999389648438,23170
2020-06-11,184.1999969482422,207.60000610351562,183.0,202.60000610351562,50655
2020-06-12,182.8000030517578,202.8000030517578,179.0,202.0,50965
2020-06-15,197.39999389648438,207.60000610351562,163.60000610351562,171.1999969482422,44355
2020-06-16,203.0,214.1999969482422,194.60000610351562,209.8000030517578,31385
2020-06-17,187.0,203.1999969482422,185.39999389648438,203.1999969482422,39940
2020-06-18,185.8000030517578,213.0,177.0,196.60000610351562,77210
2020-06-19,172.39999389648438,189.39999389648438,172.1999969482422,188.1999969482422,56955
2020-06-22,167.39999389648438,172.0,162.1999969482422,170.60000610351562,35425
2020-06-23,174.39999389648438,175.8000030517578,162.60000610351562,170.8000030517578,39980
2020-06-24,166.0,171.8000030517578,155.1999969482422,168.1999969482422,45110
2020-06-25,161.39999389648438,168.8000030517578,158.39999389648438,160.0,37150
2020-06-26,151.39999389648438,164.0,150.1999969482422,161.0,42185
2020-06-29,167.0,167.39999389648438,152.8000030517578,154.8000030517578,39090
2020-06-30,163.60000610351562,168.8000030517578,158.0,164.1999969482422,22365
2020-07-01,162.0,171.0,159.1999969482422,164.39999389648438,35815
2020-07-02,161.8000030517578,173.8000030517578,161.1999969482422,170.8000030517578,23715
2020-07-06,165.8000030517578,169.60000610351562,153.8000030517578,166.8000030517578,33730
2020-07-07,153.8000030517578,161.8000030517578,152.8000030517578,161.8000030517578,26605
2020-07-08,155.39999389648438,159.60000610351562,148.60000610351562,153.60000610351562,39930
2020-07-09,145.1999969482422,156.39999389648438,141.60000610351562,154.8000030517578,42605
2020-07-10,152.1999969482422,155.0,143.0,144.0,29010
2020-07-13,153.0,157.0,150.0,155.0,20385
2020-07-14,151.0,154.39999389648438,149.39999389648438,150.8000030517578,25505
2020-07-15,159.0,165.39999389648438,154.1999969482422,157.39999389648438,34370
2020-07-16,164.60000610351562,165.1999969482422,155.39999389648438,155.8000030517578,18235
2020-07-17,161.39999389648438,168.0,160.1999969482422,164.60000610351562,18685
2020-07-20,155.8000030517578,161.8000030517578,155.60000610351562,160.0,20530
2020-07-21,159.8000030517578,163.0,156.60000610351562,158.8000030517578,27810
2020-07-22,157.8000030517578,162.1999969482422,156.39999389648438,158.60000610351562,25485
2020-07-23,163.39999389648438,165.1999969482422,156.1999969482422,156.1999969482422,23495
2020-07-24,156.1999969482422,166.0,154.0,164.1999969482422,19445
2020-07-27,156.60000610351562,157.1999969482422,150.8000030517578,155.60000610351562,21385
2020-07-28,154.39999389648438,161.60000610351562,153.60000610351562,155.8000030517578,19080
2020-07-29,156.39999389648438,159.1999969482422,154.8000030517578,156.0,15315
2020-07-30,156.8000030517578,158.39999389648438,150.60000610351562,155.39999389648438,15450
2020-07-31,153.60000610351562,158.0,152.1999969482422,154.60000610351562,17855
2020-08-03,148.1999969482422,154.0,146.39999389648438,154.0,16525
2020-08-04,160.0,162.60000610351562,147.39999389648438,147.39999389648438,23705
2020-08-05,165.8000030517578,166.0,158.1999969482422,162.60000610351562,17095
2020-08-06,165.39999389648438,169.60000610351562,162.1999969482422,165.39999389648438,13475
2020-08-07,169.60000610351562,170.8000030517578,161.60000610351562,164.60000610351562,12165
2020-08-10,181.1999969482422,184.8000030517578,170.39999389648438,171.60000610351562,36495
2020-08-11,182.60000610351562,187.8000030517578,176.0,185.0,37595
2020-08-12,182.8000030517578,189.39999389648438,178.8000030517578,186.8000030517578,19070
2020-08-13,186.1999969482422,192.39999389648438,180.8000030517578,182.0,16670
2020-08-14,186.1999969482422,193.39999389648438,181.60000610351562,184.39999389648438,20450
2020-08-17,180.60000610351562,186.1999969482422,176.60000610351562,186.1999969482422,19225
2020-08-18,178.39999389648438,183.8000030517578,176.1999969482422,182.0,23505
2020-08-19,180.8000030517578,190.0,176.39999389648438,178.8000030517578,15350
2020-08-20,175.60000610351562,179.60000610351562,171.60000610351562,177.60000610351562,13575
2020-08-21,170.60000610351562,177.0,169.1999969482422,175.39999389648438,12665
2020-08-24,174.60000610351562,175.39999389648438,168.0,172.39999389648438,13450
2020-08-25,173.1999969482422,177.60000610351562,170.1999969482422,176.1999969482422,10725
2020-08-26,166.39999389648438,174.8000030517578,165.8000030517578,172.39999389648438,14060
2020-08-27,170.8000030517578,180.0,168.1999969482422,168.8000030517578,28060
2020-08-28,181.60000610351562,182.0,168.8000030517578,173.60000610351562,26155
2020-08-31,147.8000030517578,166.60000610351562,145.0,158.1999969482422,101630
2020-09-01,150.39999389648438,151.8000030517578,146.0,150.1999969482422,40540
2020-09-02,146.60000610351562,154.8000030517578,146.1999969482422,149.39999389648438,31910
2020-09-03,141.8000030517578,152.39999389648438,141.0,147.39999389648438,39745
2020-09-04,139.39999389648438,146.8000030517578,137.39999389648438,143.0,30090
2020-09-08,129.1999969482422,138.1999969482422,128.60000610351562,138.1999969482422,39470
2020-09-09,126.80000305175781,133.1999969482422,123.80000305175781,131.8000030517578,31950
2020-09-10,127.0,131.0,126.0,128.0,25330
2020-09-11,121.0,128.60000610351562,119.5999984741211,128.0,32055
2020-09-14,120.4000015258789,124.4000015258789,118.5999984741211,121.5999984741211,33210
2020-09-15,115.5999984741211,123.0,115.4000015258789,121.80000305175781,21980
2020-09-16,116.0,121.19999694824219,115.80000305175781,117.19999694824219,34370
2020-09-17,110.19999694824219,118.0,109.4000015258789,115.0,28850
2020-09-18,110.0,111.19999694824219,104.80000305175781,111.0,36720
2020-09-21,110.19999694824219,111.5999984741211,101.19999694824219,106.0,42915
2020-09-22,119.5999984741211,120.80000305175781,110.4000015258789,110.4000015258789,34740
2020-09-23,108.4000015258789,124.4000015258789,108.0,120.0,22870
2020-09-24,107.0,109.4000015258789,104.5999984741211,108.5999984741211,22880
2020-09-25,109.19999694824219,112.0,106.4000015258789,106.4000015258789,16720
2020-09-28,115.19999694824219,117.0,111.5999984741211,111.5999984741211,22935
2020-09-29,120.0,120.19999694824219,110.19999694824219,114.80000305175781,28485
2020-09-30,122.80000305175781,126.80000305175781,120.0,121.0,28370
2020-10-01,124.5999984741211,125.0,119.4000015258789,122.80000305175781,19480
2020-10-02,127.5999984741211,128.8000030517578,117.80000305175781,119.80000305175781,18765
2020-10-05,130.60000610351562,131.8000030517578,126.4000015258789,127.5999984741211,17420
2020-10-06,134.39999389648438,144.8000030517578,131.60000610351562,132.60000610351562,38205
2020-10-07,139.1999969482422,140.8000030517578,133.60000610351562,134.39999389648438,24335
2020-10-08,143.39999389648438,147.60000610351562,140.8000030517578,140.8000030517578,25660
2020-10-09,140.0,146.8000030517578,136.39999389648438,145.8000030517578,27735
2020-10-12,145.0,146.60000610351562,138.39999389648438,139.1999969482422,18655
2020-10-13,142.1999969482422,146.0,139.60000610351562,143.0,19145
2020-10-14,141.1999969482422,146.1999969482422,140.60000610351562,141.39999389648438,15795
2020-10-15,141.8000030517578,144.0,137.8000030517578,137.8000030517578,13940
2020-10-16,144.60000610351562,146.60000610351562,142.0,143.0,13115
2020-10-19,140.0,148.60000610351562,139.1999969482422,144.8000030517578,17655
2020-10-20,133.39999389648438,143.39999389648438,133.0,141.1999969482422,21735
2020-10-21,133.0,136.0,130.39999389648438,132.39999389648438,11300
2020-10-22,133.8000030517578,134.60000610351562,123.4000015258789,125.19999694824219,24600
2020-10-23,130.1999969482422,137.8000030517578,130.1999969482422,135.1999969482422,17120
2020-10-26,119.19999694824219,127.80000305175781,118.80000305175781,127.80000305175781,17835
2020-10-27,114.80000305175781,121.4000015258789,114.5999984741211,119.4000015258789,15395
2020-10-28,108.80000305175781,115.19999694824219,108.80000305175781,110.0,26790
2020-10-29,113.4000015258789,116.19999694824219,107.80000305175781,110.0,25995
2020-10-30,110.80000305175781,115.19999694824219,107.19999694824219,113.4000015258789,23405
2020-11-02,102.4000015258789,116.0,96.0,103.80000305175781,76545
2020-11-03,105.19999694824219,115.5999984741211,104.0,104.0,26115
2020-11-04,105.19999694824219,108.0,99.80000305175781,102.0,17640
2020-11-05,109.80000305175781,110.5999984741211,105.4000015258789,105.4000015258789,22735
2020-11-06,108.19999694824219,111.5999984741211,105.0,110.80000305175781,18110
2020-11-09,129.60000610351562,138.8000030517578,124.0,135.39999389648438,56805
2020-11-10,129.60000610351562,131.0,121.5999984741211,130.60000610351562,33595
2020-11-11,128.8000030517578,138.0,126.19999694824219,131.39999389648438,21805
2020-11-12,121.80000305175781,129.60000610351562,120.0,125.5999984741211,16465
2020-11-13,125.5999984741211,127.5999984741211,121.80000305175781,123.0,17920
2020-11-16,134.39999389648438,136.1999969482422,129.0,133.39999389648438,36070
2020-11-17,137.39999389648438,139.1999969482422,130.0,132.1999969482422,28680
2020-11-18,137.8000030517578,146.0,136.8000030517578,140.1999969482422,32965
2020-11-19,144.0,148.1999969482422,136.60000610351562,138.0,20920
2020-11-20,146.39999389648438,148.1999969482422,140.39999389648438,141.8000030517578,26800
2020-11-23,162.1999969482422,164.0,149.1999969482422,149.8000030517578,47375
2020-11-24,180.0,181.1999969482422,165.0,167.60000610351562,58400
2020-11-25,172.8000030517578,178.8000030517578,165.60000610351562,177.8000030517578,33800
2020-11-27,168.60000610351562,176.1999969482422,163.60000610351562,172.60000610351562,11135
2020-11-30,169.8000030517578,191.1999969482422,169.39999389648438,180.8000030517578,87995
2020-12-01,175.60000610351562,188.39999389648438,174.0,177.0,48975
2020-12-02,182.0,184.0,175.60000610351562,175.60000610351562,33760
2020-12-03,196.0,197.60000610351562,181.0,184.1999969482422,60660
2020-12-04,203.1999969482422,208.39999389648438,198.39999389648438,198.39999389648438,65770
2020-12-07,184.39999389648438,204.1999969482422,183.39999389648438,203.39999389648438,62410
2020-12-08,186.0,188.8000030517578,180.60000610351562,184.0,35015
2020-12-09,191.39999389648438,194.39999389648438,187.0,189.1999969482422,32670
2020-12-10,195.0,196.39999389648438,186.60000610351562,189.60000610351562,20915
2020-12-11,188.8000030517578,197.39999389648438,188.0,192.0,17895
2020-12-14,181.1999969482422,194.60000610351562,178.8000030517578,194.39999389648438,24935
2020-12-15,188.39999389648438,188.60000610351562,180.1999969482422,182.8000030517578,20895
2020-12-16,187.8000030517578,194.0,183.39999389648438,189.60000610351562,25580
2020-12-17,194.0,194.39999389648438,186.0,187.8000030517578,28480
2020-12-18,188.0,193.8000030517578,187.39999389648438,193.8000030517578,43790
2020-12-21,185.1999969482422,189.0,172.60000610351562,173.0,43830
2020-12-22,183.39999389648438,192.8000030517578,181.0,187.0,28450
2020-12-23,190.60000610351562,193.60000610351562,182.1999969482422,183.39999389648438,28310
2020-12-24,189.60000610351562,193.8000030517578,187.8000030517578,189.8000030517578,16010
2020-12-28,192.39999389648438,195.0,187.1999969482422,192.39999389648438,19195
2020-12-29,187.60000610351562,194.8000030517578,184.39999389648438,194.8000030517578,23565
2020-12-30,184.60000610351562,192.60000610351562,183.39999389648438,189.60000610351562,21180
2020-12-31,183.8000030517578,188.39999389648438,182.0,185.0,19745
2021-01-04,179.0,186.1999969482422,172.39999389648438,183.0,27445
2021-01-05,177.39999389648438,182.0,177.39999389648438,179.8000030517578,22950
2021-01-06,176.60000610351562,183.1999969482422,175.39999389648438,180.60000610351562,35285
2021-01-07,178.8000030517578,181.0,177.60000610351562,180.0,20195
2021-01-08,172.0,179.0,170.1999969482422,178.60000610351562,29280
2021-01-11,167.8000030517578,172.0,164.39999389648438,170.60000610351562,41160
2021-01-12,163.60000610351562,169.60000610351562,160.39999389648438,167.60000610351562,34405
2021-01-13,161.1999969482422,165.1999969482422,157.60000610351562,164.0,30520
2021-01-14,174.8000030517578,176.39999389648438,162.1999969482422,162.8000030517578,48115
2021-01-15,171.39999389648438,173.0,168.39999389648438,172.60000610351562,27240
2021-01-19,174.0,181.60000610351562,171.0,173.1999969482422,28730
2021-01-20,180.39999389648438,183.8000030517578,171.39999389648438,174.0,27775
2021-01-21,185.60000610351562,196.8000030517578,182.1999969482422,186.8000030517578,30635
2021-01-22,184.60000610351562,186.8000030517578,173.60000610351562,174.39999389648438,35585
2021-01-25,201.60000610351562,202.8000030517578,180.0,183.8000030517578,52805
2021-01-26,236.0,237.60000610351562,202.60000610351562,204.0,83385
2021-01-27,238.60000610351562,287.79998779296875,225.1999969482422,230.60000610351562,135025
2021-01-28,193.8000030517578,246.60000610351562,192.0,237.60000610351562,57545
2021-01-29,189.8000030517578,202.8000030517578,187.0,199.8000030517578,29070
2021-02-01,200.8000030517578,206.1999969482422,183.39999389648438,206.1999969482422,33305
2021-02-02,189.1999969482422,205.0,188.39999389648438,204.60000610351562,19045
2021-02-03,192.39999389648438,198.60000610351562,189.1999969482422,191.1999969482422,23695
2021-02-04,204.0,207.8000030517578,166.8000030517578,182.1999969482422,67465
2021-02-05,203.1999969482422,208.39999389648438,195.39999389648438,207.1999969482422,14915
2021-02-08,211.39999389648438,215.8000030517578,205.0,206.8000030517578,23765
2021-02-09,210.60000610351562,217.39999389648438,204.1999969482422,211.0,27755
2021-02-10,212.0,216.1999969482422,204.0,213.1999969482422,17125
2021-02-11,209.60000610351562,215.8000030517578,205.8000030517578,212.8000030517578,12335
2021-02-12,211.1999969482422,213.39999389648438,206.8000030517578,209.0,9020
2021-02-16,206.1999969482422,214.0,200.60000610351562,212.8000030517578,14655
2021-02-17,210.8000030517578,213.39999389648438,200.8000030517578,203.39999389648438,10975
2021-02-18,206.0,211.0,205.0,209.0,9885
2021-02-19,210.0,213.39999389648438,206.39999389648438,207.60000610351562,14090
2021-02-22,216.39999389648438,224.60000610351562,205.0,206.60000610351562,17555
2021-02-23,218.39999389648438,221.39999389648438,208.0,216.8000030517578,13645
2021-02-24,252.8000030517578,254.0,219.8000030517578,219.8000030517578,33845
2021-02-25,246.39999389648438,259.0,240.1999969482422,252.8000030517578,23390
2021-02-26,235.0,256.20001220703125,231.1999969482422,246.39999389648438,22500
2021-03-01,252.39999389648438,258.20001220703125,238.1999969482422,242.0,19310
2021-03-02,252.0,259.20001220703125,250.1999969482422,251.1999969482422,12830
2021-03-03,268.0,275.0,244.39999389648438,254.39999389648438,18475
2021-03-04,247.1999969482422,270.20001220703125,237.39999389648438,268.79998779296875,25710
2021-03-05,232.60000610351562,255.0,217.0,245.8000030517578,24225
2021-03-08,254.1999969482422,260.79998779296875,235.0,235.0,16905
2021-03-09,245.60000610351562,260.0,243.8000030517578,260.0,13700
2021-03-10,249.39999389648438,255.0,242.1999969482422,247.1999969482422,16145
2021-03-11,257.3999938964844,259.6000061035156,246.60000610351562,249.8000030517578,15555
2021-03-12,269.0,271.0,250.8000030517578,256.79998779296875,20405
2021-03-15,273.6000061035156,278.3999938964844,263.0,272.79998779296875,18870
2021-03-16,251.1999969482422,272.20001220703125,251.0,272.0,20265
2021-03-17,256.6000061035156,259.79998779296875,242.60000610351562,250.0,10910
2021-03-18,245.60000610351562,261.3999938964844,244.0,257.6000061035156,14105
2021-03-19,265.0,265.20001220703125,239.0,246.0,30085
2021-03-22,250.0,264.20001220703125,246.39999389648438,264.20001220703125,12240
2021-03-23,241.8000030517578,250.60000610351562,240.39999389648438,244.39999389648438,10395
2021-03-24,234.0,253.1999969482422,233.60000610351562,246.39999389648438,13075
2021-03-25,246.1999969482422,252.0,230.60000610351562,231.0,15145
2021-03-26,254.0,260.79998779296875,244.0,252.60000610351562,12960
2021-03-29,247.39999389648438,263.0,246.60000610351562,250.8000030517578,15050
2021-03-30,247.1999969482422,251.39999389648438,239.1999969482422,247.39999389648438,11805
2021-03-31,251.1999969482422,256.20001220703125,245.60000610351562,247.8000030517578,10120
2021-04-01,256.3999938964844,258.20001220703125,249.1999969482422,252.8000030517578,5390
2021-04-05,263.0,263.3999938964844,255.60000610351562,260.0,8190
2021-04-06,260.79998779296875,272.6000061035156,259.3999938964844,261.79998779296875,13260
2021-04-07,258.20001220703125,266.20001220703125,253.39999389648438,261.0,9640
2021-04-08,260.0,260.79998779296875,253.39999389648438,257.79998779296875,7550
2021-04-09,257.3999938964844,262.0,253.39999389648438,262.0,6545
2021-04-12,255.1999969482422,259.3999938964844,250.0,257.3999938964844,4770
2021-04-13,254.1999969482422,257.79998779296875,246.39999389648438,253.60000610351562,10940
2021-04-14,256.79998779296875,264.6000061035156,255.0,255.0,8020
2021-04-15,249.60000610351562,258.6000061035156,248.60000610351562,258.20001220703125,6080
2021-04-16,253.1999969482422,255.0,247.60000610351562,252.8000030517578,7875
2021-04-19,253.60000610351562,258.0,249.39999389648438,252.1999969482422,8060
2021-04-20,235.60000610351562,252.8000030517578,233.0,252.0,12675
2021-04-21,246.60000610351562,248.60000610351562,233.0,235.1999969482422,7110
2021-04-22,241.39999389648438,253.0,239.39999389648438,247.1999969482422,7520
2021-04-23,251.1999969482422,253.60000610351562,243.1999969482422,243.1999969482422,6325
2021-04-26,249.1999969482422,256.0,246.60000610351562,253.1999969482422,6505
2021-04-27,247.8000030517578,257.6000061035156,245.1999969482422,250.8000030517578,11045
2021-04-28,250.60000610351562,254.39999389648438,245.8000030517578,249.0,7310
2021-04-29,272.0,273.6000061035156,251.0,254.8000030517578,18525
2021-04-30,258.79998779296875,268.79998779296875,254.60000610351562,262.6000061035156,13650
2021-05-03,250.39999389648438,261.6000061035156,249.8000030517578,260.6000061035156,13410
2021-05-04,249.39999389648438,251.1999969482422,242.0,248.0,11060
2021-05-05,240.8000030517578,250.1999969482422,237.60000610351562,249.1999969482422,7760
2021-05-06,205.39999389648438,224.0,176.0,224.0,79405
2021-05-07,193.39999389648438,214.8000030517578,191.60000610351562,204.39999389648438,31135
2021-05-10,184.8000030517578,201.1999969482422,184.39999389648438,194.1999969482422,20895
2021-05-11,182.60000610351562,186.60000610351562,177.8000030517578,181.1999969482422,26750
2021-05-12,184.1999969482422,190.8000030517578,182.39999389648438,182.60000610351562,19110
2021-05-13,180.39999389648438,191.60000610351562,177.60000610351562,185.0,20120
2021-05-14,185.1999969482422,189.60000610351562,183.60000610351562,183.8000030517578,13600
2021-05-17,181.1999969482422,188.0,177.1999969482422,183.60000610351562,15480
2021-05-18,177.60000610351562,185.1999969482422,177.0,180.8000030517578,11750
2021-05-19,174.39999389648438,175.1999969482422,171.1999969482422,174.0,10105
2021-05-20,177.39999389648438,179.8000030517578,172.39999389648438,177.1999969482422,10385
2021-05-21,180.0,183.1999969482422,178.1999969482422,179.39999389648438,10505
2021-05-24,175.8000030517578,180.0,171.39999389648438,178.39999389648438,13035
2021-05-25,172.8000030517578,180.1999969482422,172.0,175.39999389648438,11690
2021-05-26,186.8000030517578,186.8000030517578,173.0,173.8000030517578,16175
2021-05-27,184.8000030517578,191.1999969482422,183.0,188.0,16005
2021-05-28,182.8000030517578,188.60000610351562,181.39999389648438,188.60000610351562,9245
2021-06-01,187.0,192.0,183.60000610351562,185.8000030517578,15125
2021-06-02,189.8000030517578,192.1999969482422,181.39999389648438,187.1999969482422,20780
2021-06-03,190.0,194.8000030517578,183.0,187.60000610351562,17780
2021-06-04,186.1999969482422,193.60000610351562,184.8000030517578,192.0,8035
2021-06-07,193.39999389648438,194.1999969482422,185.0,185.0,11015
2021-06-08,209.8000030517578,212.1999969482422,194.39999389648438,197.8000030517578,16045
2021-06-09,213.8000030517578,215.60000610351562,204.1999969482422,208.0,15555
2021-06-10,200.8000030517578,214.8000030517578,200.60000610351562,210.8000030517578,11675
2021-06-11,206.60000610351562,210.0,200.1999969482422,200.1999969482422,9970
2021-06-14,208.0,211.0,203.60000610351562,206.1999969482422,10945
2021-06-15,204.8000030517578,212.1999969482422,201.0,210.0,8530
2021-06-16,196.39999389648438,203.39999389648438,195.1999969482422,200.8000030517578,11665
2021-06-17,184.60000610351562,201.39999389648438,183.1999969482422,194.1999969482422,18720
2021-06-18,191.0,191.8000030517578,181.60000610351562,181.8000030517578,19905
2021-06-21,188.8000030517578,194.8000030517578,187.8000030517578,194.8000030517578,12005
2021-06-22,186.39999389648438,192.1999969482422,183.8000030517578,190.8000030517578,11740
2021-06-23,191.0,194.60000610351562,184.1999969482422,186.39999389648438,9210
2021-06-24,195.39999389648438,198.39999389648438,187.60000610351562,190.1999969482422,7975
2021-06-25,191.1999969482422,198.8000030517578,190.8000030517578,197.60000610351562,53650
2021-06-28,185.0,189.39999389648438,183.1999969482422,189.39999389648438,10230
2021-06-29,185.60000610351562,185.60000610351562,182.60000610351562,184.60000610351562,5385
2021-06-30,187.1999969482422,188.39999389648438,182.39999389648438,185.0,7615
2021-07-01,189.8000030517578,191.39999389648438,185.39999389648438,190.39999389648438,7300
2021-07-02,188.1999969482422,191.0,184.0,190.1999969482422,5450
2021-07-06,179.60000610351562,188.60000610351562,176.0,188.60000610351562,11625
2021-07-07,173.1999969482422,183.60000610351562,169.0,178.8000030517578,12570
2021-07-08,170.1999969482422,174.0,163.8000030517578,169.0,8070
2021-07-09,171.39999389648438,176.39999389648438,170.39999389648438,174.60000610351562,7550
2021-07-12,168.1999969482422,170.0,164.39999389648438,169.8000030517578,5555
2021-07-13,168.8000030517578,170.8000030517578,166.0,166.0,8830
2021-07-14,163.0,171.60000610351562,161.60000610351562,171.60000610351562,8470
2021-07-15,164.0,166.39999389648438,161.8000030517578,163.0,8175
2021-07-16,159.60000610351562,169.0,159.1999969482422,169.0,12160
2021-07-19,150.60000610351562,155.60000610351562,146.1999969482422,155.60000610351562,15665
2021-07-20,162.39999389648438,165.0,147.1999969482422,152.0,13000
2021-07-21,164.8000030517578,174.39999389648438,164.60000610351562,165.60000610351562,12160
2021-07-22,163.39999389648438,166.60000610351562,160.8000030517578,163.60000610351562,7835
2021-07-23,162.39999389648438,166.0,159.0,164.8000030517578,4655
2021-07-26,167.1999969482422,169.8000030517578,163.60000610351562,163.60000610351562,6565
2021-07-27,161.8000030517578,167.39999389648438,159.60000610351562,166.0,5755
2021-07-28,162.1999969482422,166.39999389648438,158.8000030517578,165.0,6210
2021-07-29,162.39999389648438,167.60000610351562,160.60000610351562,163.8000030517578,5590
2021-07-30,159.39999389648438,165.0,158.8000030517578,162.1999969482422,6830
2021-08-02,158.0,164.60000610351562,157.0,159.39999389648438,7735
2021-08-03,151.8000030517578,158.60000610351562,148.1999969482422,158.39999389648438,15015
2021-08-04,151.39999389648438,155.1999969482422,151.0,151.0,11135
2021-08-05,154.0,161.0,151.0,152.1999969482422,7470
2021-08-06,149.1999969482422,157.60000610351562,147.39999389648438,157.39999389648438,10055
2021-08-09,146.1999969482422,150.0,144.0,149.0,5915
2021-08-10,152.1999969482422,158.8000030517578,146.8000030517578,146.8000030517578,11360
2021-08-11,157.0,158.60000610351562,151.39999389648438,151.8000030517578,5980
2021-08-12,155.39999389648438,159.0,151.0,156.39999389648438,4550
2021-08-13,155.1999969482422,157.8000030517578,153.39999389648438,155.1999969482422,4700
2021-08-16,146.0,154.60000610351562,145.60000610351562,153.8000030517578,8515
2021-08-17,142.39999389648438,146.39999389648438,138.39999389648438,143.0,11515
2021-08-18,140.39999389648438,144.39999389648438,138.60000610351562,143.1999969482422,12260
2021-08-19,133.39999389648438,140.0,133.1999969482422,140.0,11255
2021-08-20,137.1999969482422,138.60000610351562,131.39999389648438,132.60000610351562,10880
2021-08-23,138.39999389648438,140.60000610351562,135.39999389648438,138.60000610351562,9180
2021-08-24,140.60000610351562,144.39999389648438,137.0,138.39999389648438,11935
2021-08-25,140.0,142.60000610351562,136.39999389648438,141.0,13540
2021-08-26,119.4000015258789,137.0,118.5999984741211,132.60000610351562,48585
2021-08-27,116.80000305175781,122.5999984741211,115.4000015258789,119.19999694824219,40495
2021-08-30,109.19999694824219,119.4000015258789,108.80000305175781,118.0,29855
2021-08-31,108.4000015258789,110.5999984741211,107.0,109.19999694824219,36805
2021-09-01,100.4000015258789,110.80000305175781,100.19999694824219,109.5999984741211,52495
2021-09-02,100.0,103.0,98.19999694824219,102.0,62015
2021-09-03,98.5999984741211,100.19999694824219,98.19999694824219,100.0,21185
2021-09-07,96.5999984741211,100.80000305175781,96.4000015258789,98.19999694824219,45130
2021-09-08,97.19999694824219,100.19999694824219,94.5999984741211,97.0,73960
2021-09-09,99.0,105.4000015258789,96.5999984741211,97.80000305175781,225505
2021-09-10,92.80000305175781,101.80000305175781,89.4000015258789,99.5999984741211,199140
2021-09-13,89.0,93.4000015258789,87.19999694824219,93.0,87970
2021-09-14,82.5999984741211,90.0,80.19999694824219,89.0,145475
2021-09-15,82.80000305175781,83.5999984741211,77.0,81.5999984741211,115750
2021-09-16,79.19999694824219,83.80000305175781,77.4000015258789,82.0,153560
2021-09-17,81.0,84.80000305175781,79.19999694824219,79.19999694824219,264110
2021-09-20,76.80000305175781,81.80000305175781,75.0,79.80000305175781,212705
2021-09-21,73.80000305175781,79.5999984741211,72.80000305175781,79.19999694824219,168740
2021-09-22,76.80000305175781,79.5999984741211,74.19999694824219,75.0,248795
2021-09-23,79.19999694824219,84.0,76.80000305175781,78.5999984741211,251010
2021-09-24,75.80000305175781,80.4000015258789,74.0,79.80000305175781,153465
2021-09-27,75.80000305175781,78.80000305175781,75.0,76.80000305175781,152685
2021-09-28,82.0,82.4000015258789,74.19999694824219,77.5999984741211,517685
2021-09-29,78.5999984741211,91.5999984741211,76.80000305175781,86.4000015258789,803840
2021-09-30,69.5999984741211,77.80000305175781,65.80000305175781,77.4000015258789,322100
2021-10-01,65.0,70.80000305175781,63.400001525878906,70.19999694824219,302390
2021-10-04,61.79999923706055,65.0,60.400001525878906,65.0,173730
2021-10-05,61.599998474121094,63.0,57.79999923706055,61.599998474121094,250315
2021-10-06,59.400001525878906,62.20000076293945,55.0,55.79999923706055,294200
2021-10-07,59.400001525878906,60.400001525878906,58.599998474121094,59.400001525878906,118185
2021-10-08,61.599998474121094,61.599998474121094,57.599998474121094,59.20000076293945,422105
2021-10-11,62.0,64.80000305175781,60.400001525878906,63.400001525878906,190565
2021-10-12,62.20000076293945,63.0,60.599998474121094,62.400001525878906,130885
2021-10-13,62.400001525878906,63.0,60.0,61.599998474121094,64770
2021-10-14,61.599998474121094,63.20000076293945,60.20000076293945,63.20000076293945,81560
2021-10-15,58.400001525878906,62.20000076293945,58.400001525878906,62.0,103715
2021-10-18,57.79999923706055,59.400001525878906,53.20000076293945,58.0,121400
2021-10-19,57.0,59.20000076293945,56.400001525878906,58.0,75775
2021-10-20,56.79999923706055,59.0,56.400001525878906,57.20000076293945,54785
2021-10-21,58.0,59.599998474121094,56.79999923706055,57.0,59030
2021-10-22,57.599998474121094,59.79999923706055,56.400001525878906,57.0,87505
2021-10-25,62.599998474121094,64.4000015258789,56.79999923706055,58.400001525878906,175200
2021-10-26,56.79999923706055,63.599998474121094,56.79999923706055,62.79999923706055,223545
2021-10-27,53.79999923706055,56.79999923706055,53.400001525878906,56.79999923706055,131840
2021-10-28,55.400001525878906,56.0,52.79999923706055,53.599998474121094,81155
2021-10-29,54.0,56.79999923706055,53.400001525878906,55.400001525878906,57670
2021-11-01,58.20000076293945,58.20000076293945,54.0,54.0,82000
2021-11-02,58.400001525878906,59.0,56.20000076293945,58.0,60625
2021-11-03,61.79999923706055,64.4000015258789,60.79999923706055,61.400001525878906,243915
2021-11-04,54.400001525878906,62.400001525878906,53.79999923706055,62.20000076293945,232005
2021-11-05,55.20000076293945,57.0,53.79999923706055,55.400001525878906,89430
2021-11-08,55.20000076293945,56.599998474121094,54.0,56.0,77620
2021-11-09,57.79999923706055,57.79999923706055,53.599998474121094,54.79999923706055,71275
2021-11-10,59.79999923706055,63.0,56.400001525878906,56.599998474121094,119925
2021-11-11,59.79999923706055,61.20000076293945,58.400001525878906,60.599998474121094,67875
2021-11-12,70.5999984741211,74.19999694824219,59.79999923706055,60.20000076293945,593825
2021-11-15,71.19999694824219,75.0,68.19999694824219,70.0,211170
2021-11-16,69.80000305175781,71.19999694824219,67.80000305175781,70.5999984741211,92100
2021-11-17,63.599998474121094,70.0,62.79999923706055,68.80000305175781,119435
2021-11-18,58.20000076293945,65.19999694824219,56.79999923706055,64.19999694824219,126800
2021-11-19,58.0,59.20000076293945,55.599998474121094,58.599998474121094,62730
2021-11-22,56.599998474121094,59.79999923706055,55.79999923706055,59.20000076293945,80965
2021-11-23,54.0,57.79999923706055,52.400001525878906,57.79999923706055,87850
2021-11-24,55.599998474121094,56.0,52.79999923706055,54.400001525878906,83350
2021-11-26,57.79999923706055,57.79999923706055,51.20000076293945,52.0,74950
2021-11-29,55.79999923706055,57.79999923706055,54.0,57.0,78520
2021-11-30,54.400001525878906,56.20000076293945,50.20000076293945,55.20000076293945,127335
2021-12-01,47.599998474121094,57.0,47.400001525878906,55.20000076293945,120290
2021-12-02,50.79999923706055,51.0,47.20000076293945,47.400001525878906,63400
2021-12-03,51.599998474121094,51.599998474121094,47.400001525878906,51.0,67435
2021-12-06,51.20000076293945,54.400001525878906,50.0,52.20000076293945,55050
2021-12-07,52.0,55.0,51.79999923706055,53.0,44560
2021-12-08,53.400001525878906,54.79999923706055,52.0,53.0,38765
2021-12-09,53.599998474121094,55.20000076293945,52.20000076293945,53.20000076293945,39535
2021-12-10,53.0,54.599998474121094,51.400001525878906,54.20000076293945,31080
2021-12-13,50.599998474121094,54.400001525878906,49.400001525878906,53.79999923706055,50110
2021-12-14,49.599998474121094,53.20000076293945,49.400001525878906,51.20000076293945,45190
2021-12-15,50.20000076293945,50.400001525878906,46.400001525878906,49.20000076293945,70690
2021-12-16,48.79999923706055,53.20000076293945,47.79999923706055,50.599998474121094,75145
2021-12-17,47.599998474121094,50.599998474121094,46.400001525878906,48.20000076293945,196640
2021-12-20,41.599998474121094,46.79999923706055,40.0,46.400001525878906,217720
2021-12-21,40.599998474121094,44.79999923706055,40.0,43.0,141315
2021-12-22,40.0,41.400001525878906,39.20000076293945,40.20000076293945,103300
2021-12-23,33.79999923706055,40.20000076293945,33.400001525878906,39.400001525878906,291680
2021-12-27,35.0,36.79999923706055,34.0,35.79999923706055,129875
2021-12-28,34.400001525878906,34.79999923706055,32.400001525878906,34.20000076293945,168595
2021-12-29,32.0,34.400001525878906,31.399999618530273,33.79999923706055,113450
2021-12-30,33.599998474121094,34.20000076293945,31.600000381469727,32.20000076293945,229985
2021-12-31,34.79999923706055,36.0,33.0,33.0,84270
2022-01-03,35.79999923706055,36.20000076293945,34.400001525878906,35.400001525878906,49200
2022-01-04,37.599998474121094,38.400001525878906,35.20000076293945,35.20000076293945,94160
2022-01-05,36.20000076293945,39.0,35.599998474121094,37.20000076293945,86285
2022-01-06,33.0,36.20000076293945,32.400001525878906,36.20000076293945,99135
2022-01-07,32.20000076293945,33.79999923706055,31.200000762939453,33.0,81355
2022-01-10,30.600000381469727,31.799999237060547,29.399999618530273,31.799999237060547,83105
2022-01-11,30.799999237060547,31.799999237060547,29.600000381469727,30.799999237060547,71175
2022-01-12,30.0,31.799999237060547,30.0,31.200000762939453,44410
2022-01-13,30.0,32.0,29.799999237060547,30.399999618530273,58055
2022-01-14,29.600000381469727,30.200000762939453,28.600000381469727,30.0,42010
2022-01-18,28.0,29.600000381469727,27.600000381469727,29.200000762939453,64695
2022-01-19,28.799999237060547,29.0,27.0,28.200000762939453,55270
2022-01-20,27.799999237060547,30.799999237060547,27.399999618530273,29.0,57305
2022-01-21,27.0,28.0,26.399999618530273,27.799999237060547,49870
2022-01-24,28.799999237060547,29.399999618530273,26.0,27.0,75285
2022-01-25,31.399999618530273,31.799999237060547,29.0,29.0,43835
2022-01-26,30.0,33.0,29.600000381469727,31.799999237060547,60175
2022-01-27,27.600000381469727,30.600000381469727,27.600000381469727,30.0,33235
2022-01-28,28.799999237060547,29.799999237060547,26.399999618530273,27.799999237060547,54550
2022-01-31,29.799999237060547,30.200000762939453,28.600000381469727,28.600000381469727,34790
2022-02-01,30.399999618530273,30.399999618530273,28.600000381469727,30.0,39340
2022-02-02,29.600000381469727,30.399999618530273,28.0,30.200000762939453,48960
2022-02-03,31.600000381469727,36.0,31.399999618530273,32.0,202135
2022-02-04,29.200000762939453,31.799999237060547,28.600000381469727,31.200000762939453,113460
2022-02-07,30.799999237060547,33.400001525878906,29.200000762939453,29.399999618530273,69415
2022-02-08,33.0,34.0,31.0,31.399999618530273,62840
2022-02-09,33.0,34.0,31.0,34.0,72515
2022-02-10,33.599998474121094,36.400001525878906,32.0,32.0,105435
2022-02-11,34.79999923706055,35.0,32.400001525878906,34.20000076293945,75800
2022-02-14,33.599998474121094,35.0,32.599998474121094,35.0,43220
2022-02-15,36.0,36.0,33.79999923706055,33.79999923706055,34205
2022-02-16,37.400001525878906,38.400001525878906,35.20000076293945,35.599998474121094,53665
2022-02-17,38.79999923706055,40.0,37.0,37.79999923706055,70685
2022-02-18,38.0,39.0,36.599998474121094,39.0,45190
2022-02-22,34.20000076293945,37.400001525878906,33.79999923706055,37.400001525878906,51735
2022-02-23,34.20000076293945,35.400001525878906,32.79999923706055,34.79999923706055,32575
2022-02-24,34.400001525878906,34.400001525878906,30.600000381469727,32.0,55545
2022-02-25,36.20000076293945,36.400001525878906,33.79999923706055,34.599998474121094,37990
2022-02-28,36.20000076293945,37.0,35.20000076293945,36.599998474121094,35100
2022-03-01,34.79999923706055,37.0,34.0,36.599998474121094,20920
2022-03-02,35.0,35.400001525878906,33.79999923706055,35.20000076293945,24785
2022-03-03,33.0,35.20000076293945,32.20000076293945,35.20000076293945,34925
2022-03-04,32.20000076293945,33.20000076293945,31.399999618530273,32.20000076293945,33375
2022-03-07,33.20000076293945,34.20000076293945,30.799999237060547,30.799999237060547,55570
2022-03-08,37.400001525878906,37.79999923706055,32.79999923706055,33.20000076293945,46745
2022-03-09,39.400001525878906,41.0,37.599998474121094,37.79999923706055,39810
2022-03-10,38.599998474121094,41.0,36.599998474121094,38.0,28095
2022-03-11,37.599998474121094,39.400001525878906,37.400001525878906,39.400001525878906,28895
2022-03-14,34.0,39.599998474121094,33.20000076293945,39.599998474121094,52465
2022-03-15,37.79999923706055,37.79999923706055,34.0,34.400001525878906,40960
2022-03-16,39.20000076293945,41.0,38.599998474121094,38.599998474121094,52215
2022-03-17,40.20000076293945,41.79999923706055,39.400001525878906,40.0,49620
2022-03-18,42.599998474121094,44.20000076293945,40.0,40.20000076293945,120880
2022-03-21,40.20000076293945,43.599998474121094,40.20000076293945,42.400001525878906,31665
2022-03-22,43.599998474121094,44.599998474121094,40.0,40.20000076293945,34930
2022-03-23,44.79999923706055,45.599998474121094,42.20000076293945,43.0,36995
2022-03-24,44.20000076293945,45.0,42.400001525878906,44.599998474121094,47430
2022-03-25,41.79999923706055,44.400001525878906,41.0,44.20000076293945,50240
2022-03-28,42.599998474121094,43.0,40.79999923706055,41.79999923706055,26410
2022-03-29,43.599998474121094,44.400001525878906,42.0,43.400001525878906,36565
2022-03-30,44.20000076293945,46.79999923706055,35.400001525878906,44.0,159625
2022-03-31,42.400001525878906,45.0,42.20000076293945,44.20000076293945,32495
2022-04-01,40.400001525878906,42.79999923706055,40.20000076293945,42.20000076293945,29215
2022-04-04,42.20000076293945,42.400001525878906,39.400001525878906,40.79999923706055,27510
2022-04-05,40.599998474121094,43.0,39.79999923706055,43.0,30670
2022-04-06,41.0,41.400001525878906,39.0,39.79999923706055,23720
2022-04-07,38.0,41.0,37.400001525878906,41.0,35525
2022-04-08,37.20000076293945,39.400001525878906,36.79999923706055,38.20000076293945,17255
2022-04-11,36.599998474121094,38.0,36.0,37.20000076293945,24325
2022-04-12,35.400001525878906,38.400001525878906,34.79999923706055,37.20000076293945,19260
2022-04-13,36.20000076293945,37.0,35.0,35.400001525878906,16910
2022-04-14,35.400001525878906,37.0,35.400001525878906,36.400001525878906,11010
2022-04-18,33.400001525878906,36.20000076293945,33.20000076293945,35.400001525878906,28820
2022-04-19,34.0,35.400001525878906,32.599998474121094,32.599998474121094,23215
2022-04-20,31.600000381469727,34.599998474121094,31.399999618530273,34.599998474121094,32450
2022-04-21,29.799999237060547,32.400001525878906,28.399999618530273,32.20000076293945,43035
2022-04-22,30.0,30.799999237060547,29.0,30.600000381469727,16560
2022-04-25,29.799999237060547,30.200000762939453,28.399999618530273,30.200000762939453,22475
2022-04-26,28.799999237060547,29.600000381469727,28.0,29.600000381469727,18610
2022-04-27,28.0,31.0,27.799999237060547,29.399999618530273,35850
2022-04-28,27.600000381469727,29.200000762939453,27.200000762939453,27.799999237060547,26430
2022-04-29,27.0,29.0,26.799999237060547,27.399999618530273,25740
2022-05-02,25.799999237060547,27.0,25.0,26.600000381469727,51055
2022-05-03,25.600000381469727,26.600000381469727,24.399999618530273,26.399999618530273,42915
2022-05-04,26.200000762939453,26.399999618530273,23.600000381469727,25.399999618530273,56040
2022-05-05,25.200000762939453,26.200000762939453,24.399999618530273,26.200000762939453,30560
2022-05-06,24.399999618530273,26.0,24.200000762939453,25.0,22860
2022-05-09,25.0,25.600000381469727,23.200000762939453,25.0,36455
2022-05-10,14.800000190734863,25.600000381469727,14.800000190734863,25.200000762939453,179690
2022-05-11,17.799999237060547,17.799999237060547,15.600000381469727,15.600000381469727,91230
2022-05-12,18.399999618530273,19.399999618530273,17.399999618530273,18.399999618530273,57230
2022-05-13,21.200000762939453,22.0,18.399999618530273,18.399999618530273,47625
2022-05-16,19.600000381469727,22.0,19.399999618530273,21.0,42140
2022-05-17,18.799999237060547,21.0,18.799999237060547,20.0,26850
2022-05-18,16.799999237060547,18.600000381469727,16.600000381469727,18.0,32175
2022-05-19,18.799999237060547,19.799999237060547,16.0,16.0,44305
2022-05-20,17.600000381469727,19.399999618530273,17.0,19.0,33205
2022-05-23,16.399999618530273,18.200000762939453,16.200000762939453,18.200000762939453,39195
2022-05-24,15.0,16.399999618530273,14.800000190734863,16.399999618530273,40250
2022-05-25,14.199999809265137,15.399999618530273,13.600000381469727,15.0,37440
2022-05-26,14.600000381469727,15.800000190734863,14.199999809265137,14.399999618530273,40680
2022-05-27,15.399999618530273,16.600000381469727,14.600000381469727,14.800000190734863,46705
2022-05-31,15.399999618530273,16.399999618530273,14.399999618530273,16.0,42765
2022-06-01,13.800000190734863,16.0,13.800000190734863,15.199999809265137,46240
2022-06-02,13.199999809265137,14.199999809265137,13.0,14.199999809265137,75585
2022-06-03,13.199999809265137,13.399999618530273,12.600000381469727,13.399999618530273,45460
2022-06-06,13.199999809265137,13.800000190734863,12.399999618530273,13.199999809265137,61335
2022-06-07,12.800000190734863,13.399999618530273,12.399999618530273,13.0,54840
2022-06-08,12.0,12.800000190734863,11.800000190734863,12.600000381469727,68065
2022-06-09,11.199999809265137,12.399999618530273,10.800000190734863,12.399999618530273,170340
2022-06-10,13.0,16.200000762939453,12.600000381469727,15.800000190734863,998400
2022-06-13,11.399999618530273,11.800000190734863,10.0,11.800000190734863,137910
2022-06-14,11.0,11.600000381469727,10.199999809265137,11.600000381469727,111305
2022-06-15,11.800000190734863,12.399999618530273,10.199999809265137,10.399999618530273,85420
2022-06-16,12.800000190734863,13.199999809265137,10.800000190734863,10.800000190734863,202220
2022-06-17,12.800000190734863,13.0,11.600000381469727,12.600000381469727,132980
2022-06-21,13.199999809265137,14.0,12.0,12.600000381469727,85440
2022-06-22,18.0,19.0,12.600000381469727,13.0,224530
2022-06-23,19.200000762939453,21.0,14.800000190734863,15.0,194635
2022-06-24,18.200000762939453,20.0,17.399999618530273,19.799999237060547,253815
2022-06-27,19.399999618530273,19.600000381469727,16.0,17.399999618530273,68900
2022-06-28,18.799999237060547,19.200000762939453,18.0,19.0,26415
2022-06-29,18.0,19.399999618530273,18.0,18.399999618530273,31565
2022-06-30,21.600000381469727,21.600000381469727,17.799999237060547,18.200000762939453,96530
2022-07-01,20.600000381469727,21.399999618530273,20.0,20.600000381469727,17940
2022-07-05,20.399999618530273,20.799999237060547,18.200000762939453,20.399999618530273,53990
2022-07-06,21.799999237060547,22.200000762939453,19.399999618530273,19.399999618530273,36205
2022-07-07,23.600000381469727,26.399999618530273,22.200000762939453,22.399999618530273,54530
2022-07-08,26.200000762939453,27.200000762939453,22.0,23.600000381469727,51640
2022-07-11,24.0,26.799999237060547,23.399999618530273,26.600000381469727,19890
2022-07-12,22.799999237060547,24.200000762939453,22.0,23.799999237060547,17875
2022-07-13,20.799999237060547,22.200000762939453,20.399999618530273,21.600000381469727,23230
2022-07-14,20.799999237060547,22.399999618530273,20.600000381469727,21.200000762939453,17650
2022-07-15,21.799999237060547,23.600000381469727,20.399999618530273,21.200000762939453,19260
2022-07-18,19.399999618530273,23.200000762939453,18.799999237060547,22.600000381469727,38665
2022-07-19,20.0,20.799999237060547,19.399999618530273,19.600000381469727,12225
2022-07-20,21.0,21.399999618530273,19.600000381469727,19.600000381469727,18870
2022-07-21,20.200000762939453,21.799999237060547,19.799999237060547,21.799999237060547,22080
2022-07-22,19.0,21.399999618530273,18.799999237060547,20.799999237060547,13725
2022-07-25,18.200000762939453,20.0,17.799999237060547,19.600000381469727,24915
2022-07-26,16.399999618530273,18.799999237060547,16.200000762939453,18.799999237060547,15045
2022-07-27,16.399999618530273,17.600000381469727,16.200000762939453,17.0,12785
2022-07-28,15.600000381469727,16.600000381469727,15.199999809265137,16.0,18165
2022-07-29,15.199999809265137,16.0,15.199999809265137,15.199999809265137,31215
2022-08-01,14.800000190734863,16.0,14.399999618530273,16.0,16320
2022-08-02,15.0,15.600000381469727,14.600000381469727,14.600000381469727,48755
2022-08-03,15.399999618530273,15.600000381469727,14.800000190734863,15.600000381469727,34365
2022-08-04,15.0,16.0,14.800000190734863,16.0,27420
2022-08-05,15.399999618530273,15.600000381469727,14.600000381469727,15.199999809265137,27935
2022-08-08,15.399999618530273,16.0,15.0,15.600000381469727,21285
2022-08-09,14.0,15.600000381469727,13.800000190734863,15.600000381469727,37530
2022-08-10,15.0,15.0,14.0,14.199999809265137,18725
2022-08-11,14.600000381469727,16.399999618530273,14.600000381469727,15.199999809265137,29655
2022-08-12,14.600000381469727,15.199999809265137,14.0,15.0,18785
2022-08-15,25.399999618530273,26.799999237060547,19.399999618530273,19.399999618530273,1127845
2022-08-16,24.0,25.799999237060547,22.600000381469727,25.0,164935
2022-08-17,29.799999237060547,30.0,22.200000762939453,24.0,169035
2022-08-18,27.600000381469727,30.0,26.0,30.0,51380
2022-08-19,31.399999618530273,33.599998474121094,26.600000381469727,27.600000381469727,113090
2022-08-22,28.600000381469727,30.799999237060547,28.0,29.799999237060547,71900
2022-08-23,27.600000381469727,30.799999237060547,23.600000381469727,26.200000762939453,107405
2022-08-24,28.799999237060547,29.0,25.399999618530273,27.399999618530273,42895
2022-08-25,32.79999923706055,33.400001525878906,28.399999618530273,29.0,80440
2022-08-26,30.399999618530273,34.599998474121094,30.200000762939453,32.599998474121094,50695
2022-08-29,29.200000762939453,31.600000381469727,29.0,31.600000381469727,20875
2022-08-30,28.0,30.600000381469727,27.399999618530273,29.399999618530273,20880
2022-08-31,28.0,28.600000381469727,27.0,27.799999237060547,8270
2022-09-01,27.600000381469727,28.600000381469727,27.0,27.399999618530273,17530
2022-09-02,27.200000762939453,29.0,27.0,27.200000762939453,9380
2022-09-06,26.0,27.600000381469727,25.600000381469727,27.200000762939453,10325
2022-09-07,26.399999618530273,27.200000762939453,25.600000381469727,26.200000762939453,9180
2022-09-08,26.399999618530273,28.0,26.200000762939453,26.399999618530273,4885
2022-09-09,27.200000762939453,28.0,27.0,27.200000762939453,6480
2022-09-12,27.200000762939453,28.0,25.399999618530273,27.200000762939453,10205
2022-09-13,25.399999618530273,26.600000381469727,25.200000762939453,26.399999618530273,8700
2022-09-14,23.799999237060547,25.799999237060547,23.799999237060547,25.0,14795
2022-09-15,23.600000381469727,25.399999618530273,23.399999618530273,24.600000381469727,18385
2022-09-16,25.600000381469727,26.0,20.200000762939453,23.0,101855
2022-09-19,20.799999237060547,24.200000762939453,17.200000762939453,23.399999618530273,147130
2022-09-20,20.399999618530273,21.399999618530273,20.0,20.600000381469727,14645
2022-09-21,19.200000762939453,20.799999237060547,19.0,20.399999618530273,9075
2022-09-22,18.799999237060547,20.600000381469727,18.399999618530273,19.799999237060547,11325
2022-09-23,19.600000381469727,19.600000381469727,18.200000762939453,18.399999618530273,19355
2022-09-26,18.200000762939453,19.600000381469727,18.200000762939453,19.399999618530273,9600
2022-09-27,19.200000762939453,20.399999618530273,18.399999618530273,18.399999618530273,14700
2022-09-28,20.799999237060547,21.0,19.0,19.0,13255
2022-09-29,19.399999618530273,20.600000381469727,19.200000762939453,20.200000762939453,11225
2022-09-30,20.200000762939453,22.0,19.399999618530273,19.799999237060547,17115
2022-10-03,20.399999618530273,21.799999237060547,20.200000762939453,21.600000381469727,22840
2022-10-04,21.399999618530273,21.600000381469727,20.200000762939453,20.799999237060547,14800
2022-10-05,22.0,22.0,20.399999618530273,21.200000762939453,5240
2022-10-06,22.600000381469727,24.0,21.200000762939453,21.399999618530273,18755
2022-10-07,21.799999237060547,22.200000762939453,21.0,22.200000762939453,5645
2022-10-10,20.200000762939453,21.799999237060547,19.600000381469727,21.799999237060547,7660
2022-10-11,21.0,21.799999237060547,20.200000762939453,20.799999237060547,2725
2022-10-12,20.600000381469727,21.200000762939453,19.600000381469727,21.0,7535
2022-10-13,21.0,21.399999618530273,19.399999618530273,19.399999618530273,5460
2022-10-14,20.600000381469727,21.0,19.600000381469727,20.600000381469727,2570
2022-10-17,20.399999618530273,21.200000762939453,19.600000381469727,19.799999237060547,4715
2022-10-18,20.200000762939453,21.0,19.399999618530273,20.0,5675
2022-10-19,20.0,20.600000381469727,19.399999618530273,19.600000381469727,4480
2022-10-20,20.0,20.799999237060547,19.600000381469727,20.0,3995
2022-10-21,20.0,20.200000762939453,19.600000381469727,19.600000381469727,9080
2022-10-24,20.0,20.200000762939453,19.799999237060547,19.799999237060547,3800
2022-10-25,21.600000381469727,21.799999237060547,19.799999237060547,19.799999237060547,8030
2022-10-26,21.399999618530273,23.0,20.399999618530273,21.0,10970
2022-10-27,22.799999237060547,23.0,21.399999618530273,22.799999237060547,10150
2022-10-28,22.799999237060547,23.0,21.399999618530273,23.0,5565
2022-10-31,23.399999618530273,23.399999618530273,21.600000381469727,23.399999618530273,17930
2022-11-01,26.399999618530273,28.0,24.399999618530273,26.200000762939453,57945
2022-11-02,26.600000381469727,27.600000381469727,25.0,26.200000762939453,19950
2022-11-03,28.399999618530273,30.0,25.399999618530273,26.399999618530273,19370
2022-11-04,26.200000762939453,29.399999618530273,26.200000762939453,28.399999618530273,30690
2022-11-07,25.200000762939453,27.399999618530273,24.399999618530273,27.0,18880
2022-11-08,23.799999237060547,26.0,23.399999618530273,26.0,13555
2022-11-09,24.600000381469727,25.0,23.399999618530273,23.799999237060547,5900
2022-11-10,25.200000762939453,26.799999237060547,24.600000381469727,25.399999618530273,15540
2022-11-11,25.399999618530273,26.399999618530273,24.399999618530273,26.0,7625
2022-11-14,24.600000381469727,26.200000762939453,24.399999618530273,24.600000381469727,37520
2022-11-15,25.799999237060547,26.600000381469727,24.799999237060547,24.799999237060547,15250
2022-11-16,27.399999618530273,27.799999237060547,25.799999237060547,26.399999618530273,12960
2022-11-17,27.0,28.399999618530273,26.399999618530273,27.600000381469727,7925
2022-11-18,28.799999237060547,28.799999237060547,26.399999618530273,26.399999618530273,13290
2022-11-21,28.399999618530273,28.799999237060547,27.600000381469727,28.799999237060547,7525
2022-11-22,28.799999237060547,29.799999237060547,28.0,28.200000762939453,12405
2022-11-23,27.399999618530273,29.399999618530273,27.200000762939453,28.200000762939453,11295
2022-11-25,27.399999618530273,28.600000381469727,26.0,27.399999618530273,10760
2022-11-28,24.799999237060547,27.799999237060547,24.799999237060547,26.799999237060547,18565
2022-11-29,26.399999618530273,26.600000381469727,25.0,25.0,4030
2022-11-30,26.0,26.200000762939453,24.799999237060547,25.600000381469727,8540
2022-12-01,25.600000381469727,26.399999618530273,24.399999618530273,26.0,5955
2022-12-02,26.600000381469727,26.799999237060547,24.799999237060547,24.799999237060547,9425
2022-12-05,26.200000762939453,27.0,25.200000762939453,25.799999237060547,3780
2022-12-06,25.399999618530273,25.799999237060547,25.0,25.399999618530273,4150
2022-12-07,24.0,26.0,23.600000381469727,24.600000381469727,9925
2022-12-08,23.399999618530273,24.200000762939453,22.799999237060547,23.600000381469727,11145
2022-12-09,22.600000381469727,23.399999618530273,22.0,23.200000762939453,9450
2022-12-12,24.200000762939453,24.399999618530273,22.600000381469727,24.0,6320
2022-12-13,23.399999618530273,25.0,23.200000762939453,24.799999237060547,8050
2022-12-14,23.600000381469727,25.0,23.0,23.399999618530273,8550
2022-12-15,22.399999618530273,24.0,22.399999618530273,23.0,6195
2022-12-16,22.0,23.0,19.399999618530273,22.399999618530273,34645
2022-12-19,20.399999618530273,22.0,20.0,21.600000381469727,14315
2022-12-20,22.799999237060547,22.799999237060547,19.600000381469727,19.600000381469727,16050
2022-12-21,23.399999618530273,23.600000381469727,21.399999618530273,21.799999237060547,7955
2022-12-22,24.200000762939453,24.799999237060547,22.799999237060547,23.399999618530273,12390
2022-12-23,24.200000762939453,24.399999618530273,23.200000762939453,23.600000381469727,5620
2022-12-27,23.600000381469727,24.0,21.0,23.600000381469727,41935
2022-12-28,23.399999618530273,24.0,21.399999618530273,22.200000762939453,16085
2022-12-29,23.399999618530273,23.799999237060547,22.200000762939453,22.200000762939453,6050
2022-12-30,24.399999618530273,24.600000381469727,21.799999237060547,21.799999237060547,8955
2023-01-03,25.399999618530273,26.0,23.799999237060547,24.0,8440
2023-01-04,27.600000381469727,27.799999237060547,24.799999237060547,25.200000762939453,16355
2023-01-05,31.200000762939453,32.20000076293945,27.0,28.0,49875
2023-01-06,30.0,32.20000076293945,26.200000762939453,32.0,25870
2023-01-09,31.600000381469727,31.799999237060547,28.600000381469727,28.799999237060547,13130
2023-01-10,32.20000076293945,32.79999923706055,31.200000762939453,32.0,13500
2023-01-11,32.20000076293945,33.20000076293945,30.799999237060547,32.400001525878906,16435
2023-01-12,33.400001525878906,33.400001525878906,31.600000381469727,32.79999923706055,5440
2023-01-13,30.799999237060547,34.79999923706055,30.399999618530273,34.0,15400
2023-01-17,30.600000381469727,31.799999237060547,30.399999618530273,30.600000381469727,2905
2023-01-18,29.799999237060547,32.20000076293945,29.600000381469727,31.0,12595
2023-01-19,27.399999618530273,30.200000762939453,27.399999618530273,29.799999237060547,62800
2023-01-20,28.399999618530273,29.399999618530273,26.0,27.0,17380
2023-01-23,30.200000762939453,31.200000762939453,28.0,28.0,11565
2023-01-24,32.599998474121094,34.400001525878906,30.200000762939453,30.200000762939453,17400
2023-01-25,32.20000076293945,33.0,31.200000762939453,33.0,3205
2023-01-26,32.599998474121094,33.79999923706055,31.399999618530273,31.399999618530273,5910
2023-01-27,32.599998474121094,33.400001525878906,31.0,32.20000076293945,8640
2023-01-30,31.200000762939453,33.400001525878906,30.600000381469727,32.0,14050
2023-01-31,32.79999923706055,35.0,30.799999237060547,30.799999237060547,18335
2023-02-01,35.79999923706055,37.0,33.0,34.79999923706055,55805
2023-02-02,34.400001525878906,36.79999923706055,33.400001525878906,36.400001525878906,14680
2023-02-03,33.599998474121094,35.0,32.79999923706055,34.0,8700
2023-02-06,33.20000076293945,35.0,33.0,33.400001525878906,11620
2023-02-07,33.0,34.20000076293945,32.0,33.400001525878906,7825
2023-02-08,30.799999237060547,32.599998474121094,30.200000762939453,32.20000076293945,11720
2023-02-09,28.0,31.600000381469727,27.799999237060547,31.0,25920
2023-02-10,28.399999618530273,29.0,27.399999618530273,28.399999618530273,7235
2023-02-13,29.200000762939453,29.799999237060547,27.799999237060547,27.799999237060547,5480
2023-02-14,29.799999237060547,30.600000381469727,28.799999237060547,28.799999237060547,3985
2023-02-15,30.200000762939453,31.399999618530273,29.799999237060547,29.799999237060547,4955
2023-02-16,30.399999618530273,31.399999618530273,29.200000762939453,30.399999618530273,4400
2023-02-17,29.600000381469727,31.600000381469727,27.0,29.799999237060547,10500
2023-02-21,28.399999618530273,29.399999618530273,28.0,28.600000381469727,4705
2023-02-22,28.0,29.399999618530273,27.799999237060547,27.799999237060547,3250
2023-02-23,28.600000381469727,29.200000762939453,27.600000381469727,28.0,5235
2023-02-24,28.0,29.200000762939453,27.600000381469727,28.799999237060547,2110
2023-02-27,27.600000381469727,28.600000381469727,27.600000381469727,28.0,3270
2023-02-28,28.799999237060547,28.799999237060547,27.600000381469727,28.0,8655
2023-03-01,28.600000381469727,28.799999237060547,27.200000762939453,28.200000762939453,9510
2023-03-02,28.399999618530273,29.0,27.600000381469727,29.0,7315
2023-03-03,27.799999237060547,28.0,26.399999618530273,27.399999618530273,14945
2023-03-06,26.0,28.0,25.0,27.799999237060547,17480
2023-03-07,25.200000762939453,26.200000762939453,24.200000762939453,25.200000762939453,8485
2023-03-08,23.799999237060547,25.600000381469727,22.799999237060547,25.600000381469727,25280
2023-03-09,22.799999237060547,24.799999237060547,22.0,24.799999237060547,30185
2023-03-10,23.399999618530273,23.600000381469727,21.600000381469727,22.200000762939453,26590
2023-03-13,22.799999237060547,23.200000762939453,21.0,22.799999237060547,25800
2023-03-14,21.600000381469727,23.399999618530273,21.600000381469727,22.200000762939453,15310
2023-03-15,20.799999237060547,22.399999618530273,20.200000762939453,22.0,38350
2023-03-16,20.0,21.799999237060547,20.0,21.0,21265
2023-03-17,15.600000381469727,20.200000762939453,15.600000381469727,20.0,326055
2023-03-20,18.799999237060547,20.0,16.0,16.799999237060547,44080
2023-03-21,22.200000762939453,22.600000381469727,18.799999237060547,19.0,21745
2023-03-22,22.200000762939453,23.399999618530273,22.0,22.200000762939453,10150
2023-03-23,20.399999618530273,23.0,20.399999618530273,21.799999237060547,9785
2023-03-24,21.600000381469727,21.799999237060547,20.200000762939453,20.200000762939453,6780
2023-03-27,21.799999237060547,22.200000762939453,21.200000762939453,21.200000762939453,6570
2023-03-28,21.600000381469727,22.399999618530273,21.600000381469727,22.0,2465
2023-03-29,22.399999618530273,22.600000381469727,21.200000762939453,22.200000762939453,3300
2023-03-30,22.799999237060547,23.0,21.399999618530273,22.799999237060547,7835
2023-03-31,22.200000762939453,23.600000381469727,22.200000762939453,23.600000381469727,1990
2023-04-03,21.799999237060547,22.600000381469727,21.600000381469727,22.0,4910
2023-04-04,22.399999618530273,22.399999618530273,21.200000762939453,21.600000381469727,3985
2023-04-05,22.399999618530273,22.399999618530273,21.399999618530273,22.399999618530273,2215
2023-04-06,21.600000381469727,22.399999618530273,21.399999618530273,22.399999618530273,4825
2023-04-10,21.799999237060547,22.600000381469727,21.600000381469727,21.600000381469727,4930
2023-04-11,22.200000762939453,22.200000762939453,21.399999618530273,21.399999618530273,3260
2023-04-12,22.600000381469727,22.799999237060547,22.200000762939453,22.399999618530273,3495
2023-04-13,22.600000381469727,22.799999237060547,21.600000381469727,22.200000762939453,3770
2023-04-14,21.0,22.399999618530273,21.0,22.0,5150
2023-04-17,22.399999618530273,22.399999618530273,21.0,21.0,6155
2023-04-18,21.600000381469727,22.600000381469727,21.200000762939453,21.399999618530273,1935
2023-04-19,20.200000762939453,21.799999237060547,19.399999618530273,21.600000381469727,15275
2023-04-20,20.600000381469727,21.399999618530273,20.0,20.600000381469727,5455
2023-04-21,20.799999237060547,21.399999618530273,20.0,20.0,4545
2023-04-24,22.200000762939453,22.200000762939453,20.600000381469727,21.200000762939453,10230
2023-04-25,22.200000762939453,22.200000762939453,21.600000381469727,22.0,7015
2023-04-26,22.200000762939453,22.399999618530273,21.200000762939453,21.399999618530273,5620
2023-04-27,22.399999618530273,22.399999618530273,21.399999618530273,22.399999618530273,11870
2023-04-28,25.0,25.200000762939453,22.399999618530273,22.399999618530273,9870
2023-05-01,23.799999237060547,26.399999618530273,23.200000762939453,25.200000762939453,13335
2023-05-02,23.600000381469727,24.399999618530273,21.799999237060547,24.0,15220
2023-05-03,22.600000381469727,26.0,22.200000762939453,25.0,21835
2023-05-04,21.0,22.399999618530273,20.0,22.399999618530273,18215
2023-05-05,22.200000762939453,22.399999618530273,21.600000381469727,21.600000381469727,5225
2023-05-08,20.600000381469727,21.399999618530273,20.600000381469727,20.600000381469727,6540
2023-05-09,21.0,21.799999237060547,20.399999618530273,21.0,7355
2023-05-10,20.600000381469727,21.799999237060547,20.600000381469727,21.0,2925
2023-05-11,20.399999618530273,21.0,20.200000762939453,20.399999618530273,4660
2023-05-12,20.399999618530273,20.799999237060547,20.0,20.200000762939453,7260
2023-05-15,21.0,21.799999237060547,20.399999618530273,20.600000381469727,8695
2023-05-16,20.799999237060547,21.399999618530273,20.399999618530273,21.0,4040
2023-05-17,20.799999237060547,20.799999237060547,20.200000762939453,20.799999237060547,4385
2023-05-18,20.399999618530273,21.0,20.200000762939453,20.399999618530273,5690
2023-05-19,20.200000762939453,20.799999237060547,20.0,20.399999618530273,5990
2023-05-22,20.399999618530273,20.799999237060547,20.200000762939453,20.799999237060547,4390
2023-05-23,20.399999618530273,20.799999237060547,20.0,20.0,4685
2023-05-24,20.399999618530273,20.600000381469727,20.200000762939453,20.200000762939453,2975
2023-05-25,20.200000762939453,21.0,20.0,21.0,5600
2023-05-26,20.0,20.600000381469727,19.600000381469727,20.200000762939453,9380
2023-05-30,19.600000381469727,20.399999618530273,19.399999618530273,20.399999618530273,4460
2023-05-31,19.200000762939453,20.0,18.799999237060547,19.0,9815
2023-06-01,20.799999237060547,20.799999237060547,19.200000762939453,19.799999237060547,5145
2023-06-02,22.0,22.600000381469727,21.0,21.0,13645
2023-06-05,21.799999237060547,22.600000381469727,21.0,22.600000381469727,7250
2023-06-06,22.399999618530273,23.0,21.200000762939453,21.200000762939453,10175
2023-06-07,21.600000381469727,22.399999618530273,21.200000762939453,22.200000762939453,2665
2023-06-08,21.600000381469727,21.799999237060547,20.799999237060547,20.799999237060547,3450
2023-06-09,21.600000381469727,22.0,21.200000762939453,22.0,5070
2023-06-12,21.200000762939453,21.799999237060547,20.600000381469727,21.0,4830
2023-06-13,21.600000381469727,23.0,20.799999237060547,20.799999237060547,12955
2023-06-14,22.0,22.399999618530273,21.0,21.799999237060547,9845
2023-06-15,21.399999618530273,22.0,20.600000381469727,21.200000762939453,7660
2023-06-16,22.399999618530273,22.399999618530273,20.799999237060547,21.0,13410
2023-06-20,22.0,22.399999618530273,21.600000381469727,21.799999237060547,8345
2023-06-21,21.200000762939453,22.200000762939453,21.0,22.200000762939453,10225
2023-06-22,21.200000762939453,21.600000381469727,20.399999618530273,21.200000762939453,2795
2023-06-23,20.799999237060547,21.0,20.0,20.799999237060547,5735
2023-06-26,21.600000381469727,21.600000381469727,20.0,20.200000762939453,3845
2023-06-27,21.399999618530273,22.200000762939453,21.200000762939453,21.600000381469727,7530
2023-06-28,21.600000381469727,22.0,21.0,21.0,4200
2023-06-29,23.600000381469727,23.600000381469727,22.0,22.0,9210
2023-06-30,22.200000762939453,23.600000381469727,21.799999237060547,23.600000381469727,4950
2023-07-03,22.200000762939453,22.799999237060547,21.0,21.0,6150
2023-07-05,22.799999237060547,22.799999237060547,22.0,22.600000381469727,2685
2023-07-06,23.399999618530273,23.399999618530273,21.399999618530273,22.799999237060547,6460
2023-07-07,23.600000381469727,23.799999237060547,22.600000381469727,22.600000381469727,4185
2023-07-10,23.799999237060547,24.200000762939453,22.799999237060547,22.799999237060547,6110
2023-07-11,24.200000762939453,24.200000762939453,23.0,24.200000762939453,4680
2023-07-12,23.399999618530273,24.0,22.600000381469727,24.0,3995
2023-07-13,23.200000762939453,23.600000381469727,22.399999618530273,23.0,3145
2023-07-14,22.200000762939453,23.399999618530273,22.200000762939453,23.0,3860
2023-07-17,24.200000762939453,24.399999618530273,22.600000381469727,22.600000381469727,11740
2023-07-18,25.600000381469727,25.600000381469727,23.600000381469727,23.600000381469727,10160
2023-07-19,25.399999618530273,25.600000381469727,24.200000762939453,25.399999618530273,4420
2023-07-20,25.200000762939453,25.600000381469727,24.600000381469727,25.0,4780
2023-07-21,25.0,25.399999618530273,24.799999237060547,25.0,6985
2023-07-24,25.600000381469727,25.600000381469727,24.799999237060547,25.0,12930
2023-07-25,26.399999618530273,27.0,25.600000381469727,25.600000381469727,5380
2023-07-26,27.600000381469727,28.0,26.200000762939453,26.600000381469727,5735
2023-07-27,26.399999618530273,28.0,26.0,28.0,3930
2023-07-28,26.600000381469727,27.0,26.0,27.0,2710
2023-07-31,26.399999618530273,27.600000381469727,25.200000762939453,25.200000762939453,7915
2023-08-01,27.399999618530273,27.799999237060547,26.600000381469727,27.799999237060547,4435
2023-08-02,25.600000381469727,27.399999618530273,25.600000381469727,27.399999618530273,5470
2023-08-03,25.399999618530273,26.600000381469727,25.200000762939453,25.600000381469727,2810
2023-08-04,25.600000381469727,26.0,25.0,25.399999618530273,3350
2023-08-07,25.0,26.200000762939453,25.0,26.200000762939453,1530
2023-08-08,24.0,25.0,24.0,25.0,4820
2023-08-09,24.200000762939453,24.600000381469727,23.0,24.0,5750
2023-08-10,25.399999618530273,25.399999618530273,23.799999237060547,24.600000381469727,3860
2023-08-11,25.399999618530273,25.399999618530273,24.200000762939453,25.0,2905
2023-08-14,25.0,25.399999618530273,23.799999237060547,25.0,2990
2023-08-15,24.600000381469727,25.200000762939453,24.200000762939453,24.399999618530273,1675
2023-08-16,24.600000381469727,24.799999237060547,23.600000381469727,23.600000381469727,2805
2023-08-17,24.0,24.600000381469727,23.600000381469727,23.600000381469727,4365
2023-08-18,23.600000381469727,24.799999237060547,23.399999618530273,23.799999237060547,1855
2023-08-21,24.399999618530273,25.0,23.600000381469727,23.799999237060547,2095
2023-08-22,25.0,25.0,23.600000381469727,24.200000762939453,4605
2023-08-23,23.200000762939453,23.799999237060547,19.799999237060547,23.399999618530273,26800
2023-08-24,22.200000762939453,22.799999237060547,21.799999237060547,22.600000381469727,5995
2023-08-25,21.600000381469727,22.200000762939453,21.0,21.0,14600
2023-08-28,20.399999618530273,22.0,20.200000762939453,21.600000381469727,2995
2023-08-29,21.600000381469727,22.200000762939453,20.399999618530273,20.399999618530273,5055
2023-08-30,22.0,22.600000381469727,21.600000381469727,22.200000762939453,1880
2023-08-31,21.600000381469727,22.399999618530273,21.399999618530273,21.799999237060547,7660
2023-09-01,21.200000762939453,22.0,20.799999237060547,20.799999237060547,3605
2023-09-05,20.600000381469727,21.600000381469727,20.399999618530273,20.799999237060547,3965
2023-09-06,20.0,21.600000381469727,19.600000381469727,20.799999237060547,6120
2023-09-07,19.399999618530273,20.399999618530273,19.200000762939453,19.200000762939453,3740
2023-09-08,19.799999237060547,20.399999618530273,19.399999618530273,20.200000762939453,3360
2023-09-11,18.799999237060547,20.200000762939453,18.799999237060547,20.0,7045
2023-09-12,18.399999618530273,20.0,18.399999618530273,19.0,8705
2023-09-13,17.399999618530273,18.600000381469727,17.200000762939453,18.0,11570
2023-09-14,17.600000381469727,18.399999618530273,17.600000381469727,18.0,9635
2023-09-15,17.600000381469727,18.399999618530273,17.0,17.799999237060547,5630
2023-09-18,17.0,18.200000762939453,17.0,17.399999618530273,4180
2023-09-19,16.399999618530273,18.0,16.200000762939453,17.799999237060547,13140
2023-09-20,17.200000762939453,18.399999618530273,16.399999618530273,18.0,10575
2023-09-21,16.200000762939453,17.200000762939453,15.399999618530273,16.0,17185
2023-09-22,15.399999618530273,16.0,15.199999809265137,16.0,6640
2023-09-25,15.199999809265137,16.0,15.199999809265137,16.0,4720
2023-09-26,14.199999809265137,15.399999618530273,14.0,15.199999809265137,10475
2023-09-27,14.199999809265137,14.800000190734863,14.0,14.399999618530273,6630
2023-09-28,14.0,14.800000190734863,14.0,14.600000381469727,6615
2023-09-29,14.0,14.800000190734863,14.0,14.399999618530273,5625
2023-10-02,13.399999618530273,14.399999618530273,13.399999618530273,14.399999618530273,6250
2023-10-03,13.600000381469727,14.0,13.399999618530273,13.600000381469727,2565
2023-10-04,13.800000190734863,14.600000381469727,13.399999618530273,14.600000381469727,4845
2023-10-05,13.600000381469727,14.399999618530273,13.600000381469727,14.0,3725
2023-10-06,13.399999618530273,14.199999809265137,13.399999618530273,14.0,4795
2023-10-09,12.800000190734863,14.0,12.0,14.0,13140
2023-10-10,12.0,13.399999618530273,12.0,13.0,7665
2023-10-11,11.199999809265137,13.0,10.800000190734863,12.199999809265137,14585
2023-10-12,11.800000190734863,11.800000190734863,10.600000381469727,11.399999618530273,16615
2023-10-13,12.199999809265137,12.199999809265137,11.399999618530273,11.399999618530273,4140
2023-10-16,12.0,12.800000190734863,12.0,12.800000190734863,4970
2023-10-17,12.800000190734863,13.600000381469727,12.0,12.0,7680
2023-10-18,12.0,13.800000190734863,12.0,13.800000190734863,3280
2023-10-19,10.600000381469727,12.0,10.0,12.0,20660
2023-10-20,10.600000381469727,11.399999618530273,10.399999618530273,11.0,4840
2023-10-23,10.600000381469727,12.199999809265137,10.399999618530273,11.0,6770
2023-10-24,10.600000381469727,11.199999809265137,10.0,10.199999809265137,10400
2023-10-25,10.800000190734863,11.800000190734863,10.399999618530273,11.0,6070
2023-10-26,11.600000381469727,11.800000190734863,11.0,11.0,6240
2023-10-27,11.399999618530273,12.399999618530273,11.399999618530273,12.0,5095
2023-10-30,11.0,12.399999618530273,11.0,11.600000381469727,4470
2023-10-31,11.600000381469727,12.0,11.399999618530273,11.399999618530273,9550
2023-11-01,10.199999809265137,13.199999809265137,10.0,13.199999809265137,19040
2023-11-02,10.600000381469727,11.199999809265137,10.199999809265137,11.199999809265137,11245
2023-11-03,12.0,12.0,10.199999809265137,10.600000381469727,7150
2023-11-06,10.600000381469727,12.199999809265137,10.199999809265137,11.600000381469727,19460
2023-11-07,9.800000190734863,11.199999809265137,9.800000190734863,11.199999809265137,16965
2023-11-08,9.399999618530273,10.600000381469727,9.399999618530273,10.399999618530273,18305
2023-11-09,8.0,10.0,8.0,9.600000381469727,23785
2023-11-10,8.0,8.800000190734863,7.400000095367432,8.600000381469727,45670
2023-11-13,9.0,9.0,7.599999904632568,7.800000190734863,36925
2023-11-14,9.600000381469727,10.600000381469727,8.800000190734863,8.800000190734863,34880
2023-11-15,9.600000381469727,10.199999809265137,9.199999809265137,9.600000381469727,9155
2023-11-16,9.0,9.800000190734863,9.0,9.800000190734863,7715
2023-11-17,8.399999618530273,9.199999809265137,7.599999904632568,9.0,20475
2023-11-20,7.599999904632568,8.0,7.400000095367432,7.599999904632568,33590
2023-11-21,7.0,7.599999904632568,7.0,7.400000095367432,18765
2023-11-22,6.800000190734863,7.199999809265137,6.199999809265137,7.0,41835
2023-11-24,7.199999809265137,7.599999904632568,6.800000190734863,6.800000190734863,11685
2023-11-27,7.0,7.599999904632568,7.0,7.400000095367432,17270
2023-11-28,6.599999904632568,7.400000095367432,6.599999904632568,7.0,32510
2023-11-29,7.5,8.5600004196167,6.050000190734863,6.050000190734863,97100
2023-11-30,6.869999885559082,7.96999979019165,6.75,7.96999979019165,38200
2023-12-01,7.019999980926514,7.150000095367432,6.75,6.769999980926514,37100
2023-12-04,6.820000171661377,7.360000133514404,6.139999866485596,7.019999980926514,48200
2023-12-05,6.71999979019165,6.730000019073486,6.519999980926514,6.679999828338623,14500
2023-12-06,7.0,7.079999923706055,6.619999885559082,6.619999885559082,21700
2023-12-07,8.699999809265137,10.800000190734863,6.690000057220459,7.019999980926514,296700
2023-12-08,9.800000190734863,9.90999984741211,8.779999732971191,8.9399995803833,54200
2023-12-11,9.430000305175781,10.75,9.34000015258789,9.899999618530273,56300
2023-12-12,8.8100004196167,9.420000076293945,8.8100004196167,9.239999771118164,18200
2023-12-13,9.3100004196167,9.3100004196167,8.800000190734863,9.050000190734863,29700
2023-12-14,7.349999904632568,8.6899995803833,7.320000171661377,7.960000038146973,90700
2023-12-15,7.099999904632568,7.760000228881836,6.449999809265137,7.570000171661377,68100
2023-12-18,6.679999828338623,7.090000152587891,6.619999885559082,6.989999771118164,34500
2023-12-19,6.429999828338623,7.019999980926514,6.380000114440918,6.590000152587891,51500
2023-12-20,6.0,6.429999828338623,5.699999809265137,6.28000020980835,114100
2023-12-21,5.989999771118164,6.130000114440918,5.829999923706055,6.0,48200
2023-12-22,5.920000076293945,6.21999979019165,5.849999904632568,6.0,38300
2023-12-26,7.829999923706055,9.1899995803833,5.920000076293945,5.920000076293945,342400
2023-12-27,9.979999542236328,10.25,7.960000038146973,7.960000038146973,163500
2023-12-28,10.4399995803833,13.220000267028809,10.199999809265137,10.550000190734863,179000
2023-12-29,9.449999809265137,11.0,9.220000267028809,10.670000076293945,99300
2024-01-02,9.010000228881836,9.539999961853027,8.59000015258789,9.479999542236328,69500
2024-01-03,7.599999904632568,8.859999656677246,7.449999809265137,8.760000228881836,89100
2024-01-04,7.699999809265137,7.800000190734863,7.440000057220459,7.800000190734863,27300
2024-01-05,8.59000015258789,8.619999885559082,7.550000190734863,7.710000038146973,35300
2024-01-08,9.979999542236328,10.34000015258789,8.420000076293945,8.539999961853027,42300
2024-01-09,10.9399995803833,10.979999542236328,9.550000190734863,9.680000305175781,28900
2024-01-10,10.789999961853027,11.140000343322754,10.520000457763672,10.619999885559082,19200
2024-01-11,10.369999885559082,10.979999542236328,10.050000190734863,10.550000190734863,17700
2024-01-12,9.079999923706055,10.720000267028809,9.069999694824219,9.949999809265137,31000
2024-01-16,9.170000076293945,9.789999961853027,8.460000038146973,9.109999656677246,50600
2024-01-17,9.25,9.369999885559082,8.680000305175781,9.050000190734863,26700
2024-01-18,9.399999618530273,9.619999885559082,9.069999694824219,9.069999694824219,20800
2024-01-19,9.34000015258789,10.100000381469727,9.109999656677246,9.40999984741211,25000
2024-01-22,10.0,10.65999984741211,9.399999618530273,9.720000267028809,36700
2024-01-23,11.289999961853027,11.9399995803833,9.9399995803833,9.9399995803833,54000
2024-01-24,11.8100004196167,12.34000015258789,10.75,11.3100004196167,30000
2024-01-25,12.880000114440918,13.0,11.779999732971191,12.029999732971191,41400
2024-01-26,13.75,14.319999694824219,13.0,13.0,36100
2024-01-29,14.140000343322754,14.329999923706055,13.350000381469727,13.510000228881836,21800
2024-01-30,13.800000190734863,15.25,13.779999732971191,14.569999694824219,36800
2024-01-31,11.510000228881836,13.800000190734863,11.399999618530273,13.609999656677246,85600
2024-02-01,13.0,13.25,11.579999923706055,11.8100004196167,36600
2024-02-02,12.5,13.289999961853027,12.0600004196167,12.649999618530273,10600
2024-02-05,12.890000343322754,12.890000343322754,12.100000381469727,12.569999694824219,17200
2024-02-06,12.880000114440918,12.880000114440918,12.350000381469727,12.5,7100
2024-02-07,12.520000457763672,12.899999618530273,12.300000190734863,12.65999984741211,7500
2024-02-08,12.350000381469727,12.770000457763672,12.119999885559082,12.369999885559082,25400
2024-02-09,11.859999656677246,13.0,11.760000228881836,12.1899995803833,38300
2024-02-12,10.40999984741211,12.359999656677246,10.3100004196167,12.359999656677246,49800
2024-02-13,9.739999771118164,10.130000114440918,9.380000114440918,10.100000381469727,39500
2024-02-14,10.100000381469727,10.319999694824219,9.579999923706055,9.739999771118164,15500
2024-02-15,10.34000015258789,10.479999542236328,9.8100004196167,10.0,10900
2024-02-16,10.069999694824219,10.5600004196167,10.020000457763672,10.5600004196167,5000
2024-02-20,10.220000267028809,10.399999618530273,10.079999923706055,10.09000015258789,4000
2024-02-21,10.050000190734863,10.550000190734863,10.050000190734863,10.09000015258789,3800
2024-02-22,9.9399995803833,10.5,9.859999656677246,10.350000381469727,9700
2024-02-23,9.479999542236328,10.359999656677246,8.739999771118164,9.899999618530273,34300
2024-02-26,8.300000190734863,10.539999961853027,8.020000457763672,9.8100004196167,88300
2024-02-27,8.59000015258789,8.890000343322754,8.0,8.710000038146973,25200
2024-02-28,8.350000381469727,8.65999984741211,8.220000267028809,8.59000015258789,7500
2024-02-29,8.390000343322754,8.59000015258789,8.25,8.59000015258789,10000
2024-03-01,8.25,8.6899995803833,8.25,8.680000305175781,12600
2024-03-04,8.829999923706055,8.859999656677246,8.350000381469727,8.550000190734863,35700
2024-03-05,8.8100004196167,8.989999771118164,8.470000267028809,8.829999923706055,6200
2024-03-06,8.899999618530273,9.300000190734863,8.84000015258789,8.979999542236328,5100
2024-03-07,8.770000457763672,9.390000343322754,8.720000267028809,8.899999618530273,8800
2024-03-08,9.039999961853027,9.369999885559082,8.949999809265137,9.079999923706055,7100
2024-03-11,9.619999885559082,9.890000343322754,9.020000457763672,9.020000457763672,6200
2024-03-12,8.819999694824219,9.850000381469727,8.819999694824219,9.479999542236328,25100
2024-03-13,8.699999809265137,9.369999885559082,8.430000305175781,9.020000457763672,22100
2024-03-14,7.800000190734863,8.779999732971191,7.800000190734863,8.4399995803833,16400
2024-03-15,7.800000190734863,8.300000190734863,7.670000076293945,8.300000190734863,22200
2024-03-18,7.639999866485596,7.860000133514404,7.579999923706055,7.860000133514404,40600
2024-03-19,7.71999979019165,7.800000190734863,7.460000038146973,7.460000038146973,15800
2024-03-20,7.900000095367432,8.039999961853027,7.630000114440918,7.860000133514404,20000
2024-03-21,7.679999828338623,8.140000343322754,7.679999828338623,7.809999942779541,14400
2024-03-22,7.800000190734863,7.889999866485596,7.659999847412109,7.659999847412109,4000
2024-03-25,7.360000133514404,7.820000171661377,7.170000076293945,7.820000171661377,12600
2024-03-26,7.099999904632568,7.349999904632568,7.099999904632568,7.199999809265137,4600
2024-03-27,6.880000114440918,7.099999904632568,6.880000114440918,6.960000038146973,5700
2024-03-28,7.5,7.5,6.880000114440918,6.880000114440918,5400
2024-04-01,7.880000114440918,8.170000076293945,7.559999942779541,7.559999942779541,8600
2024-04-02,7.440000057220459,7.650000095367432,7.150000095367432,7.610000133514404,8700
2024-04-03,7.409999847412109,7.900000095367432,7.050000190734863,7.139999866485596,20500
2024-04-04,7.320000171661377,7.559999942779541,7.260000228881836,7.269999980926514,6500
2024-04-05,6.949999809265137,7.570000171661377,6.900000095367432,7.349999904632568,13600
2024-04-08,6.929999828338623,7.28000020980835,6.929999828338623,6.949999809265137,6700
2024-04-09,6.960000038146973,7.070000171661377,6.949999809265137,7.0,5600
2024-04-10,6.789999961853027,6.980000019073486,6.690000057220459,6.78000020980835,6200
2024-04-11,7.0,7.0,6.800000190734863,6.800000190734863,3600
2024-04-12,6.809999942779541,7.0,6.610000133514404,6.96999979019165,10300
2024-04-15,6.010000228881836,6.960000038146973,5.909999847412109,6.849999904632568,35200
2024-04-16,5.909999847412109,6.170000076293945,5.900000095367432,5.900000095367432,4800
2024-04-17,5.699999809265137,5.989999771118164,5.699999809265137,5.989999771118164,13700
2024-04-18,5.5,5.769999980926514,5.460000038146973,5.570000171661377,27200
2024-04-19,5.409999847412109,5.869999885559082,5.409999847412109,5.679999828338623,7500
2024-04-22,5.449999809265137,5.760000228881836,5.360000133514404,5.360000133514404,27500
2024-04-23,5.449999809265137,5.900000095367432,5.420000076293945,5.510000228881836,17500
2024-04-24,5.550000190734863,5.769999980926514,5.340000152587891,5.570000171661377,21200
2024-04-25,5.559999942779541,5.570000171661377,5.340000152587891,5.550000190734863,16000
2024-04-26,5.650000095367432,5.75,5.440000057220459,5.440000057220459,12100
2024-04-29,5.400000095367432,5.699999809265137,5.349999904632568,5.699999809265137,19700
2024-04-30,5.25,5.639999866485596,5.25,5.46999979019165,36800
2024-05-01,5.190000057220459,5.78000020980835,5.159999847412109,5.78000020980835,17300
2024-05-02,5.400000095367432,5.539999961853027,5.230000019073486,5.230000019073486,11500
2024-05-03,5.510000228881836,5.550000190734863,5.230000019073486,5.550000190734863,7800
2024-05-06,5.550000190734863,5.75,5.53000020980835,5.75,6500
2024-05-07,5.809999942779541,5.940000057220459,5.590000152587891,5.75,15100
2024-05-08,6.199999809265137,6.559999942779541,5.610000133514404,5.610000133514404,4500
2024-05-09,6.78000020980835,6.920000076293945,6.230000019073486,6.239999771118164,5000
2024-05-10,6.599999904632568,6.789999961853027,6.309999942779541,6.769999980926514,13700
2024-05-13,6.510000228881836,6.800000190734863,6.349999904632568,6.46999979019165,9000
2024-05-14,6.550000190734863,6.78000020980835,6.460000038146973,6.510000228881836,9100
2024-05-15,6.480000019073486,6.840000152587891,6.360000133514404,6.610000133514404,7600
2024-05-16,6.25,6.599999904632568,6.230000019073486,6.5,17200
2024-05-17,6.25,6.510000228881836,5.679999828338623,5.679999828338623,18000
2024-05-20,5.829999923706055,6.46999979019165,5.739999771118164,6.25,5100
2024-05-21,5.309999942779541,6.059999942779541,5.300000190734863,6.059999942779541,13700
2024-05-22,5.190000057220459,5.590000152587891,5.130000114440918,5.300000190734863,16900
2024-05-23,5.099999904632568,5.360000133514404,5.099999904632568,5.360000133514404,7700
2024-05-24,4.940000057220459,5.239999771118164,4.940000057220459,5.239999771118164,23400
2024-05-28,4.550000190734863,5.110000133514404,4.510000228881836,5.110000133514404,25300
2024-05-29,4.460000038146973,4.769999980926514,4.349999904632568,4.769999980926514,24600
2024-05-30,4.409999847412109,4.639999866485596,4.409999847412109,4.519999980926514,16700
2024-05-31,4.28000020980835,4.53000020980835,4.28000020980835,4.409999847412109,12200
2024-06-03,4.340000152587891,4.510000228881836,4.199999809265137,4.269999980926514,44500
2024-06-04,4.21999979019165,4.489999771118164,4.010000228881836,4.489999771118164,22200
2024-06-05,4.199999809265137,4.599999904632568,4.03000020980835,4.239999771118164,36100
2024-06-06,4.150000095367432,4.690000057220459,4.150000095367432,4.300000190734863,7600
2024-06-07,4.21999979019165,4.429999828338623,3.869999885559082,4.110000133514404,20600
2024-06-10,4.389999866485596,4.519999980926514,4.159999847412109,4.199999809265137,9600
2024-06-11,4.579999923706055,4.71999979019165,4.21999979019165,4.369999885559082,9400
2024-06-12,4.550000190734863,4.880000114440918,4.550000190734863,4.849999904632568,13600
2024-06-13,4.900000095367432,4.96999979019165,4.460000038146973,4.460000038146973,29900
2024-06-14,4.699999809265137,4.880000114440918,4.260000228881836,4.760000228881836,21100
2024-06-17,4.599999904632568,4.710000038146973,4.539999961853027,4.599999904632568,3500
2024-06-18,4.670000076293945,4.869999885559082,4.340000152587891,4.579999923706055,27700
2024-06-20,4.710000038146973,4.949999809265137,4.5,4.550000190734863,22100
2024-06-21,4.960000038146973,4.980000019073486,4.909999847412109,4.929999828338623,10500
2024-06-24,5.070000171661377,5.230000019073486,4.760000228881836,4.949999809265137,45100
2024-06-25,20.520000457763672,24.270000457763672,12.819999694824219,14.1899995803833,44781900
2024-06-26,19.860000610351562,21.399999618530273,17.059999465942383,17.059999465942383,1659300
2024-06-27,24.0,25.780000686645508,19.010000228881836,19.5,872400
2024-06-28,23.0,24.0,21.93000030517578,24.0,288000
2024-07-01,19.0,22.93000030517578,18.0,22.93000030517578,359400
2024-07-02,19.25,20.899999618530273,18.170000076293945,18.170000076293945,232400
2024-07-03,21.299999237060547,22.0,19.149999618530273,19.25,149700
2024-07-05,23.0,23.799999237060547,21.209999084472656,21.209999084472656,188800
2024-07-08,21.959999084472656,23.68000030517578,21.56999969482422,23.68000030517578,136000
2024-07-09,21.530000686645508,22.5,21.110000610351562,21.739999771118164,58400
2024-07-10,20.049999237060547,22.0,20.049999237060547,21.350000381469727,66100
2024-07-11,21.31999969482422,21.889999389648438,19.899999618530273,19.899999618530273,71500
2024-07-12,20.610000610351562,21.770000457763672,19.770000457763672,21.31999969482422,96500
2024-07-15,20.84000015258789,21.299999237060547,20.209999084472656,20.329999923706055,77100
2024-07-16,20.989999771118164,21.84000015258789,20.780000686645508,20.780000686645508,71000
2024-07-17,21.190000534057617,21.190000534057617,20.600000381469727,21.0,52100
2024-07-18,22.739999771118164,23.0,20.690000534057617,21.190000534057617,78400
2024-07-19,28.350000381469727,28.959999084472656,22.729999542236328,22.729999542236328,278900
2024-07-22,28.309999465942383,28.780000686645508,26.950000762939453,28.0,166900
2024-07-23,31.290000915527344,31.299999237060547,27.510000228881836,28.0,127400
2024-07-24,34.5,34.84000015258789,29.959999084472656,30.0,198700
2024-07-25,34.0,34.279998779296875,32.0,32.31999969482422,89700
2024-07-26,33.75,35.5,33.529998779296875,33.810001373291016,67000
2024-07-29,31.170000076293945,34.0,30.31999969482422,33.5,100700
2024-07-30,26.190000534057617,31.93000030517578,25.829999923706055,31.760000228881836,200100
2024-07-31,26.969999313354492,27.290000915527344,25.0,25.770000457763672,115000
2024-08-01,25.25,27.100000381469727,24.290000915527344,26.68000030517578,101900
2024-08-02,23.989999771118164,25.0,22.6200008392334,24.030000686645508,166500
2024-08-05,23.59000015258789,23.8799991607666,21.079999923706055,22.030000686645508,185900
2024-08-06,25.670000076293945,26.0,23.229999542236328,24.0,32400
2024-08-07,25.40999984741211,28.100000381469727,25.049999237060547,26.0,74500
2024-08-08,22.510000228881836,26.0,22.510000228881836,25.5,83100
2024-08-09,21.5,23.6200008392334,20.510000228881836,23.030000686645508,120700
2024-08-12,22.049999237060547,22.329999923706055,21.030000686645508,22.049999237060547,28700
2024-08-13,23.5,25.0,21.709999084472656,21.709999084472656,67300
2024-08-14,22.760000228881836,25.350000381469727,22.760000228881836,24.079999923706055,94200
2024-08-15,24.139999389648438,24.81999969482422,23.0,23.100000381469727,52900
2024-08-16,22.770000457763672,24.600000381469727,22.5,23.6200008392334,63700
2024-08-19,23.100000381469727,23.290000915527344,22.0,22.799999237060547,34200
2024-08-20,22.700000762939453,23.56999969482422,22.280000686645508,23.559999465942383,65400
2024-08-21,22.360000610351562,23.75,22.219999313354492,22.639999389648438,47500
2024-08-22,19.399999618530273,23.200000762939453,19.229999542236328,22.459999084472656,258500
2024-08-23,23.059999465942383,23.600000381469727,20.0,20.0,131500
2024-08-26,21.59000015258789,23.170000076293945,21.25,22.90999984741211,91600
2024-08-27,22.399999618530273,23.219999313354492,21.530000686645508,21.899999618530273,65300
2024-08-28,22.3700008392334,24.600000381469727,20.489999771118164,23.5,228200
2024-08-29,22.799999237060547,23.799999237060547,21.5,21.93000030517578,132600
2024-08-30,21.0,23.200000762939453,20.8799991607666,22.649999618530273,96200
2024-09-03,19.899999618530273,21.139999389648438,19.040000915527344,21.100000381469727,83200
2024-09-04,19.649999618530273,19.899999618530273,19.299999237060547,19.899999618530273,44300
2024-09-05,18.639999389648438,19.6200008392334,18.280000686645508,19.530000686645508,68500
2024-09-06,19.399999618530273,19.950000762939453,17.299999237060547,18.700000762939453,89100
2024-09-09,20.639999389648438,20.799999237060547,18.450000762939453,19.56999969482422,92500
2024-09-10,20.110000610351562,20.989999771118164,19.729999542236328,20.75,51900
2024-09-11,19.440000534057617,20.770000457763672,19.209999084472656,20.110000610351562,70800
2024-09-12,21.5,21.5,19.670000076293945,19.670000076293945,82300
2024-09-13,24.520000457763672,25.479999542236328,22.139999389648438,22.139999389648438,159500
2024-09-16,23.309999465942383,24.899999618530273,22.969999313354492,24.600000381469727,78800
2024-09-17,23.809999465942383,24.670000076293945,22.81999969482422,23.59000015258789,60600
2024-09-18,23.299999237060547,24.110000610351562,23.010000228881836,23.600000381469727,44900
2024-09-19,25.829999923706055,26.450000762939453,23.360000610351562,23.5,80800
2024-09-20,24.100000381469727,26.020000457763672,23.709999084472656,26.020000457763672,50100
2024-09-23,23.600000381469727,24.399999618530273,23.010000228881836,24.079999923706055,69600
2024-09-24,25.31999969482422,25.5,23.399999618530273,23.56999969482422,49800
2024-09-25,26.850000381469727,28.360000610351562,24.510000228881836,25.31999969482422,66800
2024-09-26,26.309999465942383,26.81999969482422,25.670000076293945,26.81999969482422,39400
2024-09-27,27.760000228881836,29.280000686645508,26.549999237060547,26.670000076293945,77700
2024-09-30,27.510000228881836,28.209999084472656,26.610000610351562,27.459999084472656,69900
2024-10-01,26.219999313354492,27.40999984741211,25.1200008392334,27.40999984741211,103100
2024-10-02,27.850000381469727,28.200000762939453,25.799999237060547,26.3700008392334,47800
2024-10-03,26.290000915527344,28.030000686645508,26.290000915527344,27.780000686645508,40300
2024-10-04,27.290000915527344,27.389999389648438,26.25,26.989999771118164,39300
2024-10-07,26.489999771118164,27.850000381469727,25.799999237060547,27.290000915527344,52200
2024-10-08,25.020000457763672,26.850000381469727,25.020000457763672,25.950000762939453,22100
2024-10-09,26.989999771118164,27.229999542236328,25.030000686645508,25.030000686645508,38000
2024-10-10,27.309999465942383,28.0,26.030000686645508,26.75,46900
2024-10-11,26.90999984741211,29.0,26.540000915527344,27.530000686645508,99600
2024-10-14,26.940000534057617,27.200000762939453,25.299999237060547,26.700000762939453,32300
2024-10-15,26.690000534057617,28.0,26.520000457763672,27.260000228881836,17800
2024-10-16,27.0,27.690000534057617,26.34000015258789,26.989999771118164,8200
2024-10-17,26.489999771118164,27.25,25.600000381469727,27.25,10600
2024-10-18,26.399999618530273,26.5,25.690000534057617,26.170000076293945,44800
2024-10-21,25.540000915527344,26.489999771118164,24.5,26.399999618530273,30900
2024-10-22,25.950000762939453,26.549999237060547,25.399999618530273,25.829999923706055,41100
2024-10-23,24.1200008392334,25.899999618530273,23.940000534057617,25.899999618530273,57700
2024-10-24,24.1200008392334,25.030000686645508,23.049999237060547,24.1299991607666,74800
2024-10-25,23.790000915527344,24.5,23.18000030517578,24.110000610351562,10800
2024-10-28,24.899999618530273,25.010000228881836,23.770000457763672,24.190000534057617,39100
2024-10-29,23.829999923706055,25.079999923706055,23.649999618530273,25.010000228881836,40700
2024-10-30,24.360000610351562,24.600000381469727,23.809999465942383,23.809999465942383,8100
2024-10-31,23.479999542236328,24.100000381469727,22.899999618530273,24.020000457763672,18300
2024-11-01,22.780000686645508,24.360000610351562,22.5,23.8700008392334,49900
2024-11-04,21.799999237060547,23.309999465942383,21.610000610351562,22.420000076293945,51800
2024-11-05,23.3700008392334,23.649999618530273,21.649999618530273,22.260000228881836,42100
2024-11-06,20.459999084472656,24.360000610351562,19.010000228881836,24.360000610351562,147400
2024-11-07,19.0,20.600000381469727,18.850000381469727,20.010000228881836,65000
2024-11-08,18.989999771118164,19.700000762939453,18.450000762939453,19.0,66700
2024-11-11,19.18000030517578,19.829999923706055,18.100000381469727,19.0,65900
2024-11-12,18.780000686645508,19.84000015258789,18.25,19.25,76600
2024-11-13,17.790000915527344,18.989999771118164,17.43000030517578,18.690000534057617,69300
2024-11-14,18.0,18.790000915527344,17.600000381469727,18.15999984741211,69100
2024-11-15,17.360000610351562,17.850000381469727,17.0,17.760000228881836,59600
2024-11-18,18.280000686645508,18.56999969482422,17.40999984741211,17.649999618530273,29900
2024-11-19,18.610000610351562,19.479999542236328,18.59000015258789,18.68000030517578,47500
2024-11-20,19.049999237060547,19.90999984741211,18.899999618530273,18.899999618530273,18300
2024-11-21,21.40999984741211,21.989999771118164,19.0,19.010000228881836,90300
2024-11-22,22.5,22.969999313354492,21.010000228881836,21.780000686645508,63300
2024-11-25,21.25,23.010000228881836,20.770000457763672,22.959999084472656,53700
2024-11-26,23.049999237060547,23.25,21.510000228881836,21.510000228881836,38100
2024-11-27,24.360000610351562,24.889999389648438,21.989999771118164,22.899999618530273,48800
2024-11-29,25.010000228881836,25.889999389648438,24.59000015258789,24.8799991607666,35800
2024-12-02,25.40999984741211,25.739999771118164,24.040000915527344,25.0,92900
2024-12-03,24.649999618530273,25.239999771118164,24.100000381469727,25.239999771118164,48400
2024-12-04,23.389999389648438,24.709999084472656,22.799999237060547,24.489999771118164,80300
2024-12-05,23.59000015258789,24.389999389648438,23.270000457763672,23.450000762939453,43200
2024-12-06,24.3799991607666,24.3799991607666,23.170000076293945,23.600000381469727,7100
2024-12-09,24.18000030517578,25.75,24.100000381469727,24.950000762939453,25500
2024-12-10,23.020000457763672,24.040000915527344,22.25,23.860000610351562,24000
2024-12-11,23.59000015258789,23.81999969482422,21.899999618530273,22.6200008392334,28100
2024-12-12,23.489999771118164,24.639999389648438,22.670000076293945,23.25,14500
2024-12-13,22.790000915527344,23.790000915527344,21.959999084472656,23.790000915527344,19000
2024-12-16,24.010000228881836,24.350000381469727,22.260000228881836,23.030000686645508,19300
2024-12-17,23.0,24.329999923706055,22.270000457763672,24.049999237060547,40100
2024-12-18,21.950000762939453,23.959999084472656,21.6200008392334,22.700000762939453,16100
2024-12-19,23.6200008392334,24.489999771118164,21.489999771118164,21.5,60800
2024-12-20,25.309999465942383,25.5,23.469999313354492,23.5,33900
2024-12-23,25.989999771118164,26.5,24.540000915527344,25.149999618530273,33900
2024-12-24,26.1200008392334,27.1299991607666,25.809999465942383,26.0,15400
2024-12-26,25.84000015258789,26.299999237060547,25.399999618530273,26.040000915527344,10400
2024-12-27,25.510000228881836,25.950000762939453,25.139999389648438,25.5,14000
2024-12-30,25.0,25.780000686645508,24.549999237060547,25.780000686645508,15000
2024-12-31,23.719999313354492,25.0,23.149999618530273,24.18000030517578,28900
2025-01-02,23.729999542236328,24.420000076293945,23.100000381469727,23.600000381469727,24500
2025-01-03,22.950000762939453,23.899999618530273,22.350000381469727,23.899999618530273,35000
2025-01-06,24.40999984741211,24.799999237060547,23.25,23.469999313354492,12200
2025-01-07,23.75,24.40999984741211,23.040000915527344,24.40999984741211,15600
2025-01-08,23.15999984741211,23.399999618530273,22.260000228881836,23.399999618530273,18300
2025-01-10,22.440000534057617,23.110000610351562,22.440000534057617,22.81999969482422,18100
2025-01-13,22.799999237060547,23.25,22.0,22.3799991607666,28400
2025-01-14,23.100000381469727,23.25,22.489999771118164,22.799999237060547,18100
2025-01-15,23.049999237060547,24.959999084472656,22.959999084472656,23.200000762939453,37500
2025-01-16,23.549999237060547,23.610000610351562,22.350000381469727,22.350000381469727,18300
2025-01-17,24.5,25.25,23.260000228881836,23.649999618530273,20400
2025-01-21,23.709999084472656,25.190000534057617,23.709999084472656,24.700000762939453,24900
2025-01-22,24.549999237060547,24.920000076293945,23.979999542236328,24.3799991607666,20900
2025-01-23,24.979999542236328,24.979999542236328,22.75,24.84000015258789,43000
2025-01-24,24.760000228881836,25.020000457763672,23.979999542236328,24.5,21700
2025-01-27,23.709999084472656,25.190000534057617,23.110000610351562,25.190000534057617,27022
