Price,Close,High,Low,Open,Volume
Ticker,RILYP,RILYP,RILYP,RILYP,RILYP
Date,,,,,
2020-01-28,16.921018600463867,16.97404392858781,16.90088333981698,16.944511871581046,8600
2020-01-29,16.961288452148438,16.981423708960843,16.927727557099026,16.961288452148438,5900
2020-01-30,16.96464729309082,16.9814271038615,16.927730941264826,16.97605787166708,11100
2020-01-31,16.97806739807129,16.988135025966645,16.954575412837343,16.961287591506636,11900
2020-02-03,16.974712371826172,17.00155980695517,16.954575835316515,16.999546025282484,12400
2020-02-04,16.943161010742188,17.00155554373857,16.907587624024135,16.961283761034796,13400
2020-02-05,16.914304733276367,17.065324282506033,16.907592554165696,16.974713065055138,62100
2020-02-06,16.94786834716797,16.98142797042187,16.907596543219775,16.98142797042187,65000
2020-02-07,17.014986038208008,17.028410397359316,16.947865522668817,16.961289881820125,10600
2020-02-10,16.981426239013672,17.008274959053377,16.813625579417817,16.977399955181664,80000
2020-02-11,17.014986038208008,17.014986038208008,16.86060974862002,16.86060974862002,3800
2020-02-12,16.981426239013672,17.014987139063305,16.947195785245714,16.981426239013672,3100
2020-02-13,17.008270263671875,17.008270263671875,16.981421551044146,17.001558085514944,5600
2020-02-14,17.075395584106445,17.075395584106445,17.006932115713973,17.01498724386247,13300
2020-02-18,17.14922523498535,17.174060170591133,17.05190183482622,17.068681643114534,22500
2020-02-19,17.179428100585938,17.1827848301197,17.135800858384716,17.149223935868132,7800
2020-02-20,17.1176815032959,17.15258407211929,17.04183501941878,17.149227341918838,7900
2020-02-21,17.095529556274414,17.202251034680835,17.095529556274414,17.123719942235756,32600
2020-02-24,16.900880813598633,17.17607376319051,16.900880813598633,17.17607376319051,15800
2020-02-25,16.908931732177734,17.068678498969067,16.90087788656114,16.947861853200628,14200
2020-02-26,16.887454986572266,16.988135106655555,16.887454986572266,16.988135106655555,5700
2020-02-27,16.900880813598633,16.955247801523335,16.847184659537223,16.880744275744117,9800
2020-02-28,16.61226463317871,16.890814331431304,16.61226463317871,16.780065286039104,21000
2020-03-02,16.812952041625977,16.923028959607862,16.491445968094432,16.612262628408523,7900
2020-03-03,16.545143127441406,16.813623899933198,16.511583510961422,16.686096333135414,19500
2020-03-04,16.914304733276367,17.014984859501897,16.65119320113749,16.712943200608038,2700
2020-03-05,16.78006362915039,16.89081266360707,16.78006362915039,16.88074375488184,21600
2020-03-06,16.75119972229004,16.874028867065064,16.18604662475315,16.874028867065064,15100
2020-03-09,16.14242172241211,16.679384560712958,16.108862105113392,16.283374931544866,17700
2020-03-10,16.12094497680664,16.6243469632033,15.773262240428693,16.6243469632033,19100
2020-03-11,15.228913307189941,15.826955249798326,15.228913307189941,15.793395636140916,19600
2020-03-12,12.319924354553223,12.752850371795306,11.732622034799492,11.732622034799492,14300
2020-03-13,12.746138572692871,13.037440542240688,10.819787623235761,13.037440542240688,65600
2020-03-16,11.598381042480469,11.607105723538181,10.327122680093163,10.739241279261327,10300
2020-03-17,10.90704345703125,11.578246131310097,8.705498864627085,11.47085380584288,24400
2020-03-18,7.2355637550354,10.343903303587084,7.047627208700483,10.061326690032988,17100
2020-03-19,9.410260200500488,9.886813403699923,7.383228161607113,7.617477839735495,18400
2020-03-20,9.732439041137695,10.672122554583344,9.410262055993622,9.410262055993622,4700
2020-03-23,8.522258758544922,8.83973792858962,7.752389838253296,8.83973792858962,3400
2020-03-24,9.658605575561523,9.732437630595886,8.390032440168866,8.665225401789018,16700
2020-03-25,10.336520195007324,10.739242027065773,9.658606028531414,9.658606028531414,19500
2020-03-26,11.3433256149292,11.578246820963274,10.081465075418503,10.343233724309785,10700
2020-03-27,11.947403907775879,12.021236591950142,11.141961681308688,11.148673859889728,8700
2020-03-30,11.477563858032227,11.880285643970023,11.477563858032227,11.880285643970023,2800
2020-03-31,11.544684410095215,11.551395309026116,11.4507151822381,11.4507151822381,1800
2020-04-01,10.23583984375,11.376884797435315,10.10831162898389,10.739241803278688,14500
2020-04-02,10.349943161010742,10.370079057869438,10.068038044554525,10.302959188304246,2400
2020-04-03,10.4707612991333,11.282245034171016,10.357999108625574,11.282245034171016,3200
2020-04-06,10.851332664489746,11.074843260465464,10.739241949542269,11.074843260465464,3600
2020-04-07,11.209084510803223,11.544685828130058,11.209084510803223,11.209084510803223,5000
2020-04-08,11.423869132995605,11.746046089924201,11.249356294604926,11.249356294604926,7500
2020-04-09,12.491081237792969,13.262963999070385,11.746045915752793,11.746045915752793,5800
2020-04-13,12.879035949707031,13.175707134826347,12.289049029340871,12.752850038936234,15100
2020-04-14,13.424054145812988,13.424054145812988,12.75285143852234,13.424054145812988,6000
2020-04-15,12.752850532531738,13.422710244007249,12.752850532531738,13.41801184587348,4900
2020-04-16,12.69042682647705,13.155570744163114,12.390398937061441,12.390398937061441,15400
2020-04-17,13.258935928344727,13.289810930363586,12.856214113439119,12.856214113439119,4000
2020-04-20,13.424054145812988,13.759655499458313,13.323373995762905,13.323373995762905,8700
2020-04-21,13.642864227294922,13.642864227294922,12.719289815939423,13.474392742949133,14100
2020-04-22,13.378178596496582,13.885602942126779,12.738411910843679,13.507091660166955,11200
2020-04-23,13.714179992675781,13.844465068814316,13.371325492858887,13.371325492858887,2400
2020-04-24,13.714179992675781,13.714179992675781,13.714179992675781,13.714179992675781,200
2020-04-27,13.433038711547852,13.611323199162806,13.035327564679433,13.611323199162806,3000
2020-04-28,14.626172065734863,14.633029312281776,13.362410169843447,13.405609645991548,13500
2020-04-29,14.406744956970215,14.63302885439337,14.406744956970215,14.47051617076356,5400
2020-04-30,14.863423347473145,14.969022035126072,14.331312685171715,14.6330249028902,14400
2020-05-01,14.365601539611816,14.898396323727564,14.228459240644023,14.898396323727564,800
2020-05-04,14.213373184204102,14.468456693182684,13.78274785756157,14.468456693182684,5100
2020-05-05,14.39714527130127,14.468459064673258,14.02960444858178,14.228460671291142,3700
2020-05-06,14.46845531463623,14.46845531463623,14.29702812206444,14.467769982537021,5100
2020-05-07,14.845595359802246,14.845595359802244,14.468456040381087,14.468456040381087,900
2020-05-08,14.787313461303711,14.831883600135011,14.537029858467516,14.68445738324426,2200
2020-05-11,14.83188247680664,14.83188247680664,14.59874266120942,14.59874266120942,1800
2020-05-12,14.262744903564453,14.831883250488277,14.175660624734013,14.831883250488277,12600
2020-05-13,14.009033203125,14.283316504814835,14.009033203125,14.146174200026945,900
2020-05-14,13.508466720581055,13.852006524869818,13.508466720581053,13.789607283003214,11400
2020-05-15,13.679890632629395,13.748460464062564,13.508463438275069,13.748460464062564,5400
2020-05-18,13.714179992675781,14.00903507178009,13.508467815940094,13.823893327986298,8600
2020-05-19,13.74846363067627,13.851321017288042,13.640807610329201,13.817034785788785,2500
2020-05-20,13.645605087280273,13.954174575609748,13.645605087280273,13.851318515461845,4400
2020-05-21,13.679890632629395,13.71417554834598,13.570177332873483,13.570177332873483,6400
2020-05-22,13.701835632324219,14.057032605810264,13.583893093357853,13.851320456684492,4100
2020-05-26,14.125604629516602,14.434172872239971,13.679894073658826,13.851321311133818,8300
2020-05-27,14.077605247497559,14.159889589275197,14.052918898655442,14.159889589275197,2200
2020-05-28,14.262744903564453,14.262744903564453,14.111889413159258,14.12560390534681,6900
2020-05-29,14.244232177734375,14.605599771032516,14.125604301964545,14.125604301964545,4600
2020-06-01,14.729028701782227,14.729028701782227,14.399888702475451,14.639887109093928,12200
2020-06-02,14.859309196472168,15.071878550369783,14.64673984257455,14.722166918411043,12900
2020-06-03,15.05816650390625,15.05816650390625,14.255888363116108,14.927882757286225,5500
2020-06-04,14.982738494873047,15.257021770747523,14.982738494873047,15.058165578309886,9400
2020-06-05,15.756219863891602,16.443299442314053,15.182281576168036,15.25702333509586,20000
2020-06-08,16.00170135498047,16.100442807911353,15.428448477026773,15.59987568232707,22700
2020-06-09,16.100446701049805,16.100446701049805,15.620451194876026,15.922162207481453,3200
2020-06-10,16.100446701049805,16.100446701049805,15.620451194876026,15.669135947020605,21900
2020-06-11,14.701598167419434,15.692447250263598,14.41840033802576,15.53816249683603,10200
2020-06-12,14.687883377075195,14.8181684226345,14.468456757955826,14.8181684226345,7700
2020-06-15,14.777026176452637,14.777026176452637,14.742741254828335,14.742741254828335,3400
2020-06-16,15.64787769317627,15.668449432072773,15.020454697521915,15.336565512216383,2500
2020-06-17,15.078739166259766,15.085596412484485,14.749599194789104,15.003310765673827,3000
2020-06-18,14.981368064880371,15.078738866719545,14.742741655698772,14.845597731254362,3800
2020-06-19,14.981368064880371,14.981368064880371,14.981368064880371,14.981368064880371,0
2020-06-22,15.18844985961914,15.18844985961914,14.777024312591976,14.777024312591976,4100
2020-06-23,15.0170259475708,15.085597105080193,14.742742625419279,14.742742625419279,3100
2020-06-24,15.0170259475708,15.0170259475708,15.0170259475708,15.0170259475708,3200
2020-06-25,15.099309921264648,15.099309921264648,14.92102545469451,14.92102545469451,1400
2020-06-26,15.099309921264648,15.099309921264648,14.895653776104524,14.895653776104524,1100
2020-06-29,14.598745346069336,15.02388419680651,14.58503085207494,15.02388419680651,5700
2020-06-30,14.639884948730469,14.742741019849916,14.57131379868887,14.639884948730469,3400
2020-07-01,14.742738723754883,14.742738723754885,14.523312124104896,14.523312124104896,3500
2020-07-02,14.845595359802246,14.923081051127287,14.742739300676998,14.742739300676998,3500
2020-07-06,15.041025161743164,15.065024869899077,14.95462621238188,14.95462621238188,5400
2020-07-07,14.948450088500977,15.044450201974756,14.948450088500977,14.982736310415053,3800
2020-07-08,14.942282676696777,15.037596170577347,14.942282676696777,15.037596170577347,1400
2020-07-09,15.154166221618652,15.318736192745195,15.065023336496438,15.065023336496438,11400
2020-07-10,15.222737312316895,15.257022232381384,15.154166164302053,15.154166164302053,3200
2020-07-13,15.222737312316895,15.277593969151596,15.085595016287211,15.222737312316896,4200
2020-07-14,15.250165939331055,15.270737677386197,15.092453204566137,15.270737677386197,500
2020-07-15,15.260451316833496,15.305022762484374,15.19873871778315,15.277595086004883,1800
2020-07-16,15.257025718688965,15.339311376686638,15.215883543633211,15.222740790790196,6200
2020-07-17,15.346163749694824,15.462734308501679,15.209022762083494,15.257022173141753,8100
2020-07-20,15.660778045654297,15.660778045654295,15.33218183791304,15.562898607924417,19700
2020-07-21,15.618829727172852,15.660777866647992,15.115448052949251,15.660777866647992,20300
2020-07-22,15.632810592651367,15.632810592651367,15.395102281301035,15.458723905769638,8900
2020-07-23,15.520950317382812,15.632812911848028,15.444044283622734,15.590863438793088,5700
2020-07-24,15.569889068603516,15.576880647011704,15.553109547125311,15.576880647011704,2100
2020-07-27,15.653785705566406,15.653785705566406,14.681978953910823,14.681978953910823,9000
2020-07-28,15.346163749694824,15.381120307900803,15.346163749694824,15.381120307900803,1600
2020-07-29,15.548218727111816,15.548218727111816,15.34616700413739,15.353157250455224,5100
2020-07-30,15.541923522949219,15.55590668045655,14.744902214133557,15.31120675810746,4500
2020-07-31,15.730690956115723,16.102634116462774,15.604845215105646,15.604845215105646,40900
2020-08-03,15.940434455871582,16.010348911122495,15.793615300001251,15.856538176376342,15100
2020-08-04,15.933445930480957,16.00335905977151,15.825078446468662,15.972597709606054,19600
2020-08-05,16.00335693359375,16.00335693359375,15.793614906573126,15.95651482315065,15200
2020-08-06,15.975393295288086,16.00335827893835,15.856539114382812,15.95931252957169,2700
2020-08-07,16.038312911987305,16.052294734213785,15.95441531109279,15.95441531109279,11100
2020-08-10,16.255046844482422,16.262038422500908,15.968398813260292,15.982381969297263,10200
2020-08-11,16.290010452270508,16.290710543830404,16.185139403613643,16.26204546159895,18700
2020-08-12,16.255046844482422,16.303986557104665,16.211699860872105,16.211699860872105,3000
2020-08-13,16.311677932739258,16.373902047615545,16.150176870790194,16.296996018016614,3300
2020-08-14,16.324962615966797,16.3732035747542,16.17115055409224,16.352927596803003,4900
2020-08-17,16.345937728881836,16.373904046152088,16.21310172237035,16.32496432443655,6200
2020-08-18,16.150175094604492,16.296994225683843,16.150175094604492,16.290002647988576,8000
2020-08-19,16.290010452270508,16.355729713882557,16.27462977407654,16.32496835749462,7900
2020-08-20,16.265535354614258,16.35991966810517,16.227082337987518,16.227082337987518,1600
2020-08-21,16.31028175354004,16.373903389217684,16.150178194061322,16.33894682753976,3700
2020-08-24,16.513731002807617,16.513731002807617,16.324962384191053,16.324962384191053,9100
2020-08-25,16.367610931396484,16.499749511167835,16.33125551970111,16.464791615206487,17600
2020-08-26,16.65355682373047,16.65355682373047,16.513729269199203,16.513729269199203,12300
2020-08-27,16.709491729736328,16.709491729736328,16.590637549224716,16.625595445556012,13900
2020-08-28,16.599029541015625,16.709493303408056,16.599029541015625,16.702501723483344,9700
2020-08-31,16.548688888549805,16.667543065336893,16.548688888549805,16.667543065336893,16300
2020-09-01,16.56616973876953,16.579454141071714,16.406764912188695,16.579454141071714,3400
2020-09-02,16.457101821899414,16.632587398356552,16.262041689967496,16.376001900902782,16700
2020-09-03,16.122211456298828,16.31797166369497,16.08026331668084,16.31797166369497,16500
2020-09-04,16.4997501373291,16.4997501373291,16.136196006578572,16.164162324408966,14800
2020-09-08,16.49275779724121,16.499749376376364,16.192126561966464,16.34244217960384,16800
2020-09-09,16.443819046020508,16.483669582581612,16.345938265866522,16.383692528720157,3800
2020-09-10,16.4074649810791,16.429837237364687,16.4074649810791,16.419350533935596,2100
2020-09-11,16.39487648010254,16.415849881600394,16.23407284541143,16.401866724930347,14400
2020-09-14,16.255046844482422,16.34523593395872,16.255046844482422,16.279516700793543,1200
2020-09-15,16.39487648010254,16.39487648010254,16.290004138584404,16.338945186929568,2500
2020-09-16,16.324962615966797,16.39487706831821,16.324962615966797,16.378097546413578,10400
2020-09-17,16.359920501708984,16.380895239167035,16.066280844833116,16.150178461157953,5300
2020-09-18,16.38089370727539,16.38089370727539,16.310979255794113,16.359918971778832,1900
2020-09-21,16.333354949951172,16.386489890937483,16.22009482151341,16.227085067978557,6900
2020-09-22,16.31867218017578,16.40186971054465,16.12221319377422,16.37670109076292,6100
2020-09-23,16.136198043823242,16.436829330918442,16.115223302802324,16.317975132148423,13000
2020-09-24,16.28301429748535,16.297696212300767,16.136193815823955,16.297696212300767,2000
2020-09-25,16.46059799194336,16.492758189924885,16.25504982769944,16.28301614490592,7700
2020-09-28,16.56966209411621,16.58364391741081,16.499747643614285,16.55567893731438,3600
2020-09-29,16.583646774291992,16.583646774291992,16.326362512247503,16.57665519468663,7300
2020-09-30,16.555679321289062,16.569662478415204,16.555679321289062,16.569662478415204,200
2020-10-01,16.660552978515625,16.660552978515625,16.555681950429943,16.555681950429943,5500
2020-10-02,16.674535751342773,16.674535751342773,16.429835802476738,16.530511613723213,12200
2020-10-05,16.772409439086914,16.772409439086914,16.702495001484692,16.702495001484692,12300
2020-10-06,16.698305130004883,16.76542188606673,16.6689399656879,16.76542188606673,7200
2020-10-07,16.632587432861328,16.77241502109464,16.626993369206648,16.719980175572434,9700
2020-10-08,16.77940559387207,16.961182647826565,16.77241401485374,16.77241401485374,6800
2020-10-09,16.772409439086914,16.947194866338975,16.520717997121714,16.947194866338975,2100
2020-10-12,16.56966209411621,17.02410402211787,16.56966209411621,16.730464396815574,21500
2020-10-13,16.82135009765625,16.975162135790228,16.49974553338895,16.57665021894888,14100
2020-10-14,16.84931755065918,16.94719697537897,16.67453210165547,16.73046339199637,7700
2020-10-15,16.989147186279297,17.073044798798723,16.80177740741111,16.80177740741111,9100
2020-10-16,16.993343353271484,17.059062597802534,16.84932055500257,16.84932055500257,5100
2020-10-19,17.02410316467285,17.052068143360785,17.005924795044606,17.052068143360785,12800
2020-10-20,17.059688568115234,17.123742578053267,16.9956345581772,17.052571305068884,7300
2020-10-21,17.045454025268555,17.088156242624812,16.97428275802212,17.006309760409064,16800
2020-10-22,17.10951042175293,17.10951042175293,16.981402394297135,17.073924104415653,8400
2020-10-23,17.088157653808594,17.15221166387223,17.084598343538875,17.084598343538875,10000
2020-10-26,17.14509391784668,17.14509391784668,16.88887788480956,16.974283681648295,12200
2020-10-27,17.00986671447754,17.223380503684233,17.00986671447754,17.14509197856055,14600
2020-10-28,16.796358108520508,16.90311434870066,16.796358108520508,16.90311434870066,4400
2020-10-29,16.412031173706055,16.668247191766643,16.369328956522295,16.40491391126226,21400
2020-10-30,16.518789291381836,16.693870166653227,16.50811407523038,16.518789291381836,11000
2020-11-02,16.681772232055664,16.682484908671714,16.63907000670128,16.65401585344928,2500
2020-11-03,16.937274932861328,17.045455157664424,16.654013840543556,16.73230237546355,15700
2020-11-04,17.095279693603516,17.15221645651602,16.931586669915003,17.06681063340751,7100
2020-11-05,17.08104133605957,17.223383890185083,17.031221849359405,17.223383890185083,6100
2020-11-06,17.08104133605957,17.3215988679029,16.97001446963668,17.08815859951377,28800
2020-11-09,17.223384857177734,17.429780079020492,17.21840290822801,17.301672044610854,9100
2020-11-10,17.379959106445312,17.429778591691328,17.290995352083385,17.290995352083385,5100
2020-11-11,17.579240798950195,17.79275329550451,17.40415990018557,17.40415990018557,18300
2020-11-12,17.593475341796875,17.68599842633665,17.579953488968144,17.579953488968144,5200
2020-11-13,17.878158569335938,17.899509003859745,17.72158147627172,17.72158147627172,20600
2020-11-16,17.78563690185547,17.84399765679342,17.66464611922464,17.806988695547762,14700
2020-11-17,17.792749404907227,17.792749404907227,17.614821910858154,17.678875917314144,17500
2020-11-18,17.74222183227539,17.792752641626887,17.557888361056584,17.792752641626887,28800
2020-11-19,17.757165908813477,17.792750867556926,17.436895850205786,17.593471569147788,21300
2020-11-20,17.792749404907227,17.792749404907227,17.757164449089032,17.757164449089032,14700
2020-11-23,17.79061508178711,17.792750396451844,17.76428134422754,17.77993986594256,14100
2020-11-24,17.792749404907227,17.792749404907227,17.77851487958833,17.792749404907227,12800
2020-11-25,17.787059783935547,17.792753052238545,17.77851852400172,17.77851852400172,3900
2020-11-27,17.593475341796875,17.785637418167678,17.56500764019349,17.785637418167678,9800
2020-11-30,17.66464614868164,17.792754196090197,17.600592124977364,17.600592124977364,17400
2020-12-01,17.810543060302734,17.828335539388124,17.757165623046568,17.792750581217344,19900
2020-12-02,17.685991287231445,17.685991287231445,17.57211781182502,17.66463950153815,49100
2020-12-03,17.685991287231445,17.77139571504681,17.644000392269866,17.685991287231445,15200
2020-12-04,17.792749404907227,17.814101192885573,17.671758654654695,17.673893969200435,20300
2020-12-07,17.7813663482666,17.7998715077089,17.579241735188525,17.579241735188525,3600
2020-12-08,17.7642822265625,17.792751280200832,17.72158000358419,17.78563401679125,19100
2020-12-09,17.721580505371094,17.828336744579264,17.721580505371094,17.734391036879398,22300
2020-12-10,17.614826202392578,17.757168775302652,17.565006709117863,17.757168775302652,11700
2020-12-11,17.675315856933594,17.735811908231348,17.5899114236037,17.621938425472155,3100
2020-12-14,17.67176055908203,17.828336282026406,17.650408768802674,17.742931835867363,20300
2020-12-15,17.607707977294922,17.728698750423224,17.5230148433489,17.67176199586163,26200
2020-12-16,17.66464614868164,17.728700172385917,17.600592124977364,17.643295712433158,7400
2020-12-17,17.693115234375,17.863925512024355,17.685997969788016,17.685997969788016,6600
2020-12-18,17.87104034423828,17.97067931993566,17.757166841304354,17.792751801916495,23900
2020-12-21,17.910184860229492,17.97067956559293,17.664644013219817,17.700230331797652,9600
2020-12-22,17.903064727783203,17.971388005042087,17.856803199784448,17.86036115233249,13200
2020-12-23,17.878158569335938,17.984914814392894,17.83331967038147,17.83331967038147,5500
2020-12-24,17.96356201171875,17.984913802520563,17.871040299869353,17.93509431479556,6900
2020-12-28,17.999149322509766,18.105905567448776,17.912319516280615,17.984914794523416,21300
2020-12-29,18.15572166442871,18.326531895900786,17.977794170293752,18.00626186346624,17500
2020-12-30,18.347885131835938,18.49022632388951,18.1557230972105,18.1557230972105,17900
2020-12-31,18.237573623657227,18.56851897069463,18.23401566999723,18.419059124865097,12400
2021-01-04,17.97779655456543,18.226895350886444,17.970679290958632,18.219778087279646,10800
2021-01-05,18.14860725402832,18.20554400680061,18.00626469335796,18.102345718188563,7700
2021-01-06,18.45464324951172,18.45464324951172,18.041851442694703,18.041851442694703,19400
2021-01-07,18.60409927368164,18.63968558875839,18.29094784588095,18.29094784588095,8300
2021-01-08,18.497344970703125,18.59698394834147,18.39770599306478,18.39770599306478,2800
2021-01-11,18.404821395874023,18.67527060389499,18.404821395874023,18.518694889512233,5300
2021-01-12,18.14718246459961,18.50446148891837,18.04185022319125,18.411227102182167,11900
2021-01-13,18.483110427856445,18.504462219109488,18.222625090469748,18.340769225273927,3500
2021-01-14,18.661035537719727,18.6688654770695,18.36567659635633,18.43328855703492,13600
2021-01-15,18.68950653076172,18.68950653076172,18.39058824818749,18.504461750360605,5000
2021-01-19,18.732210159301758,19.00266076535148,18.504463137878407,18.68950793215471,11900
2021-01-20,18.811800003051758,18.98544722209226,18.811800003051758,18.956506708931556,7100
2021-01-21,18.913089752197266,18.9203252239188,18.703266592373318,18.78285402125993,15300
2021-01-22,18.992677688598633,19.065031022464975,18.739441710078975,18.739441710078975,13900
2021-01-25,18.8045597076416,18.97458983644518,18.75391278757885,18.97458983644518,8600
2021-01-26,18.999916076660156,19.093974459107734,18.847973914213732,18.94926914918644,6700
2021-01-27,18.87691307067871,19.130149051401887,18.847971184870314,18.855206656322416,9700
2021-01-28,19.09397315979004,19.09397315979004,19.02885529174779,19.02885529174779,3100
2021-01-29,18.84797477722168,19.180799627328007,18.84797477722168,19.180799627328007,9000
2021-02-01,18.87691307067871,19.072266659810168,18.87691307067871,19.072266659810168,3600
2021-02-02,19.044771194458008,19.135935644841393,18.956500656464176,19.135935644841393,2300
2021-02-03,19.02885627746582,19.03175157043894,18.876915497513306,18.876915497513306,2700
2021-02-04,18.992677688598633,19.130148884942173,18.891383849200793,19.079501965243253,9600
2021-02-05,19.072269439697266,19.2676216772773,18.935521355363438,19.00715156716216,8100
2021-02-08,19.050561904907227,19.050561904907227,18.91309069539267,18.91309069539267,5200
2021-02-09,19.209741592407227,19.209741592407227,18.99268291114715,19.02162480466206,2700
2021-02-10,19.159090042114258,19.245914321711954,19.014384749484908,19.014384749484908,16800
2021-02-11,19.101211547851562,19.151858479610755,19.101211547851562,19.151858479610755,1300
2021-02-12,19.101211547851562,19.13738891341198,18.994852991157256,18.994852991157256,1800
2021-02-16,19.079505920410156,19.282093641202117,19.079505920410156,19.20974029233698,5100
2021-02-17,18.978212356567383,19.24591935701062,18.96374140951089,19.24591935701062,11200
2021-02-18,19.173564910888672,19.289329720703325,18.94927076437595,18.94927076437595,10300
2021-02-19,19.097591400146484,19.101208446102476,19.03609057869328,19.101208446102476,3100
2021-02-22,19.21697425842285,19.23144520306628,18.920326793358747,19.021622025837512,12400
2021-02-23,19.173564910888672,19.173564910888672,19.137388925331113,19.15909396465549,2500
2021-02-24,18.963741302490234,19.054907164411272,18.862447433717367,18.93480078856604,7600
2021-02-25,18.811800003051758,19.065036048328693,18.811800003051758,18.992682695388794,8000
2021-02-26,18.706886291503906,19.093975113345156,18.69603377239491,18.862445505517716,12000
2021-03-01,19.155473709106445,19.28209101737184,19.003531559162813,19.144619811237156,10900
2021-03-02,19.318269729614258,19.318269729614258,19.282092367558647,19.282092367558647,2000
2021-03-03,19.29656410217285,19.318270520294643,19.24664030651045,19.31103504758738,2900
2021-03-04,19.25315284729004,19.499153401808258,19.021623238337675,19.245917374507112,8000
2021-03-05,19.35444450378418,19.46297382312747,19.060690966346243,19.282091164213597,21000
2021-03-08,19.231441497802734,19.394959276698344,19.17355911040628,19.390617718136742,6500
2021-03-09,19.643856048583984,19.643856048583984,19.036090217642204,19.390620055687386,24800
2021-03-10,19.52808952331543,19.61129537157777,19.4123247448613,19.44126662948734,4800
2021-03-11,19.51796531677246,19.571506161502136,19.51796531677246,19.571506161502136,300
2021-03-12,19.499149322509766,19.499149322509766,19.237230230653477,19.237230230653477,1000
2021-03-15,19.499149322509766,19.510724972520517,19.42679598984242,19.499149322509766,2700
2021-03-16,19.499149322509766,19.513618885023202,19.101206682851892,19.499149322509766,7300
2021-03-17,19.441272735595703,19.46297777585733,19.183695125619117,19.24591909308837,13000
2021-03-18,19.332740783691406,19.499153901916188,19.318271217779767,19.462976537073686,5000
2021-03-19,19.426799774169922,19.49915312093165,19.26762213528906,19.26762213528906,2900
2021-03-22,19.426799774169922,19.426799774169922,19.122916821790913,19.122916821790913,6200
2021-03-23,19.444887161254883,19.499152514645235,19.122916227202797,19.122916227202797,5000
2021-03-24,19.519412994384766,19.53533020716133,19.278477122680673,19.4268008709044,8100
2021-03-25,19.303796768188477,19.535326341056237,19.17356103844408,19.368914633060673,15000
2021-03-26,19.318269729614258,19.455739565349813,19.267621422736404,19.267621422736404,9600
2021-03-29,19.3906192779541,19.46297261302615,19.311031851397427,19.311031851397427,6800
2021-03-30,19.3906192779541,19.397854749463814,19.173560652763044,19.38338518646947,6100
2021-03-31,19.224210739135742,19.39062247118846,19.224210739135742,19.39062247118846,1200
2021-04-01,19.397857666015625,19.397857666015625,19.32550432006494,19.32550432006494,4800
2021-04-05,19.3906192779541,19.42679663550267,19.32550141439177,19.3906192779541,3900
2021-04-06,19.267620086669922,19.506385139579344,19.245915050966893,19.289326502398108,20000
2021-04-07,19.318269729614258,19.361681184055733,19.17356304144233,19.35082866545168,4900
2021-04-08,19.41305160522461,19.491917289955065,19.28498663921878,19.383387961820098,5300
2021-04-09,19.318269729614258,19.5353283818469,19.28932783996977,19.28932783996977,7100
2021-04-12,19.36746597290039,19.378319869827667,19.318266700255215,19.318266700255215,1800
2021-04-13,19.3906192779541,19.44705540371983,19.311031851397427,19.311031851397427,7300
2021-04-14,19.282094955444336,19.36168378262319,19.282094955444336,19.332741889094354,8200
2021-04-15,19.36891746520996,19.513622779398762,19.328399922036084,19.354446519783487,4100
2021-04-16,19.53532600402832,19.53532600402832,19.390619333469928,19.390619333469928,2600
2021-04-19,19.54856300354004,19.70811080963896,19.46180465060198,19.61620579851575,3900
2021-04-20,19.586795806884766,19.623558653284594,19.47651007240368,19.47651007240368,4200
2021-04-21,19.833837509155273,19.833837509155273,19.38093016384829,19.38093016384829,1600
2021-04-22,19.998531341552734,20.108817076415132,19.55738699974393,19.77795846946873,4000
2021-04-23,19.652965545654297,19.748547534293312,19.652965545654297,19.748547534293312,1000
2021-04-26,19.51327133178711,19.95441423383326,19.51327133178711,19.800014498588922,1200
2021-04-27,19.85148048400879,20.064700762339744,19.447099035092968,19.447099035092968,8000
2021-04-28,19.998531341552734,20.07573121572049,19.851482760163396,19.998531341552734,3800
2021-04-29,19.85148048400879,19.883095266273745,19.76325106481966,19.787514680981314,800
2021-04-30,19.88309669494629,22.454232434018024,19.697082168683345,20.027939359108018,2800
2021-05-03,19.895599365234375,20.03088357288535,19.847809762063097,19.98382880603257,2600
2021-05-04,20.072053909301758,20.097787200280003,20.072053909301758,20.097787200280003,1400
2021-05-05,19.798547744750977,20.072056908559595,19.755904800391797,20.072056908559595,9700
2021-05-06,19.886037826538086,19.925005178070744,19.763251473274156,19.822070619829532,3300
2021-05-07,19.8073673248291,20.21468953812188,19.777957049718754,19.99117733719147,2300
2021-05-10,19.7117862701416,19.884568138730874,19.7117862701416,19.763252851672235,4700
2021-05-11,19.902212142944336,19.902212142944336,19.744870263686707,19.744870263686707,1100
2021-05-12,19.802223205566406,19.851483880096445,19.572093242525764,19.572093242525764,1400
2021-05-13,19.719141006469727,19.719141006469727,19.63091297196613,19.656646265559623,2400
2021-05-14,19.777957916259766,19.8294244975987,19.76325277806031,19.76325277806031,1600
2021-05-17,19.792665481567383,19.947065244517713,19.777960341564683,19.777960341564683,3500
2021-05-18,19.70443344116211,19.814720574255247,19.591206963287892,19.591206963287892,4200
2021-05-19,19.652965545654297,19.751488281236828,19.645612977115984,19.645612977115984,13000
2021-05-20,19.66767120361328,19.71178521365243,19.64193791422719,19.66767120361328,2700
2021-05-21,19.66767120361328,19.66767120361328,19.572090614801947,19.66767120361328,4300
2021-05-24,19.660320281982422,19.777958586848378,19.586795990851396,19.777958586848378,5800
2021-05-25,19.66767120361328,19.770604361157655,19.64855564679465,19.770604361157655,7800
2021-05-26,19.67869758605957,19.685315318031982,19.67869758605957,19.685315318031982,2200
2021-05-27,19.66767120361328,19.715462199198495,19.66767120361328,19.708109630465454,2400
2021-05-28,19.70443344116211,19.76913548768379,19.667671998370498,19.667671998370498,5400
2021-06-01,19.682376861572266,19.70443316599556,19.682376861572266,19.70443316599556,1600
2021-06-02,19.66767120361328,19.67502377234632,19.650025319125803,19.650025319125803,1100
2021-06-03,19.675025939941406,19.68973107902755,19.65664521726335,19.68973107902755,600
2021-06-04,19.66767120361328,19.74119548858459,19.66767120361328,19.686051924266334,1900
2021-06-07,19.66767120361328,19.74119548858459,19.623557193574136,19.74119548858459,2500
2021-06-08,19.686054229736328,19.70443495254198,19.630912061319368,19.630912061319368,1800
2021-06-09,19.682376861572266,19.74119601063294,19.630910281439064,19.70443316599556,4000
2021-06-10,19.638259887695312,19.697080434441673,19.638259887695312,19.697080434441673,700
2021-06-11,19.66767120361328,19.74119548858459,19.630909762307176,19.74119548858459,3900
2021-06-14,19.483863830566406,19.73384559190204,19.483863830566406,19.715464868760154,26600
2021-06-15,19.630908966064453,19.70443184569453,19.55738468407534,19.59414612389038,14200
2021-06-16,19.66767120361328,19.689728909812402,19.66031863488024,19.686051924266334,14400
2021-06-17,19.66767120361328,19.689728909812402,19.63385050932857,19.66767120361328,9400
2021-06-18,19.66767120361328,19.68237634107936,19.619880208028068,19.66767120361328,5200
2021-06-21,19.66767120361328,19.67502377234632,19.63826092868112,19.65664305169327,5000
2021-06-22,19.689729690551758,19.73384370234012,19.665466072534713,19.667671983478,5300
2021-06-23,19.66767120361328,19.70443264491939,19.66767120361328,19.686051924266334,7100
2021-06-24,19.733842849731445,19.733842849731445,19.671346716902217,19.700756991729875,4700
2021-06-25,19.70443344116211,19.770605160074332,19.64487945508477,19.70443344116211,9000
2021-06-28,19.601497650146484,19.704430798043038,19.601497650146484,19.68972706431422,1300
2021-06-29,19.61105728149414,19.755899935518215,19.605175787656922,19.708108941603452,7100
2021-06-30,19.66767120361328,19.74119548858459,19.66767120361328,19.72649035111851,8600
2021-07-01,19.70443344116211,19.777957729104482,19.667671998370498,19.667671998370498,13500
2021-07-02,19.70443344116211,19.777957729104482,19.638261722249887,19.638261722249887,14700
2021-07-06,19.70443344116211,19.719138579222413,19.693405288796455,19.70443344116211,7600
2021-07-07,19.726491928100586,19.755902205383876,19.704434220138122,19.704434220138122,20400
2021-07-08,19.814720153808594,19.888243037831742,19.675024149918194,19.741195867426324,12800
2021-07-09,20.020584106445312,20.020584106445312,19.8330985305722,19.888240687071843,12300
2021-07-12,20.095582962036133,20.14557846988406,20.00808836917366,20.093377051014148,4500
2021-07-13,20.035293579101562,20.564665968819316,20.035293579101562,20.226456181533898,5500
2021-07-14,20.05881690979004,20.108813812006634,19.998528095047707,19.998528095047707,5500
2021-07-15,19.925004959106445,20.064700956524934,19.851480676130446,20.046318834011643,14900
2021-07-16,19.92574119567871,20.035292090517032,19.888243514230126,19.888243514230126,4400
2021-07-19,19.91176986694336,20.06469991886969,19.873537353961776,19.932356496828906,5700
2021-07-20,20.097049713134766,20.246470729211296,19.92521654213585,20.097049713134766,8600
2021-07-21,20.06418228149414,20.11946741327137,20.055962969689336,20.069411975378266,2800
2021-07-22,20.089580535888672,20.246472761012125,20.059697184665122,20.06716837871715,10400
2021-07-23,20.238998413085938,20.238998413085938,20.121703677214903,20.238998413085938,1500
2021-07-26,20.283828735351562,20.35853925615088,20.239002992865835,20.239002992865835,24200
2021-07-27,20.358539581298828,20.40037713161832,20.358539581298828,20.358539581298828,12300
2021-07-28,20.403364181518555,20.433248958635314,20.32118389441667,20.328653663711254,12000
2021-07-29,20.62151527404785,20.870300454128632,20.433246332354994,20.545311382169945,4600
2021-07-30,20.88150978088379,20.911393131785765,20.545313177083155,20.620023691814914,3500
2021-08-02,20.596118927001953,20.844156038436463,20.545315372559806,20.844156038436463,3000
2021-08-03,20.832948684692383,20.832948684692383,20.620024634215525,20.620024634215525,5100
2021-08-04,20.657381057739258,20.88151263254279,20.620026507764372,20.687265837706956,8900
2021-08-05,20.605083465576172,20.638703129483314,20.605083465576172,20.638703129483314,1100
2021-08-06,20.652896881103516,20.657379882840644,20.652896881103516,20.657379882840644,1100
2021-08-09,20.537845611572266,20.657381886267963,20.466871393779446,20.657381886267963,6900
2021-08-10,20.642436981201172,20.642436981201172,20.522900721066353,20.522900721066353,1500
2021-08-11,20.642436981201172,20.642436981201172,20.642436981201172,20.642436981201172,0
2021-08-12,20.597612380981445,20.597612380981445,20.597612380981445,20.597612380981445,1400
2021-08-13,20.545312881469727,20.545312881469727,20.395891854156137,20.395891854156137,3100
2021-08-16,20.403364181518555,20.433248958635314,20.403364181518555,20.433248958635314,4000
2021-08-17,20.231531143188477,20.395893143637196,20.224059948852,20.395893143637196,16400
2021-08-18,20.126935958862305,20.23900101662635,20.126935958862305,20.21658743507973,4700
2021-08-19,20.231531143188477,20.23900233752496,20.191935095691285,20.191935095691285,1200
2021-08-20,20.246475219726562,20.246475219726562,20.216590439889274,20.224061634848596,2400
2021-08-23,20.463134765625,20.463134765625,20.463134765625,20.463134765625,900
2021-08-24,20.321184158325195,20.395893252118128,20.268885797691674,20.35853870522166,5600
2021-08-25,20.301010131835938,20.358536755540563,20.246471700598704,20.32118221222144,4400
2021-08-26,20.321184158325195,20.321184158325195,20.209117667666554,20.210612476535648,3300
2021-08-27,20.302505493164062,20.35704392971367,20.28382821968522,20.28382821968522,4700
2021-08-30,20.304746627807617,20.306241436652204,20.304746627807617,20.306241436652204,300
2021-08-31,20.246475219726562,20.321185744335057,20.21360224690249,20.21733855687452,1700
2021-09-01,20.231531143188477,20.246473531861437,20.231531143188477,20.246473531861437,9700
2021-09-02,20.246475219726562,20.283829769538443,20.246475219726562,20.265152494632503,12300
2021-09-03,20.25768280029297,20.25768280029297,20.234522521698853,20.24647671951624,2000
2021-09-07,20.246475219726562,20.283829769538443,20.246475219726562,20.253946414685885,1700
2021-09-08,20.246475219726562,20.246475219726562,20.246475219726562,20.246475219726562,5300
2021-09-09,20.20911979675293,20.24647577256957,20.17176524592106,20.186707636247714,5900
2021-09-10,20.171764373779297,20.276358251574155,20.171764373779297,20.276358251574155,2500
2021-09-13,20.261417388916016,20.261417388916016,20.17176447536556,20.22406141452636,6500
2021-09-14,20.171764373779297,20.268887056733853,20.171764373779297,20.21659011783642,3700
2021-09-15,20.171764373779297,20.268887056733853,20.16429317893899,20.16429317893899,2300
2021-09-16,20.171764373779297,20.246474897197643,20.171764373779297,20.171764373779297,5800
2021-09-17,20.16429328918457,20.171764484065726,20.09705396023891,20.171764484065726,1700
2021-09-20,20.074644088745117,20.156824391835514,20.074644088745117,20.09332136558453,2300
2021-09-21,20.186704635620117,20.186704635620117,20.16429105346177,20.16429105346177,4800
2021-09-22,20.171764373779297,20.171764373779297,20.10079016027346,20.171764373779297,2500
2021-09-23,20.130672454833984,20.171763311800007,20.130672454833984,20.171763311800007,1500
2021-09-24,20.171764373779297,20.201649153140522,20.093318965433152,20.201649153140522,2200
2021-09-27,20.11423683166504,20.17176346185154,20.07837566804667,20.07837566804667,5700
2021-09-28,20.11423683166504,20.164292267348994,20.004411839960706,20.004411839960706,1000
2021-09-29,20.186704635620117,20.186704635620117,20.13664777796493,20.16429105346177,1600
2021-09-30,20.186704635620117,20.201647023725684,20.05222599263916,20.171762247514554,4600
2021-10-01,20.171764373779297,20.171764373779297,20.093318965433152,20.156821984098688,4100
2021-10-04,20.186704635620117,20.201647023725684,19.98573336305859,20.201647023725684,3600
2021-10-05,20.156076431274414,20.156076431274414,20.078377710525576,20.078377710525576,1500
2021-10-06,20.171764373779297,20.171764373779297,20.111996240041563,20.111996240041563,4300
2021-10-07,20.16055679321289,20.171762872146786,20.136648401509824,20.171762872146786,3600
2021-10-08,20.15308952331543,20.171766800170463,20.15308952331543,20.171766800170463,900
2021-10-11,20.097049713134766,20.17176022117303,20.044752785003304,20.097049713134766,6700
2021-10-12,20.059696197509766,20.171761252806238,20.059696197509766,20.097050740947093,12700
2021-10-13,20.097049713134766,20.097049713134766,20.059695171607842,20.094808212645642,3700
2021-10-14,20.171764373779297,20.18670676345991,20.059699301144132,20.09705385036095,16000
2021-10-15,20.171764373779297,20.171764373779297,20.15308709917089,20.171764373779297,11000
2021-10-18,20.171764373779297,20.179235568619603,20.123202319809664,20.16429317893899,8400
2021-10-19,20.224061965942383,20.343598237279043,20.15308775014398,20.17176502535569,6000
2021-10-20,20.32275390625,20.36071140243626,20.2544292547262,20.36071140243626,4200
2021-10-21,20.337936401367188,20.37589389553304,20.216469234468175,20.360710318672464,6100
2021-10-22,20.330345153808594,20.34552728308749,20.23924513820709,20.333381579664373,4500
2021-10-25,20.330345153808594,20.330345153808594,20.24683692683935,20.322753365176332,4500
2021-10-26,20.393352508544922,20.4518076790919,20.239241974572032,20.330341975933518,6600
2021-10-27,20.277198791503906,20.421439852216555,20.277198791503906,20.421439852216555,1900
2021-10-28,20.341732025146484,20.406260056264323,20.337936854839512,20.337936854839512,2800
2021-10-29,20.45940399169922,20.520136856711158,20.340214495225606,20.40626146782627,8700
2021-11-01,20.368303298950195,20.527727969343765,20.163329343295178,20.527727969343765,8200
2021-11-02,20.299976348876953,20.51254206934163,20.299976348876953,20.438144573973922,10400
2021-11-03,20.504953384399414,20.50798981046784,20.322754788422277,20.330346577586205,4300
2021-11-04,20.55809211730957,21.074322137730086,20.360709965502576,21.074322137730086,11500
2021-11-05,20.477619171142578,20.73345646762436,20.477619171142578,20.607435404221114,3200
2021-11-08,20.565685272216797,20.687150997094832,20.463198295353646,20.687150997094832,4000
2021-11-09,20.475343704223633,20.475343704223633,20.459401383489826,20.459401383489826,3100
2021-11-10,20.74028778076172,20.74028778076172,20.497356381254143,20.630209037864425,900
2021-11-11,20.694740295410156,20.82379779355998,20.50494994213015,20.565682797260333,5200
2021-11-12,20.573274612426758,20.653744957787836,20.573274612426758,20.652986213393532,1700
2021-11-15,20.541391372680664,20.572517270795426,20.497359579055257,20.526207795846307,1900
2021-11-16,20.573274612426758,20.573274612426758,20.534556928534833,20.534556928534833,1600
2021-11-17,20.603635787963867,21.021175342761804,20.53531115986939,20.8086096722473,4000
2021-11-18,20.755475997924805,20.78584170566294,20.53531846288418,20.679559556600946,1600
2021-11-19,20.687150955200195,20.785841313469113,20.687150955200195,20.75547560630393,1900
2021-11-22,20.58086585998535,20.58086585998535,20.58086585998535,20.58086585998535,500
2021-11-23,20.687150955200195,20.687150955200195,20.533041841968085,20.533041841968085,2400
2021-11-24,20.687150955200195,20.687150955200195,20.345527699681526,20.353119488469236,4300
2021-11-26,20.687150955200195,20.687150955200195,20.687150955200195,20.687150955200195,0
2021-11-29,20.4442195892334,20.4442195892334,20.421444222777474,20.421444222777474,1000
2021-11-30,21.013591766357422,21.013591766357422,20.49736168483931,20.49736168483931,600
2021-12-01,20.564926147460938,21.097098514435658,20.504952030615527,20.945265637152865,2200
2021-12-02,20.643115997314453,21.066728479671536,20.527724590179613,20.792671172753607,7200
2021-12-03,20.407014846801758,20.93918706847976,20.407014846801758,20.93918706847976,3000
2021-12-06,20.39866828918457,20.39866828918457,20.08589328148867,20.307568280346025,8300
2021-12-07,20.35691261291504,20.459399571980377,20.321990100888335,20.459399571980377,2900
2021-12-08,20.405502319335938,20.831392558490524,20.322754281090535,20.322754281090535,3200
2021-12-09,20.488250732421875,20.668171632935767,20.353118922935344,20.497360009922623,6500
2021-12-10,20.98322296142578,20.98322296142578,20.003905399690613,20.383486141817624,17400
2021-12-13,20.40625762939453,20.40625762939453,20.40625762939453,20.40625762939453,100
2021-12-14,20.497360229492188,20.497360229492188,20.39411451011633,20.39411451011633,1900
2021-12-15,20.283273696899414,20.421440463199534,20.224058334209793,20.421440463199534,1000
2021-12-16,20.269607543945312,20.577066947598933,20.269607543945312,20.577066947598933,4400
2021-12-17,20.277198791503906,20.277198791503906,20.277198791503906,20.277198791503906,900
2021-12-20,20.269607543945312,20.49735535761357,20.269607543945312,20.42143893706239,7100
2021-12-21,20.337936401367188,20.49735961444647,20.1936953171629,20.201287105593185,6100
2021-12-22,20.25442886352539,20.406260293323573,20.22406170877437,20.22406170877437,3400
2021-12-23,20.320472717285156,20.362226824674266,20.307566823292955,20.36146663233208,5000
2021-12-27,20.284793853759766,20.383485655228792,20.284793853759766,20.360710289970037,4800
2021-12-28,20.353118896484375,20.398669627885756,20.3227531902024,20.345527107917476,5000
2021-12-29,20.413850784301758,20.413850784301758,20.284793280785394,20.284793280785394,4400
2021-12-30,20.512544631958008,20.512544631958008,20.48976926506757,20.48976926506757,3100
2021-12-31,20.497360229492188,20.497360229492188,20.497360229492188,20.497360229492188,800
2022-01-03,20.497360229492188,20.497360229492188,20.497360229492188,20.497360229492188,3200
2022-01-04,20.497360229492188,20.497360229492188,20.40398398017041,20.420685046426822,8300
2022-01-05,20.497360229492188,20.497360229492188,20.454088626925284,20.454088626925284,12300
2022-01-06,20.497360229492188,20.497360229492188,20.351601652019546,20.36830271827596,9400
2022-01-07,20.40625762939453,20.50494942146601,20.40246245953891,20.466990482982578,10500
2022-01-10,20.497360229492188,20.497360229492188,20.201287711754926,20.461678967597738,5800
2022-01-11,20.421443939208984,20.474585012215908,20.193696069754846,20.20128785846807,15100
2022-01-12,20.315162658691406,20.45940375441654,20.315162658691406,20.45940375441654,6100
2022-01-13,20.337936401367188,20.429034966559467,20.23165281132875,20.30756924764604,7400
2022-01-14,20.345523834228516,20.390314365976277,20.22405813267378,20.262017069400496,8600
2022-01-18,20.20128631591797,20.413850591714464,20.155735587116837,20.269610961134138,7600
2022-01-19,20.269607543945312,20.406255363355097,20.18382165568586,20.201282910247777,3400
2022-01-20,20.44707489013672,20.50108579588606,20.285042172888698,20.50108579588606,7500
2022-01-21,20.400779724121094,20.447074575238013,20.192450686564786,20.439358521437395,5900
2022-01-24,20.233346939086914,20.400782236639042,20.111436806071247,20.254180139745674,8000
2022-01-25,20.26189422607422,20.393064200722737,20.254178172072915,20.362199984717524,2200
2022-01-26,20.358341217041016,20.408494828568614,20.358341217041016,20.408494828568614,500
2022-01-27,20.153871536254883,20.215598493891893,20.0844285249524,20.099859160596587,12600
2022-01-28,19.860666275024414,20.362197961788766,19.521167291129466,20.107574091789225,13800
2022-01-31,20.061281204223633,20.369916005335863,19.914679121812767,20.369916005335863,3400
2022-02-01,20.062055587768555,20.292760193812754,20.03427896630112,20.03427896630112,5100
2022-02-02,20.271926879882812,20.45556397620263,20.271926879882812,20.45556397620263,1200
2022-02-03,20.260353088378906,20.260353088378906,20.260353088378906,20.260353088378906,600
2022-02-04,19.72178077697754,20.25417669063215,19.64462171429493,20.16930157451261,8200
2022-02-07,19.829805374145508,20.292756837701994,19.68320329245299,19.68320329245299,4500
2022-02-08,19.92548179626465,20.06128170079014,19.827490998725494,19.837520544640867,4500
2022-02-09,19.906965255737305,19.94168676665899,19.829807650744204,19.910824018999147,6100
2022-02-10,19.860666275024414,20.04584713759802,19.82980353377215,19.82980353377215,5900
2022-02-11,19.829805374145508,19.94554324003463,19.382284546803913,19.94554324003463,16100
2022-02-14,19.474872589111328,19.528883490471884,19.474872589111328,19.528883490471884,1700
2022-02-15,19.56746482849121,19.59832757166449,19.444010912424567,19.451725494452813,4700
2022-02-16,19.56746482849121,19.589840354084007,19.482589709312855,19.55743381149302,2900
2022-02-17,19.69786262512207,19.69786262512207,19.49030622055698,19.49030622055698,2300
2022-02-18,19.714065551757812,19.77039141969571,19.675486754639113,19.675486754639113,1100
2022-02-22,19.727954864501953,19.82208836345996,19.71406508504874,19.82208836345996,2700
2022-02-23,19.741069793701172,19.741069793701172,19.67548554828317,19.67548554828317,3300
2022-02-24,19.80666160583496,19.80666160583496,19.675491602947826,19.698639769935134,2600
2022-02-25,19.825176239013672,19.858353947808908,19.75418942284359,19.806658003129602,6200
2022-02-28,19.829805374145508,19.909277933634318,19.79971232223115,19.79971232223115,1200
2022-03-01,19.868385314941406,20.01498740506573,19.868385314941406,19.94554438720089,3800
2022-03-02,19.714065551757812,20.014985761693417,19.714065551757812,19.829804886487462,4200
2022-03-03,20.022701263427734,20.022701263427734,19.887672533861483,19.94554219963084,4700
2022-03-04,19.866071701049805,20.339055712933543,19.866071701049805,20.022704819696674,4000
2022-03-07,20.192453384399414,20.192453384399414,19.97255097260527,20.189367256804196,1000
2022-03-08,20.578245162963867,20.64768817756303,19.775793203901014,20.238746143999826,7800
2022-03-09,20.408498764038086,20.63997452517837,20.376092216345924,20.601395722217323,1200
2022-03-10,20.254179000854492,20.254179000854492,20.254179000854492,20.254179000854492,900
2022-03-11,19.714065551757812,20.138439678497388,19.714065551757812,20.138439678497388,3300
2022-03-14,20.022701263427734,20.022701263427734,19.722553697324063,19.82980433977886,4300
2022-03-15,19.968690872192383,20.06128205228361,19.73721512949463,19.73721512949463,3700
2022-03-16,19.869932174682617,20.25418232391818,19.869932174682617,20.23875021275219,1900
2022-03-17,20.254179000854492,20.254179000854492,20.041992658040062,20.099860857887517,3600
2022-03-18,20.435501098632812,20.435501098632812,20.254177514704264,20.254177514704264,2200
2022-03-21,20.439361572265625,20.439361572265625,20.242607321885618,20.242607321885618,1000
2022-03-22,20.33133888244629,20.447076758439692,20.256494771444412,20.35062828316403,3000
2022-03-23,20.408498764038086,20.408498764038086,20.32362363149938,20.408498764038086,2500
2022-03-24,19.991840362548828,20.331339416509444,19.991840362548828,20.25495150390134,3000
2022-03-25,20.061281204223633,20.061281204223633,19.964832736895634,19.964832736895634,1000
2022-03-28,19.893848419189453,20.40849732606786,19.876101346933098,20.215600381480023,9600
2022-03-29,20.057422637939453,20.25417685123789,19.876099059950523,20.25417685123789,11800
2022-03-30,20.05279541015625,20.05279541015625,19.876101734824562,19.914680535820256,2000
2022-03-31,20.022701263427734,20.07208224011318,19.89153129647903,20.07208224011318,7600
2022-04-01,20.068998336791992,20.14615740913856,19.945544409712245,20.14615740913856,700
2022-04-04,20.146160125732422,20.146160125732422,20.02270618200562,20.124555759164586,1500
2022-04-05,20.115291595458984,20.115291595458984,19.876099814681726,20.03427523818251,1800
2022-04-06,20.136125564575195,20.13844052796985,19.86838452168722,20.00881287967703,1600
2022-04-07,20.068998336791992,20.138441354735214,19.91468019209886,20.138441354735214,600
2022-04-08,19.98412322998047,20.061282302404017,19.949401720974215,19.949401720974215,1400
2022-04-11,20.01498794555664,20.146157930433848,19.953260980419543,19.960977035022545,7700
2022-04-12,19.960975646972656,19.960975646972656,19.960975646972656,19.960975646972656,300
2022-04-13,19.962520599365234,20.061284044039173,19.960978271361267,19.960978271361267,3900
2022-04-14,19.837522506713867,19.87610278142798,19.837522506713867,19.87610278142798,1200
2022-04-18,20.02585220336914,20.229877519318766,20.02585220336914,20.12394121122649,1900
2022-04-19,20.02585220336914,20.02585220336914,20.02585220336914,20.02585220336914,0
2022-04-20,20.027421951293945,20.027421951293945,20.010158787786573,20.010158787786573,400
2022-04-21,19.93168830871582,20.049394831860432,19.696275262426596,20.049394831860432,4700
2022-04-22,20.01015853881836,20.151406956214558,20.006235636877154,20.151406956214558,1300
2022-04-25,19.85164451599121,19.85164451599121,19.625647375303245,19.78258887787696,7200
2022-04-26,19.774747848510742,19.853217870380288,19.774747848510742,19.853217870380288,1700
2022-04-27,19.704906463623047,19.77474639440869,19.594261465909092,19.77474639440869,9600
2022-04-28,19.735509872436523,19.75905177527759,19.735509872436523,19.75905177527759,600
2022-04-29,19.696273803710938,19.774745312235588,19.578567289283725,19.774745312235588,4600
2022-05-02,19.63741683959961,19.766895033666263,19.58641014223523,19.71196543499046,4200
2022-05-03,19.6178035736084,19.774746600885116,19.6178035736084,19.65468573880469,2100
2022-05-04,19.735509872436523,19.76689907622461,19.692350465587708,19.75905177527759,2000
2022-05-05,19.813980102539062,19.813980102539062,19.72766129442924,19.73550859486827,2900
2022-05-06,19.6178035736084,19.81398160934448,19.6178035736084,19.81398160934448,5900
2022-05-09,19.656251907348633,19.657036188340815,19.555024280737147,19.60289236221052,6200
2022-05-10,19.64604949951172,19.696271918717652,19.602105818156147,19.602105818156147,3500
2022-05-11,19.70176887512207,19.70176887512207,19.476555965774004,19.633498999637137,7500
2022-05-12,19.47655487060547,19.725308173341798,19.47655487060547,19.725308173341798,3800
2022-05-13,19.6178035736084,19.735510095706122,19.6178035736084,19.641345476715795,900
2022-05-16,19.704116821289062,19.751199117482088,19.62564532982121,19.62564532982121,4200
2022-05-17,19.774747848510742,19.774747848510742,19.774747848510742,19.774747848510742,600
2022-05-18,19.49224853515625,19.61780235046164,19.47655393406319,19.49224853515625,2200
2022-05-19,19.49224853515625,19.49224853515625,19.49224853515625,19.49224853515625,0
2022-05-20,20.22203254699707,20.22987984813536,19.683719363323764,20.184366100221148,1600
2022-05-23,20.214183807373047,20.214183807373047,20.214183807373047,20.214183807373047,300
2022-05-24,20.214183807373047,20.214183807373047,20.214183807373047,20.214183807373047,0
2022-05-25,19.888526916503906,19.888526916503906,19.646836652134088,19.646836652134088,3700
2022-05-26,19.813980102539062,19.813980102539062,19.65703708719748,19.775529378091473,6200
2022-05-27,19.884605407714844,19.908147310331824,19.69078171599916,19.76689888806916,8200
2022-05-31,19.649192810058594,19.69627511963117,19.617803605863788,19.649192810058594,3800
2022-06-01,19.751203536987305,19.848508268049,19.69627392968459,19.69627392968459,700
2022-06-02,19.7825870513916,19.829670844863998,19.735504754638434,19.829670844863998,1300
2022-06-03,19.753557205200195,19.7590501657437,19.704120560308624,19.7590501657437,2200
2022-06-06,19.704116821289062,20.16709697455826,19.696269522470356,19.696269522470356,2600
2022-06-07,19.774747848510742,19.927766486563975,19.774747848510742,19.927766486563975,1500
2022-06-08,19.735509872436523,19.87675829604369,19.70412216536805,19.70412216536805,8000
2022-06-09,19.71589469909668,19.837525633074414,19.617805670742968,19.74492956636099,10400
2022-06-10,19.6178035736084,19.727662794670323,19.539332059970036,19.6178035736084,4600
2022-06-13,19.62957000732422,19.872831802561393,19.47655140830947,19.617799806390575,4400
2022-06-14,18.833091735839844,19.61780389149984,18.833091735839844,19.61780389149984,12100
2022-06-15,18.899789810180664,19.216814461747123,18.683994286590515,19.146974535532046,9900
2022-06-16,18.77031135559082,19.209749662496197,18.158235448433082,18.884094956353625,11600
2022-06-17,18.44858169555664,18.713813871131357,17.90712992615591,18.27594557195505,11400
2022-06-21,17.695255279541016,18.503509191068446,17.67171487707127,18.503509191068446,17100
2022-06-22,17.310749053955078,17.695257815499584,16.973322600816942,17.695257815499584,19500
2022-06-23,17.124771118164062,17.624632014047574,16.888572322938508,17.561855109597662,14300
2022-06-24,17.295053482055664,17.302899285071295,16.949779777311925,17.224429281159914,7700
2022-06-27,17.2636661529541,17.640327600714954,16.99686391994361,17.25581885236914,30000
2022-06-28,17.302900314331055,17.612861937064928,17.27072832923895,17.53046753002513,20400
2022-06-29,17.4049129486084,17.656020557055864,17.16165264001484,17.499077553416495,9400
2022-06-30,17.161657333374023,17.381375802494322,17.161657333374023,17.26366926593419,10500
2022-07-01,17.45984649658203,17.5681371636312,16.996866177609242,17.208738831387247,18400
2022-07-05,17.656023025512695,17.844353758178475,17.45984499189589,17.49123419569999,11800
2022-07-06,17.84827423095703,18.213163916238035,17.671713740195713,18.213163916238035,11100
2022-07-07,18.056224822998047,18.189625934121786,17.89143451080073,18.024835621924467,12300
2022-07-08,18.43445587158203,18.43445587158203,18.0640716894381,18.13469589343805,8600
2022-07-11,18.668298721313477,18.668298721313477,18.448578828109962,18.487813828419476,8000
2022-07-12,18.495662689208984,18.833089108545536,18.47996808907253,18.833089108545536,2900
2022-07-13,18.244556427001953,18.74677169485949,17.938519185241212,18.51135866223116,8700
2022-07-14,18.338722229003906,18.354415333320294,17.93067158238717,18.34656803280233,10800
2022-07-15,18.095460891723633,18.409345437319963,18.095460891723633,18.095460891723633,3400
2022-07-18,18.358537673950195,18.536853198275228,18.223402459631405,18.311359921427474,6900
2022-07-19,18.631206512451172,18.70317267055945,18.39132033552965,18.431300856630198,6500
2022-07-20,18.487276077270508,18.70317303059221,18.1298443551401,18.663192508722044,7100
2022-07-21,18.67119026184082,18.67119026184082,18.407314833093572,18.44329791542998,8400
2022-07-22,18.516063690185547,18.695178397384996,18.21540598872402,18.695178397384996,6500
2022-07-25,18.447296142578125,18.551247951598356,18.3193566277527,18.335349448395707,3100
2022-07-26,18.523258209228516,18.523258209228516,18.367330521531347,18.367330521531347,6100
2022-07-27,18.691179275512695,18.703173127103806,18.31135821514959,18.49527105695601,7100
2022-07-28,18.9190731048584,20.43435849899979,18.66239489946426,18.66239489946426,6900
2022-07-29,19.35486602783203,19.790660429611663,18.83031346380541,19.182947037440854,7600
2022-08-01,19.007028579711914,19.590752681321288,18.335345508625323,19.222927036523817,11900
2022-08-02,19.03101921081543,19.390850027576413,18.943061752953255,18.943061752953255,14800
2022-08-03,19.206933975219727,19.422832429287816,19.17095089954171,19.262907309572423,3500
2022-08-04,19.190946578979492,19.29089942574501,19.007033706969196,19.007033706969196,1900
2022-08-05,19.190946578979492,19.206939400500232,19.110983996535197,19.126976818055937,3000
2022-08-08,19.166955947875977,19.254914934661315,19.055009255719582,19.246918524484528,2600
2022-08-09,19.270906448364258,19.270906448364258,19.031018734804025,19.142966944529142,1400
2022-08-10,19.150962829589844,19.27090592050494,19.055007441762275,19.27090592050494,4400
2022-08-11,19.174949645996094,19.174949645996094,18.831111682822403,19.08699219681053,6500
2022-08-12,19.230924606323242,19.57476259850033,19.17495126344031,19.17495126344031,4600
2022-08-15,19.03101921081543,19.806654188020392,19.03101921081543,19.806654188020392,23900
2022-08-16,19.37485694885254,19.80665392319231,19.110981528475747,19.766671874553882,13400
2022-08-17,19.102985382080078,19.670718279298207,19.031019218698074,19.670718279298207,7600
2022-08-18,19.430831909179688,19.430831909179688,19.174952877231604,19.174952877231604,4100
2022-08-19,19.206933975219727,19.654722175200263,19.206933975219727,19.56276576516955,5400
2022-08-22,19.19894027709961,19.422835171277388,19.19894027709961,19.422835171277388,900
2022-08-23,18.68718147277832,19.198939466246156,18.391320429580276,19.198939466246156,6900
2022-08-24,19.36526107788086,19.36526107788086,18.799128112492088,18.894282790103393,4800
2022-08-25,19.35087013244629,19.382854247664923,18.791133627107047,19.07100187977667,4400
2022-08-26,19.03901481628418,19.358863570359087,18.89508249566068,19.32687945753118,4000
2022-08-29,18.971046447753906,19.318881850934197,18.89508132482139,18.89508132482139,4100
2022-08-30,18.707971572875977,18.943061133820127,18.707971572875977,18.943061133820127,3100
2022-08-31,18.68718147277832,19.166953829074853,18.559240449252236,18.951056878805066,6800
2022-09-01,19.047012329101562,19.047012329101562,18.751152786378945,18.95505590230079,1300
2022-09-02,18.957454681396484,19.071001260797896,18.759147377872065,19.071001260797896,2900
2022-09-06,18.79113006591797,19.190941343916222,18.79113006591797,19.190941343916222,1000
2022-09-07,19.310884475708008,19.334873701511505,18.79113011790416,19.070998318308998,4000
2022-09-08,18.9510555267334,19.21972753904001,18.9510555267334,18.997432562100222,1100
2022-09-09,18.993436813354492,19.334875717921655,18.95105721599169,19.060604822418362,5900
2022-09-12,18.991037368774414,19.29569400414414,18.991037368774414,19.039815007832427,1100
2022-09-13,18.9510555267334,19.33487399445057,18.79113040260507,19.142964760591987,3700
2022-09-14,19.334877014160156,19.334877014160156,18.85270401649609,18.85270401649609,2100
2022-09-15,19.02302360534668,19.214932858627908,19.02302360534668,19.19094363003307,4700
2022-09-16,19.174949645996094,19.174949645996094,18.871093728051367,19.11897630783462,2400
2022-09-19,18.983041763305664,19.1269740861154,18.951057649991938,18.96704894406921,3100
2022-09-20,18.923870086669922,18.923870086669922,18.85110474214188,18.85110474214188,700
2022-09-21,18.79113006591797,18.915072111154664,18.75114954818174,18.863096217970373,10800
2022-09-22,18.55124855041504,18.91107787554175,18.55124855041504,18.791134767166177,9300
2022-09-23,17.9995059967041,18.55124605108952,17.9995059967041,18.55124605108952,3900
2022-09-26,17.927541732788086,18.143440236711296,17.927541732788086,18.143440236711296,3500
2022-09-27,18.071474075317383,18.071474075317383,17.759620172261634,17.999507907316772,7100
2022-09-28,18.103458404541016,18.31136050063761,18.069874395766877,18.31136050063761,3500
2022-09-29,17.977115631103516,18.303360884262744,17.863569062925215,18.303360884262744,1200
2022-09-30,17.935537338256836,18.32815146023027,17.48774905496841,17.87956399349069,8000
2022-10-03,18.1114501953125,18.1114501953125,17.99150711954731,17.99150711954731,700
2022-10-04,18.55124855041504,18.759149124847696,18.332950964553568,18.375330567982125,5800
2022-10-05,18.863100051879883,18.863100051879883,18.4632886926203,18.4632886926203,1800
2022-10-06,18.503265380859375,18.86309613962693,18.503265380859375,18.749549578530477,2900
2022-10-07,17.88755989074707,18.24019347782508,17.647672173420737,17.791604498784693,2000
2022-10-10,17.271848678588867,17.884358670465506,16.834454403306914,17.871565636004043,29700
2022-10-11,17.287839889526367,17.311827589490953,16.840050171507407,17.311827589490953,15900
2022-10-12,18.063478469848633,18.063478469848633,18.063478469848633,18.063478469848633,100
2022-10-13,17.23586654663086,17.927539959146607,17.08793678272289,17.415781948767137,8700
2022-10-14,17.284645080566406,17.823592178972913,16.967994538566746,17.443771060245396,4000
2022-10-17,17.275848388671875,17.714841088316234,16.952002165252527,17.419780721373492,2300
2022-10-18,17.08793830871582,17.436572950615016,16.95200238442448,17.27984757974607,6500
2022-10-19,17.19988441467285,17.19988441467285,17.031962855032745,17.15190747984393,2500
2022-10-20,16.906145095825195,17.29779444050734,16.71848072507811,17.19172219181031,13600
2022-10-21,16.155488967895508,16.694005163074007,15.592495754199053,16.694005163074007,9600
2022-10-24,15.918866157531738,16.22892026871842,15.739361309609972,16.22892026871842,9000
2022-10-25,16.41658592224121,16.41658592224121,15.829112691089906,15.933552411211693,36100
2022-10-26,16.438613891601562,16.45738094975916,15.918864892517787,16.441061904080367,5200
2022-10-27,16.400270462036133,16.481864157124928,16.24524259699445,16.392110936900224,7400
2022-10-28,15.408909797668457,16.131011387950704,14.89079165471102,16.049417697766742,25900
2022-10-31,15.306916236877441,15.714883082563077,14.996860562645153,15.494580612388031,15000
2022-11-01,15.674088478088379,15.682248003323428,15.298759654897964,15.331397755838161,7500
2022-11-02,15.502741813659668,15.869912637017574,15.298758368743094,15.869912637017574,5500
2022-11-03,15.49457836151123,15.55577400198227,15.09477109757118,15.535375973915185,13800
2022-11-04,16.082056045532227,16.2615624953433,15.57617791088554,15.57617791088554,6400
2022-11-07,16.06573486328125,16.06573486328125,15.22124361487838,15.967822135287141,15300
2022-11-08,15.820953369140625,16.06573440399307,15.53537782955106,15.7556787377673,10100
2022-11-09,15.918866157531738,16.033096373821046,15.780157370779017,15.845432002411476,5500
2022-11-10,16.481863021850586,16.514499563875916,16.02493898333448,16.049417557056113,16600
2022-11-11,16.228919982910156,16.481860537767613,15.984955993120183,15.984955993120183,4700
2022-11-14,16.188127517700195,16.38395145263968,15.927028937780886,15.927028937780886,2500
2022-11-15,16.247690200805664,16.571615403561534,16.114692901354744,16.326835880732602,18500
2022-11-16,16.47370147705078,16.47370147705078,16.23707996223655,16.23707996223655,10100
2022-11-17,16.400270462036133,16.426380008708865,16.318676766947338,16.318676766947338,5100
2022-11-18,16.31949234008789,16.726643775812292,16.298278819637012,16.473704720323983,9400
2022-11-21,16.45738410949707,16.69237312107095,16.35947137289539,16.37579042170736,9900
2022-11-22,16.27787971496582,16.69400457788682,16.23708209174892,16.408428996719508,7000
2022-11-23,16.23708152770996,16.41495542370824,16.03309808752197,16.318675215039185,9100
2022-11-25,16.955106735229492,17.240682350715602,16.45412306706611,16.45412306706611,3300
2022-11-28,16.563451766967773,17.41202347383222,16.245238155028538,16.245238155028538,17300
2022-11-29,16.326833724975586,16.490019533224782,16.326833724975586,16.490019533224782,8800
2022-11-30,16.318675994873047,16.62873015401674,16.273799386883912,16.310516470123183,13600
2022-12-01,16.44922637939453,16.67605589130529,16.366817197055965,16.366817197055965,8400
2022-12-02,16.849029541015625,16.849029541015625,16.53081591590408,16.53081591590408,700
2022-12-05,16.738880157470703,16.738880157470703,16.54713678707061,16.685845584950517,2500
2022-12-06,16.547138214111328,16.979582137060046,16.547138214111328,16.56345570753318,6300
2022-12-07,16.318675994873047,16.602620608579308,16.16283265157217,16.547138019058547,6800
2022-12-08,16.341520309448242,16.620570423741192,16.114690836764936,16.620570423741192,11600
2022-12-09,16.241159439086914,16.241159439086914,16.11468916638471,16.15548522531064,3100
2022-12-12,16.318675994873047,16.624651169776914,15.820955879022948,16.21994776855099,9700
2022-12-13,16.137537002563477,16.522657817718496,15.829113844980002,16.36762997527811,12700
2022-12-14,15.917231559753418,16.4002650160148,15.917231559753418,16.073891900308336,18400
2022-12-15,15.760577201843262,15.951505100179658,15.502742134581437,15.902549508141902,21300
2022-12-16,15.519060134887695,15.849512304140866,15.502741086554916,15.527219659054083,19300
2022-12-19,15.992303848266602,16.11469361510192,15.510902749946743,15.543539294843344,22100
2022-12-20,15.788317680358887,15.984141585006231,15.706723997688313,15.706723997688313,11500
2022-12-21,16.073894500732422,16.073894500732422,15.721410233728951,15.959662724552487,17700
2022-12-22,15.808716773986816,16.07389587141337,15.706725052864321,16.07389587141337,8200
2022-12-23,15.910707473754883,16.18322903629637,15.788317727518473,16.18322903629637,8800
2022-12-27,15.910707473754883,16.033097219991294,15.625945847200713,15.890309442093825,16700
2022-12-28,15.723043441772461,15.910707827255782,15.723043441772461,15.910707827255782,2800
2022-12-29,15.747518539428711,15.86990982974466,15.723041526381445,15.723041526381445,4600
2022-12-30,16.188127517700195,16.188127517700195,15.788320122664965,15.804639172977495,5300
2023-01-03,16.03309440612793,16.188122220830163,15.747517344182691,16.188122220830163,11500
2023-01-04,16.000459671020508,16.187308555034072,15.91070646985086,15.91070646985086,4300
2023-01-05,16.171804428100586,16.17996395121882,15.975980542072708,15.98414006519094,5200
2023-01-06,16.318675994873047,16.318675994873047,16.18812671141568,16.18812671141568,6800
2023-01-09,16.51858139038086,16.80007800688026,16.31867691343238,16.424747628610756,3800
2023-01-10,16.78375816345215,16.78375816345215,16.563455662024932,16.563455662024932,1200
2023-01-11,17.20804214477539,17.54257484285853,16.567534304084255,16.726641129237205,14400
2023-01-12,17.541759490966797,17.541759490966797,16.611593992089748,17.118289068661152,8800
2023-01-13,17.934221267700195,17.950540314217907,17.54257348889477,17.54257348889477,11300
2023-01-17,17.746559143066406,17.915458027690907,17.583371769817514,17.860789370578555,15000
2023-01-18,17.697603225708008,17.868948563801634,17.66496512915488,17.722080241852755,7500
2023-01-19,17.811647415161133,17.85576772854257,17.61352834564423,17.73922551166799,13800
2023-01-20,18.212051391601562,18.212051391601562,17.855768882565595,17.855768882565595,1900
2023-01-23,18.280309677124023,18.470937762925434,17.859929830567992,18.022254737532666,9500
2023-01-24,18.321931838989258,18.646581641809778,17.60603577354197,18.21371417955109,14500
2023-01-25,18.463441848754883,18.521712149793423,17.89738477395769,18.313603024514848,4300
2023-01-26,18.305282592773438,18.305282592773438,18.105497978028282,18.105497978028282,1400
2023-01-27,18.50090217590332,18.646577933390112,18.201224517362856,18.201224517362856,7200
2023-01-30,20.020099639892578,20.020099639892578,18.31527078756468,18.338578910801264,6700
2023-01-31,19.562259674072266,19.77036881954112,18.455119083687833,19.77036881954112,14400
2023-02-01,19.479015350341797,19.720422716891363,18.917121302712868,19.52063813134004,4900
2023-02-02,19.520639419555664,19.570585172302852,18.9187865098026,19.021177128843217,9100
2023-02-03,19.354150772094727,19.562259920181766,19.354150772094727,19.562259920181766,2500
2023-02-06,18.912961959838867,18.912961959838867,18.912961959838867,18.912961959838867,1000
2023-02-07,19.071123123168945,19.071123123168945,19.071123123168945,19.071123123168945,800
2023-02-08,17.730897903442383,18.917120941415345,16.690352214560864,18.917120941415345,39500
2023-02-09,17.28138542175293,17.947334121190696,17.08992536913294,17.73922495414803,19900
2023-02-10,16.940086364746094,17.331331023731277,16.282460640598803,17.331331023731277,22400
2023-02-13,17.023326873779297,17.099910243418773,16.60794060755465,16.981704096586885,5100
2023-02-14,17.2314395904541,17.33133110105701,16.858508002859583,16.858508002859583,8400
2023-02-15,17.614360809326172,18.00560549482999,17.081601818385305,17.10657390374376,17400
2023-02-16,17.664304733276367,17.88073844780528,17.60603442316221,17.814143580853838,10500
2023-02-17,17.730897903442383,18.063873794081843,17.572736101910028,17.80581732006159,10300
2023-02-21,17.472843170166016,17.98062997886547,17.273058586681,17.926521158000757,6500
2023-02-22,17.38960075378418,17.72757014107067,17.273060133253278,17.72757014107067,9400
2023-02-23,17.35630226135254,17.980629669403015,17.064949153379644,17.939006889551628,6900
2023-02-24,17.905712127685547,18.2220373489337,17.522790451704235,17.57689927730149,7300
2023-02-27,18.3136043548584,18.546687163690876,17.980630047773957,17.980630047773957,8000
2023-02-28,17.919029235839844,18.4584487423796,17.919029235839844,18.4584487423796,6100
2023-03-01,18.197065353393555,18.313605974241547,17.914036770408252,17.914036770408252,800
2023-03-02,17.905712127685547,18.30528132960328,17.8973875708439,18.15544248194741,1400
2023-03-03,17.68927764892578,18.27864291078192,17.460357902783162,18.025581474517306,10800
2023-03-06,17.68927764892578,17.68927764892578,17.68927764892578,17.68927764892578,400
2023-03-07,17.98063087463379,18.596633768004285,17.740057065630058,18.371875504981496,1900
2023-03-08,18.20539093017578,18.20539093017578,17.689279488834075,17.714253160877806,3800
2023-03-09,17.481168746948242,17.94733280229775,17.481168746948242,17.90321408129204,7400
2023-03-10,16.140947341918945,16.9067891806737,15.708081458250884,16.405662876908522,28400
2023-03-13,15.133700370788574,15.616513622334491,14.567643126683619,15.616513622334491,11200
2023-03-14,15.275212287902832,16.03023195896099,14.567640843661339,15.39175290657313,38300
2023-03-15,14.8007230758667,15.782996913984364,14.695834935518153,15.300183757444676,20500
2023-03-16,14.775750160217285,15.140357174971886,14.159747245475877,14.7341289638788,11400
2023-03-17,13.027632713317871,14.767425366504552,13.027632713317871,14.684181387416096,23100
2023-03-20,12.320063591003418,13.851746485994314,12.320063591003418,13.318987494301313,22600
2023-03-21,12.478224754333496,12.819523641816343,12.211845289736821,12.320062145697577,64200
2023-03-22,12.902767181396484,13.242401304723547,12.245142305196373,12.36168371391954,21000
2023-03-23,12.98601245880127,13.610339965592225,12.752929618010409,12.811200725144863,15400
2023-03-24,12.303412437438965,14.151421868423528,11.987086441585868,13.052605836208949,48600
2023-03-27,11.945466041564941,12.798713275730963,11.803951749965682,12.320062368909209,30300
2023-03-28,12.569793701171875,12.744605428990438,11.945466215230361,11.945466215230361,17200
2023-03-29,13.567051887512207,13.735203800045081,12.694658057617422,12.694658057617422,14100
2023-03-30,14.467748641967773,14.4760731992066,13.56039413139299,13.56039413139299,10200
2023-03-31,15.683106422424316,15.749701290105119,14.409477791813728,14.550992084103793,25800
2023-04-03,14.85649585723877,15.699754525619696,14.85649585723877,15.608185993048176,4300
2023-04-04,15.458346366882324,15.816294334814978,15.450021810913343,15.816294334814978,10100
2023-04-05,15.100401878356934,15.586546214932344,15.092077320469823,15.45834992876733,17200
2023-04-06,15.158671379089355,15.799648012138203,15.103730570192225,15.21694328115951,7200
2023-04-10,16.02440643310547,16.590463641665078,15.441700109530107,15.441700109530107,36900
2023-04-11,16.29660987854004,16.44062167953074,16.024403409162872,16.399000487592634,13900
2023-04-12,16.03272819519043,16.57381163688457,16.02523561841563,16.107647611951574,17800
2023-04-13,16.665382385253906,16.665382385253906,16.31575892305463,16.515543531776085,11000
2023-04-14,16.465595245361328,16.665379823370927,16.465595245361328,16.482242769385444,10900
2023-04-17,16.748624801635742,17.148193981682528,16.465596235499238,16.640407156364663,14800
2023-04-18,17.019166946411133,17.06495121590795,16.598787139457155,16.773598072721118,4800
2023-04-19,16.56549072265625,17.0649530816189,16.232516345930172,16.690355915460145,7600
2023-04-20,16.494871139526367,17.01642531544746,16.378309366118177,16.41234299569921,4500
2023-04-21,16.4097900390625,16.53996558670685,16.3783090945034,16.53996558670685,3100
2023-04-24,16.250686645507812,16.42084992648972,16.08052174171311,16.378309511947442,6700
2023-04-25,15.46792984008789,16.208143383181934,15.46792984008789,16.208143383181934,17500
2023-04-26,14.804288864135742,15.518978816863433,14.600091966615356,15.484946812016378,12500
2023-04-27,15.382845878601074,15.527485534796611,15.008484129128064,15.016992535117508,12900
2023-04-28,15.689143180847168,16.14858577908266,15.14461651632947,15.518978293908019,16800
2023-05-01,15.31478214263916,16.10604614632555,15.31478214263916,15.604061490714027,4400
2023-05-02,15.144617080688477,15.859307035965367,14.88937136358074,15.323290380914045,14000
2023-05-03,14.4724702835083,15.212683894264607,14.4724702835083,15.212683894264607,17200
2023-05-04,12.651711463928223,14.132141005725273,12.651711463928223,14.038550152078026,13600
2023-05-05,14.098108291625977,14.489486922669498,13.196238192944605,13.196238192944605,27900
2023-05-08,14.489484786987305,14.753238889432447,14.072582617698995,14.072582617698995,7600
2023-05-09,14.463960647583008,14.727714769710206,14.255508735977319,14.3788782015641,7000
2023-05-10,14.566060066223145,14.676666111285098,14.353354760262492,14.634125699218046,7800
2023-05-11,14.693681716918945,14.761747344316548,14.251254327428247,14.710698529471488,8200
2023-05-12,14.931910514831543,14.982960952193187,14.506499940359845,14.846829698187248,9900
2023-05-15,15.306272506713867,15.311377875089912,14.889370332151143,14.889370332151143,2300
2023-05-16,14.463960647583008,15.059536146902673,14.038550040301153,14.94892848023429,20200
2023-05-17,14.719205856323242,14.889370742505498,14.293795263680229,14.463960149862483,5900
2023-05-18,14.693681716918945,14.889370192835482,14.627316797089058,14.761747344316548,4300
2023-05-19,14.699639320373535,14.872355283730556,14.463961467076405,14.872355283730556,3000
2023-05-22,14.506501197814941,14.821305764249466,14.506501197814941,14.663904292438552,6900
2023-05-23,14.463960647583008,14.523517872952437,14.463960647583008,14.509905720189527,5700
2023-05-24,14.489484786987305,14.51500838291946,14.46395956824259,14.46395956824259,3300
2023-05-25,14.506501197814941,14.746434054899924,14.46566311632327,14.49799441366317,3300
2023-05-26,14.557549476623535,14.821303562082353,14.557549476623535,14.719204316491464,7000
2023-05-30,15.527487754821777,16.369800594455402,14.80428937044561,14.88086341248619,9800
2023-05-31,15.952898979187012,16.191129521488815,15.527488339742025,15.527488339742025,7300
2023-06-01,16.599523544311523,16.901564712452988,16.20814490748094,16.20814490748094,13300
2023-06-02,16.7186336517334,17.186586212543624,16.59951922158393,16.880290108945104,7400
2023-06-05,16.837753295898438,17.399295190388017,16.65907998975389,16.769686038081282,5600
2023-06-06,16.633554458618164,16.803719354369782,16.599522453155473,16.65907967982472,6700
2023-06-07,16.659080505371094,17.067474328037807,16.608031683240952,16.70417360453917,6000
2023-06-08,16.76117706298828,17.39929291630795,16.64206100018942,16.931340316852673,1100
2023-06-09,16.667587280273438,17.092997876252213,16.650570466959255,16.650570466959255,1600
2023-06-12,16.599523544311523,16.803720458948547,16.505932683214745,16.68800903626885,4400
2023-06-13,16.591014862060547,16.846260595428667,16.548474447436792,16.548474447436792,4700
2023-06-14,17.229129791259766,17.399294685236793,16.59101387306496,16.59101387306496,14000
2023-06-15,17.654541015625,17.79577765533005,17.18658997517932,17.18658997517932,21600
2023-06-16,17.50990104675293,17.654540722403198,17.492884232485196,17.654540722403198,9700
2023-06-20,17.646032333374023,17.65454074051662,17.49288425043276,17.50990106471795,2400
2023-06-21,17.697080612182617,17.867245504204877,17.603491382101787,17.603491382101787,6600
2023-06-22,17.81619644165039,17.833211632369373,17.535425509628954,17.833211632369373,3900
2023-06-23,17.253803253173828,17.83321230648339,17.229130008589134,17.680065847347503,10000
2023-06-26,17.22062110900879,17.526917264146228,17.22062110900879,17.526917264146228,1900
2023-06-27,17.205307006835938,17.832361837538365,17.205307006835938,17.722606145600224,1400
2023-06-28,17.288684844970703,17.68857180872679,17.075129211885002,17.203602408672868,4300
2023-06-29,17.30570411682129,17.654540694698753,17.28868730258026,17.30570411682129,3800
2023-06-30,17.25550651550293,17.663049986966225,17.144048486295247,17.399295844263694,5500
2023-07-03,17.526918411254883,17.526918411254883,17.526918411254883,17.526918411254883,400
2023-07-05,17.488630294799805,17.488630294799805,17.488630294799805,17.488630294799805,300
2023-07-06,17.467361450195312,17.467361450195312,17.21211409268908,17.407802597474895,2200
2023-07-07,17.475868225097656,17.569457453575133,17.305703335990632,17.305703335990632,3500
2023-07-10,17.449491500854492,17.730262413404883,17.433325042276756,17.633268530376103,9700
2023-07-11,17.501388549804688,17.782159428359382,17.501388549804688,17.6545365968004,3500
2023-07-12,17.697080612182617,17.867245504204877,17.532873065509435,17.532873065509435,7400
2023-07-13,18.100372314453125,18.29095545304032,17.798331145174128,17.82470672207687,12800
2023-07-14,18.46282196044922,18.709559281576627,18.250116645802628,18.250116645802628,9500
2023-07-17,18.139507293701172,18.718065955615675,18.139507293701172,18.488343847594454,6600
2023-07-18,18.71806526184082,18.71806526184082,18.220335669055533,18.220335669055533,11500
2023-07-19,18.93077278137207,18.93077278137207,18.760607882526774,18.927369743045205,5400
2023-07-20,19.0695858001709,19.353286814046722,18.65314391457716,19.112966197499176,6900
2023-07-21,18.436246871948242,18.913419658481487,18.436246871948242,18.653143893971162,5200
2023-07-24,18.461406707763672,18.496978137796546,18.08921232408465,18.496978137796546,6100
2023-07-25,18.327800750732422,18.453601437059408,17.846289034289466,18.453601437059408,8900
2023-07-26,18.427568435668945,18.75725279366233,17.959071788510897,18.04582926238972,7200
2023-07-27,18.809310913085938,19.347214626713548,18.479626497178536,18.51433081666059,3900
2023-07-28,19.000181198120117,19.000181198120117,18.523008351316225,18.523008351316225,3100
2023-07-31,18.661819458007812,19.060909173206937,18.661819458007812,19.026206511134056,6800
2023-08-01,18.783283233642578,18.783283233642578,18.748580567918626,18.757256648047886,1000
2023-08-02,18.56551742553711,18.657480888068463,18.53168187440927,18.657480888068463,5300
2023-08-03,18.46574592590332,18.566385472861935,18.392868841402976,18.566385472861935,8000
2023-08-04,18.643600463867188,18.644467575363787,18.392867893536785,18.392867893536785,1800
2023-08-07,18.77634048461914,18.77634048461914,18.35382553387232,18.418893643826244,1400
2023-08-08,18.488304138183594,18.65314636005641,18.314787490500834,18.444925389961195,8700
2023-08-09,18.566383361816406,19.390592645609065,18.523004622582196,19.390592645609065,4600
2023-08-10,18.57940101623535,18.913420997581998,18.5230073231746,18.913420997581998,1300
2023-08-11,18.392868041992188,18.913419568537314,18.332135486088507,18.47962552655441,14900
2023-08-14,18.471818923950195,18.471818923950195,18.436247493419103,18.436247493419103,1100
2023-08-15,18.895200729370117,19.260456565458718,18.436247204966552,18.63318908231862,4900
2023-08-16,18.456199645996094,18.58286741113305,18.349485371727656,18.436244500334837,2500
2023-08-17,18.314783096313477,18.43364189699319,18.314783096313477,18.314783096313477,4300
2023-08-18,17.993778228759766,18.353828109239043,17.950399482703677,18.353828109239043,5400
2023-08-21,18.358163833618164,18.48656749301163,18.280080773212983,18.332135595218784,11000
2023-08-22,18.479625701904297,18.479625701904297,18.219349936162025,18.219349936162025,4500
2023-08-23,18.457937240600586,18.54643226295873,18.392869123353407,18.54643226295873,3200
2023-08-24,18.392868041992188,18.65314380526475,18.392868041992188,18.65314380526475,4700
2023-08-25,18.809310913085938,18.809310913085938,18.39286900805946,18.44492383248951,6900
2023-08-28,18.566383361816406,18.826660761600166,18.566383361816406,18.65314249507766,9000
2023-08-29,18.817983627319336,18.854422163382566,18.53167966197059,18.53167966197059,2800
2023-08-30,18.67917251586914,18.870041303442857,18.6531442769665,18.6531442769665,4700
2023-08-31,18.922094345092773,18.939446502727634,18.731225575487812,18.81798470886928,2300
2023-09-01,18.870040893554688,19.03488309343811,18.870040893554688,19.03488309343811,700
2023-09-05,18.696523666381836,19.40794732783283,18.696523666381836,18.887394115343852,3600
2023-09-06,19.008853912353516,19.069584810668882,18.739902082045656,19.069584810668882,4100
2023-09-07,19.008853912353516,19.008853912353516,19.008853912353516,19.008853912353516,0
2023-09-08,18.870040893554688,19.407946235640775,18.661819951235444,19.000178775655094,23000
2023-09-11,18.878719329833984,19.09561637867657,18.661822280991398,19.017533308709787,11400
2023-09-12,18.566383361816406,18.887391658445193,18.566383361816406,18.887391658445193,10600
2023-09-13,18.479625701904297,18.887393164304942,18.4188948002173,18.887393164304942,3800
2023-09-14,18.566383361816406,18.69652123431187,18.479624228555153,18.523004622582196,2600
2023-09-15,18.826663970947266,18.826663970947266,18.479627378743558,18.784150681115754,1500
2023-09-18,18.76940155029297,18.817986271871707,18.67917230884875,18.67917230884875,1800
2023-09-19,18.508258819580078,18.601091059406176,18.29743486517225,18.479627588836728,8700
2023-09-20,18.68004035949707,18.73990415296421,18.68004035949707,18.73990415296421,3300
2023-09-21,18.392868041992188,18.562047453598648,18.297432823222206,18.332135486088507,2700
2023-09-22,17.828935623168945,18.641865949007844,17.78555687806649,18.399809440325214,7300
2023-09-25,18.002452850341797,18.01980500927557,17.85496280899065,17.85496280899065,900
2023-09-26,17.351762771606445,18.2080718407582,17.126189657000396,17.95907513052989,12000
2023-09-27,17.14354133605957,17.586878584433624,17.14354133605957,17.35176228490325,4700
2023-09-28,17.529617309570312,17.736104029779824,17.152216953389622,17.736104029779824,1600
2023-09-29,17.52528190612793,17.664095882609516,17.377791849267105,17.664095882609516,1100
2023-10-02,17.542633056640625,17.56866129873467,16.935322300918305,17.40381907505877,3800
2023-10-03,17.013402938842773,17.533954467919447,16.601298265996277,16.943995957979688,3100
2023-10-04,17.022077560424805,17.525278542283207,17.022077560424805,17.134863274120303,8200
2023-10-05,17.134862899780273,17.51660208088951,17.02207718854877,17.02207718854877,1400
2023-10-06,17.0394287109375,17.308382196917194,17.0394287109375,17.308382196917194,1000
2023-10-09,16.871984481811523,17.039428001486193,16.57093133617648,17.039428001486193,9700
2023-10-10,16.943994522094727,17.17824202841121,16.83988323222632,16.83988323222632,3000
2023-10-11,17.317928314208984,17.351763869843168,16.961348520854433,17.351763869843168,2600
2023-10-12,17.295368194580078,17.295368194580078,16.89193959839259,16.89193959839259,2900
2023-10-13,17.14354133605957,17.68144504020749,17.117513096906734,17.68144504020749,2100
2023-10-16,17.369112014770508,17.369112014770508,17.17737448585518,17.178241597267746,1300
2023-10-17,17.351762771606445,17.43852191642309,17.351762771606445,17.41249367654018,500
2023-10-18,17.16956901550293,17.568658740745168,17.16956901550293,17.351761719254487,1400
2023-10-19,17.44719696044922,17.56865876310484,17.44719696044922,17.56865876310484,1100
2023-10-20,16.578384399414062,17.212263912335455,16.578384399414062,16.933001894871932,7100
2023-10-23,16.560649871826172,17.00392207742773,16.525187283722396,16.525187283722396,4200
2023-10-24,16.60498046875,16.879810520783646,16.125359500566752,16.35674905523533,8000
2023-10-25,16.463130950927734,16.84434535315634,16.463130950927734,16.613843582251846,3600
2023-10-26,16.546466827392578,17.101444910877547,16.546466827392578,16.62271004978789,8200
2023-10-27,16.772537231445312,16.82306956837069,16.772537231445312,16.80267840751595,1300
2023-10-30,16.50745964050293,16.50745964050293,16.50745964050293,16.50745964050293,700
2023-10-31,16.667037963867188,17.94366267360733,16.53405661077855,17.296485515212886,6900
2023-11-01,16.71136474609375,17.500388837511633,16.58724736191883,17.500388837511633,2200
2023-11-02,17.046480178833008,17.464929339281685,16.826616143505934,17.065983591921842,6900
2023-11-03,18.153772354125977,18.174163514842103,17.553581645272548,17.943661725886255,9000
2023-11-06,16.933002471923828,18.21760509051405,16.92413682286655,18.21760509051405,5100
2023-11-07,16.622711181640625,17.030520884307723,16.578384628202766,16.93300212855451,6900
2023-11-08,16.356746673583984,17.057115948100105,15.87801183274179,16.578382798207347,27200
2023-11-09,16.50745964050293,16.844345812739963,16.35674700506675,16.392207906431427,5700
2023-11-10,16.03759002685547,16.846119186824023,15.55885518858543,16.534054469878548,13200
2023-11-13,14.282233238220215,16.613844660150033,13.803498369677856,16.206034978902423,70300
2023-11-14,14.415214538574219,15.514529574050112,14.273367546316008,14.326559745675455,32600
2023-11-15,14.636852264404297,15.20424029503593,14.53933181253334,14.53933181253334,15500
2023-11-16,13.8921537399292,14.942708601604668,13.812364591857685,14.942708601604668,22500
2023-11-17,14.184712409973145,14.627984672784805,13.803497993403198,13.892152784155428,9300
2023-11-20,14.450675964355469,14.885084296192353,14.18471326697944,14.18471326697944,18700
2023-11-21,14.029566764831543,14.835435234293204,13.82122910841428,14.397482704319314,27100
2023-11-22,13.9630765914917,14.184712727864584,13.741440455118816,13.9630765914917,27400
2023-11-24,14.40634822845459,15.071256608229417,14.113788608991644,14.40634822845459,34000
2023-11-27,14.113788604736328,15.514528856734996,14.113788604736328,15.514528856734996,31900
2023-11-28,13.9630765914917,14.947141578091154,13.9630765914917,14.2024440246023,10600
2023-11-29,14.273367881774902,14.379752282994087,14.14038568930135,14.166981789606147,14600
2023-11-30,14.645716667175293,15.07125765392892,14.307942726875426,14.362022676006209,6800
2023-12-01,14.753874778747559,15.053526259059252,14.424080431606097,14.849621415598333,6000
2023-12-04,15.071257591247559,15.292893732295317,14.760966655590785,14.760966655590785,27800
2023-12-05,14.557062149047852,15.328356681788367,14.548196500286513,15.159912737222122,12700
2023-12-06,14.627985000610352,14.912565042167747,14.450675415132235,14.734371090087128,6800
2023-12-07,14.938275337219238,15.230834957989549,14.583657871277868,14.583657871277868,5400
2023-12-08,14.920544624328613,15.292893400857027,14.849621128368417,14.863806503940266,4300
2023-12-11,15.000333786010742,15.195372977389598,15.000333786010742,15.151046426469254,10400
2023-12-12,14.67231273651123,15.071258490582998,14.364681646159141,14.947142785293854,13100
2023-12-13,14.384185791015625,14.885083939726277,14.007404184789642,14.716640000248885,23800
2023-12-14,14.973735809326172,14.973735809326172,14.450674427942836,14.450674427942836,23600
2023-12-15,14.654582023620605,15.275162194193966,14.62798507837264,14.920544712302112,20900
2023-12-18,15.124449729919434,15.996810605621167,14.67231180111296,14.67231180111296,34300
2023-12-19,15.186507225036621,15.60318424101288,15.071257178863101,15.071257178863101,30300
2023-12-20,15.479066848754883,16.023405480113446,15.124449371127819,15.319490252034841,30200
2023-12-21,15.3726806640625,15.603182420464567,15.292891529502194,15.55885418407033,17000
2023-12-22,15.780491828918457,15.780491828918457,15.204238227308137,15.363816511958575,19100
2023-12-26,16.04645538330078,17.642234766655807,15.753895773320712,15.753895773320712,26900
2023-12-27,16.489727020263672,16.755689677465774,15.966665662276782,16.135109580344423,15800
2023-12-28,16.622711181640625,16.844347330729168,16.489729830377424,16.489729830377424,18100
2023-12-29,16.44540023803711,16.62270981915455,15.95780142638837,16.62270981915455,7500
2024-01-02,16.534053802490234,16.844344700960967,16.356745925470786,16.356745925470786,20300
2024-01-03,16.51189422607422,16.62271230812841,16.374479195585117,16.62271230812841,8600
2024-01-04,16.489727020263672,16.83547881281627,16.44539878343043,16.578381802980818,6100
2024-01-05,16.658172607421875,16.83548049967246,16.445400431201964,16.525189574547056,7100
2024-01-08,16.764556884765625,16.804451456153043,16.57838334559067,16.658172488365505,10500
2024-01-09,16.977327346801758,17.021655587703023,16.667036424290863,16.667036424290863,4900
2024-01-10,16.809772491455078,17.110310041076346,16.809772491455078,17.02165693416011,4400
2024-01-11,17.06598472595215,17.183894651828187,16.817751612105482,16.817751612105482,3700
2024-01-12,17.110309600830078,17.154637844097262,16.94186734926352,16.94186734926352,6900
2024-01-16,17.218467712402344,17.425918458318872,17.119173472361226,17.119173472361226,12600
2024-01-17,16.85321044921875,17.22555919142001,16.640439980953655,17.20782789632724,16100
2024-01-18,16.64044189453125,16.9330015334075,16.64044189453125,16.9330015334075,6200
2024-01-19,16.63136863708496,16.885421809895714,16.449901837849332,16.885421809895714,8400
2024-01-22,15.841989517211914,16.631367804600142,15.81477071010597,16.350095837400104,28900
2024-01-23,15.814772605895996,16.33195077005233,15.651452821300149,15.651452821300149,16100
2024-01-24,14.925586700439453,15.882818878268244,14.834853308677792,15.814770132393628,33800
2024-01-25,15.105239868164062,15.41554606242983,15.0163201300205,15.225007474827288,14700
2024-01-26,15.20685863494873,15.438227139534185,15.039002985324165,15.107051731098473,5900
2024-01-29,15.451838493347168,15.451838493347168,15.270371707505518,15.379252125129613,13000
2024-01-30,16.150482177734375,16.241215573684798,15.464541580883282,15.560717699949997,5300
2024-01-31,16.195850372314453,16.540635213650923,16.195850372314453,16.449901814163752,9100
2024-02-01,15.896430969238281,16.30382182876157,15.569791431463536,16.29565514807896,16600
2024-02-02,15.9236478805542,16.331947254146012,15.851061517537367,15.851061517537367,5200
2024-02-05,16.331951141357422,16.712123238338894,16.014385078600753,16.014385078600753,1900
2024-02-06,16.247568130493164,16.247568130493164,16.204924521335773,16.204924521335773,1900
2024-02-07,15.560717582702637,16.331948846576765,15.533498775539508,16.25936247648247,14400
2024-02-08,15.52442455291748,16.050676144681013,15.271278235947683,15.964478644351969,10200
2024-02-09,15.560717582702637,15.996235803268412,15.197785732231155,15.969016996105283,10800
2024-02-12,15.4246187210083,15.787550580089373,15.283981868478804,15.43369223380978,18900
2024-02-13,14.744120597839355,15.352032100943324,14.520917032199996,15.27309444450209,31800
2024-02-14,14.83938980102539,15.01631897030508,14.653387119142183,14.771341052392359,8000
2024-02-15,13.673470497131348,15.60608545091497,13.219805242518651,15.034466260969435,65400
2024-02-16,13.473858833312988,13.80049751543471,13.228879172748323,13.609958067872581,44000
2024-02-20,11.985836029052734,13.646250787219275,11.77714956254062,13.646250787219275,96000
2024-02-21,12.03120231628418,12.067495500702774,11.114798328092439,12.038460433989236,71700
2024-02-22,13.501077651977539,14.290455066077516,12.947606370449355,13.374051073216318,45200
2024-02-23,13.156292915344238,13.446638413132389,12.974826979226643,13.446638413132389,30900
2024-02-26,13.410344123840332,13.455710820465933,13.083705465671985,13.083705465671985,13900
2024-02-27,14.072696685791016,14.33582250409043,13.297836332424934,13.297836332424934,25300
2024-02-28,14.172502517700195,14.325841076826455,13.904839946981294,14.245088889559781,20700
2024-02-29,14.158891677856445,14.335821709269112,13.768740161159556,14.163428434077055,9100
2024-03-01,13.809571266174316,14.063623578863947,13.228879400443033,13.619031815332633,17300
2024-03-04,13.854937553405762,14.968231458589363,13.773277667582494,13.773277667582494,69300
2024-03-05,14.22694206237793,14.526361048588374,13.880341850140521,14.24508822184335,31900
2024-03-06,14.328563690185547,14.653387842812737,14.199722573805559,14.33582267368641,26000
2024-03-07,13.637177467346191,14.635240519730548,13.428491863180506,14.635240519730548,38000
2024-03-08,13.945669174194336,14.335821551906337,13.59180998055105,14.00010938294629,50100
2024-03-11,13.655324935913086,14.381189548194103,13.619031748563927,13.836790872658879,8700
2024-03-12,13.641714096069336,14.054549409399899,13.573664480795756,14.027329736350028,8300
2024-03-13,13.52829647064209,13.755129076428302,13.519222958739189,13.700689735606336,7900
2024-03-14,13.310538291931152,13.746056509642036,13.228878409785917,13.528297400786595,9100
2024-03-15,13.564590454101562,13.736983729247621,13.428491228710694,13.428491228710694,9300
2024-03-18,12.702627182006836,12.974826508966544,12.339695322925763,12.974826508966544,44400
2024-03-19,12.929458618164062,13.156291225500274,12.611892621774276,12.611892621774276,9800
2024-03-20,13.247025489807129,13.437564927170717,12.770676463749266,13.14721858219424,23100
2024-03-21,13.110925674438477,13.455711371495616,12.974826444285991,13.156292372921905,29700
2024-03-22,13.374958992004395,13.419417992452615,13.065558787736814,13.265171739009661,30100
2024-03-25,13.473858833312988,13.709764115529762,13.310539059603212,13.310539059603212,51400
2024-03-26,13.50016975402832,13.70069039638394,13.473857779657703,13.691616884043428,11100
2024-03-27,13.519224166870117,13.519224166870117,13.437565148339797,13.437565148339797,6400
2024-03-28,13.96381664276123,13.96381664276123,13.700690833574335,13.700690833574335,19600
2024-04-01,14.426553726196289,14.59894699527497,13.80956961213495,13.80956961213495,20300
2024-04-02,14.363040924072266,14.517287169471722,14.263234886289336,14.263234886289336,11100
2024-04-03,14.29045581817627,14.580801310285183,14.29045581817627,14.499141424305096,16700
2024-04-04,14.344895362854004,14.735046883389709,14.226942295850908,14.226942295850908,1900
2024-04-05,14.60802173614502,14.617095249027692,14.290455707634028,14.617095249027692,11700
2024-04-08,14.725973129272461,14.789485985348406,14.381188311747813,14.734139809594597,19400
2024-04-09,14.426553726196289,14.90743948495451,14.426553726196289,14.725972703756375,19100
2024-04-10,14.589875221252441,14.925588287283961,14.426555444836875,14.535435872645817,7500
2024-04-11,14.598947525024414,14.803097228631389,14.590780844641916,14.598947525024414,7200
2024-04-12,14.816707611083984,14.82578112413226,14.58080146361581,14.698755402647727,12000
2024-04-15,14.571727752685547,14.825780922800266,14.508214892805777,14.825780922800266,17500
2024-04-16,14.60802173614502,14.771341506841852,14.381189105865115,14.471921638798388,5700
2024-04-17,14.64431381225586,14.744120721701043,14.608021491927538,14.608021491927538,8000
2024-04-18,14.762267112731934,14.789485919159505,14.608020864125436,14.653386695235072,9400
2024-04-19,14.780906677246094,14.948660893289219,14.659751595204618,14.948660893289219,7900
2024-04-22,14.70634937286377,15.144371441889716,14.608493860934209,14.724989025871823,10600
2024-04-23,15.097773551940918,15.321444047386144,14.55723518810031,14.724988504078,11600
2024-04-24,16.495716094970703,16.77530378027862,15.843342459152028,16.216126632087633,43200
2024-04-25,16.40251922607422,16.58891041942187,16.21612625515146,16.58891041942187,11900
2024-04-26,16.952377319335938,17.241284837816124,16.565612508927213,16.58891118697679,21600
2024-04-29,18.359638214111328,18.40623556780992,17.696081871919805,17.697944770625693,69300
2024-04-30,17.940256118774414,18.639227136389,17.72590543332399,18.44351610469302,26200
2024-05-01,17.940256118774414,18.257123122299042,17.72590543332399,18.257123122299042,10800
2024-05-02,18.816299438476562,18.862896793173984,18.12664827901891,18.21052493953438,42800
2024-05-03,19.09588623046875,19.09588623046875,18.452832455724472,19.08656640444926,16100
2024-05-06,18.844257354736328,19.012010677676514,18.64854632968955,19.012010677676514,4700
2024-05-07,18.443513870239258,18.7790187092963,18.080047776362875,18.7790187092963,7800
2024-05-08,18.527389526367188,18.87221598325601,18.173245020913196,18.173245020913196,8000
2024-05-09,18.396915435791016,18.732422065084947,17.93932317301185,18.732422065084947,8000
2024-05-10,18.210525512695312,18.3875968881788,18.210525512695312,18.359639185510456,1500
2024-05-13,18.56932830810547,18.732422603174946,18.35963843634848,18.639226117074546,16500
2024-05-14,18.406234741210938,18.63922505439082,18.17324442803105,18.63922505439082,3200
2024-05-15,18.368955612182617,18.40623491588118,17.72590362155776,17.916955609075295,14900
2024-05-16,17.986852645874023,18.12664826500852,17.725904615649927,17.968214770554543,9300
2024-05-17,18.163925170898438,18.173244997026437,17.800460839781934,17.800460839781934,14400
2024-05-20,18.261781692504883,18.35963898349291,18.052091814498823,18.17324600573733,6200
2024-05-21,18.592628479003906,18.639225832555255,18.30838000064542,18.434194988324183,16100
2024-05-22,18.56001091003418,18.639226770573025,18.406236435940862,18.592629414676665,7500
2024-05-23,18.396915435791016,18.639225581661623,18.313038778467533,18.44351456629021,4400
2024-05-24,18.872217178344727,18.872217178344727,18.173246171739365,18.639226842809606,11300
2024-05-28,18.406234741210938,18.73242153517778,18.406234741210938,18.73242153517778,11700
2024-05-29,18.546030044555664,18.63922653273437,18.40623620107519,18.43419568080135,11000
2024-05-30,18.266441345214844,18.330746900718395,18.17324486220136,18.237550417704913,8600
2024-05-31,18.080047607421875,18.359637044527748,18.05208990801378,18.29905906651856,5100
2024-06-03,18.070728302001953,18.437921977802702,17.9402542941413,17.9402542941413,4500
2024-06-04,17.68862533569336,17.89924843649975,17.53019184100801,17.89365796268331,16400
2024-06-05,18.474267959594727,18.546028663548956,17.707263887548507,17.707263887548507,23000
2024-06-06,18.233823776245117,18.546029966111806,18.163925966012943,18.546029966111806,10800
2024-06-07,18.63922691345215,18.63922691345215,18.219843596869396,18.3130400869517,5200
2024-06-10,18.583309173583984,18.60474317468526,18.173245696054533,18.378276546031685,10900
2024-06-11,17.940256118774414,18.42021564871236,17.753863136380435,18.42021564871236,4600
2024-06-12,17.949575424194336,18.33633845169935,17.870357786826936,18.070729614928087,17700
2024-06-13,17.29720115661621,18.266441757724607,17.29720115661621,18.266441757724607,10900
2024-06-14,17.427677154541016,17.427677154541016,17.427677154541016,17.427677154541016,2300
2024-06-17,16.284160614013672,17.474275681255214,15.843343284338061,17.427678323801963,63500
2024-06-18,16.00177574157715,16.532993403127286,16.00177574157715,16.29068324955483,20400
2024-06-20,16.57027244567871,16.588910320599872,16.216126158550175,16.216126158550175,7400
2024-06-21,17.036252975463867,17.287881172132344,16.425817692223017,16.588910206505833,7700
2024-06-24,17.761320114135742,18.163926681937223,17.03625429026579,17.03625429026579,21500
2024-06-25,17.88433837890625,17.962622789150096,17.48359472352447,17.614068740597546,23300
2024-06-26,17.873153686523438,18.396916203186795,17.492914364694347,18.396916203186795,5100
2024-06-27,17.548830032348633,17.716583339523314,17.334479374325426,17.520870555294522,9800
2024-06-28,17.48359489440918,17.69794557528863,17.148088244284693,17.427677711913493,9000
2024-07-01,17.548830032348633,18.294398311374998,17.520870555294522,17.520870555294522,1800
2024-07-02,17.390398025512695,17.893657989711684,17.343800670712852,17.70912969168708,5600
2024-07-03,17.259923934936523,17.614068451570258,17.259923934936523,17.544172419674524,4200
2024-07-05,17.054889678955078,17.474272940558468,17.036251805442124,17.138766331275757,12200
2024-07-08,16.775304794311523,17.2412854830424,16.775304794311523,17.01761496576061,5200
2024-07-09,17.269245147705078,17.567472507248183,17.225442137704235,17.567472507248183,4700
2024-07-10,17.548830032348633,17.614067034566567,17.14808641578134,17.269242372107495,3600
2024-07-11,17.64202880859375,17.93093633213504,17.44631599888336,17.44631599888336,5500
2024-07-12,17.33448028564453,17.89365741309921,17.148087317301275,17.884337586924538,7400
2024-07-15,17.41742515563965,17.88433906441622,17.381079074858306,17.42767820958139,5600
2024-07-16,17.44631576538086,17.502234726021246,17.334481399250485,17.409038235862468,12700
2024-07-17,17.940256118774414,17.940256118774414,17.614069288372562,17.614069288372562,8400
2024-07-18,18.247800827026367,18.26644047825941,17.94025369198112,17.94025369198112,5000
2024-07-19,18.148080825805664,18.173244177458944,17.61406707802213,18.154604526043553,4300
2024-07-22,17.765928268432617,18.583606777605016,17.765928268432617,18.345355408661362,7900
2024-07-23,18.154752731323242,18.202404093495787,17.630600471420507,18.202404093495787,3300
2024-07-24,17.20174789428711,17.935562537655112,17.20174789428711,17.697311171708126,13400
2024-07-25,17.516239166259766,18.24052351791102,17.516239166259766,17.516239166259766,4900
2024-07-26,18.00227165222168,18.00227165222168,17.63060012318504,17.63060012318504,1100
2024-07-29,18.10710334777832,18.278644617696717,17.926031805340724,18.01180244029992,10800
2024-07-30,18.00227165222168,18.07184100367723,17.954622108703905,18.07184100367723,1800
2024-07-31,17.592479705810547,19.060108968919927,17.154098072027935,19.060108968919927,19000
2024-08-01,17.05879783630371,18.202405146619125,17.05879783630371,18.202405146619125,6800
2024-08-02,17.154098510742188,17.535300336327055,16.982557234800574,17.154098510742188,5200
2024-08-05,16.77289581298828,17.154097618751145,16.563233456533514,17.154097618751145,6900
2024-08-06,17.011146545410156,17.630599684288395,16.54417412324922,17.15409699011844,6900
2024-08-07,16.629945755004883,17.392349384500264,16.629945755004883,17.106448477867904,5500
2024-08-08,16.68712615966797,16.966356067084064,16.629946339873236,16.966356067084064,8300
2024-08-09,16.681406021118164,16.915845622659877,16.46602696357154,16.78242545012131,3800
2024-08-12,7.090360641479492,13.818579100906883,6.671038186644702,13.246775464223177,297900
2024-08-13,6.680568218231201,7.252371379850992,6.528087041885099,6.947409481587185,203700
2024-08-14,6.4232563972473145,7.557332916510742,6.308895854404381,6.575737575466294,108700
2024-08-15,4.059803485870361,6.432786867905369,3.630950755352954,6.213595593488494,363700
2024-08-16,6.871169090270996,7.338141526295047,5.359702532211488,5.3654206047009785,473300
2024-08-19,6.2612457275390625,6.690097981654338,5.822863201167344,6.566207168890941,95800
2024-08-20,6.489966869354248,6.590032456842397,5.5560215376076645,6.1278246999277695,76000
2024-08-21,7.681224346160889,8.815300434608059,5.718032714340362,6.385136349242039,175100
2024-08-22,9.835016250610352,10.883322640857452,7.624043830577166,7.995716294506268,139100
2024-08-23,9.225092887878418,9.673004787283624,8.577048902210553,9.54911488071235,43500
2024-08-26,8.977311134338379,9.167912036678057,8.481747879398423,8.901070773402507,47500
2024-08-27,9.044021606445312,9.053551879180615,8.195847327853606,8.195847327853606,8700
2024-08-28,8.958250999450684,10.044677555768134,8.577049177334123,9.053551909408242,41400
2024-08-29,9.186972618103027,9.410928565641234,8.372152507662227,8.577048819318593,30800
2024-08-30,8.60563850402832,9.086906339895856,8.386447698368508,8.891540305683668,22600
2024-09-03,9.005901336669922,9.005901336669922,7.8622949764169965,8.500808701755771,24700
2024-09-04,8.557988166809082,8.834360608898177,8.395978082854846,8.4626881708864,56300
2024-09-05,8.529398918151855,8.81530074573071,7.766994347560531,7.766994347560531,34000
2024-09-06,8.491278648376465,8.796240109956857,7.93853554483358,8.671396807000859,29800
2024-09-09,9.148852348327637,9.530054150817627,8.700939548759306,8.700939548759306,22600
2024-09-10,9.439518928527832,9.568174885139697,8.51033914033032,9.005901512264293,19700
2024-09-11,8.538928985595703,9.434753720998579,8.529398712839214,9.387104174929796,26600
2024-09-12,8.319737434387207,8.577049351173708,7.967125514568443,8.434098892196886,17600
2024-09-13,8.195847511291504,8.386448425979408,8.052896143632937,8.386448425979408,20600
2024-09-16,8.262557029724121,8.349280144498799,7.766993777135135,8.338797390298305,24100
2024-09-17,8.319737434387207,8.386448436252328,7.862295238575898,8.06242642645756,11400
2024-09-18,8.22443675994873,8.329267027383402,7.87849587767186,8.100545948149513,5900
2024-09-19,9.044021606445312,9.044021606445312,8.033836326780774,8.281617055900842,31200
2024-09-20,8.596109390258789,8.929660744490455,8.529398392327016,8.729529568408736,8000
2024-09-23,8.56751823425293,8.62469895752507,7.957595366586189,8.62469895752507,6800
2024-09-24,8.357857704162598,9.053551202412525,7.967124730934587,9.053551202412525,14100
2024-09-25,7.709814071655273,8.310207601426379,7.538272803475872,8.033836063168899,15300
2024-09-26,7.604983329772949,7.642150574165006,7.290491611400463,7.5287429682800315,14300
2024-09-27,8.124370574951172,8.124370574951172,7.16660050469371,7.6049830198406125,24700
2024-09-30,7.776524066925049,8.666631142046114,7.624043345433466,8.138666234895954,9200
2024-10-01,7.509683132171631,7.814644588468767,7.509683132171631,7.814644588468767,10300
2024-10-02,8.091015815734863,8.239684792462096,7.481092472813364,7.481092472813364,20300
2024-10-03,8.31020736694336,8.577048625248986,7.7193441262667974,7.795584485782691,10500
2024-10-04,7.51921272277832,8.195847069519546,7.385792089688418,8.195847069519546,9700
2024-10-07,6.785398483276367,7.519212638708946,6.003934329487207,7.5096828208089885,39600
2024-10-08,6.489966869354248,6.632917773541374,5.746622894666631,5.908633434688416,17100
2024-10-09,5.813333034515381,6.305084094713819,5.4893114971928645,6.051584392113785,34800
2024-10-10,5.622732162475586,5.718032615176175,5.384480803509912,5.441661075130265,21800
2024-10-11,5.131934642791748,5.57508187462903,4.974688323126164,5.261543080545766,45800
2024-10-14,7.633573532104492,8.096734218310493,6.301271743404362,6.432786500543987,133400
2024-10-15,6.928349494934082,7.547803118628881,6.693910336037642,7.481092574578289,47000
2024-10-16,8.243496894836426,8.958250992383752,7.6335739799310804,7.709814344294249,39400
2024-10-17,8.596109390258789,8.805769929882077,7.728873688000136,8.446487021946178,18500
2024-10-18,8.795287132263184,9.434753320023,8.46268826159449,8.46268826159449,34300
2024-10-21,9.094531059265137,9.221280229287197,8.791475484216049,9.221280229287197,25500
2024-10-22,8.996371269226074,9.196502454999399,8.777180446589826,8.777180446589826,9600
2024-10-23,8.4817476272583,9.158381492092202,8.20537609986737,8.910600780844888,24200
2024-10-24,8.577049255371094,8.862951078988164,8.22443733949088,8.739060258458872,20100
2024-10-25,8.719999313354492,9.148852483566026,8.577048862521849,8.948721307086243,39200
2024-10-28,8.59000015258789,9.149999618530273,8.5600004196167,8.605999946594238,28800
2024-10-29,9.34000015258789,9.5,8.899999618530273,8.899999618530273,38600
2024-10-30,9.180000305175781,9.5,9.0,9.0,12100
2024-10-31,9.020000457763672,9.600000381469727,8.84000015258789,9.5,25800
2024-11-01,8.75,9.399999618530273,8.75,9.149999618530273,31200
2024-11-04,7.90500020980835,8.595000267028809,7.820000171661377,8.149999618530273,34700
2024-11-05,7.929999828338623,8.324000358581543,7.760000228881836,7.769999980926514,10300
2024-11-06,7.980000019073486,8.177000045776367,7.829999923706055,7.829999923706055,9900
2024-11-07,7.849999904632568,8.184000015258789,7.829999923706055,8.079999923706055,9700
2024-11-08,8.149999618530273,8.199999809265137,8.019000053405762,8.039999961853027,13000
2024-11-11,7.670000076293945,8.029999732971191,7.670000076293945,8.029999732971191,25700
2024-11-12,7.400000095367432,7.75,7.400000095367432,7.6020002365112305,11600
2024-11-13,7.630000114440918,7.659999847412109,7.260000228881836,7.260000228881836,6500
2024-11-14,7.425000190734863,7.715000152587891,7.409999847412109,7.715000152587891,10900
2024-11-15,7.59499979019165,7.630000114440918,7.25,7.25,18300
2024-11-18,7.324999809265137,7.75,7.039999961853027,7.510000228881836,22500
2024-11-19,7.360000133514404,7.474999904632568,7.169000148773193,7.315000057220459,14500
2024-11-20,7.199999809265137,7.75,7.070000171661377,7.070000171661377,25200
2024-11-21,7.25,7.650000095367432,7.099999904632568,7.650000095367432,9600
2024-11-22,7.440000057220459,7.650000095367432,7.375,7.375,10500
2024-11-25,7.400000095367432,7.670000076293945,7.349999904632568,7.440000057220459,10300
2024-11-26,7.554999828338623,7.699999809265137,7.230000019073486,7.349999904632568,21100
2024-11-27,7.739999771118164,7.75,7.429999828338623,7.429999828338623,15000
2024-11-29,7.519999980926514,7.75,7.519999980926514,7.75,1400
2024-12-02,7.735000133514404,7.938000202178955,7.519999980926514,7.7270002365112305,14900
2024-12-03,7.369999885559082,7.789999961853027,7.199999809265137,7.769999980926514,20800
2024-12-04,7.131999969482422,7.849999904632568,6.949999809265137,7.210000038146973,67100
2024-12-05,7.288000106811523,8.0,7.010000228881836,7.010000228881836,14300
2024-12-06,7.396999835968018,7.400000095367432,7.019999980926514,7.050000190734863,11200
2024-12-09,7.099999904632568,7.275000095367432,7.01200008392334,7.03000020980835,9400
2024-12-10,7.199999809265137,7.25,7.0,7.099999904632568,7900
2024-12-11,7.010000228881836,7.070000171661377,7.010000228881836,7.059999942779541,4800
2024-12-12,6.789999961853027,7.03000020980835,6.78000020980835,7.03000020980835,5300
2024-12-13,6.929999828338623,7.199999809265137,6.920000076293945,7.199999809265137,2600
2024-12-16,6.869999885559082,7.099999904632568,6.869999885559082,6.909999847412109,8800
2024-12-17,6.690000057220459,6.882999897003174,6.510000228881836,6.840000152587891,18100
2024-12-18,6.619999885559082,6.88700008392334,6.619999885559082,6.75,7300
2024-12-19,6.730000019073486,6.730000019073486,6.610000133514404,6.619999885559082,3200
2024-12-20,6.449999809265137,6.849999904632568,6.449999809265137,6.619999885559082,19900
2024-12-23,6.420000076293945,6.690000057220459,6.349999904632568,6.610000133514404,26000
2024-12-24,6.510000228881836,6.626999855041504,6.349999904632568,6.395999908447266,6000
2024-12-26,6.28000020980835,6.625,6.269999980926514,6.521999835968018,16500
2024-12-27,6.078000068664551,6.409999847412109,6.010000228881836,6.28000020980835,27800
2024-12-30,5.960000038146973,6.190000057220459,5.860000133514404,5.920000076293945,14000
2024-12-31,6.090000152587891,6.090000152587891,5.650000095367432,5.849999904632568,18500
2025-01-02,6.340000152587891,6.440000057220459,6.059999942779541,6.170000076293945,3300
2025-01-03,7.0,7.150000095367432,6.3420000076293945,6.599999904632568,5700
2025-01-06,7.019999980926514,7.389999866485596,6.96999979019165,6.96999979019165,7700
2025-01-07,7.366000175476074,7.366000175476074,7.03000020980835,7.03000020980835,800
2025-01-08,7.019999980926514,7.400000095367432,7.019999980926514,7.400000095367432,3000
2025-01-10,7.079999923706055,7.550000190734863,7.079999923706055,7.099999904632568,30700
2025-01-13,6.770999908447266,7.329999923706055,6.75,7.329999923706055,10500
2025-01-14,7.400000095367432,7.5,7.25,7.320000171661377,12200
2025-01-15,7.429999828338623,7.550000190734863,7.389999866485596,7.5,6000
2025-01-16,7.739999771118164,7.739999771118164,7.5,7.679999828338623,4100
2025-01-17,7.949999809265137,8.050000190734863,7.71999979019165,7.71999979019165,17800
2025-01-21,5.849999904632568,7.079999923706055,5.630000114440918,7.079999923706055,81200
2025-01-22,4.989999771118164,5.800000190734863,4.809999942779541,5.360000133514404,47100
2025-01-23,4.829999923706055,4.989999771118164,4.380000114440918,4.900000095367432,66400
2025-01-24,5.25,5.480000019073486,4.96999979019165,4.96999979019165,13200
2025-01-27,5.139999866485596,5.400000095367432,5.139999866485596,5.400000095367432,12199
