Price,Close,High,Low,Open,Volume
Ticker,TATT,TATT,TATT,TATT,TATT
Date,,,,,
2020-01-28,5.179999828338623,5.179999828338623,5.090000152587891,5.090000152587891,1900
2020-01-29,5.329999923706055,5.340000152587891,5.260000228881836,5.260000228881836,2600
2020-01-30,5.329999923706055,5.329999923706055,5.329999923706055,5.329999923706055,0
2020-01-31,5.099999904632568,5.099999904632568,5.099999904632568,5.099999904632568,300
2020-02-03,5.28000020980835,5.300000190734863,5.260000228881836,5.300000190734863,700
2020-02-04,5.300000190734863,5.300000190734863,5.300000190734863,5.300000190734863,300
2020-02-05,5.179999828338623,5.179999828338623,5.179999828338623,5.179999828338623,800
2020-02-06,5.119999885559082,5.119999885559082,5.070000171661377,5.070000171661377,800
2020-02-07,5.119999885559082,5.119999885559082,5.119999885559082,5.119999885559082,0
2020-02-10,5.090000152587891,5.090000152587891,5.059999942779541,5.059999942779541,1300
2020-02-11,5.090000152587891,5.090000152587891,5.090000152587891,5.090000152587891,0
2020-02-12,5.099999904632568,5.139999866485596,5.059999942779541,5.139999866485596,3400
2020-02-13,5.110000133514404,5.110000133514404,5.070000171661377,5.070000171661377,1100
2020-02-14,5.230000019073486,5.239999771118164,5.139999866485596,5.239999771118164,300
2020-02-18,5.070000171661377,5.099999904632568,5.070000171661377,5.070000171661377,2900
2020-02-19,5.070000171661377,5.070000171661377,5.070000171661377,5.070000171661377,0
2020-02-20,5.070000171661377,5.070000171661377,5.070000171661377,5.070000171661377,1400
2020-02-21,5.130000114440918,5.130000114440918,5.130000114440918,5.130000114440918,100
2020-02-24,5.130000114440918,5.130000114440918,5.130000114440918,5.130000114440918,0
2020-02-25,5.0,5.010000228881836,5.0,5.010000228881836,6100
2020-02-26,5.0,5.0,5.0,5.0,800
2020-02-27,5.0,5.070000171661377,5.0,5.0,4600
2020-02-28,5.010000228881836,5.039999961853027,5.0,5.039999961853027,900
2020-03-02,4.880000114440918,5.0,4.880000114440918,5.0,1300
2020-03-03,4.889999866485596,4.889999866485596,4.889999866485596,4.889999866485596,200
2020-03-04,4.880000114440918,5.099999904632568,4.880000114440918,4.889999866485596,2500
2020-03-05,4.880000114440918,4.880000114440918,4.880000114440918,4.880000114440918,900
2020-03-06,4.860000133514404,4.900000095367432,4.860000133514404,4.880000114440918,3400
2020-03-09,4.199999809265137,4.440000057220459,4.199999809265137,4.440000057220459,1800
2020-03-10,4.170000076293945,4.170000076293945,4.170000076293945,4.170000076293945,1200
2020-03-11,4.170000076293945,4.170000076293945,4.170000076293945,4.170000076293945,0
2020-03-12,3.799999952316284,3.9700000286102295,3.6700000762939453,3.950000047683716,4600
2020-03-13,3.700000047683716,3.809999942779541,3.700000047683716,3.809999942779541,300
2020-03-16,3.200000047683716,3.5999999046325684,3.200000047683716,3.5999999046325684,12900
2020-03-17,3.200000047683716,3.2200000286102295,3.200000047683716,3.200000047683716,2500
2020-03-18,3.0,3.200000047683716,3.0,3.200000047683716,500
2020-03-19,3.4600000381469727,3.609999895095825,3.200000047683716,3.200000047683716,1000
2020-03-20,3.140000104904175,3.2899999618530273,3.140000104904175,3.25,1300
2020-03-23,3.009999990463257,3.009999990463257,3.009999990463257,3.009999990463257,300
2020-03-24,3.1500000953674316,3.1500000953674316,3.0999999046325684,3.0999999046325684,500
2020-03-25,3.130000114440918,3.2300000190734863,3.130000114440918,3.2300000190734863,2400
2020-03-26,3.2300000190734863,3.2799999713897705,3.200000047683716,3.25,4400
2020-03-27,3.2200000286102295,3.2200000286102295,3.2200000286102295,3.2200000286102295,400
2020-03-30,3.369999885559082,3.369999885559082,3.0799999237060547,3.0799999237060547,1300
2020-03-31,3.4800000190734863,3.5299999713897705,3.4600000381469727,3.4600000381469727,1200
2020-04-01,3.4800000190734863,3.4800000190734863,3.4800000190734863,3.4800000190734863,0
2020-04-02,3.4800000190734863,3.4800000190734863,3.4800000190734863,3.4800000190734863,0
2020-04-03,3.4800000190734863,3.4800000190734863,3.4800000190734863,3.4800000190734863,0
2020-04-06,3.4800000190734863,3.559999942779541,3.4800000190734863,3.559999942779541,5100
2020-04-07,3.6500000953674316,3.809999942779541,3.4700000286102295,3.5,3300
2020-04-08,3.75,3.75,3.75,3.75,1800
2020-04-09,3.4700000286102295,3.8499999046325684,3.4700000286102295,3.799999952316284,8700
2020-04-13,3.4700000286102295,3.4700000286102295,3.4700000286102295,3.4700000286102295,0
2020-04-14,3.4700000286102295,3.4700000286102295,3.4700000286102295,3.4700000286102295,0
2020-04-15,3.950000047683716,3.950000047683716,3.799999952316284,3.799999952316284,2300
2020-04-16,3.799999952316284,3.950000047683716,3.799999952316284,3.799999952316284,7200
2020-04-17,3.8299999237060547,4.340000152587891,3.8299999237060547,4.0,6500
2020-04-20,3.799999952316284,3.799999952316284,3.559999942779541,3.75,1900
2020-04-21,4.010000228881836,4.010000228881836,4.010000228881836,4.010000228881836,200
2020-04-22,3.75,4.010000228881836,3.75,4.010000228881836,4100
2020-04-23,3.549999952316284,3.5999999046325684,3.549999952316284,3.569999933242798,2300
2020-04-24,3.950000047683716,3.950000047683716,3.950000047683716,3.950000047683716,300
2020-04-27,4.010000228881836,4.150000095367432,4.0,4.150000095367432,2600
2020-04-28,4.199999809265137,4.199999809265137,4.0,4.010000228881836,2900
2020-04-29,4.090000152587891,4.090000152587891,3.7799999713897705,3.990000009536743,800
2020-04-30,4.0,4.0,4.0,4.0,1200
2020-05-01,3.9700000286102295,3.9700000286102295,3.9700000286102295,3.9700000286102295,500
2020-05-04,3.819999933242798,4.010000228881836,3.759999990463257,4.010000228881836,900
2020-05-05,3.819999933242798,3.819999933242798,3.819999933242798,3.819999933242798,0
2020-05-06,3.859999895095825,3.859999895095825,3.859999895095825,3.859999895095825,300
2020-05-07,3.809999942779541,3.869999885559082,3.809999942779541,3.869999885559082,1400
2020-05-08,3.940000057220459,3.940000057220459,3.7799999713897705,3.819999933242798,5500
2020-05-11,3.880000114440918,3.880000114440918,3.799999952316284,3.8399999141693115,1400
2020-05-12,3.7799999713897705,3.7799999713897705,3.7799999713897705,3.7799999713897705,200
2020-05-13,3.7799999713897705,3.9600000381469727,3.7799999713897705,3.9600000381469727,1700
2020-05-14,3.7799999713897705,3.7799999713897705,3.7699999809265137,3.7699999809265137,3100
2020-05-15,3.890000104904175,3.930000066757202,3.6700000762939453,3.6700000762939453,1200
2020-05-18,3.6500000953674316,3.7799999713897705,3.6500000953674316,3.700000047683716,900
2020-05-19,3.7300000190734863,3.7300000190734863,3.5899999141693115,3.5899999141693115,600
2020-05-20,3.759999990463257,3.759999990463257,3.759999990463257,3.759999990463257,200
2020-05-21,3.680000066757202,3.690000057220459,3.569999933242798,3.690000057220459,2600
2020-05-22,3.6500000953674316,3.6600000858306885,3.569999933242798,3.569999933242798,2200
2020-05-26,3.680000066757202,3.680000066757202,3.640000104904175,3.640000104904175,1200
2020-05-27,3.5799999237060547,3.630000114440918,3.5799999237060547,3.630000114440918,1700
2020-05-28,3.6700000762939453,3.6700000762939453,3.5999999046325684,3.609999895095825,1100
2020-05-29,3.759999990463257,3.759999990463257,3.740000009536743,3.740000009536743,1400
2020-06-01,3.7200000286102295,3.7699999809265137,3.6500000953674316,3.7699999809265137,2500
2020-06-02,3.690000057220459,3.690000057220459,3.619999885559082,3.619999885559082,700
2020-06-03,3.690000057220459,3.690000057220459,3.690000057220459,3.690000057220459,0
2020-06-04,3.7100000381469727,3.9100000858306885,3.5,3.5999999046325684,4600
2020-06-05,3.8299999237060547,3.8499999046325684,3.700000047683716,3.819999933242798,4900
2020-06-08,3.9700000286102295,3.990000009536743,3.700000047683716,3.7699999809265137,6900
2020-06-09,3.9700000286102295,3.9700000286102295,3.7200000286102295,3.9600000381469727,1600
2020-06-10,3.9000000953674316,3.9100000858306885,3.880000114440918,3.9000000953674316,1000
2020-06-11,3.9200000762939453,3.930000066757202,3.8499999046325684,3.9000000953674316,4700
2020-06-12,3.940000057220459,3.990000009536743,3.890000104904175,3.9800000190734863,2500
2020-06-15,3.7799999713897705,3.9200000762939453,3.700000047683716,3.7100000381469727,3900
2020-06-16,3.690000057220459,3.940000057220459,3.6600000858306885,3.940000057220459,700
2020-06-17,3.8499999046325684,3.950000047683716,3.8499999046325684,3.859999895095825,1000
2020-06-18,3.9800000190734863,4.0,3.809999942779541,3.809999942779541,4600
2020-06-19,3.990000009536743,3.990000009536743,3.8299999237060547,3.9100000858306885,800
2020-06-22,3.799999952316284,3.990000009536743,3.799999952316284,3.9200000762939453,1100
2020-06-23,3.859999895095825,3.9000000953674316,3.809999942779541,3.9000000953674316,1900
2020-06-24,3.7899999618530273,3.819999933242798,3.7899999618530273,3.799999952316284,2600
2020-06-25,3.940000057220459,3.940000057220459,3.75,3.75,400
2020-06-26,3.9000000953674316,3.9000000953674316,3.7799999713897705,3.799999952316284,3500
2020-06-29,3.9000000953674316,3.9000000953674316,3.7300000190734863,3.869999885559082,2900
2020-06-30,3.9600000381469727,3.9600000381469727,3.9600000381469727,3.9600000381469727,200
2020-07-01,3.7200000286102295,3.799999952316284,3.700000047683716,3.799999952316284,3900
2020-07-02,3.7300000190734863,3.799999952316284,3.7300000190734863,3.799999952316284,800
2020-07-06,3.4000000953674316,3.630000114440918,3.4000000953674316,3.630000114440918,4800
2020-07-07,3.700000047683716,3.700000047683716,3.569999933242798,3.569999933242798,1200
2020-07-08,3.859999895095825,4.21999979019165,3.700000047683716,3.700000047683716,35600
2020-07-09,3.7699999809265137,3.809999942779541,3.75,3.799999952316284,10700
2020-07-10,3.809999942779541,3.930000066757202,3.799999952316284,3.799999952316284,5000
2020-07-13,3.759999990463257,3.809999942779541,3.759999990463257,3.809999942779541,4700
2020-07-14,3.8299999237060547,3.8299999237060547,3.759999990463257,3.759999990463257,2000
2020-07-15,3.7699999809265137,3.809999942779541,3.7699999809265137,3.809999942779541,900
2020-07-16,3.809999942779541,3.8299999237060547,3.759999990463257,3.759999990463257,3900
2020-07-17,3.8299999237060547,3.8399999141693115,3.7799999713897705,3.8399999141693115,2800
2020-07-20,3.7799999713897705,3.799999952316284,3.7699999809265137,3.7699999809265137,5800
2020-07-21,3.7799999713897705,3.799999952316284,3.75,3.75,5700
2020-07-22,3.75,3.819999933242798,3.75,3.819999933242798,3400
2020-07-23,3.7300000190734863,3.8399999141693115,3.7300000190734863,3.75,6800
2020-07-24,3.7799999713897705,3.8399999141693115,3.7799999713897705,3.8399999141693115,400
2020-07-27,3.740000009536743,3.8499999046325684,3.740000009536743,3.7799999713897705,2800
2020-07-28,3.7699999809265137,3.799999952316284,3.759999990463257,3.759999990463257,1200
2020-07-29,3.799999952316284,3.809999942779541,3.799999952316284,3.809999942779541,800
2020-07-30,3.7300000190734863,3.740000009536743,3.7300000190734863,3.7300000190734863,800
2020-07-31,3.7300000190734863,3.7300000190734863,3.7300000190734863,3.7300000190734863,0
2020-08-03,3.759999990463257,3.8299999237060547,3.759999990463257,3.7899999618530273,1100
2020-08-04,3.7699999809265137,3.890000104904175,3.7699999809265137,3.890000104904175,1000
2020-08-05,3.7699999809265137,3.8299999237060547,3.7699999809265137,3.8299999237060547,2300
2020-08-06,3.7899999618530273,3.8299999237060547,3.7899999618530273,3.7899999618530273,1500
2020-08-07,3.7899999618530273,3.880000114440918,3.7899999618530273,3.880000114440918,2000
2020-08-10,3.7799999713897705,3.7799999713897705,3.7799999713897705,3.7799999713897705,2100
2020-08-11,3.680000066757202,3.7200000286102295,3.6600000858306885,3.7200000286102295,7800
2020-08-12,3.7100000381469727,3.7100000381469727,3.6500000953674316,3.680000066757202,2400
2020-08-13,3.630000114440918,3.6700000762939453,3.609999895095825,3.609999895095825,900
2020-08-14,3.680000066757202,3.680000066757202,3.6500000953674316,3.6500000953674316,1600
2020-08-17,3.880000114440918,3.880000114440918,3.75,3.75,4200
2020-08-18,3.7799999713897705,3.7799999713897705,3.690000057220459,3.7799999713897705,1000
2020-08-19,4.050000190734863,4.099999904632568,3.5999999046325684,3.5999999046325684,8200
2020-08-20,4.309999942779541,4.449999809265137,3.7699999809265137,3.8499999046325684,101500
2020-08-21,4.269999980926514,4.309999942779541,3.990000009536743,4.309999942779541,25400
2020-08-24,4.199999809265137,4.420000076293945,3.880000114440918,4.400000095367432,22500
2020-08-25,4.070000171661377,4.190000057220459,4.050000190734863,4.050000190734863,1700
2020-08-26,4.0,4.099999904632568,3.869999885559082,3.930000066757202,11800
2020-08-27,3.7699999809265137,3.940000057220459,3.75,3.940000057220459,9000
2020-08-28,3.930000066757202,4.130000114440918,3.8499999046325684,4.130000114440918,12600
2020-08-31,3.9800000190734863,4.059999942779541,3.9200000762939453,3.9200000762939453,5000
2020-09-01,3.930000066757202,3.9700000286102295,3.9000000953674316,3.9600000381469727,15500
2020-09-02,3.950000047683716,4.0,3.9000000953674316,3.9700000286102295,3500
2020-09-03,3.9200000762939453,3.9800000190734863,3.9000000953674316,3.9800000190734863,6600
2020-09-04,3.940000057220459,3.940000057220459,3.9000000953674316,3.9200000762939453,4400
2020-09-08,3.9600000381469727,3.9600000381469727,3.9000000953674316,3.940000057220459,4400
2020-09-09,3.9700000286102295,3.9700000286102295,3.930000066757202,3.9700000286102295,500
2020-09-10,3.880000114440918,4.110000133514404,3.869999885559082,3.869999885559082,10800
2020-09-11,4.110000133514404,4.650000095367432,3.9000000953674316,4.099999904632568,223200
2020-09-14,4.0,4.119999885559082,4.0,4.119999885559082,18400
2020-09-15,4.0,4.099999904632568,4.0,4.0,12100
2020-09-16,4.0,4.110000133514404,4.0,4.0,5700
2020-09-17,4.019999980926514,4.110000133514404,4.0,4.110000133514404,4600
2020-09-18,4.03000020980835,4.110000133514404,4.0,4.110000133514404,3900
2020-09-21,4.010000228881836,4.03000020980835,4.0,4.03000020980835,11700
2020-09-22,4.010000228881836,4.090000152587891,4.010000228881836,4.010000228881836,1100
2020-09-23,4.0,4.03000020980835,4.0,4.0,900
2020-09-24,4.019999980926514,4.039999961853027,4.0,4.0,2918600
2020-09-25,5.820000171661377,7.409999847412109,5.0,7.25,15883600
2020-09-28,5.599999904632568,5.739999771118164,4.860000133514404,5.21999979019165,627700
2020-09-29,5.289999961853027,5.400000095367432,5.119999885559082,5.340000152587891,215000
2020-09-30,4.929999828338623,5.269999980926514,4.920000076293945,5.150000095367432,132600
2020-10-01,4.590000152587891,5.019999980926514,4.590000152587891,4.900000095367432,96100
2020-10-02,4.599999904632568,4.829999923706055,4.539999961853027,4.610000133514404,32900
2020-10-05,4.53000020980835,4.989999771118164,4.5,4.989999771118164,36200
2020-10-06,4.46999979019165,4.71999979019165,4.460000038146973,4.539999961853027,34800
2020-10-07,4.420000076293945,4.590000152587891,4.28000020980835,4.550000190734863,28600
2020-10-08,4.639999866485596,4.75,4.289999961853027,4.440000057220459,62100
2020-10-09,4.489999771118164,4.730000019073486,4.46999979019165,4.559999942779541,17900
2020-10-12,4.420000076293945,4.5,4.409999847412109,4.5,9900
2020-10-13,4.380000114440918,4.429999828338623,4.320000171661377,4.400000095367432,14500
2020-10-14,4.400000095367432,4.559999942779541,4.289999961853027,4.289999961853027,35900
2020-10-15,4.320000171661377,4.570000171661377,4.309999942779541,4.349999904632568,13400
2020-10-16,4.309999942779541,4.420000076293945,4.28000020980835,4.28000020980835,3600
2020-10-19,4.28000020980835,4.389999866485596,4.260000228881836,4.300000190734863,13200
2020-10-20,4.21999979019165,4.239999771118164,4.139999866485596,4.179999828338623,17400
2020-10-21,4.25,4.349999904632568,4.239999771118164,4.25,14100
2020-10-22,4.300000190734863,4.340000152587891,4.179999828338623,4.320000171661377,2800
2020-10-23,4.349999904632568,4.46999979019165,4.289999961853027,4.300000190734863,19100
2020-10-26,4.360000133514404,4.360000133514404,4.210000038146973,4.300000190734863,7600
2020-10-27,4.360000133514404,4.360000133514404,4.320000171661377,4.349999904632568,1500
2020-10-28,4.210000038146973,4.309999942779541,4.199999809265137,4.309999942779541,4900
2020-10-29,4.199999809265137,4.320000171661377,4.179999828338623,4.300000190734863,10500
2020-10-30,4.119999885559082,4.289999961853027,4.119999885559082,4.190000057220459,10800
2020-11-02,4.130000114440918,4.199999809265137,4.110000133514404,4.110000133514404,8300
2020-11-03,4.159999847412109,4.179999828338623,4.130000114440918,4.130000114440918,2100
2020-11-04,4.119999885559082,4.159999847412109,4.110000133514404,4.139999866485596,6800
2020-11-05,4.190000057220459,4.389999866485596,4.110000133514404,4.150000095367432,13100
2020-11-06,4.239999771118164,4.400000095367432,4.130000114440918,4.28000020980835,5900
2020-11-09,4.300000190734863,4.5,4.170000076293945,4.309999942779541,17500
2020-11-10,4.380000114440918,4.389999866485596,4.28000020980835,4.340000152587891,6500
2020-11-11,4.340000152587891,4.409999847412109,4.28000020980835,4.380000114440918,10900
2020-11-12,4.25,4.449999809265137,4.25,4.440000057220459,20100
2020-11-13,4.320000171661377,4.429999828338623,4.260000228881836,4.260000228881836,6800
2020-11-16,4.360000133514404,4.489999771118164,4.340000152587891,4.360000133514404,7200
2020-11-17,4.480000019073486,4.489999771118164,4.309999942779541,4.429999828338623,8100
2020-11-18,4.550000190734863,4.599999904632568,4.420000076293945,4.5,18800
2020-11-19,4.539999961853027,4.579999923706055,4.480000019073486,4.550000190734863,6000
2020-11-20,4.570000171661377,4.639999866485596,4.539999961853027,4.570000171661377,8000
2020-11-23,4.630000114440918,4.690000057220459,4.630000114440918,4.639999866485596,5500
2020-11-24,4.510000228881836,4.690000057220459,4.409999847412109,4.690000057220459,13000
2020-11-25,4.639999866485596,4.659999847412109,4.559999942779541,4.650000095367432,4400
2020-11-27,4.619999885559082,4.630000114440918,4.590000152587891,4.590000152587891,1600
2020-11-30,4.46999979019165,4.650000095367432,4.46999979019165,4.650000095367432,3800
2020-12-01,4.480000019073486,4.630000114440918,4.449999809265137,4.550000190734863,17800
2020-12-02,4.460000038146973,4.539999961853027,4.449999809265137,4.449999809265137,1900
2020-12-03,4.46999979019165,4.519999980926514,4.449999809265137,4.449999809265137,6200
2020-12-04,4.510000228881836,4.570000171661377,4.460000038146973,4.570000171661377,2700
2020-12-07,4.539999961853027,4.610000133514404,4.460000038146973,4.5,8500
2020-12-08,4.630000114440918,4.639999866485596,4.559999942779541,4.590000152587891,16500
2020-12-09,4.590000152587891,4.699999809265137,4.380000114440918,4.670000076293945,80500
2020-12-10,4.610000133514404,4.659999847412109,4.539999961853027,4.639999866485596,5400
2020-12-11,4.570000171661377,4.599999904632568,4.550000190734863,4.579999923706055,3700
2020-12-14,4.610000133514404,4.710000038146973,4.440000057220459,4.599999904632568,19700
2020-12-15,4.590000152587891,4.590000152587891,4.440000057220459,4.539999961853027,10200
2020-12-16,4.590000152587891,4.590000152587891,4.389999866485596,4.559999942779541,9700
2020-12-17,4.619999885559082,4.639999866485596,4.559999942779541,4.559999942779541,3900
2020-12-18,4.559999942779541,4.639999866485596,4.5,4.519999980926514,11700
2020-12-21,4.559999942779541,4.579999923706055,4.449999809265137,4.449999809265137,6100
2020-12-22,4.460000038146973,4.579999923706055,4.449999809265137,4.519999980926514,3900
2020-12-23,4.449999809265137,4.5,4.449999809265137,4.5,5800
2020-12-24,4.389999866485596,4.46999979019165,4.360000133514404,4.360000133514404,10300
2020-12-28,4.570000171661377,4.619999885559082,4.360000133514404,4.5,17200
2020-12-29,4.550000190734863,4.619999885559082,4.519999980926514,4.570000171661377,8600
2020-12-30,4.519999980926514,4.579999923706055,4.449999809265137,4.449999809265137,6700
2020-12-31,4.53000020980835,4.789999961853027,4.400000095367432,4.400000095367432,45000
2021-01-04,4.650000095367432,4.829999923706055,4.510000228881836,4.820000171661377,32600
2021-01-05,5.099999904632568,5.989999771118164,4.599999904632568,4.599999904632568,1088900
2021-01-06,6.590000152587891,8.34000015258789,6.25,7.619999885559082,29358700
2021-01-07,6.5,6.690000057220459,5.590000152587891,6.190000057220459,1013700
2021-01-08,6.21999979019165,6.300000190734863,6.0,6.190000057220459,230000
2021-01-11,6.139999866485596,6.28000020980835,6.050000190734863,6.059999942779541,85700
2021-01-12,6.300000190734863,6.409999847412109,6.010000228881836,6.079999923706055,82400
2021-01-13,6.300000190734863,6.340000152587891,6.079999923706055,6.329999923706055,103700
2021-01-14,6.440000057220459,6.5,6.099999904632568,6.119999885559082,120700
2021-01-15,6.179999828338623,6.420000076293945,6.099999904632568,6.269999980926514,60400
2021-01-19,6.179999828338623,6.380000114440918,6.059999942779541,6.130000114440918,61900
2021-01-20,6.139999866485596,6.210000038146973,6.0,6.099999904632568,61100
2021-01-21,6.099999904632568,6.309999942779541,6.0,6.269999980926514,45000
2021-01-22,5.860000133514404,6.099999904632568,5.809999942779541,6.03000020980835,40300
2021-01-25,5.849999904632568,5.980000019073486,5.639999866485596,5.96999979019165,74700
2021-01-26,5.880000114440918,5.940000057220459,5.769999980926514,5.840000152587891,37600
2021-01-27,5.599999904632568,5.889999866485596,5.559999942779541,5.699999809265137,38500
2021-01-28,5.579999923706055,5.75,5.46999979019165,5.559999942779541,30500
2021-01-29,5.579999923706055,5.769999980926514,5.510000228881836,5.699999809265137,11600
2021-02-01,5.449999809265137,5.599999904632568,5.329999923706055,5.599999904632568,36400
2021-02-02,5.380000114440918,5.46999979019165,5.320000171661377,5.46999979019165,25700
2021-02-03,5.480000019073486,5.480000019073486,5.300000190734863,5.440000057220459,17600
2021-02-04,5.559999942779541,5.630000114440918,5.409999847412109,5.440000057220459,22900
2021-02-05,5.559999942779541,5.630000114440918,5.449999809265137,5.449999809265137,27000
2021-02-08,5.800000190734863,5.940000057220459,5.559999942779541,5.559999942779541,112300
2021-02-09,6.190000057220459,6.239999771118164,5.880000114440918,5.940000057220459,65700
2021-02-10,5.849999904632568,6.170000076293945,5.809999942779541,6.010000228881836,34600
2021-02-11,5.800000190734863,6.050000190734863,5.78000020980835,5.929999828338623,21500
2021-02-12,5.980000019073486,6.039999961853027,5.800000190734863,6.039999961853027,18200
2021-02-16,6.260000228881836,6.28000020980835,5.900000095367432,5.960000038146973,58000
2021-02-17,6.050000190734863,6.269999980926514,6.03000020980835,6.150000095367432,26800
2021-02-18,6.320000171661377,6.46999979019165,6.03000020980835,6.039999961853027,102400
2021-02-19,6.210000038146973,6.440000057220459,6.150000095367432,6.389999866485596,34600
2021-02-22,6.110000133514404,6.21999979019165,6.039999961853027,6.110000133514404,23700
2021-02-23,5.949999809265137,6.210000038146973,5.409999847412109,6.210000038146973,52500
2021-02-24,5.849999904632568,6.019999980926514,5.800000190734863,5.989999771118164,16100
2021-02-25,5.760000228881836,6.03000020980835,5.619999885559082,5.940000057220459,13500
2021-02-26,5.599999904632568,5.829999923706055,5.559999942779541,5.829999923706055,20000
2021-03-01,5.78000020980835,5.889999866485596,5.590000152587891,5.699999809265137,12700
2021-03-02,5.71999979019165,5.800000190734863,5.630000114440918,5.789999961853027,4400
2021-03-03,5.639999866485596,5.739999771118164,5.610000133514404,5.679999828338623,13500
2021-03-04,5.349999904632568,5.599999904632568,5.210000038146973,5.599999904632568,27700
2021-03-05,5.309999942779541,5.559999942779541,5.03000020980835,5.349999904632568,25900
2021-03-08,5.269999980926514,5.389999866485596,5.269999980926514,5.320000171661377,7400
2021-03-09,5.320000171661377,5.409999847412109,5.199999809265137,5.300000190734863,12000
2021-03-10,5.340000152587891,5.420000076293945,5.28000020980835,5.320000171661377,8000
2021-03-11,5.659999847412109,5.869999885559082,5.429999828338623,5.429999828338623,15000
2021-03-12,5.610000133514404,5.670000076293945,5.449999809265137,5.610000133514404,5100
2021-03-15,5.590000152587891,5.730000019073486,5.559999942779541,5.730000019073486,6700
2021-03-16,5.659999847412109,5.809999942779541,5.510000228881836,5.809999942779541,18100
2021-03-17,5.739999771118164,5.75,5.539999961853027,5.659999847412109,36300
2021-03-18,5.670000076293945,5.849999904632568,5.639999866485596,5.639999866485596,15600
2021-03-19,5.639999866485596,5.849999904632568,5.619999885559082,5.619999885559082,8900
2021-03-22,5.599999904632568,5.809999942779541,5.599999904632568,5.730000019073486,18800
2021-03-23,5.400000095367432,5.679999828338623,5.400000095367432,5.550000190734863,17900
2021-03-24,5.400000095367432,5.670000076293945,5.380000114440918,5.559999942779541,16300
2021-03-25,5.420000076293945,5.559999942779541,5.369999885559082,5.449999809265137,5400
2021-03-26,5.460000038146973,5.480000019073486,5.360000133514404,5.389999866485596,5600
2021-03-29,5.21999979019165,5.449999809265137,5.119999885559082,5.449999809265137,28300
2021-03-30,5.25,5.570000171661377,5.210000038146973,5.210000038146973,24300
2021-03-31,5.139999866485596,5.440000057220459,5.139999866485596,5.440000057220459,11100
2021-04-01,5.130000114440918,5.230000019073486,5.099999904632568,5.230000019073486,24400
2021-04-05,5.099999904632568,5.440000057220459,5.099999904632568,5.269999980926514,27800
2021-04-06,5.090000152587891,5.199999809265137,5.059999942779541,5.190000057220459,31900
2021-04-07,5.110000133514404,5.190000057220459,5.039999961853027,5.090000152587891,26200
2021-04-08,5.139999866485596,5.139999866485596,5.03000020980835,5.130000114440918,20600
2021-04-09,5.099999904632568,5.159999847412109,5.0,5.159999847412109,30400
2021-04-12,4.989999771118164,5.090000152587891,4.900000095367432,5.010000228881836,24100
2021-04-13,4.929999828338623,5.199999809265137,4.880000114440918,4.920000076293945,8700
2021-04-14,5.0,5.0,4.880000114440918,4.960000038146973,12900
2021-04-15,5.130000114440918,5.139999866485596,4.900000095367432,4.900000095367432,32200
2021-04-16,5.0,5.230000019073486,5.0,5.230000019073486,19800
2021-04-19,5.099999904632568,5.139999866485596,4.989999771118164,5.059999942779541,27400
2021-04-20,4.989999771118164,5.190000057220459,4.940000057220459,5.099999904632568,10500
2021-04-21,5.150000095367432,5.320000171661377,4.980000019073486,4.980000019073486,23600
2021-04-22,5.079999923706055,5.199999809265137,5.039999961853027,5.039999961853027,11100
2021-04-23,5.099999904632568,5.179999828338623,5.050000190734863,5.050000190734863,4700
2021-04-26,5.050000190734863,5.21999979019165,5.050000190734863,5.099999904632568,7800
2021-04-27,5.03000020980835,5.099999904632568,5.03000020980835,5.059999942779541,9900
2021-04-28,5.050000190734863,5.110000133514404,5.010000228881836,5.03000020980835,4900
2021-04-29,5.070000171661377,5.150000095367432,5.0,5.050000190734863,5800
2021-04-30,4.980000019073486,5.090000152587891,4.980000019073486,5.090000152587891,4600
2021-05-03,5.010000228881836,5.130000114440918,5.0,5.090000152587891,14100
2021-05-04,5.050000190734863,5.199999809265137,5.010000228881836,5.010000228881836,9200
2021-05-05,5.150000095367432,5.46999979019165,5.070000171661377,5.139999866485596,89000
2021-05-06,5.400000095367432,5.449999809265137,5.039999961853027,5.179999828338623,105500
2021-05-07,5.210000038146973,5.550000190734863,5.170000076293945,5.409999847412109,12300
2021-05-10,5.320000171661377,5.46999979019165,5.210000038146973,5.46999979019165,24500
2021-05-11,5.139999866485596,5.210000038146973,5.03000020980835,5.070000171661377,18300
2021-05-12,5.099999904632568,5.260000228881836,5.039999961853027,5.039999961853027,2700
2021-05-13,5.119999885559082,5.130000114440918,5.0,5.050000190734863,5700
2021-05-14,5.449999809265137,5.630000114440918,5.079999923706055,5.539999961853027,65300
2021-05-17,5.369999885559082,5.5,5.159999847412109,5.400000095367432,58300
2021-05-18,5.449999809265137,5.579999923706055,5.320000171661377,5.320000171661377,37400
2021-05-19,5.909999847412109,6.059999942779541,5.550000190734863,5.550000190734863,166900
2021-05-20,5.71999979019165,6.0,5.71999979019165,6.0,42800
2021-05-21,5.670000076293945,5.800000190734863,5.559999942779541,5.789999961853027,15200
2021-05-24,5.610000133514404,5.670000076293945,5.400000095367432,5.599999904632568,25900
2021-05-25,5.510000228881836,5.789999961853027,5.510000228881836,5.789999961853027,6700
2021-05-26,5.53000020980835,5.690000057220459,5.489999771118164,5.550000190734863,9300
2021-05-27,5.699999809265137,5.940000057220459,5.510000228881836,5.570000171661377,2800
2021-05-28,5.570000171661377,5.730000019073486,5.53000020980835,5.599999904632568,15400
2021-06-01,5.659999847412109,5.900000095367432,5.590000152587891,5.590000152587891,12700
2021-06-02,5.650000095367432,5.829999923706055,5.559999942779541,5.78000020980835,15400
2021-06-03,5.789999961853027,6.099999904632568,5.590000152587891,5.75,103600
2021-06-04,5.809999942779541,5.989999771118164,5.699999809265137,5.789999961853027,16800
2021-06-07,5.829999923706055,5.869999885559082,5.739999771118164,5.760000228881836,8400
2021-06-08,5.75,5.909999847412109,5.739999771118164,5.800000190734863,12200
2021-06-09,5.920000076293945,6.0,5.809999942779541,5.820000171661377,36400
2021-06-10,5.989999771118164,6.099999904632568,5.860000133514404,5.949999809265137,97600
2021-06-11,5.760000228881836,5.989999771118164,5.75,5.920000076293945,16800
2021-06-14,6.010000228881836,6.440000057220459,5.809999942779541,6.0,136200
2021-06-15,5.809999942779541,6.070000171661377,5.710000038146973,6.0,44100
2021-06-16,5.760000228881836,5.960000038146973,5.659999847412109,5.800000190734863,21500
2021-06-17,5.760000228881836,5.809999942779541,5.690000057220459,5.710000038146973,6500
2021-06-18,5.71999979019165,5.760000228881836,5.699999809265137,5.71999979019165,4400
2021-06-21,5.650000095367432,5.78000020980835,5.650000095367432,5.760000228881836,21200
2021-06-22,5.809999942779541,5.809999942779541,5.639999866485596,5.690000057220459,11100
2021-06-23,5.71999979019165,5.840000152587891,5.699999809265137,5.840000152587891,4700
2021-06-24,5.789999961853027,5.820000171661377,5.75,5.820000171661377,7500
2021-06-25,5.809999942779541,6.139999866485596,5.78000020980835,5.78000020980835,54900
2021-06-28,5.920000076293945,5.96999979019165,5.75,5.860000133514404,10200
2021-06-29,5.949999809265137,5.96999979019165,5.78000020980835,5.840000152587891,10400
2021-06-30,5.960000038146973,6.369999885559082,5.889999866485596,5.940000057220459,84100
2021-07-01,5.929999828338623,6.039999961853027,5.889999866485596,6.039999961853027,5016300
2021-07-02,8.449999809265137,10.4399995803833,8.069999694824219,9.800000190734863,34329500
2021-07-06,7.980000019073486,8.09000015258789,7.199999809265137,7.519999980926514,1525200
2021-07-07,7.210000038146973,7.989999771118164,6.820000171661377,7.96999979019165,477900
2021-07-08,7.110000133514404,7.440000057220459,6.940000057220459,6.949999809265137,193000
2021-07-09,7.179999828338623,7.429999828338623,7.079999923706055,7.170000076293945,78800
2021-07-12,6.809999942779541,7.110000133514404,6.679999828338623,7.019999980926514,143800
2021-07-13,6.989999771118164,7.409999847412109,6.679999828338623,6.889999866485596,121000
2021-07-14,6.690000057220459,7.0,6.5,6.880000114440918,64300
2021-07-15,6.929999828338623,7.0,6.519999980926514,6.590000152587891,45800
2021-07-16,6.820000171661377,7.010000228881836,6.690000057220459,7.010000228881836,53000
2021-07-19,6.550000190734863,6.730000019073486,6.400000095367432,6.650000095367432,51800
2021-07-20,6.550000190734863,6.699999809265137,6.409999847412109,6.420000076293945,37300
2021-07-21,6.739999771118164,6.940000057220459,6.579999923706055,6.659999847412109,77500
2021-07-22,6.449999809265137,6.869999885559082,6.449999809265137,6.659999847412109,38000
2021-07-23,6.409999847412109,6.539999961853027,6.230000019073486,6.539999961853027,34300
2021-07-26,6.400000095367432,6.5,6.320000171661377,6.429999828338623,23700
2021-07-27,6.349999904632568,6.409999847412109,6.230000019073486,6.409999847412109,22600
2021-07-28,6.489999771118164,6.579999923706055,6.289999961853027,6.389999866485596,20800
2021-07-29,6.349999904632568,6.570000171661377,6.28000020980835,6.570000171661377,10900
2021-07-30,6.309999942779541,6.409999847412109,6.300000190734863,6.409999847412109,14900
2021-08-02,6.360000133514404,6.619999885559082,6.349999904632568,6.440000057220459,17900
2021-08-03,6.400000095367432,6.510000228881836,6.289999961853027,6.409999847412109,27900
2021-08-04,6.380000114440918,6.510000228881836,6.28000020980835,6.46999979019165,38600
2021-08-05,6.260000228881836,6.389999866485596,6.260000228881836,6.369999885559082,15000
2021-08-06,6.300000190734863,6.329999923706055,6.230000019073486,6.309999942779541,27000
2021-08-09,6.260000228881836,6.289999961853027,6.210000038146973,6.260000228881836,21900
2021-08-10,6.150000095367432,6.260000228881836,6.139999866485596,6.21999979019165,25200
2021-08-11,6.190000057220459,6.199999809265137,6.150000095367432,6.170000076293945,12500
2021-08-12,6.090000152587891,6.179999828338623,6.079999923706055,6.150000095367432,18600
2021-08-13,6.099999904632568,6.210000038146973,6.010000228881836,6.070000171661377,24400
2021-08-16,6.050000190734863,6.170000076293945,6.050000190734863,6.150000095367432,9800
2021-08-17,5.75,6.019999980926514,5.730000019073486,5.980000019073486,89800
2021-08-18,5.889999866485596,5.949999809265137,5.75,5.75,19000
2021-08-19,5.75,5.880000114440918,5.739999771118164,5.820000171661377,24000
2021-08-20,5.929999828338623,5.929999828338623,5.75,5.75,12100
2021-08-23,5.929999828338623,6.0,5.789999961853027,5.800000190734863,12400
2021-08-24,6.010000228881836,6.260000228881836,5.980000019073486,5.980000019073486,19500
2021-08-25,5.960000038146973,6.03000020980835,5.940000057220459,6.010000228881836,9000
2021-08-26,6.03000020980835,6.059999942779541,5.929999828338623,5.949999809265137,4900
2021-08-27,6.03000020980835,6.099999904632568,5.920000076293945,5.96999979019165,18800
2021-08-30,5.900000095367432,5.940000057220459,5.829999923706055,5.900000095367432,13300
2021-08-31,5.980000019073486,6.039999961853027,5.860000133514404,5.860000133514404,8900
2021-09-01,5.889999866485596,5.989999771118164,5.849999904632568,5.920000076293945,5000
2021-09-02,5.940000057220459,5.989999771118164,5.860000133514404,5.860000133514404,10500
2021-09-03,5.809999942779541,5.949999809265137,5.769999980926514,5.900000095367432,7500
2021-09-07,5.760000228881836,5.889999866485596,5.75,5.809999942779541,9700
2021-09-08,5.800000190734863,5.849999904632568,5.730000019073486,5.75,15400
2021-09-09,5.800000190734863,5.889999866485596,5.739999771118164,5.75,7600
2021-09-10,5.730000019073486,5.829999923706055,5.710000038146973,5.710000038146973,9600
2021-09-13,5.800000190734863,5.880000114440918,5.71999979019165,5.75,12900
2021-09-14,5.75,5.78000020980835,5.699999809265137,5.75,6100
2021-09-15,5.610000133514404,5.809999942779541,5.610000133514404,5.699999809265137,14100
2021-09-16,5.619999885559082,5.730000019073486,5.53000020980835,5.610000133514404,5600
2021-09-17,5.519999980926514,5.849999904632568,5.5,5.559999942779541,33800
2021-09-20,5.659999847412109,5.690000057220459,5.380000114440918,5.400000095367432,33300
2021-09-21,5.630000114440918,5.730000019073486,5.550000190734863,5.610000133514404,10000
2021-09-22,5.630000114440918,5.699999809265137,5.579999923706055,5.579999923706055,7100
2021-09-23,5.710000038146973,5.809999942779541,5.630000114440918,5.699999809265137,3100
2021-09-24,5.769999980926514,5.840000152587891,5.760000228881836,5.78000020980835,5000
2021-09-27,5.78000020980835,5.869999885559082,5.769999980926514,5.829999923706055,3000
2021-09-28,5.920000076293945,6.0,5.769999980926514,6.0,14600
2021-09-29,5.869999885559082,5.980000019073486,5.760000228881836,5.980000019073486,13800
2021-09-30,5.829999923706055,5.920000076293945,5.809999942779541,5.849999904632568,7200
2021-10-01,5.889999866485596,5.889999866485596,5.789999961853027,5.860000133514404,7700
2021-10-04,5.800000190734863,5.880000114440918,5.800000190734863,5.880000114440918,4100
2021-10-05,6.300000190734863,6.300000190734863,5.730000019073486,5.789999961853027,24600
2021-10-06,6.059999942779541,6.25,6.0,6.25,14100
2021-10-07,6.550000190734863,6.679999828338623,6.139999866485596,6.139999866485596,66900
2021-10-08,6.25,6.519999980926514,6.210000038146973,6.5,8400
2021-10-11,6.579999923706055,6.840000152587891,6.289999961853027,6.559999942779541,61100
2021-10-12,6.380000114440918,6.659999847412109,6.260000228881836,6.659999847412109,15400
2021-10-13,6.659999847412109,7.0,6.449999809265137,6.519999980926514,68400
2021-10-14,6.639999866485596,6.739999771118164,6.460000038146973,6.739999771118164,14500
2021-10-15,6.480000019073486,6.619999885559082,6.429999828338623,6.559999942779541,11500
2021-10-18,6.409999847412109,6.579999923706055,6.329999923706055,6.480000019073486,20400
2021-10-19,6.619999885559082,6.71999979019165,6.369999885559082,6.480000019073486,36700
2021-10-20,6.429999828338623,6.559999942779541,6.400000095367432,6.559999942779541,12200
2021-10-21,6.579999923706055,6.78000020980835,6.449999809265137,6.559999942779541,47500
2021-10-22,6.340000152587891,6.519999980926514,6.309999942779541,6.519999980926514,13500
2021-10-25,6.389999866485596,6.539999961853027,6.28000020980835,6.460000038146973,10900
2021-10-26,6.349999904632568,6.449999809265137,6.25,6.380000114440918,15600
2021-10-27,6.179999828338623,6.440000057220459,6.090000152587891,6.389999866485596,11200
2021-10-28,6.320000171661377,6.369999885559082,6.21999979019165,6.360000133514404,4400
2021-10-29,6.260000228881836,6.289999961853027,6.190000057220459,6.190000057220459,8100
2021-11-01,6.53000020980835,6.760000228881836,6.369999885559082,6.380000114440918,48600
2021-11-02,6.769999980926514,6.889999866485596,6.659999847412109,6.659999847412109,73500
2021-11-03,6.829999923706055,6.849999904632568,6.699999809265137,6.849999904632568,32000
2021-11-04,6.710000038146973,6.739999771118164,6.53000020980835,6.579999923706055,5500
2021-11-05,6.260000228881836,6.400000095367432,5.860000133514404,6.400000095367432,38400
2021-11-08,6.5,6.519999980926514,6.360000133514404,6.420000076293945,16300
2021-11-09,6.389999866485596,6.539999961853027,6.25,6.539999961853027,25000
2021-11-10,6.389999866485596,6.539999961853027,6.03000020980835,6.300000190734863,98800
2021-11-11,6.320000171661377,6.489999771118164,6.159999847412109,6.380000114440918,9600
2021-11-12,6.369999885559082,6.46999979019165,6.309999942779541,6.400000095367432,14300
2021-11-15,6.559999942779541,6.590000152587891,6.420000076293945,6.550000190734863,24600
2021-11-16,6.510000228881836,6.579999923706055,6.400000095367432,6.510000228881836,12100
2021-11-17,6.489999771118164,6.630000114440918,6.119999885559082,6.579999923706055,57300
2021-11-18,6.46999979019165,6.53000020980835,6.349999904632568,6.510000228881836,9100
2021-11-19,6.570000171661377,6.619999885559082,6.230000019073486,6.230000019073486,34600
2021-11-22,6.599999904632568,6.75,6.25,6.570000171661377,78600
2021-11-23,6.53000020980835,6.559999942779541,6.420000076293945,6.550000190734863,14000
2021-11-24,6.679999828338623,6.679999828338623,6.480000019073486,6.650000095367432,30200
2021-11-26,6.519999980926514,6.630000114440918,6.329999923706055,6.599999904632568,14300
2021-11-29,6.480000019073486,6.610000133514404,6.429999828338623,6.46999979019165,11800
2021-11-30,6.539999961853027,6.539999961853027,6.309999942779541,6.539999961853027,14400
2021-12-01,6.329999923706055,6.599999904632568,6.150000095367432,6.570000171661377,13900
2021-12-02,6.289999961853027,6.460000038146973,6.239999771118164,6.349999904632568,9800
2021-12-03,6.239999771118164,6.28000020980835,6.0,6.199999809265137,7500
2021-12-06,6.230000019073486,6.360000133514404,6.130000114440918,6.260000228881836,13100
2021-12-07,6.349999904632568,6.409999847412109,6.28000020980835,6.28000020980835,4000
2021-12-08,6.349999904632568,6.349999904632568,6.150000095367432,6.349999904632568,2900
2021-12-09,6.380000114440918,6.679999828338623,6.179999828338623,6.369999885559082,43300
2021-12-10,6.420000076293945,6.53000020980835,6.239999771118164,6.389999866485596,17600
2021-12-13,6.400000095367432,6.46999979019165,6.269999980926514,6.369999885559082,6400
2021-12-14,6.309999942779541,6.380000114440918,6.21999979019165,6.380000114440918,8500
2021-12-15,6.309999942779541,6.329999923706055,6.119999885559082,6.309999942779541,15700
2021-12-16,6.269999980926514,6.329999923706055,6.260000228881836,6.329999923706055,1900
2021-12-17,6.260000228881836,6.28000020980835,6.190000057220459,6.190000057220459,1600
2021-12-20,6.190000057220459,6.25,6.139999866485596,6.150000095367432,3600
2021-12-21,6.28000020980835,6.46999979019165,6.159999847412109,6.159999847412109,6200
2021-12-22,6.309999942779541,6.360000133514404,6.179999828338623,6.349999904632568,4400
2021-12-23,6.349999904632568,6.360000133514404,6.239999771118164,6.239999771118164,3100
2021-12-27,6.380000114440918,6.400000095367432,6.190000057220459,6.190000057220459,9300
2021-12-28,6.389999866485596,6.460000038146973,6.199999809265137,6.360000133514404,26000
2021-12-29,6.429999828338623,6.440000057220459,6.269999980926514,6.300000190734863,4100
2021-12-30,6.349999904632568,6.440000057220459,6.349999904632568,6.369999885559082,4200
2021-12-31,6.309999942779541,6.420000076293945,6.28000020980835,6.360000133514404,9500
2022-01-03,6.619999885559082,6.960000038146973,6.360000133514404,6.380000114440918,67300
2022-01-04,6.380000114440918,6.659999847412109,6.210000038146973,6.630000114440918,21800
2022-01-05,6.650000095367432,6.679999828338623,6.440000057220459,6.5,5900
2022-01-06,6.420000076293945,6.75,6.329999923706055,6.550000190734863,30900
2022-01-07,6.579999923706055,6.590000152587891,6.360000133514404,6.409999847412109,1500
2022-01-10,6.590000152587891,6.590000152587891,6.239999771118164,6.239999771118164,3900
2022-01-11,6.400000095367432,6.590000152587891,6.309999942779541,6.309999942779541,2300
2022-01-12,6.380000114440918,6.489999771118164,6.349999904632568,6.460000038146973,7000
2022-01-13,6.260000228881836,6.449999809265137,6.210000038146973,6.429999828338623,10900
2022-01-14,6.440000057220459,6.579999923706055,6.199999809265137,6.199999809265137,23800
2022-01-18,6.5,6.599999904632568,6.409999847412109,6.409999847412109,15500
2022-01-19,6.260000228881836,6.78000020980835,6.059999942779541,6.510000228881836,57900
2022-01-20,6.170000076293945,6.389999866485596,6.170000076293945,6.369999885559082,4600
2022-01-21,6.019999980926514,6.260000228881836,5.829999923706055,6.260000228881836,12000
2022-01-24,5.849999904632568,5.909999847412109,5.429999828338623,5.539999961853027,12500
2022-01-25,6.019999980926514,6.099999904632568,5.909999847412109,5.909999847412109,2500
2022-01-26,6.019999980926514,6.550000190734863,5.880000114440918,6.019999980926514,34800
2022-01-27,5.980000019073486,6.03000020980835,5.980000019073486,6.03000020980835,1200
2022-01-28,6.010000228881836,6.03000020980835,5.849999904632568,5.980000019073486,4800
2022-01-31,6.059999942779541,6.360000133514404,5.96999979019165,6.079999923706055,10300
2022-02-01,6.289999961853027,6.300000190734863,6.130000114440918,6.150000095367432,2400
2022-02-02,6.179999828338623,6.230000019073486,6.130000114440918,6.130000114440918,13300
2022-02-03,6.239999771118164,6.239999771118164,6.110000133514404,6.190000057220459,1100
2022-02-04,6.190000057220459,6.25,6.059999942779541,6.059999942779541,2700
2022-02-07,6.110000133514404,6.300000190734863,6.059999942779541,6.099999904632568,4700
2022-02-08,6.25,6.429999828338623,6.090000152587891,6.110000133514404,23000
2022-02-09,6.170000076293945,6.289999961853027,6.150000095367432,6.289999961853027,1200
2022-02-10,6.159999847412109,6.329999923706055,6.130000114440918,6.130000114440918,1700
2022-02-11,6.199999809265137,6.409999847412109,6.079999923706055,6.110000133514404,11200
2022-02-14,6.170000076293945,6.179999828338623,6.010000228881836,6.010000228881836,1400
2022-02-15,6.090000152587891,6.21999979019165,5.989999771118164,5.989999771118164,5900
2022-02-16,6.380000114440918,6.389999866485596,6.25,6.300000190734863,5800
2022-02-17,6.389999866485596,6.389999866485596,6.150000095367432,6.179999828338623,2100
2022-02-18,6.5,6.5,6.190000057220459,6.420000076293945,3100
2022-02-22,6.449999809265137,6.449999809265137,6.039999961853027,6.039999961853027,2900
2022-02-23,6.340000152587891,6.489999771118164,6.139999866485596,6.400000095367432,3000
2022-02-24,6.269999980926514,6.300000190734863,5.929999828338623,6.289999961853027,2200
2022-02-25,6.5,6.5,6.150000095367432,6.150000095367432,4600
2022-02-28,6.670000076293945,6.670000076293945,6.300000190734863,6.480000019073486,9500
2022-03-01,6.389999866485596,6.5,6.210000038146973,6.440000057220459,8600
2022-03-02,6.480000019073486,6.559999942779541,6.269999980926514,6.320000171661377,6700
2022-03-03,6.269999980926514,6.480000019073486,6.269999980926514,6.289999961853027,1000
2022-03-04,6.25,6.329999923706055,5.840000152587891,5.920000076293945,9700
2022-03-07,6.199999809265137,6.300000190734863,6.059999942779541,6.25,2100
2022-03-08,6.130000114440918,6.199999809265137,6.03000020980835,6.090000152587891,2800
2022-03-09,6.119999885559082,6.389999866485596,6.0,6.210000038146973,10000
2022-03-10,6.0,6.03000020980835,5.900000095367432,5.96999979019165,3400
2022-03-11,5.909999847412109,6.150000095367432,5.909999847412109,6.150000095367432,4100
2022-03-14,5.909999847412109,6.119999885559082,5.909999847412109,5.940000057220459,2400
2022-03-15,5.920000076293945,6.0,5.909999847412109,5.909999847412109,1400
2022-03-16,5.920000076293945,6.0,5.710000038146973,5.820000171661377,2500
2022-03-17,6.079999923706055,6.090000152587891,5.730000019073486,5.739999771118164,1500
2022-03-18,6.159999847412109,6.190000057220459,5.909999847412109,6.010000228881836,7000
2022-03-21,6.28000020980835,6.389999866485596,6.059999942779541,6.110000133514404,8000
2022-03-22,6.309999942779541,6.309999942779541,6.300000190734863,6.309999942779541,4800
2022-03-23,6.46999979019165,6.46999979019165,6.21999979019165,6.320000171661377,3800
2022-03-24,6.449999809265137,6.489999771118164,6.230000019073486,6.420000076293945,3300
2022-03-25,6.440000057220459,6.46999979019165,6.110000133514404,6.110000133514404,1300
2022-03-28,6.110000133514404,6.449999809265137,6.110000133514404,6.25,1100
2022-03-29,6.170000076293945,6.349999904632568,6.039999961853027,6.199999809265137,4300
2022-03-30,6.389999866485596,6.389999866485596,6.03000020980835,6.03000020980835,400
2022-03-31,6.389999866485596,6.389999866485596,6.389999866485596,6.389999866485596,0
2022-04-01,6.420000076293945,6.440000057220459,6.380000114440918,6.380000114440918,1100
2022-04-04,6.420000076293945,6.420000076293945,6.199999809265137,6.199999809265137,3000
2022-04-05,6.21999979019165,6.389999866485596,6.210000038146973,6.25,3700
2022-04-06,6.260000228881836,6.300000190734863,6.050000190734863,6.050000190734863,2500
2022-04-07,6.25,6.269999980926514,6.010000228881836,6.059999942779541,2600
2022-04-08,6.010000228881836,6.269999980926514,5.960000038146973,5.960000038146973,1300
2022-04-11,6.019999980926514,6.199999809265137,6.0,6.119999885559082,17000
2022-04-12,6.099999904632568,6.409999847412109,6.059999942779541,6.099999904632568,68400
2022-04-13,6.369999885559082,6.380000114440918,6.239999771118164,6.25,2000
2022-04-14,6.340000152587891,6.389999866485596,6.159999847412109,6.380000114440918,4900
2022-04-18,6.340000152587891,6.369999885559082,6.090000152587891,6.190000057220459,1800
2022-04-19,6.349999904632568,6.369999885559082,6.170000076293945,6.179999828338623,3800
2022-04-20,6.25,6.369999885559082,6.210000038146973,6.210000038146973,5300
2022-04-21,6.070000171661377,6.179999828338623,6.070000171661377,6.170000076293945,2400
2022-04-22,6.070000171661377,6.070000171661377,6.070000171661377,6.070000171661377,0
2022-04-25,6.079999923706055,6.099999904632568,5.960000038146973,6.099999904632568,5200
2022-04-26,6.079999923706055,6.079999923706055,5.96999979019165,5.980000019073486,3100
2022-04-27,6.070000171661377,6.070000171661377,6.039999961853027,6.070000171661377,600
2022-04-28,5.900000095367432,6.150000095367432,5.900000095367432,6.010000228881836,3600
2022-04-29,5.960000038146973,6.139999866485596,5.960000038146973,6.010000228881836,8400
2022-05-02,6.099999904632568,6.099999904632568,6.0,6.050000190734863,1900
2022-05-03,6.099999904632568,6.099999904632568,6.099999904632568,6.099999904632568,200
2022-05-04,6.079999923706055,6.170000076293945,5.909999847412109,6.099999904632568,3100
2022-05-05,5.909999847412109,6.110000133514404,5.559999942779541,6.110000133514404,7600
2022-05-06,5.75,5.909999847412109,5.75,5.769999980926514,900
2022-05-09,5.730000019073486,5.760000228881836,5.679999828338623,5.679999828338623,2500
2022-05-10,5.739999771118164,5.739999771118164,5.550000190734863,5.659999847412109,1000
2022-05-11,5.679999828338623,5.679999828338623,5.550000190734863,5.550000190734863,3100
2022-05-12,5.679999828338623,5.699999809265137,5.5,5.5,2000
2022-05-13,5.599999904632568,5.679999828338623,5.519999980926514,5.519999980926514,600
2022-05-16,5.300000190734863,5.739999771118164,5.28000020980835,5.739999771118164,9500
2022-05-17,5.820000171661377,5.840000152587891,5.619999885559082,5.739999771118164,12000
2022-05-18,5.860000133514404,5.860000133514404,5.619999885559082,5.619999885559082,700
2022-05-19,5.769999980926514,5.860000133514404,5.659999847412109,5.849999904632568,1700
2022-05-20,5.78000020980835,5.78000020980835,5.460000038146973,5.460000038146973,900
2022-05-23,5.690000057220459,5.880000114440918,5.639999866485596,5.809999942779541,3600
2022-05-24,5.869999885559082,5.869999885559082,5.590000152587891,5.670000076293945,1700
2022-05-25,5.619999885559082,5.739999771118164,5.25,5.639999866485596,5300
2022-05-26,5.789999961853027,5.809999942779541,5.559999942779541,5.559999942779541,1700
2022-05-27,6.099999904632568,6.150000095367432,5.760000228881836,5.769999980926514,8800
2022-05-31,5.909999847412109,5.989999771118164,5.829999923706055,5.920000076293945,13600
2022-06-01,6.059999942779541,6.059999942779541,5.920000076293945,5.920000076293945,2000
2022-06-02,6.079999923706055,6.130000114440918,5.909999847412109,6.130000114440918,2000
2022-06-03,6.079999923706055,6.079999923706055,6.079999923706055,6.079999923706055,0
2022-06-06,6.130000114440918,6.239999771118164,6.130000114440918,6.239999771118164,4400
2022-06-07,6.130000114440918,6.130000114440918,6.130000114440918,6.130000114440918,0
2022-06-08,6.150000095367432,6.150000095367432,6.150000095367432,6.150000095367432,300
2022-06-09,6.320000171661377,6.989999771118164,5.639999866485596,5.909999847412109,149500
2022-06-10,6.170000076293945,6.210000038146973,6.170000076293945,6.179999828338623,4000
2022-06-13,5.900000095367432,6.139999866485596,5.679999828338623,6.119999885559082,46300
2022-06-14,5.960000038146973,6.190000057220459,5.760000228881836,5.909999847412109,15400
2022-06-15,5.829999923706055,6.230000019073486,5.829999923706055,6.070000171661377,2600
2022-06-16,5.760000228881836,5.989999771118164,5.610000133514404,5.989999771118164,4800
2022-06-17,5.860000133514404,5.860000133514404,5.800000190734863,5.860000133514404,2800
2022-06-21,5.869999885559082,6.150000095367432,5.670000076293945,5.710000038146973,2100
2022-06-22,5.949999809265137,5.949999809265137,5.730000019073486,5.909999847412109,7800
2022-06-23,5.940000057220459,5.940000057220459,5.829999923706055,5.829999923706055,2300
2022-06-24,5.880000114440918,5.900000095367432,5.710000038146973,5.710000038146973,4700
2022-06-27,5.880000114440918,5.880000114440918,5.880000114440918,5.880000114440918,0
2022-06-28,5.840000152587891,5.880000114440918,5.650000095367432,5.880000114440918,2500
2022-06-29,5.920000076293945,5.920000076293945,5.730000019073486,5.730000019073486,800
2022-06-30,5.699999809265137,5.900000095367432,5.699999809265137,5.900000095367432,2500
2022-07-01,5.760000228881836,5.820000171661377,5.75,5.820000171661377,800
2022-07-05,5.840000152587891,5.869999885559082,5.710000038146973,5.710000038146973,5200
2022-07-06,5.900000095367432,5.980000019073486,5.699999809265137,5.889999866485596,9200
2022-07-07,6.019999980926514,6.019999980926514,5.769999980926514,5.96999979019165,1200
2022-07-08,5.940000057220459,6.0,5.900000095367432,5.900000095367432,5900
2022-07-11,6.059999942779541,6.210000038146973,6.0,6.099999904632568,7000
2022-07-12,5.940000057220459,6.050000190734863,5.940000057220459,6.050000190734863,1900
2022-07-13,6.070000171661377,6.070000171661377,5.929999828338623,5.929999828338623,1100
2022-07-14,5.96999979019165,5.96999979019165,5.96999979019165,5.96999979019165,600
2022-07-15,5.96999979019165,6.130000114440918,5.940000057220459,5.96999979019165,800
2022-07-18,5.940000057220459,6.050000190734863,5.940000057220459,5.96999979019165,1700
2022-07-19,6.050000190734863,6.21999979019165,6.010000228881836,6.050000190734863,19900
2022-07-20,6.199999809265137,6.199999809265137,6.039999961853027,6.039999961853027,1400
2022-07-21,6.329999923706055,6.429999828338623,6.059999942779541,6.059999942779541,1700
2022-07-22,6.25,6.25,6.25,6.25,1100
2022-07-25,6.25,6.25,6.25,6.25,800
2022-07-26,6.050000190734863,6.130000114440918,6.050000190734863,6.130000114440918,700
2022-07-27,6.21999979019165,6.21999979019165,6.110000133514404,6.139999866485596,2900
2022-07-28,6.300000190734863,6.300000190734863,6.260000228881836,6.260000228881836,400
2022-07-29,6.269999980926514,6.380000114440918,6.260000228881836,6.349999904632568,2000
2022-08-01,6.340000152587891,6.5,6.139999866485596,6.199999809265137,7500
2022-08-02,6.309999942779541,6.309999942779541,6.159999847412109,6.159999847412109,500
2022-08-03,6.46999979019165,6.46999979019165,6.099999904632568,6.400000095367432,3300
2022-08-04,6.389999866485596,6.449999809265137,6.25,6.449999809265137,1200
2022-08-05,6.619999885559082,6.699999809265137,6.25,6.25,1700
2022-08-08,6.389999866485596,6.489999771118164,6.369999885559082,6.460000038146973,1400
2022-08-09,6.28000020980835,6.460000038146973,6.260000228881836,6.400000095367432,1600
2022-08-10,6.349999904632568,6.610000133514404,6.239999771118164,6.5,3900
2022-08-11,6.449999809265137,6.449999809265137,6.440000057220459,6.449999809265137,700
2022-08-12,6.369999885559082,6.800000190734863,6.260000228881836,6.449999809265137,2100
2022-08-15,6.5,6.5,6.400000095367432,6.400000095367432,1700
2022-08-16,6.5,6.599999904632568,5.909999847412109,5.909999847412109,8500
2022-08-17,6.409999847412109,6.5,6.199999809265137,6.199999809265137,1000
2022-08-18,6.510000228881836,6.510000228881836,6.320000171661377,6.320000171661377,400
2022-08-19,6.21999979019165,6.21999979019165,6.21999979019165,6.21999979019165,200
2022-08-22,6.090000152587891,6.090000152587891,6.059999942779541,6.059999942779541,400
2022-08-23,6.150000095367432,6.360000133514404,6.099999904632568,6.099999904632568,800
2022-08-24,6.309999942779541,6.309999942779541,6.130000114440918,6.130000114440918,2500
2022-08-25,6.300000190734863,6.480000019073486,6.289999961853027,6.349999904632568,3000
2022-08-26,6.300000190734863,6.300000190734863,6.300000190734863,6.300000190734863,400
2022-08-29,6.340000152587891,6.5,6.210000038146973,6.210000038146973,1900
2022-08-30,6.539999961853027,6.570000171661377,6.260000228881836,6.260000228881836,6800
2022-08-31,6.46999979019165,6.480000019073486,6.389999866485596,6.389999866485596,1300
2022-09-01,6.510000228881836,6.590000152587891,6.409999847412109,6.440000057220459,1200
2022-09-02,6.800000190734863,6.889999866485596,6.510000228881836,6.659999847412109,5700
2022-09-06,6.46999979019165,6.579999923706055,6.409999847412109,6.550000190734863,2800
2022-09-07,6.639999866485596,6.699999809265137,6.510000228881836,6.699999809265137,1800
2022-09-08,6.519999980926514,6.880000114440918,6.489999771118164,6.650000095367432,4800
2022-09-09,6.53000020980835,6.739999771118164,6.510000228881836,6.510000228881836,1000
2022-09-12,6.75,6.75,6.400000095367432,6.400000095367432,1400
2022-09-13,6.46999979019165,6.630000114440918,6.380000114440918,6.510000228881836,1600
2022-09-14,6.449999809265137,6.449999809265137,6.449999809265137,6.449999809265137,600
2022-09-15,6.519999980926514,6.570000171661377,6.349999904632568,6.409999847412109,3100
2022-09-16,6.269999980926514,6.320000171661377,6.269999980926514,6.320000171661377,1200
2022-09-19,6.329999923706055,6.329999923706055,6.139999866485596,6.139999866485596,500
2022-09-20,6.25,6.380000114440918,6.25,6.309999942779541,600
2022-09-21,6.070000171661377,6.28000020980835,6.070000171661377,6.190000057220459,10200
2022-09-22,6.289999961853027,6.289999961853027,6.119999885559082,6.119999885559082,600
2022-09-23,6.079999923706055,6.079999923706055,6.079999923706055,6.079999923706055,600
2022-09-26,6.159999847412109,6.170000076293945,6.0,6.099999904632568,1300
2022-09-27,6.179999828338623,6.28000020980835,5.929999828338623,6.269999980926514,2600
2022-09-28,6.039999961853027,6.239999771118164,5.960000038146973,6.110000133514404,1600
2022-09-29,6.190000057220459,6.190000057220459,5.900000095367432,6.170000076293945,800
2022-09-30,5.96999979019165,6.260000228881836,5.96999979019165,6.230000019073486,1100
2022-10-03,5.949999809265137,6.269999980926514,5.929999828338623,6.119999885559082,800
2022-10-04,6.050000190734863,6.230000019073486,6.0,6.230000019073486,1000
2022-10-05,6.050000190734863,6.269999980926514,6.050000190734863,6.260000228881836,600
2022-10-06,6.059999942779541,6.369999885559082,6.059999942779541,6.090000152587891,1400
2022-10-07,6.03000020980835,6.21999979019165,6.019999980926514,6.21999979019165,1400
2022-10-10,6.179999828338623,6.179999828338623,6.079999923706055,6.079999923706055,800
2022-10-11,6.050000190734863,6.079999923706055,5.900000095367432,5.949999809265137,2200
2022-10-12,6.139999866485596,6.139999866485596,6.050000190734863,6.050000190734863,800
2022-10-13,6.0,6.150000095367432,5.900000095367432,5.900000095367432,1200
2022-10-14,6.019999980926514,6.150000095367432,5.949999809265137,5.949999809265137,600
2022-10-17,6.019999980926514,6.179999828338623,5.940000057220459,5.940000057220459,900
2022-10-18,6.579999923706055,6.869999885559082,5.909999847412109,6.190000057220459,31500
2022-10-19,6.130000114440918,6.480000019073486,6.130000114440918,6.429999828338623,7900
2022-10-20,6.389999866485596,6.400000095367432,6.28000020980835,6.28000020980835,900
2022-10-21,6.349999904632568,6.420000076293945,6.170000076293945,6.170000076293945,700
2022-10-24,6.230000019073486,6.230000019073486,6.230000019073486,6.230000019073486,600
2022-10-25,6.449999809265137,6.510000228881836,6.25,6.340000152587891,1200
2022-10-26,6.320000171661377,6.550000190734863,6.320000171661377,6.420000076293945,1100
2022-10-27,6.289999961853027,6.539999961853027,6.289999961853027,6.460000038146973,900
2022-10-28,6.449999809265137,6.480000019073486,6.28000020980835,6.309999942779541,3100
2022-10-31,6.429999828338623,6.429999828338623,6.260000228881836,6.369999885559082,1600
2022-11-01,6.28000020980835,6.309999942779541,6.260000228881836,6.260000228881836,400
2022-11-02,6.360000133514404,6.650000095367432,6.28000020980835,6.329999923706055,2700
2022-11-03,6.150000095367432,6.489999771118164,6.150000095367432,6.369999885559082,1300
2022-11-04,6.139999866485596,6.389999866485596,6.119999885559082,6.119999885559082,8800
2022-11-07,6.230000019073486,6.369999885559082,6.099999904632568,6.130000114440918,2800
2022-11-08,6.110000133514404,6.25,6.110000133514404,6.25,3400
2022-11-09,6.349999904632568,6.480000019073486,6.190000057220459,6.190000057220459,4200
2022-11-10,6.289999961853027,6.360000133514404,6.199999809265137,6.360000133514404,7300
2022-11-11,6.230000019073486,6.230000019073486,6.199999809265137,6.199999809265137,600
2022-11-14,6.230000019073486,6.230000019073486,6.230000019073486,6.230000019073486,200
2022-11-15,6.309999942779541,6.409999847412109,6.300000190734863,6.329999923706055,900
2022-11-16,6.349999904632568,6.349999904632568,6.059999942779541,6.059999942779541,800
2022-11-17,6.389999866485596,6.389999866485596,6.010000228881836,6.119999885559082,1000
2022-11-18,6.150000095367432,6.380000114440918,6.150000095367432,6.380000114440918,900
2022-11-21,6.199999809265137,6.389999866485596,6.199999809265137,6.329999923706055,800
2022-11-22,6.199999809265137,6.389999866485596,6.070000171661377,6.070000171661377,500
2022-11-23,6.199999809265137,6.389999866485596,6.199999809265137,6.389999866485596,600
2022-11-25,6.119999885559082,6.199999809265137,6.119999885559082,6.199999809265137,400
2022-11-28,6.210000038146973,6.349999904632568,6.199999809265137,6.349999904632568,2500
2022-11-29,6.380000114440918,6.400000095367432,6.309999942779541,6.349999904632568,14700
2022-11-30,6.380000114440918,6.489999771118164,6.010000228881836,6.400000095367432,12800
2022-12-01,6.190000057220459,6.429999828338623,6.150000095367432,6.429999828338623,800
2022-12-02,6.199999809265137,6.199999809265137,6.0,6.0,4000
2022-12-05,6.099999904632568,6.099999904632568,6.070000171661377,6.070000171661377,300
2022-12-06,6.099999904632568,6.099999904632568,6.099999904632568,6.099999904632568,0
2022-12-07,6.059999942779541,6.119999885559082,6.059999942779541,6.099999904632568,2800
2022-12-08,6.050000190734863,6.070000171661377,6.03000020980835,6.070000171661377,1000
2022-12-09,5.949999809265137,6.090000152587891,5.880000114440918,6.090000152587891,9000
2022-12-12,5.880000114440918,5.989999771118164,5.880000114440918,5.989999771118164,4800
2022-12-13,5.880000114440918,5.900000095367432,5.880000114440918,5.880000114440918,800
2022-12-14,5.889999866485596,5.960000038146973,5.880000114440918,5.889999866485596,1900
2022-12-15,5.769999980926514,5.889999866485596,5.659999847412109,5.889999866485596,2300
2022-12-16,5.769999980926514,5.860000133514404,5.429999828338623,5.429999828338623,1100
2022-12-19,5.699999809265137,5.769999980926514,5.659999847412109,5.769999980926514,2400
2022-12-20,5.679999828338623,5.710000038146973,5.5,5.5,1500
2022-12-21,5.599999904632568,5.679999828338623,5.460000038146973,5.679999828338623,1300
2022-12-22,5.400000095367432,5.590000152587891,5.369999885559082,5.579999923706055,2000
2022-12-23,5.369999885559082,5.400000095367432,5.199999809265137,5.400000095367432,2700
2022-12-27,5.440000057220459,5.489999771118164,5.369999885559082,5.429999828338623,1500
2022-12-28,5.28000020980835,5.5,5.28000020980835,5.440000057220459,1500
2022-12-29,5.400000095367432,5.449999809265137,5.170000076293945,5.449999809265137,8000
2022-12-30,5.300000190734863,5.300000190734863,5.210000038146973,5.28000020980835,1700
2023-01-03,5.159999847412109,5.230000019073486,4.96999979019165,5.230000019073486,2500
2023-01-04,5.400000095367432,5.519999980926514,5.300000190734863,5.440000057220459,11600
2023-01-05,5.25,5.400000095367432,5.25,5.400000095367432,1600
2023-01-06,5.320000171661377,5.320000171661377,5.199999809265137,5.199999809265137,500
2023-01-09,5.5,5.519999980926514,5.389999866485596,5.400000095367432,13700
2023-01-10,5.699999809265137,5.800000190734863,5.460000038146973,5.460000038146973,15900
2023-01-11,5.800000190734863,5.800000190734863,5.75,5.75,4100
2023-01-12,5.75,5.75,5.630000114440918,5.75,3100
2023-01-13,5.829999923706055,5.829999923706055,5.699999809265137,5.699999809265137,1400
2023-01-17,5.949999809265137,5.980000019073486,5.880000114440918,5.880000114440918,5100
2023-01-18,5.980000019073486,6.019999980926514,5.96999979019165,5.96999979019165,2600
2023-01-19,5.860000133514404,5.860000133514404,5.730000019073486,5.730000019073486,1100
2023-01-20,5.860000133514404,5.860000133514404,5.860000133514404,5.860000133514404,0
2023-01-23,5.789999961853027,6.0,5.75,5.809999942779541,3500
2023-01-24,5.809999942779541,6.0,5.809999942779541,5.829999923706055,3100
2023-01-25,5.75,5.820000171661377,5.75,5.820000171661377,600
2023-01-26,5.710000038146973,5.71999979019165,5.710000038146973,5.710000038146973,600
2023-01-27,5.940000057220459,5.940000057220459,5.769999980926514,5.769999980926514,1400
2023-01-30,5.739999771118164,5.889999866485596,5.710000038146973,5.710000038146973,4300
2023-01-31,5.789999961853027,5.849999904632568,5.789999961853027,5.849999904632568,2000
2023-02-01,5.710000038146973,5.800000190734863,5.630000114440918,5.630000114440918,1500
2023-02-02,5.679999828338623,5.96999979019165,5.679999828338623,5.78000020980835,900
2023-02-03,5.699999809265137,5.75,5.630000114440918,5.75,4000
2023-02-06,6.03000020980835,6.079999923706055,5.929999828338623,5.960000038146973,61000
2023-02-07,5.769999980926514,5.869999885559082,5.539999961853027,5.539999961853027,2600
2023-02-08,5.940000057220459,5.949999809265137,5.849999904632568,5.849999904632568,1600
2023-02-09,5.929999828338623,5.929999828338623,5.929999828338623,5.929999828338623,1000
2023-02-10,5.96999979019165,5.96999979019165,5.96999979019165,5.96999979019165,400
2023-02-13,5.96999979019165,6.0,5.789999961853027,5.809999942779541,800
2023-02-14,5.820000171661377,5.929999828338623,5.610000133514404,5.610000133514404,1000
2023-02-15,5.900000095367432,5.900000095367432,5.829999923706055,5.829999923706055,1700
2023-02-16,5.900000095367432,5.900000095367432,5.900000095367432,5.900000095367432,0
2023-02-17,6.349999904632568,6.349999904632568,6.349999904632568,6.349999904632568,1200
2023-02-21,5.860000133514404,6.099999904632568,5.809999942779541,5.960000038146973,1900
2023-02-22,5.710000038146973,5.800000190734863,5.710000038146973,5.800000190734863,2600
2023-02-23,5.71999979019165,5.739999771118164,5.71999979019165,5.739999771118164,600
2023-02-24,5.619999885559082,5.650000095367432,5.619999885559082,5.650000095367432,700
2023-02-27,5.639999866485596,5.690000057220459,5.510000228881836,5.690000057220459,2200
2023-02-28,5.829999923706055,5.829999923706055,5.420000076293945,5.5,4800
2023-03-01,5.75,5.75,5.429999828338623,5.429999828338623,1800
2023-03-02,5.900000095367432,5.900000095367432,5.769999980926514,5.769999980926514,800
2023-03-03,5.820000171661377,5.820000171661377,5.820000171661377,5.820000171661377,800
2023-03-06,5.800000190734863,5.849999904632568,5.71999979019165,5.849999904632568,1000
2023-03-07,5.690000057220459,5.710000038146973,5.650000095367432,5.650000095367432,1100
2023-03-08,5.78000020980835,5.900000095367432,5.679999828338623,5.900000095367432,3800
2023-03-09,5.820000171661377,5.820000171661377,5.820000171661377,5.820000171661377,3900
2023-03-10,5.820000171661377,5.820000171661377,5.820000171661377,5.820000171661377,0
2023-03-13,5.820000171661377,5.820000171661377,5.820000171661377,5.820000171661377,0
2023-03-14,5.889999866485596,5.900000095367432,5.5,5.5,2500
2023-03-15,5.889999866485596,5.889999866485596,5.889999866485596,5.889999866485596,100
2023-03-16,5.630000114440918,5.630000114440918,5.460000038146973,5.460000038146973,800
2023-03-17,5.760000228881836,5.760000228881836,5.760000228881836,5.760000228881836,300
2023-03-20,5.409999847412109,5.940000057220459,5.349999904632568,5.480000019073486,5100
2023-03-21,5.840000152587891,5.909999847412109,5.010000228881836,5.579999923706055,3800
2023-03-22,5.840000152587891,5.840000152587891,5.840000152587891,5.840000152587891,100
2023-03-23,5.840000152587891,5.840000152587891,5.840000152587891,5.840000152587891,3600
2023-03-24,5.5,5.739999771118164,5.199999809265137,5.550000190734863,3200
2023-03-27,5.699999809265137,5.699999809265137,5.420000076293945,5.420000076293945,1900
2023-03-28,5.53000020980835,5.949999809265137,5.369999885559082,5.940000057220459,6400
2023-03-29,5.71999979019165,5.71999979019165,5.409999847412109,5.53000020980835,1800
2023-03-30,6.059999942779541,6.199999809265137,5.900000095367432,6.0,32900
2023-03-31,6.170000076293945,6.170000076293945,5.880000114440918,5.880000114440918,4900
2023-04-03,6.050000190734863,6.119999885559082,5.909999847412109,5.909999847412109,17000
2023-04-04,6.210000038146973,6.420000076293945,6.110000133514404,6.110000133514404,7400
2023-04-05,6.210000038146973,6.210000038146973,6.210000038146973,6.210000038146973,0
2023-04-06,6.190000057220459,6.190000057220459,6.059999942779541,6.059999942779541,900
2023-04-10,6.179999828338623,6.179999828338623,6.110000133514404,6.110000133514404,1400
2023-04-11,6.150000095367432,6.150000095367432,6.050000190734863,6.139999866485596,2000
2023-04-12,6.010000228881836,6.050000190734863,5.800000190734863,6.050000190734863,1600
2023-04-13,6.010000228881836,6.010000228881836,6.010000228881836,6.010000228881836,0
2023-04-14,6.139999866485596,6.139999866485596,6.0,6.0,4300
2023-04-17,5.989999771118164,6.019999980926514,5.619999885559082,5.960000038146973,10000
2023-04-18,5.800000190734863,5.980000019073486,5.800000190734863,5.809999942779541,2700
2023-04-19,5.949999809265137,5.949999809265137,5.860000133514404,5.860000133514404,1500
2023-04-20,5.75,5.880000114440918,5.679999828338623,5.78000020980835,6900
2023-04-21,5.730000019073486,5.730000019073486,5.730000019073486,5.730000019073486,400
2023-04-24,5.739999771118164,5.739999771118164,5.739999771118164,5.739999771118164,600
2023-04-25,5.739999771118164,5.739999771118164,5.739999771118164,5.739999771118164,0
2023-04-26,5.75,5.75,5.440000057220459,5.440000057220459,9600
2023-04-27,5.46999979019165,5.800000190734863,5.449999809265137,5.800000190734863,1800
2023-04-28,5.900000095367432,5.900000095367432,5.349999904632568,5.349999904632568,1200
2023-05-01,5.659999847412109,5.769999980926514,5.639999866485596,5.769999980926514,700
2023-05-02,5.619999885559082,5.800000190734863,5.619999885559082,5.710000038146973,3500
2023-05-03,5.75,5.75,5.579999923706055,5.579999923706055,1300
2023-05-04,5.5,5.75,5.5,5.75,800
2023-05-05,5.71999979019165,5.71999979019165,5.71999979019165,5.71999979019165,300
2023-05-08,5.570000171661377,6.090000152587891,5.519999980926514,5.559999942779541,4800
2023-05-09,5.599999904632568,5.699999809265137,5.559999942779541,5.699999809265137,1000
2023-05-10,5.550000190734863,5.590000152587891,5.510000228881836,5.590000152587891,500
2023-05-11,5.590000152587891,5.650000095367432,5.550000190734863,5.550000190734863,11600
2023-05-12,5.539999961853027,5.670000076293945,5.53000020980835,5.539999961853027,13400
2023-05-15,5.460000038146973,5.519999980926514,5.460000038146973,5.519999980926514,20200
2023-05-16,5.730000019073486,5.730000019073486,5.409999847412109,5.409999847412109,1100
2023-05-17,5.900000095367432,5.900000095367432,5.71999979019165,5.71999979019165,5300
2023-05-18,5.75,5.840000152587891,5.75,5.840000152587891,200
2023-05-19,5.940000057220459,5.940000057220459,5.829999923706055,5.829999923706055,800
2023-05-22,5.960000038146973,6.110000133514404,5.869999885559082,5.869999885559082,8100
2023-05-23,5.909999847412109,6.119999885559082,5.900000095367432,6.119999885559082,1200
2023-05-24,5.989999771118164,5.989999771118164,5.989999771118164,5.989999771118164,500
2023-05-25,5.880000114440918,5.880000114440918,5.880000114440918,5.880000114440918,200
2023-05-26,6.139999866485596,6.150000095367432,5.460000038146973,5.460000038146973,3400
2023-05-30,6.130000114440918,6.150000095367432,5.650000095367432,6.139999866485596,11300
2023-05-31,6.460000038146973,6.550000190734863,6.090000152587891,6.159999847412109,37600
2023-06-01,6.769999980926514,6.889999866485596,6.400000095367432,6.409999847412109,52200
2023-06-02,6.630000114440918,6.769999980926514,6.550000190734863,6.71999979019165,8400
2023-06-05,6.659999847412109,6.690000057220459,6.480000019073486,6.519999980926514,2900
2023-06-06,6.699999809265137,6.699999809265137,6.429999828338623,6.429999828338623,1500
2023-06-07,6.829999923706055,6.849999904632568,6.639999866485596,6.639999866485596,9200
2023-06-08,7.019999980926514,7.190000057220459,6.800000190734863,6.809999942779541,27300
2023-06-09,7.110000133514404,7.150000095367432,7.110000133514404,7.110000133514404,1700
2023-06-12,7.090000152587891,7.130000114440918,7.090000152587891,7.130000114440918,600
2023-06-13,7.059999942779541,7.059999942779541,7.059999942779541,7.059999942779541,200
2023-06-14,7.300000190734863,7.349999904632568,7.0,7.179999828338623,31500
2023-06-15,7.550000190734863,7.550000190734863,7.300000190734863,7.300000190734863,13800
2023-06-16,7.71999979019165,7.71999979019165,7.590000152587891,7.590000152587891,15000
2023-06-20,7.53000020980835,7.639999866485596,7.420000076293945,7.599999904632568,8900
2023-06-21,7.53000020980835,7.53000020980835,7.420000076293945,7.480000019073486,2000
2023-06-22,7.309999942779541,7.510000228881836,7.309999942779541,7.429999828338623,2500
2023-06-23,7.670000076293945,7.679999828338623,7.510000228881836,7.510000228881836,2200
2023-06-26,7.559999942779541,7.570000171661377,7.429999828338623,7.570000171661377,5000
2023-06-27,7.5,7.539999961853027,7.309999942779541,7.360000133514404,7300
2023-06-28,7.340000152587891,7.5,7.309999942779541,7.380000114440918,2200
2023-06-29,7.539999961853027,7.550000190734863,7.309999942779541,7.309999942779541,5900
2023-06-30,7.449999809265137,7.550000190734863,7.400000095367432,7.550000190734863,1000
2023-07-03,7.440000057220459,7.510000228881836,7.360000133514404,7.510000228881836,3300
2023-07-05,7.429999828338623,7.5,7.429999828338623,7.5,800
2023-07-06,7.389999866485596,7.440000057220459,7.389999866485596,7.440000057220459,900
2023-07-07,7.46999979019165,7.510000228881836,7.400000095367432,7.400000095367432,5600
2023-07-10,7.409999847412109,7.670000076293945,7.329999923706055,7.329999923706055,22100
2023-07-11,7.400000095367432,7.690000057220459,7.400000095367432,7.400000095367432,12200
2023-07-12,7.429999828338623,7.559999942779541,7.420000076293945,7.5,10200
2023-07-13,7.570000171661377,7.590000152587891,7.460000038146973,7.519999980926514,4600
2023-07-14,7.46999979019165,7.519999980926514,7.460000038146973,7.519999980926514,800
2023-07-17,7.559999942779541,7.690000057220459,7.559999942779541,7.559999942779541,1200
2023-07-18,7.519999980926514,7.650000095367432,7.5,7.510000228881836,9500
2023-07-19,7.670000076293945,7.710000038146973,7.619999885559082,7.619999885559082,3200
2023-07-20,7.590000152587891,7.699999809265137,7.590000152587891,7.610000133514404,1300
2023-07-21,7.559999942779541,7.670000076293945,7.510000228881836,7.510000228881836,2300
2023-07-24,7.460000038146973,7.460000038146973,7.460000038146973,7.460000038146973,400
2023-07-25,7.159999847412109,7.300000190734863,7.130000114440918,7.300000190734863,2900
2023-07-26,7.300000190734863,7.349999904632568,7.300000190734863,7.340000152587891,2300
2023-07-27,7.46999979019165,7.480000019073486,7.179999828338623,7.179999828338623,3400
2023-07-28,7.46999979019165,7.46999979019165,7.170000076293945,7.360000133514404,3100
2023-07-31,7.329999923706055,7.360000133514404,7.329999923706055,7.360000133514404,900
2023-08-01,7.360000133514404,7.480000019073486,7.300000190734863,7.300000190734863,1100
2023-08-02,7.199999809265137,7.340000152587891,7.199999809265137,7.199999809265137,1000
2023-08-03,7.409999847412109,7.429999828338623,7.070000171661377,7.360000133514404,1400
2023-08-04,7.269999980926514,7.400000095367432,7.269999980926514,7.340000152587891,1800
2023-08-07,7.28000020980835,7.400000095367432,7.239999771118164,7.239999771118164,1200
2023-08-08,7.590000152587891,7.829999923706055,7.340000152587891,7.360000133514404,11000
2023-08-09,7.670000076293945,7.670000076293945,7.260000228881836,7.360000133514404,6800
2023-08-10,7.340000152587891,7.670000076293945,7.199999809265137,7.389999866485596,4700
2023-08-11,7.449999809265137,7.449999809265137,7.260000228881836,7.260000228881836,700
2023-08-14,7.230000019073486,7.449999809265137,7.190000057220459,7.25,1600
2023-08-15,7.369999885559082,7.369999885559082,7.190000057220459,7.190000057220459,1900
2023-08-16,7.610000133514404,7.610000133514404,7.190000057220459,7.260000228881836,5100
2023-08-17,7.449999809265137,7.449999809265137,7.179999828338623,7.179999828338623,8000
2023-08-18,7.269999980926514,7.440000057220459,7.269999980926514,7.269999980926514,4100
2023-08-21,7.380000114440918,7.400000095367432,7.239999771118164,7.269999980926514,4400
2023-08-22,7.369999885559082,7.369999885559082,7.28000020980835,7.289999961853027,5800
2023-08-23,7.760000228881836,7.980000019073486,7.409999847412109,7.440000057220459,10800
2023-08-24,7.699999809265137,7.75,7.53000020980835,7.670000076293945,1800
2023-08-25,7.619999885559082,7.699999809265137,7.489999771118164,7.53000020980835,1700
2023-08-28,7.679999828338623,7.690000057220459,7.489999771118164,7.590000152587891,1400
2023-08-29,7.75,7.800000190734863,7.619999885559082,7.679999828338623,8100
2023-08-30,8.210000038146973,8.449999809265137,8.050000190734863,8.050000190734863,71400
2023-08-31,8.4399995803833,8.4399995803833,8.170000076293945,8.270000457763672,19400
2023-09-01,8.329999923706055,8.479999542236328,8.239999771118164,8.479999542236328,2700
2023-09-05,8.720000267028809,8.75,8.430000305175781,8.479999542236328,22600
2023-09-06,8.699999809265137,8.800000190734863,8.609999656677246,8.739999771118164,8200
2023-09-07,8.539999961853027,8.6899995803833,8.430000305175781,8.430000305175781,5100
2023-09-08,8.350000381469727,8.510000228881836,8.25,8.510000228881836,8500
2023-09-11,8.649999618530273,8.739999771118164,8.460000038146973,8.460000038146973,7300
2023-09-12,8.5600004196167,8.920000076293945,8.5600004196167,8.729999542236328,7800
2023-09-13,8.729999542236328,8.729999542236328,8.449999809265137,8.510000228881836,3600
2023-09-14,8.850000381469727,8.890000343322754,8.550000190734863,8.84000015258789,3100
2023-09-15,8.760000228881836,8.859999656677246,8.59000015258789,8.640000343322754,4800
2023-09-18,8.989999771118164,8.989999771118164,8.779999732971191,8.829999923706055,4500
2023-09-19,8.819999694824219,8.989999771118164,8.779999732971191,8.970000267028809,2600
2023-09-20,8.859999656677246,8.949999809265137,8.5600004196167,8.84000015258789,15000
2023-09-21,8.949999809265137,9.0,8.819999694824219,8.90999984741211,4000
2023-09-22,9.0,9.0,8.800000190734863,8.8100004196167,3200
2023-09-25,8.90999984741211,9.0,8.729999542236328,9.0,6600
2023-09-26,8.989999771118164,8.989999771118164,8.710000038146973,8.890000343322754,4900
2023-09-27,8.729999542236328,8.899999618530273,8.710000038146973,8.829999923706055,6100
2023-09-28,8.529999732971191,8.84000015258789,8.15999984741211,8.84000015258789,9400
2023-09-29,8.600000381469727,8.729999542236328,8.3100004196167,8.729999542236328,4700
2023-10-02,8.680000305175781,8.770000457763672,8.350000381469727,8.579999923706055,3900
2023-10-03,8.600000381469727,8.649999618530273,8.600000381469727,8.649999618530273,1300
2023-10-04,8.430000305175781,8.510000228881836,8.270000457763672,8.369999885559082,2000
2023-10-05,8.319999694824219,8.5,8.1899995803833,8.1899995803833,4700
2023-10-06,8.34000015258789,8.5600004196167,8.149999618530273,8.149999618530273,1500
2023-10-09,8.399999618530273,8.600000381469727,7.829999923706055,8.270000457763672,30200
2023-10-10,8.239999771118164,8.479999542236328,8.180000305175781,8.239999771118164,7100
2023-10-11,8.470000267028809,8.479999542236328,8.010000228881836,8.229999542236328,11900
2023-10-12,8.170000076293945,8.449999809265137,7.650000095367432,8.09000015258789,12100
2023-10-13,7.900000095367432,8.050000190734863,7.760000228881836,8.039999961853027,7600
2023-10-16,7.619999885559082,7.730000019073486,7.489999771118164,7.639999866485596,10000
2023-10-17,7.699999809265137,7.699999809265137,7.599999904632568,7.679999828338623,2300
2023-10-18,7.860000133514404,7.889999866485596,7.590000152587891,7.789999961853027,2300
2023-10-19,7.880000114440918,7.900000095367432,7.650000095367432,7.650000095367432,4100
2023-10-20,7.739999771118164,7.820000171661377,7.670000076293945,7.670000076293945,6100
2023-10-23,7.409999847412109,7.489999771118164,7.170000076293945,7.28000020980835,10100
2023-10-24,7.550000190734863,7.550000190734863,7.099999904632568,7.139999866485596,6500
2023-10-25,7.539999961853027,7.539999961853027,7.25,7.25,1700
2023-10-26,7.079999923706055,7.25,6.989999771118164,7.090000152587891,8500
2023-10-27,7.360000133514404,7.449999809265137,7.130000114440918,7.130000114440918,5800
2023-10-30,7.730000019073486,7.949999809265137,7.150000095367432,7.150000095367432,8700
2023-10-31,7.769999980926514,7.849999904632568,7.480000019073486,7.599999904632568,3300
2023-11-01,7.659999847412109,7.690000057220459,7.269999980926514,7.420000076293945,3400
2023-11-02,7.75,7.75,7.510000228881836,7.690000057220459,4000
2023-11-03,7.929999828338623,8.270000457763672,7.659999847412109,7.699999809265137,4800
2023-11-06,8.470000267028809,8.470000267028809,8.229999542236328,8.279999732971191,18400
2023-11-07,8.319999694824219,8.479999542236328,8.09000015258789,8.449999809265137,3200
2023-11-08,8.239999771118164,8.25,7.809999942779541,8.100000381469727,4900
2023-11-09,8.270000457763672,8.390000343322754,8.270000457763672,8.390000343322754,2300
2023-11-10,8.270000457763672,8.270000457763672,8.039999961853027,8.039999961853027,1400
2023-11-13,8.90999984741211,9.050000190734863,8.520000457763672,8.760000228881836,64500
2023-11-14,9.579999923706055,9.600000381469727,9.0,9.0,64100
2023-11-15,9.520000457763672,9.520000457763672,9.359999656677246,9.449999809265137,11200
2023-11-16,9.5,9.5,9.380000114440918,9.420000076293945,4000
2023-11-17,9.640000343322754,9.699999809265137,9.359999656677246,9.6899995803833,9400
2023-11-20,9.390000343322754,9.550000190734863,9.270000457763672,9.279999732971191,12000
2023-11-21,9.399999618530273,9.399999618530273,9.15999984741211,9.15999984741211,2800
2023-11-22,9.600000381469727,9.600000381469727,9.210000038146973,9.210000038146973,29700
2023-11-24,9.399999618530273,9.479999542236328,9.350000381469727,9.479999542236328,3400
2023-11-27,9.359999656677246,9.420000076293945,9.079999923706055,9.359999656677246,6300
2023-11-28,9.5600004196167,9.59000015258789,9.3100004196167,9.3100004196167,8400
2023-11-29,9.649999618530273,9.680000305175781,9.470000267028809,9.479999542236328,12700
2023-11-30,9.6899995803833,9.739999771118164,9.539999961853027,9.640000343322754,11600
2023-12-01,9.710000038146973,9.760000228881836,9.34000015258789,9.75,5900
2023-12-04,9.600000381469727,9.739999771118164,9.369999885559082,9.670000076293945,4800
2023-12-05,9.729999542236328,9.779999732971191,9.600000381469727,9.649999618530273,13400
2023-12-06,9.770000457763672,9.979999542236328,9.609999656677246,9.800000190734863,16100
2023-12-07,9.680000305175781,9.720000267028809,9.550000190734863,9.579999923706055,1900
2023-12-08,9.890000343322754,9.989999771118164,9.369999885559082,9.609999656677246,9200
2023-12-11,9.5600004196167,9.699999809265137,9.170000076293945,9.609999656677246,24900
2023-12-12,9.600000381469727,9.649999618530273,9.539999961853027,9.569999694824219,10000
2023-12-13,9.630000114440918,9.640000343322754,9.369999885559082,9.369999885559082,14600
2023-12-14,9.819999694824219,9.989999771118164,9.510000228881836,9.630000114440918,8600
2023-12-15,9.670000076293945,9.899999618530273,9.079999923706055,9.350000381469727,54600
2023-12-18,9.510000228881836,9.640000343322754,9.289999961853027,9.470000267028809,30100
2023-12-19,9.899999618530273,9.989999771118164,9.380000114440918,9.380000114440918,24100
2023-12-20,9.949999809265137,9.989999771118164,9.59000015258789,9.770000457763672,24500
2023-12-21,10.449999809265137,10.449999809265137,9.890000343322754,9.920000076293945,32400
2023-12-22,10.510000228881836,11.0,10.449999809265137,10.449999809265137,24800
2023-12-26,10.210000038146973,10.460000038146973,10.119999885559082,10.390000343322754,27500
2023-12-27,10.3100004196167,10.460000038146973,10.220000267028809,10.260000228881836,6600
2023-12-28,10.329999923706055,10.470000267028809,10.100000381469727,10.229999542236328,13200
2023-12-29,10.149999618530273,10.4399995803833,10.149999618530273,10.4399995803833,7700
2024-01-02,10.100000381469727,10.420000076293945,10.100000381469727,10.25,5400
2024-01-03,10.380000114440918,10.619999885559082,10.020000457763672,10.329999923706055,7900
2024-01-04,10.710000038146973,10.949999809265137,10.430000305175781,10.430000305175781,11700
2024-01-05,11.119999885559082,11.199999809265137,10.5,10.5,18700
2024-01-08,10.84000015258789,10.90999984741211,10.699999809265137,10.829999923706055,10500
2024-01-09,10.880000114440918,10.90999984741211,10.5600004196167,10.65999984741211,26900
2024-01-10,10.609999656677246,10.710000038146973,10.510000228881836,10.609999656677246,23300
2024-01-11,11.020000457763672,11.050000190734863,10.699999809265137,10.699999809265137,17200
2024-01-12,11.199999809265137,11.3100004196167,11.029999732971191,11.119999885559082,11500
2024-01-16,12.0,12.0,11.59000015258789,11.739999771118164,70000
2024-01-17,12.010000228881836,12.350000381469727,12.0,12.199999809265137,45600
2024-01-18,11.779999732971191,12.350000381469727,11.550000190734863,12.350000381469727,41200
2024-01-19,12.0,12.239999771118164,11.239999771118164,12.079999923706055,17700
2024-01-22,12.170000076293945,12.270000457763672,11.84000015258789,12.0600004196167,22100
2024-01-23,11.789999961853027,12.029999732971191,11.600000381469727,11.869999885559082,25100
2024-01-24,11.609999656677246,11.949999809265137,11.199999809265137,11.739999771118164,15500
2024-01-25,11.720000267028809,11.720000267028809,11.630000114440918,11.670000076293945,2700
2024-01-26,11.649999618530273,11.710000038146973,11.420000076293945,11.5,4700
2024-01-29,12.140000343322754,12.220000267028809,11.789999961853027,11.789999961853027,18300
2024-01-30,12.010000228881836,12.170000076293945,11.899999618530273,12.15999984741211,7800
2024-01-31,12.0,12.25,11.930000305175781,12.119999885559082,9300
2024-02-01,11.859999656677246,12.210000038146973,11.84000015258789,11.90999984741211,10500
2024-02-02,11.979999542236328,12.1899995803833,11.850000381469727,12.050000190734863,12800
2024-02-05,11.970000267028809,12.25,11.859999656677246,12.09000015258789,20000
2024-02-06,12.5,12.5,12.390000343322754,12.489999771118164,31800
2024-02-07,12.380000114440918,12.5,12.329999923706055,12.5,18100
2024-02-08,12.399999618530273,12.5,12.329999923706055,12.479999542236328,8800
2024-02-09,12.5,12.5,12.34000015258789,12.5,9700
2024-02-12,12.6899995803833,12.84000015258789,12.470000267028809,12.5,27400
2024-02-13,12.430000305175781,12.710000038146973,12.430000305175781,12.710000038146973,3800
2024-02-14,12.779999732971191,12.880000114440918,12.460000038146973,12.460000038146973,10600
2024-02-15,12.710000038146973,12.829999923706055,12.710000038146973,12.800000190734863,1600
2024-02-16,12.979999542236328,13.0,12.75,12.75,3100
2024-02-20,12.84000015258789,12.970000267028809,12.75,12.970000267028809,14900
2024-02-21,12.859999656677246,12.9399995803833,12.850000381469727,12.859999656677246,2900
2024-02-22,12.819999694824219,13.079999923706055,12.770000457763672,13.0,9900
2024-02-23,12.960000038146973,12.979999542236328,12.779999732971191,12.779999732971191,1700
2024-02-26,13.239999771118164,13.25,12.770000457763672,12.90999984741211,10600
2024-02-27,13.25,13.319999694824219,13.140000343322754,13.319999694824219,6700
2024-02-28,13.260000228881836,13.300000190734863,13.149999618530273,13.270000457763672,7400
2024-02-29,13.739999771118164,13.75,13.399999618530273,13.399999618530273,22500
2024-03-01,13.539999961853027,13.729999542236328,13.4399995803833,13.699999809265137,7000
2024-03-04,13.600000381469727,13.739999771118164,13.5,13.699999809265137,17000
2024-03-05,13.479999542236328,13.600000381469727,12.510000228881836,13.600000381469727,15500
2024-03-06,13.300000190734863,13.729999542236328,13.050000190734863,13.510000228881836,9200
2024-03-07,11.880000114440918,12.649999618530273,11.5,12.649999618530273,55700
2024-03-08,11.899999618530273,11.989999771118164,11.569999694824219,11.850000381469727,27600
2024-03-11,11.3100004196167,11.989999771118164,10.510000228881836,11.739999771118164,40400
2024-03-12,11.300000190734863,11.479999542236328,11.020000457763672,11.3100004196167,24500
2024-03-13,11.350000381469727,11.489999771118164,11.109999656677246,11.229999542236328,11000
2024-03-14,11.579999923706055,11.8100004196167,11.40999984741211,11.779999732971191,16700
2024-03-15,11.479999542236328,11.600000381469727,11.479999542236328,11.600000381469727,2100
2024-03-18,11.880000114440918,11.930000305175781,11.609999656677246,11.609999656677246,13400
2024-03-19,11.770000457763672,11.880000114440918,11.550000190734863,11.640000343322754,12600
2024-03-20,11.970000267028809,12.140000343322754,11.8100004196167,11.899999618530273,23200
2024-03-21,12.100000381469727,12.279999732971191,12.0600004196167,12.0600004196167,8800
2024-03-22,12.119999885559082,12.25,11.850000381469727,11.850000381469727,6300
2024-03-25,12.130000114440918,12.279999732971191,12.010000228881836,12.09000015258789,12700
2024-03-26,12.0600004196167,12.300000190734863,11.979999542236328,12.15999984741211,12600
2024-03-27,12.020000457763672,12.279999732971191,12.020000457763672,12.279999732971191,3400
2024-03-28,12.109999656677246,12.199999809265137,12.109999656677246,12.119999885559082,2700
2024-04-01,11.8100004196167,12.25,11.630000114440918,12.140000343322754,5500
2024-04-02,11.550000190734863,12.109999656677246,11.399999618530273,12.100000381469727,8900
2024-04-03,11.779999732971191,11.779999732971191,11.399999618530273,11.520000457763672,5200
2024-04-04,11.600000381469727,11.600000381469727,11.510000228881836,11.510000228881836,5000
2024-04-05,11.640000343322754,11.640000343322754,11.399999618530273,11.449999809265137,2600
2024-04-08,12.020000457763672,12.199999809265137,11.630000114440918,11.630000114440918,900
2024-04-09,11.600000381469727,11.960000038146973,11.539999961853027,11.770000457763672,3800
2024-04-10,11.359999656677246,11.579999923706055,10.609999656677246,11.40999984741211,4400
2024-04-11,11.460000038146973,11.710000038146973,11.239999771118164,11.5600004196167,3300
2024-04-12,11.970000267028809,11.970000267028809,11.460000038146973,11.460000038146973,1700
2024-04-15,11.630000114440918,12.010000228881836,11.630000114440918,12.010000228881836,10800
2024-04-16,11.529999732971191,11.75,11.529999732971191,11.699999809265137,5200
2024-04-17,11.180000305175781,11.460000038146973,11.010000228881836,11.460000038146973,5500
2024-04-18,11.109999656677246,11.40999984741211,11.050000190734863,11.40999984741211,1600
2024-04-19,11.109999656677246,11.149999618530273,11.109999656677246,11.149999618530273,1200
2024-04-22,11.380000114440918,11.640000343322754,11.25,11.350000381469727,3800
2024-04-23,11.6899995803833,11.6899995803833,11.140000343322754,11.140000343322754,4100
2024-04-24,11.5600004196167,11.6899995803833,11.34000015258789,11.520000457763672,5400
2024-04-25,11.600000381469727,11.640000343322754,11.029999732971191,11.359999656677246,3600
2024-04-26,11.890000343322754,11.890000343322754,11.550000190734863,11.550000190734863,8300
2024-04-29,11.800000190734863,11.800000190734863,11.800000190734863,11.800000190734863,600
2024-04-30,12.119999885559082,12.119999885559082,11.9399995803833,11.9399995803833,3200
2024-05-01,12.25,12.25,11.760000228881836,11.760000228881836,2600
2024-05-02,11.920000076293945,12.149999618530273,11.880000114440918,12.149999618530273,1600
2024-05-03,11.920000076293945,11.920000076293945,11.579999923706055,11.579999923706055,500
2024-05-06,12.170000076293945,12.170000076293945,11.779999732971191,11.779999732971191,2400
2024-05-07,12.079999923706055,12.270000457763672,12.0600004196167,12.270000457763672,3200
2024-05-08,11.84000015258789,12.140000343322754,11.84000015258789,12.140000343322754,700
2024-05-09,12.569999694824219,12.600000381469727,12.420000076293945,12.510000228881836,9100
2024-05-10,12.539999961853027,12.850000381469727,12.539999961853027,12.600000381469727,7600
2024-05-13,12.8100004196167,13.199999809265137,12.539999961853027,12.720000267028809,9700
2024-05-14,13.100000381469727,13.199999809265137,13.010000228881836,13.199999809265137,3100
2024-05-15,13.550000190734863,13.65999984741211,13.329999923706055,13.34000015258789,14600
2024-05-16,12.930000305175781,13.5,12.819999694824219,13.5,5600
2024-05-17,13.130000114440918,13.600000381469727,13.020000457763672,13.050000190734863,6600
2024-05-20,13.630000114440918,13.630000114440918,12.670000076293945,13.140000343322754,6700
2024-05-21,13.300000190734863,13.680000305175781,13.119999885559082,13.649999618530273,12500
2024-05-22,13.529999732971191,13.529999732971191,13.09000015258789,13.09000015258789,6200
2024-05-23,13.670000076293945,13.890000343322754,13.350000381469727,13.649999618530273,23400
2024-05-24,15.220000267028809,15.699999809265137,13.979999542236328,14.0,47600
2024-05-28,15.170000076293945,15.5,15.0,15.489999771118164,60500
2024-05-29,15.300000190734863,15.300000190734863,14.899999618530273,15.0,22500
2024-05-30,15.199999809265137,15.289999961853027,14.630000114440918,15.180000305175781,4600
2024-05-31,15.109999656677246,15.109999656677246,14.800000190734863,15.020000457763672,15000
2024-06-03,15.760000228881836,16.0,15.0,15.130000114440918,14600
2024-06-04,15.15999984741211,15.300000190734863,15.050000190734863,15.050000190734863,33400
2024-06-05,14.680000305175781,15.0,14.640000343322754,14.699999809265137,28800
2024-06-06,14.510000228881836,14.850000381469727,14.199999809265137,14.680000305175781,6500
2024-06-07,14.630000114440918,14.970000267028809,14.529999732971191,14.970000267028809,3900
2024-06-10,14.920000076293945,14.989999771118164,14.300000190734863,14.630000114440918,10200
2024-06-11,15.449999809265137,15.5,14.800000190734863,14.989999771118164,18700
2024-06-12,15.5,16.239999771118164,15.479999542236328,15.890000343322754,22600
2024-06-13,15.100000381469727,15.180000305175781,14.880000114440918,15.0,8400
2024-06-14,14.989999771118164,15.210000038146973,14.989999771118164,15.100000381469727,3100
2024-06-17,14.989999771118164,15.1899995803833,14.880000114440918,14.979999542236328,6100
2024-06-18,14.5,14.920000076293945,14.199999809265137,14.899999618530273,17300
2024-06-20,13.859999656677246,14.479999542236328,13.800000190734863,14.479999542236328,18500
2024-06-21,13.899999618530273,14.09000015258789,13.850000381469727,13.859999656677246,3800
2024-06-24,14.260000228881836,14.5,13.699999809265137,13.699999809265137,18700
2024-06-25,14.350000381469727,14.390000343322754,14.0,14.100000381469727,4400
2024-06-26,14.239999771118164,14.350000381469727,14.09000015258789,14.34000015258789,3500
2024-06-27,14.65999984741211,14.800000190734863,14.520000457763672,14.520000457763672,7100
2024-06-28,14.899999618530273,15.119999885559082,14.510000228881836,14.8100004196167,6800
2024-07-01,14.770000457763672,14.989999771118164,14.5600004196167,14.989999771118164,6300
2024-07-02,14.550000190734863,14.65999984741211,14.4399995803833,14.4399995803833,10000
2024-07-03,14.260000228881836,14.699999809265137,14.260000228881836,14.699999809265137,2500
2024-07-05,14.75,14.779999732971191,14.489999771118164,14.489999771118164,16800
2024-07-08,14.539999961853027,14.779999732971191,14.260000228881836,14.760000228881836,16100
2024-07-09,14.100000381469727,14.680000305175781,14.100000381469727,14.680000305175781,5000
2024-07-10,14.220000267028809,14.399999618530273,14.029999732971191,14.270000457763672,8500
2024-07-11,14.59000015258789,15.220000267028809,14.59000015258789,14.600000381469727,8100
2024-07-12,14.789999961853027,14.800000190734863,14.460000038146973,14.619999885559082,7400
2024-07-15,14.5600004196167,14.6899995803833,14.539999961853027,14.6899995803833,4300
2024-07-16,14.899999618530273,14.899999618530273,14.390000343322754,14.569999694824219,3600
2024-07-17,14.399999618530273,14.8100004196167,14.399999618530273,14.8100004196167,6200
2024-07-18,14.399999618530273,14.40999984741211,14.380000114440918,14.380000114440918,8700
2024-07-19,14.380000114440918,14.399999618530273,14.380000114440918,14.380000114440918,4200
2024-07-22,14.380000114440918,14.399999618530273,14.029999732971191,14.350000381469727,7100
2024-07-23,14.300000190734863,14.510000228881836,14.149999618530273,14.510000228881836,5900
2024-07-24,14.199999809265137,14.489999771118164,14.149999618530273,14.489999771118164,2800
2024-07-25,13.970000267028809,14.40999984741211,13.960000038146973,14.399999618530273,10000
2024-07-26,14.460000038146973,14.489999771118164,13.970000267028809,13.970000267028809,8400
2024-07-29,14.020000457763672,14.239999771118164,13.949999809265137,14.229999542236328,6200
2024-07-30,13.899999618530273,14.199999809265137,13.550000190734863,13.960000038146973,4300
2024-07-31,14.800000190734863,14.800000190734863,13.819999694824219,13.899999618530273,46900
2024-08-01,14.390000343322754,14.550000190734863,14.25,14.25,14400
2024-08-02,13.609999656677246,13.979999542236328,13.550000190734863,13.800000190734863,13800
2024-08-05,13.279999732971191,13.84000015258789,12.609999656677246,13.84000015258789,23700
2024-08-06,13.5,13.5,13.260000228881836,13.399999618530273,2800
2024-08-07,13.869999885559082,14.149999618530273,13.84000015258789,13.989999771118164,8000
2024-08-08,14.149999618530273,14.210000038146973,13.84000015258789,14.109999656677246,3500
2024-08-09,14.239999771118164,14.239999771118164,14.079999923706055,14.079999923706055,2400
2024-08-12,13.8100004196167,14.100000381469727,13.8100004196167,14.079999923706055,5100
2024-08-13,14.0,14.25,13.569999694824219,13.569999694824219,3000
2024-08-14,14.130000114440918,14.350000381469727,14.0,14.010000228881836,5700
2024-08-15,14.75,14.75,14.180000305175781,14.220000267028809,4900
2024-08-16,14.779999732971191,14.850000381469727,14.649999618530273,14.649999618530273,3100
2024-08-19,14.600000381469727,14.739999771118164,14.600000381469727,14.739999771118164,1400
2024-08-20,14.84000015258789,14.989999771118164,14.739999771118164,14.770000457763672,7300
2024-08-21,14.729999542236328,15.0,14.4399995803833,14.739999771118164,13000
2024-08-22,15.350000381469727,15.720000267028809,14.819999694824219,14.819999694824219,12200
2024-08-23,15.949999809265137,15.949999809265137,15.359999656677246,15.399999618530273,12600
2024-08-26,15.789999961853027,16.0,15.699999809265137,16.0,12600
2024-08-27,15.869999885559082,15.970000267028809,15.789999961853027,15.90999984741211,3900
2024-08-28,15.350000381469727,15.979999542236328,15.270000457763672,15.970000267028809,13300
2024-08-29,17.969999313354492,18.0,16.59000015258789,16.989999771118164,110100
2024-08-30,17.459999084472656,18.0,17.309999465942383,18.0,15300
2024-09-03,16.6299991607666,17.3799991607666,15.899999618530273,16.1200008392334,61500
2024-09-04,16.06999969482422,16.479999542236328,15.8100004196167,16.0,29700
2024-09-05,16.709999084472656,16.799999237060547,15.90999984741211,15.90999984741211,8300
2024-09-06,15.920000076293945,16.790000915527344,15.920000076293945,16.790000915527344,7200
2024-09-09,15.710000038146973,16.1200008392334,15.710000038146973,15.899999618530273,7500
2024-09-10,16.469999313354492,16.700000762939453,16.059999465942383,16.059999465942383,33100
2024-09-11,17.06999969482422,17.459999084472656,16.010000228881836,16.5,34800
2024-09-12,16.829999923706055,17.200000762939453,16.579999923706055,17.049999237060547,8200
2024-09-13,17.149999618530273,17.170000076293945,16.6299991607666,16.6299991607666,7800
2024-09-16,17.31999969482422,17.459999084472656,16.899999618530273,17.170000076293945,15200
2024-09-17,16.829999923706055,17.020000457763672,16.34000015258789,16.770000457763672,27000
2024-09-18,17.190000534057617,17.399999618530273,16.950000762939453,17.0,5600
2024-09-19,17.690000534057617,17.75,17.049999237060547,17.049999237060547,18200
2024-09-20,17.760000228881836,18.0,17.280000686645508,17.280000686645508,12700
2024-09-23,18.229999542236328,18.649999618530273,17.670000076293945,17.860000610351562,26000
2024-09-24,18.1200008392334,18.389999389648438,17.860000610351562,18.389999389648438,8100
2024-09-25,17.950000762939453,18.1299991607666,17.899999618530273,18.1200008392334,4800
2024-09-26,17.889999389648438,18.190000534057617,17.889999389648438,18.139999389648438,5500
2024-09-27,18.469999313354492,18.899999618530273,17.889999389648438,17.899999618530273,27100
2024-09-30,18.34000015258789,18.489999771118164,18.010000228881836,18.489999771118164,8300
2024-10-01,17.209999084472656,18.239999771118164,17.209999084472656,18.170000076293945,18300
2024-10-02,16.899999618530273,17.350000381469727,16.8700008392334,17.309999465942383,14600
2024-10-03,17.34000015258789,17.399999618530273,17.049999237060547,17.399999618530273,3700
2024-10-04,17.360000610351562,18.0,17.110000610351562,17.65999984741211,6200
2024-10-07,17.079999923706055,17.350000381469727,16.420000076293945,17.350000381469727,13000
2024-10-08,17.079999923706055,17.079999923706055,16.25,16.760000228881836,15600
2024-10-09,16.709999084472656,17.149999618530273,16.540000915527344,16.540000915527344,17200
2024-10-10,17.940000534057617,18.09000015258789,17.020000457763672,17.209999084472656,16300
2024-10-11,18.0,18.049999237060547,17.790000915527344,17.989999771118164,4700
2024-10-14,17.75,18.0,17.75,17.81999969482422,6600
2024-10-15,17.6299991607666,17.979999542236328,17.600000381469727,17.65999984741211,5700
2024-10-16,17.540000915527344,17.65999984741211,17.280000686645508,17.65999984741211,7900
2024-10-17,18.190000534057617,18.190000534057617,17.75,17.75,5900
2024-10-18,18.200000762939453,18.200000762939453,17.90999984741211,18.190000534057617,5200
2024-10-21,18.75,19.469999313354492,18.5,18.5,39100
2024-10-22,18.889999389648438,19.219999313354492,18.75,18.860000610351562,32100
2024-10-23,18.93000030517578,19.350000381469727,18.530000686645508,18.920000076293945,22500
2024-10-24,18.3700008392334,18.780000686645508,18.260000228881836,18.780000686645508,11200
2024-10-25,18.420000076293945,18.850000381469727,18.420000076293945,18.850000381469727,6700
2024-10-28,18.56999969482422,18.860000610351562,18.559999465942383,18.75,7100
2024-10-29,18.75,18.959999084472656,18.479999542236328,18.600000381469727,19600
2024-10-30,18.989999771118164,18.989999771118164,18.700000762939453,18.889999389648438,4600
2024-10-31,18.229999542236328,18.760000228881836,18.170000076293945,18.600000381469727,9100
2024-11-01,18.40999984741211,18.670000076293945,18.190000534057617,18.299999237060547,6900
2024-11-04,18.260000228881836,18.350000381469727,17.709999084472656,17.770000457763672,11300
2024-11-05,18.290000915527344,18.299999237060547,17.81999969482422,18.299999237060547,13100
2024-11-06,19.0,19.399999618530273,18.100000381469727,18.239999771118164,51500
2024-11-07,18.549999237060547,18.790000915527344,18.190000534057617,18.75,17300
2024-11-08,18.350000381469727,18.93000030517578,18.350000381469727,18.540000915527344,20800
2024-11-11,19.229999542236328,19.459999084472656,18.639999389648438,18.639999389648438,38500
2024-11-12,20.56999969482422,21.5,19.34000015258789,19.540000915527344,56800
2024-11-13,20.739999771118164,21.309999465942383,20.34000015258789,20.469999313354492,40200
2024-11-14,22.18000030517578,23.0,21.0,21.0,60800
2024-11-15,20.610000610351562,22.450000762939453,18.8700008392334,22.25,44300
2024-11-18,20.799999237060547,21.0,20.0,20.780000686645508,31800
2024-11-19,23.56999969482422,24.290000915527344,21.0,21.0,154500
2024-11-20,22.350000381469727,23.5,21.600000381469727,23.420000076293945,36400
2024-11-21,21.729999542236328,22.0,20.600000381469727,21.0,74600
2024-11-22,22.229999542236328,22.700000762939453,21.950000762939453,21.950000762939453,59100
2024-11-25,22.360000610351562,22.450000762939453,21.860000610351562,22.190000534057617,25800
2024-11-26,22.010000228881836,22.530000686645508,21.75,21.889999389648438,17000
2024-11-27,22.06999969482422,22.479999542236328,20.950000762939453,21.770000457763672,39600
2024-11-29,22.780000686645508,22.90999984741211,22.229999542236328,22.31999969482422,13300
2024-12-02,22.600000381469727,22.989999771118164,21.709999084472656,22.0,66200
2024-12-03,22.190000534057617,22.84000015258789,21.989999771118164,22.84000015258789,16700
2024-12-04,23.06999969482422,23.239999771118164,21.989999771118164,22.15999984741211,39500
2024-12-05,25.670000076293945,26.170000076293945,23.34000015258789,23.389999389648438,96600
2024-12-06,24.950000762939453,25.6299991607666,24.649999618530273,25.6299991607666,79600
2024-12-09,24.790000915527344,25.450000762939453,24.040000915527344,24.649999618530273,46600
2024-12-10,25.100000381469727,25.59000015258789,24.700000762939453,24.709999084472656,64400
2024-12-11,26.229999542236328,27.690000534057617,25.059999465942383,25.170000076293945,122000
2024-12-12,26.979999542236328,27.68000030517578,26.299999237060547,26.549999237060547,50100
2024-12-13,26.459999084472656,27.5,26.3799991607666,27.25,38000
2024-12-16,26.020000457763672,26.229999542236328,25.1299991607666,26.059999465942383,35400
2024-12-17,26.0,26.06999969482422,25.31999969482422,25.489999771118164,47000
2024-12-18,25.270000457763672,27.360000610351562,24.940000534057617,26.209999084472656,57300
2024-12-19,26.15999984741211,26.799999237060547,25.75,25.809999465942383,35900
2024-12-20,26.0,26.950000762939453,25.549999237060547,25.700000762939453,26600
2024-12-23,25.959999084472656,26.600000381469727,25.139999389648438,25.920000076293945,49400
2024-12-24,25.920000076293945,26.15999984741211,25.3799991607666,25.579999923706055,15600
2024-12-26,26.389999389648438,26.559999465942383,25.700000762939453,25.889999389648438,25800
2024-12-27,26.030000686645508,27.09000015258789,25.56999969482422,26.829999923706055,13100
2024-12-30,26.34000015258789,26.770000457763672,25.600000381469727,25.649999618530273,18400
2024-12-31,25.68000030517578,26.040000915527344,25.18000030517578,26.040000915527344,19400
2025-01-02,27.1200008392334,28.389999389648438,25.940000534057617,26.200000762939453,42500
2025-01-03,27.110000610351562,28.399999618530273,27.110000610351562,27.219999313354492,33000
2025-01-06,26.309999465942383,27.90999984741211,26.020000457763672,27.25,36400
2025-01-07,26.329999923706055,26.989999771118164,25.790000915527344,26.719999313354492,18300
2025-01-08,24.579999923706055,25.93000030517578,22.56999969482422,25.93000030517578,87900
2025-01-10,24.780000686645508,25.110000610351562,23.739999771118164,24.649999618530273,28500
2025-01-13,25.799999237060547,26.010000228881836,24.809999465942383,24.920000076293945,54400
2025-01-14,27.510000228881836,28.200000762939453,26.600000381469727,27.100000381469727,71200
2025-01-15,28.1299991607666,28.489999771118164,27.6299991607666,27.760000228881836,72700
2025-01-16,27.700000762939453,29.0,27.639999389648438,28.149999618530273,90600
2025-01-17,28.8700008392334,28.8799991607666,27.56999969482422,28.299999237060547,45000
2025-01-21,30.43000030517578,31.280000686645508,28.920000076293945,29.0,72000
2025-01-22,30.799999237060547,31.790000915527344,29.780000686645508,30.440000534057617,66400
2025-01-23,29.420000076293945,30.90999984741211,29.219999313354492,30.530000686645508,34500
2025-01-24,29.93000030517578,31.15999984741211,29.1299991607666,29.93000030517578,109200
2025-01-27,29.1299991607666,29.459999084472656,27.799999237060547,29.239999771118164,75387
