Price,Close,High,Low,Open,Volume
Ticker,UOKA,UOKA,UOKA,UOKA,UOKA
Date,,,,,
2020-01-28,2.7780001163482666,2.7780001163482666,2.7780001163482666,2.7780001163482666,0
2020-01-29,2.9000000953674316,2.9000000953674316,2.9000000953674316,2.9000000953674316,100
2020-01-30,2.9000000953674316,2.9000000953674316,2.9000000953674316,2.9000000953674316,0
2020-01-31,2.9000000953674316,2.9000000953674316,2.9000000953674316,2.9000000953674316,0
2020-02-03,2.3399999141693115,2.4000000953674316,2.3399999141693115,2.4000000953674316,1000
2020-02-04,2.940000057220459,3.0999999046325684,2.684999942779541,2.7899999618530273,1900
2020-02-05,2.994999885559082,2.994999885559082,2.940000057220459,2.940000057220459,1000
2020-02-06,2.994999885559082,2.994999885559082,2.994999885559082,2.994999885559082,0
2020-02-07,2.74399995803833,3.1500000953674316,2.5360000133514404,3.069999933242798,5000
2020-02-10,2.74399995803833,2.74399995803833,2.74399995803833,2.74399995803833,500
2020-02-11,3.0,3.0290000438690186,3.0,3.0290000438690186,500
2020-02-12,3.0,3.0,3.0,3.0,0
2020-02-13,3.0,3.0,3.0,3.0,0
2020-02-14,3.0,3.0,3.0,3.0,0
2020-02-18,2.9059998989105225,2.9059998989105225,2.9059998989105225,2.9059998989105225,200
2020-02-19,2.9059998989105225,2.9059998989105225,2.9059998989105225,2.9059998989105225,0
2020-02-20,2.8399999141693115,2.8399999141693115,2.8399999141693115,2.8399999141693115,100
2020-02-21,2.8399999141693115,2.8399999141693115,2.8399999141693115,2.8399999141693115,0
2020-02-24,2.8399999141693115,2.8399999141693115,2.8399999141693115,2.8399999141693115,0
2020-02-25,2.8399999141693115,2.8399999141693115,2.8399999141693115,2.8399999141693115,0
2020-02-26,2.8399999141693115,2.8399999141693115,2.8399999141693115,2.8399999141693115,0
2020-02-27,2.9800000190734863,3.0999999046325684,2.700000047683716,3.0999999046325684,1600
2020-02-28,2.9800000190734863,2.9800000190734863,2.9800000190734863,2.9800000190734863,0
2020-03-02,2.869999885559082,2.890000104904175,2.3940000534057617,2.3940000534057617,900
2020-03-03,2.950000047683716,2.950000047683716,2.950000047683716,2.950000047683716,100
2020-03-04,2.950000047683716,2.950000047683716,2.940000057220459,2.940000057220459,300
2020-03-05,2.950000047683716,2.950000047683716,2.950000047683716,2.950000047683716,0
2020-03-06,2.950000047683716,2.950000047683716,2.950000047683716,2.950000047683716,0
2020-03-09,2.950000047683716,2.950000047683716,2.950000047683716,2.950000047683716,0
2020-03-10,2.950000047683716,2.950000047683716,2.950000047683716,2.950000047683716,0
2020-03-11,2.950000047683716,2.950000047683716,2.950000047683716,2.950000047683716,0
2020-03-12,2.950000047683716,2.950000047683716,2.950000047683716,2.950000047683716,0
2020-03-13,2.890000104904175,2.890000104904175,2.869999885559082,2.890000104904175,4100
2020-03-16,2.799999952316284,2.799999952316284,2.3550000190734863,2.437000036239624,5300
2020-03-17,2.819999933242798,2.8399999141693115,2.4100000858306885,2.75,1100
2020-03-18,2.819999933242798,2.819999933242798,2.819999933242798,2.819999933242798,0
2020-03-19,2.6700000762939453,2.7899999618530273,1.940000057220459,2.4000000953674316,13200
2020-03-20,2.759999990463257,2.9700000286102295,2.25,2.881999969482422,6100
2020-03-23,2.759999990463257,2.759999990463257,2.759999990463257,2.759999990463257,0
2020-03-24,2.7100000381469727,2.7300000190734863,2.0899999141693115,2.7300000190734863,1100
2020-03-25,2.7100000381469727,2.7100000381469727,2.7100000381469727,2.7100000381469727,0
2020-03-26,2.569999933242798,2.5999999046325684,2.380000114440918,2.380000114440918,1000
2020-03-27,2.799999952316284,2.869999885559082,2.2300000190734863,2.7799999713897705,2300
2020-03-30,2.9800000190734863,3.0,2.3299999237060547,2.75,1600
2020-03-31,2.9800000190734863,2.9800000190734863,2.9800000190734863,2.9800000190734863,0
2020-04-01,2.9800000190734863,2.9800000190734863,2.9800000190734863,2.9800000190734863,0
2020-04-02,2.9000000953674316,2.9000000953674316,2.4200000762939453,2.4200000762939453,600
2020-04-03,2.9000000953674316,2.9000000953674316,2.9000000953674316,2.9000000953674316,0
2020-04-06,2.9000000953674316,2.9000000953674316,2.9000000953674316,2.9000000953674316,0
2020-04-07,2.9000000953674316,2.9000000953674316,2.9000000953674316,2.9000000953674316,0
2020-04-08,2.9000000953674316,2.9000000953674316,2.9000000953674316,2.9000000953674316,0
2020-04-09,2.990000009536743,2.990000009536743,2.7200000286102295,2.7200000286102295,1500
2020-04-13,2.990000009536743,2.990000009536743,2.3499999046325684,2.3499999046325684,1300
2020-04-14,2.990000009536743,2.990000009536743,2.5,2.5,500
2020-04-15,2.990000009536743,2.990000009536743,2.990000009536743,2.990000009536743,0
2020-04-16,2.990000009536743,2.990000009536743,2.990000009536743,2.990000009536743,0
2020-04-17,2.890000104904175,2.990000009536743,2.5299999713897705,2.9000000953674316,2200
2020-04-20,2.950000047683716,2.950000047683716,2.5,2.9000000953674316,1100
2020-04-21,2.4000000953674316,2.950000047683716,2.3299999237060547,2.490000009536743,1500
2020-04-22,2.9000000953674316,2.9000000953674316,2.680000066757202,2.7990000247955322,1100
2020-04-23,2.9000000953674316,2.9000000953674316,2.9000000953674316,2.9000000953674316,0
2020-04-24,2.940000057220459,2.940000057220459,2.6640000343322754,2.6640000343322754,700
2020-04-27,2.940000057220459,2.940000057220459,2.940000057220459,2.940000057220459,0
2020-04-28,2.940000057220459,2.940000057220459,2.940000057220459,2.940000057220459,0
2020-04-29,2.75,3.75,2.5299999713897705,2.986999988555908,362500
2020-04-30,2.5199999809265137,2.683000087738037,2.5,2.683000087738037,27600
2020-05-01,2.572999954223633,2.5899999141693115,2.5299999713897705,2.552999973297119,8500
2020-05-04,2.549999952316284,2.7170000076293945,2.549999952316284,2.5799999237060547,16800
2020-05-05,2.687000036239624,2.740000009536743,2.4070000648498535,2.7100000381469727,7400
2020-05-06,2.700000047683716,2.700000047683716,2.569999933242798,2.569999933242798,1600
2020-05-07,2.6600000858306885,2.7200000286102295,2.6500000953674316,2.6549999713897705,2600
2020-05-08,2.6600000858306885,2.75,2.619999885559082,2.7100000381469727,6300
2020-05-11,2.759999990463257,2.759999990463257,2.759999990463257,2.759999990463257,200
2020-05-12,2.736999988555908,2.736999988555908,2.549999952316284,2.549999952316284,800
2020-05-13,2.7100000381469727,2.7899999618530273,2.5999999046325684,2.7899999618530273,4100
2020-05-14,2.740000009536743,2.75,2.619999885559082,2.75,2200
2020-05-15,2.7300000190734863,2.7300000190734863,2.700000047683716,2.7100000381469727,1400
2020-05-18,2.740000009536743,2.75,2.609999895095825,2.7100000381469727,1800
2020-05-19,2.740000009536743,2.740000009536743,2.740000009536743,2.740000009536743,0
2020-05-20,2.7300000190734863,2.7300000190734863,2.7200000286102295,2.7200000286102295,1100
2020-05-21,2.7300000190734863,2.7300000190734863,2.7200000286102295,2.7200000286102295,4300
2020-05-22,2.7300000190734863,2.7300000190734863,2.7300000190734863,2.7300000190734863,0
2020-05-26,2.7899999618530273,2.7899999618530273,2.5299999713897705,2.5299999713897705,500
2020-05-27,2.7990000247955322,3.0,2.5199999809265137,2.5199999809265137,6200
2020-05-28,2.799999952316284,2.799999952316284,2.6549999713897705,2.6549999713897705,700
2020-05-29,2.680000066757202,2.990000009536743,2.615000009536743,2.640000104904175,1800
2020-06-01,2.700000047683716,2.930000066757202,2.674999952316284,2.869999885559082,1300
2020-06-02,2.700000047683716,2.878000020980835,2.700000047683716,2.878000020980835,2900
2020-06-03,2.700000047683716,2.700000047683716,2.700000047683716,2.700000047683716,500
2020-06-04,2.869999885559082,2.940000057220459,2.630000114440918,2.7249999046325684,900
2020-06-05,2.869999885559082,2.869999885559082,2.869999885559082,2.869999885559082,0
2020-06-08,2.869999885559082,2.869999885559082,2.869999885559082,2.869999885559082,0
2020-06-09,2.8499999046325684,2.8499999046325684,2.8499999046325684,2.8499999046325684,600
2020-06-10,2.6570000648498535,4.099999904632568,2.0999999046325684,2.819999933242798,165900
2020-06-11,2.5899999141693115,2.6500000953674316,2.4000000953674316,2.440000057220459,17900
2020-06-12,2.700000047683716,3.5,2.5999999046325684,3.0199999809265137,94200
2020-06-15,3.5,4.409999847412109,2.700000047683716,3.0199999809265137,142200
2020-06-16,3.3399999141693115,3.5,3.0899999141693115,3.5,37000
2020-06-17,3.0,3.434000015258789,3.0,3.299999952316284,12200
2020-06-18,2.8499999046325684,3.4000000953674316,2.799999952316284,3.140000104904175,35600
2020-06-19,2.7200000286102295,2.9230000972747803,2.700000047683716,2.9230000972747803,14100
2020-06-22,2.6500000953674316,2.990000009536743,2.6500000953674316,2.930000066757202,13300
2020-06-23,2.6500000953674316,2.7799999713897705,2.6500000953674316,2.700000047683716,10600
2020-06-24,2.7100000381469727,3.058000087738037,2.680000066757202,3.058000087738037,9100
2020-06-25,2.700000047683716,2.989000082015991,2.700000047683716,2.9000000953674316,3300
2020-06-26,2.9000000953674316,2.940000057220459,2.7100000381469727,2.7100000381469727,13300
2020-06-29,2.684999942779541,2.880000114440918,2.6500000953674316,2.880000114440918,10900
2020-06-30,2.7200000286102295,2.819000005722046,2.700000047683716,2.819000005722046,3400
2020-07-01,2.799999952316284,2.8399999141693115,2.609999895095825,2.8399999141693115,2900
2020-07-02,2.9700000286102295,3.0999999046325684,2.7100000381469727,2.7699999809265137,17400
2020-07-06,3.075000047683716,3.1500000953674316,2.9000000953674316,3.1500000953674316,2000
2020-07-07,3.130000114440918,3.2200000286102295,2.690000057220459,3.1500000953674316,8900
2020-07-08,3.1500000953674316,3.1500000953674316,2.940000057220459,2.940000057220459,600
2020-07-09,2.9800000190734863,2.990000009536743,2.8399999141693115,2.8399999141693115,1200
2020-07-10,3.0899999141693115,3.1389999389648438,2.799999952316284,3.1389999389648438,1800
2020-07-13,3.240000009536743,3.240000009536743,2.9700000286102295,2.9839999675750732,8500
2020-07-14,3.25,3.25,3.2200000286102295,3.25,600
2020-07-15,3.25,3.25,3.25,3.25,0
2020-07-16,3.25,3.25,3.25,3.25,0
2020-07-17,3.0999999046325684,3.25,2.799999952316284,3.25,3400
2020-07-20,3.25,3.25,3.25,3.25,200
2020-07-21,3.2100000381469727,3.240000009536743,3.049999952316284,3.049999952316284,2200
2020-07-22,2.9820001125335693,3.069999933242798,2.9820001125335693,3.069999933242798,1000
2020-07-23,3.049999952316284,3.049999952316284,3.049999952316284,3.049999952316284,100
2020-07-24,3.071000099182129,3.0999999046325684,2.941999912261963,2.941999912261963,1300
2020-07-27,3.190000057220459,3.190000057220459,3.190000057220459,3.190000057220459,100
2020-07-28,3.0899999141693115,3.0999999046325684,2.9200000762939453,2.950000047683716,3000
2020-07-29,3.0199999809265137,3.1500000953674316,2.880000114440918,3.1500000953674316,1400
2020-07-30,2.990000009536743,2.990000009536743,2.990000009536743,2.990000009536743,1000
2020-07-31,2.880000114440918,3.200000047683716,2.880000114440918,2.9800000190734863,10000
2020-08-03,3.069999933242798,3.119999885559082,2.9800000190734863,2.9800000190734863,3500
2020-08-04,3.069999933242798,3.069999933242798,3.069999933242798,3.069999933242798,100
2020-08-05,3.119999885559082,4.539999961853027,2.9800000190734863,3.0399999618530273,180900
2020-08-06,3.25,3.4000000953674316,2.7639999389648438,3.4000000953674316,43300
2020-08-07,3.0880000591278076,3.549999952316284,2.930000066757202,3.1700000762939453,64100
2020-08-10,3.3949999809265137,3.6700000762939453,3.0490000247955322,3.0799999237060547,52000
2020-08-11,3.180000066757202,3.4800000190734863,3.1500000953674316,3.4800000190734863,6200
2020-08-12,3.3399999141693115,3.3399999141693115,3.200000047683716,3.2300000190734863,900
2020-08-13,3.4700000286102295,3.4800000190734863,3.244999885559082,3.244999885559082,7000
2020-08-14,3.430000066757202,3.6500000953674316,3.2829999923706055,3.503999948501587,9500
2020-08-17,3.950000047683716,4.389999866485596,3.319999933242798,3.430000066757202,67500
2020-08-18,3.688999891281128,3.8399999141693115,3.6500000953674316,3.8399999141693115,4200
2020-08-19,4.079999923706055,4.164999961853027,3.630000114440918,3.7119998931884766,16400
2020-08-20,3.7899999618530273,4.164999961853027,3.7739999294281006,4.109000205993652,5700
2020-08-21,3.7300000190734863,3.890000104904175,3.4800000190734863,3.4800000190734863,7500
2020-08-24,3.5739998817443848,3.6600000858306885,3.3399999141693115,3.6600000858306885,4400
2020-08-25,3.75,3.75,3.434999942779541,3.565000057220459,8000
2020-08-26,3.690000057220459,3.690000057220459,3.380000114440918,3.380000114440918,600
2020-08-27,4.136000156402588,4.329999923706055,3.690000057220459,3.690000057220459,36500
2020-08-28,4.300000190734863,4.829999923706055,4.019999980926514,4.210000038146973,51600
2020-08-31,4.302999973297119,4.591000080108643,4.184000015258789,4.380000114440918,9600
2020-09-01,4.478000164031982,4.519999980926514,4.236999988555908,4.236999988555908,6300
2020-09-02,4.811999797821045,5.067999839782715,4.079999923706055,4.079999923706055,50000
2020-09-03,4.309000015258789,4.980000019073486,4.179999828338623,4.550000190734863,26500
2020-09-04,4.050000190734863,4.860000133514404,3.9800000190734863,4.420000076293945,10200
2020-09-08,4.019999980926514,4.150000095367432,3.7699999809265137,3.8499999046325684,15500
2020-09-09,3.9700000286102295,4.019999980926514,3.9700000286102295,4.019999980926514,3200
2020-09-10,3.990000009536743,4.270999908447266,3.990000009536743,4.270999908447266,6100
2020-09-11,4.0,4.170000076293945,3.630000114440918,3.819999933242798,24000
2020-09-14,4.034999847412109,4.034999847412109,3.680000066757202,3.8350000381469727,5500
2020-09-15,4.0,4.119999885559082,3.992000102996826,3.992000102996826,800
2020-09-16,4.150000095367432,4.460000038146973,4.0,4.204999923706055,10900
2020-09-17,4.010000228881836,4.010000228881836,3.8499999046325684,3.859999895095825,3000
2020-09-18,4.085000038146973,4.085000038146973,3.5399999618530273,3.9000000953674316,1800
2020-09-21,3.859999895095825,3.9000000953674316,3.7100000381469727,3.9000000953674316,4800
2020-09-22,3.9700000286102295,3.9700000286102295,3.859999895095825,3.859999895095825,700
2020-09-23,4.199999809265137,4.489999771118164,3.697999954223633,3.799999952316284,14900
2020-09-24,4.070000171661377,4.190000057220459,3.8469998836517334,4.0,4500
2020-09-25,4.300000190734863,4.5,4.120999813079834,4.190000057220459,10100
2020-09-28,4.925000190734863,5.849999904632568,4.090000152587891,4.300000190734863,190700
2020-09-29,4.769999980926514,5.699999809265137,4.309999942779541,5.619999885559082,252800
2020-09-30,4.510000228881836,5.46999979019165,4.349999904632568,5.349999904632568,128500
2020-10-01,4.4029998779296875,4.599999904632568,4.099999904632568,4.139999866485596,21600
2020-10-02,4.0,4.340000152587891,3.559999942779541,4.099999904632568,33700
2020-10-05,4.039999961853027,4.179999828338623,3.799999952316284,4.0,13400
2020-10-06,3.9200000762939453,4.166999816894531,3.8499999046325684,3.859999895095825,8200
2020-10-07,4.010000228881836,4.070000171661377,3.9000000953674316,4.067999839782715,4200
2020-10-08,3.9200000762939453,4.045000076293945,3.8499999046325684,4.0,11700
2020-10-09,4.36299991607666,4.760000228881836,3.759999990463257,3.8499999046325684,37900
2020-10-12,4.369999885559082,4.920000076293945,4.110000133514404,4.256999969482422,101100
2020-10-13,4.309999942779541,4.531000137329102,4.269999980926514,4.269999980926514,2100
2020-10-14,4.715000152587891,5.0,4.300000190734863,4.300000190734863,45200
2020-10-15,4.269999980926514,5.829999923706055,4.059999942779541,5.75,1581200
2020-10-16,3.609999895095825,4.099999904632568,3.5299999713897705,4.099999904632568,80700
2020-10-19,3.6500000953674316,3.9809999465942383,3.5850000381469727,3.609999895095825,42000
2020-10-20,3.7119998931884766,3.796999931335449,3.4800000190734863,3.690000057220459,20500
2020-10-21,3.8499999046325684,3.940000057220459,3.5899999141693115,3.5899999141693115,20300
2020-10-22,3.6500000953674316,3.7850000858306885,3.6500000953674316,3.7699999809265137,12700
2020-10-23,3.312999963760376,3.7100000381469727,3.312999963760376,3.7100000381469727,9700
2020-10-26,3.4700000286102295,3.4700000286102295,3.380000114440918,3.430000066757202,10500
2020-10-27,3.450000047683716,3.630000114440918,3.450000047683716,3.5999999046325684,15200
2020-10-28,3.4600000381469727,3.5350000858306885,3.4100000858306885,3.4600000381469727,7300
2020-10-29,3.430000066757202,3.5299999713897705,3.430000066757202,3.4600000381469727,6000
2020-10-30,3.450000047683716,3.5299999713897705,3.2699999809265137,3.5299999713897705,11000
2020-11-02,3.5399999618530273,3.630000114440918,3.5,3.5799999237060547,11000
2020-11-03,3.4839999675750732,3.575000047683716,3.4649999141693115,3.4820001125335693,1900
2020-11-04,3.430000066757202,3.5399999618530273,3.3399999141693115,3.5399999618530273,5800
2020-11-05,3.390000104904175,3.552999973297119,3.3499999046325684,3.4100000858306885,3500
2020-11-06,3.3499999046325684,3.4100000858306885,3.3499999046325684,3.4000000953674316,1400
2020-11-09,3.5899999141693115,3.700000047683716,3.184999942779541,3.2679998874664307,65000
2020-11-10,3.5399999618530273,3.630000114440918,3.3499999046325684,3.4600000381469727,13500
2020-11-11,3.359999895095825,3.509999990463257,3.319999933242798,3.509999990463257,1800
2020-11-12,3.3380000591278076,3.4600000381469727,3.319999933242798,3.319999933242798,9400
2020-11-13,3.3299999237060547,3.5169999599456787,3.305000066757202,3.3559999465942383,4800
2020-11-16,3.309999942779541,3.3499999046325684,3.200000047683716,3.2100000381469727,8700
2020-11-17,3.2699999809265137,3.3299999237060547,3.2699999809265137,3.3299999237060547,2100
2020-11-18,3.5799999237060547,4.239999771118164,3.2750000953674316,3.299999952316284,240500
2020-11-19,3.4709999561309814,3.7899999618530273,3.4000000953674316,3.7799999713897705,19000
2020-11-20,3.4200000762939453,3.490000009536743,3.4000000953674316,3.4700000286102295,9900
2020-11-23,3.5299999713897705,3.5999999046325684,3.5,3.5829999446868896,10300
2020-11-24,3.640000104904175,3.8399999141693115,3.4100000858306885,3.5299999713897705,26100
2020-11-25,3.565000057220459,3.7899999618530273,3.4830000400543213,3.6500000953674316,7900
2020-11-27,3.5789999961853027,3.6549999713897705,3.48799991607666,3.48799991607666,1200
2020-11-30,3.5980000495910645,3.677999973297119,3.4800000190734863,3.4800000190734863,5100
2020-12-01,3.6500000953674316,3.759999990463257,3.509999990463257,3.7300000190734863,6200
2020-12-02,3.5850000381469727,3.6600000858306885,3.490000009536743,3.6600000858306885,4600
2020-12-03,3.619999885559082,3.619999885559082,3.5490000247955322,3.549999952316284,1400
2020-12-04,4.079999923706055,5.0,3.630000114440918,3.6500000953674316,553600
2020-12-07,3.5999999046325684,3.9000000953674316,3.4100000858306885,3.9000000953674316,127800
2020-12-08,3.549999952316284,3.5999999046325684,3.450000047683716,3.5899999141693115,25200
2020-12-09,3.450000047683716,3.549999952316284,3.450000047683716,3.549999952316284,3500
2020-12-10,3.5,3.569000005722046,3.4600000381469727,3.569000005722046,3000
2020-12-11,4.010000228881836,5.199999809265137,3.509999990463257,3.569999933242798,1708700
2020-12-14,3.6600000858306885,3.950000047683716,3.5799999237060547,3.8399999141693115,154600
2020-12-15,3.6700000762939453,3.802000045776367,3.559999942779541,3.559999942779541,54600
2020-12-16,3.859999895095825,3.9609999656677246,3.7249999046325684,3.799999952316284,23800
2020-12-17,3.859999895095825,4.239999771118164,3.765000104904175,3.8499999046325684,90000
2020-12-18,3.927000045776367,4.099999904632568,3.759999990463257,3.944000005722046,28200
2020-12-21,4.28000020980835,4.449999809265137,3.7990000247955322,3.950000047683716,76200
2020-12-22,4.078999996185303,4.400000095367432,3.9600000381469727,4.239999771118164,38100
2020-12-23,4.050000190734863,4.105000019073486,3.9700000286102295,4.105000019073486,12300
2020-12-24,3.9600000381469727,4.039999961853027,3.819999933242798,4.0,28800
2020-12-28,4.53000020980835,5.5,3.990000009536743,4.199999809265137,304800
2020-12-29,4.260000228881836,4.429999828338623,4.159999847412109,4.429999828338623,10400
2020-12-30,4.489999771118164,4.659999847412109,4.329999923706055,4.533999919891357,7400
2020-12-31,4.199999809265137,4.510000228881836,3.950000047683716,4.40500020980835,64500
2021-01-04,4.118000030517578,4.190000057220459,3.880000114440918,4.190000057220459,17200
2021-01-05,4.170000076293945,4.289000034332275,4.0,4.130000114440918,17000
2021-01-06,4.269999980926514,4.269999980926514,4.0920000076293945,4.2210001945495605,6900
2021-01-07,4.159999847412109,4.369999885559082,4.159999847412109,4.239999771118164,5900
2021-01-08,4.510000228881836,4.840000152587891,4.249000072479248,4.263000011444092,96500
2021-01-11,4.570000171661377,4.599999904632568,4.3979997634887695,4.46999979019165,19500
2021-01-12,4.400000095367432,4.570000171661377,4.361000061035156,4.570000171661377,1100
2021-01-13,4.269999980926514,4.389999866485596,4.150000095367432,4.320000171661377,10500
2021-01-14,4.289999961853027,4.440000057220459,4.150000095367432,4.215000152587891,19200
2021-01-15,4.230000019073486,4.400000095367432,4.159999847412109,4.289999961853027,15200
2021-01-19,4.309999942779541,4.585999965667725,4.269999980926514,4.389999866485596,10600
2021-01-20,4.400000095367432,4.400000095367432,4.2170000076293945,4.400000095367432,9500
2021-01-21,4.329999923706055,4.800000190734863,4.267000198364258,4.349999904632568,67600
2021-01-22,4.409999847412109,4.465000152587891,4.309999942779541,4.409999847412109,7400
2021-01-25,4.639999866485596,4.76800012588501,4.329999923706055,4.355000019073486,96800
2021-01-26,4.550000190734863,5.199999809265137,4.400000095367432,4.900000095367432,184800
2021-01-27,4.228000164031982,4.550000190734863,4.199999809265137,4.320000171661377,39200
2021-01-28,4.579999923706055,4.699999809265137,4.335999965667725,4.449999809265137,77700
2021-01-29,4.400000095367432,5.099999904632568,4.369999885559082,4.789999961853027,91000
2021-02-01,4.541999816894531,4.901000022888184,4.34499979019165,4.389999866485596,50700
2021-02-02,4.539999961853027,4.741000175476074,4.517000198364258,4.679999828338623,16200
2021-02-03,4.610000133514404,4.789999961853027,4.599999904632568,4.789999961853027,11000
2021-02-04,4.800000190734863,4.929999828338623,4.675000190734863,4.764999866485596,55100
2021-02-05,4.940000057220459,5.260000228881836,4.829999923706055,4.900000095367432,101200
2021-02-08,4.829999923706055,5.138999938964844,4.815999984741211,4.960000038146973,18500
2021-02-09,5.070000171661377,5.190000057220459,5.010000228881836,5.050000190734863,29800
2021-02-10,4.570000171661377,5.091000080108643,4.400000095367432,5.039999961853027,81500
2021-02-11,4.449999809265137,4.6539998054504395,4.394999980926514,4.619999885559082,15500
2021-02-12,4.610000133514404,4.89900016784668,4.256999969482422,4.489999771118164,62600
2021-02-16,5.050000190734863,5.150000095367432,4.690000057220459,4.71999979019165,84500
2021-02-17,4.940000057220459,5.400000095367432,4.849999904632568,4.920000076293945,93200
2021-02-18,5.010000228881836,5.179999828338623,4.889999866485596,5.090000152587891,10800
2021-02-19,4.920000076293945,5.150000095367432,4.920000076293945,4.940000057220459,13300
2021-02-22,5.090000152587891,5.192999839782715,4.949999809265137,5.010000228881836,33900
2021-02-23,4.699999809265137,4.995999813079834,4.699999809265137,4.809999942779541,49300
2021-02-24,4.820000171661377,4.820000171661377,4.710000038146973,4.795000076293945,4600
2021-02-25,4.550000190734863,4.809999942779541,4.550000190734863,4.739999771118164,6800
2021-02-26,4.389999866485596,4.684999942779541,4.349999904632568,4.684999942779541,14100
2021-03-01,4.380000114440918,4.644999980926514,4.380000114440918,4.559999942779541,3200
2021-03-02,4.420000076293945,4.710000038146973,4.400000095367432,4.710000038146973,3300
2021-03-03,4.369999885559082,4.679999828338623,4.349999904632568,4.420000076293945,7300
2021-03-04,4.5,4.639999866485596,4.179999828338623,4.639999866485596,8000
2021-03-05,4.019999980926514,4.46999979019165,4.019999980926514,4.400000095367432,4200
2021-03-08,4.059999942779541,4.466000080108643,3.930000066757202,4.019999980926514,13200
2021-03-09,4.340000152587891,4.340000152587891,4.302000045776367,4.302000045776367,700
2021-03-10,4.0,4.340000152587891,4.0,4.150000095367432,2700
2021-03-11,4.300000190734863,4.400000095367432,4.189000129699707,4.239999771118164,8100
2021-03-12,4.159999847412109,4.389999866485596,4.159999847412109,4.210000038146973,6300
2021-03-15,4.400000095367432,4.610000133514404,4.36899995803833,4.389999866485596,13900
2021-03-16,4.199999809265137,4.400000095367432,4.199999809265137,4.210000038146973,18800
2021-03-17,4.349999904632568,4.360000133514404,4.199999809265137,4.309999942779541,5800
2021-03-18,4.579999923706055,4.7170000076293945,4.289999961853027,4.289999961853027,20800
2021-03-19,4.25,4.449999809265137,4.25,4.449999809265137,4300
2021-03-22,4.320000171661377,4.590000152587891,4.190000057220459,4.590000152587891,8600
2021-03-23,4.489999771118164,4.489999771118164,4.275000095367432,4.309999942779541,4600
2021-03-24,4.210000038146973,4.400000095367432,4.199999809265137,4.400000095367432,20700
2021-03-25,4.119999885559082,4.300000190734863,4.119999885559082,4.119999885559082,9900
2021-03-26,4.119999885559082,4.289999961853027,4.119999885559082,4.289999961853027,3700
2021-03-29,4.269999980926514,4.269999980926514,4.25,4.25,1500
2021-03-30,4.190000057220459,4.190000057220459,4.190000057220459,4.190000057220459,400
2021-03-31,4.340000152587891,4.349999904632568,4.21999979019165,4.21999979019165,3300
2021-04-01,4.369999885559082,4.425000190734863,4.1529998779296875,4.242000102996826,6800
2021-04-05,4.230000019073486,4.5,4.21999979019165,4.369999885559082,2500
2021-04-06,4.230000019073486,4.230000019073486,4.230000019073486,4.230000019073486,0
2021-04-07,4.5,4.800000190734863,4.300000190734863,4.349999904632568,83000
2021-04-08,4.590000152587891,4.929999828338623,4.440000057220459,4.929999828338623,28600
2021-04-09,4.579999923706055,4.670000076293945,4.429999828338623,4.622000217437744,11500
2021-04-12,4.480000019073486,4.699999809265137,4.420000076293945,4.420000076293945,12500
2021-04-13,4.539999961853027,4.599999904632568,4.409999847412109,4.599999904632568,5800
2021-04-14,4.900000095367432,5.199999809265137,4.579999923706055,4.598999977111816,86300
2021-04-15,5.0,5.099999904632568,4.78000020980835,4.789999961853027,13300
2021-04-16,5.0,5.0,5.0,5.0,0
2021-04-19,4.400000095367432,4.71999979019165,4.210000038146973,4.71999979019165,17000
2021-04-20,4.199999809265137,4.468999862670898,4.159999847412109,4.340000152587891,20400
2021-04-21,4.309999942779541,4.46999979019165,4.210000038146973,4.239999771118164,14600
2021-04-22,4.269999980926514,4.349999904632568,4.269999980926514,4.329999923706055,6800
2021-04-23,4.329999923706055,4.409999847412109,4.329999923706055,4.409999847412109,900
2021-04-26,4.610000133514404,4.699999809265137,4.415999889373779,4.489999771118164,32800
2021-04-27,4.920000076293945,5.044000148773193,4.489999771118164,4.670000076293945,81300
2021-04-28,4.849999904632568,4.849999904632568,4.599999904632568,4.646999835968018,6000
2021-04-29,4.480000019073486,4.840000152587891,4.400000095367432,4.840000152587891,25100
2021-04-30,4.289999961853027,4.738999843597412,4.28000020980835,4.738999843597412,15900
2021-05-03,4.301000118255615,4.343999862670898,4.21999979019165,4.21999979019165,5200
2021-05-04,4.510000228881836,4.75,4.239999771118164,4.260000228881836,20700
2021-05-05,4.559999942779541,5.380000114440918,4.239999771118164,4.550000190734863,123200
2021-05-06,4.460000038146973,4.840000152587891,4.260000228881836,4.480000019073486,56300
2021-05-07,4.5,4.900000095367432,4.445000171661377,4.510000228881836,13600
2021-05-10,5.03000020980835,5.170000076293945,4.625,4.63100004196167,73400
2021-05-11,4.800000190734863,5.099999904632568,4.300000190734863,4.849999904632568,85100
2021-05-12,4.630000114440918,4.980000019073486,4.53000020980835,4.53000020980835,20800
2021-05-13,4.7769999504089355,4.949999809265137,4.591000080108643,4.75,15200
2021-05-14,4.789999961853027,4.900000095367432,4.670000076293945,4.820000171661377,6600
2021-05-17,4.869999885559082,4.869999885559082,4.699999809265137,4.699999809265137,3800
2021-05-18,4.796000003814697,5.150000095367432,4.739999771118164,4.869999885559082,61800
2021-05-19,4.800000190734863,4.880000114440918,4.75,4.789999961853027,9900
2021-05-20,4.900000095367432,4.90500020980835,4.800000190734863,4.800000190734863,6800
2021-05-21,4.9710001945495605,4.999000072479248,4.802000045776367,4.820000171661377,8000
2021-05-24,4.84499979019165,4.989999771118164,4.809999942779541,4.900000095367432,17900
2021-05-25,4.820000171661377,4.980000019073486,4.820000171661377,4.949999809265137,3300
2021-05-26,4.869999885559082,4.96999979019165,4.75,4.760000228881836,25100
2021-05-27,5.986999988555908,6.0,5.010000228881836,5.090000152587891,346300
2021-05-28,5.550000190734863,7.940000057220459,4.949999809265137,6.179999828338623,876300
2021-06-01,6.829999923706055,7.28000020980835,5.244999885559082,5.46999979019165,490300
2021-06-02,7.130000114440918,8.600000381469727,6.130000114440918,7.579999923706055,1320900
2021-06-03,6.679999828338623,8.199999809265137,6.269999980926514,7.53000020980835,251900
2021-06-04,6.730000019073486,6.989999771118164,6.5,6.550000190734863,27400
2021-06-07,6.949999809265137,7.199999809265137,6.380000114440918,6.570000171661377,46600
2021-06-08,6.789999961853027,7.010000228881836,6.465000152587891,6.900000095367432,59300
2021-06-09,6.480000019073486,6.909999847412109,6.369999885559082,6.690000057220459,143200
2021-06-10,6.920000076293945,6.920000076293945,6.369999885559082,6.369999885559082,146200
2021-06-11,6.659999847412109,6.913000106811523,6.5370001792907715,6.870999813079834,70700
2021-06-14,6.960000038146973,7.300000190734863,6.699999809265137,6.699999809265137,71200
2021-06-15,6.810999870300293,6.960000038146973,6.619999885559082,6.960000038146973,36400
2021-06-16,6.670000076293945,6.900000095367432,6.429999828338623,6.639999866485596,54900
2021-06-17,6.769999980926514,6.960000038146973,6.53000020980835,6.6539998054504395,64100
2021-06-18,6.849999904632568,7.0,6.550000190734863,6.769999980926514,52300
2021-06-21,6.71999979019165,7.054999828338623,6.610000133514404,6.822000026702881,28700
2021-06-22,6.980000019073486,6.989999771118164,6.659999847412109,6.989999771118164,70500
2021-06-23,6.889999866485596,7.289999961853027,6.699999809265137,6.96999979019165,133400
2021-06-24,6.670000076293945,6.940000057220459,6.670000076293945,6.940000057220459,31800
2021-06-25,6.840000152587891,6.900000095367432,6.699999809265137,6.745999813079834,43600
2021-06-28,7.099999904632568,7.300000190734863,6.702000141143799,6.7210001945495605,64200
2021-06-29,6.710000038146973,7.019999980926514,6.699999809265137,7.019999980926514,30300
2021-06-30,6.630000114440918,6.900000095367432,6.400000095367432,6.710000038146973,80300
2021-07-01,6.5,6.929999828338623,6.46999979019165,6.590000152587891,24900
2021-07-02,6.6539998054504395,6.699999809265137,6.420000076293945,6.46999979019165,27900
2021-07-06,6.239999771118164,6.860000133514404,6.150000095367432,6.6020002365112305,74900
2021-07-07,6.070000171661377,6.329999923706055,5.809999942779541,6.139999866485596,37000
2021-07-08,5.989999771118164,5.989999771118164,5.800000190734863,5.800000190734863,2200
2021-07-09,6.28000020980835,6.46999979019165,5.925000190734863,6.059999942779541,74800
2021-07-12,6.119999885559082,6.460000038146973,5.840000152587891,6.070000171661377,62300
2021-07-13,6.099999904632568,6.400000095367432,5.989999771118164,6.223999977111816,47200
2021-07-14,6.199999809265137,6.329999923706055,6.039999961853027,6.039999961853027,35800
2021-07-15,6.170000076293945,6.28000020980835,6.0,6.059999942779541,1000
2021-07-16,6.550000190734863,6.699999809265137,6.014999866485596,6.329999923706055,100000
2021-07-19,6.380000114440918,6.579999923706055,6.119999885559082,6.570000171661377,19000
2021-07-20,6.329999923706055,6.3979997634887695,6.329999923706055,6.3979997634887695,1200
2021-07-21,6.565000057220459,6.900000095367432,6.329999923706055,6.329999923706055,5500
2021-07-22,6.449999809265137,6.889999866485596,6.320000171661377,6.869999885559082,1400
2021-07-23,5.079999923706055,6.539999961853027,4.789999961853027,6.514999866485596,184600
2021-07-26,5.360000133514404,5.408999919891357,5.139999866485596,5.179999828338623,12800
2021-07-27,4.880000114440918,5.480000019073486,4.829999923706055,5.25,24400
2021-07-28,4.610000133514404,4.940000057220459,4.610000133514404,4.739999771118164,36600
2021-07-29,4.994999885559082,5.249000072479248,4.630000114440918,4.630000114440918,40400
2021-07-30,4.909999847412109,4.989999771118164,4.880000114440918,4.880000114440918,2400
2021-08-02,4.699999809265137,4.739999771118164,4.630000114440918,4.699999809265137,3400
2021-08-03,4.699999809265137,4.940000057220459,4.559999942779541,4.559999942779541,7700
2021-08-04,4.690000057220459,4.96999979019165,4.300000190734863,4.659999847412109,26600
2021-08-05,4.900000095367432,4.900000095367432,4.389999866485596,4.800000190734863,22600
2021-08-06,4.900000095367432,4.900000095367432,4.900000095367432,4.900000095367432,0
2021-08-09,4.730999946594238,4.889999866485596,4.474999904632568,4.7779998779296875,9400
2021-08-10,4.701000213623047,4.789999961853027,4.474999904632568,4.692999839782715,5000
2021-08-11,4.690000057220459,4.809999942779541,4.349999904632568,4.630000114440918,21200
2021-08-12,4.710000038146973,4.89900016784668,4.50600004196167,4.730000019073486,10600
2021-08-13,4.876999855041504,4.889999866485596,4.876999855041504,4.889999866485596,2400
2021-08-16,4.71999979019165,4.739999771118164,4.599999904632568,4.739999771118164,3700
2021-08-17,4.670000076293945,4.747000217437744,4.341000080108643,4.539999961853027,10000
2021-08-18,5.960000038146973,7.579999923706055,4.75,4.760000228881836,1566700
2021-08-19,5.699999809265137,6.340000152587891,5.099999904632568,5.789999961853027,171600
2021-08-20,5.489999771118164,6.099999904632568,5.269999980926514,5.489999771118164,113200
2021-08-23,5.079999923706055,5.150000095367432,4.909999847412109,5.150000095367432,30500
2021-08-24,5.289999961853027,5.489999771118164,4.849999904632568,4.949999809265137,56700
2021-08-25,5.045000076293945,5.099999904632568,5.0,5.040999889373779,4200
2021-08-26,4.900000095367432,5.269999980926514,4.817999839782715,5.0,19400
2021-08-27,4.860000133514404,4.960000038146973,4.820000171661377,4.834000110626221,7100
2021-08-30,4.619999885559082,4.840000152587891,4.619999885559082,4.809999942779541,14800
2021-08-31,4.599999904632568,4.730000019073486,4.599999904632568,4.679999828338623,17900
2021-09-01,4.909999847412109,5.090000152587891,4.599999904632568,4.599999904632568,54900
2021-09-02,4.949999809265137,4.960000038146973,4.800000190734863,4.820000171661377,9000
2021-09-03,4.78000020980835,4.829999923706055,4.730000019073486,4.829999923706055,5800
2021-09-07,4.909999847412109,5.449999809265137,4.800000190734863,4.800000190734863,36400
2021-09-08,4.869999885559082,4.909999847412109,4.679999828338623,4.690000057220459,17600
2021-09-09,4.75,5.0,4.738999843597412,4.909999847412109,13000
2021-09-10,4.829999923706055,4.855000019073486,4.619999885559082,4.71999979019165,13000
2021-09-13,4.880000114440918,4.980000019073486,4.675000190734863,4.760000228881836,17900
2021-09-14,4.710000038146973,4.940000057220459,4.710000038146973,4.716000080108643,12000
2021-09-15,4.710000038146973,4.859000205993652,4.710000038146973,4.789999961853027,8100
2021-09-16,4.800000190734863,4.880000114440918,4.636000156402588,4.739999771118164,9300
2021-09-17,4.510000228881836,4.78000020980835,4.510000228881836,4.711999893188477,10300
2021-09-20,4.380000114440918,4.744999885559082,4.25,4.744999885559082,7900
2021-09-21,4.420000076293945,4.599999904632568,4.420000076293945,4.599999904632568,3500
2021-09-22,4.199999809265137,4.624000072479248,4.199999809265137,4.624000072479248,4000
2021-09-23,4.28000020980835,4.400000095367432,4.199999809265137,4.400000095367432,3700
2021-09-24,4.369999885559082,4.550000190734863,4.289999961853027,4.420000076293945,31400
2021-09-27,4.260000228881836,4.380000114440918,4.21999979019165,4.329999923706055,14800
2021-09-28,4.260000228881836,4.5,4.260000228881836,4.340000152587891,2000
2021-09-29,4.320000171661377,4.329999923706055,4.260000228881836,4.28000020980835,3100
2021-09-30,4.019999980926514,4.239999771118164,4.019999980926514,4.239999771118164,13600
2021-10-01,4.230000019073486,4.230000019073486,4.03000020980835,4.03000020980835,5900
2021-10-04,4.010000228881836,4.21999979019165,4.010000228881836,4.197999954223633,3400
2021-10-05,4.059999942779541,4.210000038146973,4.03000020980835,4.129000186920166,11700
2021-10-06,4.139999866485596,4.210000038146973,4.110000133514404,4.184999942779541,2400
2021-10-07,4.150000095367432,4.5,4.079999923706055,4.090000152587891,9400
2021-10-08,4.170000076293945,4.170000076293945,4.139999866485596,4.142000198364258,400
2021-10-11,4.130000114440918,4.150000095367432,4.130000114440918,4.150000095367432,500
2021-10-12,4.340000152587891,4.340000152587891,4.214000225067139,4.214000225067139,3500
2021-10-13,4.159999847412109,4.349999904632568,4.159999847412109,4.349999904632568,900
2021-10-14,4.119999885559082,4.300000190734863,4.119999885559082,4.300000190734863,2500
2021-10-15,4.110000133514404,4.110000133514404,4.085000038146973,4.090000152587891,800
2021-10-18,4.035999774932861,4.052000045776367,4.035999774932861,4.052000045776367,1300
2021-10-19,4.025000095367432,4.150000095367432,3.950000047683716,4.099999904632568,2400
2021-10-20,4.380000114440918,4.599999904632568,4.010000228881836,4.010000228881836,57200
2021-10-21,4.0,4.341000080108643,4.0,4.341000080108643,7500
2021-10-22,4.110000133514404,4.248000144958496,4.0,4.050000190734863,4700
2021-10-25,4.28000020980835,4.320000171661377,4.110000133514404,4.289000034332275,24700
2021-10-26,4.150000095367432,4.2779998779296875,4.099999904632568,4.2779998779296875,1500
2021-10-27,4.0,4.420000076293945,4.0,4.420000076293945,6500
2021-10-28,4.119999885559082,4.255000114440918,4.010000228881836,4.204999923706055,8800
2021-10-29,4.119999885559082,4.171999931335449,4.010000228881836,4.09499979019165,5700
2021-11-01,4.070000171661377,4.150000095367432,3.994999885559082,4.099999904632568,13000
2021-11-02,4.099999904632568,4.179999828338623,4.039999961853027,4.079999923706055,3800
2021-11-03,4.239999771118164,4.239999771118164,4.09499979019165,4.09499979019165,1200
2021-11-04,4.070000171661377,4.110000133514404,4.010000228881836,4.110000133514404,2800
2021-11-05,3.9800000190734863,4.119999885559082,3.890000104904175,4.079999923706055,27800
2021-11-08,3.859999895095825,4.014999866485596,3.700000047683716,3.950000047683716,20700
2021-11-09,3.819999933242798,3.990000009536743,3.799999952316284,3.990000009536743,1600
2021-11-10,3.619999885559082,3.9600000381469727,3.609999895095825,3.6600000858306885,14100
2021-11-11,3.509999990463257,3.700000047683716,3.309999942779541,3.6600000858306885,16400
2021-11-12,3.4100000858306885,3.7799999713897705,3.259999990463257,3.7799999713897705,14000
2021-11-15,3.299999952316284,3.450000047683716,3.299999952316284,3.3499999046325684,6400
2021-11-16,3.5399999618530273,3.5399999618530273,3.2200000286102295,3.2200000286102295,700
2021-11-17,3.2799999713897705,3.76200008392334,3.2799999713897705,3.4600000381469727,4200
2021-11-18,3.119999885559082,3.3499999046325684,3.069999933242798,3.3499999046325684,3900
2021-11-19,3.200000047683716,3.240000009536743,3.1700000762939453,3.240000009536743,1400
2021-11-22,2.9800000190734863,3.0999999046325684,2.9800000190734863,3.0999999046325684,6100
2021-11-23,2.990000009536743,2.990000009536743,2.990000009536743,2.990000009536743,200
2021-11-24,2.930000066757202,2.930000066757202,2.9000000953674316,2.9000000953674316,2700
2021-11-26,2.930000066757202,2.940000057220459,2.8499999046325684,2.937000036239624,3400
2021-11-29,2.869999885559082,2.869999885559082,2.859999895095825,2.869999885559082,1300
2021-11-30,2.509999990463257,2.619999885559082,2.509999990463257,2.619999885559082,2800
2021-12-01,3.0,5.059999942779541,2.2899999618530273,2.5999999046325684,2658800
2021-12-02,2.4200000762939453,2.619999885559082,2.25,2.609999895095825,194400
2021-12-03,2.190000057220459,2.6600000858306885,2.190000057220459,2.2699999809265137,90300
2021-12-06,1.934999942779541,2.25,1.8899999856948853,2.25,20900
2021-12-07,1.9600000381469727,2.180000066757202,1.840000033378601,1.8600000143051147,54000
2021-12-08,2.1029999256134033,2.1029999256134033,1.812000036239624,1.812000036239624,6600
2021-12-09,1.9299999475479126,2.0999999046325684,1.8899999856948853,1.9500000476837158,9900
2021-12-10,2.2699999809265137,2.2699999809265137,1.899999976158142,1.909999966621399,12700
2021-12-13,2.2799999713897705,2.7100000381469727,2.0299999713897705,2.190000057220459,248700
2021-12-14,2.0299999713897705,2.4089999198913574,2.0299999713897705,2.130000114440918,39600
2021-12-15,1.899999976158142,2.075000047683716,1.8899999856948853,2.0299999713897705,70300
2021-12-16,1.9299999475479126,2.25,1.9199999570846558,1.9700000286102295,20900
2021-12-17,2.0,2.0,1.940000057220459,1.9700000286102295,11400
2021-12-20,1.9500000476837158,2.0309998989105225,1.9500000476837158,1.9600000381469727,4400
2021-12-21,1.9600000381469727,2.0199999809265137,1.899999976158142,2.0,12600
2021-12-22,1.899999976158142,2.0399999618530273,1.899999976158142,1.9450000524520874,9600
2021-12-23,1.9500000476837158,2.0799999237060547,1.9500000476837158,2.0,5200
2021-12-27,1.9299999475479126,2.0450000762939453,1.9199999570846558,1.9500000476837158,2200
2021-12-28,1.899999976158142,2.0,1.899999976158142,1.940000057220459,6400
2021-12-29,1.7799999713897705,2.140000104904175,1.7000000476837158,1.899999976158142,66300
2021-12-30,1.7699999809265137,1.8339999914169312,1.7649999856948853,1.8029999732971191,8900
2021-12-31,1.7799999713897705,1.840000033378601,1.7799999713897705,1.7899999618530273,10800
2022-01-03,1.7799999713897705,1.7799999713897705,1.7130000591278076,1.7549999952316284,4000
2022-01-04,1.7699999809265137,1.7799999713897705,1.7000000476837158,1.7799999713897705,6200
2022-01-05,1.7009999752044678,1.75,1.7009999752044678,1.7100000381469727,5500
2022-01-06,1.6699999570846558,1.6799999475479126,1.6200000047683716,1.6299999952316284,4600
2022-01-07,1.7300000190734863,1.7899999618530273,1.6299999952316284,1.7100000381469727,32100
2022-01-10,1.7400000095367432,1.8509999513626099,1.690000057220459,1.7000000476837158,7100
2022-01-11,1.7400000095367432,1.8300000429153442,1.7400000095367432,1.8300000429153442,7500
2022-01-12,1.7999999523162842,1.8509999513626099,1.7000000476837158,1.7799999713897705,1300
2022-01-13,1.7200000286102295,1.7899999618530273,1.7200000286102295,1.7599999904632568,8400
2022-01-14,1.8300000429153442,1.840000033378601,1.6799999475479126,1.6799999475479126,10000
2022-01-18,1.9299999475479126,1.9500000476837158,1.8200000524520874,1.8600000143051147,8400
2022-01-19,1.9600000381469727,1.9700000286102295,1.9299999475479126,1.9299999475479126,2800
2022-01-20,1.899999976158142,1.9800000190734863,1.8899999856948853,1.940000057220459,11200
2022-01-21,1.850000023841858,1.909999966621399,1.850000023841858,1.909999966621399,5300
2022-01-24,1.809999942779541,1.8600000143051147,1.7100000381469727,1.8600000143051147,9600
2022-01-25,1.809999942779541,1.850000023841858,1.7599999904632568,1.8200000524520874,7600
2022-01-26,1.840000033378601,1.8899999856948853,1.840000033378601,1.8899999856948853,1100
2022-01-27,1.809999942779541,2.4100000858306885,1.4299999475479126,2.309999942779541,2471700
2022-01-28,1.5240000486373901,1.7100000381469727,1.399999976158142,1.6799999475479126,81700
2022-01-31,1.5800000429153442,1.5800000429153442,1.4500000476837158,1.559999942779541,25500
2022-02-01,1.6799999475479126,1.809999942779541,1.6299999952316284,1.6299999952316284,583000
2022-02-02,2.440000057220459,2.869999885559082,2.119999885559082,2.6389999389648438,30322700
2022-02-03,2.2100000381469727,2.2699999809265137,1.940000057220459,1.940000057220459,1177300
2022-02-04,2.190000057220459,2.450000047683716,1.9500000476837158,2.0,531700
2022-02-07,2.194999933242798,2.260999917984009,2.0199999809265137,2.0199999809265137,181000
2022-02-08,2.359999895095825,2.380000114440918,1.909999966621399,1.909999966621399,262100
2022-02-09,2.299999952316284,2.3970000743865967,2.1700000762939453,2.2699999809265137,83000
2022-02-10,2.299999952316284,2.3399999141693115,2.180000066757202,2.240000009536743,67600
2022-02-11,2.440000057220459,2.450000047683716,2.2300000190734863,2.240000009536743,186900
2022-02-14,2.430000066757202,2.4800000190734863,2.2200000286102295,2.390000104904175,86800
2022-02-15,2.5399999618530273,2.640000104904175,2.359999895095825,2.359999895095825,270900
2022-02-16,2.7699999809265137,2.9200000762939453,2.5,2.5399999618530273,313600
2022-02-17,2.75,3.3399999141693115,2.549999952316284,3.049999952316284,4954900
2022-02-18,2.9800000190734863,3.140000104904175,2.569999933242798,2.569999933242798,190600
2022-02-22,3.0899999141693115,3.2799999713897705,2.8399999141693115,2.8399999141693115,242000
2022-02-23,2.809999942779541,3.1700000762939453,2.4600000381469727,3.059999942779541,136100
2022-02-24,2.8299999237060547,2.9000000953674316,2.630000114440918,2.630000114440918,88900
2022-02-25,2.9000000953674316,2.9000000953674316,2.700000047683716,2.8299999237060547,26200
2022-02-28,3.1700000762939453,3.5899999141693115,2.759999990463257,2.9000000953674316,1314100
2022-03-01,2.819999933242798,3.190000057220459,2.740000009536743,3.0999999046325684,170800
2022-03-02,2.640000104904175,2.940000057220459,2.5399999618530273,2.799999952316284,128000
2022-03-03,2.5999999046325684,2.7799999713897705,2.559999942779541,2.559999942779541,38900
2022-03-04,2.7799999713897705,2.880000114440918,2.5199999809265137,2.549999952316284,321300
2022-03-07,2.490000009536743,2.890000104904175,2.3499999046325684,2.75,345100
2022-03-08,2.440000057220459,2.75,2.364000082015991,2.5399999618530273,51000
2022-03-09,1.9500000476837158,2.749000072479248,1.840000033378601,2.319999933242798,102400
2022-03-10,2.069999933242798,2.200000047683716,1.9700000286102295,2.0199999809265137,59200
2022-03-11,1.899999976158142,2.200000047683716,1.899999976158142,2.0,161300
2022-03-14,1.7699999809265137,2.049999952316284,1.7699999809265137,1.940000057220459,31900
2022-03-15,1.7200000286102295,1.875,1.659999966621399,1.75600004196167,34400
2022-03-16,2.759999990463257,3.259999990463257,1.7200000286102295,1.7200000286102295,4702800
2022-03-17,2.059999942779541,2.450000047683716,1.9500000476837158,2.4100000858306885,354400
2022-03-18,2.25,2.5399999618530273,2.049999952316284,2.0999999046325684,796000
2022-03-21,2.0399999618530273,2.0999999046325684,1.909999966621399,2.0799999237060547,126300
2022-03-22,2.309999942779541,2.4600000381469727,2.0399999618530273,2.0399999618530273,443500
2022-03-23,2.299999952316284,2.4170000553131104,2.0199999809265137,2.3299999237060547,277700
2022-03-24,2.2799999713897705,2.380000114440918,2.190000057220459,2.2699999809265137,40200
2022-03-25,2.109999895095825,2.2679998874664307,2.0299999713897705,2.130000114440918,32600
2022-03-28,2.069999933242798,2.1419999599456787,2.0299999713897705,2.0999999046325684,17200
2022-03-29,2.0999999046325684,2.193000078201294,2.0799999237060547,2.109999895095825,29000
2022-03-30,2.1700000762939453,2.299999952316284,2.130000114440918,2.2300000190734863,51600
2022-03-31,2.0799999237060547,2.2899999618530273,2.069999933242798,2.2899999618530273,25900
2022-04-01,2.0999999046325684,2.200000047683716,2.049999952316284,2.200000047683716,24400
2022-04-04,2.1500000953674316,2.1500000953674316,2.0299999713897705,2.0299999713897705,10200
2022-04-05,2.109999895095825,2.190000057220459,2.049999952316284,2.049999952316284,13600
2022-04-06,2.1700000762939453,2.200000047683716,2.009999990463257,2.009999990463257,35600
2022-04-07,2.0799999237060547,2.177999973297119,2.069999933242798,2.069999933242798,3000
2022-04-08,2.0859999656677246,2.1500000953674316,2.069999933242798,2.072999954223633,29900
2022-04-11,2.049999952316284,2.177000045776367,2.0,2.059999942779541,9600
2022-04-12,2.0799999237060547,2.0799999237060547,2.0260000228881836,2.0369999408721924,7600
2022-04-13,2.069999933242798,2.1500000953674316,2.0399999618530273,2.062999963760376,22000
2022-04-14,2.0299999713897705,2.138000011444092,2.0299999713897705,2.049999952316284,7700
2022-04-18,2.0199999809265137,2.049999952316284,2.0,2.049999952316284,4000
2022-04-19,2.0,2.0199999809265137,2.0,2.0199999809265137,5900
2022-04-20,1.9900000095367432,2.0,1.9900000095367432,2.0,23900
2022-04-21,2.0199999809265137,2.0999999046325684,2.009999990463257,2.009999990463257,14400
2022-04-22,2.0899999141693115,2.0999999046325684,2.009999990463257,2.0899999141693115,35000
2022-04-25,1.9199999570846558,2.0199999809265137,1.8960000276565552,2.0199999809265137,9100
2022-04-26,1.850000023841858,1.9500000476837158,1.8300000429153442,1.909999966621399,8100
2022-04-27,1.9800000190734863,2.009999990463257,1.9800000190734863,1.9900000095367432,2100
2022-04-28,1.850000023841858,1.9800000190734863,1.850000023841858,1.9800000190734863,6100
2022-04-29,1.8799999952316284,1.9900000095367432,1.8799999952316284,1.9800000190734863,4700
2022-05-02,1.9199999570846558,1.9199999570846558,1.8200000524520874,1.8200000524520874,3300
2022-05-03,1.9600000381469727,2.0899999141693115,1.9500000476837158,2.0899999141693115,2900
2022-05-04,1.8600000143051147,1.9500000476837158,1.8600000143051147,1.899999976158142,2700
2022-05-05,1.8600000143051147,1.8600000143051147,1.8600000143051147,1.8600000143051147,100
2022-05-06,1.8300000429153442,1.850000023841858,1.809999942779541,1.850000023841858,5100
2022-05-09,1.7389999628067017,1.8300000429153442,1.7000000476837158,1.7999999523162842,8900
2022-05-10,1.7000000476837158,1.75,1.7000000476837158,1.7400000095367432,4100
2022-05-11,1.4900000095367432,1.6799999475479126,1.409999966621399,1.649999976158142,43400
2022-05-12,1.4199999570846558,1.437000036239624,1.409999966621399,1.4199999570846558,10700
2022-05-13,1.440000057220459,1.5399999618530273,1.4299999475479126,1.4299999475479126,1300
2022-05-16,1.440000057220459,1.440000057220459,1.440000057220459,1.440000057220459,300
2022-05-17,1.5360000133514404,1.593999981880188,1.4500000476837158,1.4600000381469727,1600
2022-05-18,1.5729999542236328,1.590000033378601,1.5700000524520874,1.590000033378601,2300
2022-05-19,1.559999942779541,1.559999942779541,1.4500000476837158,1.4500000476837158,1200
2022-05-20,1.4900000095367432,1.5299999713897705,1.4600000381469727,1.4630000591278076,1700
2022-05-23,1.5,1.5,1.4500000476837158,1.4500000476837158,700
2022-05-24,1.5399999618530273,1.5399999618530273,1.5399999618530273,1.5399999618530273,600
2022-05-25,1.4700000286102295,1.5700000524520874,1.4700000286102295,1.5700000524520874,500
2022-05-26,1.4700000286102295,1.4700000286102295,1.4700000286102295,1.4700000286102295,0
2022-05-27,1.4700000286102295,1.4700000286102295,1.4700000286102295,1.4700000286102295,0
2022-05-31,1.4700000286102295,1.4700000286102295,1.4700000286102295,1.4700000286102295,0
2022-06-01,1.649999976158142,1.649999976158142,1.5800000429153442,1.590000033378601,8100
2022-06-02,1.6269999742507935,2.049999952316284,1.6100000143051147,1.9800000190734863,19900
2022-06-03,1.7100000381469727,2.0299999713897705,1.600000023841858,2.0,1300
2022-06-06,2.015000104904175,2.049999952316284,1.7999999523162842,2.049999952316284,5600
2022-06-07,1.850000023841858,2.0399999618530273,1.850000023841858,2.0199999809265137,3700
2022-06-08,1.7649999856948853,1.9500000476837158,1.7649999856948853,1.8200000524520874,13400
2022-06-09,1.600000023841858,2.0799999237060547,1.590000033378601,1.7999999523162842,18700
2022-06-10,1.8700000047683716,1.8799999952316284,1.6299999952316284,1.75,12200
2022-06-13,1.8700000047683716,1.8700000047683716,1.6100000143051147,1.6699999570846558,2100
2022-06-14,1.7799999713897705,1.7799999713897705,1.75,1.75,1000
2022-06-15,1.6100000143051147,1.7410000562667847,1.4500000476837158,1.7410000562667847,12700
2022-06-16,1.4700000286102295,1.5,1.309999942779541,1.5,9000
2022-06-17,1.4700000286102295,1.475000023841858,1.399999976158142,1.4119999408721924,3700
2022-06-21,1.600000023841858,1.659999966621399,1.4700000286102295,1.4850000143051147,8600
2022-06-22,1.6200000047683716,1.6200000047683716,1.590000033378601,1.600000023841858,800
2022-06-23,2.0869998931884766,3.1500000953674316,1.5099999904632568,1.690000057220459,2797200
2022-06-24,2.0299999713897705,2.0999999046325684,1.7949999570846558,1.8899999856948853,234000
2022-06-27,2.190000057220459,2.4000000953674316,1.840000033378601,1.9769999980926514,134400
2022-06-28,2.140000104904175,2.390000104904175,2.0299999713897705,2.119999885559082,24000
2022-06-29,2.069999933242798,2.2300000190734863,1.9019999504089355,2.0999999046325684,9700
2022-06-30,2.2880001068115234,2.2880001068115234,2.0,2.0,61300
2022-07-01,2.240000009536743,2.309999942779541,2.075000047683716,2.2899999618530273,42300
2022-07-05,2.1600000858306885,2.1600000858306885,2.119999885559082,2.119999885559082,3900
2022-07-06,2.130000114440918,2.1500000953674316,2.0299999713897705,2.0299999713897705,1600
2022-07-07,2.069999933242798,2.1700000762939453,2.069999933242798,2.140000104904175,6700
2022-07-08,2.194000005722046,2.2100000381469727,2.0220000743865967,2.0220000743865967,6400
2022-07-11,2.119999885559082,2.5,2.009999990463257,2.046999931335449,80900
2022-07-12,2.180000066757202,2.430000066757202,2.0,2.0299999713897705,23800
2022-07-13,2.380000114440918,2.805999994277954,2.0999999046325684,2.140000104904175,864600
2022-07-14,2.424999952316284,2.549999952316284,2.0999999046325684,2.3499999046325684,96000
2022-07-15,2.259999990463257,2.4200000762939453,2.259999990463257,2.4200000762939453,11100
2022-07-18,1.9600000381469727,2.3550000190734863,1.9199999570846558,2.259999990463257,41800
2022-07-19,1.9199999570846558,2.009000062942505,1.8200000524520874,2.0,18800
2022-07-20,1.8700000047683716,2.0,1.7999999523162842,1.8819999694824219,7000
2022-07-21,1.809999942779541,1.8600000143051147,1.774999976158142,1.7999999523162842,11100
2022-07-22,1.850000023841858,1.8990000486373901,1.7400000095367432,1.75,57100
2022-07-25,1.809999942779541,1.9299999475479126,1.7020000219345093,1.9299999475479126,40000
2022-07-26,1.7999999523162842,1.7999999523162842,1.6699999570846558,1.7300000190734863,1000
2022-07-27,1.840000033378601,1.840000033378601,1.690000057220459,1.7100000381469727,1900
2022-07-28,1.840000033378601,1.840000033378601,1.840000033378601,1.840000033378601,400
2022-07-29,1.75,1.850000023841858,1.75,1.75,3300
2022-08-01,1.7999999523162842,1.7999999523162842,1.7669999599456787,1.7669999599456787,1800
2022-08-02,3.4210000038146973,3.5399999618530273,1.75,1.7799999713897705,1710300
2022-08-03,2.5,3.390000104904175,1.899999976158142,2.509999990463257,1222000
2022-08-04,2.1500000953674316,2.4100000858306885,2.0,2.319999933242798,82700
2022-08-05,2.450000047683716,3.25,2.009999990463257,2.009999990463257,1284100
2022-08-08,2.4200000762939453,2.690000057220459,2.259999990463257,2.319999933242798,82800
2022-08-09,2.2699999809265137,2.859999895095825,2.180000066757202,2.3499999046325684,398100
2022-08-10,2.0799999237060547,2.309999942779541,2.0199999809265137,2.299999952316284,89600
2022-08-11,2.140000104904175,2.2699999809265137,2.1050000190734863,2.2699999809265137,37400
2022-08-12,2.0199999809265137,2.140000104904175,2.009999990463257,2.0999999046325684,40100
2022-08-15,2.0299999713897705,2.2699999809265137,1.9700000286102295,2.0199999809265137,80100
2022-08-16,2.130000114440918,2.299999952316284,2.0280001163482666,2.049999952316284,83300
2022-08-17,2.119999885559082,2.255000114440918,2.049999952316284,2.069999933242798,17300
2022-08-18,2.140000104904175,2.2100000381469727,2.0199999809265137,2.0199999809265137,18400
2022-08-19,2.059999942779541,2.25,2.002000093460083,2.002000093460083,54500
2022-08-22,1.850000023841858,2.1700000762939453,1.809999942779541,2.0899999141693115,77300
2022-08-23,1.8600000143051147,1.9299999475479126,1.840000033378601,1.899999976158142,14600
2022-08-24,2.009999990463257,2.119999885559082,1.9299999475479126,2.049999952316284,46100
2022-08-25,2.0799999237060547,2.25,2.00600004196167,2.140000104904175,47800
2022-08-26,1.850000023841858,2.1600000858306885,1.8300000429153442,2.128999948501587,41700
2022-08-29,1.9299999475479126,1.9299999475479126,1.7400000095367432,1.7400000095367432,16300
2022-08-30,1.809999942779541,1.9199999570846558,1.809999942779541,1.8899999856948853,19900
2022-08-31,2.1589999198913574,2.25,1.8200000524520874,1.8200000524520874,247400
2022-09-01,2.140000104904175,2.2200000286102295,1.944000005722046,2.2200000286102295,34300
2022-09-02,1.8600000143051147,2.049999952316284,1.8200000524520874,2.049999952316284,36700
2022-09-06,1.8600000143051147,1.9119999408721924,1.7999999523162842,1.809999942779541,17600
2022-09-07,1.850000023841858,1.8650000095367432,1.8300000429153442,1.840000033378601,4500
2022-09-08,1.8899999856948853,1.8899999856948853,1.8300000429153442,1.850000023841858,4300
2022-09-09,1.9119999408721924,2.0350000858306885,1.9119999408721924,1.9199999570846558,5900
2022-09-12,1.9299999475479126,2.0,1.8600000143051147,1.8600000143051147,4000
2022-09-13,1.9500000476837158,2.0480000972747803,1.8700000047683716,1.909999966621399,14700
2022-09-14,1.8700000047683716,2.0910000801086426,1.8200000524520874,2.0,5200
2022-09-15,1.9199999570846558,2.0899999141693115,1.899999976158142,1.9500000476837158,17500
2022-09-16,1.9859999418258667,2.005000114440918,1.8799999952316284,2.005000114440918,1500
2022-09-19,1.9199999570846558,1.9199999570846558,1.8799999952316284,1.8799999952316284,2200
2022-09-20,1.8700000047683716,1.9299999475479126,1.850000023841858,1.9199999570846558,15300
2022-09-21,1.940000057220459,1.940000057220459,1.7999999523162842,1.7999999523162842,1800
2022-09-22,1.9049999713897705,1.9500000476837158,1.8700000047683716,1.9500000476837158,2100
2022-09-23,1.6299999952316284,1.8600000143051147,1.6299999952316284,1.8600000143051147,15500
2022-09-26,1.6699999570846558,1.840000033378601,1.6699999570846558,1.6699999570846558,3100
2022-09-27,1.6740000247955322,1.6740000247955322,1.6699999570846558,1.6699999570846558,1000
2022-09-28,1.649999976158142,1.7000000476837158,1.649999976158142,1.7000000476837158,3500
2022-09-29,1.7990000247955322,1.8600000143051147,1.7990000247955322,1.8600000143051147,1400
2022-09-30,1.7100000381469727,1.7430000305175781,1.649999976158142,1.7430000305175781,3600
2022-10-03,1.809999942779541,1.899999976158142,1.649999976158142,1.649999976158142,2000
2022-10-04,1.7300000190734863,1.7799999713897705,1.7300000190734863,1.7799999713897705,900
2022-10-05,1.840000033378601,1.840000033378601,1.6799999475479126,1.690000057220459,1800
2022-10-06,1.7100000381469727,1.840000033378601,1.659999966621399,1.840000033378601,2000
2022-10-07,1.649999976158142,1.9600000381469727,1.649999976158142,1.9600000381469727,9800
2022-10-10,1.6299999952316284,1.690000057220459,1.600000023841858,1.649999976158142,8400
2022-10-11,1.5299999713897705,1.5800000429153442,1.5299999713897705,1.5800000429153442,1000
2022-10-12,1.6299999952316284,1.7000000476837158,1.5,1.5700000524520874,12400
2022-10-13,1.715000033378601,1.715000033378601,1.5,1.5099999904632568,700
2022-10-14,1.715000033378601,1.715000033378601,1.715000033378601,1.715000033378601,100
2022-10-17,1.5299999713897705,1.5299999713897705,1.4980000257492065,1.4980000257492065,400
2022-10-18,1.5299999713897705,1.600000023841858,1.5299999713897705,1.600000023841858,1300
2022-10-19,1.5299999713897705,1.5299999713897705,1.5299999713897705,1.5299999713897705,200
2022-10-20,1.649999976158142,1.649999976158142,1.649999976158142,1.649999976158142,100
2022-10-21,1.649999976158142,1.649999976158142,1.649999976158142,1.649999976158142,600
2022-10-24,1.7120000123977661,1.7209999561309814,1.5399999618530273,1.6089999675750732,4500
2022-10-25,1.7200000286102295,1.7200000286102295,1.7200000286102295,1.7200000286102295,100
2022-10-26,1.6109999418258667,1.6109999418258667,1.6109999418258667,1.6109999418258667,500
2022-10-27,1.6100000143051147,1.6150000095367432,1.6100000143051147,1.6150000095367432,1000
2022-10-28,1.590000033378601,1.6100000143051147,1.5700000524520874,1.600000023841858,4600
2022-10-31,1.600000023841858,1.6699999570846558,1.5399999618530273,1.5399999618530273,5200
2022-11-01,1.600000023841858,1.600000023841858,1.600000023841858,1.600000023841858,0
2022-11-02,1.600000023841858,1.600000023841858,1.600000023841858,1.600000023841858,0
2022-11-03,1.9500000476837158,1.9500000476837158,1.7300000190734863,1.7300000190734863,6700
2022-11-04,1.7599999904632568,1.8700000047683716,1.6699999570846558,1.8700000047683716,5600
2022-11-07,1.7400000095367432,1.7400000095367432,1.600000023841858,1.621999979019165,3700
2022-11-08,1.7000000476837158,1.7000000476837158,1.590000033378601,1.590000033378601,900
2022-11-09,1.600000023841858,1.6100000143051147,1.600000023841858,1.6100000143051147,1800
2022-11-10,1.6399999856948853,1.6399999856948853,1.6299999952316284,1.6299999952316284,500
2022-11-11,1.6399999856948853,1.6399999856948853,1.6399999856948853,1.6399999856948853,0
2022-11-14,1.5299999713897705,1.5700000524520874,1.4600000381469727,1.5399999618530273,5200
2022-11-15,1.6749999523162842,1.75,1.6749999523162842,1.75,1000
2022-11-16,1.7000000476837158,1.7000000476837158,1.7000000476837158,1.7000000476837158,600
2022-11-17,1.7000000476837158,1.7000000476837158,1.7000000476837158,1.7000000476837158,0
2022-11-18,1.7000000476837158,1.7000000476837158,1.7000000476837158,1.7000000476837158,100
2022-11-21,1.7000000476837158,1.7000000476837158,1.7000000476837158,1.7000000476837158,100
2022-11-22,1.7000000476837158,1.7000000476837158,1.7000000476837158,1.7000000476837158,100
2022-11-23,1.399999976158142,1.5,1.3300000429153442,1.3300000429153442,6800
2022-11-25,1.6119999885559082,1.6200000047683716,1.6119999885559082,1.6200000047683716,4400
2022-11-28,1.5449999570846558,1.5950000286102295,1.5449999570846558,1.5950000286102295,600
2022-11-29,1.7000000476837158,1.7000000476837158,1.649999976158142,1.649999976158142,4500
2022-11-30,1.7000000476837158,1.7000000476837158,1.7000000476837158,1.7000000476837158,0
2022-12-01,1.690000057220459,1.690000057220459,1.690000057220459,1.690000057220459,100
2022-12-02,1.7200000286102295,1.7200000286102295,1.659999966621399,1.6799999475479126,2900
2022-12-05,1.7100000381469727,1.7100000381469727,1.5529999732971191,1.7100000381469727,1500
2022-12-06,1.7100000381469727,1.7100000381469727,1.7100000381469727,1.7100000381469727,0
2022-12-07,1.5470000505447388,1.600000023841858,1.5399999618530273,1.600000023841858,3500
2022-12-08,1.5390000343322754,1.5390000343322754,1.5390000343322754,1.5390000343322754,200
2022-12-09,1.7999999523162842,2.130000114440918,1.649999976158142,1.7380000352859497,43000
2022-12-12,1.75,1.7869999408721924,1.75,1.75600004196167,900
2022-12-13,1.7599999904632568,1.7999999523162842,1.6799999475479126,1.7000000476837158,2100
2022-12-14,1.7599999904632568,1.7599999904632568,1.7599999904632568,1.7599999904632568,100
2022-12-15,1.7599999904632568,1.7599999904632568,1.7599999904632568,1.7599999904632568,200
2022-12-16,1.5099999904632568,1.5099999904632568,1.5099999904632568,1.5099999904632568,400
2022-12-19,1.5099999904632568,1.5099999904632568,1.5099999904632568,1.5099999904632568,0
2022-12-20,1.600000023841858,1.600000023841858,1.5299999713897705,1.5299999713897705,1100
2022-12-21,1.600000023841858,1.600000023841858,1.600000023841858,1.600000023841858,0
2022-12-22,1.5199999809265137,1.5199999809265137,1.5199999809265137,1.5199999809265137,1100
2022-12-23,1.5399999618530273,1.5499999523162842,1.5299999713897705,1.5499999523162842,700
2022-12-27,1.5399999618530273,1.5399999618530273,1.5399999618530273,1.5399999618530273,0
2022-12-28,1.5399999618530273,1.5399999618530273,1.5399999618530273,1.5399999618530273,0
2022-12-29,1.5399999618530273,1.5399999618530273,1.5399999618530273,1.5399999618530273,0
2022-12-30,1.5099999904632568,1.5099999904632568,1.5099999904632568,1.5099999904632568,300
2023-01-03,1.590000033378601,1.6799999475479126,1.5700000524520874,1.6720000505447388,2800
2023-01-04,1.590000033378601,1.590000033378601,1.590000033378601,1.590000033378601,0
2023-01-05,1.5099999904632568,1.5099999904632568,1.5099999904632568,1.5099999904632568,400
2023-01-06,1.6200000047683716,1.6200000047683716,1.6200000047683716,1.6200000047683716,600
2023-01-09,1.6200000047683716,1.6200000047683716,1.6200000047683716,1.6200000047683716,0
2023-01-10,1.6200000047683716,1.6200000047683716,1.6200000047683716,1.6200000047683716,100
2023-01-11,1.6100000143051147,1.6100000143051147,1.6100000143051147,1.6100000143051147,300
2023-01-12,1.6100000143051147,1.6100000143051147,1.6100000143051147,1.6100000143051147,0
2023-01-13,1.6100000143051147,1.6100000143051147,1.6100000143051147,1.6100000143051147,0
2023-01-17,1.6109999418258667,1.6109999418258667,1.6109999418258667,1.6109999418258667,400
2023-01-18,1.7999999523162842,1.7999999523162842,1.6200000047683716,1.6200000047683716,1300
2023-01-19,1.7999999523162842,1.7999999523162842,1.7999999523162842,1.7999999523162842,400
2023-01-20,1.7999999523162842,1.7999999523162842,1.7999999523162842,1.7999999523162842,600
2023-01-23,1.6100000143051147,1.6799999475479126,1.6100000143051147,1.6799999475479126,1800
2023-01-24,1.6100000143051147,1.6100000143051147,1.5399999618530273,1.5399999618530273,600
2023-01-25,1.6100000143051147,1.6100000143051147,1.6100000143051147,1.6100000143051147,200
2023-01-26,1.6100000143051147,1.6100000143051147,1.6100000143051147,1.6100000143051147,0
2023-01-27,1.6130000352859497,1.6130000352859497,1.6130000352859497,1.6130000352859497,300
2023-01-30,1.6130000352859497,1.6130000352859497,1.6130000352859497,1.6130000352859497,100
2023-01-31,1.6100000143051147,1.6200000047683716,1.6100000143051147,1.6100000143051147,900
2023-02-01,1.6360000371932983,1.7400000095367432,1.6360000371932983,1.7400000095367432,1000
2023-02-02,1.75,1.75,1.6100000143051147,1.649999976158142,5600
2023-02-03,1.9800000190734863,2.0999999046325684,1.75,1.7999999523162842,16900
2023-02-06,1.7599999904632568,1.9800000190734863,1.7599999904632568,1.9800000190734863,1000
2023-02-07,1.7599999904632568,1.7599999904632568,1.7599999904632568,1.7599999904632568,0
2023-02-08,1.7000000476837158,2.0,1.6749999523162842,1.8600000143051147,8000
2023-02-09,1.600000023841858,1.649999976158142,1.590000033378601,1.649999976158142,3800
2023-02-10,1.649999976158142,1.6699999570846558,1.600000023841858,1.600000023841858,3400
2023-02-13,1.649999976158142,1.649999976158142,1.649999976158142,1.649999976158142,0
2023-02-14,1.649999976158142,1.649999976158142,1.649999976158142,1.649999976158142,0
2023-02-15,1.6399999856948853,1.6399999856948853,1.6399999856948853,1.6399999856948853,300
2023-02-16,1.6399999856948853,1.6399999856948853,1.600000023841858,1.600000023841858,2700
2023-02-17,1.6399999856948853,1.6399999856948853,1.6399999856948853,1.6399999856948853,0
2023-02-21,1.6399999856948853,1.6399999856948853,1.6399999856948853,1.6399999856948853,0
2023-02-22,1.690000057220459,1.6970000267028809,1.680999994277954,1.6970000267028809,2100
2023-02-23,1.690000057220459,1.690000057220459,1.690000057220459,1.690000057220459,0
2023-02-24,1.715999960899353,1.715999960899353,1.715999960899353,1.715999960899353,800
2023-02-27,1.5299999713897705,1.5299999713897705,1.5199999809265137,1.5199999809265137,600
2023-02-28,1.5299999713897705,1.5299999713897705,1.5299999713897705,1.5299999713897705,0
2023-03-01,1.600000023841858,1.600000023841858,1.5499999523162842,1.5499999523162842,500
2023-03-02,1.600000023841858,1.600000023841858,1.600000023841858,1.600000023841858,0
2023-03-03,1.600000023841858,1.600000023841858,1.600000023841858,1.600000023841858,0
2023-03-06,1.5199999809265137,1.5199999809265137,1.5199999809265137,1.5199999809265137,200
2023-03-07,1.5199999809265137,1.5199999809265137,1.5199999809265137,1.5199999809265137,100
2023-03-08,1.559999942779541,1.559999942779541,1.559999942779541,1.559999942779541,3000
2023-03-09,1.559999942779541,1.559999942779541,1.559999942779541,1.559999942779541,100
2023-03-10,1.5399999618530273,1.6469999551773071,1.4470000267028809,1.5099999904632568,7000
2023-03-13,1.4199999570846558,1.4199999570846558,1.4199999570846558,1.4199999570846558,200
2023-03-14,1.4199999570846558,1.4199999570846558,1.4199999570846558,1.4199999570846558,0
2023-03-15,1.4199999570846558,1.4199999570846558,1.4199999570846558,1.4199999570846558,100
2023-03-16,1.5199999809265137,1.649999976158142,1.4800000190734863,1.6200000047683716,1100
2023-03-17,1.399999976158142,1.440000057220459,1.399999976158142,1.440000057220459,5900
2023-03-20,1.399999976158142,1.399999976158142,1.399999976158142,1.399999976158142,0
2023-03-21,1.5,1.5,1.5,1.5,300
2023-03-22,1.5,1.5,1.5,1.5,0
2023-03-23,1.5,1.5,1.5,1.5,0
2023-03-24,1.5,1.5,1.5,1.5,0
2023-03-27,1.5,1.5,1.5,1.5,0
2023-03-28,1.5,1.5,1.5,1.5,0
2023-03-29,1.5800000429153442,1.5800000429153442,1.399999976158142,1.4509999752044678,4300
2023-03-30,1.4199999570846558,1.4199999570846558,1.4199999570846558,1.4199999570846558,100
2023-03-31,1.3899999856948853,1.4950000047683716,1.3899999856948853,1.4110000133514404,700
2023-04-03,1.5800000429153442,1.5800000429153442,1.399999976158142,1.399999976158142,1500
2023-04-04,1.909999966621399,2.190000057220459,1.559999942779541,1.5640000104904175,362000
2023-04-05,1.809999942779541,2.184999942779541,1.718999981880188,1.899999976158142,32700
2023-04-06,1.4700000286102295,1.8200000524520874,1.399999976158142,1.75,27300
2023-04-10,1.434999942779541,1.5499999523162842,1.309999942779541,1.350000023841858,23800
2023-04-11,1.3600000143051147,1.4199999570846558,1.350000023841858,1.4199999570846558,5800
2023-04-12,1.4800000190734863,1.4950000047683716,1.350000023841858,1.350000023841858,11100
2023-04-13,1.4600000381469727,1.4800000190734863,1.4040000438690186,1.409999966621399,4900
2023-04-14,1.4800000190734863,1.5700000524520874,1.4800000190734863,1.5700000524520874,800
2023-04-17,1.5099999904632568,1.5549999475479126,1.4800000190734863,1.4900000095367432,5300
2023-04-18,1.4900000095367432,1.5199999809265137,1.4049999713897705,1.4500000476837158,6500
2023-04-19,1.3930000066757202,1.3930000066757202,1.3930000066757202,1.3930000066757202,600
2023-04-20,1.4910000562667847,1.5,1.4529999494552612,1.4529999494552612,1100
2023-04-21,1.4550000429153442,1.5299999713897705,1.4550000429153442,1.5299999713897705,1200
2023-04-24,1.5499999523162842,1.5700000524520874,1.4459999799728394,1.5199999809265137,7800
2023-04-25,1.4500000476837158,1.5,1.350000023841858,1.350000023841858,1700
2023-04-26,1.399999976158142,1.4500000476837158,1.3899999856948853,1.4500000476837158,1900
2023-04-27,1.4500000476837158,1.4600000381469727,1.399999976158142,1.4500000476837158,5000
2023-04-28,1.7799999713897705,1.7799999713897705,1.4500000476837158,1.5119999647140503,102500
2023-05-01,1.8200000524520874,2.4690001010894775,1.4299999475479126,1.5399999618530273,516300
2023-05-02,1.7000000476837158,2.249000072479248,1.6200000047683716,1.9900000095367432,76800
2023-05-03,2.140000104904175,2.4200000762939453,1.7000000476837158,1.909999966621399,1486800
2023-05-04,2.75,3.25,1.9800000190734863,2.1600000858306885,3326800
2023-05-05,2.609999895095825,2.950000047683716,2.240000009536743,2.6500000953674316,557200
2023-05-08,2.059999942779541,2.4000000953674316,1.899999976158142,2.049999952316284,262700
2023-05-09,1.8899999856948853,2.059999942779541,1.7799999713897705,2.0,46100
2023-05-10,1.8700000047683716,2.1500000953674316,1.5299999713897705,1.7999999523162842,220500
2023-05-11,1.7899999618530273,1.9600000381469727,1.7000000476837158,1.8359999656677246,24900
2023-05-12,1.7400000095367432,1.7890000343322754,1.6200000047683716,1.7100000381469727,17800
2023-05-15,1.8049999475479126,1.9700000286102295,1.7000000476837158,1.7649999856948853,79700
2023-05-16,1.7799999713897705,1.8600000143051147,1.7300000190734863,1.75,7000
2023-05-17,1.7599999904632568,1.850000023841858,1.7000000476837158,1.850000023841858,6100
2023-05-18,1.7999999523162842,1.7999999523162842,1.6299999952316284,1.7000000476837158,17700
2023-05-19,1.75,1.840000033378601,1.7100000381469727,1.8250000476837158,12700
2023-05-22,1.7699999809265137,1.8609999418258667,1.75,1.75,16300
2023-05-23,1.7100000381469727,1.8799999952316284,1.7100000381469727,1.840000033378601,10800
2023-05-24,1.7510000467300415,1.7940000295639038,1.7200000286102295,1.7230000495910645,10600
2023-05-25,1.7799999713897705,1.8799999952316284,1.75,1.75,16300
2023-05-26,1.7999999523162842,1.8200000524520874,1.649999976158142,1.7899999618530273,20300
2023-05-30,1.7400000095367432,1.7799999713897705,1.7400000095367432,1.7799999713897705,4700
2023-05-31,1.6699999570846558,1.7899999618530273,1.600000023841858,1.7400000095367432,10000
2023-06-01,1.7400000095367432,1.7400000095367432,1.649999976158142,1.649999976158142,1600
2023-06-02,1.7400000095367432,1.7400000095367432,1.6299999952316284,1.6399999856948853,7500
2023-06-05,1.6100000143051147,1.690000057220459,1.5870000123977661,1.649999976158142,4800
2023-06-06,1.6200000047683716,1.6799999475479126,1.5829999446868896,1.6799999475479126,10600
2023-06-07,1.600000023841858,1.6710000038146973,1.600000023841858,1.6710000038146973,2500
2023-06-08,1.7699999809265137,1.7899999618530273,1.6299999952316284,1.6299999952316284,12500
2023-06-09,1.6299999952316284,1.7799999713897705,1.6299999952316284,1.7400000095367432,9700
2023-06-12,1.850000023841858,2.2200000286102295,1.6200000047683716,1.6399999856948853,298000
2023-06-13,1.850000023841858,2.0999999046325684,1.7200000286102295,1.8300000429153442,66000
2023-06-14,1.934999942779541,2.1500000953674316,1.899999976158142,1.899999976158142,42900
2023-06-15,1.899999976158142,1.9950000047683716,1.840000033378601,1.9800000190734863,21600
2023-06-16,1.8899999856948853,2.0299999713897705,1.8049999475479126,1.940000057220459,23200
2023-06-20,1.8700000047683716,2.0,1.850000023841858,1.8700000047683716,4700
2023-06-21,2.0,2.190000057220459,1.8799999952316284,1.9819999933242798,28700
2023-06-22,1.9199999570846558,1.9800000190734863,1.9199999570846558,1.940999984741211,17800
2023-06-23,1.9500000476837158,2.0,1.7799999713897705,2.0,14900
2023-06-26,1.9210000038146973,1.9900000095367432,1.8600000143051147,1.909999966621399,31100
2023-06-27,1.7999999523162842,2.0999999046325684,1.6200000047683716,2.0999999046325684,17000
2023-06-28,1.8799999952316284,1.906000018119812,1.805999994277954,1.809999942779541,1900
2023-06-29,1.8200000524520874,1.9049999713897705,1.7999999523162842,1.7999999523162842,5500
2023-06-30,1.7999999523162842,1.906000018119812,1.7799999713897705,1.906000018119812,11500
2023-07-03,1.840000033378601,1.875,1.7799999713897705,1.8179999589920044,1800
2023-07-05,1.899999976158142,1.899999976158142,1.8049999475479126,1.809999942779541,4200
2023-07-06,1.7200000286102295,1.8700000047683716,1.6699999570846558,1.8300000429153442,29900
2023-07-07,1.75,1.8200000524520874,1.7200000286102295,1.7300000190734863,2200
2023-07-10,1.7000000476837158,1.7209999561309814,1.7000000476837158,1.7000000476837158,3800
2023-07-11,1.7589999437332153,1.850000023841858,1.6399999856948853,1.6799999475479126,10400
2023-07-12,1.659999966621399,1.7280000448226929,1.649999976158142,1.7100000381469727,5200
2023-07-13,1.75,1.75,1.7200000286102295,1.7200000286102295,900
2023-07-14,1.6799999475479126,1.8650000095367432,1.6299999952316284,1.7740000486373901,16700
2023-07-17,1.690000057220459,1.9299999475479126,1.690000057220459,1.75,11700
2023-07-18,1.5499999523162842,1.718000054359436,1.5499999523162842,1.7000000476837158,32900
2023-07-19,1.5700000524520874,1.649999976158142,1.5299999713897705,1.6399999856948853,13600
2023-07-20,1.5399999618530273,1.5800000429153442,1.5399999618530273,1.5800000429153442,7400
2023-07-21,1.5299999713897705,1.600000023841858,1.5,1.5199999809265137,17200
2023-07-24,1.5950000286102295,1.61899995803833,1.5299999713897705,1.5399999618530273,11700
2023-07-25,1.7000000476837158,1.7000000476837158,1.590000033378601,1.659999966621399,8100
2023-07-26,1.7000000476837158,1.7300000190734863,1.6299999952316284,1.6979999542236328,14900
2023-07-27,1.6100000143051147,1.7400000095367432,1.6100000143051147,1.7000000476837158,9400
2023-07-28,1.649999976158142,1.649999976158142,1.6200000047683716,1.6200000047683716,600
2023-07-31,1.7000000476837158,1.7000000476837158,1.649999976158142,1.659999966621399,1700
2023-08-01,1.6399999856948853,1.7000000476837158,1.6399999856948853,1.7000000476837158,700
2023-08-02,1.7000000476837158,1.7000000476837158,1.6100000143051147,1.652999997138977,6700
2023-08-03,1.7000000476837158,1.7000000476837158,1.649999976158142,1.649999976158142,900
2023-08-04,1.659999966621399,1.659999966621399,1.659999966621399,1.659999966621399,700
2023-08-07,1.649999976158142,1.659999966621399,1.6100000143051147,1.649999976158142,10900
2023-08-08,1.6799999475479126,1.8700000047683716,1.6200000047683716,1.690000057220459,15500
2023-08-09,1.6799999475479126,1.6799999475479126,1.6799999475479126,1.6799999475479126,0
2023-08-10,1.7999999523162842,1.7999999523162842,1.659999966621399,1.7100000381469727,3100
2023-08-11,1.6799999475479126,1.7000000476837158,1.6799999475479126,1.7000000476837158,1200
2023-08-14,1.6799999475479126,1.6799999475479126,1.6799999475479126,1.6799999475479126,0
2023-08-15,1.7799999713897705,1.7799999713897705,1.6699999570846558,1.6699999570846558,900
2023-08-16,1.6799999475479126,1.6799999475479126,1.6799999475479126,1.6799999475479126,400
2023-08-17,1.649999976158142,1.649999976158142,1.649999976158142,1.649999976158142,300
2023-08-18,1.649999976158142,1.7300000190734863,1.649999976158142,1.6619999408721924,4300
2023-08-21,1.7960000038146973,1.7960000038146973,1.690000057220459,1.690000057220459,1200
2023-08-22,1.8380000591278076,1.840000033378601,1.7000000476837158,1.809999942779541,4800
2023-08-23,1.7699999809265137,1.7699999809265137,1.7300000190734863,1.7300000190734863,3600
2023-08-24,1.6799999475479126,1.7799999713897705,1.6799999475479126,1.7300000190734863,1700
2023-08-25,1.8899999856948853,1.8899999856948853,1.7699999809265137,1.7699999809265137,700
2023-08-28,1.8899999856948853,1.8899999856948853,1.8899999856948853,1.8899999856948853,0
2023-08-29,1.8300000429153442,1.8799999952316284,1.7480000257492065,1.7649999856948853,7500
2023-08-30,1.7940000295639038,1.7940000295639038,1.7100000381469727,1.7100000381469727,400
2023-08-31,1.746000051498413,1.7699999809265137,1.649999976158142,1.649999976158142,700
2023-09-01,1.7999999523162842,1.850000023841858,1.7389999628067017,1.7389999628067017,2300
2023-09-05,1.7999999523162842,1.7999999523162842,1.7999999523162842,1.7999999523162842,0
2023-09-06,1.7369999885559082,1.8489999771118164,1.684000015258789,1.7899999618530273,1200
2023-09-07,1.7410000562667847,1.7410000562667847,1.659999966621399,1.7000000476837158,500
2023-09-08,1.649999976158142,1.7100000381469727,1.6100000143051147,1.6100000143051147,2600
2023-09-11,1.7050000429153442,1.7999999523162842,1.6119999885559082,1.7999999523162842,5400
2023-09-12,1.7200000286102295,1.7330000400543213,1.6100000143051147,1.649999976158142,4400
2023-09-13,1.7599999904632568,1.7699999809265137,1.6399999856948853,1.6510000228881836,1300
2023-09-14,1.7719999551773071,1.7719999551773071,1.659999966621399,1.659999966621399,1900
2023-09-15,1.871000051498413,1.871000051498413,1.6299999952316284,1.6299999952316284,2000
2023-09-18,1.7549999952316284,1.774999976158142,1.6399999856948853,1.7200000286102295,1800
2023-09-19,1.722000002861023,1.7489999532699585,1.5499999523162842,1.5499999523162842,800
2023-09-20,1.8799999952316284,1.8899999856948853,1.6100000143051147,1.6100000143051147,7800
2023-09-21,1.6770000457763672,1.8700000047683716,1.659999966621399,1.8140000104904175,5700
2023-09-22,1.659999966621399,1.899999976158142,1.6100000143051147,1.840000033378601,3400
2023-09-25,1.6699999570846558,1.8300000429153442,1.649999976158142,1.6699999570846558,5000
2023-09-26,1.6799999475479126,1.6799999475479126,1.6699999570846558,1.6699999570846558,3200
2023-09-27,1.6200000047683716,1.6799999475479126,1.6200000047683716,1.6799999475479126,11000
2023-09-28,1.649999976158142,1.7799999713897705,1.649999976158142,1.649999976158142,3700
2023-09-29,1.659999966621399,1.6610000133514404,1.649999976158142,1.6610000133514404,1200
2023-10-02,1.7200000286102295,1.7200000286102295,1.7200000286102295,1.7200000286102295,400
2023-10-03,1.6799999475479126,1.6799999475479126,1.6100000143051147,1.649999976158142,7700
2023-10-04,1.8300000429153442,1.8300000429153442,1.5399999618530273,1.6299999952316284,25200
2023-10-05,1.7979999780654907,1.8880000114440918,1.6399999856948853,1.6399999856948853,4700
2023-10-06,1.8300000429153442,1.8300000429153442,1.6799999475479126,1.7000000476837158,10700
2023-10-09,1.7999999523162842,1.7999999523162842,1.7999999523162842,1.7999999523162842,200
2023-10-10,1.75,1.809999942779541,1.7300000190734863,1.7300000190734863,3800
2023-10-11,1.7899999618530273,1.809999942779541,1.6299999952316284,1.7400000095367432,9300
2023-10-12,1.940000057220459,1.9769999980926514,1.6649999618530273,1.7100000381469727,49200
2023-10-13,1.9900000095367432,1.9900000095367432,1.7899999618530273,1.840000033378601,6500
2023-10-16,2.190000057220459,2.190000057220459,1.8350000381469727,1.9199999570846558,30800
2023-10-17,1.9800000190734863,2.0999999046325684,1.8530000448226929,2.0999999046325684,10700
2023-10-18,1.7699999809265137,1.8899999856948853,1.7599999904632568,1.7999999523162842,9900
2023-10-19,1.6799999475479126,1.7899999618530273,1.6100000143051147,1.7899999618530273,21900
2023-10-20,1.7100000381469727,1.7999999523162842,1.6820000410079956,1.6820000410079956,2300
2023-10-23,1.6549999713897705,1.940999984741211,1.6549999713897705,1.75,12400
2023-10-24,1.7450000047683716,1.7799999713897705,1.649999976158142,1.649999976158142,8100
2023-10-25,1.6299999952316284,1.7549999952316284,1.6299999952316284,1.7549999952316284,11400
2023-10-26,1.5199999809265137,1.6799999475479126,1.5199999809265137,1.659999966621399,18600
2023-10-27,1.5399999618530273,1.649999976158142,1.5299999713897705,1.590000033378601,7100
2023-10-30,1.5499999523162842,1.625,1.5299999713897705,1.5299999713897705,1700
2023-10-31,1.5700000524520874,1.7799999713897705,1.409999966621399,1.5700000524520874,13400
2023-11-01,1.5,1.6100000143051147,1.4299999475479126,1.4299999475479126,7900
2023-11-02,1.409999966621399,1.409999966621399,1.409999966621399,1.409999966621399,1100
2023-11-03,1.4880000352859497,1.5199999809265137,1.4600000381469727,1.4600000381469727,3600
2023-11-06,1.5549999475479126,1.600000023841858,1.4700000286102295,1.4700000286102295,7900
2023-11-07,1.4199999570846558,1.5700000524520874,1.4199999570846558,1.5700000524520874,4100
2023-11-08,1.399999976158142,1.4700000286102295,1.3600000143051147,1.4299999475479126,12900
2023-11-09,1.375,1.409999966621399,1.3600000143051147,1.399999976158142,4300
2023-11-10,1.2200000286102295,1.350000023841858,1.1799999475479126,1.309999942779541,4500
2023-11-13,1.2200000286102295,1.350000023841858,1.2000000476837158,1.2000000476837158,9500
2023-11-14,1.4199999570846558,1.5,1.2999999523162842,1.2999999523162842,4100
2023-11-15,1.4900000095367432,1.5,1.340000033378601,1.340000033378601,3200
2023-11-16,1.4359999895095825,1.600000023841858,1.340000033378601,1.3799999952316284,12900
2023-11-17,1.4700000286102295,1.5099999904632568,1.4500000476837158,1.5099999904632568,400
2023-11-20,1.4700000286102295,1.4700000286102295,1.4700000286102295,1.4700000286102295,0
2023-11-21,1.4700000286102295,1.4700000286102295,1.4700000286102295,1.4700000286102295,0
2023-11-22,1.4700000286102295,1.4700000286102295,1.4700000286102295,1.4700000286102295,0
2023-11-24,1.4700000286102295,1.4700000286102295,1.4700000286102295,1.4700000286102295,0
2023-11-27,1.4700000286102295,1.4700000286102295,1.4700000286102295,1.4700000286102295,0
2023-11-28,1.4700000286102295,1.4700000286102295,1.4700000286102295,1.4700000286102295,0
2023-11-29,1.4700000286102295,1.4700000286102295,1.4700000286102295,1.4700000286102295,0
2023-11-30,1.340000033378601,1.4500000476837158,1.340000033378601,1.4500000476837158,1600
2023-12-01,1.5099999904632568,1.5099999904632568,1.399999976158142,1.399999976158142,1600
2023-12-04,1.5,1.5,1.3869999647140503,1.3869999647140503,5600
2023-12-05,1.4149999618530273,1.4149999618530273,1.3700000047683716,1.3819999694824219,3000
2023-12-06,1.3700000047683716,1.3700000047683716,1.3200000524520874,1.340000033378601,8400
2023-12-07,1.4299999475479126,1.440000057220459,1.350000023841858,1.3700000047683716,6400
2023-12-08,1.4900000095367432,1.5,1.4800000190734863,1.4900000095367432,1100
2023-12-11,1.4900000095367432,1.4900000095367432,1.4700000286102295,1.4700000286102295,1300
2023-12-12,1.4900000095367432,1.4900000095367432,1.4900000095367432,1.4900000095367432,0
2023-12-13,1.4900000095367432,1.4900000095367432,1.4900000095367432,1.4900000095367432,0
2023-12-14,1.4900000095367432,1.4900000095367432,1.4900000095367432,1.4900000095367432,0
2023-12-15,1.4900000095367432,1.4900000095367432,1.4900000095367432,1.4900000095367432,100
2023-12-18,1.3600000143051147,1.3700000047683716,1.3300000429153442,1.3600000143051147,2300
2023-12-19,1.3600000143051147,1.3600000143051147,1.3600000143051147,1.3600000143051147,0
2023-12-20,1.3600000143051147,1.3600000143051147,1.3600000143051147,1.3600000143051147,0
2023-12-21,1.2999999523162842,1.3600000143051147,1.2999999523162842,1.3600000143051147,800
2023-12-22,1.2999999523162842,1.2999999523162842,1.2999999523162842,1.2999999523162842,0
2023-12-26,1.375,1.375,1.2899999618530273,1.309999942779541,4300
2023-12-27,1.25,1.4049999713897705,1.2300000190734863,1.2300000190734863,8800
2023-12-28,1.25,1.2999999523162842,1.2400000095367432,1.2999999523162842,3700
2023-12-29,1.652999997138977,1.6799999475479126,1.2799999713897705,1.2999999523162842,44900
2024-01-02,1.559999942779541,1.75,1.5199999809265137,1.6799999475479126,9300
2024-01-03,1.5299999713897705,1.590000033378601,1.440000057220459,1.590000033378601,4500
2024-01-04,1.4700000286102295,1.7899999618530273,1.4500000476837158,1.5,7900
2024-01-05,1.4500000476837158,1.4800000190734863,1.4500000476837158,1.4500000476837158,6300
2024-01-08,1.4299999475479126,1.4500000476837158,1.350000023841858,1.4500000476837158,4500
2024-01-09,1.3700000047683716,1.3700000047683716,1.3700000047683716,1.3700000047683716,2100
2024-01-10,1.2899999618530273,1.3609999418258667,1.2899999618530273,1.3609999418258667,1700
2024-01-11,1.409999966621399,1.4789999723434448,1.2699999809265137,1.2799999713897705,10200
2024-01-12,1.409999966621399,1.409999966621399,1.409999966621399,1.409999966621399,0
2024-01-16,1.3040000200271606,1.3700000047683716,1.3040000200271606,1.3700000047683716,4200
2024-01-17,1.274999976158142,1.2999999523162842,1.25,1.2970000505447388,2300
2024-01-18,1.2699999809265137,1.5,1.1549999713897705,1.25,27700
2024-01-19,1.25,1.309999942779541,1.2000000476837158,1.2300000190734863,14400
2024-01-22,1.1779999732971191,1.2000000476837158,1.149999976158142,1.2000000476837158,3000
2024-01-23,1.190000057220459,1.25,1.1109999418258667,1.25,2500
2024-01-24,1.1330000162124634,1.2200000286102295,1.0499999523162842,1.1200000047683716,18400
2024-01-25,1.0,1.100000023841858,0.9229999780654907,1.0700000524520874,68400
2024-01-26,1.0299999713897705,1.1150000095367432,0.9800000190734863,0.9800000190734863,7900
2024-01-29,1.0099999904632568,1.090000033378601,0.9649999737739563,1.0199999809265137,7800
2024-01-30,1.0800000429153442,1.090000033378601,0.949999988079071,1.090000033378601,7500
2024-01-31,1.0700000524520874,1.0740000009536743,1.0299999713897705,1.0299999713897705,1000
2024-02-01,1.0800000429153442,1.0800000429153442,1.034000039100647,1.034000039100647,1100
2024-02-02,1.059999942779541,1.0800000429153442,1.031999945640564,1.031999945640564,3500
2024-02-05,1.1660000085830688,1.1699999570846558,1.1180000305175781,1.1200000047683716,2400
2024-02-06,1.1100000143051147,1.1399999856948853,1.0750000476837158,1.0800000429153442,8200
2024-02-07,1.1100000143051147,1.1100000143051147,1.1100000143051147,1.1100000143051147,2600
2024-02-08,1.2400000095367432,1.3279999494552612,1.121000051498413,1.2200000286102295,25800
2024-02-09,1.2200000286102295,1.2200000286102295,1.2200000286102295,1.2200000286102295,200
2024-02-12,1.1510000228881836,1.2999999523162842,1.1419999599456787,1.1480000019073486,4700
2024-02-13,1.2400000095367432,1.2400000095367432,1.1610000133514404,1.1699999570846558,2200
2024-02-14,1.350000023841858,1.4249999523162842,1.350000023841858,1.350000023841858,4300
2024-02-15,1.4500000476837158,1.5099999904632568,1.350000023841858,1.5099999904632568,108300
2024-02-16,1.659999966621399,1.899999976158142,1.409999966621399,1.4500000476837158,164600
2024-02-20,1.5149999856948853,1.559999942779541,1.399999976158142,1.559999942779541,19100
2024-02-21,1.309999942779541,1.4199999570846558,1.25,1.3899999856948853,11600
2024-02-22,1.225000023841858,1.3650000095367432,1.225000023841858,1.3650000095367432,4000
2024-02-23,1.2000000476837158,1.2599999904632568,1.149999976158142,1.2100000381469727,9600
2024-02-26,1.2400000095367432,1.25,1.190000057220459,1.190000057220459,400
2024-02-27,1.2799999713897705,1.2869999408721924,1.1799999475479126,1.25,3800
2024-02-28,1.2000000476837158,1.25,1.1399999856948853,1.2000000476837158,3200
2024-02-29,1.1299999952316284,1.2200000286102295,1.1299999952316284,1.2200000286102295,4200
2024-03-01,1.1749999523162842,1.1749999523162842,1.0800000429153442,1.0800000429153442,3500
2024-03-04,1.2400000095367432,1.2400000095367432,1.2400000095367432,1.2400000095367432,4900
2024-03-05,1.2599999904632568,1.2599999904632568,1.1399999856948853,1.1399999856948853,1300
2024-03-06,1.4500000476837158,1.5099999904632568,1.2699999809265137,1.2699999809265137,16100
2024-03-07,1.503999948501587,1.6799999475479126,1.3799999952316284,1.3799999952316284,3900
2024-03-08,1.4500000476837158,1.600000023841858,1.350000023841858,1.600000023841858,6700
2024-03-11,1.340000033378601,1.5499999523162842,1.2799999713897705,1.5499999523162842,6800
2024-03-12,1.2999999523162842,1.3799999952316284,1.190000057220459,1.2899999618530273,2500
2024-03-13,1.2400000095367432,1.2400000095367432,1.2300000190734863,1.2300000190734863,1500
2024-03-14,1.215000033378601,1.2899999618530273,1.1699999570846558,1.2130000591278076,1900
2024-03-15,1.2300000190734863,1.2699999809265137,1.1399999856948853,1.2100000381469727,3500
2024-03-18,1.2200000286102295,1.2200000286102295,1.2200000286102295,1.2200000286102295,200
2024-03-19,1.2000000476837158,1.2000000476837158,1.2000000476837158,1.2000000476837158,200
2024-03-20,1.2200000286102295,1.2200000286102295,1.2200000286102295,1.2200000286102295,300
2024-03-21,1.4500000476837158,1.4500000476837158,1.4299999475479126,1.4299999475479126,800
2024-03-22,1.340000033378601,1.340000033378601,1.340000033378601,1.340000033378601,800
2024-03-25,1.1699999570846558,1.1699999570846558,1.1699999570846558,1.1699999570846558,600
2024-03-26,1.1699999570846558,1.1699999570846558,1.1699999570846558,1.1699999570846558,0
2024-03-27,1.2300000190734863,1.2300000190734863,1.2200000286102295,1.2200000286102295,400
2024-03-28,1.2000000476837158,1.350000023841858,1.2000000476837158,1.350000023841858,1200
2024-04-01,1.1699999570846558,1.1699999570846558,1.1699999570846558,1.1699999570846558,500
2024-04-02,1.2799999713897705,1.38100004196167,1.25,1.25,15200
2024-04-03,1.2799999713897705,1.2799999713897705,1.2799999713897705,1.2799999713897705,400
2024-04-04,1.149999976158142,1.149999976158142,1.149999976158142,1.149999976158142,500
2024-04-05,1.2100000381469727,1.340000033378601,1.2100000381469727,1.340000033378601,1000
2024-04-08,1.2100000381469727,1.2100000381469727,1.2100000381469727,1.2100000381469727,0
2024-04-09,1.25,1.3869999647140503,1.190000057220459,1.190000057220459,11000
2024-04-10,1.4199999570846558,1.440000057220459,1.2599999904632568,1.2599999904632568,2300
2024-04-11,1.2829999923706055,1.2829999923706055,1.2200000286102295,1.2200000286102295,400
2024-04-12,1.2899999618530273,1.2899999618530273,1.2899999618530273,1.2899999618530273,400
2024-04-15,1.590000033378601,1.6770000457763672,1.1699999570846558,1.2000000476837158,299400
2024-04-16,1.1200000047683716,1.350000023841858,1.1100000143051147,1.350000023841858,44500
2024-04-17,1.1100000143051147,1.2100000381469727,1.100000023841858,1.2000000476837158,20100
2024-04-18,1.1699999570846558,1.194000005722046,1.0399999618530273,1.194000005722046,22700
2024-04-19,1.0399999618530273,1.1699999570846558,1.034999966621399,1.0399999618530273,22200
2024-04-22,1.1200000047683716,1.1200000047683716,1.0010000467300415,1.0299999713897705,17900
2024-04-23,1.0199999809265137,1.1200000047683716,1.0099999904632568,1.100000023841858,7300
2024-04-24,1.0299999713897705,1.0299999713897705,0.949999988079071,1.0199999809265137,15300
2024-04-25,1.0299999713897705,1.090000033378601,1.0299999713897705,1.090000033378601,8100
2024-04-26,1.0299999713897705,1.090000033378601,1.0299999713897705,1.0299999713897705,3000
2024-04-29,1.1100000143051147,1.1100000143051147,1.0800000429153442,1.0800000429153442,2300
2024-04-30,1.1349999904632568,1.1699999570846558,1.1349999904632568,1.149999976158142,4400
2024-05-01,1.1349999904632568,1.1349999904632568,1.1349999904632568,1.1349999904632568,0
2024-05-02,1.0399999618530273,1.1699999570846558,1.0299999713897705,1.1059999465942383,11600
2024-05-03,1.100000023841858,1.1030000448226929,1.0579999685287476,1.0800000429153442,2700
2024-05-06,1.0800000429153442,1.100000023841858,1.0700000524520874,1.100000023841858,2800
2024-05-07,1.100000023841858,1.1299999952316284,1.0299999713897705,1.1039999723434448,2600
2024-05-08,1.100000023841858,1.149999976158142,1.100000023841858,1.149999976158142,600
2024-05-09,1.100000023841858,1.100000023841858,1.100000023841858,1.100000023841858,0
2024-05-10,1.0099999904632568,1.0099999904632568,1.0099999904632568,1.0099999904632568,400
2024-05-13,1.0,1.149999976158142,0.9900000095367432,0.9900000095367432,6500
2024-05-14,1.059999942779541,1.090000033378601,1.0509999990463257,1.0750000476837158,2000
2024-05-15,1.159999966621399,1.2630000114440918,1.0640000104904175,1.0640000104904175,8700
2024-05-16,1.1100000143051147,1.1100000143051147,1.0499999523162842,1.0499999523162842,700
2024-05-17,1.25,1.7999999523162842,1.100000023841858,1.2999999523162842,1798400
2024-05-20,1.2649999856948853,1.3700000047683716,1.159999966621399,1.2000000476837158,59500
2024-05-21,1.4500000476837158,1.5499999523162842,1.1399999856948853,1.2300000190734863,68000
2024-05-22,1.2300000190734863,1.409999966621399,1.2200000286102295,1.409999966621399,43300
2024-05-23,1.2899999618530273,1.3899999856948853,1.2000000476837158,1.2000000476837158,7000
2024-05-24,1.190000057220459,1.2450000047683716,1.159999966621399,1.159999966621399,3400
2024-05-28,1.2400000095367432,1.2899999618530273,1.2400000095367432,1.2400000095367432,5200
2024-05-29,1.2999999523162842,1.2999999523162842,1.2400000095367432,1.2400000095367432,700
2024-05-30,1.2999999523162842,1.2999999523162842,1.1699999570846558,1.2400000095367432,20500
2024-05-31,1.2699999809265137,1.2799999713897705,1.2699999809265137,1.2799999713897705,400
2024-06-03,1.225000023841858,1.2960000038146973,1.1640000343322754,1.2200000286102295,4600
2024-06-04,1.1679999828338623,1.2599999904632568,1.1640000343322754,1.2599999904632568,1000
2024-06-05,1.350000023841858,1.472000002861023,1.284999966621399,1.3200000524520874,145100
2024-06-06,1.350000023841858,1.4299999475479126,1.2999999523162842,1.4299999475479126,24700
2024-06-07,1.340000033378601,1.3919999599456787,1.2400000095367432,1.2899999618530273,13600
2024-06-10,1.2999999523162842,1.315000057220459,1.2400000095367432,1.315000057220459,600
2024-06-11,1.284000039100647,1.3899999856948853,1.25,1.3890000581741333,4300
2024-06-12,1.2400000095367432,1.3799999952316284,1.190000057220459,1.190000057220459,5800
2024-06-13,1.2999999523162842,1.3049999475479126,1.190000057220459,1.3049999475479126,10400
2024-06-14,1.2100000381469727,1.309999942779541,1.2000000476837158,1.2009999752044678,2800
2024-06-17,1.2100000381469727,1.2359999418258667,1.2100000381469727,1.2100000381469727,6200
2024-06-18,1.2400000095367432,1.2999999523162842,1.2000000476837158,1.2100000381469727,11200
2024-06-20,1.25,1.274999976158142,1.25,1.25,3000
2024-06-21,1.309999942779541,1.343000054359436,1.25,1.3049999475479126,4000
2024-06-24,1.350000023841858,1.350000023841858,1.25,1.309999942779541,2700
2024-06-25,1.284999966621399,1.3899999856948853,1.284999966621399,1.350000023841858,5900
2024-06-26,1.2300000190734863,1.340000033378601,1.2300000190734863,1.2300000190734863,2000
2024-06-27,1.2799999713897705,1.2799999713897705,1.2799999713897705,1.2799999713897705,400
2024-06-28,1.2300000190734863,1.2899999618530273,1.2300000190734863,1.25,8600
2024-07-01,1.2300000190734863,1.2799999713897705,1.1299999952316284,1.2300000190734863,8700
2024-07-02,1.149999976158142,1.1950000524520874,1.149999976158142,1.159999966621399,1000
2024-07-03,1.159999966621399,1.2000000476837158,1.159999966621399,1.2000000476837158,800
2024-07-05,1.159999966621399,1.2300000190734863,1.149999976158142,1.1619999408721924,3300
2024-07-08,1.1699999570846558,1.1799999475479126,1.1699999570846558,1.1710000038146973,3800
2024-07-09,1.1699999570846558,1.2100000381469727,1.159999966621399,1.1770000457763672,7900
2024-07-10,1.1699999570846558,1.1699999570846558,1.1699999570846558,1.1699999570846558,300
2024-07-11,1.149999976158142,1.2400000095367432,1.149999976158142,1.2400000095367432,8300
2024-07-12,1.184000015258789,1.184000015258789,1.149999976158142,1.159999966621399,2400
2024-07-15,1.1799999475479126,1.1979999542236328,1.1699999570846558,1.1979999542236328,6800
2024-07-16,1.1799999475479126,1.1799999475479126,1.1799999475479126,1.1799999475479126,0
2024-07-17,1.5,1.5,1.2489999532699585,1.25,70800
2024-07-18,1.3200000524520874,1.4600000381469727,1.309999942779541,1.4299999475479126,30100
2024-07-19,1.3700000047683716,1.4199999570846558,1.2200000286102295,1.25,93500
2024-07-22,1.350000023841858,1.440000057220459,1.2589999437332153,1.3300000429153442,35600
2024-07-23,1.3250000476837158,1.350000023841858,1.2100000381469727,1.2100000381469727,20400
2024-07-24,1.340000033378601,1.340000033378601,1.2400000095367432,1.3300000429153442,19600
2024-07-25,1.2899999618530273,1.3300000429153442,1.2300000190734863,1.309999942779541,11700
2024-07-26,1.309999942779541,1.3839999437332153,1.2799999713897705,1.2799999713897705,24800
2024-07-29,1.4249999523162842,1.440000057220459,1.309999942779541,1.3450000286102295,22400
2024-07-30,1.3899999856948853,1.3899999856948853,1.3700000047683716,1.3899999856948853,900
2024-07-31,1.6100000143051147,1.7000000476837158,1.340000033378601,1.340000033378601,1784000
2024-08-01,1.190000057220459,1.6100000143051147,1.0199999809265137,1.600000023841858,5612900
2024-08-02,1.2200000286102295,1.4500000476837158,1.1640000343322754,1.1799999475479126,615200
2024-08-05,1.25,1.350000023841858,1.0800000429153442,1.1299999952316284,171300
2024-08-06,1.1579999923706055,1.2999999523162842,1.13100004196167,1.2000000476837158,72400
2024-08-07,1.1299999952316284,1.1799999475479126,1.090000033378601,1.1299999952316284,87100
2024-08-08,1.0700000524520874,1.1299999952316284,1.059999942779541,1.1100000143051147,30200
2024-08-09,1.031000018119812,1.0920000076293945,1.0299999713897705,1.0520000457763672,22300
2024-08-12,1.0700000524520874,1.100000023841858,1.0399999618530273,1.0700000524520874,9500
2024-08-13,1.0449999570846558,1.090000033378601,1.0299999713897705,1.0700000524520874,10400
2024-08-14,1.2510000467300415,1.340000033378601,1.0299999713897705,1.055999994277954,233600
2024-08-15,1.1740000247955322,1.2899999618530273,1.0499999523162842,1.2280000448226929,213100
2024-08-16,1.1649999618530273,1.2029999494552612,1.0800000429153442,1.159999966621399,40700
2024-08-19,1.1399999856948853,1.309999942779541,1.1200000047683716,1.149999976158142,134600
2024-08-20,1.1100000143051147,1.159999966621399,1.100000023841858,1.149999976158142,43500
2024-08-21,1.1299999952316284,1.159999966621399,1.100000023841858,1.1100000143051147,106800
2024-08-22,1.1100000143051147,1.190000057220459,1.1100000143051147,1.1100000143051147,23800
2024-08-23,1.1200000047683716,1.1859999895095825,1.1200000047683716,1.121000051498413,15100
2024-08-26,1.121000051498413,1.1299999952316284,1.1200000047683716,1.1299999952316284,1900
2024-08-27,1.1399999856948853,1.1649999618530273,1.0399999618530273,1.1200000047683716,298600
2024-08-28,1.0199999809265137,1.0800000429153442,1.0099999904632568,1.0800000429153442,217200
2024-08-29,1.0099999904632568,1.0700000524520874,1.0099999904632568,1.0700000524520874,29200
2024-08-30,1.0399999618530273,1.0670000314712524,1.0199999809265137,1.0199999809265137,19500
2024-09-03,1.0399999618530273,1.059999942779541,1.0199999809265137,1.0499999523162842,25900
2024-09-04,1.0399999618530273,1.059999942779541,1.0299999713897705,1.0399999618530273,6600
2024-09-05,1.0499999523162842,1.0800000429153442,1.0299999713897705,1.0299999713897705,14600
2024-09-06,1.090000033378601,1.1399999856948853,1.0700000524520874,1.0700000524520874,61800
2024-09-09,1.090000033378601,1.128999948501587,1.0800000429153442,1.090000033378601,15000
2024-09-10,1.090000033378601,1.1399999856948853,1.0800000429153442,1.090000033378601,91700
2024-09-11,0.6850000023841858,1.034999966621399,0.5889999866485596,1.0099999904632568,512100
2024-09-12,0.7099999785423279,0.7350000143051147,0.6729999780654907,0.699999988079071,81300
2024-09-13,0.7129999995231628,0.7170000076293945,0.6899999976158142,0.703000009059906,26700
2024-09-16,0.7269999980926514,0.734000027179718,0.699999988079071,0.718999981880188,26600
2024-09-17,0.7250000238418579,0.7350000143051147,0.7080000042915344,0.7300000190734863,29200
2024-09-18,0.7099999785423279,0.7250000238418579,0.7099999785423279,0.7099999785423279,9900
2024-09-19,0.7049999833106995,0.7200000286102295,0.6800000071525574,0.6990000009536743,14300
2024-09-20,0.7080000042915344,0.7300000190734863,0.7080000042915344,0.7179999947547913,14800
2024-09-23,0.7080000042915344,0.7200000286102295,0.7080000042915344,0.7099999785423279,48200
2024-09-24,0.6800000071525574,0.7099999785423279,0.6740000247955322,0.7099999785423279,12800
2024-09-25,0.7300000190734863,0.7699999809265137,0.6499999761581421,0.6600000262260437,82600
2024-09-26,0.7099999785423279,0.828000009059906,0.699999988079071,0.7329999804496765,117000
2024-09-27,0.6930000185966492,0.7390000224113464,0.6710000038146973,0.7390000224113464,7200
2024-09-30,0.699999988079071,0.7250000238418579,0.6800000071525574,0.7020000219345093,273100
2024-10-01,0.6010000109672546,0.7149999737739563,0.6010000109672546,0.6980000138282776,104500
2024-10-02,0.6470000147819519,0.6650000214576721,0.6200000047683716,0.6399999856948853,52500
2024-10-03,0.6650000214576721,0.6690000295639038,0.6240000128746033,0.6240000128746033,20200
2024-10-04,0.6570000052452087,0.6600000262260437,0.6209999918937683,0.6359999775886536,38000
2024-10-07,0.6700000166893005,0.6800000071525574,0.6499999761581421,0.671999990940094,18300
2024-10-08,0.6570000052452087,0.6700000166893005,0.6399999856948853,0.6510000228881836,9800
2024-10-09,0.6100000143051147,0.6399999856948853,0.6100000143051147,0.6370000243186951,15000
2024-10-10,0.6100000143051147,0.6399999856948853,0.6000000238418579,0.6100000143051147,16800
2024-10-11,0.5600000023841858,0.5899999737739563,0.531000018119812,0.5820000171661377,44300
2024-10-14,0.550000011920929,0.578000009059906,0.5299999713897705,0.546999990940094,20800
2024-10-15,0.5299999713897705,0.5519999861717224,0.5299999713897705,0.5400000214576721,22200
2024-10-16,0.5320000052452087,0.5600000023841858,0.5299999713897705,0.550000011920929,42600
2024-10-17,0.718999981880188,0.7350000143051147,0.5479999780654907,0.550000011920929,511100
2024-10-18,0.6269999742507935,0.6899999976158142,0.5649999976158142,0.6620000004768372,148300
2024-10-21,0.5600000023841858,0.6499999761581421,0.5400000214576721,0.6299999952316284,122900
2024-10-22,0.5950000286102295,0.6050000190734863,0.550000011920929,0.5550000071525574,196700
2024-10-23,0.6200000047683716,0.6449999809265137,0.5600000023841858,0.5600000023841858,98900
2024-10-24,0.5849999785423279,0.6190000176429749,0.5849999785423279,0.6190000176429749,6100
2024-10-25,0.6380000114440918,0.6800000071525574,0.5139999985694885,0.5799999833106995,76000
2024-10-28,0.6129999756813049,0.6380000114440918,0.6100000143051147,0.6100000143051147,9200
2024-10-29,0.6029999852180481,0.6029999852180481,0.5799999833106995,0.5830000042915344,28100
2024-10-30,0.6029999852180481,0.6029999852180481,0.5899999737739563,0.5910000205039978,4400
2024-10-31,0.24500000476837158,0.29899999499320984,0.22499999403953552,0.2529999911785126,7011600
2024-11-01,0.22200000286102295,0.2639999985694885,0.1979999989271164,0.23499999940395355,3070900
2024-11-04,0.1720000058412552,0.2150000035762787,0.1720000058412552,0.2150000035762787,3084200
2024-11-05,0.16099999845027924,0.17800000309944153,0.16099999845027924,0.17599999904632568,1888600
2024-11-06,0.15000000596046448,0.16599999368190765,0.14300000667572021,0.16099999845027924,3246300
2024-11-07,0.19499999284744263,0.24799999594688416,0.16699999570846558,0.2460000067949295,174600900
2024-11-08,0.1889999955892563,0.1889999955892563,0.16099999845027924,0.1679999977350235,8901200
2024-11-11,0.17100000381469727,0.1770000010728836,0.16200000047683716,0.16899999976158142,2360000
2024-11-12,0.17399999499320984,0.18799999356269836,0.16699999570846558,0.16699999570846558,3480200
2024-11-13,0.18700000643730164,0.1979999989271164,0.17000000178813934,0.17399999499320984,22596000
2024-11-14,0.1809999942779541,0.33399999141693115,0.1720000058412552,0.18799999356269836,56196000
2024-11-15,0.17900000512599945,0.1899999976158142,0.16500000655651093,0.17000000178813934,3380300
2024-11-18,0.17599999904632568,0.18199999630451202,0.1720000058412552,0.17399999499320984,1228600
2024-11-19,0.1860000044107437,0.19200000166893005,0.16500000655651093,0.1720000058412552,3889500
2024-11-20,0.17599999904632568,0.1860000044107437,0.17299999296665192,0.1860000044107437,1427700
2024-11-21,0.16899999976158142,0.17299999296665192,0.16300000250339508,0.1720000058412552,1652900
2024-11-22,0.15800000727176666,0.16500000655651093,0.1550000011920929,0.164000004529953,1049400
2024-11-25,0.16300000250339508,0.17000000178813934,0.15000000596046448,0.15700000524520874,1344400
2024-11-26,0.16300000250339508,0.16699999570846558,0.15600000321865082,0.15800000727176666,936100
2024-11-27,0.16200000047683716,0.16699999570846558,0.15800000727176666,0.16300000250339508,705700
2024-11-29,0.1589999943971634,0.164000004529953,0.15600000321865082,0.15800000727176666,270300
2024-12-02,0.16099999845027924,0.16200000047683716,0.15299999713897705,0.15700000524520874,794400
2024-12-03,0.16300000250339508,0.18000000715255737,0.15800000727176666,0.16500000655651093,12123300
2024-12-04,0.16599999368190765,0.17000000178813934,0.14900000393390656,0.15800000727176666,1931300
2024-12-05,0.15299999713897705,0.16099999845027924,0.15199999511241913,0.16099999845027924,916400
2024-12-06,0.14499999582767487,0.1589999943971634,0.14100000262260437,0.1509999930858612,876400
2024-12-09,0.2029999941587448,0.3199999928474426,0.15600000321865082,0.210999995470047,233342900
2024-12-10,0.23000000417232513,0.23999999463558197,0.1809999942779541,0.1850000023841858,11758100
2024-12-11,0.2290000021457672,0.25,0.1899999976158142,0.20999999344348907,8519400
2024-12-12,0.26600000262260437,0.28999999165534973,0.23000000417232513,0.24699999392032623,10545300
2024-12-13,0.23999999463558197,0.2759999930858612,0.2329999953508377,0.25999999046325684,4166300
2024-12-16,0.21799999475479126,0.24400000274181366,0.1899999976158142,0.23999999463558197,8201900
2024-12-17,0.2590000033378601,0.28600001335144043,0.22499999403953552,0.23499999940395355,7082700
2024-12-18,0.26100000739097595,0.31200000643730164,0.2590000033378601,0.2930000126361847,5826000
2024-12-19,0.22699999809265137,0.2800000011920929,0.20600000023841858,0.27900001406669617,4317400
2024-12-20,0.20999999344348907,0.22300000488758087,0.19499999284744263,0.210999995470047,3844600
2024-12-23,0.21899999678134918,0.22699999809265137,0.20100000500679016,0.2199999988079071,1314900
2024-12-24,0.20600000023841858,0.21799999475479126,0.20100000500679016,0.21799999475479126,805000
2024-12-26,0.1899999976158142,0.20800000429153442,0.18299999833106995,0.20000000298023224,1965300
2024-12-27,0.1860000044107437,0.19499999284744263,0.15000000596046448,0.19499999284744263,1913300
2024-12-30,0.19900000095367432,0.2160000056028366,0.18000000715255737,0.18799999356269836,2140300
2024-12-31,0.20000000298023224,0.2199999988079071,0.19200000166893005,0.2199999988079071,2138000
2025-01-02,0.2549999952316284,0.25600001215934753,0.19300000369548798,0.1940000057220459,5694000
2025-01-03,0.23899999260902405,0.2529999911785126,0.2280000001192093,0.25099998712539673,2679800
2025-01-06,0.20600000023841858,0.23000000417232513,0.20000000298023224,0.2290000021457672,1987800
2025-01-07,0.2280000001192093,0.23600000143051147,0.20000000298023224,0.20000000298023224,1749400
2025-01-08,0.20000000298023224,0.23000000417232513,0.19200000166893005,0.22100000083446503,1573800
2025-01-10,0.19200000166893005,0.2029999941587448,0.18199999630451202,0.20200000703334808,1028600
2025-01-13,0.1889999955892563,0.20999999344348907,0.1809999942779541,0.18299999833106995,605400
2025-01-14,0.18000000715255737,0.1940000057220459,0.17800000309944153,0.18299999833106995,669600
2025-01-15,0.17900000512599945,0.18000000715255737,0.17100000381469727,0.1770000010728836,469800
2025-01-16,0.18199999630451202,0.18799999356269836,0.17499999701976776,0.17900000512599945,394600
2025-01-17,0.17599999904632568,0.18400000035762787,0.16500000655651093,0.17599999904632568,789500
2025-01-21,0.16300000250339508,0.17800000309944153,0.1509999930858612,0.16500000655651093,1506600
2025-01-22,0.16899999976158142,0.17900000512599945,0.1599999964237213,0.16500000655651093,454300
2025-01-23,0.1599999964237213,0.16699999570846558,0.15199999511241913,0.164000004529953,785500
2025-01-24,0.16899999976158142,0.17000000178813934,0.1599999964237213,0.16200000047683716,270300
2025-01-27,0.16200000047683716,0.17990000545978546,0.15000000596046448,0.1550000011920929,1545126
