Price,Close,High,Low,Open,Volume
Ticker,UTMD,UTMD,UTMD,UTMD,UTMD
Date,,,,,
2020-01-28,96.73338317871094,97.22012555135616,95.08947506666438,96.03540941451656,13000
2020-01-29,95.7415542602539,99.16713045966674,94.71296141868541,99.16713045966674,32100
2020-01-30,92.34351348876953,96.8895114607843,91.9302364870412,96.42113366151106,16300
2020-01-31,84.5556411743164,91.89352967862614,83.76583012555338,91.89352967862614,14700
2020-02-03,83.44438171386719,85.4097231703686,83.44438171386719,85.2535995515612,7100
2020-02-04,82.48008728027344,85.7036179608233,82.40662186535077,84.49135103065214,10600
2020-02-05,83.83011627197266,84.73013595270582,82.66377131494995,83.1321422546724,11100
2020-02-06,83.84846496582031,84.34438617743756,83.04028253296295,83.84846496582031,7900
2020-02-07,82.74639129638672,83.83927042322199,82.65455430405822,83.63722483607127,9500
2020-02-10,83.25153350830078,83.57296659385709,82.65458234557293,83.38929254688657,8800
2020-02-11,84.08723449707031,84.77602247822381,83.57294171329075,83.57294171329075,4300
2020-02-12,85.5199203491211,86.58524214247457,83.8025397517907,84.87704734699686,6700
2020-02-13,85.59341430664062,87.98121910175875,85.04238512573498,85.18014417264044,5600
2020-02-14,85.77709197998047,85.77709197998047,85.59341092246348,85.59341092246348,1300
2020-02-18,86.55770111083984,86.68627432383602,85.14338876116732,85.43727139183208,4000
2020-02-19,87.80672454833984,89.51491992759185,86.75976699418104,87.19140874149,12500
2020-02-20,88.2567138671875,89.5883750653826,87.54037536381387,87.54037536381387,11200
2020-02-21,89.01897430419922,89.7261270037519,88.39447281340475,88.40365861661618,10600
2020-02-24,87.79752349853516,93.73947008092978,86.67709371242047,86.67709371242047,8200
2020-02-25,87.33832550048828,89.66183612559306,85.85054775995944,89.66183612559306,17100
2020-02-26,86.22708129882812,88.26589509140943,86.22708129882812,88.26589509140943,3000
2020-02-27,82.70050811767578,86.91588864557701,82.70050811767578,85.05156965794055,10400
2020-02-28,80.26679229736328,87.88937807544974,78.30145038058386,82.03008853932523,11100
2020-03-02,79.0361328125,80.74432778625639,78.25550773468359,80.74432778625639,16400
2020-03-03,77.19019317626953,81.98415271299763,76.7769160910017,79.36675919982892,27900
2020-03-04,77.6952896118164,78.36571305457691,76.36363553543497,78.15448163908094,12100
2020-03-05,75.95037078857422,79.11880049308532,75.67485973169201,76.6299801436576,10900
2020-03-06,78.98104095458984,79.94534716427971,74.64626642298441,74.64626642298441,19500
2020-03-09,76.46466827392578,81.38720800612482,75.81261635132117,76.73100052513868,24600
2020-03-10,78.88002014160156,85.04237742061584,74.93096519059543,77.4748934052506,25100
2020-03-11,81.27699279785156,81.50658882270426,77.15345015337738,77.46569738395402,7600
2020-03-12,81.8113784790039,84.15147245337937,75.47283496479818,78.75266516538916,14500
2020-03-13,80.37413787841797,84.16067804148194,72.18378879337523,84.16067804148194,11500
2020-03-16,73.89737701416016,79.93188705635447,73.88816205791522,77.92345536103801,25200
2020-03-17,74.63441467285156,75.5464984790655,72.73653444356835,75.0766341423697,55500
2020-03-18,72.29432678222656,74.99373287677516,69.40144875954412,72.89317248109012,45700
2020-03-19,74.34882354736328,74.34882354736328,70.47937071201068,72.14691958678144,29800
2020-03-20,70.98607635498047,77.78525906466528,70.0924153817161,73.89737694907711,41600
2020-03-23,73.7960433959961,78.46702872214208,71.67706005975857,71.67706005975857,13300
2020-03-24,71.80604553222656,78.96453559202246,70.02793820030995,75.82290969107494,39700
2020-03-25,73.14193725585938,76.20986504098865,71.8429091396142,71.8429091396142,16500
2020-03-26,76.00717163085938,78.35648702012206,73.45517635490238,73.45517635490238,30500
2020-03-27,72.71812438964844,77.24169845374514,72.71812438964844,74.99373385772411,8600
2020-03-30,82.4378433227539,82.4378433227539,74.39489940292401,75.54652323269065,11200
2020-03-31,86.6481704711914,90.29651352917428,78.60522741387571,81.2769958182083,38200
2020-04-01,71.86132049560547,84.25278897461249,71.86132049560547,84.25278897461249,9500
2020-04-02,81.61787414550781,81.81135311887574,71.18876986046581,71.18876986046581,20000
2020-04-03,72.68128204345703,85.2293777300553,72.2574853207171,81.99561607192075,17800
2020-04-06,76.02559661865234,77.02060130715616,73.24327650334072,73.93425080997602,20600
2020-04-07,74.07244110107422,76.71656473594523,72.82868885526501,76.0163825558911,18400
2020-04-08,77.68392944335938,77.68392944335938,72.10085989316316,73.8605372838122,28700
2020-04-09,81.71920776367188,82.99060471534528,77.58257776466603,81.24935039618204,14200
2020-04-13,82.9629898071289,83.14724682230009,78.64209462050513,80.622889163891,10000
2020-04-14,76.8731918334961,83.84742507526015,76.76263342159977,83.83821011703037,15700
2020-04-15,75.8228988647461,78.80790519812489,74.45937346145192,75.54650639562016,9700
2020-04-16,75.5465316772461,78.66052033059177,74.66208532059682,76.03481911101503,12300
2020-04-17,81.07431030273438,81.40597849810729,77.43518214049982,77.43518214049982,9000
2020-04-20,75.78604888916016,81.99560145847012,75.78604888916016,79.82133550916525,5100
2020-04-21,74.99373626708984,76.42174542852645,74.80947225890392,74.80947225890392,10900
2020-04-22,75.32540130615234,76.78104825076888,75.32540130615234,76.18220957880241,6600
2020-04-23,75.53730010986328,75.59258282740586,72.82868593468832,73.79604562976749,8900
2020-04-24,73.94344329833984,76.55992850378331,73.5657074182705,74.50543612593687,8500
2020-04-27,78.85395812988281,81.63628434371486,75.67548019385235,75.67548019385235,7800
2020-04-28,78.73419952392578,80.96374107228152,77.37068115094478,80.16221556473062,6600
2020-04-29,82.2259292602539,86.21515530234996,80.00559547159779,80.00559547159779,12900
2020-04-30,76.46780395507812,81.81134005508622,76.46780395507812,80.05165589137945,7600
2020-05-01,75.29776000976562,76.46780648615194,74.3027555396237,76.46780648615194,9800
2020-05-04,76.2835464477539,77.85896661415711,74.33960534108597,74.62520573103879,5700
2020-05-05,74.73576354980469,78.04322297250008,74.64362804372945,76.74419527847576,4700
2020-05-06,73.70391845703125,75.10428981497535,73.56572220413364,75.10428981497535,5800
2020-05-07,73.94344329833984,75.2424709449996,71.56649071889197,74.25668151492731,9000
2020-05-08,79.41596221923828,80.9729596065784,75.38067557524145,75.38067557524145,7900
2020-05-11,77.06666564941406,81.99561407869066,77.06666564941406,78.863195955287,12700
2020-05-12,75.87818145751953,77.08508082278485,75.47280767360313,77.08508082278485,10900
2020-05-13,75.63863372802734,76.17298874478851,74.5238629696512,74.65284424556565,7300
2020-05-14,74.99373626708984,75.6017899217204,74.05400739772465,74.64363816601319,7500
2020-05-15,78.56837463378906,79.3606923062395,75.49123946367716,75.49123946367716,10900
2020-05-18,82.86163330078125,82.86163330078125,79.01060324649283,80.15301202448192,17000
2020-05-19,79.69235229492188,81.54416499265626,78.54994366365631,81.54416499265626,13300
2020-05-20,82.82478332519531,82.82478332519531,79.96875776824795,80.86241191355779,8600
2020-05-21,82.36412048339844,84.7594961425048,81.99559952916225,82.06009016898214,7400
2020-05-22,84.13301849365234,84.13301849365234,81.47046513284987,81.47046513284987,2800
2020-05-26,83.50653076171875,85.24778510013539,81.81134417934703,84.7594978134512,8100
2020-05-27,89.13566589355469,89.36599061162589,83.21171386360531,84.70422056712961,17100
2020-05-28,92.27730560302734,96.64426062939008,89.02511442645404,89.87271479692086,7900
2020-05-29,91.65081787109375,92.80244149868666,91.65081787109375,92.80244149868666,4200
2020-06-01,91.02435302734375,92.95907971318347,91.02435302734375,92.94986475416376,8400
2020-06-02,94.35023498535156,95.40051529440582,91.20860198744194,91.21781694564869,21900
2020-06-03,97.84195709228516,99.28839633136306,95.53870944859715,96.12834028306496,19600
2020-06-04,97.6024169921875,98.1459800209548,96.36787269379099,96.38630260975627,14600
2020-06-05,97.91565704345703,100.42159145955746,97.031210842884,99.45422469354911,21000
2020-06-08,94.60818481445312,98.0630556355599,93.68688592882465,97.43657211217443,15800
2020-06-09,94.59896087646484,95.85192780428176,93.37363178796048,93.45655233485013,6600
2020-06-10,91.59554290771484,94.589764592815,90.4715570274447,94.09226230012395,13600
2020-06-11,84.81477355957031,90.48076313855591,84.81477355957031,90.04775153564678,10400
2020-06-12,83.85661315917969,86.84162631336962,82.93531436493757,86.84162631336962,8200
2020-06-15,88.39863586425781,89.29229701510782,82.6681620128339,82.90769469097349,12200
2020-06-16,90.93038940429688,93.30505726653645,89.88627010545306,92.62129560460457,7100
2020-06-17,89.14706420898438,91.22605350719319,87.3545111804588,91.22605350719319,7900
2020-06-18,88.9622802734375,91.47554901054009,87.24364818261074,89.46123865943808,16800
2020-06-19,92.56584930419922,92.62128676627239,87.56703135454396,90.34825917745135,34600
2020-06-22,92.3995132446289,93.23111027373525,91.50323683823225,91.93751567840576,26600
2020-06-23,92.84306335449219,93.60073932059252,92.01146606254655,93.60073932059252,31200
2020-06-24,92.86153411865234,94.2382852376887,86.72620546323276,91.93753875428764,62000
2020-06-25,87.91814422607422,93.04631332930514,86.94794645138313,92.67672089087414,29900
2020-06-26,79.97180938720703,87.31757042887332,78.54885554168229,87.31757042887332,186200
2020-06-29,83.28893280029297,83.38133091708461,80.84958585946644,81.10830340629283,18800
2020-06-30,81.88445281982422,83.61231924050708,79.73154242609868,81.8567270436943,19800
2020-07-01,82.00458526611328,83.70473328391483,81.74586770249347,82.44810612483646,10000
2020-07-02,79.81471252441406,83.99117528299927,78.27164204503414,83.42753757863478,21300
2020-07-06,81.51488494873047,82.15244410592048,79.06629543946977,81.1822460014597,21700
2020-07-07,79.02008819580078,82.2540722877275,79.02008819580078,80.76644609100501,8600
2020-07-08,79.39891815185547,82.69758116319987,77.67104436514178,79.39891815185547,12300
2020-07-09,77.10740661621094,80.22127338171381,75.95241246648024,79.2788012573245,11300
2020-07-10,76.58074188232422,77.84661821184771,75.14855313603549,75.76762840797046,8100
2020-07-13,76.13720703125,77.06120224510127,74.65881609899276,76.55300205767345,23600
2020-07-14,77.892822265625,82.96555550833565,75.23171075506772,75.23171075506772,26300
2020-07-15,79.75003814697266,82.54974299078476,78.27164696454179,78.3548102136138,12300
2020-07-16,76.9780502319336,79.232601138246,76.92261276686855,78.80756412385556,11700
2020-07-17,81.31159210205078,83.54765919297114,77.16285488798366,77.16285488798366,13000
2020-07-20,82.13396453857422,82.99328068899221,80.81265060942668,81.5333660163205,6600
2020-07-21,85.5804443359375,86.68923583871172,85.5804443359375,86.68923583871172,5600
2020-07-22,81.2746353149414,85.24781839273028,81.2746353149414,83.60310769293297,15300
2020-07-23,79.48209381103516,82.29104111844072,76.17419511208479,81.55184891092972,19900
2020-07-24,78.28089904785156,81.5333600711562,77.55094176474196,81.5333600711562,7500
2020-07-27,81.53336334228516,82.1432037739801,78.45646359449927,78.45646359449927,7400
2020-07-28,76.7747573852539,78.66895035521993,76.7747573852539,78.44719348223904,8500
2020-07-29,77.24600219726562,80.13811186793782,77.21828346743575,78.65047893785692,20700
2020-07-30,75.03765869140625,78.65971863461952,74.94526056980358,76.54376851715175,17300
2020-07-31,75.30561828613281,76.65465060212547,71.95151782545055,75.39801640786727,18900
2020-08-03,74.67730712890625,75.99862081842957,73.79027240055517,75.99862081842957,13900
2020-08-04,74.88057708740234,76.14645313770397,73.68862235015287,73.68862235015287,8500
2020-08-05,74.631103515625,77.3938547691472,74.23378522144282,75.22246704260397,7300
2020-08-06,74.631103515625,74.84362555417489,73.98430957138669,74.84362555417489,8400
2020-08-07,74.56641387939453,77.45852352452887,74.04897879507435,74.04897879507435,10800
2020-08-10,74.38159942626953,76.368190137621,74.38159942626953,75.17623571081012,5800
2020-08-11,76.02633666992188,77.1998147183276,75.48118279432677,75.48118279432677,6800
2020-08-12,77.75421142578125,78.29013042971968,76.35897644984678,78.02217092775047,8000
2020-08-13,78.43795013427734,78.43795013427734,77.82811698225566,77.84659378403411,4700
2020-08-14,77.39384460449219,79.49131073349803,77.39384460449219,79.09399249149833,5900
2020-08-17,77.9852066040039,77.9852066040039,76.23885600899851,77.93900401808372,3800
2020-08-18,76.59922790527344,77.48626273406556,76.26658896328561,76.6639073079085,7100
2020-08-19,76.90413665771484,78.83528356989233,76.90413665771484,76.94109026840928,4200
2020-08-20,77.97595977783203,80.16583109170125,76.42364745207556,76.42364745207556,7600
2020-08-21,76.6176986694336,77.68953674229333,76.00786535691303,77.68953674229333,9300
2020-08-24,77.15361022949219,77.15361022949219,76.63617509936992,76.63617509936992,1800
2020-08-25,78.31785583496094,78.60429216685382,77.13514279414746,77.13514279414746,4400
2020-08-26,76.90413665771484,78.77060417688938,76.90413665771484,77.85585074741189,7200
2020-08-27,76.05406951904297,79.68537221962836,76.05406951904297,77.07970511726738,6800
2020-08-28,77.43082427978516,77.49550368160122,75.98938653291457,75.98938653291457,4700
2020-08-31,75.90621948242188,77.15361179616747,75.90621948242188,76.74705158594443,10200
2020-09-01,76.322021484375,76.322021484375,75.5920642451331,76.06330389062359,3500
2020-09-02,78.06837463378906,78.53961429341682,75.36106764734083,76.69162336886583,8200
2020-09-03,77.86510467529297,78.521147742787,77.2460293265879,77.84662786542533,20800
2020-09-04,77.33839416503906,79.3711878017625,76.15568145615754,78.07759313285192,20300
2020-09-08,75.16700744628906,77.61559611457015,74.85285246483488,77.61559611457015,12000
2020-09-09,74.27074432373047,76.04482076838367,73.01411007313347,75.48118303615156,13900
2020-09-10,73.10651397705078,75.32409715762961,72.67223503850451,73.21738890636472,10900
2020-09-11,72.6352767944336,74.09519117483441,71.35092379065162,74.09519117483441,20900
2020-09-14,73.9613037109375,74.7958734753934,73.65529361818307,73.65529361818307,5100
2020-09-15,73.06182098388672,74.92569221815599,73.03400317176265,73.7294767737577,5700
2020-09-16,74.04476928710938,74.99061753343982,73.30293487744648,73.37711336610546,16600
2020-09-17,73.81295013427734,74.27659932742573,72.81146617914278,72.81146617914278,2800
2020-09-18,75.63045501708984,75.63045501708984,72.79292418536848,74.5918853399763,34100
2020-09-21,73.11748504638672,75.01844979442211,72.89493538811256,74.35079374487357,12000
2020-09-22,72.79292297363281,74.31369175385554,72.14381693624209,73.25657216454768,11900
2020-09-23,72.62601470947266,72.70947524927644,72.32927948687451,72.44055784837097,6300
2020-09-24,72.53328704833984,73.15457532181931,72.44982650765073,72.83002227408569,5600
2020-09-25,75.20388793945312,75.53771588111027,73.03401339340598,73.03401339340598,6300
2020-09-28,75.13898468017578,76.95648860958443,75.13898468017578,75.86227626614478,9300
2020-09-29,75.06480407714844,75.06480407714844,75.06480407714844,75.06480407714844,1200
2020-09-30,74.06331634521484,76.40937986719327,73.30293203681009,76.40937986719327,12700
2020-10-01,73.58111572265625,75.12970212327055,73.58111572265625,74.55478172827982,6500
2020-10-02,74.02622985839844,74.8886176171388,73.16384209965807,73.16384209965807,8800
2020-10-05,74.9999008178711,76.44649130189266,74.04478448610676,75.64901401863335,15600
2020-10-06,76.52064514160156,77.76322842129419,75.66753248672238,75.85299637347256,13000
2020-10-07,76.78032684326172,77.18833341609339,75.89938892919007,77.15124062315836,15300
2020-10-08,75.78810119628906,77.50360181798058,75.78810119628906,76.4650250651157,9100
2020-10-09,77.1512222290039,77.85597097729185,75.67682120367438,76.59484461708192,7800
2020-10-12,77.93014526367188,78.3103338648014,76.09409162793371,77.63341010862294,9000
2020-10-13,76.16826629638672,77.9857697455723,76.04772008881775,77.4386672557711,10100
2020-10-14,75.11116027832031,76.7895678922327,75.11116027832031,76.53920047085036,26900
2020-10-15,76.64119720458984,76.71538275809732,74.65677963396955,75.80662741444024,22400
2020-10-16,76.61337280273438,77.89304165444274,76.09408104755967,76.09408104755967,6700
2020-10-19,76.72467041015625,77.64270095316304,76.72467041015625,76.96576998379975,8000
2020-10-20,77.87451171875,77.87451171875,76.56701776400784,77.06775967807562,5500
2020-10-21,78.46797943115234,79.46945615120664,77.60559178699162,77.84668423502323,13900
2020-10-22,77.89306640625,78.82036481584822,77.89306640625,78.35671561104911,6200
2020-10-23,78.74616241455078,79.28399707509922,78.59779837958246,79.1819937058668,6800
2020-10-26,78.26398468017578,79.6920250342193,78.06925286935964,78.26398468017578,5400
2020-10-27,77.89306640625,78.86673256621829,77.89306640625,78.86673256621829,7300
2020-10-28,75.58409881591797,78.07852684139615,74.2302439247416,76.89158595459638,16700
2020-10-29,76.0755615234375,76.0755615234375,75.00916694935492,75.00916694935492,8900
2020-10-30,76.96575927734375,77.80032916638035,75.57481182052429,75.57481182052429,10600
2020-11-02,77.61486053466797,77.8003244291191,77.04920803735934,77.38303597264719,3800
2020-11-03,80.63786315917969,82.65937383243731,76.60411677702902,76.60411677702902,24200
2020-11-04,78.82963562011719,80.86041421913636,78.82963562011719,79.90529803961877,5100
2020-11-05,77.1048583984375,79.72911439899666,77.1048583984375,79.72911439899666,8300
2020-11-06,75.34298706054688,78.90380914544829,75.34298706054688,78.90380914544829,8900
2020-11-09,76.68755340576172,80.04437522198567,75.34297393164026,77.21611306297014,10100
2020-11-10,79.7476577758789,81.32406213458188,77.16976950531229,78.15270348840534,11200
2020-11-11,78.82036590576172,80.44313814499799,78.45872008699568,79.94239614792374,19000
2020-11-12,76.91938781738281,78.82035207978498,76.1590035273668,77.46649746949912,8800
2020-11-13,76.2795639038086,77.41086901760168,75.99209660580752,77.41086901760168,5200
2020-11-16,77.33668518066406,77.33668518066406,76.2239228960345,77.19758901074474,15000
2020-11-17,76.31663513183594,76.76173425024547,76.07553564910907,76.39081360175558,5400
2020-11-18,77.0399398803711,77.0399398803711,76.5021052004222,76.7432047250069,5400
2020-11-19,78.30106353759766,78.59779868340523,75.95500018563087,75.95500018563087,9000
2020-11-20,79.54364776611328,80.61004223576536,76.97503456461054,77.40159093752645,12100
2020-11-23,80.22056579589844,80.89748949079737,79.8125523416206,80.0072841062377,10600
2020-11-24,82.39044189453125,83.79993909025836,80.90676622117928,80.90676622117928,13900
2020-11-25,83.22502899169922,83.95759555546783,80.74914403327853,82.34409836708105,8300
2020-11-27,83.87413024902344,83.892680177277,82.57591826026282,83.76285897840094,6700
2020-11-30,80.05366516113281,83.75358345378993,79.65492660304622,83.75358345378993,11900
2020-12-01,81.1849594116211,82.59444954836266,80.02583667344673,80.67494257693488,23600
2020-12-02,81.10151672363281,82.72428891380032,81.10151672363281,82.46464649532956,6000
2020-12-03,81.88043212890625,82.77990542079348,81.44460085232376,81.44460085232376,6300
2020-12-04,83.92977905273438,84.9961736135482,82.20500348561207,83.36412647025205,8900
2020-12-07,84.54177856445312,86.2387360359985,84.38413956210606,84.48614293414806,6000
2020-12-08,87.53697204589844,87.53697204589844,83.49395037874501,85.06108696857147,18000
2020-12-09,85.78437042236328,87.97279504543563,85.68236704016479,87.97279504543563,16700
2020-12-10,85.80291748046875,86.88785488095185,85.47836446426336,86.13674546134435,5700
2020-12-11,84.615966796875,85.48762943107788,84.59742394442836,85.34853327619295,5900
2020-12-14,82.46255493164062,85.9508186165925,82.46255493164062,85.9508186165925,6600
2020-12-15,83.38346099853516,84.64853862708686,82.7881311847333,83.80204983430824,5200
2020-12-16,82.22999572753906,84.62061858135547,82.22999572753906,82.80671738995326,7800
2020-12-17,82.31371307373047,82.63928290840715,81.84861128222374,81.98814323905378,4800
2020-12-18,82.04396057128906,85.18805350701744,81.523048788897,83.04858223466586,32700
2020-12-21,79.4952163696289,81.43004198840146,78.79756351547559,81.43004198840146,9500
2020-12-22,80.64865112304688,80.80679113229498,79.20683976825386,79.20683976825386,8000
2020-12-23,79.62542724609375,80.64864979321123,79.61612322290541,80.64864979321123,6600
2020-12-24,79.48590087890625,80.28587660402661,79.18823598794687,80.28587660402661,1900
2020-12-28,79.20684051513672,80.04402520152811,78.39756080214329,79.34637247901703,7200
2020-12-29,76.75110626220703,78.9463874758095,76.75110626220703,78.9463874758095,6600
2020-12-30,78.09058380126953,78.13709681670204,76.8255064279146,76.8255064279146,11300
2020-12-31,78.41616821289062,79.00219394016553,77.81153443890771,78.32314217313139,8200
2021-01-04,77.89524841308594,79.8765866469092,77.8580394170119,79.8765866469092,5900
2021-01-05,78.85334014892578,79.53239176262962,76.5371356391079,77.03014231219275,20400
2021-01-06,81.55094909667969,82.77881758269015,79.02079413232109,79.07661117501954,31500
2021-01-07,81.3463134765625,82.77882807462274,80.64866067797486,81.35561750100656,7600
2021-01-08,81.74628448486328,82.8067159519927,80.54632106745055,81.90442448019225,5100
2021-01-11,81.96024322509766,82.1648891612427,80.2672728854757,80.2672728854757,9000
2021-01-12,81.43002319335938,82.51835969138317,81.43002319335938,81.87651694270187,6400
2021-01-13,80.79747009277344,82.81600982250764,80.79747009277344,81.96022437444829,5600
2021-01-14,82.94625854492188,82.94625854492188,80.69516739407017,80.69516739407017,9000
2021-01-15,82.59278869628906,84.5183101022259,81.39282505246014,81.86723093418114,9400
2021-01-19,83.34623718261719,85.57872713597719,83.34623718261719,84.04388984948658,8100
2021-01-20,82.09976959228516,85.37408305667084,82.09976959228516,84.26713853039597,12200
2021-01-21,80.34168243408203,82.69509625857017,80.34168243408203,82.69509625857017,7400
2021-01-22,81.14165496826172,81.14165496826172,79.5323997799082,79.54170380209925,10000
2021-01-25,79.99752044677734,81.5881679668247,79.53241858371469,80.34169838032456,7400
2021-01-26,78.23011779785156,80.92770953506505,77.67199708250497,80.92770953506505,18500
2021-01-27,77.90454864501953,78.93707517093159,76.44412933041536,76.85342117042086,23600
2021-01-28,79.05799102783203,80.20214442000564,77.20688810732752,77.98825561660566,22300
2021-01-29,80.62073516845703,81.00212200772503,77.55106789461142,78.66730924930265,28800
2021-02-01,80.02540588378906,81.03933138808567,79.77425406168943,80.33237474171378,8800
2021-02-02,82.32301330566406,82.60207720647308,80.2858652816717,80.65794811712047,18900
2021-02-03,84.18341827392578,84.36945613853771,80.98351590499507,81.52303564801518,10600
2021-02-04,86.43452453613281,86.88102542668243,85.16015003221143,85.4764158779788,7800
2021-02-05,85.96011352539062,87.81121660412639,85.87639151544616,87.43913376447405,9500
2021-02-08,84.7601547241211,88.97397590344153,84.7601547241211,86.11825113069325,7400
2021-02-09,84.7415542602539,85.84849891609723,83.99739557059804,85.57873899589629,9800
2021-02-10,85.0206069946289,85.77406960891902,84.76015113274542,85.0578159887394,9500
2021-02-11,84.7880630493164,86.0438365416269,84.64853108419511,86.0438365416269,7900
2021-02-12,85.19734954833984,85.60664142847395,83.5508921978843,85.60664142847395,4300
2021-02-16,83.84855651855469,85.31827999012843,83.84855651855469,85.31827999012843,5300
2021-02-17,83.02066040039062,84.22062373847677,83.02066040039062,83.02066040039062,2800
2021-02-18,82.78812408447266,84.26714446778891,82.78812408447266,83.16020696041019,3500
2021-02-19,82.88114929199219,84.6857467636714,81.309109845126,82.71371234001276,12800
2021-02-22,79.05799102783203,83.45785656910981,78.62079426087861,83.45785656910981,9500
2021-02-23,78.23941802978516,80.44400291001341,77.94175318956312,78.89055764999286,15500
2021-02-24,79.69053649902344,81.34629768405395,79.18822572993162,79.18822572993162,12400
2021-02-25,78.83475494384766,82.29511346449597,78.83475494384766,80.69516214016264,8400
2021-02-26,78.50919342041016,81.32770948589251,78.50919342041016,79.77427101566622,10400
2021-03-01,82.59278869628906,82.97416852900862,78.76034683608098,78.76034683608098,13400
2021-03-02,81.85792541503906,83.02998406152024,80.46261986819181,82.0904763395136,11200
2021-03-03,81.11375427246094,82.82533265418162,81.11375427246094,81.68117905853606,4400
2021-03-04,80.57423400878906,83.01136276635518,80.57423400878906,81.20677270629497,9800
2021-03-05,81.3463134765625,82.32303023334171,79.3463811314576,79.76496997185369,21700
2021-03-08,81.8114242553711,82.83465414895682,80.09985260954049,81.75561429640898,5600
2021-03-09,82.50906372070312,83.21602050586176,81.8858289572733,81.9602469550565,7400
2021-03-10,84.83456420898438,86.42521858639284,83.08578402209123,83.08578402209123,15200
2021-03-11,86.02523040771484,86.02523040771484,84.83456386106647,85.16943771842224,7000
2021-03-12,86.18336486816406,87.34611936693344,85.73686401800491,87.34611936693344,9400
2021-03-15,86.49961853027344,86.49961853027344,85.39268122887876,86.16474471393359,5700
2021-03-16,85.7485122680664,86.98015544702332,85.36595292675412,86.98015544702332,5300
2021-03-17,84.56351470947266,84.56351470947266,82.27751273165589,84.24627664049217,7700
2021-03-18,82.45480346679688,84.03167554729166,82.34283331202306,83.43451562591355,6600
2021-03-19,81.13919830322266,83.88240717645982,81.13919830322266,83.38788467753406,33400
2021-03-22,80.83128356933594,83.08930251343013,80.74731127637881,81.54974640750063,9400
2021-03-23,79.76756286621094,81.18582277251772,79.385010694826,81.18582277251772,10300
2021-03-24,78.69456481933594,81.7176954023077,78.69456481933594,80.98990707931006,18000
2021-03-25,79.3010482788086,80.89658567571317,78.59192529265638,78.59192529265638,11200
2021-03-26,80.0195083618164,81.17650482819852,79.31037828042383,80.4580492395367,7000
2021-03-29,79.31036376953125,81.49372801397215,78.3773006663603,80.94322420008042,8800
2021-03-30,80.9805679321289,82.10024108987038,79.59030555221311,79.92620892327722,13300
2021-03-31,80.80328369140625,82.1002411624414,80.3554172753971,81.11119630160525,36400
2021-04-01,82.33349609375,84.40489756992716,80.92457576464824,81.01788066240154,17200
2021-04-05,82.9773178100586,83.39719343875208,81.65236966039105,82.828024268216,9800
2021-04-06,83.40653228759766,84.37691902584959,83.21992246507969,83.35987627261396,8000
2021-04-07,82.30550384521484,83.8357269205104,82.30550384521484,83.14526214719588,6100
2021-04-08,82.5014419555664,84.05965570646347,81.75499570732386,83.14525780659264,21400
2021-04-09,81.68036651611328,83.97570150294888,81.64304312786696,83.13594306417771,11600
2021-04-12,81.63369750976562,82.69738899002814,80.3833962366774,81.6430301350191,6300
2021-04-13,81.36312103271484,81.63371025766234,80.62600725285075,80.99922689678402,4700
2021-04-14,82.10022735595703,83.70509716730629,81.63369576515584,81.63369576515584,19200
2021-04-15,81.9416275024414,83.14528014267457,81.71769427968208,82.47347335568779,8800
2021-04-16,81.6430435180664,82.65075364940799,81.43776844108477,82.65075364940799,5400
2021-04-19,81.33512878417969,81.72701367436954,80.35541655870506,81.17650972653736,5300
2021-04-20,81.21382904052734,82.0535874193201,81.09253337642147,81.17650565494678,5300
2021-04-21,81.74568176269531,82.50146080837587,81.59638820770688,81.62438608829859,5600
2021-04-22,81.31646728515625,83.48117383687932,81.31646728515625,83.48117383687932,5100
2021-04-23,82.20287322998047,82.88401255400781,81.45642688005901,81.92295851827537,3300
2021-04-26,82.01627349853516,83.378545195248,81.60572332847886,81.80166578635789,5000
2021-04-27,82.38948822021484,82.48279312192373,81.54039724163621,81.92295659296268,9800
2021-04-28,82.21220397949219,82.8560199035222,81.99759629857962,82.37082302437538,3500
2021-04-29,82.01627349853516,82.57611010943363,81.88564519328247,82.23087409200369,5800
2021-04-30,81.41911315917969,82.25887163138977,81.40978053206938,81.96961714063987,11900
2021-05-03,83.313232421875,83.63047056310948,81.6803714604756,81.6803714604756,7700
2021-05-04,82.57610321044922,83.50916652356163,82.35217000854051,83.05196749337483,6500
2021-05-05,81.96959686279297,82.8653366386571,81.61503542610933,82.8653366386571,2600
2021-05-06,81.78300476074219,82.85602904629279,81.41911062058193,82.85602904629279,2400
2021-05-07,83.2945556640625,83.97569498898237,81.17650515601629,81.45642698679605,29100
2021-05-10,83.20125579833984,83.97570007418061,81.80166079710351,83.88239516450652,7200
2021-05-11,83.08928680419922,83.79840976190877,82.26818657296616,82.26818657296616,3300
2021-05-12,81.49374389648438,83.49050587563399,81.49374389648438,83.49050587563399,6000
2021-05-13,81.63369750976562,82.57609333656218,81.63369750976562,81.79232366424549,6600
2021-05-14,82.57610321044922,83.210586548114,82.1189041802624,83.12660714820564,5700
2021-05-17,81.91362762451172,82.38015927259389,81.6430384143791,82.0909119287695,2700
2021-05-18,81.54974365234375,83.04264368816447,81.54974365234375,81.9136378136154,22100
2021-05-19,81.8856430053711,82.99598357035163,81.73634944980917,82.32418392644858,6700
2021-05-20,81.68036651611328,82.60409723940737,81.64304312786696,82.24953572912995,6000
2021-05-21,81.45642852783203,82.62275764696646,80.8965848556811,82.07224660100685,14500
2021-05-24,80.7752914428711,81.8296504332401,80.7752914428711,81.38178402547784,9600
2021-05-25,79.9355239868164,81.40976557622814,79.9355239868164,81.40976557622814,5600
2021-05-26,79.66494750976562,80.1221536839067,78.76920753396145,79.63695674781995,8700
2021-05-27,80.22477722167969,81.00854689419934,80.03816031009838,80.33674024992119,3500
2021-05-28,79.97286224365234,80.74730656527107,79.77691978614196,79.77691978614196,7300
2021-06-01,79.31036376953125,80.43003664585378,79.31036376953125,80.18744536449803,4400
2021-06-02,79.42236328125,80.15015163192338,78.37732965642898,79.59031498669071,32300
2021-06-03,77.44426727294922,79.49700403992922,77.16434538712956,79.49700403992922,17200
2021-06-04,78.45196533203125,78.79719420304077,77.64953031062872,77.64953031062872,10000
2021-06-07,77.44426727294922,78.80653907193913,77.03371707206952,78.60126397149926,18200
2021-06-08,76.88442993164062,77.79882812887392,75.58747230179296,77.67753244274968,20800
2021-06-09,77.1643295288086,77.7055079335288,76.94039633739975,77.1643295288086,8300
2021-06-10,76.93108367919922,77.5375763854438,75.95137126330533,77.5375763854438,18100
2021-06-11,77.72417449951172,78.7225519298615,76.53918014090952,76.53918014090952,13200
2021-06-14,78.18762969970703,79.03027111072984,77.24199838605101,78.64639835670648,11100
2021-06-15,78.36550903320312,78.84300698387135,77.24199200672773,78.49658578152035,8300
2021-06-16,77.49478149414062,78.67447938213746,77.37306941057118,77.74757747028492,9500
2021-06-17,78.02845764160156,78.53404247979641,77.71013041559787,78.08463849683267,7800
2021-06-18,79.54521942138672,80.13506488158002,77.2420041546795,77.2420041546795,20600
2021-06-21,79.6107406616211,80.18186380746728,78.4310428521351,79.75118206756053,10700
2021-06-22,79.4890365600586,80.2942264155272,78.68384670458997,79.23624057537916,9700
2021-06-23,79.95716857910156,79.95716857910156,79.50775747086823,79.62011203371337,7700
2021-06-24,80.2099609375,80.25677712652734,79.32051049116076,79.5826640061598,13900
2021-06-25,81.4552001953125,82.39146686422413,79.65756990535762,79.65756990535762,104400
2021-06-28,80.0320816040039,81.35221395215504,79.60139263094806,81.35221395215504,7800
2021-06-29,80.88407135009766,81.4551945500035,80.24740977363611,80.51892794598047,5900
2021-06-30,79.6201171875,80.86535355283532,79.61075252086992,80.86535355283532,7900
2021-07-01,80.70618438720703,80.70618438720703,79.58266723642255,79.75119552335501,5800
2021-07-02,79.87289428710938,80.61254569278778,79.58265395261851,80.1256902468857,3400
2021-07-06,79.98524475097656,80.50955168793155,79.55456303231406,80.0414184533228,5700
2021-07-07,80.4908447265625,80.4908447265625,79.50776189067321,79.70437702922153,4400
2021-07-08,79.47968292236328,80.83726683699736,79.25498090502798,80.83726683699736,3300
2021-07-09,80.29421997070312,80.29421997070312,79.46094332674146,79.46094332674146,5600
2021-07-12,80.41593933105469,80.68745750773088,79.26433538989599,79.92908383218017,5300
2021-07-13,80.11634063720703,80.57510931671233,79.20816080206022,80.47211940902673,8000
2021-07-14,79.93843078613281,80.33166814289578,79.73245815743832,80.17249740992546,8200
2021-07-15,80.22868347167969,80.29422184487564,79.48903203524146,79.51711888901875,7400
2021-07-16,80.89344024658203,81.80162004288167,79.91035740368812,80.26614330343715,5900
2021-07-19,81.67054748535156,82.37274751122311,80.03208075831796,80.4908494418059,8200
2021-07-20,80.63127899169922,82.27910299981188,80.63127899169922,81.92332427734036,9500
2021-07-21,80.70618438720703,81.5488258218693,80.2848672414498,81.03388343740468,5300
2021-07-22,79.96653747558594,81.61436162560595,79.83545357375827,81.61436162560595,5400
2021-07-23,80.9028091430664,81.1368758185506,79.8167363401087,80.87471514176394,4200
2021-07-26,81.8858871459961,82.1199538279169,81.20241643495036,81.38030225586937,5700
2021-07-27,83.03748321533203,83.08429225728777,80.72490367693943,81.4551904484009,10500
2021-07-28,83.08429718017578,83.08429718017578,81.4551952747618,82.87831738255441,5800
2021-07-29,83.73033905029297,83.77715524690421,82.41019945186181,83.54308855014538,4500
2021-07-30,83.70223999023438,84.58232578443656,83.27155818814657,84.19846017213668,3800
2021-08-02,83.318359375,84.45124105815103,82.6348887847161,84.45124105815103,5600
2021-08-03,81.93269348144531,83.77713985595999,81.86715510411904,83.77713985595999,6800
2021-08-04,80.50021362304688,81.9701520492737,80.50021362304688,81.9701520492737,3800
2021-08-05,80.79981231689453,83.73032427153363,80.09761235055934,81.97014559411984,5100
2021-08-06,80.9028091430664,81.68926974398222,80.44403331605079,81.68926974398222,6200
2021-08-09,81.03388214111328,81.86715889563062,80.5282972884037,80.5282972884037,3300
2021-08-10,82.09185791015625,82.18548314396338,81.22112966376977,81.47391850936377,5000
2021-08-11,81.72672271728516,82.8127883963379,81.68927119136634,82.1574045506292,6700
2021-08-12,82.34465789794922,82.95323271476407,81.22114065394366,81.7267255566907,6800
2021-08-13,80.89344024658203,81.9139674696254,80.77172101007939,81.9139674696254,4000
2021-08-16,81.82970428466797,81.87651332993285,80.68745786162289,80.89343766160117,7900
2021-08-17,82.48509979248047,82.48509979248047,81.45520778929153,81.82971592040073,4600
2021-08-18,81.8577880859375,82.5319011722947,81.05259824869387,82.4757203196668,5500
2021-08-19,80.79981231689453,81.11813953958905,80.06016082851045,80.9870627839916,5300
2021-08-20,80.55638122558594,80.80917007120485,79.81672973508603,80.46275599176958,5400
2021-08-23,81.66116333007812,81.97013298208249,80.06014851034593,80.9683281366426,3400
2021-08-24,81.951416015625,82.38209780317395,80.44402618762994,81.82970392669185,6400
2021-08-25,81.13685607910156,82.68169004694252,80.53763896394688,82.42890124190468,3200
2021-08-26,80.98706817626953,81.47392370902618,80.56575102567528,81.47392370902618,5100
2021-08-27,82.44763946533203,82.64425460597101,80.77172129343094,80.77172129343094,12000
2021-08-30,83.14983367919922,83.57115793113026,82.39146002612945,82.39146002612945,5400
2021-08-31,82.9532241821289,83.9175776936167,82.0918605741153,82.81278275528702,5100
2021-09-01,81.65180206298828,82.37273128099844,81.22112032249042,81.54881217470111,11900
2021-09-02,82.56935119628906,83.31836016732775,81.54881691928966,83.31836016732775,5400
2021-09-03,82.35401916503906,83.37455359598606,82.35401916503906,83.37455359598606,2900
2021-09-07,84.3108139038086,84.86320779344827,82.06377253612612,82.5787149029372,15400
2021-09-08,83.77714538574219,84.45125139281565,83.28091804677803,84.26400091470879,3600
2021-09-09,84.74150848388672,86.60467738097415,84.0861174502496,84.0861174502496,13300
2021-09-10,84.26399993896484,85.63094841413032,83.32773327297635,85.19090193821208,8500
2021-09-13,84.34825897216797,84.88193781947207,84.26399840247637,84.88193781947207,4200
2021-09-14,85.26577758789062,86.13650559319989,84.26397286291292,85.13470086822218,15200
2021-09-15,84.20921325683594,86.06883712096503,84.05893685761538,85.43957082176847,18500
2021-09-16,84.51913452148438,86.11578880524078,82.76282412459614,83.75838005718828,40300
2021-09-17,83.58931732177734,86.19091426983955,81.55124242816335,84.81028774439153,80800
2021-09-20,82.43408966064453,84.58487179592505,81.80482349630921,83.51417776045042,36000
2021-09-21,84.20921325683594,85.00753692236906,82.53742056058631,83.10094989209026,36200
2021-09-22,87.06436920166016,87.81573665962874,84.45337839185456,84.80088709513997,16700
2021-09-23,89.38422393798828,89.74112676657239,87.02682228411967,87.44946207362233,10800
2021-09-24,89.55327606201172,90.07923620882477,88.4168378472175,89.14941726125245,6900
2021-09-27,91.25325012207031,91.54440166267712,89.93836040822677,89.93836040822677,6800
2021-09-28,90.3609848022461,91.57256108571019,90.0322642212065,91.57256108571019,4900
2021-09-29,90.38916778564453,91.84493969985341,90.03227214703593,91.84493969985341,2700
2021-09-30,87.19586944580078,90.3516017391513,86.72626651126139,90.05105614766897,12100
2021-10-01,87.71243286132812,90.9996533027138,87.23343587636607,87.80635201225333,5800
2021-10-04,85.24230194091797,87.19584413571806,85.1671637734645,85.1671637734645,4500
2021-10-05,85.46773529052734,85.9373382316841,85.39259710020494,85.79645591622263,5100
2021-10-06,86.64176177978516,88.16327822479283,85.46775416759294,85.46775416759294,12000
2021-10-07,86.77322387695312,87.58094144367404,84.08709469749927,87.35553405650613,11000
2021-10-08,85.82462310791016,87.15830078482655,84.5285216882954,87.15830078482655,3600
2021-10-11,84.74453735351562,85.58042989163634,84.20919036656672,85.58042989163634,3200
2021-10-12,85.32686614990234,85.32686614990234,84.66003073036617,85.00753954008502,2900
2021-10-13,84.90419006347656,85.22351653699313,84.53790044240978,85.22351653699313,4800
2021-10-14,84.56609344482422,84.89481405085618,84.56609344482422,84.85724495794227,3200
2021-10-15,84.54730987548828,85.15779512851408,84.43460975624008,84.65062309518059,4600
2021-10-18,83.66445922851562,84.6224460471385,82.92248574368139,84.29372543121751,4500
2021-10-19,83.43903350830078,83.77714814391926,83.07274384730927,83.77714814391926,4900
2021-10-20,83.96501159667969,85.14841307514395,83.78656017695063,84.53792778737264,4500
2021-10-21,85.82462310791016,86.66051569358203,84.22797612002654,84.22797612002654,5800
2021-10-22,88.5013656616211,88.5013656616211,85.84341152864165,85.84341152864165,6900
2021-10-25,89.38422393798828,89.38422393798828,87.95663412036893,87.95663412036893,3200
2021-10-26,93.52611541748047,97.49895194444157,89.22455112759201,89.61901584441891,13600
2021-10-27,93.56369018554688,100.08177396970584,89.79747268731937,98.61661512370807,19500
2021-10-28,92.28636169433594,93.89240271383271,90.41733703808531,90.41733703808531,14100
2021-10-29,90.94330596923828,93.43220295395012,90.83999275045451,91.78859268402731,9600
2021-11-01,92.8968505859375,93.58246681805525,91.13113906806026,91.13113906806026,3600
2021-11-02,94.01451110839844,95.33879489436208,93.45098898981556,93.45098898981556,5400
2021-11-03,95.62993621826172,96.36251561069982,93.54489815327835,93.9205819140489,15400
2021-11-04,95.32939147949219,95.79899439318427,94.04267691637004,94.05207098100398,5100
2021-11-05,97.81828308105469,97.81828308105469,95.76142013700137,95.76142013700137,7400
2021-11-08,96.45645141601562,98.60723397312236,94.39020112332622,98.60723397312236,11500
2021-11-09,96.71941375732422,96.92603300851988,94.44653033845807,96.63488151156889,7000
2021-11-10,97.78073120117188,98.27850920397235,97.01997668108608,97.05753861306454,7800
2021-11-11,99.03924560546875,99.36797335750947,97.67740010485082,97.67740010485082,3800
2021-11-12,101.9038314819336,101.9038314819336,99.15195814238845,99.2083081986121,5400
2021-11-15,103.96068572998047,104.54298870324286,101.02096717565462,103.35020056541761,7300
2021-11-16,103.74468994140625,105.3789063126868,102.49554428933402,103.46293245150152,6000
2021-11-17,103.84798431396484,104.72144598865451,101.90382860779386,102.47674471514792,18200
2021-11-18,105.49158477783203,106.740730088521,102.13862068874168,103.32202188652971,8800
2021-11-19,108.59098815917969,110.09371615806072,104.1297601579431,105.14409707870509,6100
2021-11-22,117.12834167480469,125.73146213776734,108.5909653240439,108.5909653240439,17100
2021-11-23,115.56927490234375,119.38244810279141,113.76599434631567,117.13774684616054,9900
2021-11-24,116.82781219482422,123.48677806578962,115.31569024078746,116.84660032407598,15300
2021-11-26,113.0146484375,116.85599715522336,109.98101020695869,116.69633387087183,17800
2021-11-29,104.49604797363281,113.55938612779866,104.25185243903702,112.05665099081426,16400
2021-11-30,104.77779388427734,107.0412832397358,102.17619704240833,104.04521452684027,16900
2021-12-01,107.6893539428711,113.49363963422492,106.44959525278874,106.44959525278874,11600
2021-12-02,107.72689056396484,113.5311820572014,106.89099806700239,108.68488438748483,6100
2021-12-03,105.61370086669922,108.57220089259914,103.3220433372578,107.9992847188457,11100
2021-12-06,104.5617904663086,106.55290231026011,103.31264494855694,104.4866522775178,13700
2021-12-07,97.77132415771484,109.51139687515351,95.89291252292466,109.51139687515351,23700
2021-12-08,101.57512664794922,102.24196202388752,96.61612029435463,97.92161601374515,8700
2021-12-09,101.56571960449219,105.40707524040047,98.96412256414675,101.74417100819993,7900
2021-12-10,102.64581298828125,104.31759833267242,100.7392261704515,102.5331057014247,7800
2021-12-13,104.26123809814453,106.61863950221898,102.70215302717425,103.05905581794035,8100
2021-12-14,102.98918151855469,106.48973867589285,101.09543221918011,105.29419190273775,22600
2021-12-15,97.19318389892578,104.26125662356668,96.7627826345342,103.29525268032965,27600
2021-12-16,93.75000762939453,99.4312491441059,93.73088208864529,97.71922501398488,23100
2021-12-17,90.6224365234375,97.55660712813325,90.6224365234375,95.04117959088063,49400
2021-12-20,86.28978729248047,91.90407041392399,86.28978729248047,91.38760061599325,29700
2021-12-21,89.90512084960938,91.79887022288328,86.7584407442284,86.7584407442284,42500
2021-12-22,95.24203491210938,95.4046275134748,89.11126787708628,90.15378840327224,18200
2021-12-23,93.61609649658203,97.4514127764233,93.61609649658203,95.59592175829343,9900
2021-12-27,95.78719329833984,96.59059709625826,94.05603689123753,94.66816345250895,6400
2021-12-28,96.60018157958984,97.16447616742674,94.8881576838713,94.8881576838713,13500
2021-12-29,96.86797332763672,97.7478939355059,95.08899927861893,96.58104650178609,4800
2021-12-30,96.02631378173828,97.2792444062703,95.3281112882198,95.73937965080454,8200
2021-12-31,95.64373779296875,96.1219564819336,95.29941975315101,95.58635388534516,8400
2022-01-03,92.87963104248047,95.72025112116285,91.8849353292593,95.6533007989767,12900
2022-01-04,95.53852081298828,95.6437294992004,93.2048114781558,93.2048114781558,3400
2022-01-05,92.87007904052734,95.69157402096297,92.35360191905399,95.69157402096297,4000
2022-01-06,89.56079864501953,92.04753445595396,89.42689799114879,92.04753445595396,5200
2022-01-07,87.380126953125,89.24517708181669,86.99755050961322,89.24517708181669,6800
2022-01-10,90.57463073730469,91.81800243915055,87.03581481211145,87.49490803500446,14600
2022-01-11,90.52681732177734,92.67880185099374,89.66602205068287,89.66602205068287,12500
2022-01-12,88.41307067871094,91.66495182040173,88.41307067871094,90.67026340106153,8400
2022-01-13,86.45238494873047,88.47046865533419,86.08894132605342,88.47046865533419,10100
2022-01-14,88.087890625,88.66175165474145,85.60115463142776,86.50020819948067,23700
2022-01-18,88.2791748046875,89.0730122997323,86.28978326442092,87.38968773215743,16100
2022-01-19,87.99224090576172,88.4704596063365,87.27491285489953,87.73400601814816,8500
2022-01-20,89.80946350097656,92.39184127984247,88.0878734503743,88.0878734503743,19400
2022-01-21,90.52681732177734,91.87539049895905,89.2643200231853,89.2643200231853,23100
2022-01-24,91.61713409423828,92.77442240529902,88.96779856395196,90.09639492220721,11100
2022-01-25,94.4099349975586,95.34724686143889,88.70000254482304,90.71808604513416,23900
2022-01-26,92.72660827636719,98.50349137603352,91.71278690985285,95.64374543082276,7300
2022-01-27,89.4460220336914,95.22290477926867,88.50871747226228,95.22290477926867,6000
2022-01-28,90.38333129882812,91.5310532219028,88.90085045923848,88.90085045923848,7300
2022-01-31,89.97206115722656,91.71277684107989,89.38863379038757,89.38863379038757,7300
2022-02-01,88.48001861572266,90.60331063603287,87.48532292616122,89.38863115192785,18800
2022-02-02,86.87322235107422,89.2069249555686,86.87322235107422,88.47047127028618,19700
2022-02-03,84.64471435546875,86.12719532231785,84.59688956413608,86.07937053098517,17800
2022-02-04,89.67557525634766,90.59375431121337,84.88382170082602,84.88382170082602,21200
2022-02-07,89.24517822265625,90.14423178184592,88.50872457953878,89.67557946349844,8300
2022-02-08,91.29194641113281,92.65009305744265,89.41732999304563,89.41732999304563,27700
2022-02-09,95.31854248046875,96.50452266018195,91.91362081407547,92.80310777311969,14200
2022-02-10,90.4789810180664,95.4046353290491,90.4789810180664,95.4046353290491,13700
2022-02-11,90.4789810180664,91.82756132078488,89.82860326228759,91.82756132078488,11600
2022-02-14,89.90512084960938,91.8179957613032,88.642623699773,91.33977703337973,19600
2022-02-15,91.79887390136719,92.25795981222812,89.90512445220861,90.38334319929483,15300
2022-02-16,91.2441177368164,91.81797864393351,91.2441177368164,91.79885310907913,5200
2022-02-17,89.6659927368164,91.53104246692732,89.42688342285156,91.43540020074882,5500
2022-02-18,86.89234161376953,90.1251048924306,86.82539128358039,88.91999165198729,26400
2022-02-22,88.47045135498047,91.03370364287655,85.41941399482154,86.557576731089,12400
2022-02-23,86.31847381591797,89.63731270246052,86.0793644701675,89.63731270246052,7200
2022-02-24,88.11656188964844,88.88171461431662,85.13248231692432,85.40984999719062,14300
2022-02-25,88.82435607910156,89.88600232165555,87.06450722862749,88.47047156590381,15500
2022-02-28,86.08892822265625,89.6277435114191,86.08892822265625,88.94867386615003,24400
2022-03-01,82.42578887939453,87.03581760807239,82.14842111247133,86.98799281144997,23400
2022-03-02,83.91781616210938,84.04215769529445,81.73714003868453,83.21962094038321,21600
2022-03-03,84.66383361816406,85.54376155300648,83.2196184290629,84.37690678255211,11700
2022-03-04,85.68721771240234,86.90189721947156,84.18561138180904,84.76903874245718,17900
2022-03-07,83.65957641601562,86.55758042744147,83.65957641601562,85.69678535052341,9000
2022-03-08,82.29186248779297,84.68295563087027,82.25360412185927,83.32481647689129,36100
2022-03-09,85.79243469238281,87.21753171927936,82.22492715899452,83.63089135091823,20100
2022-03-10,84.53950500488281,85.47681690974059,83.68827626435701,84.42472988478637,11300
2022-03-11,83.73609161376953,85.58201596254723,82.84660460017119,85.58201596254723,19400
2022-03-14,83.50653839111328,85.12291976438793,83.08571094078046,83.08571094078046,12200
2022-03-15,83.25788879394531,85.13250545207723,82.28231844002576,84.79775378045352,7000
2022-03-16,83.83173370361328,84.78817103669036,82.70313735870083,84.1664853107827,16400
2022-03-17,85.34791564941406,85.54943334287077,84.28274546881399,85.0600290466128,13100
2022-03-18,85.61662292480469,86.60502256494733,83.43829858974644,84.34033662463945,29700
2022-03-21,84.57064056396484,87.07522958437595,84.10043252464307,85.61662191655128,17000
2022-03-22,86.07722473144531,87.7853408616248,85.4054990160037,85.49186061316281,22400
2022-03-23,84.90650177001953,86.27874768814789,84.8105346804738,85.03124873666356,14200
2022-03-24,87.88129425048828,88.28432965048576,84.44588053524726,84.44588053524726,15300
2022-03-25,86.8545150756836,88.57222204545201,86.7969333567383,88.40908238324499,14700
2022-03-28,87.9004898071289,87.9004898071289,86.73935974202992,87.31512568785222,5300
2022-03-29,86.45148468017578,88.29394620318966,86.45148468017578,88.28434802845055,10400
2022-03-30,85.40550994873047,88.85051520661389,85.40550994873047,88.85051520661389,7900
2022-03-31,86.23077392578125,87.22877173593388,85.29994869317439,85.29994869317439,19900
2022-04-01,86.63380432128906,88.06362471466893,85.8853078377917,88.06362471466893,12800
2022-04-04,85.88530731201172,87.1040118033523,85.02165471277831,87.00805203038445,11700
2022-04-05,83.4958724975586,85.98126496610575,83.41910175257166,85.64540210836441,10900
2022-04-06,83.14082336425781,84.80095614971088,82.33475240803466,82.5266719724891,17500
2022-04-07,83.9660873413086,84.33073742782231,83.428706725128,83.49587930215057,6400
2022-04-08,83.2079849243164,84.71457600167128,82.77616230085118,83.87011978014013,10200
2022-04-11,83.05445098876953,84.49386949934605,82.47867772753001,82.55544847186343,13000
2022-04-12,82.2963638305664,83.80295504885822,82.2963638305664,83.80295504885822,7000
2022-04-13,83.19840240478516,83.2847713384852,82.24838806165955,82.39233140365131,7700
2022-04-14,85.25196075439453,86.36511463500679,83.04485666203458,83.59183542853916,19700
2022-04-18,84.11002349853516,85.30953892971432,83.16000932699438,85.11761206796895,8200
2022-04-19,83.92770385742188,85.64541101858698,83.35193785264174,84.11963073985656,6100
2022-04-20,85.49185943603516,85.68378629584815,84.27315499158237,84.58982881932798,6000
2022-04-21,85.02165985107422,88.27474540373622,84.34993407844206,85.21358672987043,15100
2022-04-22,85.40550994873047,88.27474918806588,84.94489274113478,84.94489274113478,11900
2022-04-25,83.76456451416016,85.22317209273787,82.68979602592408,84.84892385477183,8500
2022-04-26,82.71857452392578,84.77214419052423,82.56504036819256,84.15799292507015,6900
2022-04-27,82.76654815673828,84.84890477065186,82.52664511860281,82.52664511860281,12300
2022-04-28,82.68022155761719,84.06205866344948,82.33476045084342,82.9105265217121,13100
2022-04-29,81.17359924316406,82.81454268451516,80.32914307249938,82.6418121812814,24200
2022-05-02,80.38671112060547,81.59582454779202,80.03165929067504,80.81854100523071,10800
2022-05-03,80.3195571899414,81.07765188562033,80.08925225747623,80.51148406804722,7500
2022-05-04,80.75138092041016,81.1736053770174,79.55186547988494,80.04126982957237,14300
2022-05-05,80.45391082763672,80.99129882173735,79.302378722623,80.27158942578814,15000
2022-05-06,80.07965087890625,80.38672655032627,79.64782823265548,79.64782823265548,11500
2022-05-09,79.6670150756836,81.08724459286628,79.02407655021565,81.08724459286628,11200
2022-05-10,81.18321228027344,81.54786969901257,79.85894972718727,79.98369671076212,14100
2022-05-11,81.61503601074219,83.09283263618785,81.13522981978254,81.30796034137846,6900
2022-05-12,80.60743713378906,81.47108971018905,79.64782478695824,81.47108971018905,5600
2022-05-13,80.50188446044922,80.89532906261431,79.92611847890717,80.89532906261431,7200
2022-05-16,80.78976440429688,82.09483775877827,80.76097720579908,82.09483775877827,6500
2022-05-17,81.36553955078125,82.97768874054583,80.72260097399575,81.04886568892742,10600
2022-05-18,79.820556640625,82.78575532784568,79.35993948506791,80.62662751127327,16600
2022-05-19,79.84933471679688,80.97207929603083,79.45589750000792,79.86853106176832,10200
2022-05-20,80.22359466552734,80.55945753913895,79.64782869344153,80.12763489038997,6800
2022-05-23,80.46349334716797,81.34633494398905,79.02407483533577,80.50187871936816,6800
2022-05-24,79.89732360839844,79.89732360839844,79.52307539025841,79.64782235588476,4000
2022-05-25,79.88774108886719,80.42512174918352,79.4079348360812,79.4079348360812,5800
2022-05-26,79.87813568115234,80.58825414228562,79.50388742356722,79.88773385529245,8900
2022-05-27,81.47107696533203,81.60542208717129,80.05084769283982,80.05084769283982,10500
2022-05-31,82.6610107421875,83.75496828179182,81.06805798081658,81.39432267942138,11900
2022-06-01,81.6438217163086,82.8913133972115,81.18320456006387,81.49987839740328,6400
2022-06-02,82.91049194335938,83.1311986398682,80.99126762671337,80.99126762671337,7500
2022-06-03,81.56705474853516,82.61302875992843,81.06805951731101,81.94130300226868,5800
2022-06-06,81.10643005371094,82.24837105715487,81.10643005371094,81.63421975814158,5300
2022-06-07,80.72259521484375,81.36553374575881,80.62662812081707,80.62662812081707,5100
2022-06-08,80.03167724609375,81.59584285413739,79.96450466958296,80.25238400265988,7400
2022-06-09,79.8397445678711,80.54026480451874,79.8397445678711,80.44430503379938,7400
2022-06-10,78.90892791748047,79.85894210794034,78.87054254436697,79.83974576075293,14200
2022-06-13,78.19880676269531,79.64782343170718,77.92051830829826,78.6690220759495,22200
2022-06-14,79.35993957519531,79.35993957519531,77.72860148488134,78.53467235644504,16700
2022-06-15,80.12763977050781,80.81856190759555,78.3139728212835,79.84935128077736,8900
2022-06-16,81.46614074707031,81.71651156275266,79.18393791883118,79.4439330124719,20100
2022-06-17,80.55133819580078,84.06613200289117,80.55133819580078,81.46614422170576,15900
2022-06-21,80.29134368896484,81.32170727824521,79.64616432909673,81.05208052169007,9500
2022-06-22,81.3313217163086,81.8513192141055,77.33504995591166,79.57874082230116,13600
2022-06-23,81.7550277709961,83.16094371388695,79.28985354866019,81.55280773949572,10400
2022-06-24,83.74835205078125,84.25871796698263,80.42614676287393,80.42614676287393,72200
2022-06-27,85.68389892578125,86.5505541646089,83.74835370905976,84.39353299904116,7300
2022-06-28,83.98908996582031,85.1542667663477,83.97945834110173,85.1542667663477,3600
2022-06-29,82.5157699584961,84.31649445980376,81.504662386947,84.31649445980376,7800
2022-06-30,82.71798706054688,83.50761130898985,81.10985103637768,81.73576705225378,8500
2022-07-01,81.60094451904297,81.88020282934482,80.48391862461179,81.88020282934482,5700
2022-07-05,81.3505859375,81.36984183908137,80.88836348500396,80.88836348500396,6000
2022-07-06,81.24466705322266,82.09206638395919,80.62837529509113,80.8883703959246,4500
2022-07-07,81.65873718261719,82.41946656713121,79.8580053746158,79.8580053746158,5400
2022-07-08,80.2720718383789,80.93651431846139,79.75207433398087,80.93651431846139,4800
2022-07-11,80.24317932128906,81.45649940930322,80.02169605944611,80.02169605944611,4200
2022-07-12,79.2513427734375,80.68614626134291,79.0394911147984,80.68614626134291,4500
2022-07-13,78.51948547363281,81.37946787597865,78.51948547363281,79.92540128939947,4400
2022-07-14,78.94319915771484,80.56096682355742,77.13283572999987,80.56096682355742,6700
2022-07-15,79.5980224609375,80.54171612747957,78.384694685748,79.79061090605026,8300
2022-07-18,77.739501953125,79.30911881670204,77.63357612248355,79.24171213781904,14900
2022-07-19,80.88836669921875,80.88836669921875,78.96245320638022,78.96245320638022,5500
2022-07-20,80.87873840332031,81.60095599285852,80.1180016607268,80.1180016607268,5400
2022-07-21,82.81427764892578,82.97797852756354,80.54169920942243,80.54169920942243,5900
2022-07-22,82.4291000366211,86.69499892478514,82.4291000366211,84.7016786565374,10700
2022-07-25,82.73724365234375,84.87500885043708,82.42909778079371,82.42909778079371,5400
2022-07-26,82.81427764892578,86.40610943535049,81.86095255634376,84.5957461057392,5800
2022-07-27,85.7031478881836,86.2038821488811,83.0164977637835,83.13205521476449,6600
2022-07-28,86.16537475585938,88.26462080208567,85.5105638603362,85.5105638603362,4200
2022-07-29,87.95648193359375,89.46833135755712,85.52983371709234,89.46833135755712,7400
2022-08-01,88.28388214111328,90.02683164598552,83.81576305421322,90.02683164598552,3500
2022-08-02,86.42536926269531,87.72535942013253,85.80907752366171,85.80907752366171,3700
2022-08-03,87.18610382080078,88.92905316322658,86.76240050569211,86.76240050569211,4300
2022-08-04,85.9535140991211,87.62905664154334,85.60684911147838,87.14757830834805,4800
2022-08-05,86.95500946044922,86.95500946044922,85.70316257402752,85.70316257402752,2000
2022-08-08,88.77499389648438,88.89054401595311,85.7031592097937,87.8601804856166,7300
2022-08-09,87.09945678710938,88.63056222118841,86.30020806914183,88.63056222118841,3700
2022-08-10,88.30313110351562,88.43794446087611,87.09943516509924,87.09943516509924,3800
2022-08-11,89.8534927368164,89.8534927368164,88.37053844790289,88.38980169725777,2300
2022-08-12,91.73126220703125,92.02014482442151,87.30166261938795,90.10386294599137,5600
2022-08-15,91.54830169677734,93.43569612284968,90.31571818152824,90.60460081035254,3200
2022-08-16,91.01866912841797,91.86607577362311,90.51793484906882,90.51793484906882,3600
2022-08-17,89.74756622314453,90.65274791973702,88.97720523067977,88.97720523067977,3000
2022-08-18,89.45869445800781,91.46164650558752,88.16832843526359,89.26609867644561,4500
2022-08-19,89.34313201904297,90.5468280364299,87.18611081298327,88.447581888236,5900
2022-08-22,87.72534942626953,91.3557001143007,87.72534942626953,91.3557001143007,4700
2022-08-23,86.97425079345703,87.7349874850679,86.97425079345703,87.7349874850679,3500
2022-08-24,88.01425170898438,88.86165103581715,88.01425170898438,88.86165103581715,1700
2022-08-25,88.30313110351562,90.10386287222626,86.50240668158197,89.61275287225482,5200
2022-08-26,85.82833862304688,87.63870214450233,85.82833862304688,87.63870214450233,2800
2022-08-29,87.02241516113281,87.02241516113281,84.74020472981923,85.7127932275661,3100
2022-08-30,86.66610717773438,86.66610717773438,85.70315043131511,85.70315043131511,2500
2022-08-31,88.4957275390625,89.28535178683624,87.97573000807338,88.10091174178712,7700
2022-09-01,86.80093383789062,86.80093383789062,85.74168272384047,85.74168272384047,2300
2022-09-02,84.28759765625,87.7542402608607,84.28759765625,86.78165929645486,4400
2022-09-06,82.55428314208984,85.70314839550004,82.55428314208984,85.70314839550004,3000
2022-09-07,86.06907653808594,86.06907653808594,83.36317026851295,83.36317026851295,3700
2022-09-08,85.7031478881836,88.20683388522463,85.01944950012702,85.01944950012702,2900
2022-09-09,88.4957275390625,88.4957275390625,85.22167309215536,85.22167309215536,4300
2022-09-12,90.0268325805664,90.4216484099552,87.49425874560042,89.55498578781437,2200
2022-09-13,84.86538696289062,88.57277681841082,84.35502099333824,88.17796097221192,5400
2022-09-14,83.786865234375,85.41425707536264,83.21871695623487,84.41278856403639,3200
2022-09-15,84.74337768554688,84.89796953266509,83.20715990437083,84.89796953266509,6000
2022-09-16,83.57431030273438,84.74338358541347,82.17335660457934,84.74338358541347,9700
2022-09-19,84.73371887207031,85.69989585976255,84.66608677778568,84.84966276427774,5200
2022-09-20,84.05741119384766,84.34726728443404,83.67093886351466,84.05741119384766,3500
2022-09-21,84.05741119384766,85.63227727862233,83.96079495410106,84.05741119384766,7300
2022-09-22,83.92213439941406,84.06706242297462,83.12020572421176,83.12020572421176,4100
2022-09-23,82.46320343017578,83.57430842688318,82.01876290576189,82.69508384044708,6200
2022-09-26,83.89315032958984,83.89315032958984,83.04290985547117,83.09122165380808,5100
2022-09-27,84.05741119384766,88.1346799047348,84.05741119384766,88.1346799047348,3800
2022-09-28,85.50666046142578,85.98974893860898,82.19267321309525,82.23132117583133,6900
2022-09-29,83.67094421386719,85.07190557949065,82.18303043831558,83.47771172201772,6000
2022-09-30,82.42454528808594,84.54047496313638,82.42454528808594,84.05738653477559,5200
2022-10-03,84.05741119384766,84.05741119384766,82.8013779631021,82.8013779631021,3600
2022-10-04,83.8351821899414,85.98976032691829,83.50668552019708,83.71924565772395,5500
2022-10-05,82.59847259521484,83.33276920523197,81.74823945874739,82.19268000994714,4000
2022-10-06,80.63713836669922,83.07190874091685,80.20236162840484,83.07190874091685,3800
2022-10-07,79.66130065917969,80.48255710891372,78.67580323938385,80.48255710891372,6800
2022-10-10,79.80622863769531,81.13955778095644,77.95117033641928,78.29899468932685,8500
2022-10-11,81.35209655761719,82.60812954603652,80.09607094054303,80.09607094054303,6700
2022-10-12,81.62263488769531,81.62263488769531,81.62263488769531,81.62263488769531,1500
2022-10-13,81.93180847167969,83.61295430405052,81.30379197866016,81.30379197866016,4600
2022-10-14,80.67578887939453,81.12022946650389,80.67578887939453,81.12022946650389,3000
2022-10-17,84.54049682617188,84.97527357559652,80.24101165040796,81.27482085959986,17900
2022-10-18,83.91248321533203,85.052572536481,82.70476178917197,85.0235884016686,5400
2022-10-19,83.62262725830078,85.98975810016006,82.84001882936835,83.37141915942456,4900
2022-10-20,83.46803283691406,84.54048992741522,82.60813587193144,84.51150579599827,5400
2022-10-21,84.20233154296875,84.20233154296875,83.96078728000633,83.96078728000633,3500
2022-10-24,88.69506072998047,89.03322124071671,84.5404962513744,84.5404962513744,9100
2022-10-25,91.69019317626953,91.69019317626953,88.88827857306688,89.90276730966708,6700
2022-10-26,91.80613708496094,94.68534784443904,91.80613708496094,93.23608231620781,6600
2022-10-27,89.82546997070312,92.38584029833248,89.82546997070312,91.78680795065455,7500
2022-10-28,87.54529571533203,92.66603659749568,87.47766362238325,89.56460204147825,17100
2022-10-31,86.52114868164062,89.17813528985985,85.47767580819897,86.57911693971678,8200
2022-11-01,86.60810089111328,89.72885567157621,86.03806003094657,86.56945292869341,4500
2022-11-02,85.69989776611328,86.4825061560676,85.24580076372693,86.03806561640428,3400
2022-11-03,84.3569107055664,86.47284067418998,84.3569107055664,85.02357518803038,2900
2022-11-04,86.94627380371094,86.94627380371094,82.52118835721738,82.52118835721738,4300
2022-11-07,86.28926086425781,87.27476547913919,86.09602842320211,86.74336520921834,8200
2022-11-08,84.63709259033203,86.47283012307973,84.63709259033203,86.28925415840159,3900
2022-11-09,82.43421936035156,83.58397232149916,82.43421936035156,83.58397232149916,3300
2022-11-10,89.6129150390625,89.6129150390625,84.08638152516274,84.55980618214711,8200
2022-11-11,88.86897277832031,90.60808713310409,88.48250046458627,89.74819010500264,3500
2022-11-14,85.61295318603516,90.32789476742643,83.62263072432161,89.15882136419252,6700
2022-11-15,86.99458312988281,87.92211222039359,86.85931893155912,86.88830306386477,3200
2022-11-16,86.97525024414062,87.7868427567507,85.6902404371384,86.02840091266529,6200
2022-11-17,86.95592498779297,86.95592498779297,85.98974804348416,86.18298048380788,3100
2022-11-18,89.43900299072266,89.56460334478516,86.95592844011972,87.73852943725028,4100
2022-11-21,88.41486358642578,88.64674401360168,88.30858352160644,88.30858352160644,2200
2022-11-22,89.64189910888672,89.64189910888672,89.64189910888672,89.64189910888672,1400
2022-11-23,88.60809326171875,89.76751010384285,87.92210846485116,88.95591757722141,2300
2022-11-25,86.77235412597656,87.43901861568918,86.77235412597656,87.43901861568918,800
2022-11-28,85.42937469482422,86.37623146609104,83.23615599099685,86.37623146609104,6200
2022-11-29,85.52598571777344,85.63226577862578,85.50666542095738,85.63226577862578,2200
2022-11-30,86.04772186279297,86.04772186279297,83.87382359759363,85.5549768967166,3400
2022-12-01,88.30857849121094,88.30857849121094,86.6274325900949,86.6274325900949,3800
2022-12-02,85.89313507080078,85.89313507080078,85.89313507080078,85.89313507080078,1200
2022-12-05,98.43411254882812,99.99932198135112,86.74337203300695,86.74337203300695,26700
2022-12-06,93.9607162475586,105.79638487514309,93.9607162475586,98.98483385930106,27800
2022-12-07,95.55489349365234,99.03312873596363,93.9413798970281,93.9413798970281,5200
2022-12-08,98.11528015136719,98.55005686547068,96.13461429523855,96.13461429523855,4900
2022-12-09,96.733642578125,99.51622964659795,95.65152169915726,95.65152169915726,5800
2022-12-12,96.05731964111328,99.56454701738613,95.01384666777528,98.44377811164995,11500
2022-12-13,94.7239990234375,99.09111605327786,94.58873482592116,96.71432139090307,28200
2022-12-14,92.60806274414062,96.21190614960531,92.60806274414062,94.79162479907828,4700
2022-12-15,94.20233154296875,97.05166377977905,91.58560298670398,95.76267944464081,5700
2022-12-16,96.50894165039062,96.50894165039062,92.47723304113529,93.52392747555001,15600
2022-12-19,92.36093139648438,93.77590380951435,90.25784902237795,93.77590380951435,4200
2022-12-20,92.0701904296875,94.83229466375748,90.69398514732326,90.69398514732326,4700
2022-12-21,94.77413940429688,94.77413940429688,92.5547625357801,92.5547625357801,2900
2022-12-22,92.41908264160156,93.84374878495171,90.39353473747504,93.42700975930576,3300
2022-12-23,90.66490936279297,92.75829085014294,90.6455220245741,90.90719933180728,6100
2022-12-27,90.64551544189453,91.85696519899052,90.64551544189453,91.1397890131384,2800
2022-12-28,90.19001007080078,94.76444558334605,90.19001007080078,93.23317130016135,6900
2022-12-29,93.6983871459961,93.6983871459961,91.68253261335902,91.71160622969738,4100
2022-12-30,97.42963409423828,99.24196559296529,93.70806398912706,93.70806398912706,13300
2023-01-03,94.74507141113281,97.88514733448424,93.28163793013968,97.88514733448424,9200
2023-01-04,97.20673370361328,98.28250170419463,96.1697329834433,97.39086904293886,5100
2023-01-05,96.62523651123047,97.0419755529486,96.62523651123047,97.0419755529486,1400
2023-01-06,96.14065551757812,97.87545256082454,95.12304209719534,96.62523544940886,3800
2023-01-09,85.44113159179688,97.47809454372585,81.40942327110623,94.51246052514585,68400
2023-01-10,87.4666748046875,87.4666748046875,84.11338267453696,84.11338267453696,3400
2023-01-11,86.69136047363281,89.87989781356805,84.44290953227505,89.87989781356805,3900
2023-01-12,88.33890533447266,89.11422863344261,86.42965960291795,87.09838214083953,4300
2023-01-13,87.33099365234375,89.64728507519072,84.07461600294914,86.54597654914956,10600
2023-01-17,90.1221694946289,92.5547627105642,88.96887433805773,92.5547627105642,5300
2023-01-18,88.2032470703125,91.08165323798494,87.28254070274434,89.0657988142415,18800
2023-01-19,89.55037689208984,89.90896132547964,87.51514256606347,89.90896132547964,4600
2023-01-20,91.39176177978516,91.56621081985448,88.10631102023089,89.8992549689924,6900
2023-01-23,87.79619598388672,91.35301860623487,87.79619598388672,90.08341404862412,11400
2023-01-24,86.89486694335938,86.89486694335938,86.89486694335938,86.89486694335938,3200
2023-01-25,86.64289093017578,88.75565967117429,86.64289093017578,87.2146916849919,3100
2023-01-26,86.012939453125,87.2728502562768,85.08254685450189,86.20676847171616,3500
2023-01-27,86.56535339355469,88.56182022359053,84.31690294414167,85.27636907970907,7500
2023-01-30,86.4878158569336,89.1336252840441,84.34597365122616,87.1080775185818,7000
2023-01-31,89.28868865966797,92.88427058799417,87.25345458247799,87.9027898662396,9100
2023-02-01,89.83143615722656,90.22878788305937,89.16271344031112,89.16271344031112,5700
2023-02-02,93.49484252929688,93.49484252929688,90.2869261138603,90.2869261138603,5600
2023-02-03,91.21732330322266,93.23317007356876,91.21732330322266,92.52568755820812,4100
2023-02-06,88.9688720703125,89.47283190992039,85.28606189449994,85.28606189449994,7400
2023-02-07,90.2675552368164,91.033192468369,88.20324724897952,88.96888448053211,8700
2023-02-08,88.60059356689453,88.60059356689453,87.0596329223104,88.30015637321907,6800
2023-02-09,86.83670806884766,88.88163563744699,86.83670806884766,88.88163563744699,3600
2023-02-10,87.04993438720703,88.37768599715422,86.93363254739693,87.63142879805231,5300
2023-02-13,86.38121032714844,87.70896191525628,86.38121032714844,87.70896191525628,5500
2023-02-14,85.09223937988281,86.55566545701231,84.82086840575853,86.55566545701231,7100
2023-02-15,87.70896911621094,88.72658994757617,83.86140321059801,85.0922403985619,28600
2023-02-16,89.3565444946289,90.69398995878726,86.87549738701308,88.15478822614045,14900
2023-02-17,88.67813110351562,92.36094169168544,88.1935511521303,89.7732791317693,13500
2023-02-21,88.2032470703125,89.93804422779428,85.16977176507359,85.16977176507359,6800
2023-02-22,87.36006927490234,88.7168945590591,86.32306851944524,88.66843360837021,8600
2023-02-23,87.01116943359375,87.01116943359375,87.01116943359375,87.01116943359375,4400
2023-02-24,84.45258331298828,84.45258331298828,84.33628147658145,84.33628147658145,4500
2023-02-27,88.58120727539062,89.11424072938989,85.59619331422576,85.59619331422576,8000
2023-02-28,88.9494857788086,89.68604930144556,85.64465468650111,88.44552593327963,8400
2023-03-01,88.59090423583984,89.07548415426601,88.01909608716355,88.96887598068403,5200
2023-03-02,90.50984191894531,91.49838915163028,88.13540313602914,88.13540313602914,6600
2023-03-03,93.03935241699219,93.03935241699219,91.47900435263728,91.49839169175539,4000
2023-03-06,90.35477447509766,93.22348669320284,89.77327266007273,93.0393439588381,24600
2023-03-07,85.18914794921875,90.7133558548459,82.19444032051378,89.74419605427254,37700
2023-03-08,85.86756134033203,86.78826763546412,78.25965798698164,84.4235152323452,102100
2023-03-09,87.738037109375,88.42613969261872,85.77064386258898,85.77064386258898,12100
2023-03-10,86.73979949951172,88.53274359693816,85.68341889835155,85.68341889835155,8300
2023-03-13,86.2552261352539,89.10455844336283,84.31690644682124,84.31690644682124,37100
2023-03-14,89.1626968383789,90.69397101518774,87.5054345561752,87.66049627096105,14500
2023-03-15,89.06578063964844,89.87018498989653,87.71864920687244,89.77326310164345,8700
2023-03-16,91.93888092041016,91.93888092041016,90.15961248412218,90.15961248412218,3900
2023-03-17,89.93597412109375,92.09443868686621,89.53733543195837,91.39439532305744,8700
2023-03-20,90.76242065429688,90.78187042635537,90.76242065429688,90.78187042635537,3400
2023-03-21,91.23883056640625,91.23883056640625,88.98313931181579,89.829026314005,5100
2023-03-22,88.09838104248047,91.23884448419257,88.09838104248047,91.23884448419257,2200
2023-03-23,87.81640625,89.47900561665814,87.50527667409756,88.09836858721069,4400
2023-03-24,90.3346176147461,91.10271296086788,87.15525507133665,87.55389378167393,5900
2023-03-27,90.19850158691406,91.37496807877831,88.09837856616888,90.4221294720717,3000
2023-03-28,89.06092071533203,91.35550402044024,88.35115987804059,90.42211533295936,3900
2023-03-29,91.78330993652344,91.8124771739537,89.0609207016859,89.0609207016859,3400
2023-03-30,93.7764892578125,93.7764892578125,90.64575101022484,90.92770594171607,5000
2023-03-31,92.14305114746094,94.27234854241156,92.14305114746094,94.21401406624767,6800
2023-04-03,91.199951171875,92.92088509693006,91.199951171875,92.92088509693006,3700
2023-04-04,90.27627563476562,90.42211924616487,88.47755754194627,90.42211924616487,6600
2023-04-05,90.05266571044922,90.2568438230893,87.70946502259453,88.70119576160646,9700
2023-04-06,89.30398559570312,89.59567278849492,89.30398559570312,89.59567278849492,2500
2023-04-10,88.38032531738281,90.68462604281248,87.75806620505539,88.56505362334913,4800
2023-04-11,91.00548553466797,91.41384170893764,88.38033022246101,90.31516702542709,12300
2023-04-12,93.82511901855469,94.3112595316042,91.20968068461538,91.20968068461538,7200
2023-04-13,94.70016479492188,95.39048337038862,93.82511046759963,94.31125093634367,15400
2023-04-14,94.51541900634766,95.28352175554717,94.3501330448262,95.28352175554717,5300
2023-04-17,94.68071746826172,95.76967481683145,93.95150674630615,93.95150674630615,3600
2023-04-18,92.45418548583984,95.3807530169497,91.85137608661466,95.3807530169497,2600
2023-04-19,92.36668395996094,93.66953678363934,92.36668395996094,92.71670567155816,1500
2023-04-20,93.33897399902344,95.57522321824945,93.33897399902344,95.57522321824945,2300
2023-04-21,90.422119140625,96.25580424647177,90.422119140625,92.95977275510148,11100
2023-04-24,91.49163055419922,93.16395487714404,90.54851690105608,90.54851690105608,3600
2023-04-25,91.42357635498047,92.04583556827684,88.47756626936152,90.53880454960262,9400
2023-04-26,92.22084045410156,92.22084045410156,91.28745169469751,92.08472172364145,1900
2023-04-27,91.88053131103516,92.70696846887448,89.50816389604438,92.70696846887448,7100
2023-04-28,92.21110534667969,92.21110534667969,89.34288002117886,89.34288002117886,2000
2023-05-01,93.04727935791016,94.29180514356759,90.4512911297671,94.2529130173363,4800
2023-05-02,91.93888092041016,93.33896781131256,91.43329810864802,92.18195114908545,3800
2023-05-03,90.64575958251953,92.29863429144143,90.64575958251953,91.84166104118596,3500
2023-05-04,88.96369934082031,92.3180653651937,88.96369934082031,92.3180653651937,3800
2023-05-05,91.08325958251953,92.30833538605225,89.35260106049658,89.35260106049658,4400
2023-05-08,91.00548553466797,91.00548553466797,91.00548553466797,91.00548553466797,1500
2023-05-09,92.29862976074219,92.29862976074219,90.48046173584505,90.85965070831274,1800
2023-05-10,92.90144348144531,92.90144348144531,91.89998791779935,92.07499877749417,2900
2023-05-11,89.03176879882812,91.39441187049475,89.00260155637417,89.19705478467725,3500
2023-05-12,89.10955047607422,89.10955047607422,88.49700873062426,88.49700873062426,2700
2023-05-15,91.2874526977539,91.2874526977539,88.137264672912,88.24421616486502,5500
2023-05-16,90.75269317626953,90.81103507286412,89.02203440822232,90.81103507286412,1800
2023-05-17,91.56941223144531,91.86109945833093,90.17905029673064,91.19022328724262,7400
2023-05-18,91.12216186523438,91.39439931462444,90.42211847085184,91.1416042182276,3100
2023-05-19,90.16931915283203,91.63746523520771,89.93597383826753,91.511071401884,4000
2023-05-22,91.19022369384766,91.52079562907196,89.09981833961812,89.85819623140503,4400
2023-05-23,90.28600311279297,91.13189014886615,89.9359814025499,90.14988438302227,5000
2023-05-24,90.81101989746094,90.90824648498524,89.90679853944991,89.93596577391588,6500
2023-05-25,90.89854431152344,91.38468478851851,90.28600998095904,90.28600998095904,2800
2023-05-26,92.62918853759766,92.62918853759766,91.4916217820753,91.80275134130997,4100
2023-05-30,90.422119140625,91.73469680585768,89.11926636091805,91.1318874257186,11400
2023-05-31,90.89854431152344,90.89854431152344,87.17471389535653,90.23739296609354,18600
2023-06-01,91.31661224365234,91.72496840511258,90.90825608219211,91.72496840511258,3000
2023-06-02,92.36668395996094,93.03756014350802,91.39440307617188,91.8805435180664,7900
2023-06-05,90.67491912841797,93.34869161277734,90.67491912841797,92.36668582332382,13600
2023-06-06,93.7764892578125,93.7764892578125,91.9874959734767,91.9874959734767,5400
2023-06-07,96.97528839111328,96.98501327647774,93.15422441342872,94.2820737424557,19400
2023-06-08,96.53776550292969,96.84889507504272,95.24463020530733,96.4599812554229,4300
2023-06-09,94.42792510986328,97.20864911944888,94.42792510986328,96.79056802939469,7200
2023-06-12,95.42936706542969,96.22663706700261,95.17657196700485,95.17657196700485,4600
2023-06-13,97.17947387695312,97.80173306521316,93.80566535413357,96.49888020789204,11200
2023-06-14,92.9500503540039,97.30587194667692,91.40412732023292,97.22808769622048,9300
2023-06-15,92.73060607910156,94.60316172117467,92.73060607910156,93.33528131969565,5500
2023-06-16,91.80408477783203,92.89641272958801,91.80408477783203,92.01864986129083,13700
2023-06-20,92.68184661865234,94.21305226714415,91.16039595772108,92.57456407811227,13800
2023-06-21,91.4334716796875,93.80342756326,91.41396914638082,93.80342756326,8600
2023-06-22,91.16039276123047,92.06741310979885,91.16039276123047,91.67729547068474,3600
2023-06-23,85.59148406982422,91.67729383226582,85.37691900010233,90.83854352746658,55100
2023-06-26,87.76637268066406,88.26377282088964,85.48419693293708,86.29368967389988,23400
2023-06-27,89.44388580322266,89.6779534265387,88.36131281418201,89.14154814640295,12500
2023-06-28,89.92176818847656,91.67729381229604,89.33659546082839,89.33659546082839,9700
2023-06-29,90.40940856933594,91.9698790147335,88.80993305959053,90.63372861414607,11500
2023-06-30,90.89705657958984,91.28717420319802,90.45817890357739,90.89705657958984,8800
2023-07-03,90.65322875976562,91.09211385130746,90.21435110909813,90.87754879867025,4200
2023-07-05,91.09211730957031,92.1356776535723,90.31188207779094,90.70199969368063,14000
2023-07-06,91.18965911865234,91.5505192719548,89.89252100527202,90.66300137094433,7600
2023-07-07,91.1311264038086,92.15517673620035,91.1311264038086,91.64802906314077,12600
2023-07-10,91.00434875488281,91.43347893040972,90.95558869731194,91.13114127449334,10700
2023-07-11,91.09211730957031,91.66753502632976,90.16558704172299,91.4334674331458,11900
2023-07-12,91.6968002319336,92.75987063832393,91.67729769789788,92.05766035903403,12500
2023-07-13,92.39900970458984,92.65258729009199,92.12592958522224,92.65258729009199,7000
2023-07-14,96.3099365234375,96.55375914754747,92.16495191356803,92.21371941474042,37800
2023-07-17,96.70980072021484,97.00238337897099,95.27612262559619,96.41721062058336,12100
2023-07-18,95.9490737915039,96.90486172640422,95.91006127978595,96.06611132665775,4800
2023-07-19,93.70589447021484,96.0660952270388,93.42305938831659,95.87104014201392,4900
2023-07-20,92.60382080078125,93.54010613575566,92.28198062281378,93.54010613575566,10700
2023-07-21,93.07196807861328,93.64738587334294,92.55506532988986,92.60382538793651,9400
2023-07-24,93.0427017211914,93.21825428341701,92.64282910244842,92.64282910244842,5200
2023-07-25,92.98418426513672,93.25727183070477,91.75532370401952,91.75532370401952,10000
2023-07-26,93.0427017211914,93.64737698151018,92.06741136235476,93.1694867891252,28600
2023-07-27,92.0186538696289,94.74947014753566,90.6044856719589,93.61812963669905,47300
2023-07-28,93.53034973144531,93.6278772821058,92.23321172912277,92.65258689375054,19800
2023-07-31,95.90031433105469,96.46598459318179,93.14024049700852,93.471835687367,29600
2023-08-01,95.75401306152344,96.51473839324692,95.17858784850482,95.17858784850482,14400
2023-08-02,93.73516082763672,95.67598663788023,93.38405568878484,95.43216403817061,12500
2023-08-03,95.04205322265625,95.09082072245397,92.8769146319268,93.82294013647095,8900
2023-08-04,95.57845306396484,96.38794582980633,94.55439523335816,94.99328034970736,19900
2023-08-07,95.89055633544922,96.40745908119405,95.01279344603553,96.39770409329068,7600
2023-08-08,94.99329376220703,95.18834888087525,94.71045863152504,95.18834888087525,3700
2023-08-09,92.99393463134766,94.56415271117383,92.85739457578669,94.33984009455578,5700
2023-08-10,93.28652954101562,94.42761753901969,92.174699064877,92.84764439040805,5400
2023-08-11,93.22801208496094,94.12528496885855,92.6916067931194,94.12528496885855,3300
2023-08-14,93.82294464111328,93.92047964539158,92.19421126558089,92.19421126558089,9800
2023-08-15,92.652587890625,94.11552348889802,92.03815761806541,94.11552348889802,8000
2023-08-16,92.05765533447266,93.40355333573488,91.91136029412625,93.40355333573488,8200
2023-08-17,90.69224548339844,92.35024350490393,89.75596766177313,92.35024350490393,9500
2023-08-18,89.83399963378906,90.45818489656543,89.62918954202263,90.01930719147667,5000
2023-08-21,89.53166961669922,91.03361041759702,89.4438896036787,90.2533824930999,9300
2023-08-22,89.8534927368164,90.21435282683858,88.61487732874622,90.21435282683858,10200
2023-08-23,90.70201873779297,90.70201873779297,89.72672821373068,90.21437347576183,9400
2023-08-24,90.40940856933594,90.58496112239943,89.9412733884163,90.51669109847889,7900
2023-08-25,90.11683654785156,90.70200931331074,89.53166378239239,90.70200931331074,6200
2023-08-28,90.1265869140625,91.0335998174459,90.01930437779403,91.0335998174459,12700
2023-08-29,90.50695037841797,90.897060578313,90.10707775038792,90.10707775038792,13000
2023-08-30,90.45819091796875,91.60903396798334,89.9217781841534,89.9217781841534,13400
2023-08-31,89.33659362792969,91.22865926801882,89.2585686149441,91.12137673538234,21000
2023-09-01,88.3613052368164,90.2241133983341,88.3613052368164,90.07781835597866,19200
2023-09-05,87.28848266601562,89.08301326317203,87.28848266601562,88.21500548332743,13500
2023-09-06,86.80084228515625,87.46404002946436,85.85480944274433,87.46404002946436,12000
2023-09-07,85.2598876953125,87.24948106752997,85.2598876953125,86.50825825649785,22500
2023-09-08,85.68901062011719,86.39122086162337,85.4939555267543,85.4939555267543,10400
2023-09-11,84.89901733398438,87.60056799188553,84.89901733398438,86.42046770876813,13600
2023-09-12,84.65520477294922,85.78653770189771,84.62593981231602,84.86001485213279,8200
2023-09-13,83.26053619384766,84.07002149365663,81.9926558182982,83.39707624156843,16300
2023-09-14,83.67647552490234,84.73344332353507,82.69780329654091,84.38112072399083,8800
2023-09-15,82.09102630615234,83.66668923873435,81.84635824167286,83.66668923873435,23400
2023-09-18,83.82327270507812,84.55727683127553,82.1986733217567,82.1986733217567,13900
2023-09-19,83.48074340820312,85.27170789732037,83.20670891441259,84.72365384309226,15300
2023-09-20,83.82327270507812,84.06794074714392,83.18713430237183,83.56881585066039,10600
2023-09-21,82.07144927978516,83.79391440027935,82.07144927978516,83.79391440027935,5900
2023-09-22,82.48249053955078,83.33393802832273,82.10080898481623,82.53142713546083,8100
2023-09-25,83.0599136352539,83.7254110406033,82.69780222743793,82.98161806599481,10800
2023-09-26,85.76103973388672,87.0039575735136,83.06969126121528,83.17734579745623,30000
2023-09-27,86.82780456542969,86.82780456542969,85.94699803339182,86.504840925903,19500
2023-09-28,86.26996612548828,87.24863844122456,85.38915954799019,87.24863844122456,12600
2023-09-29,84.16580963134766,87.04310830343016,83.88199379589194,87.04310830343016,14500
2023-10-02,83.94071197509766,84.82151845542596,83.43180571239485,84.43983689172975,12800
2023-10-03,84.16580963134766,84.85087718818808,82.41398548836844,84.49855459704833,9800
2023-10-04,84.89981842041016,85.2227820577006,83.764555016605,84.41048229118589,12200
2023-10-05,84.99768829345703,85.52617223476477,84.56707755610331,84.56707755610331,9100
2023-10-06,84.89981842041016,85.21299324444661,84.70408695539116,85.14448648502228,6700
2023-10-09,83.52967071533203,84.42026600068273,83.34372807480847,84.31261146142768,6200
2023-10-10,85.19342803955078,86.11337493865723,84.60621867698755,84.60621867698755,13200
2023-10-11,84.03858947753906,85.14448644101061,83.54925334856773,83.75477362673448,6200
2023-10-12,82.47270202636719,83.24585395115969,82.47270202636719,82.70758872757652,9700
2023-10-13,81.4744644165039,84.12666530511203,81.4744644165039,82.50207326068004,7300
2023-10-16,82.5510025024414,83.43180901766411,82.24761649535007,82.70759364589286,7400
2023-10-17,82.51184844970703,83.87220217174514,82.22803262376493,82.73694633465287,10400
2023-10-18,81.42552185058594,82.51184856053247,81.30808596843569,82.30632830009341,7300
2023-10-19,80.88726043701172,82.3650575791627,80.43707211203176,81.52339887303776,13000
2023-10-20,79.48776245117188,81.23958669916942,79.10608086566883,81.23958669916942,8800
2023-10-23,78.67546081542969,80.8579031970538,78.67546081542969,79.64434424284252,8800
2023-10-24,79.21372985839844,79.6345592009461,78.80268186179455,79.46817925311002,5500
2023-10-25,77.80443572998047,78.73417128347967,76.88448152195006,78.72438993801087,9100
2023-10-26,76.111328125,77.56955497202884,73.4004096152154,76.68874856331111,15800
2023-10-27,75.42626953125,76.3364350166541,75.36755158595834,76.3364350166541,7200
2023-10-30,77.3053207397461,77.68700232881353,74.38888154806783,76.17984613266242,7300
2023-10-31,77.82400512695312,78.82225488903276,77.20744436802808,78.19590531805865,7200
2023-11-01,77.49127197265625,78.33293073669451,76.83556333245902,78.33293073669451,5600
2023-11-02,78.19591522216797,78.36228771469496,76.8551315353095,78.08826067602067,10800
2023-11-03,79.25287628173828,80.24132980578534,78.293774261695,78.293774261695,7300
2023-11-06,78.31334686279297,83.18713774795175,78.31334686279297,81.16128657440399,12800
2023-11-07,76.64961242675781,80.24133789091354,76.26793083610785,77.84359379922257,10700
2023-11-08,77.1976547241211,78.07846113214833,75.25988809313694,77.31509806741666,16300
2023-11-09,77.46190643310547,79.18437160266298,77.031288274047,77.84358799529771,14000
2023-11-10,77.31510162353516,78.73417328691693,76.7278998134005,77.84358549265919,6900
2023-11-13,79.69327545166016,80.2217593217816,77.2172360453573,77.78486769845175,22800
2023-11-14,84.16580963134766,84.92917275659165,82.22803538007902,82.69780132382415,14600
2023-11-15,83.9309310913086,85.98614124561023,83.3632994156732,83.3632994156732,9300
2023-11-16,83.1382064819336,85.32064893283926,82.28676638435387,83.28500881600223,11700
2023-11-17,82.20846557617188,84.04836664153984,81.42552482210921,83.98964869832189,10200
2023-11-20,82.13996124267578,83.59818078678022,81.39616825104783,81.44510484962365,14100
2023-11-21,81.57233428955078,82.91311802161636,81.55276412898998,82.5901543722851,3900
2023-11-22,80.6915283203125,81.83658058842762,80.6915283203125,81.57233488552525,9900
2023-11-24,81.10256958007812,81.23958309357893,80.45664233070875,80.887260496955,5100
2023-11-27,81.8365707397461,81.97358424821496,80.98512325139566,81.18085470158655,7700
2023-11-28,80.40771484375,82.12039126420466,80.36856705813841,82.12039126420466,16600
2023-11-29,83.17736053466797,83.17736053466797,80.29028010276328,80.39793465807826,8300
2023-11-30,82.50208282470703,85.3500155058388,82.20847813042735,83.18715048912291,12200
2023-12-01,83.14798736572266,84.23431408088294,82.55099673967327,82.87396035048874,11100
2023-12-04,82.39442443847656,84.3321914372929,82.23783328435793,82.73695825476459,8400
2023-12-05,79.98688507080078,82.69780387705408,79.98688507080078,82.69780387705408,7400
2023-12-06,79.82049560546875,81.09277234634754,76.89426806145836,80.3000503196,15800
2023-12-07,80.25112915039062,80.58387415066771,79.82051094610063,79.83029975983735,13000
2023-12-08,78.79290771484375,80.89705461982956,78.61674640496874,80.25112732806215,11300
2023-12-11,80.16304016113281,80.40770820098487,78.73417223772189,80.40770820098487,8600
2023-12-12,79.41925811767578,80.50558496088817,78.49930377237018,80.50558496088817,9600
2023-12-13,83.24585723876953,83.24585723876953,78.79290308595294,80.1336792582617,22100
2023-12-14,82.82353210449219,84.19852402678893,81.0753311932862,84.19852402678893,11300
2023-12-15,80.04409790039062,83.08871853049627,80.04409790039062,83.08871853049627,26700
2023-12-18,81.40926361083984,82.81371858327135,79.56285037500778,80.78069708404152,17700
2023-12-19,82.10657501220703,82.43068171783149,79.6610582644392,81.82175464906163,8300
2023-12-20,83.0690689086914,84.06102092417304,81.24229525621352,81.60568079913322,12000
2023-12-21,82.94139099121094,83.83513844260169,80.92801647373602,83.73692633081576,6900
2023-12-22,83.74674987792969,85.01370646603873,79.90660125981556,82.94139849941516,19300
2023-12-26,84.30656433105469,84.30656433105469,83.00032893373678,83.55032278523906,5400
2023-12-27,84.6601333618164,85.44584528118392,84.07085316884287,84.2574614356411,13700
2023-12-28,84.3851318359375,85.26905582374417,83.34406996868951,84.31638260872496,7500
2023-12-29,82.71550750732422,84.7288821130086,82.71550750732422,84.7288821130086,7000
2024-01-02,81.98872375488281,83.51103019229531,81.62533070555153,82.83335389517339,13500
2024-01-03,80.7021255493164,83.55032187948424,80.49587785723895,82.14586688696276,11200
2024-01-04,79.20928192138672,81.06551864368701,79.01285019570955,81.06551864368701,14100
2024-01-05,79.42535400390625,79.47445631607287,78.99321169545614,78.99321169545614,17800
2024-01-08,80.39766693115234,81.6253371353379,79.79856327206144,79.98517154089102,10600
2024-01-09,82.04765319824219,82.93157721385082,80.18159305264709,80.18159305264709,17000
2024-01-10,82.72533416748047,84.22800133177843,79.40570906627403,81.55658970942453,18400
2024-01-11,82.0181884765625,83.47174572025395,82.0181884765625,83.18692534976351,12400
2024-01-12,81.51729583740234,83.43245822429259,81.1637262439605,83.43245822429259,9900
2024-01-16,81.13426971435547,81.33069395138297,80.08338431073925,81.17355606038184,5500
2024-01-17,79.75927734375,82.70568584921445,79.61195541985592,81.22265813672813,11800
2024-01-18,79.25838470458984,80.43695258635321,78.69856739601111,79.77892316090359,7700
2024-01-19,80.33873748779297,80.33873748779297,79.26820522225054,79.58248848043564,8200
2024-01-22,82.39140319824219,82.479799350489,80.04409833724853,80.75123758280559,8100
2024-01-23,80.72177124023438,82.59764735950421,80.603912206653,82.59764735950421,5300
2024-01-24,79.72982025146484,81.51730790828374,79.25839155936646,80.72177995179163,8800
2024-01-25,80.99677276611328,80.99677276611328,79.62178060186727,80.17177447032388,4900
2024-01-26,82.37176513671875,82.489616684195,80.5351677598008,81.4289152913863,8500
2024-01-29,81.27176666259766,81.56641050574603,80.5351645478309,80.5351645478309,9500
2024-01-30,78.9637451171875,80.83962119977176,78.78696031682476,80.83962119977176,10000
2024-01-31,77.79500579833984,81.21284299642107,77.7851823384858,78.7869654366753,13200
2024-02-01,77.04857635498047,77.99143363314569,76.65572789769963,77.79500191140127,9200
2024-02-02,75.60484313964844,77.53964503575129,74.8878804625169,77.04857696714461,20900
2024-02-05,72.83522033691406,79.0226735738376,72.68789841608404,75.03520321050215,14100
2024-02-06,73.60128784179688,74.60306344999351,71.30308528059784,74.60306344999351,50000
2024-02-07,72.60932159423828,74.74055511591362,71.94146875183498,74.74055511591362,30700
2024-02-08,72.85486602783203,73.66021743877174,72.02005172881358,72.02005172881358,22300
2024-02-09,72.06914520263672,74.89770200084577,71.59772406500447,72.67807228960758,34300
2024-02-12,73.66020202636719,74.65216151172451,72.47181833284752,72.47181833284752,19600
2024-02-13,70.00666809082031,73.31646982742815,68.65132281387376,72.0691526402971,27500
2024-02-14,70.00666809082031,71.2146989302436,69.76113403747534,70.22273925666063,37900
2024-02-15,71.79415130615234,72.8646836096418,69.56470553517242,70.91022726957944,32400
2024-02-16,71.10665893554688,72.41290181664203,69.75130624958784,71.74504893325613,12600
2024-02-20,71.46022033691406,71.80396645214161,70.71379484877473,71.15575306933825,4500
2024-02-21,70.27184295654297,71.430763887322,70.03612489078506,71.40129350927425,38600
2024-02-22,70.38969421386719,70.7727267028068,69.04417251947564,70.7727267028068,36800
2024-02-23,69.28971099853516,70.03612910571091,69.00489060509791,69.74149274543768,104900
2024-02-26,69.2406005859375,69.28971039210545,68.78881884298902,69.12274154699705,30800
2024-02-27,68.86738586425781,69.34863045403391,68.77898971905596,69.34863045403391,23700
2024-02-28,68.65132904052734,69.142397191757,68.17008435039178,68.82811387469424,41300
2024-02-29,68.92631530761719,69.2405985758971,68.53345934899126,69.04417434313622,35000
2024-03-01,68.42542266845703,69.38791937689786,67.76739325691601,69.38791937689786,31200
2024-03-04,70.00666809082031,70.0164915510234,68.17989413448538,68.74953493659082,57300
2024-03-05,69.06381225585938,70.70397779209667,68.91649033796472,70.31112184207892,25900
2024-03-06,68.07185363769531,69.35845707965869,68.07185363769531,69.1423859294158,24700
2024-03-07,68.55310821533203,69.12274150376027,67.99329089364774,67.99329089364774,18000
2024-03-08,68.07185363769531,68.99506400942255,67.90489229181821,68.4647095933093,24000
2024-03-11,68.55310821533203,68.84774457284229,67.7673962757626,68.44507263631363,49300
2024-03-12,70.17362213134766,70.17362213134766,68.20934990941373,68.20934990941373,55200
2024-03-13,68.98524475097656,70.73344599216101,68.67096146596705,70.60577098338058,18500
2024-03-14,68.67947387695312,69.52773456606158,68.4526178352411,69.24169247087428,25000
2024-03-15,68.32438659667969,69.04442462169953,67.99889717122079,68.10739615478879,41100
2024-03-18,67.70299530029297,69.53760505700816,67.66354043694746,68.01862668181141,33800
2024-03-19,67.94957733154297,68.1961645645723,67.2295468252346,67.29859094947301,28100
2024-03-20,69.14305877685547,69.16278996967519,67.08159311665959,67.5944912512948,36800
2024-03-21,67.59449005126953,69.65596320011262,67.51558033188189,69.54746421726588,35300
2024-03-22,67.63394165039062,68.43288182625041,67.07172309603658,67.07172309603658,80700
2024-03-25,68.4032974243164,69.50801094524158,67.68326691288145,68.00875634361132,49200
2024-03-26,67.20982360839844,68.90634517700956,67.07173534353437,68.90634517700956,51200
2024-03-27,69.22196960449219,69.22196960449219,67.41694922012934,67.41694922012934,31800
2024-03-28,70.13926696777344,70.37598858349757,68.9950986954919,69.30087195459859,54800
2024-04-01,69.76446533203125,70.13927522817339,69.39951350732379,70.13927522817339,19300
2024-04-02,68.43289184570312,69.7841927032503,68.43289184570312,69.7841927032503,22600
2024-04-03,67.71286010742188,69.00497488461798,67.69312891335646,68.12712487984794,11700
2024-04-04,67.61422729492188,68.76825382457761,67.31831958335827,67.83121775479005,32600
2024-04-05,68.11725616455078,68.23562074778788,67.42681490878095,67.42681490878095,21000
2024-04-08,69.04442596435547,69.42910144985154,68.21589646490091,68.64988488236725,19200
2024-04-09,70.02090454101562,70.57326502827539,68.80769963869761,68.97537714141723,16800
2024-04-10,69.17264556884766,70.23790418568885,68.36383977278192,69.36005426771182,33700
2024-04-11,69.20223999023438,70.3168114987528,69.10359908352481,69.19237439451449,22500
2024-04-12,67.72271728515625,68.83728880342811,67.43667520873363,68.83728880342811,31000
2024-04-15,67.4070816040039,68.25534227751699,67.33803748058982,68.25534227751699,40400
2024-04-16,67.1900863647461,67.72271564672516,67.08158738923677,67.08158738923677,27500
2024-04-17,66.69691467285156,67.57476458322105,66.58841569289625,67.09144820878562,42700
2024-04-18,66.31224060058594,66.63773002204422,66.02619851335382,66.57855149545998,38800
2024-04-19,67.64380645751953,67.78189469555836,65.98674007580905,65.98674007580905,42900
2024-04-22,67.199951171875,68.32438837147431,67.199951171875,67.59449225643948,12700
2024-04-23,66.63772583007812,67.7720285114722,66.53909245022744,67.0618561361561,16800
2024-04-24,66.24319458007812,67.00267990871626,65.26670376794297,66.63772811299702,25200
2024-04-25,65.38507080078125,66.20374221032678,65.10889430725868,65.30616108113335,24000
2024-04-26,65.0201187133789,66.21359999828215,65.01026064239885,65.38507052125644,22600
2024-04-29,65.39493560791016,65.90783372894208,65.24698176666702,65.44424853816122,18700
2024-04-30,65.29629516601562,65.45411460454076,65.02011867384165,65.02011867384165,23800
2024-05-01,66.9435043334961,67.77203381942623,65.6809713866936,65.6809713866936,12800
2024-05-02,66.37142181396484,67.2689954462222,66.37142181396484,67.2689954462222,14600
2024-05-03,66.99281311035156,67.63394137770418,66.16428367579961,67.02240237226489,10000
2024-05-06,68.4427490234375,68.77811155989174,66.6475943407561,66.6475943407561,25700
2024-05-07,68.52166748046875,69.84337155239302,68.52166748046875,69.05429685318691,21900
2024-05-08,68.04821014404297,68.54138460592957,67.6438109984234,68.52166093856194,14700
2024-05-09,68.5019302368164,68.5019302368164,67.6339458867645,68.36384198851826,14500
2024-05-10,67.80162048339844,68.1468410892989,67.41694501893153,68.1468410892989,12300
2024-05-13,67.53531646728516,68.79784196891192,67.53531646728516,68.66961930945612,18100
2024-05-14,67.54518127441406,68.20603328312464,66.55883229714615,68.20603328312464,16900
2024-05-15,68.29480743408203,68.82743683439958,67.33804763306233,67.55504563229313,31000
2024-05-16,69.48828125,69.5671909728908,67.97916854462903,67.97916854462903,13700
2024-05-17,68.76824951171875,69.78418771899491,68.27507504020642,69.67568873324258,8800
2024-05-20,67.93971252441406,68.85701734294938,67.66353602425207,68.56111717502378,9400
2024-05-21,67.7917709350586,67.7917709350586,66.42073888456214,67.3183200979866,17300
2024-05-22,66.39114379882812,68.32438679069601,66.09524363618478,68.32438679069601,45700
2024-05-23,66.15442657470703,66.70677960200045,65.68097574756581,66.01633831788368,49900
2024-05-24,66.09524536132812,66.20374434803612,65.26670832876201,66.20374434803612,16900
2024-05-28,67.91012573242188,68.85701984969702,65.72042979392819,65.78947392148226,26000
2024-05-29,67.07173156738281,68.34412267220529,66.80542065020863,68.34412267220529,15900
2024-05-30,66.20375061035156,66.95337046638421,65.98675261640938,66.90405752928118,13400
2024-05-31,67.3577651977539,67.4070781260796,66.53909383005188,66.94350047864373,9000
2024-06-03,68.6498794555664,69.37977550813663,67.91011780728391,68.27506959619134,14400
2024-06-04,67.48599243164062,68.2553433980984,66.65746293706921,68.14684441305998,11800
2024-06-05,66.41087341308594,69.9715935532218,66.07551087309999,67.55503422688791,9100
2024-06-06,66.40100860595703,66.56868611531986,66.40100860595703,66.47991832515542,5300
2024-06-07,66.47005462646484,66.74623112629823,66.08537914094761,66.08537914094761,18100
2024-06-10,66.56869506835938,66.89419205989614,66.42074120627484,66.66732846800039,11000
2024-06-11,66.63772583007812,67.05199806584218,65.88810612301737,67.04213247028378,8100
2024-06-12,65.96701049804688,67.12104440880509,65.85851151904187,66.83500233008688,18400
2024-06-13,66.44046020507812,66.6771818258115,65.59219957843519,66.13469446474566,20300
2024-06-14,66.16304779052734,66.51972251383826,66.08378506114494,66.10360452294549,11100
2024-06-17,66.16304779052734,66.60889497412096,66.13332615673642,66.14323588763669,11100
2024-06-18,65.79647064208984,66.67824771607444,65.79647064208984,66.6187968898114,13900
2024-06-20,66.41073608398438,66.49990854149205,65.89554347685117,65.97479864485727,9900
2024-06-21,66.2918472290039,66.70796519236237,65.90544333856029,66.33147103216331,25700
2024-06-24,65.95498657226562,66.7773203543465,65.68748431825276,66.7773203543465,22800
2024-06-25,66.43055725097656,66.96556177412175,65.77665107549487,66.7872319723466,22800
2024-06-26,66.55935668945312,67.22316506851733,65.80637584634032,66.57916859318047,12100
2024-06-27,66.2323989868164,67.10427386847923,66.2323989868164,66.28194008105987,14300
2024-06-28,66.1927719116211,66.93584301995598,65.76674417381935,66.88630948141312,144100
2024-07-01,65.97480010986328,66.40082782785866,65.78656057789544,66.0144314742012,14100
2024-07-02,65.48932647705078,65.78655791811308,65.46951457513775,65.7271070945549,16900
2024-07-03,65.76673889160156,65.88563298059354,65.2515462904555,65.76673889160156,9000
2024-07-05,65.18219757080078,66.1036060339304,65.01376993619571,65.50915066779422,24300
2024-07-08,65.69739532470703,65.82619916266115,65.37044976114898,65.57850877756253,8800
2024-07-09,65.48932647705078,65.95498554055726,65.21191449681105,65.90544444741036,12500
2024-07-10,66.727783203125,66.727783203125,65.48933137099978,65.63794710263683,8400
2024-07-11,68.71920776367188,69.40283551325642,67.42131281547789,67.42131281547789,14800
2024-07-12,67.99595642089844,69.2443179796059,67.61946978651812,68.74893724856913,13600
2024-07-15,68.24364471435547,69.41274350646164,67.82752672705747,69.41274350646164,18000
2024-07-16,71.2951889038086,71.63205170792264,68.72912052527343,68.72912052527343,15000
2024-07-17,72.01844787597656,73.32625260874751,71.3348200978544,71.3348200978544,17200
2024-07-18,70.34406280517578,72.53364469809867,70.34406280517578,72.53364469809867,8000
2024-07-19,69.2641372680664,70.36387553401171,69.2641372680664,70.36387553401171,7700
2024-07-22,71.90946960449219,71.97882260532295,69.0560717213747,69.07589118384645,16000
2024-07-23,74.3863754272461,74.42600679441823,71.34473791670639,71.34473791670639,17400
2024-07-24,74.33683013916016,76.61558449021645,73.81172778181579,73.8810807807309,14400
2024-07-25,69.80904388427734,74.65386628594672,69.64061626874583,73.82163037938452,30000
2024-07-26,68.83810424804688,71.13667035529518,68.37244518839972,71.07721953222972,34700
2024-07-29,68.13465881347656,68.79847470269166,66.76741078941187,68.5210627174243,28400
2024-07-30,68.99662780761719,70.50258946718269,68.8480120761073,68.85792180725065,21700
2024-07-31,68.95699310302734,71.29519065157561,68.818287109377,69.04616556117956,68100
2024-08-01,67.54020690917969,68.84801173392876,67.20335164108086,68.60032136894665,17100
2024-08-02,66.8367691040039,67.65910295355877,66.38101972638452,66.48009436344782,11000
2024-08-05,65.2020034790039,66.4305530228218,65.14256021552896,65.42988192050689,35300
2024-08-06,65.3902587890625,66.54944792618467,65.3902587890625,65.41007069307803,6600
2024-08-07,65.37044525146484,66.10360662428347,65.02367268912089,65.7667437931548,29400
2024-08-08,66.34139251708984,67.17363615017705,66.03425885527388,66.2026865047271,13200
2024-08-09,66.02434539794922,66.40083204470386,65.87572966197149,66.06397676480397,8500
2024-08-12,65.88563537597656,67.0051930754435,65.88563537597656,66.0738824673305,10800
2024-08-13,66.3116683959961,67.12409253464945,65.89555037449544,66.6683431455425,10500
2024-08-14,65.47941589355469,66.5395378253742,65.40016072802557,66.5395378253742,10300
2024-08-15,67.6491928100586,68.4517071919657,65.82619531068684,65.82619531068684,26900
2024-08-16,67.65909576416016,68.41207653186859,66.68814628272747,67.99595100616347,19500
2024-08-19,67.24298095703125,68.37244838221149,65.98470970828373,65.98470970828373,10100
2024-08-20,66.54944610595703,67.65910167323446,66.17295946867672,67.65910167323446,10000
2024-08-21,66.74760437011719,67.3123381176328,66.5989886346846,67.20335374890959,6400
2024-08-22,66.93583679199219,67.79780191866784,66.93583679199219,67.79780191866784,4400
2024-08-23,67.93650817871094,68.65976731899862,67.67890810093469,67.67890810093469,9500
2024-08-26,67.6888198852539,68.41207904748795,67.27270190315693,68.41207904748795,7600
2024-08-27,67.34205627441406,68.36253934800949,66.8070441898387,66.8070441898387,8600
2024-08-28,67.6293716430664,67.94641497165793,67.15380287072452,67.52038729021533,7100
2024-08-29,67.29251098632812,67.87706413003929,67.00518927961036,67.00518927961036,7600
2024-08-30,67.36186981201172,67.62937964024621,66.84667717671988,67.19344217729228,4400
2024-09-03,66.1333236694336,67.17362616644921,66.1333236694336,66.87639472189915,13100
2024-09-04,66.14324188232422,66.49991663796125,65.95499477270728,66.28194789185967,5500
2024-09-05,65.71720886230469,66.18286795372393,65.68748722819878,65.71720886230469,12100
2024-09-06,65.60822296142578,66.16304694216872,65.39025423787396,65.98470958279994,15900
2024-09-09,65.51905059814453,66.23240003666331,65.49923869547894,65.85591341473832,9100
2024-09-10,65.51905059814453,65.83609395316289,65.34071323851484,65.83609395316289,14800
2024-09-11,65.51905059814453,66.0243410435803,65.07321097852521,65.30108943318365,28400
2024-09-12,65.29118347167969,65.687489578059,64.99395200216765,65.43979920643571,42700
2024-09-13,67.40150451660156,67.40150451660156,65.38035012311315,65.82619733928719,27000
2024-09-16,66.74760437011719,67.42132248635602,66.5494475365703,67.42132248635602,13200
2024-09-17,66.48009490966797,67.47085640626186,66.48009490966797,67.47085640626186,12000
2024-09-18,66.59898376464844,68.0256826262178,66.28194041306743,66.68814866404165,23500
2024-09-19,67.37178039550781,68.34272996830472,66.73769365532172,67.37178039550781,9700
2024-09-20,65.98851776123047,67.13294392485453,65.98851776123047,66.9737235744511,66600
2024-09-23,66.07807922363281,66.61546209196216,65.88899795725615,66.17759288241851,14300
2024-09-24,66.40648651123047,66.46619319285838,65.8989569401748,66.19749794072052,26400
2024-09-25,66.34677124023438,66.3567248844915,65.6501679903558,65.88900230568474,26700
2024-09-26,66.5955581665039,67.05332709395067,66.17759622306197,66.47614480689528,15400
2024-09-27,66.41642761230469,67.2324517674833,66.39652791738081,67.03342444862238,9200
2024-09-30,66.58560943603516,67.03342470136342,65.82929195518211,66.31691420291375,12700
2024-10-01,65.68997192382812,66.78463737668089,65.66011858484937,66.78463737668089,16400
2024-10-02,65.29190826416016,65.89895145150425,65.29190826416016,65.59045683224612,27700
2024-10-03,64.98341369628906,65.52078897141996,64.9336530707669,65.32176165414225,28100
2024-10-04,64.73462677001953,65.4411836275776,64.73462677001953,65.36156966245414,16000
2024-10-07,64.78437805175781,65.14263329271839,64.67491075077511,65.06301932974817,17500
2024-10-08,64.7147216796875,65.05307724674701,64.5853546762739,65.05307724674701,28300
2024-10-09,65.361572265625,65.51084655807526,64.58535505577072,64.71472205994446,17900
2024-10-10,65.52079010009766,65.66011833547873,64.6649665471365,64.6649665471365,15900
2024-10-11,66.0084228515625,66.10793651630065,65.35161899796003,65.72978155333331,12800
2024-10-14,66.19749450683594,66.66521706840862,65.998467183463,65.998467183463,16700
2024-10-15,66.22735595703125,66.71497821779676,65.79944037526396,65.79944037526396,29700
2024-10-16,65.9487075805664,66.8941063622837,65.6800199305998,66.78463905500689,26200
2024-10-17,65.37152862548828,66.7647351664862,65.07298002818517,65.97857187224004,21300
2024-10-18,65.97856903076172,66.03827571068848,65.09288451395386,65.5406997982164,21800
2024-10-21,65.45113372802734,66.05817696293843,65.32176672100267,65.68002199381598,22100
2024-10-22,64.95355224609375,65.41132873850147,64.95355224609375,65.38146780798367,19500
2024-10-23,64.53559112548828,65.27200131351663,64.03801523771673,64.8440933387424,22600
2024-10-24,63.978309631347656,64.74457317067983,63.89869566579465,64.08777693588164,28300
2024-10-25,63.80913543701172,64.39627134810321,63.55039384602627,64.30671133145765,50500
2024-10-28,63.928550720214844,64.8540422154874,63.8986973804328,64.23705294690959,17400
2024-10-29,63.8389892578125,64.46593215628111,63.73947559665321,64.46593215628111,10900
2024-10-30,63.709617614746094,64.04797318923956,63.659864578065836,64.04797318923956,13700
2024-10-31,63.072723388671875,63.82903710123244,63.072723388671875,63.749423133487674,27200
2024-11-01,63.77927780151367,63.77927780151367,63.27175582948471,63.5503971299883,18100
2024-11-04,64.32661437988281,64.37637500888364,63.560347006946714,63.560347006946714,26000
2024-11-05,63.68971633911133,65.25210438935892,63.63995950746198,64.58535449361125,63400
2024-11-06,66.84434509277344,67.75988293356696,65.4610846876338,65.4610846876338,74700
2024-11-07,66.90406036376953,68.1977531775071,66.46619113232298,66.67517210394814,16000
2024-11-08,67.58076477050781,68.23756103366657,67.04338186842922,67.04338186842922,21100
2024-11-11,68.18779754638672,68.42663944334626,66.93391175317453,68.01862356367795,13500
2024-11-12,68.01862335205078,68.65551989048336,67.8295496747198,68.32712556989561,19300
2024-11-13,66.63536834716797,67.91911517138621,66.61546865041386,67.91911517138621,18600
2024-11-14,66.19749450683594,66.98366534124874,65.59045889282677,66.98366534124874,25300
2024-11-15,65.72978210449219,67.27226290188236,65.2122988956651,66.45623869633751,26900
2024-11-18,65.76957702636719,66.28706020002038,65.0331668402974,65.42127542433455,21800
2024-11-19,64.37637329101562,65.50089210781034,64.28680567968543,65.26205779827282,25500
2024-11-20,63.86884307861328,64.01811736768086,63.34141383732612,63.34141383732612,11700
2024-11-21,64.25695037841797,64.25695037841797,63.649907182887226,63.88874148513365,18600
2024-11-22,64.97346496582031,65.4710408890454,63.79918548331287,63.79918548331287,22000
2024-11-25,65.6501693725586,66.8344025146911,65.0331724865287,65.0331724865287,24800
2024-11-26,64.85404205322266,65.08293031165537,64.36641978905568,64.83414235755303,17500
2024-11-27,64.83414459228516,65.59046212469902,64.63510966669935,65.59046212469902,10600
2024-11-29,64.93365478515625,65.14263575153704,64.50573920854634,64.50573920854634,8700
2024-12-02,65.0729751586914,65.24214914138076,64.36641829651323,64.36641829651323,13600
2024-12-03,64.08777618408203,65.07297432092501,64.02806191441495,64.68486573391398,10800
2024-12-04,63.958404541015625,64.03801850930373,63.58024958025598,63.88874421686501,14200
2024-12-05,63.43097686767578,63.639957832825615,63.082671462889905,63.570297511109004,18300
2024-12-06,63.53049087524414,63.77927502830272,62.714466705362916,63.44092706166192,17600
2024-12-09,63.31155776977539,64.12758575525322,62.694564703880374,63.30160792189771,18200
2024-12-10,63.38121795654297,64.20719199191039,63.19214047765234,63.61010241926413,17100
2024-12-11,63.63996124267578,64.38632133017215,62.983161176868435,63.341416448436625,18500
2024-12-12,63.34141540527344,64.29676024958646,62.963256647490084,63.4409290696466,14100
2024-12-13,62.60499954223633,63.60015134153826,62.5552427115118,63.60015134153826,13800
2024-12-16,62.95000076293945,63.40999984741211,62.619998931884766,62.75,25900
2024-12-17,62.529998779296875,63.040000915527344,62.5,62.75,33700
2024-12-18,62.0,63.31999969482422,61.47999954223633,62.75,35900
2024-12-19,62.08000183105469,62.61000061035156,61.66999816894531,62.400001525878906,28800
2024-12-20,61.02000045776367,62.939998626708984,60.7400016784668,61.65999984741211,50600
2024-12-23,61.130001068115234,61.900001525878906,60.38999938964844,61.2400016784668,28600
2024-12-24,61.43000030517578,61.65999984741211,60.81999969482422,61.470001220703125,6400
2024-12-26,61.58000183105469,62.310001373291016,61.529998779296875,61.720001220703125,16200
2024-12-27,61.88999938964844,62.25,61.29999923706055,62.029998779296875,14600
2024-12-30,60.900001525878906,61.849998474121094,60.84000015258789,61.849998474121094,19200
2024-12-31,61.470001220703125,61.58000183105469,60.7599983215332,60.83000183105469,15300
2025-01-02,61.349998474121094,62.529998779296875,61.209999084472656,61.439998626708984,14700
2025-01-03,61.349998474121094,61.720001220703125,60.7599983215332,61.349998474121094,15500
2025-01-06,60.88999938964844,61.630001068115234,60.63999938964844,61.29999923706055,14200
2025-01-07,60.66999816894531,61.0,60.5099983215332,60.7599983215332,19100
2025-01-08,60.91999816894531,61.13999938964844,60.5,60.560001373291016,13100
2025-01-10,60.90999984741211,61.290000915527344,60.16999816894531,60.72999954223633,29500
2025-01-13,61.02000045776367,61.79999923706055,60.08000183105469,60.4900016784668,24000
2025-01-14,61.4900016784668,61.88999938964844,60.93000030517578,60.93000030517578,19200
2025-01-15,62.869998931884766,63.25,61.38999938964844,62.560001373291016,22700
2025-01-16,61.9900016784668,62.95000076293945,61.709999084472656,62.380001068115234,31300
2025-01-17,62.15999984741211,62.369998931884766,61.619998931884766,62.0,15700
2025-01-21,62.779998779296875,62.900001525878906,62.0,62.20000076293945,29300
2025-01-22,62.83000183105469,63.31999969482422,62.5,62.529998779296875,16500
2025-01-23,62.75,63.2599983215332,62.22999954223633,62.619998931884766,13000
2025-01-24,62.91999816894531,62.91999816894531,61.95000076293945,62.650001525878906,37400
2025-01-27,64.16999816894531,64.79000091552734,62.505001068115234,62.720001220703125,19075
