Price,Close,High,Low,Open,Volume
Ticker,VONV,VONV,VONV,VONV,VONV
Date,,,,,
2020-01-28,53.48466873168945,53.62359227585903,53.23819765213243,53.26060224901042,73000
2020-01-29,53.25164031982422,53.67736526313145,53.25164031982422,53.66840410830718,145600
2020-01-30,53.46675491333008,53.498124091133775,52.80799876046844,52.946922335585356,140800
2020-01-31,52.56600570678711,53.17994576880545,52.38226952365389,53.17546690018051,274000
2020-02-03,52.77662658691406,53.13513438630695,52.727335098006705,52.81247805065011,169800
2020-02-04,53.323341369628906,53.587741600923984,53.31886250157779,53.3816008441258,71000
2020-02-05,54.206172943115234,54.21065523089973,53.80733480489022,53.8207782492599,88200
2020-02-06,54.21064758300781,54.398862615598105,54.16135268128416,54.398862615598105,94200
2020-02-07,53.83869934082031,54.06276584495856,53.81181245439845,54.06276584495856,162400
2020-02-10,54.04932403564453,54.04932403564453,53.77148033127989,53.77596261881354,136000
2020-02-11,54.26441955566406,54.47952488505965,54.259940687643585,54.31371445575507,53200
2020-02-12,54.50641632080078,54.59156268606527,54.39886535661331,54.53330662608528,95200
2020-02-13,54.4705696105957,54.57363828992533,54.32268489435729,54.371979799770095,121400
2020-02-14,54.479530334472656,54.51089950866985,54.30027644521002,54.51089950866985,46800
2020-02-18,54.20168685913086,54.38094074913419,53.99554608227128,54.309241244523,140600
2020-02-19,54.34508514404297,54.45711838938063,54.30923710396223,54.34060627589745,83000
2020-02-20,54.394386291503906,54.48849381811572,53.95521783398211,54.318204496482494,245200
2020-02-21,54.08517074584961,54.21064743389801,53.986580942673484,54.17479597474609,94200
2020-02-24,52.56600570678711,53.00517416088949,52.38226952365389,52.74525618332802,389400
2020-02-25,50.85861587524414,52.73629433761941,50.791395237928306,52.68699943152004,269200
2020-02-26,50.392555236816406,51.49048315464319,50.3656683504886,51.10957078273737,356200
2020-02-27,48.18325424194336,50.06093243401815,48.18325424194336,49.49628394842596,363000
2020-02-28,47.47968673706055,47.515538195166044,46.072549486760295,46.843338741112426,780800
2020-03-02,49.3797721862793,49.406659069929816,47.22425031373934,47.757529632695736,447400
2020-03-03,48.22358703613281,50.15952124389996,47.75304607091162,49.56350359968194,530800
2020-03-04,50.06541442871094,50.13263505595772,48.66275608723522,49.06607643173276,278000
2020-03-05,48.42525100708008,49.15570998705702,47.95023111996633,48.900274313177285,197400
2020-03-06,47.443843841552734,47.59620742654474,46.42209768867293,46.78508775812397,354200
2020-03-09,43.12832260131836,45.84401113534328,42.98940245367271,44.02010980822441,452600
2020-03-10,45.14044189453125,45.20318024559932,42.917699043323005,44.876041627329776,846000
2020-03-11,42.72052764892578,44.069405767907526,42.27687343481744,43.96185478523767,764400
2020-03-12,38.48566436767578,43.468905019276484,38.396039126982124,39.77628971516062,1152600
2020-03-13,42.05280303955078,42.05280303955078,38.65147489031525,40.83388403669533,976800
2020-03-16,37.15471267700195,39.68218279598618,36.80964831516759,38.23919383337085,1714400
2020-03-17,39.37297058105469,39.5029295775971,36.76035404352912,37.6969539086162,1525000
2020-03-18,36.693138122558594,37.6521427124529,34.7303163151924,36.845505159103546,709200
2020-03-19,36.54972839355469,37.21744906189981,35.05296573245151,36.025413575310786,831000
2020-03-20,35.039520263671875,37.141261702740756,35.0081510905211,36.9171952033828,5054800
2020-03-23,33.68168258666992,34.86475359702923,33.12599512802848,34.770642645287616,1015200
2020-03-24,37.00234603881836,37.0561232359971,35.43836264161324,35.5011009954965,555200
2020-03-25,37.85380172729492,39.247495876397885,36.36600004188719,37.0919734416623,563400
2020-03-26,40.05210494995117,40.23740402039147,38.108704270912526,38.108704270912526,843600
2020-03-27,39.08491134643555,40.074686436098155,38.47477181330815,38.831815228530374,681400
2020-03-30,40.05661392211914,40.24643690113883,38.8182630253835,39.215980630314704,635800
2020-03-31,39.3289680480957,40.18767986360091,39.09847438643394,40.10181109574101,391400
2020-04-01,37.55280303955078,38.13130623696916,37.15056482486997,37.977640301491164,531600
2020-04-02,38.42958068847656,38.5968046166062,37.31777621161541,37.403648424456215,373800
2020-04-03,37.76974105834961,38.700763849459385,37.39461895291261,38.41151398332566,679400
2020-04-06,40.14248275756836,40.48596815223364,39.18886123752199,39.21146027658876,802400
2020-04-07,40.481449127197266,41.88250339706541,40.476928629593644,41.683646328187784,307600
2020-04-08,42.031654357910156,42.25763099424301,40.562806221746634,41.10514876969354,780000
2020-04-09,43.17961502075195,43.78523073610549,42.605632447650876,42.92652229769432,876000
2020-04-13,42.32090759277344,43.23385520820537,41.85991673461967,43.07566879149947,697400
2020-04-14,43.152496337890625,43.39203100042302,42.62370843306171,43.22480706236761,1079400
2020-04-15,41.80115509033203,42.054251254838036,41.43507406155486,42.02713171513368,374400
2020-04-16,41.58420944213867,41.88249672197983,41.15937238647071,41.87345917634232,441600
2020-04-17,43.24740982055664,43.3468400923721,42.44293354587497,42.632753093088205,544600
2020-04-20,42.24858856201172,43.044023747297224,42.22146902405852,42.52427685418867,284400
2020-04-21,41.27237319946289,41.78759966041301,41.09159119867884,41.44863470199162,391600
2020-04-22,41.905113220214844,42.12656938596758,41.72433119897311,42.108490839030374,430400
2020-04-23,41.93674087524414,42.61467072428179,41.92318282996411,42.05424968122026,706400
2020-04-24,42.442928314208984,42.560433668116005,41.77403603507402,42.11752144588005,628600
2020-04-27,43.432708740234375,43.56377560286177,42.65083151079521,42.700546646554905,483200
2020-04-28,43.749061584472656,44.31400296108966,43.5411601235245,44.19197369278842,839200
2020-04-29,44.765968322753906,45.073296653728875,44.350168735108156,44.69817464936703,385000
2020-04-30,43.767147064208984,44.35920811218247,43.59992658383554,44.35920811218247,535000
2020-05-01,42.46553039550781,43.111823733276296,42.3073474348225,42.97171931783073,763400
2020-05-04,42.3977165222168,42.43839409166719,41.805659102117595,41.99096151648261,307600
2020-05-05,42.58755111694336,43.18412919690731,42.57851012208357,42.93555356020181,128000
2020-05-06,41.90961837768555,42.84064079129762,41.90961837768555,42.81804175386609,247000
2020-05-07,42.45197296142578,42.9355628471474,42.41581587042435,42.54236224079936,213400
2020-05-08,43.50502395629883,43.532140049858086,43.02143408175592,43.193175087847735,393000
2020-05-11,43.098262786865234,43.36491355291963,42.78189688677871,43.10278328490353,279400
2020-05-12,42.09040069580078,43.29259787493118,42.09040069580078,43.27451933297478,197400
2020-05-13,41.10966873168945,41.94126453557507,40.83849746125297,41.94126453557507,271000
2020-05-14,41.679134368896484,41.679134368896484,40.05210315934765,40.662239431912205,215200
2020-05-15,41.65652847290039,41.73788019240397,41.141302065420874,41.33564209267224,182400
2020-05-18,43.57281494140625,43.807829116676835,42.95363774113094,42.95363774113094,359200
2020-05-19,42.88583755493164,43.495973666565746,42.8677590137114,43.44625854024238,147000
2020-05-20,43.59992980957031,43.78974934366848,43.36491219276626,43.41914782313557,363400
2020-05-21,43.351356506347656,43.68580440629765,43.157016463777175,43.464344823001895,176800
2020-05-22,43.351356506347656,43.38299309708565,43.04402814712293,43.38299309708565,641600
2020-05-26,44.558067321777344,44.897032244514534,44.47219855274532,44.47219855274532,531600
2020-05-27,45.584007263183594,45.615643854279945,44.7343363536459,45.46649844705578,593800
2020-05-28,45.29023361206055,46.022399099688506,45.208881891213,46.022399099688506,122600
2020-05-29,45.321868896484375,45.335426941547176,44.60326492312008,44.8925147115581,225000
2020-06-01,45.5388069152832,45.67891130855151,45.06877515784155,45.195321506358646,188800
2020-06-02,45.963645935058594,45.963645935058594,45.638242478819926,45.82354152550598,238000
2020-06-03,47.0392951965332,47.15228350929498,46.51954826820311,46.51954826820311,178200
2020-06-04,47.287864685058594,47.296905680510065,46.69128656605145,46.89014708843032,105800
2020-06-05,48.716041564941406,49.15443677214481,48.58045420976088,48.792872790416524,462600
2020-06-08,49.6832160949707,49.6832160949707,49.02336482770114,49.240300435722446,341200
2020-06-09,48.68440246582031,48.9510532163005,48.50362048427417,48.91489957849487,168000
2020-06-10,47.622314453125,48.584973619325446,47.622314453125,48.584973619325446,889200
2020-06-11,44.50383758544922,46.261935472097896,44.42248586159863,45.85517685284493,338600
2020-06-12,45.29475021362305,45.927485382661104,44.45411698655363,45.927485382661104,150400
2020-06-15,45.68343734741211,45.91393103239942,43.97957158899725,44.10611795286396,193600
2020-06-16,46.347808837890625,47.11160751320235,45.68795403474449,46.966982605912875,137200
2020-06-17,45.963645935058594,46.69581146988761,45.918451297925145,46.69581146988761,120200
2020-06-18,45.927490234375,46.12183026864944,45.538810165826135,45.71507165643206,248200
2020-06-19,45.507179260253906,46.52407419374202,45.37159188987013,46.46531805744835,186200
2020-06-22,45.53429412841797,45.60660831017591,45.059741792988916,45.41226825686391,85400
2020-06-23,45.5388069152832,46.05403330460534,45.525248870531996,46.05403330460534,176000
2020-06-24,44.191993713378906,45.30831893101086,43.95245901287587,45.30831893101086,237800
2020-06-25,44.71152877807617,44.71152877807617,43.83349392603728,44.074611711621436,141400
2020-06-26,43.65606689453125,44.4294674183994,43.47864047096146,44.347578032834974,235200
2020-06-29,44.48861312866211,44.48861312866211,43.710665618617746,43.92448811869035,173800
2020-06-30,44.97539520263672,45.17557003138641,44.38397146546835,44.415817145413186,828200
2020-07-01,44.91170883178711,45.37574642980521,44.77977572281158,45.17102467469235,181800
2020-07-02,45.116432189941406,45.771547383050276,45.02544551130708,45.59412093006984,139800
2020-07-06,45.58501052856445,45.88527275214204,45.403037209822536,45.780634970038726,279000
2020-07-07,44.94810104370117,45.33024921278643,44.90715461363125,45.25291019822187,285600
2020-07-08,45.13916778564453,45.262000114035914,44.71607325531237,45.10732211006763,828400
2020-07-09,44.420372009277344,45.102782480707354,44.04277071539881,45.102782480707354,532600
2020-07-10,45.243812561035156,45.25291331097398,44.474965795322596,44.52955641127904,366000
2020-07-13,45.18922424316406,45.93987648901144,45.102784468945,45.56227517848734,266800
2020-07-14,45.83977508544922,45.89891606135302,44.91624704362869,45.061827767399635,258200
2020-07-15,46.61772537231445,46.77240338264491,46.317463158023386,46.608624624107684,324000
2020-07-16,46.61772537231445,46.799702156346754,46.322013532126775,46.349308834910154,137600
2020-07-17,46.80425262451172,46.88614201001767,46.581332869325024,46.827001025842875,135800
2020-07-20,46.49944305419922,46.695067502716086,46.399355642736815,46.695067502716086,174400
2020-07-21,47.013526916503906,47.286493861513904,46.822452831732015,46.822452831732015,553400
2020-07-22,47.34108352661133,47.354731179405,46.89069362982616,46.98623067030066,146800
2020-07-23,47.27284240722656,47.60494684154183,47.122711293726915,47.40022512016495,85400
2020-07-24,46.8452033996582,47.17276097207725,46.72691794941376,47.09996885779789,71400
2020-07-27,46.90433883666992,46.94528526383449,46.585882051695016,46.87704353250597,139800
2020-07-28,46.77240753173828,47.06356902365098,46.740561852026545,46.83155198757349,101400
2020-07-29,47.39112854003906,47.45481990211047,46.88614454724511,46.88614454724511,91400
2020-07-30,46.931644439697266,46.972587401899865,46.444854971827645,46.931644439697266,419200
2020-07-31,46.73601531982422,46.80425358337822,46.12639355503103,46.80425358337822,132200
2020-08-03,46.86795425415039,47.018085405632014,46.667782856427706,46.81791400790933,508000
2020-08-04,47.172760009765625,47.172760009765625,46.79515873421224,46.86340047222727,137200
2020-08-05,47.504859924316406,47.55945400367742,47.40477251428053,47.45026931587404,157400
2020-08-06,47.51850891113281,47.595851393462986,47.30923680741549,47.34563286134513,226200
2020-08-07,48.046241760253906,48.046241760253906,47.404774319282126,47.41842544283115,289600
2020-08-10,48.51938247680664,48.533030130118576,48.173626885588874,48.173626885588874,216000
2020-08-11,48.4738883972168,49.192691404311226,48.39654591143947,48.947023235714816,520400
2020-08-12,48.805999755859375,48.94248324800567,48.63312367393753,48.8969899075967,100600
2020-08-13,48.44658279418945,48.64675760060182,48.31920008862464,48.57851587378684,125600
2020-08-14,48.49663162231445,48.660410395615905,48.26461111498427,48.34650050163499,69400
2020-08-17,48.43294143676758,48.55577725518048,48.341954769803024,48.52847847835602,152800
2020-08-18,48.21001052856445,48.478423563705235,48.16451720559866,48.43748061431145,88400
2020-08-19,47.99619674682617,48.43293897369937,47.92795501461377,48.26006292689082,219800
2020-08-20,47.79146957397461,47.91430190122191,47.591294774545226,47.677734523556694,908600
2020-08-21,47.7960205078125,47.81876890818189,47.62314446612834,47.77327557836169,115000
2020-08-24,48.50572967529297,48.50572967529297,47.932504000598954,48.07353436441248,134200
2020-08-25,48.464786529541016,48.75594802539917,48.287360101468664,48.75594802539917,225400
2020-08-26,48.40564727783203,48.48298629367633,48.20092206593253,48.40564727783203,134600
2020-08-27,48.751407623291016,48.87879036085201,48.46934336803504,48.46934336803504,149400
2020-08-28,49.09715270996094,49.10170308448156,48.67860849795232,48.924276658284015,121400
2020-08-31,48.68770217895508,49.115347108409885,48.66495724986997,49.115347108409885,216800
2020-09-01,48.79234313964844,48.79234313964844,48.42838954138146,48.5785206609855,372200
2020-09-02,49.61579132080078,49.72497949915441,48.87879020696977,48.956129230114136,314400
2020-09-03,48.610355377197266,49.947880557613615,48.264599883915345,49.61577271377791,205200
2020-09-04,48.501182556152344,49.042562589193146,47.91885956477341,48.99251888172288,148200
2020-09-08,47.64134979248047,48.10993775617703,47.54126236898818,48.10993775617703,180400
2020-09-09,48.19181823730469,48.5057281036669,47.982546150036036,48.05078787806067,139400
2020-09-10,47.495765686035156,48.43294154740256,47.48211803305119,48.223669436170944,238200
2020-09-11,47.787147521972656,47.94267020758444,47.43492863300276,47.70481095609799,381200
2020-09-14,48.436683654785156,48.63337634411665,48.13478527689974,48.13478527689974,269600
2020-09-15,48.36350631713867,48.752316543824605,48.34978064712803,48.64710734631358,115600
2020-09-16,48.7431640625,49.223461286510485,48.551046568844896,48.6105105102507,467600
2020-09-17,48.50988006591797,48.63795839511581,48.12106636530245,48.15766117075118,98800
2020-09-18,48.034149169921875,48.56018805875117,47.81458386776047,48.56018805875117,156600
2020-09-21,46.93634033203125,47.32515055935552,46.414876546702615,47.32515055935552,215000
2020-09-22,47.096431732177734,47.29769965300084,46.78080767268193,47.018670395449675,1551200
2020-09-23,46.10382843017578,47.28855653526797,46.09925320675564,47.17877560229514,212800
2020-09-24,46.144996643066406,46.61614695596743,45.696722448094846,45.994049163462634,155800
2020-09-25,46.72135543823242,46.82656464770467,45.89798963762911,45.98032621768944,267000
2020-09-28,47.535552978515625,47.723098697770745,47.23365462467114,47.23365462467114,636600
2020-09-29,47.15132522583008,47.54471063282259,46.95920774517024,47.54471063282259,376200
2020-09-30,47.462371826171875,47.90149897114054,47.1970647521682,47.23365955338367,206600
2020-10-01,47.61331558227539,47.86490045878505,47.29769504341206,47.709377800486024,203800
2020-10-02,47.704811096191406,47.97926515328873,46.83570367382266,46.83570367382266,106800
2020-10-05,48.491580963134766,48.53274750041679,48.03415638068056,48.03415638068056,1409400
2020-10-06,48.00670623779297,49.067931078762925,47.98841232645719,48.63795436492318,288600
2020-10-07,48.820926666259766,48.93985454363852,48.49615214531893,48.49615214531893,145600
2020-10-08,49.433876037597656,49.433876037597656,49.05878800780885,49.0999545463828,86400
2020-10-09,49.561954498291016,49.77694461774352,49.415578766517164,49.70833023006486,140400
2020-10-12,49.88215255737305,50.03310001862573,49.63056763883084,49.70832898097201,651200
2020-10-13,49.383548736572266,49.836398015649344,49.28749001009361,49.79065626349836,115200
2020-10-14,49.18686294555664,49.65343795646493,49.163993811216415,49.48876483377641,120400
2020-10-15,49.374412536621094,49.40643211908835,48.54189990259965,48.69742259176269,93800
2020-10-16,49.511627197265625,49.72661727192362,49.475035889350735,49.52992459615908,93000
2020-10-19,48.79804992675781,49.680879426019224,48.73401077053137,49.625987225022726,128600
2020-10-20,49.072505950927734,49.46589134941287,48.97187198993771,49.0450615942477,127000
2020-10-21,48.875816345214844,49.200587382683416,48.84837198679775,49.0359142524356,123400
2020-10-22,49.50248718261719,49.557375897120494,48.875814269682,48.91698429543197,244600
2020-10-23,49.58482360839844,49.75406846414995,49.30579434419611,49.65343799121208,82000
2020-10-26,48.546470642089844,49.05878744095091,48.10734345301151,49.05878744095091,214000
2020-10-27,47.97926330566406,48.55561924628453,47.97926330566406,48.55561924628453,109600
2020-10-28,46.57954406738281,47.33886702689533,46.501782729276385,47.1330273695848,224000
2020-10-29,46.886016845703125,47.297699642810606,46.117543454393285,46.60698758821207,388200
2020-10-30,46.95005416870117,46.9546293912325,46.27763954135825,46.808253679080266,332600
2020-11-02,47.73225402832031,47.83288799388521,47.165048528622094,47.46237520237133,349600
2020-11-03,48.70199203491211,48.88038732889643,48.38636798099876,48.38636798099876,214200
2020-11-04,48.628807067871094,49.48419230790749,48.32690865306998,48.720294079835575,163600
2020-11-05,49.475040435791016,49.78608577594669,49.24632816341374,49.24632816341374,611800
2020-11-06,49.38813018798828,49.71290120605662,49.314940583417844,49.62598942309734,210200
2020-11-09,51.47856903076172,52.75935591954215,51.47399380723047,52.07321896452202,605600
2020-11-10,52.03204345703125,52.155546552110664,51.478560160800484,51.51972669586949,207600
2020-11-11,51.92683410644531,52.36596475167248,51.68897487266364,52.36596475167248,488600
2020-11-12,51.21782684326172,51.65237876490355,50.86560798941228,51.65237876490355,199400
2020-11-13,52.279056549072266,52.38426224991872,51.58834444445378,51.58834444445378,226000
2020-11-16,53.230499267578125,53.230499267578125,52.727329441114925,53.18475401799233,247000
2020-11-17,52.97891616821289,53.15731148011309,52.480325037484825,52.800520856312694,363800
2020-11-18,52.37968826293945,53.29910913198314,52.37968826293945,53.23049823867577,311600
2020-11-19,52.59468460083008,52.59468460083008,52.08694299095258,52.32480225897389,202600
2020-11-20,52.292781829833984,52.60840593083845,52.247040066323756,52.51691891394513,158000
2020-11-23,53.00178146362305,53.13900672848268,52.667860021707426,52.667860021707426,162000
2020-11-24,54.16822052001953,54.22768795178574,53.591868034327625,53.75196594701982,544600
2020-11-25,53.829715728759766,53.998964051463034,53.57355912347656,53.971516208131256,391800
2020-11-27,53.78398895263672,53.966959503018415,53.64218494390759,53.95780905606919,141600
2020-11-30,53.18475341796875,53.623884077904705,53.088694676692924,53.61015840926028,288400
2020-12-01,53.71078872680664,54.11789628880486,53.64217434773308,53.838867039812065,211600
2020-12-02,53.94865417480469,54.026415513086306,53.495801343905356,53.62388315327047,233400
2020-12-03,54.0904541015625,54.3511859605967,53.9349314266418,54.044712343637144,177600
2020-12-04,54.77659225463867,54.785739210494285,54.30087028307882,54.30087028307882,264600
2020-12-07,54.50214385986328,54.66681700131312,54.314598091594846,54.66681700131312,299800
2020-12-08,54.6530876159668,54.726273730366614,54.14534607841352,54.24597654947922,198600
2020-12-09,54.54786682128906,54.9321016923132,54.328301545081224,54.8589155934917,229000
2020-12-10,54.492984771728516,54.57989655200932,54.23225292075842,54.40150125870728,364000
2020-12-11,54.42437744140625,54.48384137977194,54.01726635918025,54.30544607480233,224800
2020-12-14,53.83430480957031,54.890954568249796,53.83430480957031,54.88180761136583,498000
2020-12-15,54.66680908203125,54.71255083916921,54.06300881414205,54.232253664539726,193400
2020-12-16,54.456398010253906,54.78116904544783,54.38778362481911,54.78116904544783,721800
2020-12-17,54.78006362915039,54.80768734729317,54.57748032895576,54.80308222337593,256000
2020-12-18,54.517635345458984,54.821506825301796,54.236782463040775,54.821506825301796,217600
2020-12-21,54.282814025878906,54.41633451409918,53.49090134412022,53.85923396767131,319800
2020-12-22,53.946720123291016,54.324259550867716,53.93751338672221,54.324259550867716,348200
2020-12-23,54.420936584472656,54.60049777398211,54.11706515325675,54.11706515325675,186600
2020-12-24,54.517635345458984,54.52223695733541,54.236782463040775,54.50842509634449,91800
2020-12-28,54.687984466552734,55.02868990597865,54.62813190005434,54.839921957680225,311600
2020-12-29,54.545257568359375,54.93660884063019,54.384113340092654,54.93660884063019,257400
2020-12-30,54.76625061035156,54.936605075805204,54.563670814133715,54.563670814133715,156400
2020-12-31,55.166812896728516,55.24968756858862,54.67877511393042,54.752439537427996,176800
2021-01-04,54.49922180175781,55.36940422594983,54.02039068530764,55.36479910110175,782800
2021-01-05,54.98725509643555,55.176023047384305,54.42094421822777,54.43015446716034,432800
2021-01-06,56.27640914916992,56.667760377117794,55.26810128657124,55.26810128657124,365600
2021-01-07,56.82430648803711,57.0314949373972,56.557265471180514,56.557265471180514,659800
2021-01-08,56.87494659423828,57.01307221324131,56.30403416020787,56.930197544375574,831000
2021-01-11,56.893367767333984,56.98084756665675,56.32245529126069,56.32245529126069,816800
2021-01-12,57.11896514892578,57.27090262642083,56.865739532447755,57.026883745239296,305800
2021-01-13,57.095951080322266,57.27551229062094,56.95782545116298,57.21565621206761,368200
2021-01-14,57.29393005371094,57.588594788085246,57.257096083743974,57.326158899261856,420400
2021-01-15,56.782867431640625,57.09134401188733,56.38691105505986,56.88876069940027,663200
2021-01-19,57.02227783203125,57.20183902561094,56.88875733965757,57.20183902561094,323000
2021-01-20,57.30313491821289,57.372197731475026,57.04069903796125,57.19263652460183,484600
2021-01-21,56.9992561340332,57.30312755559069,56.86573564893001,57.30312755559069,385400
2021-01-22,56.630943298339844,56.759858704794844,56.354695496981776,56.55267373194664,215200
2021-01-25,56.561866760253906,56.6493465560083,56.03238988692245,56.4099292768954,421000
2021-01-26,56.35007095336914,56.819695215257774,56.3040302544554,56.723005181054695,182000
2021-01-27,54.853736877441406,55.65946157130826,54.63734168334536,55.65946157130826,286600
2021-01-28,55.590396881103516,56.08303982255073,55.1253811739963,55.1253811739963,226400
2021-01-29,54.692588806152344,55.60881183881032,54.49461061189151,55.424645504875485,369200
2021-02-01,55.25889587402344,55.42004361082068,54.78466993761715,55.16220933955348,1467800
2021-02-02,56.0692253112793,56.35468330142694,55.76995546095495,55.80218430559415,780400
2021-02-03,56.25339126586914,56.386911767816045,55.963331666062096,56.1336826240063,317000
2021-02-04,57.013084411621094,57.013084411621094,56.44216834275848,56.44216834275848,304800
2021-02-05,57.29393005371094,57.468886142032964,57.169616283242604,57.358387744812774,218200
2021-02-08,57.897071838378906,57.906278574602695,57.60701222613937,57.65305293261982,202800
2021-02-09,57.90167999267578,58.03059538263916,57.657661074147825,57.8786578818905,185400
2021-02-10,58.00296401977539,58.23777265798821,57.68988232281117,58.17792009558346,260400
2021-02-11,58.0904426574707,58.219358035682305,57.6300285851832,58.20094456394974,145000
2021-02-12,58.3805046081543,58.394316468018886,57.96613124881398,58.00756682840775,732200
2021-02-16,58.48640060424805,58.70740091043381,58.389714068004494,58.70740091043381,231800
2021-02-17,58.569271087646484,58.59689480668716,58.200941953942475,58.34366918589324,149600
2021-02-18,58.23777770996094,58.366693094126845,57.98915367792066,58.2607998197109,123000
2021-02-19,58.560062408447266,58.71199637080839,58.504811459519374,58.504811459519374,178800
2021-02-22,58.785667419433594,59.034291433770264,58.39431617031644,58.39431617031644,155600
2021-02-23,58.956024169921875,59.15399885154685,58.265403052020474,58.73041874227735,377800
2021-02-24,59.840023040771484,59.945916320035565,58.988254118557236,59.04811020157521,334000
2021-02-25,58.6751708984375,59.945911217528476,58.454170596645675,59.816995838433506,561400
2021-02-26,58.00296401977539,58.75343766260001,57.74052814972306,58.75343766260001,346000
2021-03-01,59.33356475830078,59.60981603747517,58.8225083222624,58.8225083222624,295800
2021-03-02,59.080345153808594,59.42565575493255,59.0112788183665,59.40723525533646,335800
2021-03-03,58.946815490722656,59.554565462830816,58.93300363002579,59.154000426537166,273600
2021-03-04,58.223968505859375,59.213859554701656,57.48730662509799,59.048110192445236,443800
2021-03-05,59.549957275390625,59.70189476956504,57.88326050200834,58.91919221426537,296600
2021-03-08,60.0886344909668,60.742421591901255,59.69728676788672,59.86303610512087,377000
2021-03-09,60.037994384765625,60.641142742551864,59.92749949965664,60.249787956826964,383000
2021-03-10,60.80229568481445,60.99106718531649,60.323468027214254,60.328069639898615,439800
2021-03-11,60.99565505981445,61.345574255173524,60.76544802091456,61.01407555712877,296800
2021-03-12,61.502113342285156,61.502113342285156,61.11075856609516,61.156802784009734,278000
2021-03-15,61.80137634277344,61.80598497953261,61.14298761941571,61.70469332588359,1777600
2021-03-16,61.31333923339844,61.70008535585885,61.24427993487371,61.70008535585885,649600
2021-03-17,61.65406036376953,61.65406036376953,61.05091895278334,61.35018533941603,452800
2021-03-18,61.21666717529297,62.077639369395236,61.11537550241479,61.58499286718207,306000
2021-03-19,61.01408004760742,61.322556659393,60.51222332659571,61.16601754750691,5284800
2021-03-22,60.949623107910156,61.124575695271425,60.7009955503181,60.977246830895524,681000
2021-03-23,60.116268157958984,60.8299043422038,59.91828645577152,60.59049408539444,352600
2021-03-24,60.13009262084961,60.898983431587695,60.13009262084961,60.36950292783789,372000
2021-03-25,60.8713493347168,60.940408637396786,59.623624071860924,59.95052116372281,393000
2021-03-26,61.792057037353516,61.842899762051395,60.99244605135384,61.232787065676824,1762600
2021-03-29,61.5748291015625,61.824416205638066,61.172713802289486,61.4870091965087,321400
2021-03-30,61.67649459838867,61.80129163636303,61.45463868295723,61.565563114336754,527600
2021-03-31,61.44077682495117,61.80130244802298,61.426911268603064,61.66263983186823,869000
2021-04-01,61.9492073059082,61.981564974194846,61.45002609325343,61.59793477226551,309600
2021-04-05,62.531578063964844,62.63789006530206,62.35131878028581,62.4021615040247,279800
2021-04-06,62.53622055053711,62.77194211919704,62.47151225408093,62.494623871245714,323200
2021-04-07,62.43452072143555,62.725711514871854,62.27274649115455,62.61016050829221,288400
2021-04-08,62.47612762451172,62.51310479899477,62.152586163628605,62.51310479899477,400200
2021-04-09,62.73958206176758,62.77655923313509,62.38368295844533,62.55469620493004,596800
2021-04-12,62.80890655517578,62.901345952407986,62.647132320513975,62.81815261070118,295200
2021-04-13,62.62864303588867,62.77192514983085,62.332832753102856,62.67486625772255,205600
2021-04-14,62.88747787475586,63.15555705285566,62.688733531306525,62.688733531306525,314600
2021-04-15,63.243385314941406,63.266496929550215,62.85513557914187,63.090857121732746,479200
2021-04-16,63.56229782104492,63.71019943776474,63.39127754047467,63.52994015486255,298800
2021-04-19,63.34043502807617,63.53918642165176,63.16480229842808,63.52069431157919,302800
2021-04-20,62.77655792236328,63.18329269356466,62.526963784012686,63.18329269356466,207200
2021-04-21,63.395912170410156,63.497597630403554,62.60092060282961,62.60092060282961,277900
2021-04-22,62.97067642211914,63.5900280985573,62.84125986443575,63.44211943110574,262200
2021-04-23,63.608524322509766,63.765679072434864,62.961441420493514,62.9706874770008,194200
2021-04-26,63.63624954223633,63.91357479035789,63.55305619940428,63.72869599339287,258400
2021-04-27,63.7102165222168,63.82114805400907,63.49760656879255,63.7102165222168,672300
2021-04-28,63.83962631225586,63.9967810620475,63.78416407860862,63.87660348557891,269400
2021-04-29,64.39425659179688,64.40349559271372,63.89507548806134,64.2186168369624,302700
2021-04-30,63.876590728759766,64.17240100359312,63.75642022896515,64.03373839449272,233800
2021-05-03,64.2833480834961,64.56991237313888,64.17241655879165,64.37578749441232,248500
2021-05-04,64.30181121826172,64.3572804880369,63.72868283440786,64.15390962176389,279800
2021-05-05,64.61611938476562,64.73628988352358,64.25560083581854,64.60687333019249,393200
2021-05-06,65.05059814453125,65.11530642704544,64.32031492605749,64.65310239403728,331700
2021-05-07,65.64220428466797,65.66993539211278,64.81948185133453,65.00436060274814,304900
2021-05-10,65.59597778320312,66.25230648630416,65.51278446503784,65.89178800224404,410000
2021-05-11,64.74555206298828,65.18926405558054,64.24637078181577,64.90269976650325,591300
2021-05-12,63.432891845703125,64.69932653849428,63.377422559088565,64.62537924413273,327700
2021-05-13,64.32955169677734,64.61612298311758,63.442120830513346,63.442120830513346,238700
2021-05-14,65.12454986572266,65.30018966708505,64.65310679786728,64.71781508478905,368100
2021-05-17,65.1430435180664,65.18925969400367,64.8379871356476,65.01362694116288,350100
2021-05-18,64.51443481445312,65.13378647843352,64.49594270505692,65.13378647843352,192900
2021-05-19,64.07072448730469,64.11694771433613,63.31271011163917,63.74718305610738,171100
2021-05-20,64.4497299194336,64.71780909836188,64.04298812344946,64.1816507405053,222500
2021-05-21,64.74555206298828,65.09682464484673,64.57915830259745,64.72705994923655,161200
2021-05-24,65.11531066894531,65.28170441377483,64.87496258137506,64.93967086810463,260100
2021-05-25,64.7363052368164,65.30944086083508,64.66235088803822,65.20775539443378,150600
2021-05-26,64.93041229248047,64.97663551094944,64.6438480854571,64.85646501667225,209700
2021-05-27,65.31867980957031,65.41111920914628,65.14304001350409,65.27245658344526,268700
2021-05-28,65.35563659667969,65.56825351974368,65.21698105193434,65.56825351974368,13124500
2021-06-01,65.54977416992188,65.91953172498894,65.44808872647644,65.74389900213407,205300
2021-06-02,65.64220428466797,65.74388971374714,65.40185626569244,65.74388971374714,221100
2021-06-03,65.60525512695312,65.69769454211699,65.13380494113954,65.31869082414256,235900
2021-06-04,65.8733139038086,65.92877612514214,65.58674263734804,65.74389735224825,646600
2021-06-07,65.67920684814453,65.92879396435261,65.56827532278815,65.87333172801193,248300
2021-06-08,65.65145874023438,65.7531441932511,65.30018620878731,65.62372762626144,505000
2021-06-09,65.38337707519531,65.6791873355887,65.38337707519531,65.6791873355887,158100
2021-06-10,65.3648910522461,65.83634112299625,65.30018277215675,65.68843245269284,256900
2021-06-11,65.47582244873047,65.58674689860446,65.28169760877742,65.54053072871481,380500
2021-06-14,65.1615219116211,65.41111603631091,64.8842037263448,65.41111603631091,214700
2021-06-15,65.28170776367188,65.35565505753289,64.97665137371823,65.23548453391841,200600
2021-06-16,64.8379898071289,65.28170884099079,64.49595623826298,65.13380014547857,329600
2021-06-17,63.950557708740234,64.89345094229606,63.627016258631606,64.66234889897922,893400
2021-06-18,62.832008361816406,63.34967454766667,62.78578514407714,63.26648121894338,360300
2021-06-21,64.03374481201172,64.05223692317081,63.22026823786094,63.303468632728915,300200
2021-06-22,64.14466094970703,64.31105464689543,63.79338850127476,64.07995268150445,501700
2021-06-23,63.987545013427734,64.26486327771218,63.987545013427734,64.16318485101426,171700
2021-06-24,64.43124389648438,64.50519823959112,64.1354335767317,64.20014186378152,325100
2021-06-25,64.85647583007812,64.93042311821546,64.48671117869499,64.50519623756078,227800
2021-06-28,64.52368927001953,64.85647675574667,64.35729552715596,64.85647675574667,413100
2021-06-29,64.40119934082031,64.84662152889416,64.30840364162643,64.71670613405112,167600
2021-06-30,64.5867691040039,64.65172677966598,64.34549470303523,64.34549470303523,464500
2021-07-01,65.03221893310547,65.06005693441807,64.72598675895098,64.82806415033582,176500
2021-07-02,65.1806869506836,65.20852495042335,64.90229987342849,65.12501095120408,161200
2021-07-06,64.5960693359375,65.16213227769495,64.15064008936234,65.12501258382555,173200
2021-07-07,64.67029571533203,64.74452800828142,64.21558486678958,64.51253527815595,344200
2021-07-08,64.03927612304688,64.28982516003275,63.65880464186288,63.862959380073185,393300
2021-07-09,64.97653198242188,65.03221506159007,64.48470844222412,64.48470844222412,220100
2021-07-12,65.25492095947266,65.2920406493528,64.7445340734419,64.86517483551658,205700
2021-07-13,64.73526000976562,65.15284413470833,64.72597831725265,65.13428782953939,182300
2021-07-14,64.68885803222656,65.11572384575709,64.41974559068096,64.82805509921317,230100
2021-07-15,64.6331787109375,64.69813639487386,64.28054521540594,64.28054521540594,247600
2021-07-16,64.0578384399414,64.8466123917349,64.00216244424166,64.8466123917349,3437800
2021-07-19,62.87932205200195,63.32474420347759,62.452456206897196,63.19482881930908,534900
2021-07-20,63.992881774902344,64.17848022996421,62.94427705326709,63.027791048152075,296500
2021-07-21,64.5960693359375,64.64247072323867,64.29911886483995,64.29911886483995,265000
2021-07-22,64.37335205078125,64.49398573434156,64.10423960604791,64.49398573434156,432600
2021-07-23,64.70742797851562,64.75382228564433,64.38263242932645,64.53111120379666,260600
2021-07-26,64.90228271484375,64.96724039034913,64.50325497106624,64.62388863133177,198400
2021-07-27,64.92086029052734,64.9486982920297,64.47543810677364,64.66102950336135,244300
2021-07-28,64.92086029052734,65.15285307619098,64.64247319564576,65.01365598882121,268500
2021-07-29,65.34772491455078,65.53332338744053,65.17141521512781,65.30133060622171,144300
2021-07-30,65.07860565185547,65.51475316783927,65.02292965572377,65.18996472397593,4284300
2021-08-02,64.93941497802734,65.76530861795447,64.93941497802734,65.1714077326104,185300
2021-08-03,65.50547790527344,65.50547790527344,64.62390817398628,65.05077403923063,585100
2021-08-04,64.81878662109375,65.30133560770813,64.81878662109375,65.18997651544518,128800
2021-08-05,65.23635864257812,65.24563325430076,64.99508422052043,64.99508422052043,348000
2021-08-06,65.69107055664062,65.75602824603419,65.468359490128,65.48691579573023,155000
2021-08-09,65.62610626220703,65.70034563685836,65.4033952181095,65.56114857935124,404200
2021-08-10,65.91378784179688,66.03442861909333,65.58899936418685,65.65395705970884,135100
2021-08-11,66.38703918457031,66.38703918457031,65.96944803071948,66.08080708771759,147400
2021-08-12,66.43343353271484,66.45199691549016,66.09937052117652,66.41487722979565,113200
2021-08-13,66.43343353271484,66.56335597257369,66.34063785840664,66.56335597257369,129600
2021-08-16,66.4705581665039,66.4705581665039,65.8488193145147,66.26641049977147,197000
2021-08-17,66.11793518066406,66.32208993785868,65.63539336535982,66.11793518066406,192600
2021-08-18,65.40339660644531,66.12721282501928,65.3662769183317,65.93233977231526,330000
2021-08-19,65.17141723632812,65.41268463878063,64.84662166866244,64.84662166866244,311700
2021-08-20,65.59828186035156,65.69107755796719,64.99509920606313,65.14357090627655,177100
2021-08-23,66.01585388183594,66.16433263456288,65.9137765093003,65.9137765093003,214000
2021-08-24,66.1828842163086,66.31279957574638,66.0715251597093,66.12720822793699,217900
2021-08-25,66.4705581665039,66.60975522825616,66.05297406110378,66.21072742715657,174900
2021-08-26,66.006591796875,66.47985911195396,65.99731718196702,66.47985911195396,190800
2021-08-27,66.60977172851562,66.68401112382128,66.13650443326506,66.20146213419291,142900
2021-08-30,66.37777709960938,66.67472759279367,66.37777709960938,66.65617128440763,146300
2021-08-31,66.41488647460938,66.57263985087788,66.29425278920236,66.41488647460938,100900
2021-09-01,66.37777709960938,66.52625588613063,66.18290400219388,66.52625588613063,132600
2021-09-02,66.81390380859375,66.81390380859375,66.58191108703613,66.58191108703613,204800
2021-09-03,66.5633544921875,66.73966414549508,66.47055174008712,66.73966414549508,214800
2021-09-07,65.99730682373047,66.49841206460262,65.99730682373047,66.49841206460262,148500
2021-09-08,65.9880142211914,66.18288726933763,65.76530317757522,65.86738054753606,181900
2021-09-09,65.73747253417969,66.22930318826535,65.69107822482985,65.86739500798996,202200
2021-09-10,65.1806869506836,65.93234834294464,65.1806869506836,65.93234834294464,179400
2021-09-13,65.57970428466797,65.72818303261575,65.26419756506351,65.67249996220714,215200
2021-09-14,64.91156005859375,65.8116929426762,64.8280460779375,65.5704256119875,400600
2021-09-15,65.54258728027344,65.68178434220758,64.95796811597803,64.96724980806876,380100
2021-09-16,65.32917022705078,65.68179671449806,65.03221974292201,65.6539587128388,630300
2021-09-17,64.95796966552734,65.36627916897913,64.91156828382353,65.31987778727532,237200
2021-09-20,63.97432327270508,64.23415402101301,63.27834501979874,64.18775263887649,233000
2021-09-21,63.807281494140625,64.43830199356539,63.797999802718685,64.34549923905833,352900
2021-09-22,64.44757843017578,64.8280499108318,64.22486738873559,64.23414908042037,186300
2021-09-23,65.30132293701172,65.66323106682073,64.73526005092953,64.73526005092953,345500
2021-09-24,65.4683609008789,65.61683258846763,65.18996675184624,65.18996675184624,145200
2021-09-27,65.6168212890625,65.9972927552317,65.56114530078645,65.56114530078645,283100
2021-09-28,64.87445831298828,65.57043658771282,64.73526124207196,65.44051412962902,186100
2021-09-29,65.04695892333984,65.31736713811026,64.81384912929084,64.93506366117563,308700
2021-09-30,64.06790161132812,65.27074912749417,64.04925595599985,65.26142274285648,238900
2021-10-01,64.89775085449219,65.21478380337388,63.93733985413716,64.41288572048728,365400
2021-10-04,64.58072662353516,65.31735428140993,64.31964484382155,64.86045405296618,209800
2021-10-05,65.05628967285156,65.4199475605695,64.63669481510046,64.8604782649712,218500
2021-10-06,65.14952087402344,65.21479132485862,64.17978338022512,64.57140608523629,200700
2021-10-07,65.74629211425781,66.15656053806794,65.68102165270074,65.6903409229612,249600
2021-10-08,65.70899200439453,65.93277542199537,65.6250687765776,65.8768313460818,163400
2021-10-11,65.20547485351562,66.04467157320273,65.1961484694228,65.79290900032326,115600
2021-10-12,65.09358215332031,65.41061519945895,64.93506918722449,65.24277584890248,169700
2021-10-13,65.14952087402344,65.22411059358824,64.49680925172589,65.13086810867304,324100
2021-10-14,66.18452453613281,66.23114221860118,65.65303458116655,65.77424909231846,181600
2021-10-15,66.58548736572266,66.87454124420749,66.5202097916683,66.59480663577618,189400
2021-10-18,66.38967895507812,66.62278879286133,66.14724984582593,66.32440848505674,113500
2021-10-19,66.91185760498047,66.92117687753245,66.54820678489486,66.6880670126597,158500
2021-10-20,67.53656768798828,67.5645397241612,67.00507765886456,67.00507765886456,200300
2021-10-21,67.45263671875,67.5085878986161,67.19155492585926,67.48061586565571,116700
2021-10-22,67.60183715820312,67.75103083421186,67.3127833033687,67.48994190119656,1414600
2021-10-25,67.75102996826172,67.85359172677433,67.50859380481918,67.63913471268533,214400
2021-10-26,67.74169921875,67.99345463513718,67.71372718514537,67.87224011820194,266700
2021-10-27,66.79994201660156,67.69508277211685,66.79994201660156,67.69508277211685,195400
2021-10-28,67.35941314697266,67.42468361351833,66.8652214554201,66.8652214554201,167500
2021-10-29,67.33143615722656,67.49927550371439,67.14495115621644,67.32210977299202,326000
2021-11-01,67.71373748779297,67.73238314171783,67.39670445949776,67.55521741667208,197600
2021-11-02,67.85359191894531,67.94684152249603,67.62048213796042,67.73237739385371,324000
2021-11-03,68.23590850830078,68.26388054917159,67.62049515335367,67.7137447748528,255100
2021-11-04,67.9281997680664,68.3384753255724,67.64847225390541,68.30117690089484,337200
2021-11-05,68.26386260986328,68.6181868910249,68.0587248787898,68.32913305939162,204200
2021-11-08,68.40373992919922,68.59022492266119,68.26387262712949,68.40373992919922,228300
2021-11-09,68.34779357910156,68.42238330563585,68.04941333112562,68.3944112689422,221600
2021-11-10,68.10536193847656,68.51563747448652,68.00279305447407,68.19860443831153,326600
2021-11-11,68.14264678955078,68.21724362014035,68.00277951068166,68.17994520484557,296500
2021-11-12,68.35710906982422,68.38508110497153,68.04940956925796,68.3291370346769,118700
2021-11-15,68.3757553100586,68.56224026920631,68.28251283048473,68.56224026920631,444300
2021-11-16,68.2545394897461,68.57157248399804,68.2545394897461,68.44103157870188,288700
2021-11-17,67.95616149902344,68.21725043215868,67.79764855365084,68.21725043215868,538100
2021-11-18,67.66712951660156,67.99348189607738,67.38739484050896,67.95618346500181,222700
2021-11-19,67.0889892578125,67.46196631425495,67.04237157197322,67.43399427996225,228900
2021-11-22,67.38737487792969,67.90021926086027,67.2381883117702,67.33143080486316,303000
2021-11-23,67.78832244873047,67.86291928707539,67.38737333505911,67.46197017340403,369200
2021-11-24,67.78832244873047,67.83494725118256,67.56453904764177,67.65778153859989,178100
2021-11-26,66.24047088623047,66.57614951294352,65.9607363259878,66.37101178395828,321100
2021-11-29,66.53885650634766,66.89318081270586,66.18453219998943,66.85588239404511,386800
2021-11-30,64.91641235351562,66.09128049114928,64.86978755318835,66.09128049114928,334600
2021-12-01,64.32897186279297,66.26844690856251,64.32897186279297,65.73695690326416,244200
2021-12-02,65.70899200439453,65.98871949790893,64.53411661258363,64.56208865054042,404400
2021-12-03,65.55046844482422,66.119256837774,65.02829773628048,65.98870882517899,347900
2021-12-06,66.44561767578125,66.82791403870132,65.98871735748533,66.04466854553063,311900
2021-12-07,67.30345153808594,67.53656130274904,67.005071323875,67.0610153909316,1383200
2021-12-08,67.33143615722656,67.461977080723,67.07035431023367,67.39670661897478,277900
2021-12-09,67.09832000732422,67.36872821299455,66.94913344340556,67.1076463906773,348900
2021-12-10,67.42466735839844,67.45263939246759,67.00507261946986,67.43399374107003,487000
2021-12-13,67.0889892578125,67.40602224566956,66.89317790381799,67.32209902884583,564900
2021-12-14,66.96776580810547,67.35938846387373,66.7999265107841,66.7999265107841,519900
2021-12-15,67.56453704833984,67.62980750147372,66.67872273953076,67.01440138820377,427300
2021-12-16,67.88508605957031,68.38182791505066,67.70700609226331,67.96943521209012,512200
2021-12-17,67.03217315673828,67.69762750825224,66.91033312863394,67.60389670900395,275600
2021-12-20,66.28237915039062,66.41359369316957,65.68253919749937,66.41359369316957,417700
2021-12-21,67.26648712158203,67.37895979240658,66.68539619896227,66.71351257900436,441800
2021-12-22,67.73511505126953,67.74448956185205,67.17276597747754,67.2852386524985,524800
2021-12-23,68.08189392089844,68.29746473972797,67.93193751921089,68.01628665441218,248200
2021-12-27,68.841064453125,68.841064453125,68.11001001514084,68.29746445478789,243800
2021-12-28,68.95355224609375,69.1878649840716,68.80359581212973,68.8317121965819,415200
2021-12-29,69.08476257324219,69.2534680202729,68.8504498496249,68.99103891392664,341600
2021-12-30,69.06600952148438,69.48776949545976,69.00976961447348,69.26283131938327,250200
2021-12-31,69.11287689208984,69.30969871597196,68.99103685368377,69.01915323557311,499100
2022-01-03,69.30033111572266,69.34718936849039,68.85044755508149,69.22534933050636,561700
2022-01-04,69.9189224243164,70.13449329830712,69.66586780330412,69.66586780330412,284100
2022-01-05,69.272216796875,70.46252228234071,69.272216796875,70.01263870830189,601200
2022-01-06,69.38468170166016,69.75958348486871,69.14099446997608,69.46903799944404,394600
2022-01-07,69.6189956665039,69.79707562560824,69.39405745282157,69.46903924093465,472300
2022-01-10,69.46904754638672,69.5815130913454,68.77547664940545,69.5815130913454,703800
2022-01-11,70.04076385498047,70.04076385498047,69.12225481421103,69.6377456764781,269400
2022-01-12,70.08761596679688,70.33130318493191,69.8345613888286,70.22820502151541,570500
2022-01-13,69.85330963134766,70.47189866827591,69.67522966908219,70.14385512712225,367700
2022-01-14,69.71273040771484,69.75022130773085,69.0472830214111,69.36595209621822,579100
2022-01-18,68.67237091064453,69.37530909192883,68.43805818354976,69.37530909192883,593200
2022-01-19,68.09127044677734,69.04726309397776,68.05377955758141,68.93479757704593,490400
2022-01-20,67.42582702636719,68.91605241437004,67.36958711409756,68.2037397810909,606100
2022-01-21,66.48858642578125,67.57579383796633,66.35737186139094,67.36959747945085,925100
2022-01-24,66.63854217529297,66.71352396864391,64.35165468334849,65.68254933736938,974400
2022-01-25,66.36673736572266,66.85411186324204,64.87651179013314,65.9074864032064,860300
2022-01-26,65.78563690185547,67.25712039333916,65.32637885466968,66.78849498648887,392800
2022-01-27,65.71064758300781,67.07903275596604,65.37323675672711,66.3667202170784,635700
2022-01-28,66.62915802001953,66.64790704097236,65.01709260023783,65.5419507764153,371900
2022-01-31,67.38834381103516,67.4539510906092,66.26363839606388,66.41360197832292,685000
2022-02-01,67.90381622314453,67.99754702176925,67.16339439873227,67.38833258398844,417400
2022-02-02,68.44742584228516,68.55989851426708,67.73511322104545,67.81946951269595,414000
2022-02-03,67.71637725830078,68.36308266496395,67.65076998158546,68.24123547202343,490700
2022-02-04,67.6976318359375,68.2412318927856,67.13527560712227,67.50080286545828,480700
2022-02-07,67.80072784423828,68.22249504691406,67.57578962653874,67.84759325031015,254900
2022-02-08,68.26935577392578,68.37245395049081,67.68826476127629,67.86634473000811,377300
2022-02-09,69.00041198730469,69.13162653774373,68.72860837549334,68.75672475763646,625000
2022-02-10,68.07252502441406,69.29095396037873,67.8288449577462,68.4849176767079,249800
2022-02-11,67.39772033691406,68.57865140454135,67.16340759562426,68.12877494563305,330900
2022-02-14,66.87284851074219,67.444572116627,66.46983034840792,67.38833935232904,405200
2022-02-15,67.6039047241211,67.72575191732767,67.30398472267372,67.30398472267372,425000
2022-02-16,67.73511505126953,67.95068589072895,67.24774776082485,67.43519506853671,297200
2022-02-17,66.70413970947266,67.39771047063267,66.58229967607465,67.39771047063267,393100
2022-02-18,66.3854751586914,67.00405696162758,66.14178795115605,66.73225337450276,354500
2022-02-22,65.84185791015625,66.57291227024963,65.4107234708872,66.32922510000019,529600
2022-02-23,65.01710510253906,66.28239253521865,64.92337428106391,66.25427614903919,519200
2022-02-24,65.10145568847656,65.20455387383356,63.50813179767228,63.81741920308538,871800
2022-02-25,66.94784545898438,67.050943650651,65.39200522158494,65.39200522158494,510500
2022-02-28,66.62915802001953,66.8353543465625,65.86998713652622,65.95434342950122,687300
2022-03-01,65.57007598876953,66.65729052946618,65.18580681535593,66.46046868688985,671000
2022-03-02,66.90097045898438,67.1634067324082,65.98246852930151,65.98246852930151,459100
2022-03-03,66.91034698486328,67.37897247552665,66.44172149419991,67.15403424219234,282600
2022-03-04,66.676025390625,66.676025390625,65.92622184481075,66.27300723611475,378500
2022-03-07,65.17643737792969,66.41360844948467,65.13894647871192,66.41360844948467,400000
2022-03-08,64.65158081054688,66.05745739066265,64.64220629782851,65.25142091267696,489000
2022-03-09,65.78563690185547,66.14178963682545,65.52320781812429,65.69190609996042,602400
2022-03-10,65.67315673828125,65.78562939733119,64.97959321744511,65.14829863069232,404400
2022-03-11,65.19517517089844,66.27301521629695,65.13894240092097,66.02932796196555,348800
2022-03-14,65.12019348144531,65.95434618225245,64.83901536066817,65.49508810827265,579900
2022-03-15,65.9449691772461,66.0199509600383,65.19516565063682,65.30763832482513,295200
2022-03-16,66.94784545898438,66.9665873344427,65.74816521121814,66.4136126251929,914400
2022-03-17,67.78197479248047,67.78197479248047,66.70413498651575,66.76974225380113,1391800
2022-03-18,67.97880554199219,68.06316183998004,67.3133582717499,67.65076916238779,464600
2022-03-21,68.11939239501953,68.51303603777468,67.7913560260569,68.13813426582173,393400
2022-03-22,68.55052185058594,68.70985276789648,68.38181642324065,68.45679820220656,304800
2022-03-23,67.73511505126953,68.4005694401564,67.73511505126953,68.4005694401564,253800
2022-03-24,68.47018432617188,68.47018432617188,67.89606949139733,68.09371452262991,288100
2022-03-25,69.11018371582031,69.12900397552718,68.59253681682439,68.59253681682439,341600
2022-03-28,69.07252502441406,69.08193874305178,68.47959000037913,68.8560597596904,419800
2022-03-29,69.74075317382812,69.7784008665942,69.17605214346351,69.57134214666242,560000
2022-03-30,69.53368377685547,69.86309924283532,69.22310292521132,69.70309477800777,339700
2022-03-31,68.51722717285156,69.61839512577667,68.49839973846727,69.41133643092327,570000
2022-04-01,68.82781982421875,68.85606098063268,68.2631187655204,68.808999567173,497300
2022-04-04,68.72429656982422,68.81841940511269,68.34783395092704,68.81841940511269,576900
2022-04-05,68.2348861694336,69.16664329415492,68.0842953877684,68.60194222403787,324100
2022-04-06,68.31959533691406,68.46077241454145,67.79254190637387,67.89607128459633,342200
2022-04-07,68.61134338378906,68.8278086171044,67.82075628589048,68.18781227330548,319000
2022-04-08,68.9501724243164,69.24193306440498,68.59252293717496,68.7054660142559,531200
2022-04-11,68.3007583618164,68.96898870644374,68.23487669912252,68.81840512624173,803400
2022-04-12,68.09369659423828,68.94075163404551,67.8489902092801,68.56428192962426,458600
2022-04-13,68.63015747070312,68.66780515584504,67.99016118441394,68.08427680698787,349200
2022-04-14,68.24430084228516,68.98782668088101,68.22547340403202,68.66782485565166,542500
2022-04-18,68.15959930419922,68.48900770459055,67.89607258388617,68.11254506446593,916100
2022-04-19,69.05369567871094,69.17604528264374,68.2442883159248,68.2442883159248,299300
2022-04-20,69.53368377685547,69.86309924283532,69.32663226928007,69.41133417957518,298800
2022-04-21,68.64899444580078,70.07957077723599,68.554871629582,69.94780745120495,518600
2022-04-22,66.90782165527344,68.44193449272642,66.80429948433077,68.44193449272642,402400
2022-04-25,66.88900756835938,67.00195064784181,65.39254946317418,66.48430384258471,401400
2022-04-26,65.54312896728516,66.8043014775408,65.51489499431634,66.59724276835236,327800
2022-04-27,65.5337142944336,66.21135835806145,65.22313341573975,65.51489403958291,449300
2022-04-28,66.58783721923828,66.83254364925904,65.3737259686969,66.02313614889812,490000
2022-04-29,64.63961791992188,66.46549176993648,64.53608854612327,66.33372841793174,415500
2022-05-02,64.64901733398438,65.0913687095015,63.472553965295255,64.74313296736699,525200
2022-05-03,65.18549346923828,65.66548542086011,64.72431459413934,64.72431459413934,321500
2022-05-04,66.89842987060547,67.0207795036545,65.06314229148506,65.33608271649982,331300
2022-05-05,65.26078033447266,66.49371897487472,64.69607928617971,66.49371897487472,437700
2022-05-06,65.09136962890625,65.28901461597022,64.26313481009039,64.96901284127428,633200
2022-05-09,63.25608444213867,64.41372760937806,63.030205475566184,64.18784146224269,541800
2022-05-10,63.04903030395508,64.14079188594175,62.418447587064534,64.01843508556125,580600
2022-05-11,62.700801849365234,64.2349076822686,62.616092742704424,63.0113827589524,599800
2022-05-12,62.76667785644531,63.02079079237691,61.787859442206006,62.465503512107276,2684300
2022-05-13,63.83020782470703,64.0560868219177,63.28432699926438,63.359622391855886,456500
2022-05-16,63.905494689941406,64.36666634204029,63.472557011155914,63.792551616124925,648300
2022-05-17,65.01608276367188,65.01608276367188,64.38550002989906,64.72431492312221,439800
2022-05-18,62.92668533325195,64.72431797221724,62.69139261429141,64.59255462404444,494200
2022-05-19,62.5031623840332,63.11491771937846,62.041983476949724,62.44668724772997,838400
2022-05-20,62.69138717651367,63.12432488018088,61.46786227182041,63.058443211808985,551300
2022-05-23,63.83961486816406,64.0090258934976,63.08667538211215,63.246672689215174,500400
2022-05-24,63.85844039916992,63.99961746203716,62.71021081934318,63.51961832051404,642900
2022-05-25,64.34784698486328,64.53607826328854,63.63255520183389,63.77373225093433,474700
2022-05-26,65.27960968017578,65.50548866998382,64.6960811775611,64.6960811775611,341300
2022-05-27,66.4278335571289,66.45606753086584,65.43018767485866,65.51489677663243,364300
2022-05-31,65.9666519165039,66.42783073650128,65.64665732032225,66.21135831277162,513600
2022-06-01,65.4207992553711,66.21137946120518,64.84668436184467,66.16432521879982,9049600
2022-06-02,66.14549255371094,66.1831402530011,64.8560929607041,65.43961434829046,388100
2022-06-03,65.5243148803711,65.93842515716796,65.44901949165767,65.75019386594788,336400
2022-06-06,65.62783813476562,66.21135939156018,65.56195647091583,66.01371440001078,338000
2022-06-07,66.38078308105469,66.43725103782961,65.15726520735821,65.2419671425206,763300
2022-06-08,65.5337142944336,66.20194464035475,65.4019509687907,66.02312708730379,272700
2022-06-09,64.05608367919922,65.44901965154651,64.03726342225663,65.2419609223605,1242400
2022-06-10,62.634918212890625,63.26550091146749,62.58785680171668,63.199619244161894,903300
2022-06-13,60.31964111328125,61.420816552334806,60.084351972404285,61.411402832530435,1188100
2022-06-14,59.95258712768555,60.83728648235906,59.48200167706051,60.67728915248194,3715600
2022-06-15,60.441993713378906,61.129044419327585,59.51964670240023,60.45140743252669,578000
2022-06-16,58.68199920654297,59.227880005623845,58.32435687985041,59.190232311146175,1291400
2022-06-17,58.55023193359375,59.1714044896268,58.06082270910082,58.79493834098098,818100
2022-06-21,59.811405181884766,60.07493545414944,59.35023348841469,59.406701440107156,768800
2022-06-22,59.754940032958984,60.31023098909836,59.12435368398895,59.12435368398895,521800
2022-06-23,59.94316864013672,60.1502273708322,59.274938215069014,59.87728696951211,740600
2022-06-24,61.5807991027832,61.61844679239848,60.40433572941547,60.40433572941547,652500
2022-06-27,61.61845016479492,61.91962451763792,61.37374375918406,61.84432913428643,732300
2022-06-28,60.903167724609375,62.45610113672833,60.79963835176384,61.93845427250065,505000
2022-06-29,60.54627990722656,61.03853013680821,60.271757129612375,60.943861631139676,438600
2022-06-30,60.158164978027344,60.5936162861447,59.48606045291752,59.94044112951698,886500
2022-07-01,60.868141174316406,61.000668424845145,59.64698742146754,60.11083640941489,421500
2022-07-05,60.48948287963867,60.48948287963867,59.24939987885974,60.1108305341973,666000
2022-07-06,60.49895477294922,60.85867418287669,59.95937746360642,60.432691146264794,386600
2022-07-07,61.265716552734375,61.38877549479743,60.887064209672936,60.887064209672936,530300
2022-07-08,61.08586883544922,61.48345063530435,60.82081430221246,61.256262067129185,379100
2022-07-11,60.60308074951172,60.92493780925851,60.508419457419244,60.74507629874726,521700
2022-07-12,60.30016326904297,60.962803140128514,60.054038134392755,60.423225836368076,472600
2022-07-13,59.9404411315918,60.3190935009861,59.36299789325897,59.67538663967376,451600
2022-07-14,59.362998962402344,59.391400237831235,58.57730015673897,58.96541721736474,372600
2022-07-15,60.54627990722656,60.59361416006083,59.72271518548049,59.98776966808923,496400
2022-07-18,60.28122329711914,61.19945288103029,60.1013654204247,61.11425267337416,582900
2022-07-19,61.89049530029297,61.947297853997384,60.87760429592127,60.93440684962569,1341600
2022-07-20,62.0798225402832,62.23127915877606,61.59704057583745,61.881031666027525,485400
2022-07-21,62.42061233520508,62.42061233520508,61.49291431631725,61.85263012410968,324600
2022-07-22,62.004093170166016,62.638331779190835,61.653838440818085,62.51527282021689,480300
2022-07-25,62.3259391784668,62.42060768806395,61.89049147865437,62.21234852245947,477300
2022-07-26,61.89049530029297,62.18395469821688,61.73903867553323,62.089286182774096,443500
2022-07-27,62.91284942626953,63.14003795582048,61.9946197906683,62.221815542412386,327100
2022-07-28,63.4997673034668,63.584960302247744,62.411144356260266,62.98858764419954,330800
2022-07-29,64.08666229248047,64.2286578252086,63.471360354313255,63.49975801642032,239700
2022-08-01,63.97306823730469,64.14346142306596,63.52815229547291,63.736411436091394,565400
2022-08-02,63.48081970214844,64.18132905199,63.45242204081292,63.76481075988881,296200
2022-08-03,64.1340103149414,64.30440354636335,63.660696585679844,63.87842407890568,222600
2022-08-04,63.850006103515625,64.20972908623959,63.81214736846425,64.17186312899534,215100
2022-08-05,63.944679260253906,63.98253799805984,63.25363812910458,63.33883834465142,272000
2022-08-08,64.1056137084961,64.67358874857827,64.0109524055148,64.2760069427402,354500
2022-08-09,64.01094055175781,64.25705844949333,63.81214968565152,64.14346779582867,208900
2022-08-10,65.2226333618164,65.24156273322865,64.81558326560683,64.8629103052346,283600
2022-08-11,65.55393981933594,66.13138304389543,65.41194428142583,65.6486011038783,313200
2022-08-12,66.43431091308594,66.47217687557377,65.65807673757011,65.81900166149799,328300
2022-08-15,66.60469055175781,66.66148587281144,65.97045205935108,66.02724738040469,367100
2022-08-16,66.85082244873047,67.1064086416701,66.47217008472944,66.47217008472944,252500
2022-08-17,66.2260513305664,66.63310139711008,65.97992618697877,66.30178325508473,159600
2022-08-18,66.46270751953125,66.51950285126036,66.15978704665312,66.31125089418907,242600
2022-08-19,65.70540618896484,66.11244900599195,65.5255446858555,66.1029879327076,225300
2022-08-22,64.45585632324219,64.9197089501134,64.34226565722795,64.91024065388092,493200
2022-08-23,64.3422622680664,64.80610764831113,64.29492801159114,64.46532122383114,198800
2022-08-24,64.67357635498047,64.76823763982152,64.18133334049116,64.31386058370725,227000
2022-08-25,65.48767852783203,65.49714682328104,64.7209127069081,64.80610569936928,361200
2022-08-26,63.6701545715332,65.58233855031926,63.62282031739476,65.58233855031926,365300
2022-08-29,63.376686096191406,63.821602021316195,63.11163164433634,63.25362716417074,305200
2022-08-30,62.63833236694336,63.38616886817233,62.382746150616555,63.3767005721028,334800
2022-08-31,62.14608383178711,62.9980498481772,62.14608383178711,62.818188349663416,396000
2022-09-01,62.34488296508789,62.40167829964685,61.45505087196218,61.947301178786915,512400
2022-09-02,61.78636932373047,63.196849397729395,61.59704672616261,62.96965361401498,493700
2022-09-06,61.57810592651367,62.08927828951318,61.31304422804176,62.041951260002094,537700
2022-09-07,62.676204681396484,62.77086598510448,61.42665669474524,61.42665669474524,574700
2022-09-08,63.27256774902344,63.27256774902344,62.18395208904587,62.36380637201446,502400
2022-09-09,64.04878997802734,64.27597844890764,63.64174005567987,63.68906707509299,369500
2022-09-12,64.66410827636719,64.93863105886064,64.43691974754931,64.53158103270732,383800
2022-09-13,62.31647491455078,63.66068390456246,62.12714512724377,63.61334965218747,636100
2022-09-14,62.39220428466797,62.638322164839245,61.93782003585713,62.477397268836654,418100
2022-09-15,62.0135498046875,62.732981275670376,61.8431566200458,62.20287235553723,359400
2022-09-16,61.417179107666016,61.53077698824934,60.962802029719576,61.37931314747158,367300
2022-09-19,61.79582595825195,61.81476254775155,60.849198704670414,60.849198704670414,651200
2022-09-20,60.953330993652344,61.29411739788709,60.5178833042842,61.29411739788709,519600
2022-09-21,59.912044525146484,61.57811064656952,59.912044525146484,61.2373242303195,465900
2022-09-22,59.362998962402344,59.95937519105544,59.353534277990505,59.90257625129435,963200
2022-09-23,58.22704315185547,58.70982509307094,57.50760799869664,58.70982509307094,1207100
2022-09-26,57.39401626586914,58.30277763975635,57.13842645238274,57.924125261754995,1101800
2022-09-27,57.18575668334961,58.17024997015692,56.788174939310125,57.88626249425776,1095600
2022-09-28,58.42708969116211,58.70336045774468,57.29341323101339,57.49347250016758,832000
2022-09-29,57.43631362915039,57.969805002819704,56.99808753388275,57.893593506925846,924300
2022-09-30,56.86470413208008,57.92216531060699,56.71227752471546,57.398199074924705,697100
2022-10-03,58.36992263793945,58.646197011658955,57.19814236066449,57.5982608598689,730500
2022-10-04,60.227630615234375,60.227630615234375,59.17016928255339,59.17016928255339,938100
2022-10-05,60.02756118774414,60.332418047921664,59.18921663320157,59.522648713515416,415200
2022-10-06,59.341644287109375,60.08472358434978,59.24637538096498,59.789395426507916,510000
2022-10-07,57.96979904174805,58.893887410596975,57.683999601794504,58.80814721519721,494000
2022-10-10,57.68400192260742,58.28418331455302,57.34104112720994,58.19844311570365,723000
2022-10-11,57.44583511352539,58.15081048571095,57.00760904564266,57.33151605975972,513900
2022-10-12,57.18861389160156,57.60778980772073,57.093348620194746,57.426780704255755,583200
2022-10-13,58.789093017578125,58.9701021144363,56.0454140525243,56.18831195441878,518300
2022-10-14,57.73163604736328,59.484543998040216,57.56968435321497,59.07489677454623,701900
2022-10-17,58.893890380859375,59.141585906345256,58.62714470800125,58.62714470800125,843900
2022-10-18,59.60839080810547,60.13235707990931,59.11300339148487,59.97040538835461,703600
2022-10-19,59.10348129272461,59.63697266506328,58.712887837632046,59.40833454381454,928100
2022-10-20,58.541404724121094,59.6846061799437,58.436610742501244,59.16063627184446,497200
2022-10-21,59.86560821533203,59.96087348362179,58.293705849591845,58.541401361764464,1614000
2022-10-24,60.475318908691406,60.66585309281183,59.87513750066012,60.189519449579414,1341900
2022-10-25,61.41846466064453,61.485151083808994,60.42768975343324,60.42768975343324,460200
2022-10-26,61.608985900878906,62.25679988573047,61.48514178181681,61.48514178181681,295700
2022-10-27,61.523258209228516,62.24728015032389,61.44704307807902,61.79953260843923,463400
2022-10-28,62.87603759765625,62.91414515930228,61.685203552246094,61.685203552246094,1013800
2022-10-31,62.57119369506836,62.93320468222933,62.45687099309765,62.47592841089708,1066100
2022-11-01,62.70456314086914,63.19042551251173,62.42828874398512,63.18089680412955,398700
2022-11-02,61.532772064208984,63.380948791245444,61.45656421072866,62.618819378523796,604800
2022-11-03,61.266029357910156,61.58041129908718,60.599165181117435,60.875439559581395,600200
2022-11-04,62.18059539794922,62.44734836413805,61.2184065973713,62.08533011559078,895400
2022-11-07,62.66645431518555,62.73314073596973,62.171070513399485,62.46639505283302,728700
2022-11-08,63.02846908569336,63.39048002604976,62.40923391622835,62.771244856584744,565500
2022-11-09,61.78047180175781,62.87604063002683,61.723314090669284,62.695031520547076,437300
2022-11-10,64.61942291259766,64.628944352176,63.46669638373595,63.600069220577836,907700
2022-11-11,64.96237182617188,65.1433736326105,64.49555971436497,64.79089145756943,427300
2022-11-14,64.49556732177734,65.36249797315551,64.49556732177734,64.85758551390185,894300
2022-11-15,64.96237182617188,65.50539178203407,64.46698086431009,65.30533256337675,1306900
2022-11-16,64.3907699584961,64.91473980464261,64.35266966811601,64.85758210079885,1033600
2022-11-17,64.18119049072266,64.2002406362696,63.53337651802024,63.65722063475976,623200
2022-11-18,64.65753936767578,64.74327594531874,64.18120566536919,64.58132423092061,1036900
2022-11-21,64.64801788330078,64.72423302857344,64.23837056280564,64.40985100553097,763300
2022-11-22,65.43871307373047,65.52444963398078,64.91474320017636,64.93380061463688,464000
2022-11-23,65.75308227539062,65.76261098183048,65.28627741566538,65.36249253063741,735300
2022-11-25,65.87693786621094,65.92456686490861,65.73403633357013,65.74356504061923,298400
2022-11-28,64.87663269042969,65.58160435966875,64.70515230945006,65.36249498125092,678700
2022-11-29,65.08622741699219,65.15291383497814,64.70515905638342,64.86711074745295,444100
2022-11-30,66.50570678710938,66.50570678710938,64.54321433036624,65.09576314946244,742300
2022-12-01,66.46759796142578,66.84866635594058,66.11511569282655,66.67718594182267,550500
2022-12-02,66.30563354492188,66.47711392616638,65.62924072675567,65.62924072675567,466200
2022-12-05,65.15292358398438,65.96268942877391,64.8766491629102,65.96268942877391,825000
2022-12-06,64.33363342285156,65.18150689412664,63.97162239893641,65.02908387763247,587800
2022-12-07,64.23834228515625,64.70514712498074,64.17165587946704,64.17165587946704,1004600
2022-12-08,64.57178497314453,64.90521705663373,64.43841213974885,64.5336774109923,761600
2022-12-09,64.15261840820312,64.75280351423696,64.13356825848753,64.3717351054469,607500
2022-12-12,64.990966796875,65.0576532196353,64.13356474118899,64.2955164438533,813300
2022-12-13,65.41014099121094,66.62002527683006,65.09575903453538,66.45807357852136,905900
2022-12-14,65.16244506835938,66.010318387732,64.85759182171162,65.4482408986871,639700
2022-12-15,63.921016693115234,64.42908598921176,63.53756582185013,64.41949770615794,850300
2022-12-16,63.18288040161133,63.3841904653568,62.674803786957945,63.18288040161133,775700
2022-12-19,62.732337951660156,63.30751071518116,62.39681380203095,63.03909724645259,1348100
2022-12-20,62.981571197509766,63.1828886010981,62.55978176270839,62.71315774434942,1242100
2022-12-21,63.87307357788086,63.95935348575541,63.317077572410774,63.43210769795547,575700
2022-12-22,63.15412521362305,63.432126957624774,62.2338473612647,63.432126957624774,1002000
2022-12-23,63.7197265625,63.7197265625,62.94324360775303,63.06786207156448,786000
2022-12-27,63.7772331237793,63.92102814047,63.412958753385425,63.7293063273613,876400
2022-12-28,62.93363952636719,63.9593664650154,62.93363952636719,63.67177646536104,578600
2022-12-29,63.86351013183594,64.04564365182486,63.29791837577027,63.33626419937794,733800
2022-12-30,63.82516098022461,63.82516098022461,63.21164246192826,63.59508605057524,677000
2023-01-03,63.79640197753906,64.3428171239035,63.269156084679736,64.05522712530433,1366900
2023-01-04,64.5345458984375,64.8317168990935,63.988130692934206,64.11274913849873,257000
2023-01-05,64.07439422607422,64.31405011228254,63.777223267565404,64.17984340110326,504800
2023-01-06,65.35896301269531,65.51233899887279,64.24695602960584,64.51537680442344,426800
2023-01-09,65.14805603027344,65.93412705415344,65.06178342076193,65.64654437539772,1550900
2023-01-10,65.50275421142578,65.56985757279085,64.89881664542223,65.02344239775584,372600
2023-01-11,66.14503479003906,66.14503479003906,65.58903129303329,65.80951796036949,798400
2023-01-12,66.48054504394531,66.67227415173376,65.85743824263874,66.39427243072873,560000
2023-01-13,66.6722640991211,66.70102163252399,65.83825906185443,65.90536241103337,541500
2023-01-17,66.288818359375,66.71060773795652,66.2312959744234,66.62433513110477,1179700
2023-01-18,65.15764617919922,66.50930162959996,65.13846961183607,66.46137483862715,2333900
2023-01-19,64.69750213623047,65.0426072035662,64.44826527604594,64.79336302966432,1198100
2023-01-20,65.64654541015625,65.656126379997,64.60164191383669,64.88923191084288,1160100
2023-01-23,66.24088287353516,66.56681866906065,65.5890185962011,65.5890185962011,1053000
2023-01-24,66.17379760742188,66.33676189286807,65.52193315191818,65.87662657940601,597800
2023-01-25,66.33675384521484,66.33675384521484,65.44523355560322,65.75199283193635,475100
2023-01-26,66.83524322509766,66.85441248039928,66.21213637888175,66.70103649683185,437200
2023-01-27,66.81605529785156,67.14199109231772,66.54764188694821,66.57639942187116,683200
2023-01-30,66.15461730957031,66.83523919436192,66.09709491969822,66.44220000405984,731900
2023-01-31,67.06529998779297,67.07488827074886,66.08750722408533,66.21212564764389,683100
2023-02-01,67.43916320800781,67.89930571590772,66.34633297967723,66.88315981079623,986100
2023-02-02,67.9280776977539,68.15814534377436,67.48711166216529,67.88014358604529,349700
2023-02-03,67.34330749511719,67.82261929223546,67.17075495560591,67.45834495936391,1753000
2023-02-06,66.95986938476562,67.0749068709858,66.68186761168946,66.95028109915086,277100
2023-02-07,67.59255981445312,67.7651123747368,66.58600199384529,66.79690038016072,272400
2023-02-08,66.95027160644531,67.44875999566769,66.88316824409438,67.25703819287014,230200
2023-02-09,66.26007080078125,67.43917382093306,66.08751824737877,67.28579783664097,269700
2023-02-10,66.71061706542969,66.75855117397198,66.1162750763267,66.2025476952411,314600
2023-02-13,67.2857894897461,67.2857894897461,66.69144025426333,66.82564696651471,182900
2023-02-14,67.11322784423828,67.56378202292177,66.59557031854126,67.0557054655722,281400
2023-02-15,67.25703430175781,67.25703430175781,66.66268504552235,66.66268504552235,148700
2023-02-16,66.58599853515625,67.17075955275887,66.49013763191542,66.61475607475668,251900
2023-02-17,66.52848052978516,66.60517217449188,65.98206536025586,66.2696480573294,424500
2023-02-21,65.31102752685547,66.0875176672091,65.2247549077707,66.03958355857213,292000
2023-02-22,65.17681884765625,65.58902730295043,64.9659204779172,65.39730550157924,665500
2023-02-23,65.3302001953125,65.59861363473057,64.6879241347453,65.55067952895548,277600
2023-02-24,64.92758178710938,65.04261194212334,64.37157832548218,64.69750684964563,468900
2023-02-27,64.89881134033203,65.56026392951647,64.7741929119031,65.36854214520774,235500
2023-02-28,64.63997650146484,65.0905306720775,64.63997650146484,64.96590494863032,208000
2023-03-01,64.58248138427734,64.80296073987613,64.39075225580186,64.54413555858225,223900
2023-03-02,65.03301239013672,65.12888058766178,64.21818390719,64.31404479099844,652200
2023-03-03,65.9053726196289,65.972475979202,65.10013230475174,65.29185409961268,357900
2023-03-06,65.78076171875,66.1737936373474,65.67531252538322,65.94372599441921,277200
2023-03-07,64.65916442871094,65.73282558554428,64.54413426764476,65.73282558554428,280100
2023-03-08,64.6208267211914,64.85089435990338,64.30447914688847,64.6783418024398,207100
2023-03-09,63.26915740966797,64.87964534537186,63.106193153450455,64.76460788077958,233600
2023-03-10,62.272186279296875,63.46087745920553,61.955838745651995,63.125360672180996,300100
2023-03-13,61.649078369140625,62.50225274643605,61.1410090561127,61.399841511171985,287200
2023-03-14,62.46390914916992,62.971978420786954,61.85038339647605,62.78983762012549,540000
2023-03-15,61.70659637451172,61.70659637451172,60.84383377509885,61.265626792112705,445600
2023-03-16,62.40638732910156,62.50224821473278,60.97804038616117,61.17935044010175,299100
2023-03-17,61.27521896362305,62.21467331283118,61.07390888458937,62.0804665934754,272800
2023-03-20,62.07088088989258,62.224264183371155,61.43818577487043,61.43818577487043,369200
2023-03-21,62.88570785522461,63.00074532228125,62.55019105178999,62.8473620328724,255900
2023-03-22,61.61073303222656,63.096602476896734,61.61073303222656,63.0199108367435,295400
2023-03-23,61.38047790527344,62.44989195201024,60.98546947744601,61.84293020268526,506000
2023-03-24,61.900733947753906,61.91037036135253,60.78314885928555,60.96620029029491,809900
2023-03-27,62.41135787963867,62.67148961157962,62.12233160578589,62.478798078580695,625800
2023-03-28,62.45952224731445,62.65220639794399,62.218663383812945,62.31500545912771,362600
2023-03-29,63.2880859375,63.336253306497,62.91234664734456,62.91234664734456,321700
2023-03-30,63.55784606933594,63.80834137699782,63.326623589418105,63.80834137699782,198400
2023-03-31,64.36712646484375,64.41530118230726,63.73126282681871,63.73126282681871,623200
2023-04-03,64.73323822021484,64.89702050280866,64.43456819559253,64.58872141480792,351600
2023-04-04,64.19371795654297,64.78141432076904,63.895055242091736,64.74287601077033,278800
2023-04-05,64.39604187011719,64.39604187011719,64.07811365959518,64.11665197156815,262000
2023-04-06,64.45384979248047,64.55982830750244,64.18408897258126,64.31896938253087,999900
2023-04-10,64.69469451904297,64.69469451904297,64.14553658464756,64.29005337799991,896900
2023-04-11,64.96446990966797,65.19569242084513,64.81031666859579,64.90666611948144,399900
2023-04-12,64.80067443847656,65.34019597175389,64.70433235759555,65.3305595585369,284200
2023-04-13,65.29202270507812,65.39800120152802,64.63688624994684,64.88738154614022,270000
2023-04-14,65.20530700683594,65.64848640090591,64.9066443902826,65.36908925782141,251900
2023-04-17,65.57141876220703,65.57141876220703,65.10897383150545,65.14751213413552,355800
2023-04-18,65.59069061279297,65.69666910584138,65.33055891151797,65.66776721690627,271000
2023-04-19,65.55216217041016,65.65814067939874,65.27276495129757,65.29203043000885,1126300
2023-04-20,65.12824249267578,65.30166118777726,64.91628549305953,65.08007512485482,227600
2023-04-21,65.1764144897461,65.21495279265186,64.87774447983388,65.18605090307996,196100
2023-04-24,65.31129455566406,65.3594619212387,65.1089739792194,65.16677775808083,222400
2023-04-25,64.37676239013672,65.01263337376868,64.35749691355537,64.96445865667056,420900
2023-04-26,63.59638595581055,64.28042434913174,63.5096729296663,64.28042434913174,249900
2023-04-27,64.76214599609375,64.83922261270533,63.97212905190181,64.02029642446101,414100
2023-04-28,65.39801025390625,65.39801025390625,64.71397181422778,64.72360822899249,280800
2023-05-01,65.34019470214844,65.68703206692446,65.28239092482893,65.30165640045894,171300
2023-05-02,64.31895446777344,65.2053133420299,63.81796390376458,65.2053133420299,205700
2023-05-03,63.83724594116211,64.69470305092284,63.789071220214936,64.36713111942896,254700
2023-05-04,63.21099853515625,63.71198171969185,62.95086685534765,63.663814358918025,218500
2023-05-05,64.25152587890625,64.41530817537495,63.817975425957094,63.85651373402573,187900
2023-05-08,64.24188995361328,64.5020143470196,64.107009549561,64.37677035766555,441200
2023-05-09,64.02029418945312,64.22262213860277,63.86614831204206,63.9239520972674,405400
2023-05-10,63.9046745300293,64.52127262389145,63.41332039727291,64.39602131235661,265500
2023-05-11,63.62528610229492,63.66382440725401,63.33625249031682,63.59638421118313,351900
2023-05-12,63.59638595581055,63.86614674749436,63.22064666018948,63.77943372135012,216600
2023-05-15,63.91431427001953,64.00102729637112,63.47113477541781,63.692728197933825,185700
2023-05-16,63.0279541015625,63.68309059228794,63.0279541015625,63.61565039546753,184700
2023-05-17,63.856510162353516,63.972125080092766,63.16283535677858,63.345890472258155,1372200
2023-05-18,64.21297454833984,64.25151284859285,63.60600550739149,63.81796248356843,469500
2023-05-19,64.10700988769531,64.53092393148455,63.9239547596171,64.34786880340633,245400
2023-05-22,64.19371795654297,64.41531140142783,63.93359355209045,64.13591416676041,309400
2023-05-23,63.71199035644531,64.35749776209373,63.692724879609955,63.99138754835255,505600
2023-05-24,63.114662170410156,63.471128604000384,63.02794915248983,63.471128604000384,245700
2023-05-25,62.80636978149414,63.06649416206051,62.4595323737854,63.06649416206051,300000
2023-05-26,63.2880859375,63.41332991740842,62.931612124857324,62.931612124857324,470800
2023-05-30,63.17247772216797,63.44223853854269,62.97015710988693,63.28809265079898,325400
2023-05-31,62.8834342956543,63.018322033293764,62.546233327630176,62.844903342534245,1789900
2023-06-01,63.31698226928711,63.49040095339527,62.6522094218009,62.90270471005259,445100
2023-06-02,64.5309066772461,64.65615063377308,63.69271522853185,63.69271522853185,310200
2023-06-05,64.29969024658203,64.64652765256211,64.23225004822092,64.63689123838758,312800
2023-06-06,64.69469451904297,64.76213470921681,64.18407488623681,64.18407488623681,215100
2023-06-07,65.23421478271484,65.28238949637996,64.71395874693458,64.71395874693458,458700
2023-06-08,65.30166625976562,65.35947004581242,64.92592694960038,65.2053241662108,182900
2023-06-09,65.23421478271484,65.49434647581963,65.10897081778654,65.24385119553374,447800
2023-06-12,65.455810546875,65.48471243594966,65.13787506619458,65.1956788443439,511500
2023-06-13,66.01460266113281,66.09167927158201,65.5425212853842,65.6195978958334,1533700
2023-06-14,65.80265045166016,66.27473180906878,65.45581306854325,66.13985142123774,556300
2023-06-15,66.60230255126953,66.72755388762471,65.68704164162902,65.68704164162902,302400
2023-06-16,66.51559448242188,66.94913756079215,66.45779069875391,66.71791507569003,1401700
2023-06-20,65.94715881347656,66.1494867423115,65.71593634536057,66.1494867423115,275800
2023-06-21,65.84117889404297,66.06277229441748,65.51361435049668,65.83154983130072,246100
2023-06-22,65.6099624633789,65.83155588412764,65.36910356494475,65.74484285846762,191500
2023-06-23,65.13351440429688,65.4046607609024,65.0173056565299,65.27877349195958,191200
2023-06-26,65.46276092529297,65.63707035147903,65.06572730287054,65.06572730287054,493300
2023-06-27,66.0147476196289,66.07285569425578,65.39498233696524,65.56929178447595,267900
2023-06-28,65.93727111816406,65.96632884780983,65.60802406402372,65.96632884780983,291700
2023-06-29,66.47958374023438,66.47958374023438,65.84044655525527,65.95665533112034,255000
2023-06-30,67.02186584472656,67.15743903408477,66.76040537615992,66.77008389812501,915800
2023-07-03,67.30269622802734,67.32206065959394,66.84755451027505,66.89597667146829,217100
2023-07-05,66.9347152709961,67.12838914619455,66.78945617050486,67.03155220859533,248800
2023-07-06,66.23747253417969,66.45051821383944,65.79201674406573,66.45051821383944,214100
2023-07-07,66.32463073730469,66.87660942702212,66.05348434771507,66.15032128854207,225700
2023-07-10,66.74102783203125,66.86692248862744,66.26652170997198,66.26652170997198,235100
2023-07-11,67.46731567382812,67.51573783209227,66.84755046660418,66.84755046660418,197700
2023-07-12,67.73847198486328,68.06772645544932,67.66100686371227,67.88373109282226,271200
2023-07-13,67.99994659423828,68.10646945808344,67.77721495487498,67.95152442405926,638600
2023-07-14,67.57384490966797,68.12582358049646,67.46732206194802,68.00962221075451,443900
2023-07-17,67.61257934570312,67.78688878381747,67.25427455952794,67.33174706273088,382000
2023-07-18,68.0677261352539,68.26140001949807,67.6319488134269,67.6319488134269,297000
2023-07-19,68.37760162353516,68.61001173793086,68.21297810034588,68.21297810034588,336300
2023-07-20,68.7843246459961,68.87148306091323,68.41634133059574,68.44539167283989,347700
2023-07-21,68.99737548828125,69.1426345985252,68.73591500039032,68.90053854418036,183000
2023-07-24,69.27820587158203,69.44282941079462,69.08452460058042,69.08452460058042,277800
2023-07-25,69.23946380615234,69.42345915111498,69.04578993959072,69.04578993959072,140500
2023-07-26,69.47187805175781,69.6171371544027,69.11358063850994,69.11358063850994,270300
2023-07-27,68.88116455078125,69.74302588602154,68.76496317679785,69.74302588602154,998600
2023-07-28,69.14262390136719,69.3653480995227,68.92957822439469,69.30724741968807,194000
2023-07-31,69.3944091796875,69.52998236463986,69.14262724126834,69.32661519902685,355600
2023-08-01,69.14262390136719,69.34598366897254,68.94894265494487,69.20072458120183,179700
2023-08-02,68.53253936767578,68.88115823402588,68.44538834518042,68.79400721153051,232900
2023-08-03,68.34854888916016,68.58095899541675,68.05803071520137,68.40664956867829,245300
2023-08-04,68.07740783691406,68.8617966242473,67.99024942266334,68.42602671754764,313900
2023-08-07,68.68749237060547,68.75527896983705,68.31950903023188,68.31950903023188,562500
2023-08-08,68.37760162353516,68.45507412439517,67.73846457371657,68.18392775956946,228800
2023-08-09,68.22265625,68.63906170462273,68.09676897792683,68.37760125087557,182800
2023-08-10,68.1064453125,68.91988428818317,67.99992248642008,68.53252922863646,293400
2023-08-11,68.29043579101562,68.39695862107484,67.88371628798055,68.00961093524154,269300
2023-08-14,68.29043579101562,68.29043579101562,67.9708746890215,68.24202102437823,276700
2023-08-15,67.33175659179688,67.87404941459586,67.2542840776297,67.87404941459586,206900
2023-08-16,66.88629913330078,67.56416514574313,66.86693469931046,67.20586770553165,386200
2023-08-17,66.55704498291016,67.25427535543419,66.51830873085026,67.04123705138177,349900
2023-08-18,66.71198272705078,66.78945523131466,66.24716247783685,66.28589134178414,899500
2023-08-21,66.58609771728516,66.84755819285262,66.20842848136276,66.7604071637251,477500
2023-08-22,66.285888671875,66.77976663143362,66.23747389979866,66.68292969909656,661800
2023-08-23,66.77008056640625,66.77976647607272,66.26652408651448,66.37304692829272,300000
2023-08-24,66.18904876708984,67.16711873259445,66.17936285783581,66.6926126137232,303300
2023-08-25,66.56672668457031,66.81850864089446,66.00506947333412,66.36336689268022,425500
2023-08-28,66.9347152709961,67.17681130908655,66.76040582804357,66.84755685542746,460300
2023-08-29,67.60289001464844,67.61257592410477,66.97344627548566,67.03154695585535,226500
2023-08-30,67.75784301757812,67.93215246746288,67.58353356769337,67.60289800070943,226300
2023-08-31,67.50606536865234,67.87404872492893,67.49637945743348,67.86437020189557,278000
2023-09-01,67.83531188964844,68.09677235636727,67.68036688108569,67.90309848384848,269800
2023-09-05,67.09933471679688,67.86435903714822,67.07996289754608,67.79657244613907,386900
2023-09-06,66.88629913330078,67.08965893703349,66.56673056106992,67.0606085919553,215800
2023-09-07,66.7894515991211,67.00249728016841,66.63450659901969,66.81850193959404,683300
2023-09-08,66.92503356933594,67.06060676813729,66.74103820459759,66.79914628135904,483900
2023-09-11,67.06060791015625,67.29301805660424,66.95408505382898,67.09934416592847,380000
2023-09-12,67.17681121826172,67.47700794086889,66.93471518049859,66.93471518049859,299100
2023-09-13,67.01217651367188,67.36079537942057,66.83786708079754,67.18648594654621,220400
2023-09-14,67.73847198486328,67.80625858348613,67.44796115713046,67.44796115713046,269400
2023-09-15,67.22522735595703,67.69005500868835,67.1768125803336,67.48669521942618,344800
2023-09-18,67.20585632324219,67.40921609253296,66.98312473505658,67.23490666340027,475900
2023-09-19,67.04122924804688,67.28332525410367,66.73134665582154,67.19616685006766,419400
2023-09-20,66.76040649414062,67.48669461565848,66.73135615138949,67.21554823240139,231000
2023-09-21,65.7651138305664,66.58316443807762,65.74563979634067,66.44682390849269,380800
2023-09-22,65.4826889038086,65.9209326679202,65.47295560216259,65.90145120462569,307700
2023-09-25,65.69694519042969,65.69694519042969,65.2587088244981,65.33661239332915,398600
2023-09-26,64.83995056152344,65.47296446425429,64.77178029076795,65.32688318977759,699800
2023-09-27,64.89837646484375,65.1321020329159,64.42118459627923,65.08341323081854,890400
2023-09-28,65.20026397705078,65.43399694528881,64.83993865351874,64.83993865351874,415300
2023-09-29,64.91786193847656,65.6677349210982,64.72308442805371,65.6677349210982,329700
2023-10-02,64.15824127197266,64.82046995235135,63.81738991369003,64.82046995235135,1605000
2023-10-03,63.52521896362305,64.08032173166633,63.29148600760445,63.84658877564774,1035600
2023-10-04,63.583656311035156,63.642085842228795,62.95064247976557,63.50574531610936,1030100
2023-10-05,63.43757629394531,63.651827819181484,63.096724971979384,63.46679106011359,378300
2023-10-06,63.92451095581055,64.25562898649058,62.775349725806564,63.16489729072351,520100
2023-10-09,64.4406509399414,64.50882119874288,63.77842238444099,63.85633337450009,581100
2023-10-10,64.90811920166016,65.22949651143482,64.54778639100354,64.67439362637045,468500
2023-10-11,64.8691635131836,65.0542002843373,64.4698752027997,65.02497808625878,414600
2023-10-12,64.18745422363281,65.044452862417,63.86607694783826,65.044452862417,431900
2023-10-13,64.21666717529297,64.68411826324717,63.963460168483806,64.42117795502307,532400
2023-10-16,64.87889099121094,65.06392029456137,64.46986203169824,64.51855825521183,549400
2023-10-17,65.17105865478516,65.49243596016936,64.61595577730425,64.61595577730425,295200
2023-10-18,64.30430603027344,64.97627527113514,64.20692101435156,64.97627527113514,323200
2023-10-19,63.6810417175293,64.61595137218164,63.59339742021883,64.31405555255473,607900
2023-10-20,62.970123291015625,63.77842570749067,62.970123291015625,63.55444088690167,479700
2023-10-23,62.53187942504883,63.13567848353288,62.48319062630095,62.7363902117931,509600
2023-10-24,62.91168212890625,63.17462985899504,62.668215861046704,62.755867581076586,764800
2023-10-25,62.356590270996094,62.76561188953092,62.28842000124029,62.76561188953092,631500
2023-10-26,62.29814910888672,62.71691138210108,62.191023357831824,62.2786713618767,1024400
2023-10-27,61.41193389892578,62.33710647721686,61.275589665756165,62.33710647721686,673400
2023-10-30,62.03520965576172,62.142335414689356,61.48010682768275,61.674880597096575,3848700
2023-10-31,62.60005569458008,62.63901119531746,62.00599731083856,62.10338606268202,639400
2023-11-01,62.88246536254883,63.01880587380721,62.453962367165,62.638999102444494,1048700
2023-11-02,64.14850616455078,64.1971949686489,63.27202596076115,63.27202596076115,670100
2023-11-03,64.90811920166016,65.19054101055285,64.62569739276746,64.62569739276746,528400
2023-11-06,64.55751037597656,65.02496140528812,64.39195511267873,65.02496140528812,964600
2023-11-07,64.28484344482422,64.4698727790196,64.16797694690995,64.37248774575859,515300
2023-11-08,64.09980010986328,64.39196260969898,63.846593105339075,64.37248114704272,662500
2023-11-09,63.59339904785156,64.28484243211436,63.55444354916049,64.28484243211436,605500
2023-11-10,64.24588775634766,64.30431729013186,63.544703630930215,63.93425119282899,3177700
2023-11-13,64.22639465332031,64.37247589131127,63.973195099469756,64.17770586065693,636400
2023-11-14,65.64825439453125,65.86249848981099,64.97628505251285,64.97628505251285,525600
2023-11-15,65.97936248779297,66.27152499848482,65.74563693724026,65.74563693724026,460000
2023-11-16,65.78459167480469,65.96962099477297,65.51190320063868,65.79432497638115,654900
2023-11-17,66.10597229003906,66.12545375636924,65.87224670409381,66.02806871472559,688400
2023-11-20,66.36891174316406,66.51499300229091,65.88197916607555,66.09623068879473,557800
2023-11-21,66.27152252197266,66.35916681390424,66.10595980943353,66.24230032799444,715900
2023-11-22,66.54421997070312,66.62213098052462,66.30075363751308,66.36892391360618,371300
2023-11-24,66.7681884765625,66.86558092997721,66.54420366571112,66.62211465644249,447700
2023-11-27,66.5928955078125,66.69028796568111,66.42734021743803,66.52472524530529,1057800
2023-11-28,66.54421997070312,66.86559731371466,66.41761272224248,66.49552373206399,1781900
2023-11-29,66.75845336914062,67.15773418333491,66.67080164943891,66.89479388423143,456500
2023-11-30,67.32329559326172,67.37199182308674,66.75845944929942,66.98244427449097,845800
2023-12-01,68.1023941040039,68.13160887136269,67.1966991658725,67.31356566530948,854100
2023-12-04,68.11212158203125,68.26793612095761,67.68361859748302,67.77126288250402,1275500
2023-12-05,67.56676483154297,67.95631239714174,67.48886126242468,67.95631239714174,538900
2023-12-06,67.42068481445312,68.02447642727286,67.36224785546972,67.7420546538567,789900
2023-12-07,67.58624267578125,67.73232393380556,67.43042068588828,67.4985909489661,727500
2023-12-08,67.87840270996094,67.98552847832114,67.56676613745904,67.644677138085,952100
2023-12-11,68.37507629394531,68.43350582962103,68.01474348727375,68.02448421988703,1155800
2023-12-12,68.4334945678711,68.51140555595197,68.06342851948811,68.41402053585126,647500
2023-12-13,69.64109802246094,69.64109802246094,68.24847057944706,68.3166408418323,645400
2023-12-14,70.57599639892578,70.7999811838733,70.11827866881544,70.11827866881544,774200
2023-12-15,70.10855102539062,70.35201731621501,69.91378096473173,70.34228401418315,1124800
2023-12-18,70.2448959350586,70.44940674050632,70.20594043449682,70.44940674050632,1315000
2023-12-19,70.83493041992188,70.84473394360869,70.2762492161346,70.37426949720759,560500
2023-12-20,69.6783676147461,70.86434731608715,69.64896451895879,70.58990097364325,551900
2023-12-21,70.40367126464844,70.42327083375544,69.8155869787721,70.15863552237518,708600
2023-12-22,70.6683120727539,70.93295488261603,70.40367674078976,70.64871250212241,496800
2023-12-26,71.08977508544922,71.25639761128207,70.63891017430836,70.70751988952766,534600
2023-12-27,71.2073974609375,71.27600717858103,70.98196125845254,71.1093846468608,469900
2023-12-28,71.3348159790039,71.38382612678295,71.09958372104153,71.09958372104153,505400
2023-12-29,71.09957122802734,71.34460696806967,70.87413505691357,71.1681809361233,569800
2024-01-02,71.31521606445312,71.53084874900846,70.80553745043169,70.81534097552019,759900
2024-01-03,70.6683120727539,71.0995774056267,70.58989883443193,71.05056726220099,376300
2024-01-04,70.5997085571289,71.06037702534319,70.5605019345257,70.6781218023353,466300
2024-01-05,70.80552673339844,71.1093761419628,70.4526746626058,70.4526746626058,726800
2024-01-08,71.30541229248047,71.31521581753503,70.45268508230009,70.60951157157866,1204500
2024-01-09,70.85454559326172,71.02116812555884,70.75653277884567,71.01136460074773,382300
2024-01-10,70.86434936523438,70.9721657048376,70.59970653969977,70.74672950078583,354200
2024-01-11,70.5997085571289,70.86435139022583,70.16844318639235,70.86435139022583,525600
2024-01-12,70.58989715576172,71.08977219080441,70.41347111268182,70.84473643529887,614000
2024-01-16,70.09004211425781,70.31547086195386,69.87440941444478,70.2762642367243,1195300
2024-01-17,69.59996795654297,69.98222319110172,69.31572554250461,69.5117511835454,505400
2024-01-18,69.81559753417969,69.89400330035926,69.24711273146123,69.67837061809374,437700
2024-01-19,70.44288635253906,70.56049873712048,69.63916932034003,69.97241438051846,492200
2024-01-22,70.70751953125,70.94275177111022,70.5310934818803,70.57030010150669,739700
2024-01-23,70.87415313720703,70.93296681479099,70.60951776072656,70.7565407378376,472400
2024-01-24,70.56049346923828,71.24659806563292,70.55069742318672,71.08977159403491,406100
2024-01-25,71.29561614990234,71.29561614990234,70.76633791062967,71.0505803434557,466200
2024-01-26,71.3348159790039,71.50143851681482,71.17799696632854,71.30541288149594,767500
2024-01-29,71.66806030273438,71.69746339686593,71.13878217467311,71.27600159921887,402900
2024-01-30,71.9032974243164,71.9719071412559,71.48183559800287,71.59945546042698,325700
2024-01-31,71.10938262939453,71.98170936235536,71.08977558039645,71.91309964665838,436600
2024-02-01,71.82489013671875,71.82489013671875,70.84474696896244,71.29561192878248,305200
2024-02-02,71.69747161865234,72.05032374448923,71.20740005253428,71.54064512810321,311900
2024-02-05,71.06037902832031,71.34462144178146,70.84474633687401,71.31521834347494,324200
2024-02-06,71.51123809814453,71.57004428991733,71.10938332453331,71.1387864204197,319500
2024-02-07,71.69747161865234,71.79548443629622,71.44263231045933,71.72687471615563,213000
2024-02-08,71.79547119140625,71.80527471473167,71.4426191306638,71.72686148392285,343900
2024-02-09,71.82489013671875,71.85429323528761,71.47203799809456,71.85429323528761,258100
2024-02-12,72.29535675048828,72.47178280662973,71.86409139594289,71.8738949207003,281000
2024-02-13,71.18779754638672,71.7170757689274,70.68792990112534,71.56025674626672,411500
2024-02-14,71.78567504882812,71.82488166826363,71.28580747629611,71.59945295388206,307000
2024-02-15,72.73641204833984,72.8246288079572,72.04051140692678,72.04051140692678,406400
2024-02-16,72.52079010009766,72.89324928565132,72.41297375458463,72.60900687274415,360600
2024-02-20,72.45217895507812,72.64821206938707,72.30515598882108,72.3149595140112,343900
2024-02-21,72.75602722167969,72.76582326881075,72.27575170790946,72.44238172181882,253000
2024-02-22,73.32450103759766,73.49113104352706,72.86383259594818,73.0402586485395,286200
2024-02-23,73.5205307006836,73.68715322092169,73.34410465634389,73.38331127485247,172500
2024-02-26,73.2068862915039,73.69695781311708,73.1578761481834,73.56953443164296,181000
2024-02-27,73.4127197265625,73.46172239485081,73.21668661971403,73.40291620174547,389100
2024-02-28,73.49113464355469,73.68716027697054,73.20689224057267,73.35390772668528,256600
2024-02-29,73.69696807861328,73.94200387355173,73.44212875806558,73.80478442661811,255800
2024-03-01,74.06941223144531,74.09881532737165,73.56953716700278,73.86358308206268,296800
2024-03-04,74.30463409423828,74.49086364628108,74.01059569816233,74.1576186351489,509100
2024-03-05,74.04981231689453,74.53008032989455,73.79497302355038,74.20663132040754,321700
2024-03-06,74.5104751586914,74.76531445845839,74.28504643335394,74.46147249043902,281800
2024-03-07,74.89273834228516,75.04955735078703,74.75551142773564,74.8339246709358,163200
2024-03-08,74.90254211425781,75.26519779303685,74.8143328149841,74.99075889143076,297300
2024-03-11,75.10836029052734,75.10836029052734,74.57908213870236,74.82411790466404,254900
2024-03-12,75.27498626708984,75.37299907265083,74.88292756694815,75.26518274316443,301800
2024-03-13,75.43181610107422,75.66704836380649,75.2161834111118,75.30440018332315,247300
2024-03-14,74.84371948242188,75.47101039919637,74.4026581270921,75.47101039919637,387500
2024-03-15,74.83392333984375,75.00054587025649,74.40266546571065,74.40266546571065,296100
2024-03-18,74.98094177246094,75.16717134103227,74.7065029206071,75.09856162806881,237900
2024-03-19,75.33380126953125,75.35340084177767,74.88293632887755,74.88293632887755,229600
2024-03-20,75.96109008789062,75.9806896595735,75.12796995024827,75.16717657151241,210400
2024-03-21,76.43852233886719,76.68462189082081,76.2514842760665,76.29086110562255,299600
2024-03-22,76.01522827148438,76.58618101544367,76.01522827148438,76.39914295888686,1879700
2024-03-25,75.98570251464844,76.2711789053632,75.94632568382269,76.10382549676314,351800
2024-03-26,75.93647766113281,76.19242329978889,75.90694691635757,76.19242329978889,263300
2024-03-27,77.13744354248047,77.13744354248047,76.34992197844122,76.34992197844122,380300
2024-03-28,77.41307830810547,77.58042420926185,77.20635557543652,77.29494781356779,211700
2024-04-01,76.97010040283203,77.48198418050488,76.97010040283203,77.43276877496928,414200
2024-04-02,76.586181640625,76.69446604158267,76.34992066924711,76.59602021499417,308700
2024-04-03,76.59603118896484,76.78306927384556,76.37946235602152,76.51728503091897,265700
2024-04-04,75.85772705078125,77.17682461654474,75.70022723552805,77.12760169969913,223100
2024-04-05,76.38929748535156,76.5763355434047,75.78881399299775,75.78881399299775,294000
2024-04-08,76.48773956298828,76.66493154502548,76.37945515672318,76.53696247869513,220700
2024-04-09,76.61572265625,76.79291465335831,76.00539299724069,76.6550994900922,233100
2024-04-10,75.52303314208984,75.95617076508505,75.18833383967652,75.73960195358745,730000
2024-04-11,75.41474914550781,75.76913310981526,74.93239611478586,75.76913310981526,368900
2024-04-12,74.2826919555664,75.14895972246919,74.04643847556797,75.05052139833339,385200
2024-04-15,73.76095581054688,75.1489533367519,73.53454092494752,74.85363838943866,343700
2024-04-16,73.35735321044922,73.78064475216074,73.14079190732735,73.71173717608502,252400
2024-04-17,73.1998519897461,73.72158184290423,72.95375243558756,73.64282818308652,335400
2024-04-18,73.25891876220703,73.76096399179494,73.08172677002088,73.48533367291935,229000
2024-04-19,73.73143005371094,73.88892986752482,73.3081385079399,73.3081385079399,336900
2024-04-22,74.3614501953125,74.73551885419423,73.76096661765816,73.97753545030244,352800
2024-04-23,75.03083038330078,75.14895335811482,74.46972372184783,74.60753886603892,424400
2024-04-24,75.02098846435547,75.09974212551256,74.62722766893249,74.93239622832562,271600
2024-04-25,74.8536376953125,74.99145283818645,74.17440055517514,74.63706889640714,180400
2024-04-26,74.79458618164062,75.02099358496775,74.58785592940211,74.69614034329352,203400
2024-04-29,75.14895629882812,75.24740212884164,74.84379525480091,74.87332599966001,251500
2024-04-30,74.11534881591797,74.91270903460853,74.10550273002859,74.89302437319277,434500
2024-05-01,73.93814849853516,74.87332377295269,73.81017943783068,74.0169021560589,329700
2024-05-02,74.42050170898438,74.56816293965018,73.7708028085619,74.4500324530451,339500
2024-05-03,74.8044204711914,75.01114320122252,74.46972867314936,74.99145854089876,213600
2024-05-06,75.41474914550781,75.41474914550781,75.14895741709597,75.16864958753666,229300
2024-05-07,75.56240844726562,75.7494389994875,75.48365478824468,75.48365478824468,263500
2024-05-08,75.64115905761719,75.72975880683238,75.20802892817842,75.3163133381288,309000
2024-05-09,76.32039642333984,76.32039642333984,75.57225163767033,75.72975896533245,284600
2024-05-10,76.43852233886719,76.59602214672911,76.31054576521943,76.5172759979793,222500
2024-05-13,76.37945556640625,76.89134685519828,76.34992482096874,76.71415487221066,239400
2024-05-14,76.70429992675781,76.76336892117226,76.36960816997649,76.62554627444634,260100
2024-05-15,77.25557708740234,77.30479249312597,76.88150095001751,77.13744659501305,300700
2024-05-16,77.18667602539062,77.45246026774466,77.17682993926991,77.40323734750423,301300
2024-05-17,77.42292022705078,77.42292022705078,77.11775167684178,77.25557433490015,241000
2024-05-20,77.15713500976562,77.5410497407593,77.09807351587827,77.42292675298457,272600
2024-05-21,77.21620178222656,77.27526327440687,77.02916370983868,77.02916370983868,188700
2024-05-22,77.00947570800781,77.29494458140204,76.76337615411721,77.04884502751143,203000
2024-05-23,75.88725280761719,77.07838122578032,75.81834523478116,77.07838122578032,213200
2024-05-24,76.310546875,76.44836953563168,76.12351631984163,76.12351631984163,230100
2024-05-28,75.81835174560547,76.34992771471565,75.56241360187164,76.34992771471565,252900
2024-05-29,74.9717788696289,75.19818627505025,74.92255595000006,75.19818627505025,224500
2024-05-30,75.33599090576172,75.42459064663498,74.9126993913633,74.98160696299273,209800
2024-05-31,76.51728057861328,76.53696523938856,75.3852210697845,75.45412864804211,236900
2024-06-03,76.08414459228516,76.6649359773189,75.4935071214683,76.6649359773189,300900
2024-06-04,75.788818359375,75.96601034290693,75.43443439231118,75.83804127549708,240300
2024-06-05,76.13335418701172,76.13335418701172,75.56240893135787,76.06444661251751,248500
2024-06-06,76.02507019042969,76.27116972068305,75.78880923392607,76.08413167437477,286800
2024-06-07,75.85772705078125,76.30071077130386,75.6903811500864,75.70022723552805,263800
2024-06-10,76.02507019042969,76.06443950615198,75.50333287758876,75.69037092389705,517800
2024-06-11,75.53287506103516,75.69037486320634,75.12926820544031,75.69037486320634,364200
2024-06-12,75.70022583007812,76.3105479296017,75.51318776197252,76.2908632694465,469800
2024-06-13,75.39505767822266,75.63131866353937,74.9717736445126,75.63131866353937,271100
2024-06-14,75.01113891601562,75.11942331751675,74.5386319916127,75.01113891601562,213100
2024-06-17,75.38522338867188,75.45413096904912,74.63707858003113,74.81427057391018,469200
2024-06-18,75.67070007324219,75.77898448714065,75.27693925091715,75.27693925091715,472200
2024-06-20,75.90695190429688,76.03492097685273,75.50334500488071,75.66085233451517,339600
2024-06-21,75.90695190429688,75.96601339772837,75.54272183728933,75.96601339772837,2485200
2024-06-24,76.50743865966797,76.80275364955665,76.05461633354814,76.11367782945324,293800
2024-06-25,75.94632720947266,76.49758783138205,75.7199123052669,76.49758783138205,240900
2024-06-26,75.66085052490234,75.72975810237863,75.41475096100672,75.68053518545443,334000
2024-06-27,75.67964172363281,75.69943406531233,75.33335122990736,75.66975310135967,241000
2024-06-28,75.75880432128906,76.14467199222487,75.41251378949633,75.78848528850452,413800
2024-07-01,75.26409149169922,76.15455813371535,75.13547146785051,75.96656863468793,384700
2024-07-02,75.551025390625,75.551025390625,75.15526157191873,75.25420063945356,271400
2024-07-03,75.54113006591797,75.82805864898155,75.45208716870879,75.67964627173252,234200
2024-07-05,75.45208740234375,75.5906036085872,75.02664261214824,75.56092264275891,279100
2024-07-08,75.54113006591797,75.88742058045433,75.35314810006513,75.54113006591797,310500
2024-07-09,75.50154876708984,75.88741639752801,75.2739896766092,75.53122973119021,385700
2024-07-10,76.21392822265625,76.24360918914114,75.55102814260285,75.64007104205751,314700
2024-07-11,77.04502868652344,77.11428678727542,76.38212109524952,76.38212109524952,278700
2024-07-12,77.55951690673828,77.91570358415117,77.24290736554535,77.2626921593719,297300
2024-07-15,77.82666778564453,78.17295832343694,77.63867825859968,77.81677161354544,324000
2024-07-16,79.17224884033203,79.1920411835411,78.00474969371541,78.05422300317085,253900
2024-07-17,79.34044647216797,79.67684079098414,78.91500171400446,78.91500171400446,359900
2024-07-18,78.5885009765625,79.83515436612778,78.45988094335166,79.18214293159507,344300
2024-07-19,78.06411743164062,78.65775938901412,77.93548984935556,78.61818225204695,272700
2024-07-22,78.42030334472656,78.48956144659638,77.7672919140394,78.19273669654459,227100
2024-07-23,78.1828384399414,78.4895593530985,78.12347651094116,78.42030125307595,196300
2024-07-24,77.72771453857422,78.33125265954219,77.58919833526028,78.12347835457129,230300
2024-07-25,77.89591979980469,78.78637895630982,77.59909504859165,77.62877601399956,236100
2024-07-26,79.02384185791016,79.2612971299844,78.36093425266212,78.40051138943566,226300
2024-07-29,78.98426818847656,79.19204250423351,78.60828914690629,79.19204250423351,285300
2024-07-30,79.41960144042969,79.59769478905388,79.04362994825298,79.11288805335309,227600
2024-07-31,79.56800842285156,80.24080463326806,79.41959605097486,79.8549369955287,450500
2024-08-01,78.86553192138672,80.00335005073748,78.44998331543606,79.62737858086311,296200
2024-08-02,77.47047424316406,78.33125242567831,76.71852374987132,78.22241718788989,372700
2024-08-05,75.59060668945312,76.26340295372857,75.23441998786215,76.10509439810264,647100
2024-08-06,76.21392822265625,77.11429113172329,75.67964818022647,75.84785290458628,326100
2024-08-07,75.91710662841797,77.35174194856143,75.83795235664772,76.8966162087327,260300
2024-08-08,77.13407897949219,77.20333708688726,76.18425027154518,76.24361220686451,262200
2024-08-09,77.2231216430664,77.39131880855348,76.67894546229438,77.06481310009025,193100
2024-08-12,76.93619537353516,77.38142495399224,76.738309688891,77.38142495399224,229800
2024-08-13,77.64856719970703,77.6782481646727,76.88672053894281,77.13407197841254,248100
2024-08-14,77.92559814453125,78.13337244396601,77.6485657452849,77.6584543677103,177100
2024-08-15,78.94468688964844,79.02384116249897,78.47966497236031,78.76659355001824,309900
2024-08-16,79.162353515625,79.2118192723256,78.72701258468697,78.72701258468697,234700
2024-08-19,79.75599670410156,79.75599670410156,79.18213956757116,79.18213956757116,264700
2024-08-20,79.42949676513672,79.71642535422517,79.31077289969821,79.71642535422517,373300
2024-08-21,79.82525634765625,79.86483348355155,79.47896584428086,79.805471553992,203600
2024-08-22,79.75599670410156,80.05282144329085,79.50864527096604,79.9835557953889,862400
2024-08-23,80.6761474609375,80.73550939164707,79.96377409815479,80.09239413088117,944600
2024-08-26,80.8344497680664,81.24010976399639,80.73551069909257,80.85424211100144,360100
2024-08-27,80.80477142333984,80.8542447337151,80.58710093539644,80.69593617936815,210300
2024-08-28,80.73550415039062,81.06200984523082,80.31005939460182,80.66624605286995,233900
2024-08-29,81.07191467285156,81.42810136915374,80.43869555688488,80.90370994785471,297300
2024-08-30,81.72491455078125,81.77438785838022,80.83444785396804,81.14116877366126,322700
2024-09-03,80.75529479980469,81.51713385657061,80.44857390415376,81.36872149397388,256400
2024-09-04,80.64646911621094,81.19063777872115,80.4386948034088,80.67615008253021,272000
2024-09-05,80.08250427246094,80.89381669009664,79.75599856146238,80.89381669009664,284500
2024-09-06,79.30087280273438,80.45847572486291,79.15246042971529,80.05282329041539,357100
2024-09-09,79.96377563476562,80.3892204263493,79.5680118091071,79.61748511802709,289500
2024-09-10,79.9439926147461,80.10229361938282,79.33055829393145,80.10229361938282,615600
2024-09-11,79.80547332763672,79.85493908718009,78.31146849579434,79.64716478053715,319800
2024-09-12,80.15176391601562,80.21112584695172,79.3800286195784,79.97367057464034,418600
2024-09-13,80.81466674804688,80.9235019908778,80.3397486385513,80.46837622475181,192900
2024-09-16,81.41819763183594,81.54681765799495,81.04222617559427,81.05211479782963,296500
2024-09-17,81.43798065185547,81.93268350125042,81.2005253977445,81.59628918697373,278700
2024-09-18,81.35884094238281,82.26909245203684,81.20053239362538,81.5369342854514,204700
2024-09-19,82.1602554321289,82.35813356522213,81.77438778860028,82.28887546378282,241900
2024-09-20,81.96237182617188,81.96237182617188,81.49735744676958,81.93269086031292,269100
2024-09-23,82.24929809570312,82.2987714031205,82.02173899814379,82.09099709938796,336100
2024-09-24,82.31855773925781,82.46697011572365,82.12067960301472,82.27898815086283,245400
2024-09-25,81.78428649902344,82.42739422582677,81.65565891480905,82.30867036171153,275200
2024-09-26,82.28857421875,82.40792906833184,82.1095343556915,82.1095343556915,226300
2024-09-27,82.62676239013672,83.0843070535776,82.53724624647248,82.57702614008794,430100
2024-09-30,82.8853759765625,82.91521469066574,82.11948023404375,82.60687119335066,387500
2024-10-01,82.56708526611328,82.88537753701722,82.19905674497679,82.67649894567586,400400
2024-10-02,82.49745178222656,82.68643282130819,82.21894701837097,82.43776676948202,246200
2024-10-03,82.12942504882812,82.32835485906622,81.86086904613812,82.26867743373197,184700
2024-10-04,82.73617553710938,82.82569168019783,82.18910714483685,82.61681309097185,269800
2024-10-07,82.25872802734375,82.67649276749442,81.92054583482998,82.67649276749442,313300
2024-10-08,82.29851531982422,82.39798022394429,82.00012060746404,82.25872784043905,226500
2024-10-09,82.89531707763672,82.96495086206049,82.18910635267375,82.27863008358561,255500
2024-10-10,82.61681365966797,82.83564101808328,82.40793506900417,82.81575107126658,275600
2024-10-11,83.58163452148438,83.62142200155935,82.84558511181208,82.84558511181208,190200
2024-10-14,84.12870788574219,84.1684953681814,83.41254837920891,83.6512656851579,226200
2024-10-15,83.72088623046875,84.42709692154612,83.69104751782525,83.9993910000558,161600
2024-10-16,84.43704986572266,84.5066760615638,83.90987901311314,83.93971772723273,246700
2024-10-17,84.31768798828125,84.54646411254892,84.26795932730914,84.47683791623898,244600
2024-10-18,84.54646301269531,84.58625049416715,84.07896959125885,84.32763565894325,1660500
2024-10-21,83.78057098388672,84.5166203853185,83.64131101084047,84.42709665898062,385600
2024-10-22,83.5418472290039,83.6711584367094,83.13403883752,83.43243355572352,891000
2024-10-23,83.40259552001953,83.55179667467578,82.91521216424933,83.35286686092475,298600
2024-10-24,83.19371795654297,83.49212026950534,82.94505189196968,83.43243525370123,371000
2024-10-25,82.596923828125,83.59158812144729,82.54718757798436,83.59158812144729,297400
2024-10-28,83.08430480957031,83.20366725325178,82.80580002966632,82.80580002966632,223500
2024-10-29,82.70633697509766,83.04451919008089,82.55713581432246,82.83564060047014,237500
2024-10-30,82.64665222167969,83.02462950867618,82.44772239913459,82.49745864911401,265600
2024-10-31,81.96033477783203,82.62675799640499,81.910598530428,82.4775568428788,1635700
2024-11-01,82.0001220703125,82.72622271315946,81.93049587731778,82.34825303528609,220900
2024-11-04,81.86087036132812,82.24878880960485,81.61220430019249,82.09958765518628,353500
2024-11-05,82.75606536865234,82.76601413632153,81.82108610227775,81.90065347757248,327800
2024-11-06,85.0736312866211,85.18304496018492,84.2779044473312,84.93437890002822,326100
2024-11-07,84.83491516113281,85.22283361322062,84.66582405918398,85.22283361322062,333500
2024-11-08,85.2924575805664,85.50133615787651,84.83491294617009,84.94432661838289,325600
2024-11-11,85.75000762939453,86.10808738130342,85.63064518252946,85.6505427180168,242800
2024-11-12,85.13330841064453,85.72016425664899,84.9045398857761,85.71021548944596,398500
2024-11-13,85.16315460205078,85.48144685396281,85.0338433946364,85.29245822077927,836000
2024-11-14,84.6160888671875,85.3521382997357,84.55641143956325,85.29246087211145,344800
2024-11-15,84.25801086425781,84.65587809690429,84.1187584711345,84.35747577524786,330000
2024-11-18,84.66582489013672,84.8349159937451,84.29779638050134,84.45694630532293,334400
2024-11-19,84.40721130371094,84.57630240981753,83.85020173597805,84.15854523401786,391700
2024-11-20,84.65587615966797,84.72550235463632,84.11875654618943,84.44699757476289,385800
2024-11-21,85.68038177490234,85.82958293690824,84.71555619444207,85.03384846533436,551700
2024-11-22,86.32691192626953,86.37664058599465,85.75995360233792,85.7897923159102,302200
2024-11-25,86.93365478515625,87.29173451326108,86.76456368818613,86.89386730551284,352600
2024-11-26,86.95354461669922,87.09279700092577,86.51589751856683,86.84413094499467,407500
2024-11-27,86.96349334716797,87.49066417133028,86.96349334716797,87.15248197797551,207100
2024-11-29,87.22210693359375,87.50061169798153,87.17237068765921,87.20220939974566,198700
2024-12-02,86.71482849121094,87.2917355699955,86.50594991206879,87.2917355699955,729200
2024-12-03,86.20755004882812,86.90381958772203,86.20755004882812,86.89387082023731,213300
2024-12-04,86.1976089477539,86.3468025167286,85.84947038364999,86.3468025167286,284800
2024-12-05,85.83953094482422,86.27717807049802,85.80968464173817,86.19761069499404,967000
2024-12-06,85.55107116699219,86.03845450699751,85.46154744161979,86.01856456174015,279300
2024-12-09,85.06368255615234,85.75995207810364,84.96421764978386,85.75995207810364,635700
2024-12-10,84.65587615966797,85.04379461573257,84.37737137979452,85.04379461573257,412600
2024-12-11,84.4271011352539,84.87470461330341,84.4271011352539,84.83491713156437,812200
2024-12-12,84.08891296386719,84.4768313974721,84.06901543006477,84.4270951516517,481100
2024-12-13,83.8302993774414,84.059075487418,83.67115704811116,84.04912672037055,457800
2024-12-16,83.4423828125,84.04912860836532,83.3628078517045,83.95961246898484,652800
2024-12-17,82.83563995361328,83.19371970120301,82.67649761506574,83.0743572557777,594500
2024-12-18,80.7070541381836,83.07435224793484,80.62747917936362,82.91520991898064,656600
2024-12-19,80.4384994506836,81.49284111185379,80.39871197062432,81.08502513276063,800300
2024-12-20,81.46300506591797,81.90065218352593,80.1699384820597,80.1699384820597,794900
2024-12-23,81.48999786376953,81.62000274658203,80.80000305175781,81.19000244140625,1014000
2024-12-24,82.23999786376953,82.25,81.4800033569336,81.6500015258789,414700
2024-12-26,82.38999938964844,82.45999908447266,81.87999725341797,82.04000091552734,1378600
2024-12-27,81.87999725341797,82.45999908447266,81.48999786376953,82.05999755859375,759400
2024-12-30,81.08999633789062,81.4800033569336,80.5,81.16999816894531,1246300
2024-12-31,81.25,81.56999969482422,80.91999816894531,81.25,1593800
2025-01-02,81.13999938964844,81.9000015258789,80.75,81.66999816894531,726800
2025-01-03,81.86000061035156,81.97000122070312,81.08999633789062,81.5,487900
2025-01-06,81.77999877929688,82.58000183105469,81.6500015258789,82.1500015258789,688400
2025-01-07,81.62999725341797,82.30000305175781,81.41000366210938,82.0199966430664,358100
2025-01-08,81.72000122070312,81.79000091552734,81.04000091552734,81.52999877929688,466100
2025-01-10,80.66000366210938,81.43000030517578,80.48999786376953,81.41000366210938,787500
2025-01-13,81.30000305175781,81.31999969482422,80.2699966430664,80.41999816894531,754600
2025-01-14,82.01000213623047,82.04000091552734,81.33000183105469,81.55999755859375,772400
2025-01-15,82.94000244140625,83.22000122070312,82.68000030517578,83.11000061035156,358200
2025-01-16,83.47000122070312,83.56999969482422,82.7300033569336,82.86000061035156,632100
2025-01-17,84.05999755859375,84.25,83.76000213623047,83.80000305175781,394300
2025-01-21,85.0999984741211,85.0999984741211,84.43000030517578,84.43000030517578,746300
2025-01-22,84.58999633789062,85.0999984741211,84.55000305175781,85.0999984741211,414200
2025-01-23,85.1500015258789,85.1500015258789,84.51000213623047,84.63999938964844,947300
2025-01-24,85.0999984741211,85.33999633789062,84.93000030517578,85.06999969482422,474600
2025-01-27,85.41000366210938,85.41000366210938,84.58000183105469,84.58000183105469,598424
