Price,Close,High,Low,Open,Volume
Ticker,WSBC,WSBC,WSBC,WSBC,WSBC
Date,,,,,
2020-01-28,27.72896385192871,29.420145738135712,27.48964657915126,29.420145738135712,380100
2020-01-29,26.101604461669922,27.641216402293132,25.878239037341874,26.98708110600686,664700
2020-01-30,26.51642608642578,26.51642608642578,25.870266626130434,25.973971907110222,255400
2020-01-31,26.42070198059082,26.628112583767166,26.340930544344676,26.500476459922197,286600
2020-02-03,27.066858291625977,27.098768079494405,26.61215446529787,26.787655255489373,232200
2020-02-04,27.3699951171875,27.441790618157498,27.066858219415863,27.2742657538376,300100
2020-02-05,28.087940216064453,28.22355525944203,27.57739590870347,27.673122205562624,196800
2020-02-06,27.72896385192871,28.255463069272793,27.72896385192871,28.247487145516708,182000
2020-02-07,27.48965072631836,27.68908232423376,27.385948486423327,27.56144622329129,174000
2020-02-10,27.473691940307617,27.51358068870623,27.058873910252913,27.354034824364536,141900
2020-02-11,27.649198532104492,27.816720355639013,27.56942710463612,27.56942710463612,157100
2020-02-12,27.800764083862305,27.80874305206468,27.513585133356372,27.80874305206468,136400
2020-02-13,27.888511657714844,27.92042144113069,27.57739887712147,27.67312518428456,97100
2020-02-14,27.46571922302246,27.91244708671655,27.449764330417178,27.840651591535085,176400
2020-02-18,27.27426528930664,27.36999465102609,27.146629183432175,27.31415404489881,108900
2020-02-19,27.3939266204834,27.481677017536093,27.17854011219541,27.274266434850652,100100
2020-02-20,27.768856048583984,27.800762790655053,27.258308615347037,27.258308615347037,115700
2020-02-21,27.65717124938965,27.697060001581644,27.369992317965284,27.665150217061864,112100
2020-02-24,26.915285110473633,27.114716673688783,26.8674204397917,26.9471918478441,155400
2020-02-25,25.96599578857422,27.106744875277034,25.862290496214428,26.8355177558564,147400
2020-02-26,25.622968673706055,26.324968690859272,25.622968673706055,26.08565140228653,152400
2020-02-27,25.080516815185547,26.08565219657258,24.84917544385116,25.216130355250677,223500
2020-02-28,24.418407440185547,24.944906782335806,23.764271986092343,24.330657042646344,407100
2020-03-02,25.144330978393555,25.160285868064417,24.011559677976756,24.418400235331593,300700
2020-03-03,24.258861541748047,25.00872484063963,24.043475032245816,25.00872484063963,233900
2020-03-04,24.482229232788086,24.68166087833025,23.812138782042997,24.46627433597446,190600
2020-03-05,23.165973663330078,23.99560826642251,22.83092853938796,23.852017281655566,248500
2020-03-06,22.56768226623535,23.142044769234545,22.104999459113465,22.400158918563207,212800
2020-03-09,19.96709442138672,21.84175043959153,19.592162000511742,20.812684067510197,233400
2020-03-10,20.597299575805664,20.756845496732975,19.44857290113996,20.58932212760503,379100
2020-03-11,19.4326171875,20.70897831513343,19.185320887671352,20.02293458941608,341600
2020-03-12,17.589588165283203,18.99610834266044,17.46833671826368,18.115012130231673,396800
2020-03-13,19.456867218017578,19.610453225885554,17.670425203738237,18.575770894568855,685600
2020-03-16,16.781240463256836,18.65660040180654,16.740822292808016,17.241996813804498,351700
2020-03-17,17.646175384521484,18.2524342752519,16.053735919916182,16.99141621423554,648700
2020-03-18,16.926748275756836,17.96951274235286,16.191154295084804,16.579159606292812,566700
2020-03-19,18.325178146362305,18.777850838939532,16.06989523354854,16.579153361768956,419700
2020-03-20,16.845909118652344,18.842520618232225,16.595322612325102,18.300929432430994,540200
2020-03-23,16.716575622558594,17.630004836563728,15.398972347998681,16.87016161138983,404500
2020-03-24,17.775510787963867,19.028446774802248,16.805497471678404,17.411756372530363,336100
2020-03-25,17.233919143676758,17.937180134900846,16.93483228783141,17.86442894471228,198300
2020-03-26,18.66468620300293,18.761686739751458,17.322833624214304,17.322833624214304,228600
2020-03-27,18.57577133178711,19.060778734188563,17.379420869847273,18.090763929385652,276300
2020-03-30,19.31944465637207,19.5134472659815,18.001843021267952,18.001843021267952,518300
2020-03-31,19.157779693603516,19.351782334683044,18.503019045439682,19.149696057500712,412500
2020-04-01,17.969511032104492,18.963775125619435,17.78359203090334,18.75360675839825,343000
2020-04-02,18.68893814086914,19.004192215416918,17.74317437542999,17.74317437542999,255200
2020-04-03,17.57341957092285,18.794020668149322,17.128830451405335,18.551517792375346,288700
2020-04-06,18.600017547607422,18.721268982159582,18.058426367598496,18.43026430579788,482200
2020-04-07,18.850603103637695,19.796366712474192,18.48684881826708,19.254775559690973,512300
2020-04-08,19.505367279052734,19.755955379067398,18.891026337960973,19.335615542071164,294100
2020-04-09,21.073551177978516,21.12205144000342,19.820617206732326,20.11162032067729,287200
2020-04-13,19.780200958251953,20.887634250995088,19.50536354375499,20.887634250995088,257700
2020-04-14,19.07694435119629,20.362213162171784,18.785939626659683,20.200543528141246,252500
2020-04-15,17.953344345092773,18.672772549110054,17.888676797272833,18.25243271738247,377300
2020-04-16,17.290496826171875,18.009924831787615,16.765072952310074,17.912922765910643,307300
2020-04-17,18.527265548706055,18.971854636083325,17.97759075877342,17.97759075877342,309100
2020-04-20,18.389848709106445,18.915272649578913,17.880592038629,18.00992711499774,253000
2020-04-21,18.284761428833008,18.48684764402358,17.549166187087497,17.79975420401654,168900
2020-04-22,18.01801109313965,18.988024184378624,17.921009013117875,18.624269853337417,194500
2020-04-23,18.51110076904297,18.79402183622705,17.977593175745348,18.074595257161178,225000
2020-04-24,18.591934204101562,18.76976954144218,18.16351081739539,18.656601739661394,166600
2020-04-27,20.071205139160156,20.337958912215456,18.826354712167298,18.84252043947698,198500
2020-04-28,19.94187355041504,20.7744695531067,19.77212027877293,20.483464825603612,233800
2020-04-29,20.46729278564453,20.88763250705037,19.99036916747167,20.378374352556033,662000
2020-04-30,19.949954986572266,20.483462566969454,19.594282752375562,19.949954986572266,335400
2020-05-01,19.141613006591797,19.529618300612878,18.567687160114126,19.448783478909487,313200
2020-05-04,19.165863037109375,19.254781498239858,18.43026906356457,18.858692554161582,268300
2020-05-05,18.08267593383789,19.69936571975187,18.066508665947822,19.53769612444226,227900
2020-05-06,17.26624870300293,18.41409859883544,17.136913633765094,18.090759383945212,271700
2020-05-07,17.104581832885742,17.727007916824913,16.999497650486244,17.339002647017075,279900
2020-05-08,18.195844650268555,18.268595817675855,17.516834782330832,17.66233711714543,201100
2020-05-11,17.039913177490234,18.14734654741985,16.910578095982572,17.896758477927442,396800
2020-05-12,15.87589168548584,17.14499279932866,15.795058437359717,17.112659808437286,399200
2020-05-13,15.27772045135498,16.110316370555186,14.76038013593507,15.67380932307282,298400
2020-05-14,15.318140029907227,15.504059030062672,14.113704492353675,14.930133216014077,313300
2020-05-15,14.873547554016113,15.310054590039071,14.736128843615818,15.237303417368578,255900
2020-05-18,16.530658721923828,16.651910184507454,15.641478759983896,15.68189540024644,265500
2020-05-19,15.495972633361816,17.047994987033892,15.487888998908842,16.385152379846083,221500
2020-05-20,16.635744094848633,16.748911929069255,15.819315260752163,15.819315260752163,242400
2020-05-21,16.433650970458984,16.96715845563509,16.425567336829594,16.59532055945588,124200
2020-05-22,16.134567260742188,16.76507698616082,15.673810806003761,16.5306577117307,127200
2020-05-26,17.419832229614258,17.67042026232252,16.95099224252168,16.95099224252168,210000
2020-05-27,18.737436294555664,18.84252046026493,17.85634017068671,18.18776147873331,229000
2020-05-28,17.783594131469727,18.955695270489578,17.613842382095093,18.955695270489578,252500
2020-05-29,17.31475067138672,17.492586023629553,16.983329331145736,17.43600211799755,270000
2020-06-01,17.104581832885742,17.71084064513395,17.0722488312997,17.46833773695302,316500
2020-06-02,17.015666961669922,17.62192590151749,16.9024991196065,17.33092265881208,172400
2020-06-03,18.026098251342773,18.470689058816617,17.403673587753296,17.524925065502092,206200
2020-06-04,18.446435928344727,18.583854664414265,17.775509520898396,17.921011893418612,153300
2020-06-05,19.72361946105957,20.297545264280604,19.31944692480099,19.537700464411632,347800
2020-06-08,19.94187355041504,20.596632645501074,19.764038184605322,20.176292826173484,155000
2020-06-09,19.67511558532715,20.063120779049374,19.117357155729206,19.432612724699652,162000
2020-06-10,18.171598434448242,19.675120892962262,18.163514798007242,19.675120892962262,242100
2020-06-11,16.572561264038086,17.29417790304939,16.44955888995163,17.097373791699045,328900
2020-06-12,17.072772979736328,17.343378832922983,16.45775953485211,17.343378832922983,285100
2020-06-15,16.908769607543945,17.12197288291862,15.990348881060722,16.29375618904161,311600
2020-06-16,17.630388259887695,18.02399655264094,17.269579876167057,17.753390655865545,322200
2020-06-17,16.908769607543945,18.4422021884695,16.75296577025322,18.4422021884695,283300
2020-06-18,16.982572555541992,17.343380924660323,16.572563542835788,16.572563542835788,297600
2020-06-19,16.613563537597656,17.097374243988366,16.26095557557798,17.064572775865564,1046300
2020-06-22,16.834970474243164,17.138376265059012,16.285558339567185,16.613565233987117,344000
2020-06-23,16.588958740234375,17.367976229913054,16.588958740234375,17.13017033118976,215700
2020-06-24,16.023149490356445,16.33475558420953,15.760742465354994,16.33475558420953,335200
2020-06-25,16.269155502319336,16.564362451195063,15.801745542639463,15.941148650268552,695200
2020-06-26,15.375337600708008,15.924749726869049,15.268735948196262,15.924749726869049,1252100
2020-06-29,16.269155502319336,16.859567836010747,15.588540697791442,15.69514233818543,480200
2020-06-30,16.654563903808594,16.908770591031868,16.178953561732282,16.178953561732282,328600
2020-07-01,16.228151321411133,16.851363408085795,16.187149497248544,16.810363147982876,422800
2020-07-02,16.080554962158203,16.89237266927169,15.998552841790502,16.63816750378614,349700
2020-07-06,16.162548065185547,16.695560819749197,15.9411444755704,16.49055639539691,584000
2020-07-07,15.555741310119629,16.13795491889531,15.498340298844616,15.932950413450119,298300
2020-07-08,15.572137832641602,15.7689419169333,15.05552730688337,15.572137832641602,467700
2020-07-09,15.162129402160645,15.932946595881994,15.04732740711742,15.932946595881994,393800
2020-07-10,15.94114875793457,15.973948661331157,15.104730106510893,15.104730106510893,278300
2020-07-13,16.09695053100586,16.35115720363694,15.670542415871802,16.137952364039908,294100
2020-07-14,15.883746147155762,16.219953334275548,15.629539492262348,16.01494887558983,196300
2020-07-15,16.859569549560547,16.95797239720714,16.26915715586161,16.26915715586161,273900
2020-07-16,16.834970474243164,17.31058086216713,16.54796385510313,16.654565509267016,259800
2020-07-17,16.424957275390625,17.06457016533674,16.400356178061987,16.802164716737323,188800
2020-07-20,15.990349769592285,16.40035873804337,15.859147024812746,16.310156264484903,191800
2020-07-21,16.982572555541992,16.990772923483348,16.195356001895007,16.195356001895007,251400
2020-07-22,16.777565002441406,16.941569203365397,16.416758262904583,16.777565002441406,296300
2020-07-23,17.13837242126465,17.26137478357762,16.20355259081418,16.20355259081418,305300
2020-07-24,16.91696548461914,17.499178900096556,16.884165587949,17.146571017549068,157800
2020-07-27,16.490562438964844,16.793968222326946,16.400359958692768,16.793968222326946,175000
2020-07-28,16.41676139831543,16.629966274612286,16.28555863814202,16.367559190205196,171200
2020-07-29,16.941574096679688,16.998975114364498,16.21995884511855,16.400362266993728,199800
2020-07-30,16.59716033935547,16.720162698433636,16.293754624566645,16.556160074349364,165800
2020-07-31,16.260957717895508,16.752968856137457,16.08055431163292,16.65456600286495,245500
2020-08-03,16.269155502319336,16.45775924674103,15.957547819826058,16.31015577230317,252100
2020-08-04,16.269155502319336,16.441358513123483,16.00675002067871,16.27735586912811,266000
2020-08-05,16.900571823120117,16.91697099476681,16.326558585859214,16.400360332480194,193800
2020-08-06,17.203977584838867,17.26957896349748,16.711966462869146,16.810369312887186,375000
2020-08-07,18.105998992919922,18.13880046659549,17.089176769882613,17.244980641720854,328500
2020-08-10,18.46680450439453,18.917813748706592,18.040394797444154,18.07319626600654,272700
2020-08-11,18.84400749206543,19.336018454157788,18.712804777382097,18.737405872907622,315000
2020-08-12,18.835813522338867,19.459027410718498,18.466806348522944,19.360626123325023,236000
2020-08-13,18.565204620361328,18.819411293634126,18.44220224906869,18.647206722576424,222400
2020-08-14,18.762012481689453,18.950617823743805,18.22900105672095,18.327403911882364,213500
2020-08-17,18.46680450439453,18.639007522166736,18.138797639071203,18.639007522166736,164900
2020-08-18,17.851787567138672,18.5652021647073,17.810785739424507,18.5652021647073,180100
2020-08-19,18.179794311523438,18.44219975183172,17.81078568355254,17.8681882421723,279900
2020-08-20,18.04859161376953,18.081391511818875,17.736983979971857,17.94198842597461,278200
2020-08-21,17.679582595825195,18.015789754737632,17.47457815433909,18.015789754737632,469400
2020-08-24,18.52420997619629,18.581610995958783,17.728792940517945,17.909196368923002,227500
2020-08-25,18.77840805053711,18.860410146595154,18.38479986633037,18.770207684525317,256800
2020-08-26,18.630809783935547,18.844014667495113,18.491406650995074,18.76201254857831,493600
2020-08-27,18.967018127441406,19.237624040199233,18.589810548956127,18.589810548956127,254100
2020-08-28,18.729204177856445,19.073611670460306,18.565200014117607,19.04081021208869,234200
2020-08-31,18.220800399780273,18.663610894900714,18.114198742099592,18.647210158623594,305900
2020-09-01,18.40120506286621,18.43400497081143,17.91739429920715,18.286401474907272,155200
2020-09-02,18.548805236816406,18.639006140556642,18.23719756481198,18.36840030121595,161900
2020-09-03,18.811208724975586,19.409821342170467,18.516001817182023,18.622603442740907,223000
2020-09-04,19.09821891784668,19.352424045895262,18.778410851917048,19.262221570368936,208900
2020-09-08,18.630809783935547,19.073620287650108,18.319203608924074,18.958818259602776,279100
2020-09-09,18.384803771972656,18.737411765087877,18.06499724987291,18.737411765087877,289400
2020-09-10,18.40975570678711,18.759150152997094,18.260016589874457,18.57613461896592,196700
2020-09-11,18.426395416259766,18.57613613207638,18.268335595485897,18.3848014781805,192100
2020-09-14,18.850664138793945,18.992085778836564,18.35984795198176,18.45967564536193,154600
2020-09-15,18.675962448120117,18.98376137564317,18.393119246948878,18.967123166937352,253400
2020-09-16,18.867300033569336,18.98376433927796,18.534543741039585,18.750835727860714,304400
2020-09-17,18.69260025024414,18.867298279270656,18.526222912802762,18.734195774634745,374500
2020-09-18,18.651010513305664,18.933853796038182,18.451356711384012,18.933853796038182,684400
2020-09-21,17.386531829833984,19.091910336963963,17.253429318323274,18.30993189180823,370700
2020-09-22,16.87907600402832,17.636096994420125,16.696058894236803,17.478037195974764,338400
2020-09-23,16.305072784423828,17.469720500445455,16.27179636470837,16.95394710180502,279900
2020-09-24,16.77092933654785,17.228468940204234,16.28011331757481,16.57127560476833,238000
2020-09-25,17.062095642089844,17.220155478655528,16.562960401734706,16.562960401734706,206600
2020-09-28,17.827434539794922,18.018769197984852,17.336618443250618,17.336618443250618,214600
2020-09-29,17.627782821655273,17.877349658100886,17.278388298607066,17.877349658100886,147700
2020-09-30,17.769197463989258,18.01876420228755,17.602818580652645,17.735921052639284,183800
2020-10-01,18.052045822143555,18.23506137725349,17.586185449070307,17.968856356472827,270800
2020-10-02,18.584457397460938,18.667646869997206,17.55291206344995,17.71097190259814,184200
2020-10-05,19.416345596313477,19.44130290977653,18.78410793561188,18.78410793561188,203700
2020-10-06,19.474576950073242,20.30646832457174,19.44130212018088,19.724143727740042,291000
2020-10-07,19.907161712646484,20.248237064109304,19.582724570207933,20.248237064109304,199100
2020-10-08,20.15673065185547,20.239920119145985,19.832293474800284,20.040266349673015,146700
2020-10-09,19.815654754638672,20.331428169216203,19.732465289486544,19.882206009418958,151100
2020-10-12,20.223281860351562,20.27319649263168,19.64095876411418,19.732465749880177,119700
2020-10-13,19.341476440429688,20.03194628859825,19.166779995490344,19.549449305380545,142000
2020-10-14,19.10022735595703,19.582725930946427,19.10022735595703,19.216693240512807,190800
2020-10-15,19.64927864074707,19.65759615974645,18.784110687751685,18.825704629577274,123800
2020-10-16,19.665912628173828,19.90716190118982,19.31651816888971,19.549448337314775,134700
2020-10-19,19.457937240600586,19.93211503360898,19.191732275171788,19.424662413275364,92000
2020-10-20,19.840612411499023,20.115136540528518,19.632639538394645,19.76574205024488,136000
2020-10-21,20.048587799072266,20.09018174422696,19.83229579351179,19.83229579351179,113000
2020-10-22,20.9969425201416,21.071812886537337,19.532813202535397,20.065224873205878,242700
2020-10-23,20.739057540893555,21.545991809968136,20.697462009472837,21.15500333485706,143300
2020-10-26,20.847198486328125,20.89711311382642,20.22327992296202,20.747372404745445,244000
2020-10-27,20.07353973388672,20.79728598429113,20.056903110996608,20.79728598429113,153700
2020-10-28,19.640960693359375,20.031949164382716,18.7425178512596,19.640960693359375,225300
2020-10-29,19.99034881591797,20.090174884888793,19.100223778472024,19.399705158798014,232600
2020-10-30,20.206645965576172,20.45621278915543,19.957077555289747,19.957077555289747,193300
2020-11-02,20.647544860839844,20.730734320464528,20.16504789906503,20.472848423664274,145600
2020-11-03,20.9969425201416,21.271466668023564,20.28983438568588,21.046855568836357,262700
2020-11-04,19.18341827392578,20.996942066640397,19.166781649191662,20.622591829454308,189100
2020-11-05,19.973716735839844,20.073542835432566,19.17510000556184,19.17510000556184,193900
2020-11-06,19.507856369018555,20.24823929852425,19.432986006854257,20.231601087663936,130900
2020-11-09,22.810468673706055,23.417749185874897,20.947031603464236,21.005263763986267,382800
2020-11-10,23.401105880737305,23.55916570112579,22.427792817009536,22.64408478524982,245300
2020-11-11,22.46938705444336,23.47597489354549,22.086716182800487,23.47597489354549,198900
2020-11-12,22.045124053955078,22.253096922388615,21.64581652737238,22.253096922388615,183300
2020-11-13,22.818782806396484,23.001798354815755,22.244777259630688,22.25309636456434,151000
2020-11-16,24.108213424682617,24.12485163420554,23.076668234866254,23.58412251836647,228400
2020-11-17,24.174766540527344,24.216362067542672,23.376151462318365,23.70890774490544,250100
2020-11-18,24.108213424682617,24.449288786367582,24.00838734095906,24.416013954028728,290400
2020-11-19,24.124855041503906,24.166448984478787,22.52762319597743,23.9252012591515,204400
2020-11-20,23.916879653930664,24.033343951455723,23.043394249078624,23.66731284874638,189700
2020-11-23,24.374418258666992,24.682218785846715,23.90855950225294,24.349462531265246,135700
2020-11-24,25.58898162841797,25.705445925656168,24.82364141790898,24.82364141790898,280400
2020-11-25,25.056570053100586,25.081525779993548,24.166444908520536,24.74045042766286,200100
2020-11-27,24.748775482177734,25.056576077082095,24.282916623261855,24.873558906763215,99800
2020-11-30,23.817052841186523,24.673901653599746,23.725545855553325,24.657263442863854,215800
2020-12-01,24.116533279418945,24.69053883215426,23.933517729096355,24.69053883215426,157800
2020-12-02,24.524158477783203,24.682218290552758,23.792094732394172,24.058299730717458,174700
2020-12-03,24.332828521728516,24.657265727605242,24.15813205293559,24.657265727605242,145600
2020-12-04,24.97338104248047,25.00665587450366,24.49088407784185,24.990019251845556,185600
2020-12-07,25.139760971069336,25.18135649877576,24.37442071504972,24.906832362741937,117700
2020-12-08,25.339412689208984,25.372689108675793,24.46592730539639,24.97338159531615,178400
2020-12-09,25.36437225341797,25.788637119006484,25.139761162216907,25.56402602780542,188000
2020-12-10,25.566143035888672,25.624992829355435,25.171007562942822,25.339149600914062,185100
2020-12-11,25.120561599731445,25.566141093396897,25.019676705321164,25.171005650473074,138400
2020-12-14,24.674985885620117,25.54932866293982,24.582506721308143,25.48207152622292,151700
2020-12-15,25.179420471191406,25.288712739854542,24.63295431726485,24.969241674615642,217600
2020-12-16,25.0364933013916,25.22985736672909,24.91038476844083,25.221450024296598,173900
2020-12-17,25.12897300720215,25.213044835170567,24.658173015530444,25.036495439619955,251700
2020-12-18,24.616134643554688,25.381185130036663,24.27984737621342,25.179413731753822,1005800
2020-12-21,24.456396102905273,24.759053974265314,24.120110470025445,24.565688332265076,390300
2020-12-22,24.019224166870117,24.64135299346369,23.884709912662665,24.64135299346369,173900
2020-12-23,24.817909240722656,24.85994435279013,23.75020071742669,24.094893767697556,191300
2020-12-24,24.952421188354492,25.347556656834037,24.422769846067165,25.347556656834037,108700
2020-12-28,25.490482330322266,25.599776194539555,24.986052934676476,24.986052934676476,208500
2020-12-29,24.691797256469727,25.465255026666362,24.61613278737707,25.423218319650214,145500
2020-12-30,24.93560791015625,25.381187457772434,24.649764668823103,24.767464261064983,161500
2020-12-31,25.18781852722168,25.339147471152184,24.72542595724423,25.002861819937994,181000
2021-01-04,25.103748321533203,25.742691860721987,24.85153288042537,25.456848656254994,305700
2021-01-05,25.305522918701172,25.667030640952667,24.85153602930534,25.448444539043933,203100
2021-01-06,27.30642318725586,27.794039433295747,25.860393944823993,25.927651081599045,378500
2021-01-07,27.23076057434082,27.57545362438032,27.1130609778015,27.34846017088014,304500
2021-01-08,26.667478561401367,27.230757661574103,26.129421487876332,27.230757661574103,208000
2021-01-11,26.95332908630371,27.096249123589462,26.322791115055704,26.322791115055704,192800
2021-01-12,27.23917007446289,27.617489297576746,26.869253384024752,27.104655788959988,184100
2021-01-13,26.81880760192871,27.3568662807501,26.49933661436249,27.11305816630131,159300
2021-01-14,27.30642318725586,27.61748684351422,26.860845257447394,27.020579955077743,167300
2021-01-15,26.633853912353516,27.079431877174827,26.373232687313056,26.844032681733154,228400
2021-01-19,26.600221633911133,26.93650891101401,26.4404869411775,26.93650891101401,206100
2021-01-20,26.474117279052734,26.69270338899331,26.188274027864043,26.633853590843295,124200
2021-01-21,26.045352935791016,26.63385413641966,25.92765333707999,26.63385413641966,151000
2021-01-22,26.60862922668457,26.642258596126073,25.40640652927289,25.725879124820803,250800
2021-01-25,26.51614761352539,26.583404738588317,25.692245827084076,26.230304431123855,163200
2021-01-26,26.062164306640625,26.902879284274192,25.98649983037068,26.902879284274192,166900
2021-01-27,24.540470123291016,25.809949904896428,24.44799096458985,25.38959242503516,375700
2021-01-28,25.07012176513672,25.85198699421041,24.649764253035737,25.280300521187208,264100
2021-01-29,24.380733489990234,25.04489906855301,24.086482937507192,25.04489906855301,381200
2021-02-01,24.868349075317383,25.08693516281477,24.246220181764773,24.565691169007682,265600
2021-02-02,25.41481590270996,25.507295072528162,24.82631632228184,25.28030162126715,221800
2021-02-03,25.120561599731445,25.41481214824499,24.70861147322708,25.229855439468484,190700
2021-02-04,26.078981399536133,26.154645882793982,25.171009203978624,25.246673687236473,233900
2021-02-05,26.12942123413086,26.26393550120584,25.667028641502696,26.26393550120584,134500
2021-02-08,26.34800910949707,26.440488275721766,26.036943843537326,26.356416452202648,249300
2021-02-09,26.381635665893555,26.482522170193246,25.81835655876703,26.33960055783169,223200
2021-02-10,26.154647827148438,26.541376011627797,26.04535396385691,26.31438254497939,138500
2021-02-11,25.69224739074707,26.339598261086582,25.33914706179247,26.13782687361773,173300
2021-02-12,25.936058044433594,26.112607424557176,25.532515229691175,25.532515229691175,143700
2021-02-16,26.247119903564453,26.516150031888987,26.07897787734018,26.07897787734018,145100
2021-02-17,26.08738899230957,26.305975101198992,25.978095136096496,26.12101676100355,150600
2021-02-18,25.709068298339844,26.154647889089727,25.658625840144126,26.003318910965735,181300
2021-02-19,26.11260986328125,26.44048983397555,25.62499518237708,25.692252324448802,610000
2021-02-22,26.902881622314453,27.028990162748414,25.952874320582623,25.952874320582623,342900
2021-02-23,27.020580291748047,27.71837529934641,26.474115848199876,27.04580071614254,188300
2021-02-24,28.037845611572266,28.163954151797736,27.087839914947757,27.39890358521094,281600
2021-02-25,27.314834594726562,28.50864847917651,27.289610961300102,28.36572845374527,315300
2021-02-26,27.138275146484375,27.936954919376937,26.919690690033978,27.37367749236104,387100
2021-03-01,28.197580337524414,28.3236856564283,27.38208580557255,27.785628598796443,193800
2021-03-02,27.777223587036133,28.34891002749394,27.482971421083164,28.34891002749394,202200
2021-03-03,28.53386688232422,29.088738672259748,27.88651592622055,27.995809777789564,266700
2021-03-04,28.46660804748535,29.35776382090122,28.037841637155914,28.634751674926836,344100
2021-03-05,29.458654403686523,29.57635399069061,28.525460239478104,28.895373685358546,344900
2021-03-08,30.879465103149414,30.9887589636522,29.677242258839517,29.895829979845086,241400
2021-03-09,30.181673049926758,30.753359568376382,29.509098411463516,30.753359568376382,253200
2021-03-10,30.753358840942383,30.829020118552585,29.778126279653353,30.089193165060433,245800
2021-03-11,30.906064987182617,30.940000504187246,30.33765640429669,30.88061496756366,282300
2021-03-12,31.601720809936523,31.737459615508335,30.77880248075645,31.330243198792903,305200
2021-03-15,31.533849716186523,31.99196939753397,30.973926739962444,31.389628651466992,433900
2021-03-16,31.135120391845703,31.40659801627581,30.79577174317379,31.34721248819851,261000
2021-03-17,31.559301376342773,31.839261232209083,31.084213963751534,31.347209301550507,265400
2021-03-18,31.71201515197754,32.84882906124108,31.550823067209855,31.864721739510625,268700
2021-03-19,30.973928451538086,31.70352578371867,30.787289606662252,31.364180369955342,1476400
2021-03-22,29.964366912841797,30.948473972497023,29.438379493785064,30.643060878764693,346200
2021-03-23,28.878459930419922,29.777728326391948,28.72575336577024,29.616539502047722,314500
2021-03-24,29.192358016967773,30.17646528216525,29.166907999263916,29.175390259742276,396600
2021-03-25,29.93891716003418,30.142523733442335,28.776650294779106,29.20083443169225,224800
2021-03-26,31.05877113342285,31.075738891682597,30.023760533461243,30.380076984377936,221700
2021-03-29,30.066177368164062,31.041802401757504,30.032245088977596,30.566714894189317,313900
2021-03-30,30.7109317779541,31.075730390065527,30.42248643898851,30.42248643898851,197600
2021-03-31,30.592164993286133,31.05876695572533,30.414005173657475,30.541261725353866,361400
2021-04-01,31.135120391845703,31.338726992034005,30.422490818649532,30.702450702975586,389800
2021-04-05,31.440532684326172,31.66959253058996,31.033316258613375,31.55081824135548,275300
2021-04-06,31.109661102294922,31.669587234821552,31.03331106924267,31.415074179575655,237200
2021-04-07,30.70244789123535,31.31327410839771,30.626094614090057,31.26237084487809,247900
2021-04-08,30.600645065307617,30.770319376682206,30.091625367452163,30.770319376682206,295700
2021-04-09,30.8297119140625,31.016354022662945,30.59216976585761,30.855161933864725,153400
2021-04-12,31.08421516418457,31.194503953490866,30.855155326210735,31.050279654202885,159600
2021-04-13,30.363107681274414,30.89757747605271,30.269786633728383,30.82970968273575,231800
2021-04-14,30.761837005615234,31.00786462028375,30.380073811582488,30.380073811582488,182400
2021-04-15,30.727901458740234,31.13511786230147,29.845597632890073,30.90605802849797,206500
2021-04-16,31.160573959350586,31.304798284168214,30.702454202309546,31.160573959350586,177800
2021-04-19,31.15209197998047,31.38115186057079,30.62610118620908,31.219959776302254,203400
2021-04-20,30.201921463012695,30.914551230562267,30.049214853089968,30.914551230562267,207700
2021-04-21,31.01634979248047,31.024832052501335,30.06617485671295,30.329170225120343,164600
2021-04-22,30.329174041748047,31.06725373465065,30.303724022214205,31.06725373465065,171900
2021-04-23,31.890174865722656,32.14468479098493,30.422497619231915,31.033324028876816,223000
2021-04-26,31.66959571838379,32.54341418424909,31.593242428610303,31.991973398521807,169600
2021-04-27,31.754438400268555,31.87320949186408,31.32176858229112,31.635667308673032,158200
2021-04-28,31.118154525756836,32.18709733233941,30.914544676933662,31.737463096368717,184900
2021-04-29,30.93999671936035,31.542337509298754,29.81166518900067,30.04920730643697,338600
2021-04-30,30.78729248046875,31.21995897519107,30.617618139614734,30.753356965044173,424100
2021-05-03,31.627172470092773,31.873200079325464,30.923028390888856,31.211473772269255,268000
2021-05-04,32.32283020019531,32.34828344927869,31.32175537006685,31.55930068932544,262400
2021-05-05,32.41615676879883,32.84034098164237,31.839265980430117,32.161646888346446,293500
2021-05-06,32.9421501159668,32.959114637899475,32.204067197405415,32.51796586973247,225800
2021-05-07,33.0948486328125,33.11181638853554,32.221030248821556,32.221030248821556,201700
2021-05-10,32.60279846191406,33.53600242432342,32.56886294859442,33.25604253010808,268700
2021-05-11,32.305870056152344,32.69611874140329,31.941071387162104,32.187095762308985,194600
2021-05-12,31.686553955078125,33.111812924001086,31.576268408820486,33.111812924001086,227600
2021-05-13,32.967594146728516,33.17968623132016,31.610202863580948,31.610202863580948,166300
2021-05-14,33.50206756591797,33.51903208500199,32.78095252664701,33.25603996771017,137100
2021-05-17,33.68022918701172,33.68022918701172,32.87427848653955,33.273012706369435,179500
2021-05-18,32.89972686767578,33.82444859110738,32.86579458984624,33.561456447517486,141700
2021-05-19,33.05243682861328,33.08637234618574,32.11074725172648,32.382224919768014,207500
2021-05-20,32.8742790222168,33.010017851309385,32.11074608590289,32.11074608590289,147700
2021-05-21,33.442684173583984,33.56145848012141,33.035467688548216,33.21362753021988,194800
2021-05-24,33.1287841796875,33.51055059319276,32.81488878914695,33.31542625657196,116800
2021-05-25,32.153167724609375,33.120307305231556,32.09378218799356,32.97608297611527,358900
2021-05-26,32.56037902832031,32.68763234237799,32.05984155931571,32.280415912110115,170500
2021-05-27,32.9591064453125,33.222101777662324,32.780949882882695,33.03545972010644,226000
2021-05-28,33.01850128173828,33.10334007559415,32.467063684886014,33.02698677925841,252400
2021-06-01,33.17121124267578,33.374821132335704,32.78944795850121,33.222114524158116,403300
2021-06-02,33.03546905517578,33.41723553702396,32.87428020118169,33.41723553702396,236100
2021-06-03,33.0948486328125,33.18816967115493,32.66218218881491,33.07788411335797,184300
2021-06-04,32.98456573486328,33.374814439156864,32.53492826261577,33.12030455532491,166900
2021-06-07,33.137264251708984,33.256035286188016,32.88275119351909,33.20513202729644,102500
2021-06-08,33.17121124267578,33.289985566134554,32.80641248272592,32.967604589285266,157300
2021-06-09,32.44160842895508,33.094849236735605,32.39070516085709,33.094849236735605,233700
2021-06-10,31.94527816772461,32.869490205250614,31.88537242235386,32.7411258807196,170500
2021-06-11,32.18488311767578,32.35603443578771,31.979500883053486,32.17632375632825,142000
2021-06-14,31.71422004699707,32.23622684377193,31.346245848581397,32.184883732465515,193400
2021-06-15,32.142093658447266,32.39025962316384,31.70565766724987,31.911039886243874,271100
2021-06-16,32.54429626464844,32.70689147744392,31.52595103442916,31.774120269635105,244800
2021-06-17,31.1494197845459,32.826695380706475,31.038170947364346,32.826695380706475,238800
2021-06-18,29.822999954223633,31.012499733695808,29.711754380264363,30.481930359448487,658000
2021-06-21,31.234994888305664,31.371915283265853,30.190974836459397,30.276552123584338,286900
2021-06-22,31.20932388305664,31.423262207970513,30.670198390230542,31.20932388305664,226800
2021-06-23,31.2264404296875,31.59441135808638,30.978271180667893,31.286342901597077,249400
2021-06-24,31.834022521972656,31.902481086548075,31.072402628597914,31.389030426693548,172300
2021-06-25,31.79123306274414,32.20199421188206,31.67142487119441,32.20199421188206,822800
2021-06-28,30.84990882873535,31.585857261009597,30.6102989259261,31.585857261009597,236800
2021-06-29,30.764339447021484,31.3804797565976,30.73010852303376,31.200772302322928,245200
2021-06-30,30.490488052368164,30.884133748937202,30.413470132218613,30.610292980503136,394600
2021-07-01,30.909799575805664,31.30344846390351,30.63595885809168,30.88412802865712,247700
2021-07-02,30.29367446899414,31.055294543160052,30.24232808504436,30.678760923075902,171500
2021-07-06,29.232534408569336,30.293670002667135,28.99292451434466,30.011269829239502,199100
2021-07-07,29.16407012939453,29.600502817655556,28.8987854666857,28.907341562187572,270000
2021-07-08,28.17140007019043,28.778987458891425,27.90611860817124,27.90611860817124,425600
2021-07-09,29.343782424926758,29.455028007262325,28.79610081686283,28.864559385650878,255800
2021-07-12,29.677526473999023,29.711757391504804,28.778986108332056,29.027152099149053,274100
2021-07-13,29.027151107788086,29.566276614551562,28.778985125446674,29.566276614551562,249500
2021-07-14,29.12984275817871,29.600506414517916,28.88167352075704,29.052824831545767,299200
2021-07-15,29.583391189575195,29.668965213422464,28.84744283250556,28.9073453020866,268500
2021-07-16,28.496583938598633,29.934249728693676,28.4537969269348,29.27531930286347,311700
2021-07-19,27.512468338012695,28.15428327655632,27.247183654883077,27.8975546895872,304900
2021-07-20,27.94034767150879,28.787541644404847,27.56381411516396,27.56381411516396,361300
2021-07-21,28.28264617919922,28.54793087990275,28.154285141650902,28.342548649609725,296400
2021-07-22,27.366989135742188,28.239857861371895,27.024688154775586,28.137168383191828,471200
2021-07-23,27.40121841430664,27.991686959145163,27.19583783798632,27.760633198702404,185300
2021-07-26,27.632272720336914,27.957456598990046,27.426890507741682,27.521023885829514,187600
2021-07-27,27.358430862426758,27.63227327396709,26.981900606970918,27.281412939215382,197300
2021-07-28,27.983135223388672,28.256976034483024,27.076035496363655,28.06870925269067,203500
2021-07-29,28.23986053466797,28.49658588664059,28.051593753149394,28.41956795460481,185300
2021-07-30,27.62371253967285,28.539368212073892,27.56381007620283,28.188509526989748,191400
2021-08-02,27.52958106994629,28.539370187536502,27.495353420193812,27.7264071943312,262200
2021-08-03,27.948902130126953,28.120053439847133,27.298529438298065,27.871884203974858,305700
2021-08-04,27.59804344177246,28.02592008428056,27.358431934368774,27.444007589314367,172700
2021-08-05,28.03447723388672,28.239859466359224,27.632275394639482,27.794867349701995,154000
2021-08-06,28.933019638061523,29.069940032596566,28.37677869901557,28.522258454456388,187300
2021-08-09,28.316879272460938,28.85600481205225,27.623717864414967,27.623717864414967,218100
2021-08-10,28.92445945739746,29.069939208715187,28.24841360034836,28.402449447889662,168100
2021-08-11,29.634737014770508,29.660408568562218,28.66773489385988,29.018593608251923,165600
2021-08-12,29.480701446533203,29.694639768693182,29.19830129435096,29.694639768693182,184900
2021-08-13,29.335220336914062,29.5063716396359,29.215415404340646,29.5063716396359,176400
2021-08-16,29.35233497619629,29.540601730391224,28.556484215477038,29.10416575738287,194400
2021-08-17,29.138399124145508,29.62617824251776,28.83032741476519,29.06994055786086,187000
2021-08-18,28.98436737060547,29.497821380370553,28.890233972259857,28.99292673287701,162000
2021-08-19,28.530811309814453,28.94157244675701,28.393890930833603,28.667731688795307,210500
2021-08-20,29.087051391601562,29.18974085692397,28.393890155687014,28.419561705907803,218000
2021-08-23,29.010038375854492,29.437915028805502,28.88167407419327,29.24108889574102,212000
2021-08-24,29.138399124145508,29.369452906180747,28.915904703170703,28.992922630515782,168400
2021-08-25,29.335220336914062,29.65185138950332,29.138397481337798,29.266761774489073,204200
2021-08-26,28.86455535888672,29.60050364121875,28.80465289538894,29.40368079480614,200700
2021-08-27,30.10540199279785,30.131073547720856,28.86455902862842,29.069941261331984,213800
2021-08-30,29.232534408569336,30.07117230279567,29.15551647621998,29.882905520510583,218100
2021-08-31,29.09561538696289,29.600510019843675,29.087059289379205,29.283882178205257,225300
2021-09-01,28.72764015197754,29.48926012319374,28.51370181109928,29.48926012319374,286300
2021-09-02,28.351104736328125,28.838883804442588,28.256971361000872,28.684847965623344,220100
2021-09-03,27.87188720703125,28.667738108205292,27.854771747771156,28.43668430485411,220100
2021-09-07,28.111494064331055,28.684850461930168,27.880443550434382,28.111494064331055,291600
2021-09-08,27.829099655151367,28.18851449937133,27.6066019534952,27.906117588118505,284600
2021-09-09,27.561092376708984,28.192197706595664,27.543803107264228,27.751287532223223,349400
2021-09-10,27.059667587280273,27.915549919010225,27.01644193975776,27.785869678537182,445200
2021-09-13,27.440059661865234,27.604320091226402,27.120185911425484,27.379543095509216,401800
2021-09-14,26.78302001953125,27.500576665796583,26.66198688489339,27.491931206329195,332600
2021-09-15,27.13747787475586,27.31038378060922,26.852184284364856,26.860829744552817,309700
2021-09-16,27.016441345214844,27.569737536299975,26.895408215653152,27.569737536299975,293900
2021-09-17,27.016441345214844,27.552448267043104,26.80895527355792,26.97321569864359,1385100
2021-09-20,26.54959487915039,27.025085208113502,26.11733184315808,26.601467630715355,466000
2021-09-21,26.411272048950195,26.86947148170644,26.385337320932756,26.6187597668059,337500
2021-09-22,26.68792152404785,27.02508617653908,26.463144539402805,26.644694229528024,319300
2021-09-23,27.517866134643555,27.811803496281417,26.92998811346242,26.92998811346242,292900
2021-09-24,27.491931915283203,27.90690408670229,27.46599718516503,27.53515921373488,288800
2021-09-27,28.840595245361328,29.06537061162693,27.829097852401603,27.829097852401603,301900
2021-09-28,28.978914260864258,29.27285325656744,28.7195570994568,29.082656465846195,306300
2021-09-29,29.74833869934082,29.77427342328873,29.0480714716034,29.177751687152696,253800
2021-09-30,29.463054656982422,29.98176906095371,29.41982570839669,29.834797891154867,286200
2021-10-01,30.362150192260742,30.656089144772864,29.62730445993281,29.62730445993281,295500
2021-10-04,30.682035446166992,30.915454611597347,30.318932737231343,30.336223656505005,238800
2021-10-05,30.64744758605957,31.088354398239595,30.500476450062898,30.83764106488968,198100
2021-10-06,30.72526741027832,30.742558333105737,29.94719237257604,30.37081173708202,204000
2021-10-07,31.226682662963867,31.278555417629057,30.759841062598916,30.984616403670525,273800
2021-10-08,31.64165687561035,31.81456277122849,30.975974619024846,30.975974619024846,229800
2021-10-11,31.607078552246094,31.996112697681127,31.589787632774765,31.771337340365204,335500
2021-10-12,31.814563751220703,31.892371241750308,31.451464327353055,31.607079308412263,209500
2021-10-13,32.099853515625,32.117144432565226,31.209389431681895,31.36500438623874,307800
2021-10-14,32.28140640258789,32.428374264317775,31.9355946252503,32.26411548393046,329200
2021-10-15,31.93559455871582,32.791476891995174,31.918303640094415,32.791476891995174,297100
2021-10-18,31.72810935974121,32.22953279595008,31.5897853120382,31.840498679095354,180900
2021-10-19,31.65030860900879,31.866440185636378,31.390951376636913,31.77998557624166,196800
2021-10-20,32.12578582763672,32.16036765891814,31.399583860251617,31.563842611980945,151500
2021-10-21,31.996110916137695,32.2641152061623,31.73675373432012,32.03933986136187,161400
2021-10-22,32.246826171875,32.333280769469496,31.74540269744964,31.944243325058462,138200
2021-10-25,32.583984375,32.592631481991916,32.0220444430118,32.16036847373713,121800
2021-10-26,32.26411437988281,32.63586087353297,32.25547056980264,32.55805339118979,152700
2021-10-27,29.86073112487793,31.382295550659794,29.765632729909335,30.647449713383736,297000
2021-10-28,30.120092391967773,30.327580127271652,29.540858133594295,29.869379007031405,301200
2021-10-29,30.059574127197266,30.526419031866347,29.96447572462703,30.24977093233774,231600
2021-11-01,30.52642059326172,30.638806622133625,30.154674072148417,30.232481560239705,249900
2021-11-02,30.414030075073242,30.586935963825702,30.23248037594065,30.517772289162508,217600
2021-11-03,31.14023780822754,31.390951227421255,30.353519004959004,30.880880577088504,272200
2021-11-04,30.483190536499023,31.17481409342986,30.154672974652964,31.17481409342986,262500
2021-11-05,31.053783416748047,31.295853025691933,30.604232638508286,31.088365260583767,261100
2021-11-08,30.967321395874023,31.295842202891233,30.647447695778453,31.183452898244948,204600
2021-11-09,30.828996658325195,31.027837240191733,30.509122965575106,30.88951321376697,176900
2021-11-10,30.906814575195312,31.088364302880827,30.78578142340497,30.94139641796571,179200
2021-11-11,31.019195556640625,31.28719652112905,30.742547484836674,30.854933496697235,124000
2021-11-12,30.81170654296875,31.071063687012607,30.491832841911492,31.010547129999207,187500
2021-11-15,30.880874633789062,30.993260656979075,30.733903475755643,30.993260656979075,208300
2021-11-16,30.66473960876465,30.872224010960185,30.552350300464088,30.872224010960185,213900
2021-11-17,30.422677993774414,30.509132598778354,30.137386042026332,30.509132598778354,210300
2021-11-18,30.344863891601562,30.500478848822514,30.215186959187605,30.370801916408556,237200
2021-11-19,30.068220138549805,30.120092897723204,29.46305443772212,29.9298960786598,265600
2021-11-22,30.604225158691406,31.088357662442622,30.258413400664534,30.43996308957124,291000
2021-11-23,30.950035095214844,31.088359145442965,30.604226618597295,30.803067234681123,282900
2021-11-24,30.65610122680664,30.98462213800814,30.578293729361707,30.811716221696507,189500
2021-11-26,28.529359817504883,29.584082660027143,28.13167862366721,29.584082660027143,255400
2021-11-29,28.442913055419922,29.2555664892098,28.38239648577098,29.2555664892098,308800
2021-11-30,28.140323638916016,28.5207172301081,27.777224263220287,27.950130141225294,354600
2021-12-01,28.48613739013672,29.290146975954496,28.41697371492826,28.849236791264463,473900
2021-12-02,29.627309799194336,29.800215678521223,28.486135612704373,28.67632911184914,394000
2021-12-03,29.039430618286133,29.912600491745906,28.927041306565794,29.82614920451808,304500
2021-12-06,29.826152801513672,30.094157100889234,28.7714298210289,29.57543942124998,240200
2021-12-07,29.54950523376465,29.999059245205682,29.402534067569658,29.95583359558563,237600
2021-12-08,29.342012405395508,29.782922529542546,29.19504456261656,29.60137285390793,202800
2021-12-09,29.036462783813477,29.45551270302782,28.68725895818319,29.141226928760187,221200
2021-12-10,29.446779251098633,29.490429310880035,28.70471824395653,29.245986311875313,221000
2021-12-13,29.359477996826172,29.630110355182893,29.045192250089112,29.245985181552022,351400
2021-12-14,29.6824951171875,30.188845161841634,29.368209341924416,29.63011304454823,342300
2021-12-15,29.595190048217773,30.1364580539084,29.324554380229607,29.926933128645672,389800
2021-12-16,29.83090591430664,30.354716648437027,29.595194913777163,30.005509492350104,381400
2021-12-17,29.342016220092773,30.389634226962094,28.652334004789505,29.72614137948766,1374100
2021-12-20,28.661069869995117,29.211066650106087,27.936466179916124,28.91424156373303,306200
2021-12-21,29.429319381713867,29.62138364645072,29.010272801613066,29.010272801613066,307000
2021-12-22,29.761062622070312,29.7697913012118,29.219794597580776,29.333284077849246,184800
2021-12-23,30.11900520324707,30.38090893026147,29.953133619871487,30.17138728076458,130100
2021-12-27,30.511856079101562,30.511856079101562,29.40312731395749,29.40312731395749,162600
2021-12-28,30.581697463989258,30.887254543102628,29.909475886283154,29.909475886283154,146500
2021-12-29,30.572969436645508,30.69519093878492,30.223762290287628,30.56423742632917,179700
2021-12-30,30.48566246032715,31.09677323065707,30.21503011696068,30.433283725629526,165200
2021-12-31,30.546783447265625,30.695194336208218,30.284876393365582,30.284876393365582,175500
2022-01-03,31.297569274902344,31.524554915534093,30.747572523965786,30.77376189392864,237000
2022-01-04,31.873756408691406,32.38883507232382,31.463441877865687,31.463441877865687,218700
2022-01-05,31.707881927490234,32.2666105962994,31.62058182184589,32.01343562753101,215800
2022-01-06,32.842803955078125,32.96502544999043,31.978521480891995,32.11820366511834,170700
2022-01-07,33.18327713012695,33.22693051600179,32.36264476208098,33.12216638624511,172400
2022-01-10,32.93010711669922,33.45391447044393,32.68566079870388,33.322960966864784,283200
2022-01-11,33.18327713012695,33.23565919500529,32.36264476208098,32.90391277801404,262600
2022-01-12,32.68566131591797,33.44518632023815,32.511061082097505,33.1570899399196,223500
2022-01-13,33.08725357055664,33.42772872037554,32.8078891742803,32.8078891742803,196500
2022-01-14,33.38407516479492,33.39280384426499,32.67693223742519,32.90391453679242,143200
2022-01-18,33.11344528198242,33.49757052143536,33.02614515083429,33.15709534755649,176600
2022-01-19,32.26661682128906,33.21820280965224,32.24042745060032,33.087252625922346,133300
2022-01-20,31.60312843322754,32.65947527479518,31.51582497713538,32.38011087587293,188800
2022-01-21,31.63804817199707,32.32772712271994,31.262651656019305,31.402333848223627,267000
2022-01-24,32.0134391784668,32.161853370866986,31.13169602462778,31.24518883878252,331800
2022-01-25,32.222965240478516,32.68566186235284,31.297568666443834,31.830108047242753,280000
2022-01-26,30.96582794189453,32.30153917168052,30.162652803714682,32.30153917168052,368900
2022-01-27,30.572969436645508,31.795187788325773,30.153922859187748,31.053126765172976,288100
2022-01-28,31.192806243896484,31.201538253453137,29.996777366646967,30.668998900216867,322100
2022-01-31,30.98328399658203,31.105505485555856,30.354712532961454,30.89598055425373,742000
2022-02-01,31.297569274902344,31.358680025006404,30.53804757340464,30.817411953962097,314900
2022-02-02,31.472169876098633,31.576930676352553,30.95709122361197,31.166616154405613,294900
2022-02-03,31.507091522216797,31.961059434244632,31.157884411338205,31.428520088783404,233700
2022-02-04,31.795185089111328,32.074552780652745,31.332488490210448,31.56820279444841,208900
2022-02-07,31.847566604614258,32.057091537073234,31.454709437682315,31.952327405700835,222800
2022-02-08,32.78169250488281,32.860263939968675,31.97852079537038,32.06582090978316,270100
2022-02-09,32.11820602416992,32.96502787124027,32.01344188059086,32.73804555405806,241500
2022-02-10,32.16185760498047,32.62455427164599,31.98725402105257,32.170586285548,216400
2022-02-11,31.995981216430664,32.69439211674329,31.768995592400397,31.96978851809741,241400
2022-02-14,31.550739288330078,32.345182244141064,31.358675058259646,32.109467960950695,305800
2022-02-15,32.1443977355957,32.31026931291158,31.74281181349214,31.74281181349214,227600
2022-02-16,32.10947036743164,32.38883472467923,31.821377331020113,31.96105950964391,231700
2022-02-17,31.24519157409668,32.45868126692876,31.21027019279409,31.84757041527834,212600
2022-02-18,31.489635467529297,31.68169973980449,31.11423893369304,31.11423893369304,236000
2022-02-22,31.253921508789062,31.742810875790305,31.07931792555388,31.50709653796576,247200
2022-02-23,31.00947380065918,32.03963112263411,30.85233093254193,31.419791659663762,227300
2022-02-24,30.23249053955078,30.450744146301222,29.551537021895104,30.040426299918956,321600
2022-02-25,32.214237213134766,32.24042658311883,30.808683299030378,30.808683299030378,409000
2022-02-28,31.899948120117188,32.02216960765786,31.34121941691083,31.34121941691083,280700
2022-03-01,30.38089942932129,32.057088752538924,29.961852931088266,31.83010315123424,368800
2022-03-02,31.576936721801758,31.856304459773888,30.695193434472476,30.695193434472476,266100
2022-03-03,31.46343994140625,31.7951830173523,31.166614910627487,31.7951830173523,185600
2022-03-04,30.60788917541504,31.16661791538639,30.19757129999846,31.16661791538639,227200
2022-03-07,30.13646125793457,30.808682829668875,30.084079188478345,30.485665063451233,277000
2022-03-08,29.848363876342773,30.834871171356554,29.83090318710609,30.442013989246114,374700
2022-03-09,30.39837074279785,31.061863761319795,30.232499153310712,30.721385240340886,228700
2022-03-10,30.4600830078125,30.504163498255984,29.922292280274828,29.922292280274828,198700
2022-03-11,30.918521881103516,31.112480039511567,30.51297606181871,30.654035623444955,175200
2022-03-14,31.29762077331543,31.791330931450585,31.015501643845425,31.376966988674198,279300
2022-03-15,31.13011360168457,31.71198472680366,30.821543491573877,31.57092516202101,199300
2022-03-16,31.491575241088867,31.756061473544136,31.07721134692983,31.324064715471426,250600
2022-03-17,30.962604522705078,31.14774794278977,30.62759014243376,31.130115075966206,248400
2022-03-18,31.041950225830078,31.13892931018484,30.19559281112102,31.01550260759711,1173800
2022-03-21,30.918521881103516,31.438679645186284,30.565871295475283,31.288805332325683,173500
2022-03-22,31.27117156982422,31.579738301054807,31.006681956626416,31.191825358489904,159900
2022-03-23,30.151512145996094,31.26235582576617,30.11624641314615,31.041950040142112,145700
2022-03-24,30.671667098999023,30.812726654232453,29.948736458037068,30.812726654232453,265500
2022-03-25,31.191823959350586,31.227086324820114,30.60113477632993,30.627585754338305,174600
2022-03-28,31.29762077331543,31.315253639297968,30.63640343303412,31.02431639527404,244100
2022-03-29,31.588558197021484,31.950023543906344,31.350519549591162,31.50921198121138,202900
2022-03-30,30.706933975219727,31.81777759377248,30.495342952906,31.465127010958003,264300
2022-03-31,30.292573928833008,31.11248378034469,30.2308605733967,30.724567416887165,273500
2022-04-01,30.521791458129883,30.92734064911119,30.01926654902021,30.92734064911119,400900
2022-04-04,30.266124725341797,30.57469148637954,30.001635086594632,30.460079533797465,234400
2022-04-05,30.20440673828125,30.63640354867074,30.15151150325929,30.301385819988603,212200
2022-04-06,30.010454177856445,30.345468568417445,29.957555575761017,30.080982284191442,214100
2022-04-07,29.807680130004883,30.327837926830256,29.41976378877043,30.177960241410005,255500
2022-04-08,29.737150192260742,30.14269605792662,29.684251589429085,29.904657389872575,165600
2022-04-11,29.887027740478516,30.40718556152816,29.816496270378277,29.816496270378277,210700
2022-04-12,29.5872745513916,30.530611066445054,29.455029731734385,29.895841313091154,216500
2022-04-13,29.913475036621094,29.94874077128973,29.25225764564914,29.43739770797115,213600
2022-04-14,29.437395095825195,30.186776756971884,29.437395095825195,29.89583951646046,207200
2022-04-18,29.816495895385742,30.063349311380772,29.428582904089897,29.428582904089897,188300
2022-04-19,30.451269149780273,30.565877755675913,30.063352750976737,30.09861848961814,238800
2022-04-20,30.971420288085938,31.165375082180162,30.627587818924365,30.724563534408873,143600
2022-04-21,30.43363380432129,31.20946317567946,30.2925742243585,31.13011695175504,269200
2022-04-22,29.675437927246094,30.609959766179244,29.64017219072958,30.486533051497187,234800
2022-04-25,29.55200958251953,29.604908184376495,28.811445972149837,29.499110980662568,300200
2022-04-26,28.89960479736328,29.675434084637384,28.66156615138855,29.172909175288048,261300
2022-04-27,28.926057815551758,29.419764645129554,28.40590000358548,29.172911230340656,285700
2022-04-28,29.093563079833984,29.446213674536647,28.881972050387326,29.199356912994656,256900
2022-04-29,28.423532485961914,29.111197482492077,28.2824729132602,29.00540364374717,302600
2022-05-02,28.952503204345703,28.98776893606315,28.291285868707288,28.617485479280493,314600
2022-05-03,29.21699333190918,29.358052914318414,28.846713189257088,29.058300881308075,271300
2022-05-04,29.56963539123535,29.66661445659379,28.42352619626009,28.42352619626009,309600
2022-05-05,29.181724548339844,29.30515461279424,28.538140060606107,29.261070765354983,271900
2022-05-06,28.758541107177734,29.269884057723345,28.423526791087326,29.190537853780917,209200
2022-05-09,28.86434555053711,29.181727083039778,28.449981563119483,28.55577540728704,202100
2022-05-10,28.50287628173828,29.19935597096189,27.991533272228956,28.926054963853645,179200
2022-05-11,28.088512420654297,28.91723692146723,28.026799072887655,28.599852068310085,193200
2022-05-12,28.247203826904297,28.370630517979237,27.489007452443836,28.11495902182395,249300
2022-05-13,27.921003341674805,28.53813849604917,27.68296470367947,28.300099858053834,296600
2022-05-16,27.832839965820312,28.150224808150718,27.392028432167,27.92981904132406,262800
2022-05-17,28.47642707824707,28.64393762918188,28.16786032093361,28.317734642164314,225900
2022-05-18,28.044431686401367,28.282472019965848,27.832842334031792,28.22957342070143,242400
2022-05-19,27.973901748657227,28.26483899832572,27.72704834636302,27.72704834636302,293400
2022-05-20,28.14141082763672,28.423531646268422,27.46256060308773,28.044431743683234,213200
2022-05-23,28.79380989074707,29.049481393161315,28.352998347188098,28.643935580237105,213100
2022-05-24,28.87315559387207,28.926054188891232,28.194305425189224,28.714463171939713,201300
2022-05-25,29.084745407104492,29.24343445934413,28.776175326951076,28.88196914948583,196700
2022-05-26,29.49029541015625,29.648987848197486,29.12883004864576,29.155277667277478,170000
2022-05-27,29.9840030670166,30.06334928825763,29.402131898957602,29.552009589357564,210900
2022-05-31,30.028087615966797,30.17796194673082,29.49029692204763,29.657804120511944,284800
2022-06-01,29.6313533782959,29.931105371364993,29.313968519384474,29.931105371364993,281900
2022-06-02,30.133882522583008,30.177963011826687,29.261074037804818,29.604909925407334,279100
2022-06-03,29.675437927246094,30.07216905524251,29.63135743816332,30.02808856615974,186700
2022-06-06,29.9487361907959,30.07216288013314,29.490291799596815,29.825309501458655,231500
2022-06-07,29.887027740478516,30.01045445002833,29.560824735953318,29.684251445503133,175300
2022-06-08,29.481477737426758,29.90465645750938,29.37568389818748,29.79004786630246,199000
2022-06-09,28.786745071411133,29.517101581201565,28.768931083651516,29.232084572389237,237000
2022-06-10,28.332500457763672,28.581891206451097,28.136551675903508,28.25233920635827,253400
2022-06-13,28.002946853637695,28.43937933823809,27.798089402633188,27.84262436973647,239200
2022-06-14,28.207805633544922,28.45719637958624,27.815906375147268,28.05639012681188,197800
2022-06-15,28.359222412109375,28.74221469330645,28.145459633988214,28.37703640166169,306300
2022-06-16,27.628862380981445,28.341404885799626,27.094454652950144,28.07420187120164,430400
2022-06-17,28.047483444213867,28.64423848340291,27.726838438430057,27.83372067330316,704200
2022-06-21,28.733304977416992,28.875813491094245,28.13655163816568,28.46610193898102,287200
2022-06-22,28.706584930419922,28.849093440312107,28.074203630127776,28.412660916412857,234900
2022-06-23,28.118736267089844,28.67986499859317,27.815905265702263,28.54626178710687,164500
2022-06-24,28.688772201538086,28.84909470691452,28.26124665309127,28.26124665309127,591100
2022-06-27,28.66205596923828,29.00051500526686,28.56408071688753,28.840192482814974,119300
2022-06-28,28.492822647094727,29.107391668162812,28.44828937406412,28.831279939099552,133600
2022-06-29,28.145462036132812,29.143023451339808,28.06530077514137,28.52845265118163,137300
2022-06-30,28.243431091308594,28.368127310122638,27.56651652670856,27.72683732432304,181800
2022-07-01,28.72439956665039,28.75111885108559,27.860441493590827,28.118737536532148,214900
2022-07-05,28.50172996520996,28.52844924979763,27.75355941771636,28.118737696988774,174800
2022-07-06,28.296873092651367,28.71549332255374,27.994042087595133,28.33249937033335,123400
2022-07-07,28.296873092651367,28.72439861784767,28.261245116133964,28.41266061866208,116900
2022-07-08,28.100923538208008,28.439382530847226,27.949508030729515,28.377035268738812,127300
2022-07-11,27.96732521057129,28.243435273770068,27.83372367669031,27.851537667563953,108200
2022-07-12,27.851537704467773,28.189995037337095,27.682308188615277,27.700122179512523,150100
2022-07-13,27.18352508544922,27.931695625330242,27.138990113530426,27.726838152174732,142200
2022-07-14,26.7916259765625,27.16571124859493,26.27503219126395,26.666931452163517,169800
2022-07-15,27.504169464111328,27.70011995054197,26.951949381418057,27.36166094607206,221400
2022-07-18,27.504169464111328,28.002950976084296,27.334941660711912,27.771374209561603,149900
2022-07-19,28.50172996520996,28.572985921005056,27.735745428767586,27.949508199646402,184100
2022-07-20,28.786745071411133,28.849092329734408,28.189990072147054,28.296872299869367,180000
2022-07-21,28.884721755981445,28.902535744635763,28.172177499327894,28.564076755545575,138100
2022-07-22,28.93816375732422,29.03613559853636,28.608610063322818,28.84018851844115,162500
2022-07-25,29.321147918701172,29.588354308309984,29.17863942982265,29.27661465298983,119800
2022-07-26,29.347875595092773,29.463664823800965,29.053949875526815,29.053949875526815,102400
2022-07-27,29.90009880065918,30.0960493009597,28.955977678277332,28.955977678277332,175900
2022-07-28,30.0426025390625,30.06041652694711,29.410221258677343,29.900094033656398,227800
2022-07-29,30.38996696472168,30.621545410740243,29.953536151154896,30.220739175454877,191900
2022-08-01,30.505756378173828,30.630450897114216,30.09604484517804,30.265272635501304,130800
2022-08-02,29.917909622192383,30.381063138959295,29.90900432660902,30.381063138959295,107500
2022-08-03,30.13167381286621,30.2563683359098,29.793214823411525,29.953537323802117,94600
2022-08-04,30.113859176635742,30.19402042510728,29.819933466349813,30.042603223473993,128700
2022-08-05,30.38996696472168,30.559198151659274,29.98916072943631,29.98916072943631,133200
2022-08-08,30.354347229003906,30.594827610869235,30.220743996704204,30.452319081996176,178200
2022-08-09,30.487945556640625,30.523573536515666,30.051514695020472,30.291995064999075,144900
2022-08-10,30.719524383544922,30.924380173689585,30.612640442683283,30.612640442683283,98100
2022-08-11,31.111419677734375,31.11141967773438,30.799683367404757,30.933283187115613,117700
2022-08-12,31.72598648071289,31.73489517381625,31.0579772001389,31.173766426786244,109300
2022-08-15,31.83287239074707,31.86849697236232,31.218301639906205,31.494413382868846,139400
2022-08-16,32.10897445678711,32.260391640307354,31.699262968130714,31.83286616549149,111700
2022-08-17,32.01991653442383,32.09116910055241,31.77943275310604,31.94866057062388,101500
2022-08-18,32.171329498291016,32.26930474705298,31.91303513062098,31.94865971389429,110100
2022-08-19,31.877399444580078,32.037721922407826,31.725982261000336,31.921932711161016,162300
2022-08-22,31.21830177307129,31.574574772112413,31.075793252989065,31.521132802954906,170100
2022-08-23,30.87093162536621,31.3340850773989,30.844212344679672,31.280643118355346,115900
2022-08-24,30.737333297729492,30.879841813426037,30.398877696494594,30.78186996949237,125400
2022-08-25,31.16486167907715,31.182672270255082,30.47012970465405,30.487943693502945,88100
2022-08-26,30.781869888305664,31.342995256190893,30.737333216660254,31.32518126706693,114000
2022-08-29,30.354347229003906,30.737336139742297,30.22964929327756,30.62155029593198,148900
2022-08-30,30.559200286865234,30.61263885685657,30.17620801279587,30.452316351540507,201100
2022-08-31,30.470130920410156,30.737333968463055,30.283089126540236,30.61263943921644,161200
2022-09-01,30.505756378173828,30.701706849463477,30.176206092735548,30.452314413911886,239600
2022-09-02,30.648269653320312,31.084703935180947,30.461227845810615,30.71061692249021,202300
2022-09-06,30.274181365966797,30.70170688758069,30.078230894433872,30.692798194690564,275500
2022-09-07,30.719524383544922,30.755148966160927,30.051515042680116,30.09604831920353,205300
2022-09-08,31.115320205688477,31.151302896918992,30.350706890280737,30.485636835147705,175800
2022-09-09,31.313222885131836,31.493129485809504,31.178289503125132,31.313222885131836,140900
2022-09-12,31.40317726135254,31.61007260441891,31.133313919591988,31.277241263964186,229500
2022-09-13,31.016372680664062,31.277242071416566,30.89043668002455,31.115323375880436,253500
2022-09-14,31.3671932220459,31.3671932220459,30.77349252303709,30.998379203441917,215200
2022-09-15,32.05984878540039,32.08683409248442,31.20527860225106,31.20527860225106,208600
2022-09-16,32.248748779296875,32.275737514516564,31.601077469497813,31.91591745124052,855000
2022-09-19,33.040348052978516,33.06733335440749,31.16929280477663,31.16929280477663,164100
2022-09-20,33.06734085083008,33.20227425156086,32.80647487104891,32.80647487104891,165600
2022-09-21,32.46464538574219,33.19327955683325,32.428662688812025,33.15729685990308,190200
2022-09-22,31.97888946533203,32.65354959511329,31.870944805386713,32.65354959511329,147300
2022-09-23,31.39419174194336,31.84396524293682,31.04336552870889,31.84396524293682,173700
2022-09-26,31.38518524169922,31.718016575020464,31.11532190572257,31.11532190572257,189500
2022-09-27,30.7015323638916,31.852951136774013,30.44066297581711,31.457151791470338,252500
2022-09-28,30.836458206176758,31.21426958529873,30.557600939549136,30.737507525180572,221800
2022-09-29,30.224767684936523,30.674541034007,30.053855047629142,30.674541034007,155100
2022-09-30,30.01786994934082,30.773489252454343,29.487137302731348,30.31472198304523,176900
2022-10-03,30.836458206176758,30.87244089590231,30.089836267611442,30.44065891369017,246100
2022-10-04,31.951904296875,31.960898255451607,30.998383407306772,31.01637475595888,227600
2022-10-05,31.753999710083008,31.852950402001017,31.529113021723354,31.57408967309558,120800
2022-10-06,31.924915313720703,31.951900617842252,31.5111212053655,31.5111212053655,120500
2022-10-07,31.870943069458008,31.924917112240273,31.43016363214954,31.798977679081652,279900
2022-10-10,32.284732818603516,32.33870685979585,31.861944741343354,32.08683143239687,185800
2022-10-11,32.60857009887695,32.86943948322763,32.11382006643509,32.122814024189196,162500
2022-10-12,32.69852066040039,33.06733466436549,32.26673866294112,32.55459332791397,114900
2022-10-13,33.82296371459961,33.867943806989445,32.07784387895087,32.329715925137485,266300
2022-10-14,33.65204620361328,34.25474435389441,33.580084242810344,34.128804917366416,188200
2022-10-17,34.25474166870117,34.353688928111495,33.885924209314275,33.95788959597469,209500
2022-10-18,34.23675537109375,34.722508076693835,33.9219119052707,34.44365074100655,193000
2022-10-19,34.12880325317383,34.38967264029883,33.6430506048187,33.957890602039484,203200
2022-10-20,33.09432601928711,34.18277677188484,32.77948259538377,34.18277677188484,181800
2022-10-21,34.02986145019531,34.155797469287364,32.896430415368485,33.39118053244406,196600
2022-10-24,34.31770706176758,34.542593730766065,34.020855011570426,34.18277368776919,199600
2022-10-25,34.58757400512695,34.87542869710966,34.12880323062423,34.12880323062423,197700
2022-10-26,35.568077087402344,35.88291705755327,34.42565237478592,35.08232104931379,391700
2022-10-27,35.55008316040039,36.242734475936174,35.4601264386761,35.65802779497148,271200
2022-10-28,36.37767028808594,36.51260367672183,35.613056903145534,35.613056903145534,216000
2022-10-31,36.37767028808594,36.47662098221911,36.026847595430965,36.10780694231277,220800
2022-11-01,36.54859161376953,36.83644634808406,36.29671614761999,36.38667289678022,140300
2022-11-02,35.46013259887695,36.404659467827685,35.39716459848006,36.30570877249009,195500
2022-11-03,35.172279357910156,35.59506746221329,34.91141338754112,35.22625340255485,132500
2022-11-04,35.927894592285156,35.927894592285156,35.1452899103898,35.280223290353796,113100
2022-11-07,35.96388244628906,36.17977519891837,35.74799312515864,36.06283314826504,117300
2022-11-08,36.17976760864258,36.45862487589187,35.6130522544453,36.03584028091767,166600
2022-11-09,35.72100067138672,36.1168034381269,34.78547122645351,35.945887359216904,140100
2022-11-10,36.86343002319336,37.214252750621064,36.368679934987654,36.7554853604846,226100
2022-11-11,35.783966064453125,37.14228348170363,35.720998070964505,36.89940546474828,184500
2022-11-14,36.02684783935547,36.476621229188865,35.38817044935172,35.6760251443252,148900
2022-11-15,36.22475051879883,36.60255853259196,35.954887161589625,36.24274186681261,153400
2022-11-16,35.83794403076172,36.21575203312205,35.61305733464286,36.15278403272866,122100
2022-11-17,35.7030143737793,35.93689848383827,35.460136304794524,35.76598238075694,174700
2022-11-18,35.738990783691406,36.17977018647245,35.64004009542433,36.161778840287674,171400
2022-11-21,36.485618591308594,36.5036099386683,35.765978422915026,35.765978422915026,132600
2022-11-22,36.71950149536133,36.76447815076891,36.22475142288024,36.4676294798798,136100
2022-11-23,36.22475051879883,36.59356457433445,36.134793778729914,36.49461387600803,98100
2022-11-25,36.50360870361328,36.67452135049989,36.323698667601924,36.323698667601924,40000
2022-11-28,36.02684783935547,36.33269388170213,35.864929144495555,36.19776392365129,113900
2022-11-29,36.323699951171875,36.41365325660697,35.954885908490155,35.954885908490155,108500
2022-11-30,36.38666915893555,36.40466050691942,35.343194996362186,36.19776515235301,192600
2022-12-01,36.10781478881836,36.49462026003186,35.96388741102957,36.49462026003186,115400
2022-12-02,36.0808219909668,36.13479260175146,35.64004255773306,35.64004255773306,175400
2022-12-05,35.23524475097656,35.97287624715457,34.98337275762217,35.97287624715457,180500
2022-12-06,35.2082633972168,35.33419940802561,34.947393985399145,35.2532400537201,139400
2022-12-07,35.181270599365234,35.77497126070451,35.05533461536875,35.47811921428577,145200
2022-12-08,35.03604507446289,35.59880271783695,34.718362100368445,35.417268105860956,183400
2022-12-09,34.89081954956055,35.045125188120565,34.682055948849246,34.89081954956055,112200
2022-12-12,34.62759780883789,34.99066358375949,34.32806516860483,34.890819370348474,244500
2022-12-13,34.29176330566406,35.43542917163343,34.12838246766844,35.07235987331306,243700
2022-12-14,33.57469940185547,34.39159994914233,33.33870337126161,34.29175574100529,213700
2022-12-15,33.20256042480469,33.411324047454265,32.97564299203533,33.35686261709493,244400
2022-12-16,32.8667106628418,33.32962403132365,32.66702573402138,33.04824524925656,843600
2022-12-19,33.084556579589844,33.229783572556435,32.79410259365666,32.93932958662325,191400
2022-12-20,33.011940002441406,33.30239397650176,32.993786196252074,33.039172442967654,142100
2022-12-21,33.42039108276367,33.738074026284764,33.04824672214565,33.60192567726904,139900
2022-12-22,33.2933235168457,33.69269692208319,32.857642494090726,33.20255793553695,105100
2022-12-23,33.6291618347168,33.68362326344175,33.3568616160623,33.41132304478725,83500
2022-12-27,33.96500015258789,34.08299818878328,33.44762867559657,33.792544147752544,125200
2022-12-28,33.43854904174805,34.22822064407168,33.43854904174805,33.983149430422664,91500
2022-12-29,33.8288459777832,33.93776535890392,33.38408635593953,33.59284994578952,98200
2022-12-30,33.56562042236328,33.92868963686348,33.45670104300708,33.74715502961338,101200
2023-01-03,33.547462463378906,33.80161226706798,33.1934719274195,33.7199218770401,181400
2023-01-04,33.175323486328125,34.318989131621095,33.07547927543123,33.58377550250419,192900
2023-01-05,33.32054901123047,33.47485463828686,32.70333342797416,33.03917366113263,166900
2023-01-06,34.37344741821289,34.50959924572481,33.49301024441956,33.565622013270385,177100
2023-01-09,33.756229400634766,34.473289177886286,33.601927238749646,34.07391582140313,157700
2023-01-10,33.729000091552734,33.97407128374932,33.46577509299146,33.692692478823346,110000
2023-01-11,33.66546630859375,33.82884711701925,33.49301032747119,33.7471567128065,149800
2023-01-12,34.01945114135742,34.32805889803531,33.66546060391483,33.78345860389044,117000
2023-01-13,34.05577087402344,34.15561510473854,33.39317234403333,33.71085538495822,110400
2023-01-17,33.538394927978516,33.91961452657847,33.4567045193521,33.91961452657847,114600
2023-01-18,32.5853385925293,33.574698551536024,32.57625995793694,33.420392925827294,153700
2023-01-19,32.50365447998047,32.69426429346968,32.15873901093909,32.39473161871355,110500
2023-01-20,32.685184478759766,32.98471714271718,32.376576641266574,32.92118054051139,144100
2023-01-23,32.8848762512207,33.00287429404464,32.63072981666344,32.685187788362576,127600
2023-01-24,32.558109283447266,32.74872254089393,32.44918989525269,32.74872254089393,160000
2023-01-25,32.87579345703125,33.3296282492598,32.48549525871592,33.311474442072495,117700
2023-01-26,32.57625961303711,33.039173022777625,32.34026705340329,32.96655779674596,139900
2023-01-27,32.72148895263672,32.8576407799821,32.3856521643322,32.53087916434103,113800
2023-01-30,32.69425964355469,32.96655983302378,32.43103462665783,32.703334816126926,116500
2023-01-31,33.73807907104492,33.76531151490758,32.53088024267132,32.92117846734852,181200
2023-02-01,33.92868423461914,34.29174992882611,33.30239011245128,33.5111536656792,162700
2023-02-02,34.62759780883789,34.66390196259065,33.774386139678164,33.928691777445614,125500
2023-02-03,34.927127838134766,34.99974307238042,33.65639240120042,34.527754437238535,125500
2023-02-06,34.500518798828125,34.82728039770953,34.35529180626801,34.76374380486977,90500
2023-02-07,34.57313919067383,34.8091317904034,34.25545617902149,34.391604557236,120500
2023-02-08,34.24637222290039,34.51867239951345,34.02853346660378,34.318987449988995,88200
2023-02-09,33.77438735961914,34.58221280641831,33.75623355084461,34.2645298090765,102500
2023-02-10,33.94684600830078,33.99222879792052,33.338705547444576,33.683620981027424,97200
2023-02-13,34.173763275146484,34.191913620930116,33.37501302375605,33.810694034745865,70400
2023-02-14,33.810691833496094,34.16468241547341,33.59284961094139,34.082992014825976,78300
2023-02-15,34.07392120361328,34.08299637707578,33.39316893191742,33.49301315243043,80800
2023-02-16,33.747154235839844,34.35529117396623,33.58377343940613,33.783461848932795,99000
2023-02-17,34.128379821777344,34.2373026803202,33.73808156821173,33.98315280620538,149600
2023-02-21,33.70177459716797,33.95592098757702,33.60193038308302,33.95592098757702,146100
2023-02-22,33.56562042236328,33.81976679502264,33.356856835895286,33.738076394884324,163200
2023-02-23,33.70177459716797,33.883309217096524,33.38408814667178,33.574701401963445,108200
2023-02-24,33.556541442871094,34.037605154391535,33.22977987939146,33.51115519934451,132800
2023-02-27,33.19347381591797,33.964991517032466,33.057322003963925,33.66546237821174,120900
2023-02-28,32.812255859375,33.39316382165973,32.77594824611106,33.148092625855,255800
2023-03-01,32.812255859375,32.87579245134461,32.49456943704239,32.74871926740539,149300
2023-03-02,32.24042510986328,32.59441570538154,32.04073668675665,32.57626189760051,143600
2023-03-03,32.46733856201172,32.49456753912702,32.12242318111897,32.28580396877952,139000
2023-03-06,32.30396270751953,32.69426093070204,32.12242808656501,32.467343520130115,170300
2023-03-07,31.45075225830078,32.576260595872164,31.27829282251469,32.24042382155478,119600
2023-03-08,31.468908309936523,31.58690634595536,31.214761890036222,31.459833136005205,158200
2023-03-09,30.0109920501709,31.404720198420204,29.76342157339678,31.404720198420204,189300
2023-03-10,29.99265480041504,30.451117894879822,28.773143039094638,29.259114548830553,324800
2023-03-13,28.837326049804688,30.423607755853812,27.333566082353837,28.525571041241566,666500
2023-03-14,29.525022506713867,31.010441879119615,29.31412816464327,30.790381563546138,512900
2023-03-15,29.30495834350586,29.67173019547738,28.25049364133225,28.55307919498029,422100
2023-03-16,30.139360427856445,31.10213214927699,28.534741475121468,28.91068104244932,447500
2023-03-17,28.461387634277344,29.699236498464163,27.97541616056179,29.66255861415456,1600600
2023-03-20,28.452219009399414,29.598374945797914,28.452219009399414,28.874004198117508,249900
2023-03-21,29.635053634643555,30.249395989471765,29.07572810940759,29.295791929980798,308900
2023-03-22,28.562246322631836,29.89178805579714,28.51640071934594,29.66255654157233,197000
2023-03-23,28.232154846191406,29.323295622321123,27.938737031480745,28.773139624472975,212400
2023-03-24,28.81899070739746,29.139915226749135,27.507785963322103,27.947910118999754,213200
2023-03-27,28.98403549194336,29.708407973189498,28.938188136163213,29.708407973189498,176800
2023-03-28,28.81899070739746,29.350806083834506,28.62643529622728,28.88317526148821,141700
2023-03-29,28.653942108154297,29.112405181884764,28.323848135421052,28.96569713820284,140500
2023-03-30,27.883726119995117,28.90151478054667,27.755357009258155,28.782313392949803,167200
2023-03-31,28.149635314941406,28.305512840422242,27.75535676526059,28.021264456434988,244600
2023-04-03,28.15880012512207,28.58058704704363,27.975415951636943,28.19547800915776,196800
2023-04-04,27.608646392822266,28.4338795618025,27.15935279803189,28.41554061942792,188000
2023-04-05,27.516956329345703,27.700340525721526,27.159355659849563,27.39775494024833,127000
2023-04-06,27.6820011138916,27.819539687385635,27.47110676904305,27.5903081485963,121400
2023-04-10,27.856216430664062,28.07628025172327,27.39775334310351,27.636154358502743,179800
2023-04-11,27.562801361083984,27.938740966974475,27.55363188912349,27.883725884109463,131900
2023-04-12,27.150182723999023,27.957076932688313,27.08599817601096,27.581137366845855,100500
2023-04-13,27.22353744506836,27.416091093998528,26.994305911257506,27.23270691628853,151900
2023-04-14,26.563350677490234,27.617817178547018,26.407473157682546,27.324399333281217,129600
2023-04-17,27.251041412353516,27.251041412353516,26.269930824583138,26.499162335703232,117900
2023-04-18,26.590858459472656,27.196029581052276,26.31578131289932,27.196029581052276,132600
2023-04-19,27.113506317138672,27.397752937527024,26.425811695977977,26.655043236364875,129100
2023-04-20,26.545011520385742,26.957627219557345,26.453318559826133,26.920951084672154,231000
2023-04-21,26.352453231811523,26.572515263627984,25.976513708846205,26.489991783084616,166200
2023-04-24,26.2424259185791,26.572518127430065,26.141563487289716,26.315779937090177,127700
2023-04-25,24.75700569152832,26.22408786006512,24.555282571052416,26.06821034686625,276900
2023-04-26,24.188514709472656,25.096273273681074,24.005130501199783,24.564456096562967,242700
2023-04-27,24.536941528320312,24.77534251332995,24.16100198435449,24.16100198435449,167000
2023-04-28,24.408571243286133,24.839525839929156,24.206846401067956,24.637802746608553,199400
2023-05-01,24.22518539428711,24.53694037940227,24.170170323060194,24.353554476782442,392100
2023-05-02,22.262968063354492,24.2251895098121,21.887028473124726,24.0784814623516,493200
2023-05-03,20.282407760620117,23.500817095856647,20.190714793340064,22.253798687100748,816800
2023-05-04,19.43883514404297,19.86062033497118,18.19181501625896,19.759757898489283,1193100
2023-05-05,20.92425537109375,20.94259431462497,20.080683206534676,20.108191621831505,611500
2023-05-08,21.41022491455078,21.923703043971695,20.704191393535925,21.098469898749357,613200
2023-05-09,20.786714553833008,21.364377221673216,20.346590449869257,21.254347070131143,344500
2023-05-10,20.282407760620117,21.190164464007072,20.144867435251093,21.190164464007072,336200
2023-05-11,19.796436309814453,20.805055454725707,19.741421228862315,19.952313829927082,292100
2023-05-12,19.65889549255371,20.025665571932052,19.448001166625684,19.98898768954537,279200
2023-05-15,20.19071388244629,20.5758229285302,19.768926951545907,19.768926951545907,260300
2023-05-16,19.860620498657227,20.557484590580025,19.833112084236035,20.227390613117155,239100
2023-05-17,21.19933319091797,21.382717370138124,20.117360062597108,20.135697256290648,550000
2023-05-18,22.042905807495117,22.107090359109133,20.584993067784687,21.18099472421209,780400
2023-05-19,21.41022491455078,22.492197998932454,21.18099338816137,22.437181173392613,337400
2023-05-22,22.024566650390625,22.09792067279326,21.336872034529204,21.69447267512983,199100
2023-05-23,22.84062957763672,23.36327718777705,22.024565888042012,22.024565888042012,420900
2023-05-24,22.327150344848633,22.638905351221375,22.244626857932456,22.638905351221375,292800
2023-05-25,21.97871971130371,22.64807714596723,21.731150974047875,22.143766702072856,258000
2023-05-26,22.40967559814453,22.42801279198418,21.72198098556925,21.932873580356855,180600
2023-05-30,22.428014755249023,22.492201060448863,22.006229528752307,22.391338615461393,162700
2023-05-31,22.13459587097168,22.409674754990778,21.538594245610295,22.400505283967032,424100
2023-06-01,22.418846130371094,22.648077678743405,21.859520592695322,22.3088142176373,206400
2023-06-02,24.105987548828125,24.142663682701972,22.638905467022276,22.83145910487983,332700
2023-06-05,23.436630249023438,24.115155342232747,23.225737669153865,24.087648678970105,299500
2023-06-06,25.288822174072266,25.49054528970787,23.4366310025987,23.4366310025987,573400
2023-06-07,26.26993751525879,26.489999612113852,25.233811590620597,25.563903861454154,425600
2023-06-08,25.917192459106445,26.19567161180118,25.675843033858282,26.09356353342766,337300
2023-06-09,25.545886993408203,26.14925968688679,25.425211392396093,25.99145435746679,231200
2023-06-12,25.100318908691406,25.833648286333876,24.92394783486761,25.43449353687716,281500
2023-06-13,25.573732376098633,25.861496164712566,24.914664242653703,25.220992009140133,242300
2023-06-14,24.868253707885742,25.88934516730692,24.691882624492457,25.620148875258884,338500
2023-06-15,25.220991134643555,25.3416649540031,24.831119284403794,24.831119284403794,301500
2023-06-16,24.64546775817871,25.42521153491571,24.487662427874145,25.42521153491571,723000
2023-06-20,24.348421096801758,24.645465986485497,24.12563742953895,24.645465986485497,193000
2023-06-21,23.78217887878418,24.32057315994812,23.745047383966675,24.255593044017488,171200
2023-06-22,23.27163314819336,23.68935364276904,23.188089049278226,23.68935364276904,212100
2023-06-23,22.96530532836914,23.448004172100564,22.566150583380743,22.928175601442934,441300
2023-06-26,22.946741104125977,23.475854354826247,22.946741104125977,23.04885095837947,140700
2023-06-27,23.438720703125,23.698635867123706,22.835348049031182,23.002436242278407,184800
2023-06-28,23.81930923461914,23.875004707794982,22.937455685120344,23.24378521390539,590600
2023-06-29,23.921419143676758,24.264876628158937,23.81930930046613,24.069941586241026,199400
2023-06-30,23.77289581298828,24.13491903189808,23.763612939358914,24.051374939760876,311300
2023-07-03,24.366987228393555,24.394835851187235,23.819310040475102,23.95854961338905,115900
2023-07-05,23.912137985229492,24.42268369685636,23.902855110587346,24.162770288985502,211100
2023-07-06,23.169523239135742,23.577960858246957,22.918892713581524,23.559395109531163,183300
2023-07-07,23.865724563598633,24.014248793267647,23.234504997510346,23.234504997510346,198500
2023-07-10,23.8750057220459,24.450531537736136,23.698636421075406,23.772897645306994,156200
2023-07-11,23.865724563598633,24.032812772764824,23.698638124959817,23.912138938660004,109600
2023-07-12,24.246315002441406,24.67331662359779,24.060661045965464,24.42268431351347,172200
2023-07-13,24.413400650024414,24.71972842894544,24.199899846342824,24.376270922245016,137800
2023-07-14,23.912137985229492,24.645467376685936,23.64293993218919,24.645467376685936,141600
2023-07-17,24.22774887084961,24.496945155917004,23.875006713210144,23.875006713210144,143500
2023-07-18,25.323101043701172,25.332383917603696,24.190615214973615,24.22774671058371,173900
2023-07-19,26.409175872802734,26.464871352797612,25.12816743922878,25.712976176020877,224100
2023-07-20,26.177106857299805,26.35347615586513,25.610863923676334,26.35347615586513,206400
2023-07-21,25.833648681640625,26.37204301529053,25.685126228945983,26.37204301529053,170400
2023-07-24,26.372041702270508,26.399890324711954,25.75938617277638,25.75938617277638,114400
2023-07-25,25.926475524902344,26.39060862983643,25.83364854981007,26.269933031058287,168700
2023-07-26,27.031112670898438,27.458114275381146,25.016774935058454,25.527320639640347,193600
2023-07-27,26.214237213134766,27.123937662042714,26.074997637571673,27.06824218592293,193400
2023-07-28,26.158540725708008,26.492717110561752,25.954321036951967,26.492717110561752,198500
2023-07-31,26.0007381439209,26.316348813827837,25.88006253867728,26.177109228992983,142500
2023-08-01,25.63871192932129,25.97288654050054,25.32310129560459,25.97288654050054,140200
2023-08-02,25.50875473022461,25.666560054916722,25.100318877338065,25.17458010245628,146100
2023-08-03,25.42521095275879,25.66656038008242,25.28597137521404,25.443776701905364,148600
2023-08-04,25.36951446533203,25.60158100883874,25.156013670232394,25.350948716924965,157800
2023-08-07,25.805803298950195,25.852217677826346,25.369518760679462,25.369518760679462,150200
2023-08-08,25.67584228515625,25.74082063418845,24.62690228536385,25.267404671990285,145000
2023-08-09,25.490190505981445,25.703693090178096,25.211711337763028,25.545887756047026,119100
2023-08-10,25.34166717529297,25.796519182548096,25.174580742424894,25.620148104461045,124000
2023-08-11,25.601579666137695,25.740819230833715,25.295251915595603,25.295251915595603,100900
2023-08-14,25.193143844604492,25.52732023976652,25.03533852139212,25.378797790922786,94500
2023-08-15,24.37626838684082,25.02605360487735,24.320572915701028,24.76614022587358,153900
2023-08-16,24.37626838684082,24.5990520419271,24.22774595011664,24.22774595011664,155900
2023-08-17,24.450532913208008,24.747577826844704,24.27416183178846,24.487662642148923,141600
2023-08-18,24.37626838684082,24.561920547482497,23.215935743353693,24.19989732928319,137800
2023-08-21,23.921419143676758,24.599053009192133,23.8842876477721,24.41339907072321,80400
2023-08-22,23.280916213989258,24.12563831394107,23.22522073776366,23.92142038742904,118500
2023-08-23,23.438720703125,23.596526022244355,23.234502783893507,23.243785658021373,115000
2023-08-24,23.512983322143555,23.893572331354726,23.29019964142438,23.29019964142438,110300
2023-08-25,23.2252197265625,23.819309501842202,22.983870312723322,23.540830362311638,126900
2023-08-28,23.4480037689209,23.78218015814696,23.299481322715366,23.32732817479939,98300
2023-08-29,23.58724594116211,23.84716113593825,23.123112802972337,23.475854979491913,101000
2023-08-30,23.53154945373535,23.726484513583305,23.26235139524741,23.522266578905352,86300
2023-08-31,23.540830612182617,23.77289715443039,23.49441624141674,23.503699115569916,166500
2023-09-01,24.506227493286133,24.599054468025646,23.77289811095125,23.77289811095125,186700
2023-09-05,23.921419143676758,24.589770135215968,23.87500477379594,24.366986471369565,352000
2023-09-06,23.522266387939453,24.060660730017034,23.34589530865603,23.977116627752643,194600
2023-09-07,23.14575958251953,23.5222660870397,22.8445543789034,23.5222660870397,297400
2023-09-08,23.15517234802246,23.39990202350731,22.637474336115226,23.14575946104328,403600
2023-09-11,22.872791290283203,23.296362230791075,22.722188688174768,23.19282226859479,193100
2023-09-12,22.99515724182129,23.18340959855666,22.816315976896735,22.910443052926745,152500
2023-09-13,23.11751937866211,23.606978699536064,22.7504257856689,23.606978699536064,225500
2023-09-14,23.71993064880371,23.71993064880371,23.324598411479503,23.324598411479503,157100
2023-09-15,23.39990234375,23.738757303014868,23.164585552023873,23.588154699936116,626600
2023-09-18,23.013980865478516,23.39990022534593,22.948090661687573,23.39990022534593,131100
2023-09-19,22.750425338745117,23.126931810742402,22.590409863730713,23.08928206120491,151300
2023-09-20,22.54334831237793,23.023392965188208,22.515109652373095,22.910441915817987,141100
2023-09-21,22.251558303833008,22.628066658508097,22.138607233690394,22.383336946099245,148700
2023-09-22,22.11977767944336,22.355094463267225,21.846809348451877,22.260967390672764,130900
2023-09-25,22.336267471313477,22.373919016427326,21.940935224240473,22.035062291700616,117400
2023-09-26,22.38333511352539,22.618651918268963,21.922114391666963,22.091540983009548,178400
2023-09-27,22.373918533325195,22.684536592509595,22.19507728854495,22.477456689503697,188700
2023-09-28,22.825727462768555,22.995155830156495,22.420982317413927,22.420982317413927,154500
2023-09-29,22.985742568969727,23.211646456696947,22.83513997715158,22.97632968256553,282700
2023-10-02,22.75984001159668,23.202234926505707,22.571585863157942,23.013982573391587,298000
2023-10-03,22.59041404724121,22.85396952410929,22.355097234249115,22.65630246762703,166800
2023-10-04,22.901031494140625,22.985745687948924,22.392748126615583,22.59041338195178,131300
2023-10-05,23.50343894958496,23.62580467853366,22.901028577297573,22.901028577297573,287800
2023-10-06,22.985742568969727,23.550503185950028,22.825727090747385,23.221059343101143,160000
2023-10-09,23.239885330200195,23.44696344702845,22.420982158729128,22.84455307420115,106200
2023-10-10,23.418725967407227,23.597567229097177,23.239886501041894,23.27753625357816,107400
2023-10-11,23.53167724609375,23.823469541254454,23.381074655344708,23.437550178044475,88900
2023-10-12,23.22106170654297,23.67286952798245,23.08928487412096,23.578742449684718,102100
2023-10-13,22.872791290283203,23.5505047950958,22.788077102181628,23.40931508003472,111900
2023-10-16,23.334014892578125,23.494028594045815,23.04222076615833,23.126934958302822,114300
2023-10-17,23.814056396484375,24.105850483802996,23.164583404173978,23.164583404173978,162900
2023-10-18,23.249300003051758,23.51285366375159,23.155172926234105,23.51285366375159,93900
2023-10-19,22.948091506958008,23.53167790904513,22.919854642474863,23.286948243352114,102600
2023-10-20,22.279794692993164,23.013983755217136,22.24214314324207,23.013983755217136,169400
2023-10-23,22.22332000732422,22.665714961745355,22.10095426131267,22.166842680553607,99700
2023-10-24,22.13860511779785,22.392747694316444,21.85622387878006,22.34568325681779,123500
2023-10-25,22.13860511779785,22.25155617714519,21.649145739760126,21.90328831627872,103300
2023-10-26,22.73160171508789,22.853967452131798,21.686796380947587,21.686796380947587,139200
2023-10-27,22.552759170532227,22.929267452072125,22.26096686813089,22.665712014059103,147100
2023-10-30,22.844554901123047,23.032807260024207,22.533936803377692,22.741014936766373,148600
2023-10-31,22.957504272460938,22.98574293211967,22.66571197061884,22.78807590515761,125400
2023-11-01,23.13634490966797,23.173996454876093,22.64688559390929,22.929266796996753,167300
2023-11-02,24.12467384338379,24.152912501366593,23.230471217821513,23.437549323722113,164900
2023-11-03,25.084768295288086,25.273022436715113,24.538833439539165,24.538833439539165,193800
2023-11-06,24.68943977355957,25.414215993892995,24.58590159588681,25.047122337374038,136800
2023-11-07,24.294105529785156,24.614136516148125,24.07761450822335,24.567073875051967,113900
2023-11-08,23.71993064880371,24.407055172266798,23.541089404572073,24.407055172266798,131000
2023-11-09,23.381074905395508,23.974072388396152,23.286947836339582,23.776407159170777,112500
2023-11-10,23.559917449951172,23.66345561580242,23.10810785275399,23.484616149639077,105900
2023-11-13,23.804649353027344,23.861124884716645,23.16458734279932,23.352839713538582,70100
2023-11-14,25.950735092163086,26.10133769285001,24.190566523387957,24.92475375290555,211600
2023-11-15,25.828372955322266,26.204879483321914,25.640118793660072,25.884848485691027,194600
2023-11-16,25.57422637939453,25.894257327016724,25.21654568251797,25.894257327016724,126000
2023-11-17,26.01662254333496,26.18605091167267,25.762481786152946,25.941321245776486,159100
2023-11-20,25.84719467163086,25.950734631009908,25.658942321779822,25.950734631009908,98400
2023-11-21,25.16006851196289,25.781304638530532,25.047117468218485,25.715416230458885,165900
2023-11-22,25.24478530883789,25.517753650939216,24.952992987711202,25.480102102239176,117500
2023-11-24,25.23537254333496,25.734244794067866,25.018881523239887,25.17889701533726,53000
2023-11-27,25.047119140625,25.21654751287888,24.792976582244176,25.075356005784254,191500
2023-11-28,25.00946807861328,25.141244906112455,24.416470559542375,24.971818325895498,136700
2023-11-29,25.414215087890625,25.640119006566238,24.92475569976442,25.30126223089044,179600
2023-11-30,25.056529998779297,25.602464823327143,24.952990047379455,25.28243387838622,219800
2023-12-01,26.571971893310547,26.637860308243976,24.915341451496396,25.018881415148734,203800
2023-12-04,26.957889556884766,27.052016627302287,26.35547917873189,26.44960624914941,156400
2023-12-05,26.50608253479004,26.976716105074416,26.50608253479004,26.882589031952623,204600
2023-12-06,26.48725700378418,27.44734992683884,26.459020138316145,26.816700865066615,200900
2023-12-07,27.21189308166504,27.240495868932747,26.4014474349256,26.668416481905485,219000
2023-12-08,27.77443504333496,27.831644253530435,27.0784060199351,27.288169486804783,201000
2023-12-11,27.64095115661621,27.793505416785273,27.288170111946595,27.631416288031865,166100
2023-12-12,27.32630729675293,27.812574674632828,27.25956503640298,27.555138683062847,126500
2023-12-13,29.261842727661133,29.357189595838147,27.250030901628126,27.488397162775534,363800
2023-12-14,29.74810791015625,30.634830626769443,29.423929673575294,30.14856327189801,378300
2023-12-15,28.994873046875,29.652764463766246,28.85185364805264,29.652764463766246,652000
2023-12-18,29.0902156829834,29.319047051495975,28.689760333438876,29.319047051495975,312400
2023-12-19,29.59555435180664,29.776711391680358,29.004405254046183,29.176029244318258,190700
2023-12-20,29.166492462158203,30.310651109829756,29.166492462158203,29.62415519379081,191500
2023-12-21,29.490673065185547,29.54788045660922,29.16649481613442,29.433465673761873,193800
2023-12-22,29.72903823852539,30.053216475807577,29.42392973722219,29.63369137722061,118100
2023-12-26,30.425067901611328,30.47274042401403,29.700434285831314,29.938800535025127,122500
2023-12-27,30.52041244506836,30.663433647107414,30.301117754464123,30.51087939561654,126700
2023-12-28,30.425067901611328,30.70157362359943,30.329721038215773,30.482275292212602,119600
2023-12-29,29.910198211669922,30.558552891890102,29.910198211669922,30.22484159272905,146600
2024-01-02,29.833921432495117,30.348791599073937,28.527673551247567,29.652762568981178,266100
2024-01-03,28.565811157226562,29.63369278096326,28.499068896728684,29.261842004709237,237200
2024-01-04,28.870922088623047,29.176030610688823,28.60395122252037,28.699298090313484,152400
2024-01-05,29.004405975341797,29.633692742928705,28.985336238483963,29.395326487976384,227900
2024-01-08,29.0806827545166,29.252306746993096,28.794643979449233,28.966266153335546,170900
2024-01-09,28.603952407836914,28.80417920176842,28.203497001383585,28.623022145903814,144600
2024-01-10,28.613483428955078,28.642088032208708,28.136750952935014,28.413254843359812,164300
2024-01-11,28.27977180480957,28.470465532584793,27.679089653920904,28.28930667305735,179400
2024-01-12,27.97466278076172,28.78510838101633,27.79350392456595,28.623019260965407,84200
2024-01-16,27.717226028442383,28.03186939172931,27.345375276900583,27.564671780702664,172900
2024-01-17,27.4025821685791,27.7744329133824,27.19282053638571,27.221423320699778,109100
2024-01-18,27.53606605529785,28.17488762364983,27.250027307088317,27.49792840421192,139500
2024-01-19,28.203493118286133,28.213027986006807,27.393047547929335,27.707690908351378,121700
2024-01-22,29.10928726196289,29.18556438963139,28.375118771534716,28.584880417975548,120100
2024-01-23,28.680227279663086,29.48113802940634,28.651622674818622,29.48113802940634,160100
2024-01-24,29.509740829467773,30.167630333343087,28.928126629999102,28.93766149769745,350600
2024-01-25,29.252307891845703,30.08182146316,28.69929823810609,30.08182146316,228800
2024-01-26,29.28091049194336,29.919732141191712,29.080683706559217,29.500208833170586,157000
2024-01-29,29.767175674438477,29.80531514611782,29.023474162592322,29.185563280049323,118100
2024-01-30,29.55741310119629,29.795779335883356,29.47160111122174,29.595552571669444,105700
2024-01-31,27.97466278076172,29.347652867158345,27.93652330847203,28.928127764922404,198000
2024-02-01,27.421653747558594,29.09021750542798,26.801901858353713,28.24163423337469,247400
2024-02-02,27.478862762451172,27.774436422106472,26.716091441214814,26.82097136126589,199900
2024-02-05,26.859107971191406,27.14514673149177,26.477722351260894,27.107009078793762,194300
2024-02-06,26.83050537109375,27.250030493637276,26.61120885058313,26.859109976695656,160600
2024-02-07,26.55400276184082,27.25956670068757,25.94378387583501,26.944923297977667,189800
2024-02-08,26.859107971191406,26.868642839013432,26.229821243658538,26.4395828799728,149800
2024-02-09,27.240495681762695,27.2691002874241,26.41098212207447,26.811437508382994,149200
2024-02-12,28.050941467285156,28.365584856818863,27.18328842891674,27.288170164958053,198100
2024-02-13,26.37284278869629,27.393050087728227,25.953317663039805,26.95445704345254,255600
2024-02-14,26.992591857910156,27.06886898012838,26.353770277361278,26.76376049125549,214300
2024-02-15,28.270235061645508,28.403721389671258,27.135611275671913,27.135611275671913,199600
2024-02-16,27.745832443237305,28.222564953194677,27.62188097223787,27.965128961356047,273800
2024-02-20,27.51700210571289,27.83164550153623,27.27863584164702,27.28817071044049,139200
2024-02-21,27.469327926635742,27.59327940310459,27.250031398840434,27.393050794420404,134600
2024-02-22,27.507465362548828,27.631415011237376,27.183287120021667,27.269099114725336,215100
2024-02-23,27.593276977539062,28.031869994575498,27.183286745950145,27.421652990493456,134900
2024-02-26,27.230960845947266,27.669555706998295,27.011664324716865,27.393049974376307,138200
2024-02-27,27.307235717773438,27.65048368337799,27.116543818007635,27.497929436129315,105400
2024-02-28,27.011661529541016,27.34537462043162,26.944919275080903,27.02119639711961,266600
2024-02-29,27.63141632080078,28.012801971675728,27.269100407117136,27.612346583609472,205000
2024-03-01,27.173751831054688,27.631414583326613,26.84957359354788,27.450257547171134,205000
2024-03-04,27.173751831054688,27.803038570076115,27.1451472270664,27.154682095062494,166400
2024-03-05,28.346511840820312,28.40372104582023,27.021196174352646,27.021196174352646,223300
2024-03-06,28.29884147644043,29.700434371028127,27.698157508338443,28.38465347188357,364400
2024-03-07,28.540132522583008,29.022718468087405,28.43396302547787,28.742819576972884,231300
2024-03-08,28.443614959716797,29.032370402210802,28.31814342391476,29.032370402210802,188300
2024-03-11,28.598041534423828,28.858638379653005,28.443614183381182,28.530479798457574,196900
2024-03-12,27.88381576538086,28.501527036827454,27.710084527815233,28.453267336992937,197700
2024-03-13,27.73904037475586,28.414661445743153,27.61356883690244,27.874163852585593,209900
2024-03-14,26.9862060546875,27.80660255654732,26.812476655104845,27.57496151618443,271300
2024-03-15,27.246801376342773,27.739039249653484,26.908990854550805,26.908990854550805,1497600
2024-03-18,26.812475204467773,27.61356778272595,26.802823264859935,27.352970936072037,229900
2024-03-19,27.092376708984375,27.275759897426173,26.793173915888385,26.793173915888385,170200
2024-03-20,27.912771224975586,28.163716138117852,26.73526217800275,26.89934147348349,253900
2024-03-21,27.980335235595703,28.549786846109637,27.806603986161697,28.154066485029706,190600
2024-03-22,27.468791961669922,28.086503242342552,27.430186042145014,28.086503242342552,149700
2024-03-25,27.488096237182617,27.903120463329834,27.40123061585323,27.613569619511452,191900
2024-03-26,27.324016571044922,27.729388851546087,27.246802890993237,27.729388851546087,116900
2024-03-27,28.30849266052246,28.34710042140093,27.42053441043064,27.42053441043064,183000
2024-03-28,28.771772384643555,28.848986059145265,28.211972784276345,28.376052072707385,366000
2024-04-01,28.183021545410156,28.90690050454652,28.096155923040243,28.90690050454652,180600
2024-04-02,27.64252281188965,28.05754702621408,27.478443514154858,27.78730007059394,203600
2024-04-03,27.439838409423828,27.70043527372132,27.324016967207374,27.410882588639872,151100
2024-04-04,27.54600715637207,28.144412708817207,27.459141537320466,27.81625411260433,149100
2024-04-05,27.430187225341797,27.565310710886525,27.246804037160082,27.38192936362423,109100
2024-04-08,28.047895431518555,28.096155131987185,27.430185992874797,27.430185992874797,132500
2024-04-09,28.096155166625977,28.34710008661422,28.038243525992222,28.12510914602351,88000
2024-04-10,26.542226791381836,27.27575764361761,26.20441626403494,27.27575764361761,183400
2024-04-11,26.590484619140625,26.918643206373254,26.300933790838553,26.764215852489578,244700
2024-04-12,26.542226791381836,26.590484649180276,26.262326061576925,26.310585760294636,102400
2024-04-15,26.32023811340332,26.88968968078078,26.127202997339356,26.551879148128496,131300
2024-04-16,26.04998779296875,26.271976874793648,25.82799871114385,26.15615728467596,119300
2024-04-17,26.387800216674805,26.68700299388434,26.175463058803413,26.339542357451094,208800
2024-04-18,26.60013771057129,26.70630721130783,26.26232716897994,26.387800550017555,181500
2024-04-19,27.35297393798828,27.468793544154753,26.455363706060623,26.455363706060623,223700
2024-04-22,27.5556583404541,27.854862969377177,27.10202818826017,27.304715254334493,184100
2024-04-23,27.989986419677734,28.134761843319776,27.613569950024548,27.613569950024548,159600
2024-04-24,27.295061111450195,27.710083468647667,26.822127116664877,27.159935797997786,241400
2024-04-25,26.79317283630371,26.870386516601787,26.37814861435679,26.812476716608067,198400
2024-04-26,26.561532974243164,26.92829751170666,26.43605958761553,26.658050539129167,109800
2024-04-29,26.416757583618164,26.73526425953537,26.387801761836805,26.667700675378864,116200
2024-04-30,26.059642791748047,26.35884558241809,26.021035029896733,26.214070157314485,158100
2024-05-01,26.561532974243164,27.092376819737034,26.243026298762956,26.2526782393435,177300
2024-05-02,26.9862060546875,27.121331375588696,26.667699394073615,26.889690335225808,141900
2024-05-03,27.295061111450195,27.60391581490843,27.17923967719374,27.517050199445894,91400
2024-05-06,27.30471420288086,27.546007180251305,27.285410322870586,27.40122992109358,110300
2024-05-07,27.246801376342773,27.642521694724458,27.188891579753054,27.36262281044145,129800
2024-05-08,27.391576766967773,27.439836464854363,26.957250531503902,26.957250531503902,87000
2024-05-09,27.565309524536133,27.632871264400787,27.24680286451752,27.430186044806824,145500
2024-05-10,27.430187225341797,27.690784096823275,27.227500156105286,27.642524394186285,111900
2024-05-13,27.362625122070312,27.6618279108,27.324017360469373,27.58461422851752,102100
2024-05-14,27.603918075561523,27.71973767838391,27.439838770796978,27.71973767838391,108400
2024-05-15,27.825904846191406,28.06719781289127,27.507398203784355,27.941726280211807,156500
2024-05-16,27.77764892578125,27.94172822821297,27.61356962334953,27.681131364188584,123400
2024-05-17,28.096155166625977,28.250582526477302,27.806602486215233,27.9224239265634,137800
2024-05-20,27.54600715637207,28.250582207862347,27.526703276378534,28.144412708817207,134800
2024-05-21,27.806604385375977,27.854864089200188,27.517053526108565,27.517053526108565,130500
2024-05-22,27.44948959350586,27.989985346814525,27.33366815448006,27.825906048730907,234400
2024-05-23,26.609790802001953,27.507401024724274,26.493971197023257,27.507401024724274,169300
2024-05-24,26.754566192626953,26.783522014292316,26.474667280206145,26.783522014292316,128800
2024-05-28,26.2719783782959,26.995857301175036,26.204416640040932,26.812475966174215,104300
2024-05-29,25.75078773498535,25.905215098598987,25.509494749224125,25.712179973622252,222700
2024-05-30,26.2719783782959,26.407103695725127,25.95347172586585,26.175462661314118,113100
2024-05-31,26.63874626159668,26.715959944172692,26.310587650418764,26.513272876836027,193800
2024-06-03,26.059642791748047,27.150286291175927,25.98242910896483,26.94760106421476,97300
2024-06-04,25.634965896606445,25.98242837984006,25.567404156181986,25.692877537758285,134200
2024-06-05,25.83765411376953,25.99208148190546,25.577057239695367,25.84730605439296,104300
2024-06-06,26.04998779296875,26.069291671628093,25.625311667059105,25.683223303037142,193500
2024-06-07,25.873910903930664,26.079336138139567,25.707613486130434,25.805433960055087,187300
2024-06-10,25.384801864624023,25.84456445018249,25.326107339467285,25.62935678869244,205800
2024-06-11,25.6489200592041,25.717397006006813,25.003295201512437,25.267414970333398,210900
2024-06-12,26.245634078979492,26.89125892193953,26.04998939561937,26.490189000276658,261800
2024-06-13,25.815216064453125,26.138028475546488,25.688048330424916,26.11846550048471,147300
2024-06-14,25.55109977722168,25.668485098172447,25.36523750894259,25.48262282989336,132900
2024-06-17,25.991296768188477,26.001079188948843,25.423929424729028,25.551099028807826,175600
2024-06-18,25.98151397705078,26.255416157018537,25.834781399348966,25.95216858099399,137900
2024-06-20,25.86412811279297,26.1673756823875,25.73695851322351,25.77608819487747,186000
2024-06-21,25.6489200592041,25.92282224899688,25.521752318182543,25.903257407053246,730500
2024-06-24,26.030426025390625,26.3825838379729,25.69783118820307,25.883691582191567,179800
2024-06-25,25.844562530517578,26.02064236129706,25.78586987552637,25.971730260632835,151100
2024-06-26,26.147811889648438,26.27498149431526,25.629356647593518,25.648919623398733,156000
2024-06-27,26.480405807495117,26.499970648421915,25.991295979160725,26.265198154718117,154300
2024-06-28,27.30211067199707,27.409715432091115,26.744525762066004,26.822783260550963,863200
2024-07-01,27.12603187561035,27.546666645796854,27.086904057768308,27.302111720414562,253300
2024-07-02,27.478191375732422,27.487973796576977,27.16516137193067,27.16516137193067,160800
2024-07-03,26.959733963012695,27.615141225788754,26.959733963012695,27.615141225788754,86200
2024-07-05,26.5195369720459,27.037992224951196,26.5195369720459,26.8912596414083,130200
2024-07-08,26.783653259277344,27.047773013194305,26.617355843752506,26.813000520536757,127000
2024-07-09,27.05755615234375,27.05755615234375,26.578228733876472,26.715178891779704,180100
2024-07-10,27.771656036376953,27.810785719048614,27.04777369920492,27.08690338187658,135800
2024-07-11,28.925954818725586,29.160727311370678,28.006427823177873,28.055339925274296,275000
2024-07-12,28.965085983276367,29.40528372984471,28.740094033726134,29.18029364610049,255300
2024-07-15,30.09981918334961,30.45197698983071,29.150944925422007,29.307459920703813,232300
2024-07-16,31.371505737304688,31.449765105119152,30.20742376234885,30.412850871249773,269800
2024-07-17,32.3595085144043,32.486674384899466,30.970434640864916,30.970434640864916,245100
2024-07-18,31.518238067626953,32.77035801559977,31.37150362864373,31.811703213981605,193700
2024-07-19,31.59649658203125,32.22255661315121,31.498676101523305,31.518240943947323,161400
2024-07-22,32.08560562133789,32.320379992766654,30.226988552469994,31.332375999669495,169200
2024-07-23,32.799705505371094,33.16164948288065,31.762795006592473,31.762795006592473,201000
2024-07-24,32.59428024291992,33.50402486628524,32.35950960363263,32.682320165555666,177600
2024-07-25,33.53337097167969,34.090955916280926,32.643191171385425,32.643191171385425,246900
2024-07-26,32.0660400390625,32.124734563467534,30.334592616845462,30.60849479998436,703400
2024-07-29,31.449764251708984,32.65297401211614,31.410634568863564,32.28124948830852,477800
2024-07-30,31.439979553222656,31.68453447038414,31.27368213492061,31.449763839611776,293500
2024-07-31,31.18564224243164,32.06603957181272,30.960652166242042,31.54758434109808,385300
2024-08-01,29.923738479614258,31.508453227347697,29.777005909017586,31.391067917192704,416200
2024-08-02,29.777008056640625,29.87483039936232,28.466193515265502,28.74987625677182,483000
2024-08-05,29.61071014404297,29.64005554030995,27.928171101313033,28.671618281574126,606100
2024-08-06,29.375938415527344,29.99221600877907,29.307461468894026,29.552016395166397,418500
2024-08-07,29.14116668701172,30.001999229482823,29.013997077108787,29.777009139108177,408300
2024-08-08,29.424848556518555,29.67918590289198,28.974868389262046,29.53245332077816,295000
2024-08-09,28.97486686706543,29.757441841097172,28.603142355045915,29.444411851484475,327200
2024-08-12,28.71074867248535,29.493323689006534,28.427064062867665,29.25855118405018,201900
2024-08-13,28.906391143798828,29.10203582846384,28.32924137642364,29.10203582846384,207000
2024-08-14,28.877044677734375,29.072687489347985,28.417280245540258,29.072687489347985,177300
2024-08-15,29.894392013549805,29.99221435181562,29.405282188026646,29.630274125779795,320500
2024-08-16,30.295461654663086,30.65740374332032,29.786788858606997,29.786788858606997,188400
2024-08-19,30.64762306213379,30.64762306213379,30.22698829348643,30.44219782115122,154000
2024-08-20,30.090038299560547,30.530236046593476,29.992215956062335,30.530236046593476,159000
2024-08-21,29.884611129760742,30.285681058047622,29.688968308975394,30.285681058047622,219600
2024-08-22,30.138948440551758,30.256335625529683,29.718313670939374,29.9335231990979,246600
2024-08-23,31.753007888793945,32.33015761238943,30.35415540303129,30.35415540303129,272200
2024-08-26,31.68453598022461,32.20299123519673,31.62584518554072,32.18343012471015,239900
2024-08-27,31.312808990478516,31.50845366452588,31.019343845213356,31.50845366452588,179500
2024-08-28,31.391069412231445,31.762793932306444,31.13673207370801,31.13673207370801,184500
2024-08-29,31.391069412231445,31.753009645887364,31.078039415835203,31.753009645887364,206500
2024-08-30,31.508455276489258,31.63562488086777,31.126950194965683,31.420415355244433,195000
2024-09-03,31.439979553222656,31.616059392107875,31.078039320674986,31.38128876133551,220000
2024-09-04,30.774789810180664,31.537803687489166,30.628057233377927,31.332374721514633,228600
2024-09-05,30.667186737060547,31.04869180768752,30.275899245929555,31.04869180768752,302800
2024-09-06,30.508853912353516,30.9937495163472,30.17239542999375,30.68697921330638,530500
2024-09-09,30.261457443237305,30.815623566492064,30.221875092459292,30.627604097205857,419300
2024-09-10,30.073436737060547,30.370312867979735,29.657811663758014,30.261458097894657,216400
2024-09-11,29.707290649414062,29.84583170523044,29.123436360644583,29.71718670875528,226600
2024-09-12,29.727083206176758,30.0041653218928,29.519269731909375,29.93489479296379,166200
2024-09-13,30.49895668029785,30.49895668029785,29.865623979013538,30.142706092085255,178200
2024-09-16,30.71666717529297,30.954166945722918,30.073436506963084,30.498957636788557,279100
2024-09-17,30.875,31.68645801149373,30.667186523591884,31.023437118874156,190800
2024-09-18,30.419790267944336,31.5479146204784,30.370311858176482,30.845311386877107,695600
2024-09-19,31.201562881469727,31.25104129267163,30.528645919233593,30.954167050499407,446100
2024-09-20,30.202083587646484,31.251041385584813,30.033854346587287,30.993749494113068,1362900
2024-09-23,29.964584350585938,30.617709206949502,29.925000110815812,30.42968784300228,446200
2024-09-24,29.271873474121094,30.182290171177126,29.18281082753559,30.152601993155184,324600
2024-09-25,28.9453125,29.34114545583725,28.8958340883255,29.34114545583725,477800
2024-09-26,28.935415267944336,29.281769798075654,28.856248679984063,29.281769798075654,288500
2024-09-27,29.073957443237305,29.519270697316532,28.965104560280484,29.31145910373317,385400
2024-09-30,29.469791412353516,29.727083297365052,29.02447817147194,29.02447817147194,320400
2024-10-01,28.54947853088379,29.420311002818124,28.440623764086865,29.420311002818124,322900
2024-10-02,28.40104103088379,28.905726845186983,28.341664674805497,28.499997849386958,253900
2024-10-03,28.49010467529297,28.519790966891453,28.104165897189144,28.302083316087536,199300
2024-10-04,29.054166793823242,29.19270785422244,28.67812407633916,28.697916195676296,344900
2024-10-07,28.984895706176758,29.093748585476753,28.757290113137824,28.935415408785534,261100
2024-10-08,28.80677032470703,29.163019027460752,28.747393968014457,29.12343667714605,184400
2024-10-09,28.935415267944336,29.20260321011538,28.767186032593713,28.767186032593713,192800
2024-10-10,29.01458168029785,29.0442698584084,28.460415567929964,28.86614456470578,222500
2024-10-11,29.816144943237305,30.10312501532088,29.083853504532193,29.123437743776996,224500
2024-10-14,30.19218635559082,30.32083135259151,29.578643886291285,29.766665239581837,165100
2024-10-15,30.350521087646484,31.231249655508343,30.14270760493231,30.301042675680478,387600
2024-10-16,31.03333282470703,31.369791296975947,30.597915645156608,30.716666471390486,533100
2024-10-17,31.557811737060547,31.58749991640397,30.795834008716817,30.9937495418984,262200
2024-10-18,31.13228988647461,31.617187367174683,31.02343700635124,31.617187367174683,340100
2024-10-21,30.18229103088379,31.11249987311701,30.093228381761442,31.11249987311701,441400
2024-10-22,30.538541793823242,30.568228085372244,29.99426983650007,30.12291672481371,388500
2024-10-23,30.43958282470703,30.578123884034163,30.142706699388416,30.390102526747075,442900
2024-10-24,30.043750762939453,30.884895090738507,30.033854703056114,30.884895090738507,462100
2024-10-25,29.97447967529297,30.390102857801953,29.687499606440127,30.390102857801953,328200
2024-10-28,31.003644943237305,31.072915472753742,30.281249581879653,30.301041701021596,608500
2024-10-29,30.904685974121094,30.983852562540207,30.726560678308005,30.81562332621455,224900
2024-10-30,31.18177032470703,31.805206979517852,30.81562366951438,30.81562366951438,233000
2024-10-31,31.12239646911621,31.54791571533611,30.91458298842239,31.300519882950386,405400
2024-11-01,31.22135353088379,31.557812016500222,30.97395769660585,31.260937770358865,443300
2024-11-04,30.64739418029785,31.152081890763636,30.419790473856526,31.152081890763636,278000
2024-11-05,31.320310592651367,31.34010271134658,30.67708183489954,30.726560244157245,282700
2024-11-06,35.63489532470703,35.75364804651904,33.48750123391275,33.63594024869729,1238800
2024-11-07,34.536460876464844,35.258856278413106,34.20000238206803,35.10052309134172,527400
2024-11-08,34.78385543823242,35.00156120310017,34.15051893827306,34.80364378279792,278000
2024-11-11,35.88228988647461,36.485936321796224,35.02135344632387,35.17968662813276,359500
2024-11-12,35.68437576293945,36.10989689116205,35.56562304695121,35.85260311481497,364000
2024-11-13,35.506248474121094,36.29791432820662,35.417185829601436,36.11978903916731,324700
2024-11-14,35.42708206176758,35.73385424961367,35.13020782108856,35.73385424961367,319000
2024-11-15,35.26874923706055,35.763540901497336,34.714584988866264,35.63489401175474,300600
2024-11-18,35.14010238647461,35.526043056132444,35.12031404184061,35.26874927636055,235800
2024-11-19,34.89270782470703,35.159895786526405,34.655209930841565,34.655209930841565,179100
2024-11-20,34.71458435058594,34.98176852250369,34.24947898657956,34.79374905246063,253200
2024-11-21,35.68437576293945,36.06041470535323,35.01145880551584,35.21927039605411,289100
2024-11-22,36.0703125,36.22864567902081,35.605207135081045,35.71406190346299,395200
2024-11-25,35.79322814941406,36.97083475820244,35.75364768417215,36.39687460014409,568700
2024-11-26,35.20937728881836,35.654686774880474,35.13020880909832,35.654686774880474,357300
2024-11-27,35.08073043823242,35.60520840463471,35.02135407837219,35.30833415525532,326900
2024-11-29,34.97187423706055,35.565622711559485,34.55624728494271,35.417187480415116,213100
2024-12-02,34.912498474121094,35.27864702209231,34.51666740936845,35.05103953553256,350200
2024-12-03,34.615623474121094,35.14999936354914,34.60572930207719,34.90260353788364,357700
2024-12-04,35.15989303588867,35.239061510957605,34.4177055694404,34.65520721968654,455000
2024-12-05,35.150001525878906,35.733855861364994,35.09062516508066,35.36771107384485,614200
2024-12-06,36.31999969482422,36.72999954223633,35.66999816894531,36.380001068115234,616800
2024-12-09,35.439998626708984,36.47999954223633,35.38999938964844,36.47999954223633,355400
2024-12-10,35.619998931884766,36.220001220703125,35.02000045776367,35.369998931884766,390800
2024-12-11,35.689998626708984,36.18000030517578,35.66999816894531,35.9900016784668,432500
2024-12-12,35.2400016784668,35.880001068115234,35.130001068115234,35.54999923706055,330100
2024-12-13,35.18000030517578,35.279998779296875,34.810001373291016,35.2400016784668,299700
2024-12-16,35.29999923706055,35.540000915527344,34.88999938964844,35.08000183105469,500600
2024-12-17,34.529998779296875,35.529998779296875,34.52000045776367,35.16999816894531,495200
2024-12-18,32.939998626708984,35.040000915527344,32.61000061035156,34.83000183105469,767200
2024-12-19,32.84000015258789,34.0,32.68000030517578,33.61000061035156,584700
2024-12-20,33.310001373291016,33.66999816894531,32.40999984741211,32.40999984741211,2043500
2024-12-23,33.220001220703125,33.349998474121094,32.900001525878906,33.119998931884766,476700
2024-12-24,33.36000061035156,33.47999954223633,32.88999938964844,33.22999954223633,172800
2024-12-26,33.43000030517578,33.45000076293945,32.90999984741211,33.099998474121094,253900
2024-12-27,32.810001373291016,33.45000076293945,32.5,33.220001220703125,247600
2024-12-30,32.61000061035156,32.849998474121094,32.38999938964844,32.70000076293945,258500
2024-12-31,32.540000915527344,32.95000076293945,32.369998931884766,32.849998474121094,294900
2025-01-02,31.899999618530273,32.79999923706055,31.780000686645508,32.720001220703125,356000
2025-01-03,32.040000915527344,32.22999954223633,31.469999313354492,31.940000534057617,225200
2025-01-06,32.04999923706055,32.63999938964844,31.889999389648438,32.130001068115234,429900
2025-01-07,31.670000076293945,32.38999938964844,31.360000610351562,32.060001373291016,438800
2025-01-08,31.459999084472656,31.639999389648438,31.219999313354492,31.450000762939453,354500
2025-01-10,30.360000610351562,30.920000076293945,29.889999389648438,30.739999771118164,437700
2025-01-13,30.520000457763672,30.559999465942383,29.8799991607666,30.1299991607666,420600
2025-01-14,31.43000030517578,31.450000762939453,30.549999237060547,30.770000457763672,321500
2025-01-15,32.150001525878906,32.56999969482422,31.790000915527344,32.400001525878906,274000
2025-01-16,31.709999084472656,32.20000076293945,31.440000534057617,32.0099983215332,314000
2025-01-17,31.940000534057617,32.220001220703125,31.579999923706055,31.959999084472656,204700
2025-01-21,31.969999313354492,32.4900016784668,31.899999618530273,32.209999084472656,319600
2025-01-22,31.739999771118164,32.15999984741211,31.579999923706055,31.68000030517578,657700
2025-01-23,33.43000030517578,34.689998626708984,31.829999923706055,32.75,734600
2025-01-24,34.15999984741211,34.29999923706055,33.27000045776367,33.31999969482422,551400
2025-01-27,35.29999923706055,35.619998931884766,34.290000915527344,34.630001068115234,803827
