Price,Close,High,Low,Open,Volume
Ticker,XYLO,XYLO,XYLO,XYLO,XYLO
Date,,,,,
2020-01-28,63.07575988769531,65.51514987699667,62.03030133786236,64.46969797398482,660
2020-01-29,62.378787994384766,63.07576036622774,59.93939798657666,63.07576036622774,135
2020-01-30,60.28787612915039,62.03030037157463,57.5,59.59091042027329,383
2020-01-31,60.28787612915039,60.28787612915039,60.28787612915039,60.28787612915039,0
2020-02-03,56.80302810668945,60.984848981276855,55.060607173492066,58.545452363297365,478
2020-02-04,60.28787612915039,61.33333466269753,55.75757575757576,56.803027644301906,1245
2020-02-05,57.848487854003906,59.24242595896833,56.175762128046586,59.24242595896833,638
2020-02-06,56.80302810668945,59.24242472466895,55.75757621145313,56.73333618800913,175
2020-02-07,56.45454788208008,57.49999976452487,56.45454788208008,57.49999976452487,25
2020-02-10,55.75757598876953,56.106062168063545,55.060606953592014,56.106062168063545,70
2020-02-11,57.848487854003906,58.54545358307553,56.10606356109307,56.10606356109307,185
2020-02-12,57.848487854003906,58.47576166294319,56.45454974903947,56.45454974903947,340
2020-02-13,58.19697189331055,58.54545142156985,55.409089139489495,57.778787153850054,165
2020-02-14,57.5,72.13636629509203,54.189394604076035,67.60605927669641,8318
2020-02-18,54.43333435058594,56.80302912201046,51.92424244566705,54.71212197075353,1333
2020-02-19,56.80302810668945,56.80302810668945,51.924241517551515,51.924241517551515,843
2020-02-20,57.32575988769531,58.545451532556996,53.840908100517844,56.45454777175356,845
2020-02-21,56.73333740234375,58.89393980456384,56.454549781192085,56.454549781192085,65
2020-02-24,55.06060791015625,57.84848742271047,52.96969744488794,52.96969744488794,295
2020-02-25,55.06060791015625,56.106063142790404,50.8787903030302,54.71212172480801,550
2020-02-26,51.57575988769531,54.363639429297066,50.530304644168325,53.31818418577008,813
2020-02-27,48.509090423583984,51.36666507340609,47.46363522964088,50.91363437858372,815
2020-02-28,47.04545593261719,50.530304520218465,46.00000069165469,50.530304520218465,450
2020-03-02,50.18181610107422,50.18181610107422,46.34848481918422,46.34848481918422,63
2020-03-03,49.1363639831543,50.18181584897468,48.753028530503755,50.18181584897468,38
2020-03-04,48.509090423583984,49.13636420463194,47.56817975201206,49.13636420463194,188
2020-03-05,52.621212005615234,54.71211904506241,47.74242226675101,48.09090843503074,353
2020-03-06,52.621212005615234,53.527270061003804,52.621212005615234,53.527270061003804,8
2020-03-09,47.49848556518555,48.404546974928635,44.257575389094775,47.045454860314,250
2020-03-10,49.06666564941406,49.06666564941406,49.06666564941406,49.06666564941406,3
2020-03-11,43.90909194946289,45.303030004863736,43.90909194946289,44.71060550046576,45
2020-03-12,39.727272033691406,40.18030274278113,35.54545444963082,35.54545444963082,298
2020-03-13,39.378787994384766,41.12121221251321,38.333332798825616,41.12121221251321,90
2020-03-16,40.42424392700195,40.42424392700195,40.42424392700195,40.42424392700195,15
2020-03-17,39.20454406738281,39.20454406738281,32.757573269160154,36.939393961742624,190
2020-03-18,30.666667938232422,35.196971722870835,28.924243661326155,34.84848553812535,263
2020-03-19,32.75757598876953,33.62878815148586,30.666668792296747,30.666668792296747,65
2020-03-20,32.060604095458984,32.40909025917249,32.060604095458984,32.40909025917249,25
2020-03-23,36.939395904541016,36.939395904541016,30.70151714223532,30.70151714223532,8
2020-03-24,35.54545593261719,36.939397401067495,34.84848686009738,36.939397401067495,395
2020-03-25,37.287879943847656,37.287879943847656,34.84848655002784,35.54545561634627,125
2020-03-26,37.287879943847656,37.287879943847656,37.287879943847656,37.287879943847656,95
2020-03-27,38.681819915771484,38.681819915771484,36.93939565512251,36.93939565512251,38
2020-03-30,34.84848403930664,38.3333324432373,33.106059837341306,38.3333324432373,63
2020-03-31,34.430301666259766,38.33333137064329,34.395452385577066,38.33333137064329,350
2020-04-01,39.727272033691406,39.727272033691406,34.84848540618914,34.84848540618914,205
2020-04-02,37.287879943847656,39.72727333766748,36.939397072393774,39.72727333766748,13
2020-04-03,34.84848403930664,36.24242207151474,34.84848403930664,35.54545305541069,158
2020-04-06,41.121212005615234,41.121212005615234,38.368181887760365,38.368181887760365,10
2020-04-07,44.60606002807617,45.30302904094712,41.12121164031101,41.12121164031101,418
2020-04-08,38.681819915771484,41.46969607408142,38.333333734277474,38.333333734277474,18
2020-04-09,38.33333206176758,48.09090816035413,36.59090787714178,48.09090816035413,760
2020-04-13,42.51515197753906,46.696969605534434,39.378789587395175,44.640911736632894,123
2020-04-14,45.30303192138672,45.30303192138672,45.30303192138672,45.30303192138672,28
2020-04-15,45.30303192138672,45.30303192138672,45.30303192138672,45.30303192138672,0
2020-04-16,44.327274322509766,51.575759013811926,43.73484980532935,47.04545525089544,518
2020-04-17,43.5257568359375,46.69696842961503,40.42424380728652,45.93030415478586,370
2020-04-20,44.95454406738281,45.651516422184805,44.95454406738281,45.30303024478381,110
2020-04-21,48.787879943847656,50.1818180414505,46.174243518284385,46.174243518284385,45
2020-04-22,49.48484802246094,50.181817057597755,44.95454430895588,45.999999523366355,45
2020-04-23,49.1363639831543,49.1363639831543,45.65151556799188,48.09090879392349,330
2020-04-24,66.21212005615234,119.18181875980257,61.333333591905294,82.2424241359534,819450
2020-04-27,77.71212005615234,100.7121218302795,67.60606058402983,86.07576189897758,248888
2020-04-28,79.80303192138672,83.9848529163991,69.69697227139822,83.9848529163991,16353
2020-04-29,73.18181610107422,78.75757484766308,71.4393919081915,77.36363682272106,7313
2020-04-30,81.0227279663086,85.37878860965851,73.18181880827873,74.22727070395429,7653
2020-05-01,123.71212005615234,179.46969529272803,109.42424007241563,147.0606073451968,1600060
2020-05-04,115.69697570800781,116.74242762502584,103.50000565763197,107.68181997252526,42555
2020-05-05,102.1060562133789,118.48484647275245,101.0606043444065,116.74242225991786,16233
2020-05-06,124.40909576416016,149.50000795675717,119.1818229446042,137.65151758164012,164085
2020-05-07,118.13636779785156,122.31817530383701,114.99999887472062,122.31817530383701,16200
2020-05-08,119.87879180908203,120.2272713360777,114.99999866929171,114.99999866929171,6223
2020-05-11,123.01515197753906,131.0651569674933,119.91363887431565,121.9697000642879,11033
2020-05-12,135.90908813476562,139.39393654847757,119.53029793159118,119.53029793159118,11598
2020-05-13,121.2727279663086,128.93939750363137,116.04545509453976,126.15152129741645,5905
2020-05-14,119.53030395507812,120.9242487082646,108.03030626903804,115.00000344768564,2388
2020-05-15,115.34848022460938,123.36364242286902,110.46970029267096,123.36364242286902,5763
2020-05-18,101.75757598876953,116.39394193469556,99.66666561837712,116.39394193469556,7678
2020-05-19,102.1060562133789,110.12121158051056,101.0606043444065,108.03030119574488,5753
2020-05-20,92.3484878540039,97.57576075140035,83.63636635834317,86.07576303585665,23328
2020-05-21,94.78787994384766,101.7575768030476,94.78787994384766,94.78787994384766,2618
2020-05-22,105.24242401123047,124.40909015158681,97.92424106463933,117.09090055817488,141970
2020-05-26,87.81818389892578,100.01515351561986,86.07575966796948,96.53030505370727,21415
2020-05-27,82.59091186523438,89.21212266634956,80.50000144203457,88.86363648801276,8578
2020-05-28,79.80303192138672,81.54545622817167,77.36364187998052,80.84849049355044,6193
2020-05-29,74.57575988769531,78.30454688505688,71.09091123269253,75.96969802033216,7828
2020-06-01,79.45454406738281,81.89394070454449,75.9696955267639,75.9696955267639,4798
2020-06-02,75.96969604492188,79.45454460930951,74.22727176272807,77.71212032711568,4033
2020-06-03,75.6212158203125,77.81666747137011,73.53030537127314,75.96969535613482,4788
2020-06-04,74.57575988769531,75.96969802033216,70.04545929492022,74.57575988769531,7868
2020-06-05,73.87879180908203,75.27272989764901,71.09090898512697,74.22727134610794,5343
2020-06-08,78.75757598876953,82.20757514304533,74.9242413795228,78.75757598876953,7103
2020-06-09,75.6212158203125,78.33939342192468,73.87879155391656,77.36364008670844,3040
2020-06-10,74.2272720336914,76.31818250932099,71.09090964365762,75.27273059491678,3113
2020-06-11,64.12120819091797,71.78787720533217,63.075756346598176,71.78787720533217,7800
2020-06-12,62.727272033691406,69.34848275232798,59.939395935366825,69.34848275232798,5868
2020-06-15,68.30303192138672,71.4393942416562,63.07575917199724,65.16666960111723,5245
2020-06-16,69.0,71.92727337181297,66.90909614598037,69.34848619127702,4713
2020-06-17,67.95454406738281,69.69696827423878,66.56060603126221,68.99999593276806,1703
2020-06-18,64.46969604492188,68.30303065263277,64.12120987207163,66.2121202623522,1930
2020-06-19,65.51515197753906,66.0030353084987,63.07576191002614,65.16667242990958,2848
2020-06-22,70.74242401123047,75.96969691787768,64.8181853717897,65.51515110458325,16965
2020-06-23,64.12120819091797,71.78787720533217,62.72727018288467,71.43939104161866,6783
2020-06-24,64.12120819091797,67.25757037069806,59.93939416681809,65.51514619895126,18703
2020-06-25,62.727272033691406,64.1212100828537,60.287875462541706,64.1212100828537,6975
2020-06-26,60.46212387084961,63.772726016152376,56.4545493545246,63.07576029195128,10365
2020-06-29,56.80302810668945,60.566664235089696,56.10606239213892,59.93939708604053,4285
2020-06-30,59.939395904541016,61.68182012680301,56.454547460017025,57.151513160829275,4145
2020-07-01,59.590911865234375,60.9848499636098,56.10606329588524,60.9848499636098,5073
2020-07-02,60.6363639831543,61.681822545600774,58.54545350508253,60.28787779567214,3738
2020-07-06,58.19697189331055,60.984848000310656,56.45454766473024,60.287875650150156,4613
2020-07-07,57.848487854003906,59.93939833486114,56.803029290164694,58.196974041950305,4470
2020-07-08,57.848487854003906,57.848487854003906,56.45454974903947,56.45454974903947,2528
2020-07-09,56.80302810668945,57.84848664874683,54.71212099280628,57.15151428737525,3268
2020-07-10,56.45454788208008,57.49999976452487,55.06060649980289,55.75757552923624,1358
2020-07-13,54.3636360168457,56.803025892935096,52.621211828144375,56.803025892935096,3758
2020-07-14,53.31818389892578,55.40909105132035,49.83333532152423,55.40909105132035,9365
2020-07-15,54.712120056152344,56.45454760634098,52.621212978064825,54.01515103012317,6300
2020-07-16,57.848487854003906,59.24242595896833,52.96969783980722,54.71212213271805,5005
2020-07-17,62.03030014038086,75.6212144980919,59.59091019817139,67.25757284817097,195553
2020-07-20,54.3636360168457,58.89393624874085,54.01514984974128,57.848484394248366,16965
2020-07-21,55.409088134765625,58.54545035997484,52.969694923668406,54.363636275302824,8978
2020-07-22,55.75757598876953,56.80302787983055,54.01515173912048,55.40908980947552,4810
2020-07-23,53.666664123535156,55.75757449651878,52.27272609048635,55.40908832655137,7828
2020-07-24,59.24242401123047,62.72727248247932,55.40908936349254,60.63636207036581,125090
2020-07-27,55.06060791015625,58.89393933193406,53.31818363023618,58.89393933193406,15008
2020-07-28,53.31818389892578,55.40909105132035,53.31818389892578,54.712122000522164,6313
2020-07-29,55.06060791015625,58.545453146585814,52.27272839760202,53.31818363023618,21418
2020-07-30,56.10606384277344,57.84848814443211,54.01515335141879,55.06060859709611,9415
2020-07-31,55.75757598876953,57.50000023841858,54.712120774298,56.106062168063545,8503
2020-08-03,57.15151596069336,57.50000215158235,54.712122594702294,55.40909165306965,5810
2020-08-04,58.54545211791992,58.54545211791992,55.443939081139725,56.45454833621072,5168
2020-08-05,58.19697189331055,59.5909099468106,57.1515133680698,57.84848571823029,3063
2020-08-06,56.45454788208008,58.196972117368716,56.10606170565816,56.45454788208008,3383
2020-08-07,57.15151596069336,58.19697453336033,54.712122594702294,56.454550225736625,3545
2020-08-10,56.80302810668945,57.15151428737525,53.318182916884155,54.71212099280628,7440
2020-08-11,55.06060791015625,57.15151505201399,55.06060791015625,55.75757695744216,3625
2020-08-12,53.31818389892578,55.757577238424744,53.31818389892578,55.06060818762655,4583
2020-08-13,53.31818389892578,53.666666762619585,51.575759610225006,53.31818389892578,5193
2020-08-14,53.31818389892578,54.01515294972397,52.621214848127586,53.31818389892578,1528
2020-08-17,53.31818389892578,54.01515294972397,51.92424247391881,52.96969771182139,2853
2020-08-18,52.969696044921875,54.0151512499251,52.27272701605655,52.969696044921875,1620
2020-08-19,51.92424011230469,53.31818147391253,51.75000035008784,52.62121245481383,1840
2020-08-20,53.31818389892578,53.31818389892578,51.92424247391881,52.272728661023194,2320
2020-08-21,50.530303955078125,53.66666631947737,49.83333491003502,52.62121441361799,3418
2020-08-24,47.39393997192383,50.8787884015238,43.56060536999968,50.8787884015238,22343
2020-08-25,47.74242401123047,49.48484826947546,46.69696879160137,47.393941153627786,2853
2020-08-26,48.43939208984375,48.78787826395044,46.69696786613123,47.39394021434461,2353
2020-08-27,47.74242401123047,49.48484826947546,47.04545497261458,49.136365411872774,2498
2020-08-28,51.57575988769531,68.65152000287442,47.74242510256658,56.45454991635103,769433
2020-08-31,53.31818389892578,53.666666762619585,48.090911032823456,49.83333532152423,23790
2020-09-01,47.39393997192383,50.18181605687545,45.99999860603757,48.439391842075466,12915
2020-09-02,46.69696807861328,46.69696807861328,44.257574818998044,45.65151619835709,5230
2020-09-03,44.60606002807617,46.348484221958756,43.560604847064546,44.95454287280645,3325
2020-09-04,44.95454406738281,44.95454406738281,42.51515079580732,44.257575035991316,6423
2020-09-08,45.30303192138672,47.39394241635343,44.606062864201355,44.606062864201355,5788
2020-09-09,46.69696807861328,47.39394042999804,45.30303002266471,45.30303002266471,1028
2020-09-10,46.34848403930664,47.39393921619829,45.99999787253929,46.34848403930664,1143
2020-09-11,46.0,47.7424242676016,45.65151714052601,45.65151714052601,1255
2020-09-14,44.60606002807617,47.49848392404843,43.90909101520522,46.348484221958756,3888
2020-09-15,44.95454406738281,45.99999927617531,44.81515026110451,44.95454406738281,1753
2020-09-16,44.60606002807617,46.66212110860329,44.60606002807617,45.30302904094712,2158
2020-09-17,44.95454406738281,46.696968307566806,44.95454406738281,45.651516422184805,1648
2020-09-18,47.04545593261719,47.98636664650662,44.95454545069219,45.65151782694092,5108
2020-09-21,46.34848403930664,47.39393921619829,44.95454269564763,47.04545304943095,1943
2020-09-22,45.65151596069336,46.34848498503919,44.954543612937066,45.99999881116105,718
2020-09-23,44.60606002807617,46.48787802453295,43.107574157845825,45.30302904094712,2385
2020-09-24,44.95454406738281,44.95454406738281,42.863636973208315,43.90909218200081,2163
2020-09-25,44.95454406738281,46.3484854535763,43.90909218200081,43.90909218200081,1953
2020-09-28,44.95454406738281,46.696968307566806,44.257575035991316,45.30303024478381,3125
2020-09-29,46.34848403930664,47.04545304943095,44.257573685523326,44.257573685523326,4510
2020-09-30,48.09090805053711,50.35605815601396,46.871209794720116,47.149997397750795,6053
2020-10-01,46.69696807861328,48.369697069162044,46.69696807861328,47.91666637012614,318
2020-10-02,44.95454406738281,47.7424235163593,44.95454406738281,47.7424235163593,1793
2020-10-05,45.65151596069336,48.09090920760901,44.606060762469376,44.606060762469376,1505
2020-10-06,46.69696807861328,48.787878485946614,45.999999050639,48.43939231025423,9235
2020-10-07,51.92424011230469,52.27272628355926,48.75302858284776,49.13636403590988,10145
2020-10-08,52.969696044921875,55.40908930765575,52.27272701605655,53.6666650737872,4125
2020-10-09,66.90909576416016,79.45454540397162,61.33333667600994,71.43939628444528,742378
2020-10-12,65.86363220214844,66.56060452787685,60.636359699647436,61.33333202537585,38028
2020-10-13,100.71212005615234,139.0454601023049,98.27273010065112,104.5454547254497,4845350
2020-10-14,88.86363983154297,106.98485531866454,86.07576359359561,102.10606193202479,223873
2020-10-15,85.37879180908203,88.16666806656843,78.75758071243585,87.46970232560749,48773
2020-10-16,79.45454406738281,90.25757587266567,75.62121599015889,87.46969969889898,35070
2020-10-19,78.40908813476562,85.03029869233724,76.66666395399307,82.24242266182944,25468
2020-10-20,80.5,80.5,73.8787893174937,78.40908961425568,11073
2020-10-21,77.71212005615234,80.15151670144655,77.71212005615234,79.45454433227074,10070
2020-10-22,83.28787994384766,84.33333850859157,78.75757943708763,79.10606562533559,12728
2020-10-23,94.43939208984375,102.4545406764698,87.8181815208717,100.36363032657843,225075
2020-10-26,82.59091186523438,91.75606046861249,80.15151526369777,90.95454691121255,25570
2020-10-27,85.03030395507812,86.07576251634019,78.75757917479035,82.93939347937514,7683
2020-10-28,79.10606384277344,83.28787806705324,76.31818104643253,83.28787806705324,21950
2020-10-29,86.7727279663086,87.12121415228195,78.75757892302711,81.89394130314504,9353
2020-10-30,80.1515121459961,93.04545371516724,78.75757413369074,91.65150905604115,32910
2020-11-02,83.28787994384766,83.63636613209563,79.10606562533559,79.10606562533559,7560
2020-11-03,79.45454406738281,81.54545452111837,78.75757834735168,79.45454406738281,10173
2020-11-04,78.40908813476562,81.19696416527344,77.3636362850304,78.40908813476562,5683
2020-11-05,76.31818389892578,80.5348542103519,73.53030764520534,78.06060821920637,8085
2020-11-06,73.87879180908203,76.94545560392939,73.39090849296775,76.31818180236897,3930
2020-11-09,66.90909576416016,75.62121726226324,63.77272670738608,73.18182058406589,14160
2020-11-10,65.86363220214844,66.59545380884533,63.772721871783894,66.56060452787685,3715
2020-11-11,70.04545593261719,100.71211996586024,63.772724666621336,66.90909362302976,150615
2020-11-12,69.0,71.78788288339491,66.21212376342633,69.0,11888
2020-11-13,67.95454406738281,70.04545444497415,66.90909220199758,70.04545444497415,3768
2020-11-16,66.21212005615234,68.44242092053479,65.16666818767828,66.9090923996823,4475
2020-11-17,66.90909576416016,68.99999960624793,65.5151510070067,66.90909576416016,4110
2020-11-18,70.3939437866211,72.48484761157682,66.90909521593333,66.90909521593333,8775
2020-11-19,86.07575988769531,113.25757530127227,80.84848718148275,111.16666488942305,882320
2020-11-20,98.62120819091797,102.1060566308348,81.89393833804553,83.28787638464809,164790
2020-11-23,128.24241638183594,146.01515090983813,104.26666270320113,105.59090214912759,541320
2020-11-24,121.2727279663086,134.5500058463127,100.01515693857226,132.4242460848106,160718
2020-11-25,108.37879180908203,113.95455084801374,104.54545705439017,111.51515419134951,39008
2020-11-27,102.45454406738281,108.03030296935908,100.36363364828908,106.63636490557026,17460
2020-11-30,101.75757598876953,103.8484797123411,97.5757552479847,103.36060306308384,43525
2020-12-01,79.80303192138672,91.30303633426017,78.06060761460176,89.90909157137521,55753
2020-12-02,64.46969604492188,67.95454447978253,64.12120987207163,65.51514791665171,215700
2020-12-03,66.21212005615234,67.95454426815635,64.12120967238336,66.21212005615234,140870
2020-12-04,69.0,70.74242430956384,65.68939779992144,66.56060995470335,104818
2020-12-07,69.34848022460938,72.48484238261088,66.56060422790152,71.4393905455506,82678
2020-12-08,69.0,70.74242430956384,67.60606188171317,69.34848619127702,44153
2020-12-09,67.25757598876953,68.82576053306147,64.81818593265253,68.6515207600607,47368
2020-12-10,68.30303192138672,68.65151810071022,65.16666960111723,65.51514913361972,29240
2020-12-11,68.30303192138672,68.65151810071022,66.56060767159023,67.95454574206322,24755
2020-12-14,65.86363220214844,70.39393902574173,65.16666652324072,68.9999943742849,52213
2020-12-15,63.77272415161133,66.66514810719106,60.28787569202993,65.51514838140203,32615
2020-12-16,62.378787994384766,63.87727394107235,57.84848751786888,63.77272609124957,28350
2020-12-17,62.378787994384766,63.77272609124957,59.24242561473368,60.984849897519965,26815
2020-12-18,60.81060791015625,62.72727189259037,60.63636150013985,61.333333846563654,10580
2020-12-21,67.6060562133789,70.74241837826574,58.19696971871842,59.59090772013249,90758
2020-12-22,72.48484802246094,73.18182039927778,64.46969892317328,66.52576012327964,102898
2020-12-23,70.3939437866211,76.66666855513058,66.21212284306732,73.87879235730884,50400
2020-12-24,67.95454406738281,71.43939248109476,67.25757172591209,69.69696827423878,13943
2020-12-28,67.25757598876953,71.43939700900052,64.46969973982974,69.00000030606223,34985
2020-12-29,66.21212005615234,68.6515166116863,63.59848373814633,67.60605809639138,21395
2020-12-30,68.65151977539062,70.74242360869496,65.16667119078848,66.21212310744065,45423
2020-12-31,66.56060791015625,70.39394260281215,66.21212172958371,70.39394260281215,19248
2021-01-04,68.65151977539062,70.39394406769169,66.49091072833598,68.30303358756618,43863
2021-01-05,74.57575988769531,75.96969802033216,66.2121244450529,66.2121244450529,69973
2021-01-06,79.10606384277344,81.37121404511096,70.39394256699755,74.57575679127736,103893
2021-01-07,80.1515121459961,83.28787433538831,75.9696914622593,82.59090865264601,48385
2021-01-08,90.60606384277344,110.12121738442735,86.07576330936325,101.06060967078577,627075
2021-01-11,76.66666412353516,80.15151249278675,76.66666412353516,79.10606064073959,155470
2021-01-12,77.36363983154297,79.10606409219194,75.96969510556694,78.75757791069793,56995
2021-01-13,78.75757598876953,81.54545207904667,76.66666559765123,79.1060621617594,62673
2021-01-14,79.10606384277344,80.50000191753337,78.40909148198295,80.50000191753337,40218
2021-01-15,83.28787994384766,84.68181805001835,74.2272722835064,79.45454516676237,105730
2021-01-19,90.60606384277344,93.04546052803813,82.41666828146622,84.6818185481713,141970
2021-01-20,98.2727279663086,99.6666660030094,87.81818272082134,91.51212017978366,152540
2021-01-21,95.48484802246094,100.01515508199053,93.74242376421596,100.01515508199053,57770
2021-01-22,105.59090423583984,108.03030078322158,88.86363451523064,91.6515105863919,186758
2021-01-25,117.78787994384766,125.10606997522274,108.7272789072603,119.0424275660058,229938
2021-01-26,126.8484878540039,129.2878711140241,114.99999790401257,119.18181866834139,142483
2021-01-27,106.63636779785156,122.66667258326291,106.28788161074716,115.17424282439265,141000
2021-01-28,104.54545593261719,113.95454962528116,97.57575887044271,111.51515299479166,62758
2021-01-29,97.57575988769531,105.59090893402754,87.12121418544224,104.54545702253068,58975
2021-02-01,101.40909576416016,104.19697199023705,97.5757609681885,101.40909576416016,53085
2021-02-02,104.8939437866211,108.0303061852147,99.66667090669135,106.11364212130228,32030
2021-02-03,109.7727279663086,113.95454883327733,105.24242756610998,105.59090709933986,75765
2021-02-04,103.84848022460938,111.16666323367185,102.80302835766655,110.46969753798358,37653
2021-02-05,109.07575225830078,111.166662627608,100.36363125853808,105.24242433586186,81395
2021-02-08,115.69697570800781,119.18182429382948,112.56060666331136,113.95455141509697,56403
2021-02-09,128.59091186523438,131.37878793924918,116.04544959170516,123.71211876547717,195708
2021-02-10,122.66667175292969,130.68182076797007,115.00000227581367,128.24242412157284,89768
2021-02-11,117.78787994384766,125.4545495175367,113.95455180382433,123.71212521868203,58540
2021-02-12,117.78787994384766,121.96970091982736,110.71364154446324,113.95455180382433,64393
2021-02-16,123.36363983154297,130.681816222549,119.28636025270572,127.19696778994769,124308
2021-02-17,119.18182373046875,130.33334181111442,117.78787898527217,121.9696999272196,64363
2021-02-18,106.98484802246094,118.83332454909979,106.63636185477843,115.34847616591631,63810
2021-02-19,111.16666412353516,124.40909220946526,110.46969842226784,122.66666798606558,218100
2021-02-22,102.1060562133789,112.03788220272115,101.0606043444065,111.16666344948297,62908
2021-02-23,97.92424774169922,100.7121239843895,82.24242892121853,95.13636485218767,66258
2021-02-24,100.71212005615234,109.42424128327315,96.87878538685499,98.62120963227915,80688
2021-02-25,91.6515121459961,100.746968784018,90.60606026322571,96.5303053237804,196260
2021-02-26,85.03030395507812,93.39393921106887,84.36818086429426,90.9545491950997,36083
2021-03-01,89.21212005615234,95.13635832726064,89.21212005615234,90.84999640554648,57733
2021-03-02,89.56060791015625,93.77727134825138,87.81818368347477,92.34848401411824,94428
2021-03-03,84.33333587646484,90.5015126346079,81.19696692694347,90.25757430449424,43763
2021-03-04,76.31818389892578,84.68181930690838,71.090910938084,83.63636737346853,56435
2021-03-05,74.57575988769531,79.45454667533495,64.4697001175515,78.75758093242717,40498
2021-03-08,74.2272720336914,79.45454489935479,71.78788201780787,74.92424440784166,22120
2021-03-09,81.19696807861328,83.25302924276376,76.318181466678,76.318181466678,60445
2021-03-10,80.8484878540039,86.42424013622126,77.71211888673037,82.9393916364249,31073
2021-03-11,84.33333587646484,85.72727393912935,79.1757550743747,83.6363635217221,25968
2021-03-12,85.03030395507812,86.42424205660639,80.15151727631861,80.84848965049333,16760
2021-03-15,87.46969604492188,88.51514790470618,82.9393891432746,84.33333381874812,38150
2021-03-16,84.68181610107422,93.74242355288645,82.59091231335074,89.909088864025,119998
2021-03-17,83.28787994384766,85.72727661476226,73.87879274207961,80.84848991975426,37180
2021-03-18,81.44091033935547,86.77272415747288,80.15151350189767,80.15151350189767,19195
2021-03-19,80.5,81.89393804155593,78.40908961425568,80.98787665283935,23858
2021-03-22,82.59091186523438,84.68181564161317,78.06060484049799,80.50000144203457,47300
2021-03-23,80.8484878540039,85.97121275584898,79.45454313662854,82.76515187016349,65748
2021-03-24,70.04545593261719,78.40909097379065,66.21212126675655,75.76060532550187,122850
2021-03-25,70.74242401123047,72.8333345032536,66.21212348419805,68.30303397622117,22838
2021-03-26,70.74242401123047,72.8333345032536,68.6166708823657,72.48484831344621,15068
2021-03-29,71.43939208984375,77.71211654144317,69.34848172370367,69.34848172370367,49643
2021-03-30,74.2272720336914,75.44697036504377,68.99999916802804,72.136368204883,36365
2021-03-31,78.40908813476562,81.19696416527344,73.53030175796658,73.87878792348525,60833
2021-04-01,75.6212158203125,79.80303007157012,74.57575727238228,78.75757817046099,17955
2021-04-05,73.87879180908203,77.36364035391003,72.83333325754097,75.27272989764901,15160
2021-04-06,72.48484802246094,75.96969661290274,71.09090991564845,73.87879277609461,17050
2021-04-07,69.69696807861328,74.22726834499481,69.69696807861328,72.48484414302948,17005
2021-04-08,72.13636779785156,73.18181970635678,70.04545733402,70.74242305741643,16868
2021-04-09,70.04545593261719,71.7878801764792,70.04545593261719,71.4393939983426,7728
2021-04-12,65.16667175292969,70.74242421893376,64.81818556209912,70.74242421893376,24240
2021-04-13,63.77272415161133,66.56060690736902,62.03029992182063,64.81818267757832,15323
2021-04-14,63.07575988769531,67.25757414656383,63.07575988769531,63.07575988769531,10118
2021-04-15,58.19697189331055,64.12121028239102,57.325759779020395,64.12121028239102,27025
2021-04-16,58.89393997192383,60.28787808164333,54.71212231935472,56.80302948393397,31150
2021-04-19,65.16667175292969,65.16667175292969,58.19697452360335,61.68182313826652,28245
2021-04-20,60.6363639831543,65.16667112678,58.893939692564686,63.075760648708226,19450
2021-04-21,63.42424392700195,64.46969579467373,59.590909334170696,59.93939550566824,15850
2021-04-22,62.727272033691406,66.80454498175419,61.507573748116556,64.4696962568495,22160
2021-04-23,66.21212005615234,67.95454426815635,62.030299288614366,62.72727163214432,17305
2021-04-26,69.69696807861328,71.78787845033584,65.16666781223175,65.16666781223175,19528
2021-04-27,68.65151977539062,71.09090979651941,67.60606121191726,71.09090979651941,18775
2021-04-28,68.65151977539062,69.97575931293811,66.5606092952651,67.95454739974173,6918
2021-04-29,70.74242401123047,72.48484831344621,67.6060615966064,71.78788258065265,19200
2021-04-30,68.30303192138672,71.4393942416562,67.25757338341622,69.34848381253622,9203
2021-05-03,65.16667175292969,69.6969722932633,64.81818556209912,69.6969722932633,9173
2021-05-04,63.42424392700195,64.46969579467373,61.33333354483755,63.77272345167863,11540
2021-05-05,61.681819915771484,64.81818217574849,60.28787522527425,63.77272365787555,5770
2021-05-06,60.98484802246094,62.72727225167411,56.837876495823735,60.2878756720473,14840
2021-05-07,60.28787612915039,64.46969696969697,59.76515018578732,62.03030037157463,15060
2021-05-10,57.848487854003906,61.9257609652881,57.151515478111094,60.984850251879166,11085
2021-05-11,60.46212387084961,61.33333601121683,54.71212175037959,55.0606079358907,14950
2021-05-12,57.5,60.28787612915039,56.45454811327385,60.28787612915039,4723
2021-05-13,58.19697189331055,60.287875650150156,57.49999954315005,57.49999954315005,10880
2021-05-14,60.28787612915039,61.33333466269753,58.54545188672615,58.54545188672615,3810
2021-05-17,58.89393997192383,59.93939853932935,58.19697424047468,58.54545378278865,5763
2021-05-18,59.24242401123047,60.63636207036581,57.15151359911696,58.1969721285842,11228
2021-05-19,58.89393997192383,59.242426161059,57.15151567306915,59.242426161059,4205
2021-05-20,60.6363639831543,60.984850170636456,58.893939692564686,58.893939692564686,4830
2021-05-21,59.24242401123047,62.37878630599024,58.54545165825231,61.68182059983305,5043
2021-05-24,58.89393997192383,60.98485045991368,55.75757756334965,60.98485045991368,9038
2021-05-25,57.5,58.893938064575195,56.45454811327385,58.196972355698094,5658
2021-05-26,59.24242401123047,59.939396364208626,57.39545192861303,57.49999977560604,8345
2021-05-27,60.98484802246094,61.751512290459196,57.4999995640346,60.2878756720473,15148
2021-05-28,60.28787612915039,61.33333466269753,59.59091042027329,60.28787612915039,5835
2021-06-01,64.12120819091797,64.46969435463147,59.93939416681809,60.63635984742437,11978
2021-06-02,65.51515197753906,65.51515197753906,63.42424810447693,64.81818623545878,7170
2021-06-03,64.81818389892578,65.51514961588218,61.333335373680534,65.51514961588218,5600
2021-06-04,64.81818389892578,66.5606081615484,63.075759636303154,63.24999940383699,4875
2021-06-07,67.6060562133789,67.9545423754376,64.81818021055076,66.21211821196484,11353
2021-06-08,67.95454406738281,68.65151640885355,65.86363368979148,68.65151640885355,5600
2021-06-09,65.51515197753906,68.30303488632408,65.16667242990958,67.9545486918733,8628
2021-06-10,64.46969604492188,65.86363408950196,64.12120987207163,65.51514791665171,6353
2021-06-11,62.727272033691406,65.1666686048411,62.378785859695604,64.81818243084531,7150
2021-06-14,62.727272033691406,63.73788127359715,61.33333398452911,62.727272033691406,8568
2021-06-15,60.28787612915039,62.5530329617587,60.28787612915039,62.03030037157463,8780
2021-06-16,60.98484802246094,63.424244602087754,59.242423793247774,59.590909968454596,8348
2021-06-17,62.378787994384766,65.51515037403585,61.68182226936294,63.07576036622774,10573
2021-06-18,60.98484802246094,62.378786076467286,59.93939614366142,60.63636184725412,3333
2021-06-21,60.98484802246094,62.378786076467286,59.590909968454596,60.984848022460945,12155
2021-06-22,59.590911865234375,60.9848499636098,59.590911865234375,60.28787759101151,3980
2021-06-23,61.681819915771484,62.72727178682352,59.590909526846524,60.28787522527425,4425
2021-06-24,62.378787994384766,62.72727418030625,60.636363711598484,62.72727418030625,6405
2021-06-25,64.81818389892578,64.81818389892578,61.36818465655151,62.03030109063694,8680
2021-06-28,65.86363220214844,66.21211836501264,64.1212080346481,64.46969419751231,9245
2021-06-29,62.727272033691406,64.81818243084531,62.0302996856998,64.81818243084531,5263
2021-06-30,63.07575988769531,64.12121179070716,61.6818218014058,61.6818218014058,4463
2021-07-01,65.51515197753906,67.9545486918733,63.77272765210641,64.469700041008,14790
2021-07-02,63.77272415161133,66.90909308269136,63.42424462310995,65.86363455672436,17068
2021-07-06,64.12120819091797,64.46969435463147,62.37878401917117,64.12120819091797,6600
2021-07-07,59.939395904541016,64.71363455131917,59.590909730724434,64.12121004987726,5838
2021-07-08,59.24242401123047,59.24242401123047,56.45454789295977,59.24242401123047,8985
2021-07-09,58.54545211791992,59.93939683482074,58.54545211791992,58.89393829714513,1963
2021-07-12,60.28787612915039,60.28787612915039,57.5,58.893938064575195,4963
2021-07-13,59.24242401123047,60.984848246854895,57.7439381051021,58.54545165825231,11685
2021-07-14,55.409088134765625,59.93939503501967,55.409088134765625,59.242422697497254,10210
2021-07-15,52.969696044921875,55.060606454928326,52.27272701605655,55.060606454928326,9315
2021-07-16,53.31818389892578,53.666666762619585,52.621214848127586,52.96969771182139,2650
2021-07-19,50.878787994384766,52.27272602570609,48.78787762399235,52.27272602570609,14163
2021-07-20,51.57575988769531,52.969697996790885,50.11212321143966,50.530304644168325,2550
2021-07-21,53.666664123535156,53.666664123535156,51.92423992051894,51.92423992051894,2238
2021-07-22,52.621212005615234,53.666663863633616,52.2727258373355,52.96969485048456,1735
2021-07-23,66.90909576416016,85.37879068141021,58.196974266057076,64.46969908596282,3810090
2021-07-26,60.6363639831543,66.2121230424053,58.196973964421545,65.86363685492314,169038
2021-07-27,58.19697189331055,62.03029987873046,54.363637261069684,58.893937596650105,77490
2021-07-28,56.80302810668945,57.84848664874683,55.40909003076734,57.15151428737525,27915
2021-07-29,55.75757598876953,57.151514059124565,55.060606953592014,55.75757598876953,20770
2021-07-30,58.89393997192383,60.98485045991368,54.36363945363015,60.28787808164333,48505
2021-08-02,57.5,58.54545188672615,55.23484981421269,57.22121238708496,14145
2021-08-03,54.01515197753906,56.45454859654344,50.18181728202692,56.175760981241886,26498
2021-08-04,54.3636360168457,56.10606020554704,52.44696874459216,52.44696874459216,17660
2021-08-05,55.409088134765625,56.106060472288036,53.66666393778041,55.06060528941482,8130
2021-08-06,53.31818389892578,55.40909105132035,52.96969771182139,55.40909105132035,12340
2021-08-09,55.06060791015625,55.40909077209392,52.27272839760202,53.31818363023618,11018
2021-08-10,53.14393997192383,55.757576363985656,52.96969688110427,55.06060732411794,11373
2021-08-11,51.92424011230469,53.66666432175666,51.575757264460556,52.96969530265796,9280
2021-08-12,50.878787994384766,51.993938419441825,49.48484663965302,51.57575701004543,9463
2021-08-13,51.227272033691406,52.272727243238265,49.65909088107635,50.530303001796995,8083
2021-08-16,48.787879943847656,51.57575946246392,48.787879943847656,51.22727327635792,6298
2021-08-17,48.09090805053711,49.4848460656905,47.045452877466886,49.13636322360734,19503
2021-08-18,49.833335876464844,49.833335876464844,47.04545631881586,47.56818228188289,5848
2021-08-19,49.48484802246094,49.9378787261525,47.39394091705049,48.78787898732412,5013
2021-08-20,48.09090805053711,49.4848460656905,48.09090805053711,48.43939089262027,3573
2021-08-23,50.878787994384766,51.22727084050989,47.393939592671025,48.78787762399235,8438
2021-08-24,52.621212005615234,53.31818101876429,50.18181547447792,50.18181547447792,6378
2021-08-25,53.31818389892578,54.01515294972397,50.181818185218035,52.272728661023194,12695
2021-08-26,51.57575988769531,52.969697996790885,51.22727369871612,51.924242753263904,4943
2021-08-27,50.878787994384766,54.015150226562966,49.83333280918856,52.27272602570609,52945
2021-08-30,49.833335876464844,50.878791126009546,48.78788062692015,49.833335876464844,9775
2021-08-31,53.31818389892578,53.666666762619585,49.83333532152423,50.87879055942681,18145
2021-09-01,52.621212005615234,53.666663863633616,51.57575682418644,53.666663863633616,5603
2021-09-02,52.272727966308594,55.06060745586049,51.924241783835654,52.62121414878153,16018
2021-09-03,51.227272033691406,52.62121342089072,50.87878917944945,51.92424106558582,3765
2021-09-07,51.92424011230469,52.27272628355926,50.53030207410728,51.575757264460556,5018
2021-09-08,50.878787994384766,51.57575701004543,49.48484663965302,51.22727084050989,3263
2021-09-09,51.92424011230469,51.92424011230469,50.53030207410728,51.92424011230469,7280
2021-09-10,50.18181610107422,52.27272649004,49.48484707922244,51.92424031740889,4843
2021-09-13,50.18181610107422,51.57575746818822,49.136364230001774,49.83333325185355,5855
2021-09-14,48.787879943847656,50.8787904136625,48.439393757741655,50.8787904136625,3408
2021-09-15,48.787879943847656,52.62121469737134,48.090910895046235,49.48484899264908,19855
2021-09-16,50.530303955078125,50.530303955078125,48.43939349653825,48.43939349653825,2875
2021-09-17,51.57575988769531,51.57575988769531,49.484849400641345,49.83333558962054,4330
2021-09-20,55.409088134765625,56.45454664104924,51.227270726683194,54.29393771218642,42063
2021-09-21,57.5,58.893938064575195,55.75757575757576,56.803027644301906,28745
2021-09-22,55.75757598876953,57.50000023841858,54.3636379184145,56.80302787983055,13413
2021-09-23,56.45454788208008,57.49999976452487,54.712120323380965,56.10606170565816,4580
2021-09-24,54.01515197753906,55.75757623487903,53.66666579670686,55.06060719662515,4468
2021-09-27,55.06060791015625,55.06060791015625,52.27272839760202,54.015152677522096,5963
2021-09-28,55.06060791015625,58.89393933193406,52.621214582950266,56.106063142790404,56898
2021-09-29,51.92424011230469,55.75757470246321,51.227271093205985,55.75757470246321,12515
2021-09-30,55.06060791015625,56.45454932813864,50.8787903030302,52.27272839760202,19215
2021-10-01,52.621212005615234,54.293937637172974,52.44696892147537,53.31818101876429,4813
2021-10-04,51.57575988769531,52.2727289422431,50.87879083314753,51.57575988769531,5208
2021-10-05,51.227272033691406,53.31818245278513,49.83333396990258,51.227272033691406,5718
2021-10-06,50.18181610107422,51.05302820924155,49.48484707922244,50.53030227370533,4500
2021-10-07,50.878787994384766,52.27272602570609,49.48484663965302,49.83333280918856,6755
2021-10-08,49.833335876464844,51.22727399358403,49.136366817905255,50.18181874403933,4030
2021-10-11,49.1363639831543,50.18181584897468,48.787877812273884,49.484846830624285,4055
2021-10-12,50.878787994384766,50.878787994384766,49.13636379352789,49.13636379352789,2583
2021-10-13,49.1363639831543,52.0984831419961,48.787877812273884,51.227271038205494,8835
2021-10-14,50.530303955078125,50.70454704719154,49.484848725808185,49.83333491003502,4100
2021-10-15,50.530303955078125,50.530303955078125,49.83333491003502,50.18181777085129,1220
2021-10-18,51.227272033691406,52.09848415441204,50.18181682414454,50.18181682414454,6195
2021-10-19,51.57575988769531,51.924242753263904,50.530304644168325,51.57575988769531,3568
2021-10-20,53.31818389892578,53.31818389892578,50.181818185218035,50.181818185218035,8548
2021-10-21,52.621212005615234,53.49242410290416,51.57575682418644,52.96969485048456,2423
2021-10-22,50.18181610107422,53.66666453374355,50.18181610107422,51.57575746818822,5800
2021-10-25,52.621212005615234,53.666663863633616,49.51969574283891,50.18181547447792,21148
2021-10-26,51.92424011230469,52.96969530265796,50.878788245361854,52.27272628355926,7303
2021-10-27,50.35606002807617,51.81969666010531,50.181816938851654,50.87878929574972,4053
2021-10-28,54.3636360168457,62.03029845903909,51.22727048313707,56.6636354141858,489765
2021-10-29,51.92424011230469,53.31818147391253,50.53030207410728,51.92424011230469,25480
2021-11-01,52.621212005615234,53.31818101876429,50.495452361247594,53.31818101876429,23263
2021-11-02,51.57575988769531,52.2727289422431,50.87879083314753,51.57575988769531,6465
2021-11-03,52.272727966308594,53.31818319031687,50.878789883237914,51.36666655060738,8170
2021-11-04,52.621212005615234,52.96969485048456,51.22727065590671,52.2727258373355,4815
2021-11-05,51.57575988769531,53.31818418577008,49.484849400641345,53.31818418577008,16183
2021-11-08,53.666664123535156,55.75757449651878,50.530301887470145,50.87878805743755,44273
2021-11-09,54.3636360168457,55.40908787133819,51.924239493935524,54.3636360168457,29665
2021-11-10,51.92424011230469,53.24848291029744,51.575757264460556,52.62121245481383,7188
2021-11-11,51.57575988769531,52.62121513122229,51.22727369871612,51.57575988769531,6460
2021-11-12,50.18181610107422,51.57575746818822,49.83333325185355,50.87878844633644,7585
2021-11-15,51.227272033691406,51.57575821134386,50.18181682414454,50.87878917944945,8543
2021-11-16,49.48484802246094,50.53030323687141,49.136365166597784,50.181817057597755,6663
2021-11-17,48.787879943847656,49.83333517875508,48.439393757741655,49.13636612995366,6973
2021-11-18,46.34848403930664,48.7878772364469,45.99999787253929,48.7878772364469,10680
2021-11-19,45.30303192138672,46.34848716887007,43.734850711867,46.34848716887007,8173
2021-11-22,42.51515197753906,44.60606245324204,40.77272768892344,44.60606245324204,10608
2021-11-23,41.81818389892578,42.86363916108105,41.12121483195915,42.86363916108105,5153
2021-11-24,44.95454406738281,44.95454406738281,40.77272655562333,41.818181764415826,6200
2021-11-26,42.51515197753906,43.560607215390554,42.166669113862284,43.212121028303194,2770
2021-11-29,41.81818389892578,43.90909442323633,40.7727286367705,43.90909442323633,7245
2021-11-30,40.42424392700195,42.584849598066434,39.72727156831427,41.818181997556295,4718
2021-12-01,40.772727966308594,42.51515226677828,39.72727272134466,42.51515226677828,7338
2021-12-02,39.378787994384766,41.12121221251321,38.68181897181548,39.727270843964185,3805
2021-12-03,37.98484802246094,39.727272304654754,37.636365160068515,39.03030325645934,5365
2021-12-06,37.6363639831543,37.984846834649424,36.59090878184798,37.6363639831543,5138
2021-12-07,39.727272033691406,40.07575821711752,37.636364903366385,37.636364903366385,3385
2021-12-08,41.81818389892578,41.81818389892578,40.42424576499252,41.81818389892578,4330
2021-12-09,40.42424392700195,42.51515103283346,39.378788712380945,42.51515103283346,3260
2021-12-10,38.33333206176758,40.77272525556162,36.59090787714178,40.77272525556162,2030
2021-12-13,36.24242401123047,37.287879253045126,35.19697209282641,35.89394114623265,8245
2021-12-14,36.939395904541016,37.287878764977485,35.545454492563486,35.545454492563486,5925
2021-12-15,35.54545593261719,36.242425005137,34.15151778757757,36.242425005137,7063
2021-12-16,36.59090805053711,37.950000117413374,35.19697002559509,36.2424218825964,8463
2021-12-17,36.59090805053711,36.939394218477815,34.848483857654394,36.2424218825964,4745
2021-12-20,35.89393997192383,36.59090900252797,34.499998587305036,34.499998587305036,6615
2021-12-21,35.89393997192383,36.416665914024314,35.545453794916504,35.89393997192383,3960
2021-12-22,36.24242401123047,37.287879253045126,34.49999971600957,35.19697209282641,11865
2021-12-23,36.24242401123047,38.68182068326821,35.19697209282641,38.33333449485979,29738
2021-12-27,35.54545593261719,35.89394213058244,35.196973058062625,35.54545593261719,8918
2021-12-28,35.19697189331055,35.54545475633297,34.15151665742211,34.84848570687754,13780
2021-12-29,34.67424011230469,35.54545219212847,34.49999703165786,35.19696935424516,11395
2021-12-30,35.54545593261719,35.54545593261719,34.50000066213213,34.50000066213213,9283
2021-12-31,34.84848403930664,35.54545305541069,34.499997869549404,34.84848403930664,4653
2022-01-03,37.98484802246094,38.33333420826393,34.8484856438763,34.8484856438763,6803
2022-01-04,38.681819915771484,39.309090389685956,37.63636469469999,37.98484755278347,3335
2022-01-05,36.939395904541016,40.42424444936901,36.76515281261751,38.33333399310799,9485
2022-01-06,37.98484802246094,38.33333420826393,35.615153258596536,37.287878974265524,4650
2022-01-07,39.030303955078125,41.08636517661476,37.287879641695966,38.333334894407386,5418
2022-01-10,38.33333206176758,39.72727008010406,36.59090787714178,39.37878723722513,6693
2022-01-11,37.98484802246094,38.33333420826393,37.287878974265524,37.636365160068515,3333
2022-01-12,37.6363639831543,39.03030203595575,37.2878778082487,37.6363639831543,935
2022-01-13,37.53181838989258,38.33333191654704,37.28787674505004,37.636362910019166,1390
2022-01-14,36.24242401123047,37.287879253045126,35.19697209282641,36.93939638804731,2895
2022-01-18,33.80302810668945,35.719695351191554,33.10605910598242,35.54545227016221,4765
2022-01-19,34.84848403930664,36.59090824127197,33.106059837341306,33.803028853445355,5628
2022-01-20,34.60454559326172,36.59090811305026,34.60454559326172,35.19697008572679,4083
2022-01-21,34.5,36.068184537335966,32.060606631292735,34.84848619127702,4988
2022-01-24,33.14091110229492,33.803030876365284,31.224243700749287,32.06060657012573,6273
2022-01-25,34.15151596069336,34.18636524330781,31.433335061565774,33.48939288466081,1873
2022-01-26,33.14091110229492,34.25606159479684,32.757575627939424,33.454548009163744,2505
2022-01-27,30.666667938232422,33.10606126121908,29.62121270740655,32.82727364278693,4638
2022-01-28,31.363636016845703,32.409091215422656,29.65606107576928,30.492423905266655,2685
2022-01-31,35.89393997192383,36.76515209103164,31.36363628788112,33.733334315345715,9123
2022-02-01,37.6363639831543,38.68181918446062,35.19697072904653,36.242422606942384,4838
2022-02-02,36.59090805053711,38.33333224341983,35.8939390380661,37.636363230948824,2875
2022-02-03,38.33333206176758,39.03030107093582,35.545452701684226,36.24242171085247,4470
2022-02-04,42.16666793823242,42.5151507921933,39.37878848949292,40.77272655215743,8228
2022-02-07,44.25757598876953,45.30303122006861,42.863637895977796,44.25757598876953,5708
2022-02-08,43.56060791015625,44.606063164682126,42.863638848275876,44.257576972036624,1828
2022-02-09,43.90909194946289,45.303030004863736,43.21211959835199,43.21211959835199,3045
2022-02-10,43.212120056152344,44.60606144973144,42.16666816523116,44.25757527048404,2603
2022-02-11,41.121212005615234,43.56060523403935,40.075756815316204,42.51515004374032,2000
2022-02-14,40.42424392700195,41.121212962279124,39.0303025330371,40.42424392700195,2200
2022-02-15,40.772727966308594,42.79393988898058,40.07575891080284,41.12121415576677,1080
2022-02-16,41.81818389892578,43.21212203285904,39.37879050283724,40.07575956980387,3885
2022-02-17,41.469696044921875,42.16666840741981,40.42424414799603,42.16666840741981,1785
2022-02-18,39.727272033691406,41.46969630400086,39.5530322653889,40.42424440054363,915
2022-02-22,38.33333206176758,40.77272525556162,37.28787688631002,39.37878723722513,2515
2022-02-23,36.27727127075195,40.07575655415203,35.89393914361825,38.681818525110906,3260
2022-02-24,37.6363639831543,37.984846834649424,29.725756394127284,31.67727299145978,4658
2022-02-25,36.939395904541016,38.22878946731811,36.416666628770486,36.416666628770486,755
2022-02-28,37.18333435058594,38.33333410795164,35.89394078394592,36.93939601520854,1123
2022-03-01,37.287879943847656,39.37879046621359,34.500000355163294,36.59091087752923,1405
2022-03-02,36.486366271972656,38.68182131883285,34.84848647699873,38.68182131883285,1528
2022-03-03,35.54545593261719,37.63636647358731,35.196973058062625,37.63636647358731,1455
2022-03-04,35.19697189331055,35.54545475633297,34.15151665742211,35.19697189331055,2603
2022-03-07,34.5,35.19697238255404,32.409092822569754,35.19697238255404,3350
2022-03-08,32.75757598876953,35.19697270310376,32.58333621495479,33.106062183220324,8473
2022-03-09,35.19697189331055,36.93939617865442,33.87272903763993,34.15151665742211,5730
2022-03-10,34.70909118652344,36.242423063939505,33.1060607438832,33.45454692318302,553
2022-03-11,39.378787994384766,41.12121221251321,33.45454631743017,33.45454631743017,12760
2022-03-14,35.89393997192383,41.12121268657068,33.45454670310406,41.12121268657068,4555
2022-03-15,36.59090805053711,37.984846075479126,35.8939390380661,35.8939390380661,1533
2022-03-16,37.98484802246094,41.12121372445615,37.287878974265524,38.33333420826393,7330
2022-03-17,39.030303955078125,39.72727301574886,35.893941520354495,39.72727301574886,3293
2022-03-18,39.727272033691406,40.42424440054363,38.68182013023417,39.03030299024973,2033
2022-03-21,38.15909194946289,40.075759366453674,37.63636598274297,39.727273173033296,1318
2022-03-22,40.07575607299805,41.121211243932244,38.15908881352041,38.6818180606927,5478
2022-03-23,40.42424392700195,41.121212962279124,37.63636446248277,37.63636446248277,1775
2022-03-24,41.121212005615234,41.81818102467778,40.075756815316204,41.121212005615234,1150
2022-03-25,40.59848403930664,41.469696171681555,39.37878904802809,39.37878904802809,1100
2022-03-28,40.42424392700195,41.818181997556295,40.07575774765811,41.818181997556295,968
2022-03-29,40.07575607299805,41.469694085303395,39.37878706684537,39.72726990821652,915
2022-03-30,39.030303955078125,41.46969732913101,38.333334894407386,41.46969732913101,2163
2022-03-31,37.98484802246094,40.424244676260734,37.287878974265524,39.03030325645934,3563
2022-04-01,36.59090805053711,38.68181841136053,35.963634277608,38.68181841136053,1855
2022-04-04,37.462120056152344,37.98484598338566,36.24242179472741,36.24242179472741,1520
2022-04-05,37.287879943847656,41.121214793714984,36.939397072393774,36.939397072393774,4938
2022-04-06,36.06818389892578,39.37878936381695,36.06818389892578,39.37878936381695,1440
2022-04-07,35.54545593261719,37.984849348141864,35.196973058062625,37.28788027562206,825
2022-04-08,37.287879943847656,37.287879943847656,34.84848655002784,36.24242468266469,1548
2022-04-11,35.89393997192383,36.939395179535296,35.19697094131968,36.242422825520656,678
2022-04-12,34.67424011230469,35.89393835342212,34.49999703165786,35.19696935424516,1045
2022-04-13,35.89393997192383,39.03030227134774,34.499998587305036,34.499998587305036,6273
2022-04-14,35.19697189331055,37.63636522810986,33.10606142153366,37.63636522810986,3538
2022-04-18,34.84848403930664,37.28787725737602,33.803028853445355,37.28787725737602,1053
2022-04-19,36.3121223449707,36.590909964541986,33.489393542548235,33.80303044541858,1705
2022-04-20,35.54545593261719,36.590911203102245,35.196973058062625,35.196973058062625,263
2022-04-21,35.19697189331055,36.24242380578841,34.15151665742211,36.24242380578841,910
2022-04-22,34.15151596069336,35.19697117525336,33.80302978136986,34.49999881660635,808
2022-04-25,34.15151596069336,34.49999881660635,33.45454692545687,33.45454692545687,768
2022-04-26,32.40909194946289,34.813635969581476,32.40909194946289,33.106060989829835,1445
2022-04-27,37.56666564941406,40.77272651394845,31.781817709661734,34.4999985910155,6033
2022-04-28,36.59090805053711,38.33333224341983,34.848483857654394,38.33333224341983,1693
2022-04-29,36.24242401123047,36.93939638804731,35.54545495782423,36.59091019963889,965
2022-05-02,36.24242401123047,41.46969689689317,33.10606160919709,35.54545495782423,37845
2022-05-03,34.84848403930664,35.859089943510114,34.15151502320259,35.19697020906387,6103
2022-05-04,34.5,36.24242430956385,33.454548072990185,34.84848619127702,2498
2022-05-05,34.081817626953125,36.242423312566665,33.45454715268502,36.242423312566665,1598
2022-05-06,32.827274322509766,34.81363697582124,32.40909288620265,33.977274103207,1615
2022-05-09,31.363636016845703,32.478786456175534,31.363636016845703,32.409091215422656,4365
2022-05-10,30.666667938232422,34.81363625496869,28.680302002640097,34.77878697181203,5420
2022-05-11,29.27272605895996,30.666667452450273,28.85454463793602,29.96969841741037,2568
2022-05-12,29.412120819091797,30.318182255710585,27.983333420106344,28.57575794994089,1715
2022-05-13,30.248485565185547,31.015149830207058,28.610605865529664,28.610605865529664,1513
2022-05-16,28.331819534301758,29.969699307867977,28.22727500679218,29.621213118288573,2350
2022-05-17,28.924243927001953,29.621212979484167,27.878788686573333,28.33181940153942,1863
2022-05-18,28.75,29.62121212121212,28.401513822150953,28.924243088924523,835
2022-05-19,29.551513671875,30.66666745130781,28.227274167053775,28.92424320206771,2343
2022-05-20,29.795455932617188,29.96969902576676,28.43636379414322,29.96969902576676,720
2022-05-23,29.621212005615234,30.318181035182906,29.621212005615234,29.621212005615234,883
2022-05-24,28.22727394104004,29.969698176328674,27.87878776461812,29.969698176328674,1488
2022-05-25,28.57575798034668,28.57575798034668,27.77424273237156,27.87878892197932,1188
2022-05-26,29.377273559570312,29.6212118880986,28.22727383449344,28.262119793275716,1555
2022-05-27,29.621212005615234,30.213636511600377,28.57575679955848,28.57575679955848,6220
2022-05-31,28.924243927001953,29.76060678998061,28.575757739055547,29.481819168987723,3410
2022-06-01,28.22727394104004,29.586362717582464,27.87878776461812,28.924242970473397,1935
2022-06-02,28.57575798034668,28.57575798034668,27.216667485677675,28.366668924541784,925
2022-06-03,28.26211929321289,28.575756180577258,28.26211929321289,28.401513096107006,265
2022-06-06,29.551513671875,29.72575676148111,28.227274167053775,28.401513933249376,8815
2022-06-07,29.27272605895996,30.143938183612466,28.57575702392006,29.621212238185166,7230
2022-06-08,28.924243927001953,29.621212979484167,28.19242559104298,28.227274874519736,5465
2022-06-09,29.27272605895996,30.31818127322507,28.19242488550074,28.645455589129302,2898
2022-06-10,28.331819534301758,29.621213118288573,27.530304289338677,28.750000967750676,5693
2022-06-13,25.09090805053711,27.530302950428776,24.045454517759445,26.13636324502,8675
2022-06-14,24.045454025268555,24.393938529056904,23.69696952148021,24.045454025268555,2470
2022-06-15,25.056060791015625,25.056060791015625,23.69697034798596,24.219696291047583,3665
2022-06-16,23.871212005615234,24.21969652492318,23.348484395800686,24.080302717200002,1740
2022-06-17,25.718181610107422,25.718181610107422,23.6969698024636,23.87121122557122,3315
2022-06-21,24.81212043762207,26.833332262357406,24.74242353544862,25.61363564346938,4293
2022-06-22,24.219696044921875,25.056060536390603,23.731817727559836,24.39393913197522,3960
2022-06-23,24.219696044921875,24.672726741896383,23.348483933065616,24.637879121508853,1165
2022-06-24,25.09090805053711,25.78787873409411,24.39393902868533,24.39393902868533,5080
2022-06-27,23.975757598876953,24.742423522379983,23.731817610546106,24.568182097890997,483
2022-06-28,23.696969985961914,25.12575731035223,21.606059598837753,25.05606040822844,11380
2022-06-29,23.0,23.557576895592096,21.954546436462206,23.557576895592096,4043
2022-06-30,22.477272033691406,22.999999638087655,21.67575681673856,22.825758211092403,1975
2022-07-01,22.9303035736084,24.045455726325958,21.989394515964158,22.47727285578202,3788
2022-07-05,21.675756454467773,22.72121164578739,21.187878140647722,21.64090883433324,3713
2022-07-06,20.734848022460938,22.303030852965502,20.63030349745046,21.257575632629127,15243
2022-07-07,20.87424087524414,21.954545328961636,20.490908752136836,20.909090156456724,7725
2022-07-08,21.08333396911621,22.128787516114592,20.909090880430526,22.128787516114592,2200
2022-07-11,21.815153121948242,23.69697124063131,20.90909168466105,20.90909168466105,2618
2022-07-12,21.675756454467773,21.989393344204704,20.90909053275055,21.675756454467773,1500
2022-07-13,21.08333396911621,21.606059911762777,20.5606063647644,20.909090880430526,1883
2022-07-14,20.037878036499023,20.769696323811925,19.34090903034635,20.769696323811925,4088
2022-07-15,19.863636016845703,20.909091243713487,19.340910065117086,20.909091243713487,1258
2022-07-18,20.90909194946289,21.222728860450538,19.86363668730761,20.90909194946289,1358
2022-07-19,21.571212768554688,21.989394196611013,21.083334435822312,21.466666580687967,3510
2022-07-20,22.128787994384766,22.651515610034306,21.64090966190766,22.651515610034306,3298
2022-07-21,21.606060028076172,22.477272152784167,20.70000028246659,21.850000021208302,1055
2022-07-22,21.46666717529297,21.606060988506144,20.560607389407327,21.606060988506144,673
2022-07-25,20.212121963500977,21.850000027254953,20.037878873829055,20.212121963500977,1608
2022-07-26,20.212121963500977,20.769697191722713,19.863635784157136,20.17727268088449,715
2022-07-27,20.212121963500977,20.909090998778147,19.75909125971819,19.75909125971819,953
2022-07-28,19.89848518371582,21.88484943848738,19.515151381207918,19.515151381207918,2545
2022-07-29,19.968181610107422,21.57121202403407,19.863635425849065,21.57121202403407,570
2022-08-01,19.89848518371582,20.909091121659614,19.89848518371582,20.177272799465104,1820
2022-08-02,20.63030242919922,21.431817613499366,20.212121027400496,20.212121027400496,1448
2022-08-03,21.25757598876953,21.46666670399877,20.5606069380054,21.46666670399877,1135
2022-08-04,21.606060028076172,21.606060028076172,20.909090992991878,21.606060028076172,1985
2022-08-05,20.90909194946289,21.257576482946206,20.21212288249626,21.08333504705721,1108
2022-08-08,21.396968841552734,22.65151473850102,20.9090905278471,22.65151473850102,823
2022-08-09,21.327272415161133,21.396969318673218,20.560606476528196,21.15303098723355,1015
2022-08-10,21.46666717529297,23.000000782343225,20.909091922440265,23.000000782343225,1283
2022-08-11,21.780303955078125,22.825759209604005,21.67575776494341,22.65151611328125,965
2022-08-12,22.72121238708496,23.34848452531885,21.95454644035465,21.95454644035465,1188
2022-08-15,22.337879180908203,23.000000619845487,21.606060835856752,22.303031558703776,1590
2022-08-16,22.128787994384766,23.034849416404672,21.501515852628486,22.68636489320674,1138
2022-08-17,21.64090919494629,22.930302733809118,21.606059912525822,22.930302733809118,433
2022-08-18,25.09090805053711,25.09090805053711,21.954545790498887,21.954545790498887,11090
2022-08-19,23.34848403930664,24.393939242973307,22.9999995253195,24.393939242973307,2550
2022-08-22,23.0,24.045455225243067,22.790909287292443,23.0,993
2022-08-23,23.139392852783203,23.696969725346612,22.65151454328227,22.999999050068652,765
2022-08-24,22.37272834777832,23.139394311023498,22.337879064050885,22.65151597077657,440
2022-08-25,22.65151596069336,23.00000048928604,22.303031432100678,23.00000048928604,250
2022-08-26,21.606060028076172,24.742424009366005,21.257575510534025,23.34848427749216,5500
2022-08-29,21.675756454467773,21.954545724070165,19.51515083155947,20.90909053275055,2538
2022-08-30,22.65151596069336,24.74242479395476,20.90909165602464,24.74242479395476,13318
2022-08-31,21.43181800842285,22.303030109076584,20.56060590776912,20.56060590776912,1958
2022-09-01,21.25757598876953,21.954546701238954,20.5606069380054,20.665151464767373,495
2022-09-02,20.87424087524414,21.954545328961636,20.21212114925691,20.21212114925691,1480
2022-09-06,20.90909194946289,21.780304114023842,20.21212288249626,20.246970504991925,1310
2022-09-07,20.5954532623291,20.909090146268795,20.246968758898994,20.909090146268795,925
2022-09-08,21.954545974731445,21.954545974731445,20.909090771475572,20.909090771475572,1515
2022-09-09,21.98939323425293,22.303030122421607,21.606059444458463,21.606059444458463,238
2022-09-12,22.546968460083008,22.546968460083008,21.780302541763234,21.780302541763234,1193
2022-09-13,22.442424774169922,22.651515486952544,22.128787874143352,22.128787874143352,648
2022-09-14,21.98939323425293,22.477271545633485,21.74545324771005,21.74545324771005,400
2022-09-15,21.36212158203125,21.71060609770361,21.25757539647692,21.64090919456914,705
2022-09-16,21.606060028076172,22.44242453188258,20.909090992991878,21.257575510534025,730
2022-09-19,21.18787956237793,21.606061002284125,20.316667398387352,20.560607402518635,640
2022-09-20,20.212121963500977,21.25757551641673,19.863635784157136,21.25757551641673,1465
2022-09-21,19.689393997192383,20.21212159497196,19.51515091069745,20.21212159497196,958
2022-09-22,18.78333282470703,19.689394226295118,17.424242384030148,19.51515113777272,3283
2022-09-23,19.16666603088379,26.101513488075977,17.772726350842113,21.954545390967144,78905
2022-09-26,18.678789138793945,19.16666748215308,17.493940071787872,19.062121292009177,11970
2022-09-27,17.772727966308594,18.748486329541674,14.91515310727203,18.748486329541674,13013
2022-09-28,19.515151977539062,20.90909176058585,17.07575860348617,17.07575860348617,11015
2022-09-29,20.490909576416016,20.734847907896164,18.469697712524926,20.21212196232142,7338
2022-09-30,19.16666603088379,21.675756125594656,17.772726350842113,21.327271621010535,9423
2022-10-03,17.842424392700195,18.74848582426258,17.807576770866035,18.469698202768093,2563
2022-10-04,17.668182373046875,19.131817337259807,16.901514777706286,18.400000686005964,6733
2022-10-05,17.07575798034668,17.66818249115033,16.90151489068493,17.00606107682303,1543
2022-10-06,17.006061553955078,17.284849175871503,16.72727393203865,17.249999892279302,1113
2022-10-07,17.07575798034668,17.42424249796493,16.37878728340493,16.727273462728434,1940
2022-10-10,16.204545974731445,17.563636434299617,16.204545974731445,16.727273585859287,1503
2022-10-11,16.030302047729492,16.657575813049654,14.984848541704523,16.27424202998791,1190
2022-10-12,16.030302047729492,17.075757215459642,15.681817545721168,15.681817545721168,2150
2022-10-13,16.30908966064453,16.378786561094522,14.984848552094704,16.204545140822137,1238
2022-10-14,16.378787994384766,17.040909437453813,15.716668213021048,15.716668213021048,953
2022-10-17,16.06515121459961,17.07575709409344,16.06515121459961,16.727272594561978,1128
2022-10-18,16.34393882751465,16.378786446643545,15.716666727847954,16.239392646717615,1400
2022-10-19,16.413637161254883,17.07575859959381,15.856061912845393,15.856061912845393,1083
2022-10-20,16.06515121459961,16.727272594561978,16.06515121459961,16.37878643332534,558
2022-10-21,16.100000381469727,17.42424326870022,16.065152759019096,17.42424326870022,1015
2022-10-24,15.75151538848877,16.27424300362707,13.939394207926531,16.27424300362707,2768
2022-10-25,17.3196964263916,17.3196964263916,15.019696933192082,15.85606144271344,1055
2022-10-26,17.07575798034668,17.07575798034668,15.403030634073836,15.403030634073836,1305
2022-10-27,15.856060981750488,16.030302405794043,14.357575097085652,14.357575097085652,688
2022-10-28,16.134849548339844,16.587880268842202,15.71666811174012,15.856061923940027,125
2022-10-31,16.204545974731445,17.040908823171776,16.030302883787076,16.134849070694752,560
2022-11-01,14.63636302947998,15.71666752634971,14.63636302947998,15.71666752634971,4095
2022-11-02,14.63636302947998,14.880303022596573,13.9742432770447,14.322727794564651,5073
2022-11-03,14.63636302947998,14.984849208705185,13.24242412854755,13.9742432770447,5118
2022-11-04,14.28787899017334,14.601515897291307,13.590909931805982,14.601515897291307,2028
2022-11-07,13.590909004211426,14.28787801500988,13.277272118499523,13.62575745475135,3760
2022-11-08,13.381817817687988,17.04090854282858,13.242424011907794,15.019696697310517,2940
2022-11-09,13.381817817687988,13.660606260100998,13.277272463352842,13.34696936624294,1473
2022-11-10,13.625758171081543,14.287878766148925,13.277272816509226,13.38181817362513,1808
2022-11-11,13.346969604492188,14.287878641156759,13.312121152425078,13.939394120485671,5798
2022-11-14,14.032322883605957,15.68181789115134,10.524242162704468,10.57070676399574,106688
2022-11-15,16.448484420776367,18.446464011898144,14.608484812228577,15.565656963592332,114900
2022-11-16,17.79595947265625,20.444445153167056,16.727273609264913,17.79595947265625,175013
2022-11-17,16.332324981689453,19.282829007987665,15.797980372065735,19.282829007987665,43800
2022-11-18,16.520505905151367,17.749494810079934,15.914141345692528,17.215151880185132,21525
2022-11-21,16.72727394104004,17.58686910907826,15.797980205779902,16.704039977495867,14813
2022-11-22,16.843433380126953,17.26161646479226,16.564645764820256,16.564645764820256,9150
2022-11-23,16.843433380126953,17.191919560965587,16.146464341860213,16.65757663162775,13088
2022-11-25,16.51818084716797,16.79697011886174,16.297474820112992,16.54141480970558,3713
2022-11-28,16.471717834472656,17.498585194388287,16.09999936109081,16.30909006765891,4725
2022-11-29,15.890909194946289,16.28585832078427,15.693433801174658,16.216161416224626,3413
2022-11-30,14.729293823242188,15.797979671701444,14.404039946788473,15.728282768541058,13613
2022-12-01,14.285555839538574,14.7292942995436,14.194949696329616,14.636363430619399,7238
2022-12-02,13.91616153717041,14.334342953503487,13.358585484540356,14.273939968167408,8213
2022-12-05,13.939393997192383,14.171717008918222,13.497979444060661,13.707070154613916,5288
2022-12-06,14.171716690063477,14.287878193312835,13.79999987966553,13.902221337842878,2138
2022-12-07,13.730302810668945,14.078787316177255,13.511918190193954,14.078787316177255,1988
2022-12-08,14.54111099243164,15.217172462721482,13.753535804123745,13.916161914889573,27263
2022-12-09,14.566666603088379,14.822221924306728,14.415657471402918,14.822221924306728,7425
2022-12-12,14.450504302978516,14.682827309559494,14.10201979310705,14.357575100346125,7313
2022-12-13,14.102020263671875,14.86868787267695,14.102020263671875,14.311110976571822,8475
2022-12-14,14.798991203308105,14.838484953178027,13.957980548706555,14.009091280330193,7388
2022-12-15,15.217172622680664,15.914141676146295,14.524849697230408,14.868688095947848,13388
2022-12-16,15.333333969116211,15.797979999836475,15.101009292050799,15.217172461436146,13613
2022-12-19,15.41333293914795,16.559999465942383,14.69333267211914,15.119999885559082,10125
2022-12-20,13.493332862854004,15.79466724395752,13.493332862854004,14.824000358581543,9525
2022-12-21,14.15999984741211,15.039999961853027,13.466667175292969,14.266667366027832,9975
2022-12-22,13.680000305175781,14.826666831970215,13.4399995803833,13.626667022705078,6413
2022-12-23,13.378666877746582,13.813332557678223,12.213333129882812,13.4399995803833,6863
2022-12-27,12.213333129882812,13.138667106628418,12.106666564941406,12.960000038146973,22650
2022-12-28,13.226667404174805,13.333333015441895,11.853333473205566,11.973333358764648,10650
2022-12-29,12.800000190734863,13.866666793823242,12.186667442321777,13.333333015441895,11775
2022-12-30,12.453332901000977,13.25333309173584,12.133333206176758,12.399999618530273,11550
2023-01-03,13.0,14.0,12.266667366027832,12.266667366027832,1838
2023-01-04,13.173333168029785,13.386667251586914,12.69333267211914,12.74666690826416,4313
2023-01-05,13.653332710266113,13.733332633972168,12.773332595825195,13.30666732788086,2663
2023-01-06,13.600000381469727,13.706666946411133,12.383999824523926,13.493332862854004,6113
2023-01-09,13.682666778564453,13.831999778747559,12.853333473205566,13.333333015441895,5625
2023-01-10,13.02400016784668,13.866666793823242,12.960000038146973,13.866666793823242,11775
2023-01-11,12.97599983215332,13.279999732971191,12.800000190734863,13.279999732971191,1350
2023-01-12,13.517333030700684,13.530667304992676,13.039999961853027,13.496000289916992,5925
2023-01-13,12.978667259216309,13.399999618530273,12.920000076293945,13.359999656677246,1725
2023-01-17,13.066666603088379,13.84000015258789,12.880000114440918,13.84000015258789,6338
2023-01-18,13.226667404174805,13.674667358398438,12.517333030700684,13.525333404541016,2925
2023-01-19,13.013333320617676,13.138667106628418,12.600000381469727,13.066666603088379,2663
2023-01-20,13.333333015441895,13.813332557678223,12.538666725158691,13.173333168029785,1988
2023-01-23,13.333333015441895,13.640000343322754,12.933333396911621,13.226667404174805,9038
2023-01-24,13.466667175292969,13.760000228881836,13.226667404174805,13.760000228881836,1238
2023-01-25,13.386667251586914,13.786666870117188,13.119999885559082,13.573332786560059,9675
2023-01-26,13.928000450134277,13.928000450134277,13.173333168029785,13.637332916259766,8250
2023-01-27,13.41866683959961,13.760000228881836,12.880000114440918,13.517333030700684,3450
2023-01-30,12.960000038146973,13.845333099365234,12.920000076293945,13.333333015441895,21000
2023-01-31,12.533332824707031,13.279999732971191,12.533332824707031,12.991999626159668,6413
2023-02-01,12.453332901000977,13.039999961853027,12.266667366027832,12.533332824707031,6225
2023-02-02,13.333333015441895,13.653332710266113,12.826666831970215,12.826666831970215,10088
2023-02-03,13.199999809265137,13.84000015258789,13.119999885559082,13.199999809265137,3338
2023-02-06,12.802666664123535,13.658666610717773,12.213333129882812,12.805333137512207,2438
2023-02-07,12.960000038146973,13.30666732788086,12.319999694824219,13.30666732788086,11288
2023-02-08,12.853333473205566,13.368000030517578,12.5600004196167,13.312000274658203,2213
2023-02-09,12.928000450134277,13.87733268737793,12.880000114440918,13.333333015441895,5100
2023-02-10,12.613332748413086,12.880000114440918,12.354666709899902,12.880000114440918,3338
2023-02-13,12.506667137145996,12.853333473205566,12.479999542236328,12.853333473205566,3188
2023-02-14,12.485333442687988,12.853333473205566,12.266667366027832,12.373332977294922,7913
2023-02-15,12.359999656677246,12.997332572937012,12.002667427062988,12.920000076293945,3263
2023-02-16,12.74666690826416,12.800000190734863,12.239999771118164,12.239999771118164,4125
2023-02-17,12.533332824707031,12.570667266845703,12.407999992370605,12.479999542236328,1500
2023-02-21,12.74666690826416,12.826666831970215,12.186667442321777,12.826666831970215,2550
2023-02-22,12.432000160217285,13.279999732971191,12.399999618530273,13.279999732971191,4200
2023-02-23,12.21066665649414,13.039999961853027,12.133333206176758,12.986666679382324,18300
2023-02-24,12.290666580200195,12.319999694824219,12.0,12.106666564941406,7013
2023-02-27,12.58666706085205,13.039999961853027,12.026666641235352,12.319999694824219,6450
2023-02-28,12.64799976348877,12.64799976348877,12.053333282470703,12.426667213439941,2850
2023-03-01,12.41333293914795,12.640000343322754,12.186667442321777,12.469332695007324,3638
2023-03-02,12.506667137145996,12.58666706085205,12.15999984741211,12.336000442504883,2175
2023-03-03,12.453332901000977,12.58666706085205,12.399999618530273,12.399999618530273,1013
2023-03-06,12.266667366027832,12.479999542236328,12.15999984741211,12.426667213439941,2288
2023-03-07,12.175999641418457,12.239999771118164,11.893333435058594,12.213333129882812,5438
2023-03-08,12.0,12.165332794189453,12.0,12.02400016784668,825
2023-03-09,11.199999809265137,12.197333335876465,11.199999809265137,12.133333206176758,14025
2023-03-10,11.680000305175781,12.0,11.4399995803833,12.0,4313
2023-03-13,11.754667282104492,12.0,11.520000457763672,11.520000457763672,2138
2023-03-14,11.573332786560059,12.15999984741211,11.573332786560059,12.15999984741211,563
2023-03-15,11.738666534423828,12.106666564941406,11.738666534423828,12.106666564941406,300
2023-03-16,11.674667358398438,11.733332633972168,11.359999656677246,11.597332954406738,2063
2023-03-17,11.226667404174805,11.973333358764648,11.226667404174805,11.520000457763672,2288
2023-03-20,10.826666831970215,11.653332710266113,10.711999893188477,11.653332710266113,4350
2023-03-21,11.114666938781738,11.520000457763672,10.853333473205566,10.853333473205566,4125
2023-03-22,10.970666885375977,11.520000457763672,10.800000190734863,10.800000190734863,3563
2023-03-23,11.061332702636719,11.4399995803833,10.960000038146973,11.4399995803833,375
2023-03-24,11.066666603088379,11.066666603088379,10.960000038146973,10.960000038146973,938
2023-03-27,11.066666603088379,11.359999656677246,11.013333320617676,11.066666603088379,3600
2023-03-28,11.274666786193848,11.386667251586914,11.066666603088379,11.199999809265137,975
2023-03-29,11.09866714477539,11.520000457763672,11.09866714477539,11.520000457763672,413
2023-03-30,11.573332786560059,11.754667282104492,11.09333324432373,11.09333324432373,488
2023-03-31,11.25333309173584,11.343999862670898,11.144000053405762,11.343999862670898,863
2023-04-03,10.960000038146973,11.4399995803833,10.960000038146973,11.146666526794434,1575
2023-04-04,11.071999549865723,11.573332786560059,11.066666603088379,11.573332786560059,525
2023-04-05,11.30666732788086,11.30666732788086,10.933333396911621,10.933333396911621,300
2023-04-06,11.119999885559082,11.279999732971191,10.933333396911621,10.960000038146973,488
2023-04-10,11.997332572937012,12.0,11.119999885559082,11.600000381469727,4500
2023-04-11,11.973333358764648,11.973333358764648,11.973333358764648,11.973333358764648,225
2023-04-12,11.706666946411133,11.760000228881836,11.658666610717773,11.658666610717773,675
2023-04-13,11.973333358764648,13.41333293914795,10.933333396911621,12.853333473205566,209325
2023-04-14,13.09333324432373,13.119999885559082,11.226667404174805,11.84000015258789,27788
2023-04-17,12.933333396911621,13.09333324432373,12.221332550048828,13.09333324432373,9113
2023-04-18,13.119999885559082,13.279999732971191,12.322667121887207,12.933333396911621,4538
2023-04-19,14.933333396911621,15.199999809265137,13.042667388916016,13.042667388916016,32438
2023-04-20,15.920000076293945,16.106666564941406,14.69333267211914,14.960000038146973,19875
2023-04-21,14.026666641235352,15.920000076293945,14.0,15.733332633972168,11888
2023-04-24,14.053333282470703,15.146666526794434,13.546667098999023,14.0,5475
2023-04-25,13.359999656677246,14.130666732788086,13.066666603088379,13.786666870117188,7275
2023-04-26,12.506667137145996,14.613332748413086,12.506667137145996,13.546667098999023,2138
2023-04-27,12.800000190734863,13.466667175292969,12.720000267028809,13.199999809265137,4425
2023-04-28,12.960000038146973,13.09333324432373,12.826666831970215,12.826666831970215,1088
2023-05-01,12.933333396911621,13.09333324432373,12.933333396911621,13.09333324432373,2700
2023-05-02,12.426667213439941,13.119999885559082,12.013333320617676,13.119999885559082,3525
2023-05-03,12.666666984558105,12.666666984558105,12.666666984558105,12.666666984558105,188
2023-05-04,13.15999984741211,13.866666793823242,12.800000190734863,13.866666793823242,11925
2023-05-05,13.613332748413086,14.186667442321777,12.520000457763672,13.199999809265137,6150
2023-05-08,16.31999969482422,16.426666259765625,14.15999984741211,14.15999984741211,17363
2023-05-09,17.520000457763672,17.869333267211914,15.813332557678223,16.266666412353516,14063
2023-05-10,17.49333381652832,18.133333206176758,17.093332290649414,17.866666793823242,8888
2023-05-11,17.65333366394043,17.866666793823242,17.077333450317383,17.49333381652832,6975
2023-05-12,17.866666793823242,18.53333282470703,17.200000762939453,17.200000762939453,7013
2023-05-15,17.866666793823242,19.1200008392334,17.866666793823242,19.1200008392334,37950
2023-05-16,16.666667938232422,18.18666648864746,16.39466667175293,18.133333206176758,14063
2023-05-17,14.853333473205566,16.799999237060547,14.853333473205566,16.453332901000977,10988
2023-05-18,15.383999824523926,15.383999824523926,13.600000381469727,14.0,2438
2023-05-19,14.666666984558105,15.25333309173584,14.666666984558105,14.90666675567627,1838
2023-05-22,14.773332595825195,14.933333396911621,14.133333206176758,14.640000343322754,3675
2023-05-23,14.162667274475098,14.666666984558105,14.162667274475098,14.373332977294922,1538
2023-05-24,13.370667457580566,14.274666786193848,12.479999542236328,14.079999923706055,7050
2023-05-25,13.706666946411133,13.706666946411133,13.066666603088379,13.333333015441895,3900
2023-05-26,12.973333358764648,13.813332557678223,12.69333267211914,12.834667205810547,1538
2023-05-30,12.880000114440918,13.653332710266113,12.58666706085205,12.960000038146973,1988
2023-05-31,11.626667022705078,13.333333015441895,11.600000381469727,13.333333015441895,7350
2023-06-01,11.600000381469727,11.893333435058594,11.41333293914795,11.41333293914795,4988
2023-06-02,12.266667366027832,12.266667366027832,11.733332633972168,11.866666793823242,3563
2023-06-05,11.754667282104492,12.314666748046875,11.754667282104492,12.266667366027832,3863
2023-06-06,12.666666984558105,12.826666831970215,12.0,12.826666831970215,17400
2023-06-07,12.800000190734863,13.25333309173584,12.453332901000977,12.829333305358887,3038
2023-06-08,14.453332901000977,15.199999809265137,13.199999809265137,13.359999656677246,98663
2023-06-09,16.106666564941406,18.426666259765625,14.666666984558105,16.69333267211914,917550
2023-06-12,14.386667251586914,15.30666732788086,13.866666793823242,14.399999618530273,50888
2023-06-13,13.973333358764648,14.373332977294922,13.386667251586914,14.239999771118164,23400
2023-06-14,13.333333015441895,13.973333358764648,13.013333320617676,13.973333358764648,16275
2023-06-15,13.920000076293945,14.266667366027832,13.053333282470703,13.066666603088379,6263
2023-06-16,12.960000038146973,13.866666793823242,12.880000114440918,13.866666793823242,4425
2023-06-20,13.493332862854004,14.0,12.826666831970215,13.066666603088379,23963
2023-06-21,12.90666675567627,13.973333358764648,12.773332595825195,12.773332595825195,8063
2023-06-22,12.986666679382324,13.226667404174805,12.773332595825195,12.773332595825195,1538
2023-06-23,12.720000267028809,12.986666679382324,12.720000267028809,12.986666679382324,1688
2023-06-26,12.706666946411133,13.173333168029785,12.533332824707031,12.533332824707031,1613
2023-06-27,12.826666831970215,12.917332649230957,12.533332824707031,12.917332649230957,2663
2023-06-28,12.346667289733887,12.666666984558105,12.178667068481445,12.466667175292969,5738
2023-06-29,12.613332748413086,12.826666831970215,12.133333206176758,12.826666831970215,4800
2023-06-30,12.800000190734863,13.199999809265137,12.800000190734863,13.199999809265137,788
2023-07-03,12.602666854858398,13.146666526794434,12.602666854858398,12.853333473205566,1125
2023-07-05,12.170666694641113,13.333333015441895,12.053333282470703,12.58666706085205,34950
2023-07-06,12.133333206176758,13.279999732971191,12.066666603088379,12.133333206176758,12038
2023-07-07,12.5600004196167,13.039999961853027,12.133333206176758,12.520000457763672,35288
2023-07-10,12.346667289733887,12.613332748413086,12.213333129882812,12.613332748413086,5513
2023-07-11,12.640000343322754,12.800000190734863,12.133333206176758,12.133333206176758,13425
2023-07-12,12.186667442321777,12.826666831970215,12.133333206176758,12.826666831970215,7763
2023-07-13,12.373332977294922,12.800000190734863,12.026666641235352,12.213333129882812,15525
2023-07-14,12.15999984741211,12.640000343322754,12.133333206176758,12.640000343322754,2175
2023-07-17,12.426667213439941,12.682666778564453,12.215999603271484,12.346667289733887,3975
2023-07-18,12.293333053588867,12.493332862854004,12.239999771118164,12.493332862854004,1313
2023-07-19,12.106666564941406,13.013333320617676,12.026666641235352,12.293333053588867,8175
2023-07-20,11.711999893188477,12.106666564941406,11.600000381469727,12.053333282470703,5213
2023-07-21,12.0,12.399999618530273,11.84000015258789,12.239999771118164,900
2023-07-24,11.626667022705078,12.373332977294922,11.626667022705078,12.053333282470703,1763
2023-07-25,11.520000457763672,11.90666675567627,11.520000457763672,11.90666675567627,3488
2023-07-26,11.733332633972168,11.920000076293945,11.578666687011719,11.84000015258789,1575
2023-07-27,12.144000053405762,12.266667366027832,11.973333358764648,12.026666641235352,3263
2023-07-28,11.880000114440918,12.293333053588867,11.813332557678223,12.293333053588867,1238
2023-07-31,11.786666870117188,12.399999618530273,11.706666946411133,12.399999618530273,1613
2023-08-01,11.626667022705078,11.893333435058594,11.25333309173584,11.733332633972168,1838
2023-08-02,11.973333358764648,11.973333358764648,11.4399995803833,11.48799991607666,1613
2023-08-03,11.653332710266113,11.87733268737793,11.600000381469727,11.600000381469727,788
2023-08-04,11.621333122253418,11.962667465209961,11.621333122253418,11.962667465209961,338
2023-08-07,11.733332633972168,12.026666641235352,11.626667022705078,11.626667022705078,3338
2023-08-08,11.946666717529297,11.946666717529297,11.466667175292969,11.573332786560059,4425
2023-08-09,11.680000305175781,11.680000305175781,11.199999809265137,11.386667251586914,7163
2023-08-10,11.546667098999023,11.84000015258789,11.333333015441895,11.333333015441895,863
2023-08-11,11.226667404174805,11.600000381469727,10.933333396911621,11.546667098999023,8963
2023-08-14,11.146666526794434,11.39466667175293,11.146666526794434,11.146666526794434,2175
2023-08-15,11.039999961853027,11.546667098999023,10.800000190734863,11.546667098999023,6338
2023-08-16,10.986666679382324,11.066666603088379,10.933333396911621,10.933333396911621,2550
2023-08-17,11.013333320617676,11.066666603088379,10.826666831970215,10.826666831970215,2400
2023-08-18,10.933333396911621,10.933333396911621,10.842666625976562,10.933333396911621,2100
2023-08-21,10.800000190734863,10.933333396911621,10.800000190734863,10.933333396911621,3300
2023-08-22,10.800000190734863,11.039999961853027,10.800000190734863,10.800000190734863,1050
2023-08-23,10.640000343322754,10.786666870117188,10.293333053588867,10.786666870117188,3263
2023-08-24,10.399999618530273,10.613332748413086,10.149333000183105,10.613332748413086,5175
2023-08-25,10.666666984558105,10.90666675567627,10.15999984741211,10.399999618530273,3113
2023-08-28,10.346667289733887,10.58666706085205,10.346667289733887,10.453332901000977,938
2023-08-29,10.255999565124512,10.399999618530273,10.133333206176758,10.399999618530273,2063
2023-08-30,10.466667175292969,10.60533332824707,9.866666793823242,10.053333282470703,1763
2023-08-31,10.407999992370605,10.600000381469727,10.106666564941406,10.453332901000977,1125
2023-09-01,10.15999984741211,10.293333053588867,10.15999984741211,10.239999771118164,413
2023-09-05,10.479999542236328,10.58666706085205,10.319999694824219,10.319999694824219,1238
2023-09-06,10.293333053588867,10.295999526977539,10.266667366027832,10.266667366027832,600
2023-09-07,10.15999984741211,10.186667442321777,9.986666679382324,10.106666564941406,825
2023-09-08,10.776000022888184,10.880000114440918,10.0,10.186667442321777,4800
2023-09-11,10.399999618530273,10.674667358398438,10.399999618530273,10.674667358398438,1800
2023-09-12,10.266667366027832,10.666666984558105,10.106666564941406,10.106666564941406,1913
2023-09-13,10.346667289733887,10.346667289733887,10.213333129882812,10.213333129882812,488
2023-09-14,10.293333053588867,10.479999542236328,10.293333053588867,10.479999542236328,600
2023-09-15,10.36533260345459,10.426667213439941,10.232000350952148,10.426667213439941,900
2023-09-18,10.466667175292969,10.466667175292969,10.079999923706055,10.213333129882812,825
2023-09-19,10.12266731262207,10.426667213439941,9.920000076293945,10.15999984741211,1500
2023-09-20,10.039999961853027,10.232000350952148,10.039999961853027,10.232000350952148,1350
2023-09-21,10.640000343322754,10.640000343322754,9.760000228881836,9.866666793823242,600
2023-09-22,9.786666870117188,10.239999771118164,9.786666870117188,10.239999771118164,1388
2023-09-25,10.266667366027832,10.506667137145996,10.133333206176758,10.133333206176758,563
2023-09-26,10.15999984741211,10.533332824707031,10.15999984741211,10.533332824707031,263
2023-09-27,10.186667442321777,10.506667137145996,10.133333206176758,10.266667366027832,1275
2023-09-28,10.74666690826416,10.773332595825195,10.133333206176758,10.15999984741211,4238
2023-09-29,10.5600004196167,10.861332893371582,10.053333282470703,10.861332893371582,4350
2023-10-02,10.533332824707031,10.781332969665527,10.026666641235352,10.781332969665527,975
2023-10-03,10.088000297546387,10.469332695007324,9.600000381469727,9.600000381469727,788
2023-10-04,9.920000076293945,10.239999771118164,9.333333015441895,9.866666793823242,1425
2023-10-05,9.146666526794434,9.600000381469727,9.119999885559082,9.546667098999023,638
2023-10-06,9.359999656677246,9.359999656677246,8.751999855041504,9.165332794189453,2213
2023-10-09,11.653332710266113,12.533332824707031,8.800000190734863,9.666666984558105,75188
2023-10-10,10.453332901000977,12.368000030517578,10.399999618530273,12.346667289733887,24638
2023-10-11,10.186667442321777,10.90666675567627,9.546667098999023,10.90666675567627,6000
2023-10-12,9.600000381469727,9.920000076293945,9.546667098999023,9.653332710266113,1500
2023-10-13,10.026666641235352,10.30666732788086,9.333333015441895,9.866666793823242,4200
2023-10-16,9.226667404174805,9.866666793823242,9.226667404174805,9.493332862854004,9638
2023-10-17,9.09333324432373,9.573332786560059,8.933333396911621,9.573332786560059,3225
2023-10-18,9.013333320617676,9.279999732971191,8.720000267028809,9.25333309173584,5363
2023-10-19,8.850666999816895,8.933333396911621,8.426667213439941,8.800000190734863,4200
2023-10-20,8.58666706085205,8.58666706085205,8.506667137145996,8.58666706085205,1125
2023-10-23,8.373332977294922,8.567999839782715,8.0,8.453332901000977,2775
2023-10-24,8.453332901000977,8.453332901000977,7.946667194366455,8.27733325958252,3113
2023-10-25,8.199999809265137,8.266667366027832,8.199999809265137,8.266667366027832,300
2023-10-26,7.960000038146973,8.373332977294922,7.813333034515381,8.186667442321777,5738
2023-10-27,8.133333206176758,8.133333206176758,7.7866668701171875,7.8506669998168945,1013
2023-10-30,8.426667213439941,8.426667213439941,7.760000228881836,7.760000228881836,600
2023-10-31,8.266667366027832,9.706666946411133,8.266667366027832,8.720000267028809,1463
2023-11-01,7.733333110809326,8.039999961853027,7.733333110809326,7.962666988372803,1613
2023-11-02,8.15999984741211,8.15999984741211,7.733333110809326,7.733333110809326,2513
2023-11-03,8.453332901000977,8.453332901000977,7.874667167663574,8.133333206176758,1838
2023-11-06,8.640000343322754,8.640000343322754,8.533332824707031,8.533332824707031,1650
2023-11-07,8.453332901000977,8.640000343322754,8.453332901000977,8.453332901000977,713
2023-11-08,8.346667289733887,8.447999954223633,8.0,8.266667366027832,450
2023-11-09,7.813333034515381,8.333333015441895,7.813333034515381,8.333333015441895,938
2023-11-10,8.319999694824219,8.319999694824219,8.319999694824219,8.319999694824219,225
2023-11-13,7.546667098999023,8.533332824707031,7.466667175292969,7.840000152587891,3975
2023-11-14,7.97333288192749,7.97333288192749,7.599999904632568,7.778666973114014,2400
2023-11-15,7.97333288192749,7.97333288192749,7.733333110809326,7.97333288192749,675
2023-11-16,7.573332786560059,7.733333110809326,7.573332786560059,7.733333110809326,263
2023-11-17,7.866666793823242,7.866666793823242,7.360000133514404,7.597332954406738,1350
2023-11-20,7.733333110809326,7.733333110809326,7.482666969299316,7.493332862854004,2400
2023-11-21,7.493332862854004,7.76533317565918,7.466667175292969,7.493332862854004,1463
2023-11-22,7.519999980926514,9.41333293914795,7.440000057220459,7.733333110809326,20588
2023-11-24,7.599999904632568,7.8933329582214355,7.466667175292969,7.466667175292969,1200
2023-11-27,8.474666595458984,8.474666595458984,7.519999980926514,7.573332786560059,1950
2023-11-28,7.669332981109619,8.506667137145996,7.626667022705078,8.506667137145996,1763
2023-11-29,7.946667194366455,7.946667194366455,7.679999828338623,7.7866668701171875,4688
2023-11-30,7.888000011444092,8.0,7.866666793823242,8.0,713
2023-12-01,8.426667213439941,8.426667213439941,7.733333110809326,7.733333110809326,2400
2023-12-04,8.239999771118164,8.399999618530273,7.760000228881836,7.760000228881836,1500
2023-12-05,8.106666564941406,8.133333206176758,8.106666564941406,8.133333206176758,188
2023-12-06,8.266667366027832,8.266667366027832,7.946667194366455,8.0,2700
2023-12-07,8.319999694824219,8.319999694824219,8.0,8.0,2325
2023-12-08,8.479999542236328,9.333333015441895,8.0,8.0,5025
2023-12-11,8.666666984558105,8.666666984558105,8.373332977294922,8.373332977294922,2625
2023-12-12,9.039999961853027,9.333333015441895,8.640000343322754,8.666666984558105,5138
2023-12-13,9.333333015441895,9.501333236694336,9.09333324432373,9.279999732971191,3113
2023-12-14,9.893333435058594,10.0,9.119999885559082,9.119999885559082,21338
2023-12-15,9.893333435058594,10.399999618530273,9.466667175292969,9.866666793823242,6863
2023-12-18,9.714667320251465,10.133333206176758,9.333333015441895,9.359999656677246,5625
2023-12-19,9.354666709899902,9.866666793823242,9.199999809265137,9.866666793823242,2288
2023-12-20,9.359999656677246,9.893333435058594,9.279999732971191,9.279999732971191,3825
2023-12-21,9.786666870117188,10.133333206176758,9.546667098999023,9.626667022705078,3188
2023-12-22,10.199999809265137,10.266667366027832,9.786666870117188,9.786666870117188,1913
2023-12-26,9.786666870117188,10.426667213439941,9.786666870117188,10.399999618530273,10238
2023-12-27,9.631999969482422,10.213333129882812,9.322667121887207,10.0,18450
2023-12-28,9.066666603088379,9.600000381469727,8.965332984924316,9.600000381469727,5475
2023-12-29,8.69333267211914,9.333333015441895,8.373332977294922,9.333333015441895,9188
2024-01-02,8.74666690826416,8.880000114440918,8.74666690826416,8.880000114440918,450
2024-01-03,8.626667022705078,8.853333473205566,8.626667022705078,8.826666831970215,1013
2024-01-04,9.279999732971191,9.4399995803833,8.786666870117188,8.786666870117188,1200
2024-01-05,8.93066692352295,9.760000228881836,8.800000190734863,9.760000228881836,2738
2024-01-08,9.30666732788086,9.38933277130127,8.933333396911621,8.933333396911621,900
2024-01-09,8.84000015258789,9.199999809265137,8.84000015258789,9.199999809265137,1838
2024-01-10,9.013333320617676,9.09333324432373,8.90666675567627,8.90666675567627,863
2024-01-11,8.5600004196167,8.853333473205566,8.506667137145996,8.853333473205566,675
2024-01-12,8.5600004196167,8.613332748413086,8.5600004196167,8.613332748413086,863
2024-01-16,9.039999961853027,9.11733341217041,8.666666984558105,8.666666984558105,2100
2024-01-17,8.533332824707031,9.279999732971191,8.533332824707031,9.279999732971191,413
2024-01-18,8.479999542236328,8.986666679382324,8.453332901000977,8.986666679382324,1013
2024-01-19,9.066666603088379,9.066666603088379,8.25333309173584,8.453332901000977,3263
2024-01-22,8.266667366027832,9.013333320617676,8.266667366027832,8.613332748413086,750
2024-01-23,8.399999618530273,8.479999542236328,8.213333129882812,8.213333129882812,2025
2024-01-24,8.213333129882812,8.213333129882812,8.213333129882812,8.213333129882812,188
2024-01-25,8.221332550048828,8.477333068847656,8.221332550048828,8.293333053588867,525
2024-01-26,8.397333145141602,8.74666690826416,8.397333145141602,8.74666690826416,750
2024-01-29,8.666666984558105,8.69333267211914,8.293333053588867,8.293333053588867,450
2024-01-30,8.666666984558105,8.666666984558105,8.666666984558105,8.666666984558105,375
2024-01-31,8.319999694824219,8.762666702270508,8.319999694824219,8.5600004196167,1500
2024-02-01,8.293333053588867,8.74666690826416,8.293333053588867,8.293333053588867,1163
2024-02-02,8.346667289733887,8.450667381286621,8.199999809265137,8.450667381286621,2663
2024-02-05,8.479999542236328,8.631999969482422,7.679999828338623,8.186667442321777,12375
2024-02-06,8.026666641235352,8.477333068847656,7.97333288192749,7.97333288192749,1200
2024-02-07,7.920000076293945,8.266667366027832,7.920000076293945,7.946667194366455,563
2024-02-08,7.840000152587891,7.888000011444092,7.733333110809326,7.888000011444092,863
2024-02-09,8.053333282470703,8.053333282470703,7.493332862854004,7.866666793823242,3188
2024-02-12,8.293333053588867,8.293333053588867,7.813333034515381,7.813333034515381,2063
2024-02-13,8.106666564941406,8.106666564941406,7.866666793823242,7.949333190917969,4163
2024-02-14,8.133333206176758,8.133333206176758,7.760000228881836,7.760000228881836,1163
2024-02-15,8.026666641235352,8.266667366027832,7.866666793823242,7.866666793823242,1313
2024-02-16,7.920000076293945,8.319999694824219,7.733333110809326,8.319999694824219,825
2024-02-20,7.97333288192749,8.079999923706055,7.733333110809326,7.866666793823242,2850
2024-02-21,7.920000076293945,8.008000373840332,7.813333034515381,8.008000373840332,2588
2024-02-22,7.866666793823242,7.866666793823242,7.546667098999023,7.813333034515381,6263
2024-02-23,7.679999828338623,7.866666793823242,7.546667098999023,7.866666793823242,1125
2024-02-26,7.245333194732666,7.800000190734863,7.2266669273376465,7.599999904632568,2700
2024-02-27,7.28000020980835,7.733333110809326,7.066667079925537,7.733333110809326,4688
2024-02-28,7.093332767486572,7.199999809265137,7.066667079925537,7.199999809265137,2813
2024-02-29,7.093332767486572,7.093332767486572,6.960000038146973,6.986667156219482,1688
2024-03-01,7.146667003631592,7.199999809265137,7.074666976928711,7.199999809265137,4875
2024-03-04,7.3466668128967285,7.426667213439941,7.119999885559082,7.119999885559082,2063
2024-03-05,7.146667003631592,7.199999809265137,7.119999885559082,7.199999809265137,2475
2024-03-06,7.679999828338623,7.706666946411133,6.960000038146973,6.960000038146973,12075
2024-03-07,7.546667098999023,7.546667098999023,7.466667175292969,7.493332862854004,975
2024-03-08,7.733333110809326,7.733333110809326,7.466667175292969,7.519999980926514,1275
2024-03-11,7.28000020980835,8.0,7.2266669273376465,8.0,1275
2024-03-12,7.119999885559082,7.360000133514404,7.093332767486572,7.28000020980835,1500
2024-03-13,7.199999809265137,7.199999809265137,7.117332935333252,7.173333168029785,375
2024-03-14,7.221333026885986,7.221333026885986,6.933332920074463,6.933332920074463,675
2024-03-15,7.199999809265137,7.2266669273376465,6.960000038146973,7.2266669273376465,375
2024-03-18,7.250667095184326,7.250667095184326,6.906667232513428,6.906667232513428,2363
2024-03-19,7.25333309173584,7.28266716003418,6.693333148956299,6.74666690826416,4875
2024-03-20,7.320000171661377,7.6533331871032715,6.71999979019165,7.6533331871032715,600
2024-03-21,7.3333330154418945,7.466667175292969,6.853332996368408,7.466667175292969,1163
2024-03-22,7.306666851043701,7.3333330154418945,7.25333309173584,7.3333330154418945,338
2024-03-25,7.25333309173584,7.306666851043701,6.866666793823242,7.28000020980835,1313
2024-03-26,7.138667106628418,7.138667106628418,6.693333148956299,6.933332920074463,788
2024-03-27,7.573332786560059,7.599999904632568,6.71999979019165,7.066667079925537,60188
2024-03-28,7.306666851043701,7.546667098999023,7.306666851043701,7.466667175292969,4763
2024-04-01,7.3333330154418945,7.466667175292969,7.306666851043701,7.3333330154418945,1388
2024-04-02,7.3333330154418945,7.360000133514404,6.853332996368408,7.306666851043701,3563
2024-04-03,7.2266669273376465,7.25333309173584,6.962666988372803,7.093332767486572,2438
2024-04-04,6.986667156219482,7.199999809265137,6.986667156219482,7.079999923706055,6300
2024-04-05,6.826666831970215,7.013332843780518,6.639999866485596,6.826666831970215,5250
2024-04-08,6.880000114440918,6.933332920074463,6.6666669845581055,6.6666669845581055,2663
2024-04-09,7.25333309173584,7.306666851043701,6.783999919891357,6.880000114440918,3563
2024-04-10,6.933332920074463,7.2586669921875,6.800000190734863,6.986667156219482,6975
2024-04-11,6.400000095367432,6.6666669845581055,6.400000095367432,6.6666669845581055,3338
2024-04-12,6.6666669845581055,7.093332767486572,6.266666889190674,6.400000095367432,8138
2024-04-15,5.946667194366455,6.400000095367432,5.626667022705078,6.400000095367432,23025
2024-04-16,5.813333034515381,5.946667194366455,5.733333110809326,5.760000228881836,3938
2024-04-17,6.293333053588867,6.880000114440918,5.7866668701171875,5.8933329582214355,9525
2024-04-18,6.533332824707031,7.866666793823242,6.079999923706055,6.480000019073486,6975
2024-04-19,6.986667156219482,7.872000217437744,6.6666669845581055,7.872000217437744,7350
2024-04-22,6.693333148956299,7.117332935333252,6.693333148956299,7.117332935333252,4163
2024-04-23,6.02666711807251,6.800000190734863,5.946667194366455,6.800000190734863,6075
2024-04-24,5.546667098999023,6.639999866485596,5.386666774749756,5.813333034515381,7988
2024-04-25,4.400000095367432,5.386666774749756,4.1066670417785645,5.386666774749756,27300
2024-04-26,4.373332977294922,4.613333225250244,4.320000171661377,4.400000095367432,4500
2024-04-29,4.453332901000977,4.6666669845581055,4.426667213439941,4.639999866485596,6113
2024-04-30,4.266666889190674,4.400000095367432,4.1066670417785645,4.381332874298096,5513
2024-05-01,4.373332977294922,4.373332977294922,4.25333309173584,4.330667018890381,975
2024-05-02,4.559999942779541,4.800000190734863,4.02666711807251,4.293333053588867,4838
2024-05-03,4.053332805633545,4.3466668128967285,4.0,4.077332973480225,12300
2024-05-06,4.320000171661377,4.522666931152344,4.053332805633545,4.053332805633545,2025
2024-05-07,5.093332767486572,5.093332767486572,4.25333309173584,4.266666889190674,19650
2024-05-08,4.722667217254639,5.039999961853027,4.426667213439941,4.826666831970215,4200
2024-05-09,4.853332996368408,5.034667015075684,4.533332824707031,4.533332824707031,2588
2024-05-10,4.7733330726623535,4.986667156219482,4.74666690826416,4.885333061218262,1950
2024-05-13,5.146667003631592,5.3333330154418945,4.71999979019165,4.7733330726623535,8475
2024-05-14,5.039999961853027,5.039999961853027,4.906667232513428,4.933332920074463,563
2024-05-15,5.386666774749756,6.248000144958496,4.933332920074463,4.960000038146973,14663
2024-05-16,5.119999885559082,5.413332939147949,4.960000038146973,5.413332939147949,2100
2024-05-17,5.093332767486572,5.7866668701171875,4.880000114440918,4.880000114440918,3563
2024-05-20,5.093332767486572,5.306666851043701,4.880000114440918,4.880000114440918,4088
2024-05-21,6.1066670417785645,8.826666831970215,4.906667232513428,5.866666793823242,1222613
2024-05-22,6.506667137145996,6.586667060852051,5.493332862854004,5.546667098999023,63188
2024-05-23,5.685332775115967,6.3466668128967285,5.679999828338623,6.0,26663
2024-05-24,5.760000228881836,6.261332988739014,5.679999828338623,5.693333148956299,9600
2024-05-28,5.7866668701171875,5.946667194366455,5.679999828338623,5.679999828338623,13275
2024-05-29,5.3333330154418945,5.74666690826416,5.039999961853027,5.706666946411133,12450
2024-05-30,5.28000020980835,5.466667175292969,5.066667079925537,5.3333330154418945,5550
2024-05-31,5.173333168029785,5.28000020980835,5.066667079925537,5.186666965484619,4463
2024-06-03,5.066667079925537,5.117332935333252,4.853332996368408,5.117332935333252,2775
2024-06-04,5.039999961853027,5.2266669273376465,5.039999961853027,5.0960001945495605,2138
2024-06-05,4.74666690826416,4.885333061218262,4.429333209991455,4.880000114440918,7463
2024-06-06,4.986667156219482,5.733333110809326,4.693333148956299,5.599999904632568,83400
2024-06-07,4.466667175292969,5.306666851043701,4.3466668128967285,5.306666851043701,5288
2024-06-10,4.880000114440918,4.986667156219482,4.400000095367432,4.400000095367432,8925
2024-06-11,5.066667079925537,5.199999809265137,4.506667137145996,4.506667137145996,5775
2024-06-12,5.013332843780518,5.2266669273376465,4.800000190734863,4.920000076293945,11700
2024-06-13,4.880000114440918,5.296000003814697,4.808000087738037,4.853332996368408,1088
2024-06-14,4.866666793823242,4.880000114440918,4.506667137145996,4.639999866485596,1200
2024-06-17,4.826666831970215,5.066667079925537,4.400000095367432,4.800000190734863,4163
2024-06-18,4.613333225250244,4.933332920074463,4.533332824707031,4.586667060852051,8025
2024-06-20,4.480000019073486,4.693333148956299,4.266666889190674,4.559999942779541,14475
2024-06-21,4.506667137145996,4.693333148956299,4.426667213439941,4.426667213439941,3038
2024-06-24,4.586667060852051,5.3333330154418945,4.506667137145996,5.28000020980835,3938
2024-06-25,4.613333225250244,4.6666669845581055,4.480000019073486,4.613333225250244,2700
2024-06-26,4.533332824707031,4.567999839782715,4.453332901000977,4.453332901000977,2475
2024-06-27,4.559999942779541,4.986667156219482,4.559999942779541,4.826666831970215,23925
2024-06-28,4.800000190734863,5.2266669273376465,4.453332901000977,4.533332824707031,3000
2024-07-01,4.586667060852051,4.74666690826416,4.519999980926514,4.586667060852051,2475
2024-07-02,4.586667060852051,4.7733330726623535,4.533332824707031,4.533332824707031,3300
2024-07-03,4.639999866485596,4.71999979019165,4.533332824707031,4.6666669845581055,938
2024-07-05,4.800000190734863,4.800000190734863,4.506667137145996,4.559999942779541,1763
2024-07-08,4.693333148956299,4.7733330726623535,4.586667060852051,4.586667060852051,563
2024-07-09,4.74666690826416,4.800000190734863,4.733333110809326,4.800000190734863,750
2024-07-10,4.800000190734863,4.906667232513428,4.639999866485596,4.7733330726623535,1800
2024-07-11,5.039999961853027,5.066667079925537,4.853332996368408,4.906667232513428,1463
2024-07-12,4.960000038146973,5.066667079925537,4.933332920074463,5.053332805633545,2625
2024-07-15,4.986667156219482,5.199999809265137,4.800000190734863,4.853332996368408,3188
2024-07-16,4.74666690826416,4.986667156219482,4.6666669845581055,4.986667156219482,3713
2024-07-17,4.7733330726623535,4.7733330726623535,4.6666669845581055,4.6666669845581055,863
2024-07-18,4.826666831970215,4.826666831970215,4.6666669845581055,4.6666669845581055,338
2024-07-19,4.679999828338623,4.986667156219482,4.639999866485596,4.639999866485596,1463
2024-07-22,4.71999979019165,5.466667175292969,4.6666669845581055,4.6666669845581055,50963
2024-07-23,4.506667137145996,4.880000114440918,4.293333053588867,4.71999979019165,25275
2024-07-24,4.266666889190674,4.714666843414307,4.266666889190674,4.714666843414307,6713
2024-07-25,4.639999866485596,4.639999866485596,4.506667137145996,4.506667137145996,1763
2024-07-26,4.533332824707031,4.880000114440918,4.533332824707031,4.629333019256592,4575
2024-07-29,4.586667060852051,4.933332920074463,4.480000019073486,4.933332920074463,5775
2024-07-30,4.480000019073486,4.736000061035156,4.373332977294922,4.533332824707031,4388
2024-07-31,4.853332996368408,4.853332996368408,4.293333053588867,4.293333053588867,8850
2024-08-01,5.920000076293945,6.6666669845581055,4.693333148956299,4.693333148956299,350925
2024-08-02,4.266666889190674,5.3333330154418945,4.186666965484619,5.306666851043701,64763
2024-08-05,3.4700000286102295,4.0,3.0899999141693115,3.8399999141693115,47000
2024-08-06,3.309999942779541,3.930000066757202,3.309999942779541,3.390000104904175,6000
2024-08-07,3.049999952316284,3.309999942779541,3.0460000038146973,3.309999942779541,15700
2024-08-08,2.9100000858306885,3.049999952316284,2.700000047683716,3.049999952316284,7500
2024-08-09,3.509999990463257,3.509999990463257,2.7699999809265137,2.8399999141693115,10500
2024-08-12,3.890000104904175,4.039999961853027,3.450000047683716,3.990000009536743,22300
2024-08-13,4.349999904632568,4.440000057220459,3.799999952316284,3.9000000953674316,12600
2024-08-14,4.090000152587891,4.440000057220459,4.0,4.170000076293945,10000
2024-08-15,4.420000076293945,4.429999828338623,4.25,4.389999866485596,11500
2024-08-16,3.9000000953674316,4.300000190734863,3.9000000953674316,4.289999961853027,2900
2024-08-19,3.490000009536743,3.9000000953674316,3.3949999809265137,3.809999942779541,9300
2024-08-20,3.819999933242798,4.000999927520752,3.5399999618530273,3.630000114440918,9000
2024-08-21,3.759999990463257,3.9200000762939453,3.611999988555908,3.6500000953674316,9400
2024-08-22,4.099999904632568,4.099999904632568,3.640000104904175,3.7100000381469727,13400
2024-08-23,3.609999895095825,4.119999885559082,3.609999895095825,3.930000066757202,8400
2024-08-26,3.6700000762939453,3.9600000381469727,3.5299999713897705,3.9600000381469727,3000
2024-08-27,3.6700000762939453,3.6700000762939453,3.6700000762939453,3.6700000762939453,800
2024-08-28,3.259999990463257,3.5,3.240000009536743,3.4700000286102295,3100
2024-08-29,3.6040000915527344,3.6040000915527344,3.259999990463257,3.259999990463257,600
2024-08-30,3.450000047683716,3.4700000286102295,3.319999933242798,3.319999933242798,2600
2024-09-03,3.359999895095825,3.5999999046325684,3.2699999809265137,3.2699999809265137,9500
2024-09-04,3.7679998874664307,3.7679998874664307,3.4100000858306885,3.555000066757202,11700
2024-09-05,3.7200000286102295,3.937000036239624,3.549999952316284,3.690000057220459,7800
2024-09-06,3.7200000286102295,4.0,3.5899999141693115,3.5899999141693115,8800
2024-09-09,3.9700000286102295,4.0,3.5,3.9000000953674316,6400
2024-09-10,3.8499999046325684,3.9600000381469727,3.7300000190734863,3.7300000190734863,2400
2024-09-11,3.799999952316284,3.8970000743865967,3.5,3.700000047683716,9800
2024-09-12,4.0,4.0,4.0,4.0,1400
2024-09-13,3.7850000858306885,3.9600000381469727,3.549999952316284,3.6500000953674316,10800
2024-09-16,4.400000095367432,4.400000095367432,3.619999885559082,3.9600000381469727,9300
2024-09-17,4.21999979019165,4.960000038146973,4.130000114440918,4.429999828338623,48400
2024-09-18,3.859999895095825,4.929999828338623,3.740000009536743,4.729000091552734,32400
2024-09-19,4.0,4.0,3.5329999923706055,3.8299999237060547,5300
2024-09-20,3.6500000953674316,3.7899999618530273,3.6500000953674316,3.7899999618530273,10500
2024-09-23,3.6700000762939453,3.690000057220459,3.5399999618530273,3.619999885559082,9600
2024-09-24,3.6600000858306885,3.6700000762939453,3.509999990463257,3.509999990463257,12600
2024-09-25,3.5,3.6500000953674316,3.5,3.5799999237060547,7900
2024-09-26,3.4000000953674316,3.5999999046325684,3.25,3.5999999046325684,8000
2024-09-27,3.5799999237060547,3.619999885559082,3.430000066757202,3.609999895095825,7100
2024-09-30,3.2899999618530273,3.369999885559082,3.059999942779541,3.369999885559082,9400
2024-10-01,3.0399999618530273,3.4519999027252197,2.9000000953674316,3.1700000762939453,16900
2024-10-02,3.049999952316284,3.240000009536743,2.950000047683716,3.240000009536743,14100
2024-10-03,3.069999933242798,3.1440000534057617,2.990000009536743,3.049999952316284,8700
2024-10-04,3.3299999237060547,3.4700000286102295,3.0899999141693115,3.0899999141693115,11200
2024-10-07,3.2799999713897705,3.3980000019073486,3.0899999141693115,3.299999952316284,8800
2024-10-08,3.2119998931884766,3.299999952316284,2.930000066757202,3.119999885559082,4500
2024-10-09,3.0999999046325684,3.299999952316284,3.0199999809265137,3.0999999046325684,9000
2024-10-10,3.069999933242798,3.0999999046325684,3.069999933242798,3.0999999046325684,2800
2024-10-11,3.069999933242798,3.069999933242798,3.0250000953674316,3.0250000953674316,1000
2024-10-14,3.0,3.299999952316284,3.0,3.1500000953674316,24900
2024-10-15,3.0280001163482666,3.2799999713897705,3.009999990463257,3.0399999618530273,5700
2024-10-16,3.0850000381469727,3.140000104904175,3.0199999809265137,3.0899999141693115,1200
2024-10-17,3.1600000858306885,3.252000093460083,3.0799999237060547,3.252000093460083,1600
2024-10-18,3.4140000343322754,3.440000057220459,3.1480000019073486,3.2799999713897705,13800
2024-10-21,3.25,3.4800000190734863,3.200000047683716,3.4200000762939453,9300
2024-10-22,3.5299999713897705,3.690000057220459,3.3499999046325684,3.3499999046325684,7500
2024-10-23,3.309999942779541,3.309999942779541,3.140000104904175,3.1500000953674316,1600
2024-10-24,3.5,3.5199999809265137,3.1519999504089355,3.180000066757202,22900
2024-10-25,3.5,3.5,3.5,3.5,0
2024-10-28,3.5,3.5,3.2300000190734863,3.2300000190734863,5400
2024-10-29,3.200000047683716,3.490000009536743,3.200000047683716,3.4790000915527344,2400
2024-10-30,3.430000066757202,3.430000066757202,3.2200000286102295,3.430000066757202,5300
2024-10-31,3.369999885559082,3.430000066757202,3.309999942779541,3.430000066757202,3600
2024-11-01,3.2100000381469727,3.3459999561309814,3.1600000858306885,3.3459999561309814,7000
2024-11-04,3.190000057220459,3.369999885559082,3.119999885559082,3.2200000286102295,4900
2024-11-05,3.4700000286102295,3.4700000286102295,3.200000047683716,3.2200000286102295,18700
2024-11-06,3.7699999809265137,3.9779999256134033,3.2100000381469727,3.759999990463257,131200
2024-11-07,3.609999895095825,3.890000104904175,3.509999990463257,3.890000104904175,108100
2024-11-08,3.3499999046325684,3.4800000190734863,3.25,3.4200000762939453,11700
2024-11-11,3.2300000190734863,3.5999999046325684,3.005000114440918,3.4000000953674316,36200
2024-11-12,2.9200000762939453,3.109999895095825,2.7100000381469727,3.109999895095825,25900
2024-11-13,2.8399999141693115,2.989000082015991,2.75,2.9100000858306885,14100
2024-11-14,2.819999933242798,3.130000114440918,2.7100000381469727,2.759999990463257,11300
2024-11-15,2.9200000762939453,3.117000102996826,2.819999933242798,2.878999948501587,10900
2024-11-18,2.950000047683716,3.0799999237060547,2.799999952316284,3.0799999237060547,4000
2024-11-19,2.9570000171661377,3.056999921798706,2.802000045776367,2.950000047683716,6200
2024-11-20,3.1449999809265137,3.2309999465942383,2.75,2.880000114440918,17600
2024-11-21,3.140000104904175,3.200000047683716,3.062000036239624,3.174999952316284,4900
2024-11-22,3.190000057220459,3.2750000953674316,3.0,3.140000104904175,1900
2024-11-25,3.5409998893737793,3.6700000762939453,3.0999999046325684,3.0999999046325684,33500
2024-11-26,3.619999885559082,3.75,3.549999952316284,3.549999952316284,2500
2024-11-27,3.6500000953674316,3.9000000953674316,3.5899999141693115,3.630000114440918,27400
2024-11-29,3.9200000762939453,4.46999979019165,3.75,3.8399999141693115,103300
2024-12-02,3.5929999351501465,3.9700000286102295,3.5260000228881836,3.6500000953674316,26500
2024-12-03,3.640000104904175,3.75,3.4000000953674316,3.5999999046325684,14300
2024-12-04,3.640000104904175,3.75,3.4000000953674316,3.700000047683716,13500
2024-12-05,3.690000057220459,3.7899999618530273,3.4100000858306885,3.7899999618530273,5900
2024-12-06,3.6519999504089355,3.799999952316284,3.572000026702881,3.5999999046325684,8100
2024-12-09,3.6500000953674316,3.7100000381469727,3.509999990463257,3.509999990463257,12500
2024-12-10,3.75,3.799999952316284,3.5899999141693115,3.740000009536743,7100
2024-12-11,3.799999952316284,3.9000000953674316,3.621000051498413,3.621000051498413,8200
2024-12-12,3.6600000858306885,3.740000009536743,3.6600000858306885,3.700000047683716,4600
2024-12-13,3.5999999046325684,3.7009999752044678,3.549999952316284,3.569999933242798,2000
2024-12-16,3.3959999084472656,3.5899999141693115,3.2899999618530273,3.549999952316284,6900
2024-12-17,3.3499999046325684,3.5199999809265137,3.109999895095825,3.2890000343322754,45100
2024-12-18,3.1500000953674316,3.4000000953674316,3.138000011444092,3.380000114440918,13900
2024-12-19,3.0999999046325684,3.265000104904175,3.069999933242798,3.11299991607666,6900
2024-12-20,3.2300000190734863,3.4579999446868896,3.0999999046325684,3.2009999752044678,4100
2024-12-23,3.509999990463257,3.569999933242798,3.2799999713897705,3.2799999713897705,12100
2024-12-24,3.640000104904175,4.050000190734863,3.4749999046325684,3.4749999046325684,29200
2024-12-26,3.6649999618530273,3.7200000286102295,3.4200000762939453,3.6500000953674316,17000
2024-12-27,4.230000019073486,4.300000190734863,3.630000114440918,3.630000114440918,26300
2024-12-30,4.019999980926514,4.119999885559082,3.619999885559082,4.050000190734863,22800
2024-12-31,3.619999885559082,4.079999923706055,3.609999895095825,3.8499999046325684,11600
2025-01-02,3.690000057220459,3.9000000953674316,3.500999927520752,3.509999990463257,17900
2025-01-03,4.010000228881836,4.099999904632568,3.809999942779541,4.0329999923706055,24700
2025-01-06,4.699999809265137,4.860000133514404,4.090000152587891,4.090000152587891,49200
2025-01-07,4.849999904632568,5.127999782562256,4.599999904632568,4.699999809265137,14800
2025-01-08,4.260000228881836,4.800000190734863,4.179999828338623,4.630000114440918,14000
2025-01-10,4.079999923706055,4.550000190734863,4.050000190734863,4.550000190734863,5700
2025-01-13,4.090000152587891,4.24399995803833,3.9000000953674316,3.930000066757202,3500
2025-01-14,4.639999866485596,4.880000114440918,4.320000171661377,4.320000171661377,30200
2025-01-15,4.360000133514404,4.763999938964844,4.190000057220459,4.650000095367432,4900
2025-01-16,4.340000152587891,4.454999923706055,4.2210001945495605,4.260000228881836,6200
2025-01-17,4.730000019073486,4.75,4.300000190734863,4.300000190734863,7100
2025-01-21,4.5,4.690000057220459,4.105000019073486,4.519999980926514,25100
2025-01-22,4.436999797821045,4.670000076293945,4.099999904632568,4.389999866485596,14500
2025-01-23,4.699999809265137,5.099999904632568,4.320000171661377,4.320000171661377,33800
2025-01-24,4.610000133514404,5.0,4.610000133514404,4.829999923706055,3000
2025-01-27,4.449999809265137,4.650000095367432,4.380000114440918,4.5,2968
